0.000000000 2.782367973661e-07
0.010000000 2.782129269938e-07
0.020000000 2.781890566216e-07
0.030000000 2.781651862493e-07
0.040000000 2.781413158770e-07
0.050000000 2.781174455047e-07
0.060000000 2.780935751324e-07
0.070000000 2.780697047602e-07
0.080000000 2.780458343879e-07
0.090000000 2.780219640156e-07
0.100000000 2.779980936433e-07
0.110000000 2.779742232710e-07
0.120000000 2.779503528987e-07
0.130000000 2.779264825265e-07
0.140000000 2.779026121542e-07
0.150000000 2.778787417819e-07
0.160000000 2.778548714096e-07
0.170000000 2.778310010373e-07
0.180000000 2.778071306651e-07
0.190000000 2.777832602928e-07
0.200000000 2.777593899205e-07
0.210000000 2.777355195482e-07
0.220000000 2.777116491759e-07
0.230000000 2.776877788037e-07
0.240000000 2.776639084314e-07
0.250000000 2.776400380591e-07
0.260000000 2.776161676868e-07
0.270000000 2.775922973145e-07
0.280000000 2.775684269422e-07
0.290000000 2.775445565700e-07
0.300000000 2.775206861977e-07
0.310000000 2.774968158254e-07
0.320000000 2.774729454531e-07
0.330000000 2.774490750808e-07
0.340000000 2.774252047086e-07
0.350000000 2.774013343363e-07
0.360000000 2.773774639640e-07
0.370000000 2.773535935917e-07
0.380000000 1.277329723219e-06
0.390000000 1.277305852847e-06
0.400000000 1.277281982475e-06
0.410000000 1.277258112103e-06
0.420000000 1.277234241730e-06
0.430000000 1.277210371358e-06
0.440000000 1.277186500986e-06
0.450000000 1.277162630613e-06
0.460000000 1.277138760241e-06
0.470000000 1.277114889869e-06
0.480000000 1.277091019497e-06
0.490000000 1.277067149124e-06
0.500000000 1.277043278752e-06
0.510000000 1.277019408380e-06
0.520000000 1.276995538007e-06
0.530000000 1.276971667635e-06
0.540000000 1.276947797263e-06
0.550000000 1.276923926891e-06
0.560000000 1.276900056518e-06
0.570000000 1.276876186146e-06
0.580000000 1.276852315774e-06
0.590000000 1.276828445402e-06
0.600000000 1.276804575029e-06
0.610000000 1.276780704657e-06
0.620000000 1.276756834285e-06
0.630000000 1.276732963912e-06
0.640000000 1.276709093540e-06
0.650000000 1.276685223168e-06
0.660000000 1.276661352796e-06
0.670000000 2.276637482423e-06
0.680000000 2.276613612051e-06
0.690000000 2.276589741679e-06
0.700000000 2.276565871306e-06
0.710000000 2.276542000934e-06
0.720000000 2.276518130562e-06
0.730000000 2.276494260190e-06
0.740000000 2.276470389817e-06
0.750000000 2.276446519445e-06
0.760000000 2.276422649073e-06
0.770000000 3.276398778700e-06
0.780000000 3.276374908328e-06
0.790000000 3.276351037956e-06
0.800000000 3.276327167584e-06
0.810000000 3.276303297211e-06
0.820000000 4.276279426839e-06
0.830000000 4.276255556467e-06
0.840000000 4.276231686094e-06
0.850000000 4.276207815722e-06
0.860000000 5.276183945350e-06
0.870000000 5.276160074978e-06
0.880000000 5.276136204605e-06
0.890000000 6.276112334233e-06
0.900000000 7.276088463861e-06
0.910000000 7.276064593489e-06
0.920000000 8.276040723116e-06
0.930000000 9.276016852744e-06
0.940000000 1.027599298237e-05
0.950000000 1.127596911200e-05
0.960000000 1.227594524163e-05
0.970000000 1.427592137125e-05
0.980000000 1.627589750088e-05
0.990000000 1.827587363051e-05
1.000000000 2.127584976014e-05
1.010000000 2.527582588977e-05
1.020000000 2.927580201939e-05
1.030000000 3.327577814902e-05
1.040000000 3.827575427865e-05
1.050000000 4.227573040828e-05
1.060000000 4.727570653790e-05
1.070000000 5.027568266753e-05
1.080000000 5.327565879716e-05
1.090000000 5.627563492679e-05
1.100000000 5.727561105642e-05
1.110000000 5.927558718604e-05
1.120000000 6.027556331567e-05
1.130000000 6.027553944530e-05
1.140000000 6.127551557493e-05
1.150000000 6.127549170455e-05
1.160000000 6.127546783418e-05
1.170000000 6.127544396381e-05
1.180000000 6.127542009344e-05
1.190000000 6.127539622306e-05
1.200000000 6.027537235269e-05
1.210000000 6.027534848232e-05
1.220000000 6.027532461195e-05
1.230000000 5.927530074158e-05
1.240000000 5.927527687120e-05
1.250000000 5.827525300083e-05
1.260000000 5.827522913046e-05
1.270000000 5.727520526009e-05
1.280000000 5.627518138971e-05
1.290000000 5.627515751934e-05
1.300000000 5.527513364897e-05
1.310000000 5.527510977860e-05
1.320000000 5.527508590822e-05
1.330000000 5.427506203785e-05
1.340000000 5.427503816748e-05
1.350000000 5.327501429711e-05
1.360000000 5.327499042674e-05
1.370000000 5.227496655636e-05
1.380000000 5.127494268599e-05
1.390000000 5.027491881562e-05
1.400000000 4.927489494525e-05
1.410000000 4.727487107487e-05
1.420000000 4.627484720450e-05
1.430000000 4.527482333413e-05
1.440000000 4.327479946376e-05
1.450000000 4.127477559339e-05
1.460000000 3.927475172301e-05
1.470000000 3.727472785264e-05
1.480000000 3.527470398227e-05
1.490000000 3.327468011190e-05
1.500000000 3.127465624152e-05
1.510000000 2.927463237115e-05
1.520000000 2.727460850078e-05
1.530000000 2.527458463041e-05
1.540000000 2.327456076003e-05
1.550000000 2.127453688966e-05
1.560000000 2.027451301929e-05
1.570000000 1.827448914892e-05
1.580000000 1.627446527855e-05
1.590000000 1.427444140817e-05
1.600000000 1.227441753780e-05
1.610000000 9.274393667429e-06
1.620000000 6.274369797057e-06
1.630000000 4.274345926684e-06
1.640000000 1.274322056312e-06
1.650000000 2.742981859397e-07
1.660000000 -1.725725684433e-06
1.670000000 -1.725749554805e-06
1.680000000 -1.725773425177e-06
1.690000000 -7.257972955494e-07
1.700000000 2.741788340783e-07
1.710000000 2.741549637060e-07
1.720000000 2.741310933337e-07
1.730000000 2.741072229614e-07
1.740000000 -7.259166474109e-07
1.750000000 -1.725940517783e-06
1.760000000 -3.725964388155e-06
1.770000000 -5.725988258528e-06
1.780000000 -8.726012128900e-06
1.790000000 -1.072603599927e-05
1.800000000 -1.272605986964e-05
1.810000000 -1.372608374002e-05
1.820000000 -1.572610761039e-05
1.830000000 -1.672613148076e-05
1.840000000 -1.872615535113e-05
1.850000000 -1.972617922151e-05
1.860000000 -2.172620309188e-05
1.870000000 -2.272622696225e-05
1.880000000 -2.472625083262e-05
1.890000000 -2.572627470300e-05
1.900000000 -2.772629857337e-05
1.910000000 -2.772632244374e-05
1.920000000 -2.872634631411e-05
1.930000000 -2.972637018448e-05
1.940000000 -2.972639405486e-05
1.950000000 -2.972641792523e-05
1.960000000 -2.872644179560e-05
1.970000000 -2.672646566597e-05
1.980000000 -2.472648953635e-05
1.990000000 -2.172651340672e-05
2.000000000 -1.872653727709e-05
2.010000000 -1.672656114746e-05
2.020000000 -1.572658501783e-05
2.030000000 -1.472660888821e-05
2.040000000 -1.472663275858e-05
2.050000000 -1.472665662895e-05
2.060000000 -1.572668049932e-05
2.070000000 -1.572670436970e-05
2.080000000 -1.572672824007e-05
2.090000000 -1.472675211044e-05
2.100000000 -1.272677598081e-05
2.110000000 -9.726799851185e-06
2.120000000 -5.726823721558e-06
2.130000000 -7.268475919298e-07
2.140000000 3.273128537698e-06
2.150000000 7.273104667326e-06
2.160000000 1.027308079695e-05
2.170000000 1.127305692658e-05
2.180000000 1.227303305621e-05
2.190000000 1.127300918584e-05
2.200000000 9.272985315464e-06
2.210000000 7.272961445092e-06
2.220000000 5.272937574720e-06
2.230000000 4.272913704347e-06
2.240000000 4.272889833975e-06
2.250000000 6.272865963603e-06
2.260000000 1.027284209323e-05
2.270000000 1.727281822286e-05
2.280000000 2.627279435249e-05
2.290000000 3.727277048211e-05
2.300000000 5.027274661174e-05
2.310000000 6.227272274137e-05
2.320000000 7.427269887100e-05
2.330000000 8.427267500062e-05
2.340000000 9.127265113025e-05
2.350000000 9.627262725988e-05
2.360000000 9.727260338951e-05
2.370000000 9.527257951914e-05
2.380000000 8.927255564876e-05
2.390000000 8.127253177839e-05
2.400000000 7.127250790802e-05
2.410000000 5.927248403765e-05
2.420000000 4.727246016727e-05
2.430000000 3.627243629690e-05
2.440000000 2.527241242653e-05
2.450000000 1.727238855616e-05
2.460000000 9.272364685785e-06
2.470000000 4.272340815413e-06
2.480000000 2.723169450403e-07
2.490000000 -1.727706925332e-06
2.500000000 -3.727730795704e-06
2.510000000 -4.727754666077e-06
2.520000000 -5.727778536449e-06
2.530000000 -6.727802406821e-06
2.540000000 -7.727826277193e-06
2.550000000 -8.727850147566e-06
2.560000000 -9.727874017938e-06
2.570000000 -1.172789788831e-05
2.580000000 -1.472792175868e-05
2.590000000 -1.772794562905e-05
2.600000000 -2.072796949943e-05
2.610000000 -2.372799336980e-05
2.620000000 -2.672801724017e-05
2.630000000 -3.072804111054e-05
2.640000000 -3.572806498092e-05
2.650000000 -3.972808885129e-05
2.660000000 -4.472811272166e-05
2.670000000 -4.772813659203e-05
2.680000000 -4.672816046241e-05
2.690000000 -4.172818433278e-05
2.700000000 -3.172820820315e-05
2.710000000 -1.572823207352e-05
2.720000000 5.271744056106e-06
2.730000000 3.127172018573e-05
2.740000000 5.827169631536e-05
2.750000000 8.627167244499e-05
2.760000000 1.122716485746e-04
2.770000000 1.342716247042e-04
2.780000000 1.512716008339e-04
2.790000000 1.632715769635e-04
2.800000000 1.672715530931e-04
2.810000000 1.642715292228e-04
2.820000000 1.532715053524e-04
2.830000000 1.342714814820e-04
2.840000000 1.082714576116e-04
2.850000000 7.827143374127e-05
2.860000000 4.527140987089e-05
2.870000000 1.327138600052e-05
2.880000000 -1.472863786985e-05
2.890000000 -3.572866174022e-05
2.900000000 -4.672868561060e-05
2.910000000 -4.872870948097e-05
2.920000000 -3.972873335134e-05
2.930000000 -2.372875722171e-05
2.940000000 -1.728781092085e-06
2.950000000 2.327119503754e-05
2.960000000 4.527117116717e-05
2.970000000 6.127114729680e-05
2.980000000 6.627112342643e-05
2.990000000 5.627109955605e-05
3.000000000 2.927107568568e-05
3.010000000 -1.272894818469e-05
3.020000000 -6.672897205506e-05
3.030000000 -1.307289959254e-04
3.040000000 -1.967290197958e-04
3.050000000 -2.607290436662e-04
3.060000000 -3.177290675366e-04
3.070000000 -3.637290914069e-04
3.080000000 -3.967291152773e-04
3.090000000 -4.127291391477e-04
3.100000000 -4.107291630180e-04
3.110000000 -3.917291868884e-04
3.120000000 -3.577292107588e-04
3.130000000 -3.117292346292e-04
3.140000000 -2.597292584995e-04
3.150000000 -2.077292823699e-04
3.160000000 -1.617293062403e-04
3.170000000 -1.257293301106e-04
3.180000000 -1.027293539810e-04
3.190000000 -9.372937785139e-05
3.200000000 -9.772940172176e-05
3.210000000 -1.127294255921e-04
3.220000000 -1.347294494625e-04
3.230000000 -1.587294733329e-04
3.240000000 -1.777294972033e-04
3.250000000 -1.887295210736e-04
3.260000000 -1.877295449440e-04
3.270000000 -1.727295688144e-04
3.280000000 -1.447295926847e-04
3.290000000 -1.047296165551e-04
3.300000000 -5.572964042549e-05
3.310000000 1.270335704141e-06
3.320000000 6.527031183377e-05
3.330000000 1.352702879634e-04
3.340000000 2.102702640930e-04
3.350000000 2.852702402227e-04
3.360000000 3.552702163523e-04
3.370000000 4.102701924819e-04
3.380000000 4.422701686115e-04
3.390000000 4.432701447412e-04
3.400000000 4.112701208708e-04
3.410000000 3.472700970004e-04
3.420000000 2.572700731300e-04
3.430000000 1.522700492597e-04
3.440000000 4.527002538930e-05
3.450000000 -5.172999848107e-05
3.460000000 -1.277300223514e-04
3.470000000 -1.797300462218e-04
3.480000000 -2.077300700922e-04
3.490000000 -2.147300939626e-04
3.500000000 -2.117301178329e-04
3.510000000 -2.057301417033e-04
3.520000000 -2.067301655737e-04
3.530000000 -2.207301894440e-04
3.540000000 -2.497302133144e-04
3.550000000 -2.927302371848e-04
3.560000000 -3.437302610552e-04
3.570000000 -3.957302849255e-04
3.580000000 -4.427303087959e-04
3.590000000 -4.767303326663e-04
3.600000000 -4.967303565367e-04
3.610000000 -5.017303804070e-04
3.620000000 -4.917304042774e-04
3.630000000 -4.697304281478e-04
3.640000000 -4.357304520181e-04
3.650000000 -3.907304758885e-04
3.660000000 -3.337304997589e-04
3.670000000 -2.637305236293e-04
3.680000000 -1.817305474996e-04
3.690000000 -8.773057137001e-05
3.700000000 1.226940475962e-05
3.710000000 1.112693808892e-04
3.720000000 2.022693570189e-04
3.730000000 2.772693331485e-04
3.740000000 3.312693092781e-04
3.750000000 3.642692854078e-04
3.760000000 3.812692615374e-04
3.770000000 3.872692376670e-04
3.780000000 3.862692137966e-04
3.790000000 3.802691899263e-04
3.800000000 3.642691660559e-04
3.810000000 3.342691421855e-04
3.820000000 2.832691183152e-04
3.830000000 2.122690944448e-04
3.840000000 1.262690705744e-04
3.850000000 3.726904670404e-05
3.860000000 -4.073097716633e-05
3.870000000 -9.273100103671e-05
3.880000000 -1.137310249071e-04
3.890000000 -1.017310487775e-04
3.900000000 -6.673107264782e-05
3.910000000 -2.073109651820e-05
3.920000000 2.026887961143e-05
3.930000000 4.626885574106e-05
3.940000000 5.026883187069e-05
3.950000000 3.326880800031e-05
3.960000000 2.687841299427e-07
3.970000000 -4.473123974043e-05
3.980000000 -9.773126361080e-05
3.990000000 -1.577312874812e-04
4.000000000 -2.267313113515e-04
4.010000000 -3.077313352219e-04
4.020000000 -3.987313590923e-04
4.030000000 -4.957313829627e-04
4.040000000 -5.847314068330e-04
4.050000000 -6.507314307034e-04
4.060000000 -6.747314545738e-04
4.070000000 -6.397314784442e-04
4.080000000 -5.337315023145e-04
4.090000000 -3.567315261849e-04
4.100000000 -1.147315500553e-04
4.110000000 1.732684260744e-04
4.120000000 4.822684022040e-04
4.130000000 7.832683783336e-04
4.140000000 1.050268354463e-03
4.150000000 1.261268330593e-03
4.160000000 1.405268306722e-03
4.170000000 1.476268282852e-03
4.180000000 1.479268258982e-03
4.190000000 1.423268235111e-03
4.200000000 1.321268211241e-03
4.210000000 1.191268187371e-03
4.220000000 1.053268163500e-03
4.230000000 9.332681396299e-04
4.240000000 8.542681157595e-04
4.250000000 8.322680918891e-04
4.260000000 8.742680680188e-04
4.270000000 9.752680441484e-04
4.280000000 1.117268020278e-03
4.290000000 1.278267996408e-03
4.300000000 1.432267972537e-03
4.310000000 1.562267948667e-03
4.320000000 1.656267924797e-03
4.330000000 1.707267900926e-03
4.340000000 1.716267877056e-03
4.350000000 1.686267853185e-03
4.360000000 1.622267829315e-03
4.370000000 1.533267805445e-03
4.380000000 1.427267781574e-03
4.390000000 1.313267757704e-03
4.400000000 1.195267733834e-03
4.410000000 1.071267709963e-03
4.420000000 9.362676860928e-04
4.430000000 7.822676622224e-04
4.440000000 6.022676383521e-04
4.450000000 3.932676144817e-04
4.460000000 1.602675906113e-04
4.470000000 -8.873243325904e-05
4.480000000 -3.427324571294e-04
4.490000000 -5.897324809998e-04
4.500000000 -8.167325048702e-04
4.510000000 -1.014732528741e-03
4.520000000 -1.175732552611e-03
4.530000000 -1.290732576481e-03
4.540000000 -1.358732600352e-03
4.550000000 -1.377732624222e-03
4.560000000 -1.353732648092e-03
4.570000000 -1.299732671963e-03
4.580000000 -1.229732695833e-03
4.590000000 -1.161732719704e-03
4.600000000 -1.111732743574e-03
4.610000000 -1.089732767444e-03
4.620000000 -1.098732791315e-03
4.630000000 -1.133732815185e-03
4.640000000 -1.180732839055e-03
4.650000000 -1.222732862926e-03
4.660000000 -1.244732886796e-03
4.670000000 -1.232732910666e-03
4.680000000 -1.181732934537e-03
4.690000000 -1.090732958407e-03
4.700000000 -9.697329822776e-04
4.710000000 -8.267330061480e-04
4.720000000 -6.727330300184e-04
4.730000000 -5.187330538887e-04
4.740000000 -3.737330777591e-04
4.750000000 -2.477331016295e-04
4.760000000 -1.507331254998e-04
4.770000000 -9.273314937021e-05
4.780000000 -8.373317324058e-05
4.790000000 -1.337331971110e-04
4.800000000 -2.497332209813e-04
4.810000000 -4.357332448517e-04
4.820000000 -6.837332687221e-04
4.830000000 -9.767332925924e-04
4.840000000 -1.285733316463e-03
4.850000000 -1.570733340333e-03
4.860000000 -1.792733364204e-03
4.870000000 -1.917733388074e-03
4.880000000 -1.924733411944e-03
4.890000000 -1.810733435815e-03
4.900000000 -1.587733459685e-03
4.910000000 -1.287733483555e-03
4.920000000 -9.477335074258e-04
4.930000000 -6.087335312962e-04
4.940000000 -3.097335551665e-04
4.950000000 -7.573357903691e-05
4.960000000 7.626639709271e-05
4.970000000 1.442663732223e-04
4.980000000 1.322663493520e-04
4.990000000 5.426632548160e-05
5.000000000 -7.273369838877e-05
5.010000000 -2.287337222591e-04
5.020000000 -3.977337461295e-04
5.030000000 -5.687337699999e-04
5.040000000 -7.347337938703e-04
5.050000000 -8.987338177406e-04
5.060000000 -1.062733841611e-03
5.070000000 -1.226733865481e-03
5.080000000 -1.383733889352e-03
5.090000000 -1.519733913222e-03
5.100000000 -1.616733937092e-03
5.110000000 -1.658733960963e-03
5.120000000 -1.637733984833e-03
5.130000000 -1.552734008704e-03
5.140000000 -1.413734032574e-03
5.150000000 -1.238734056444e-03
5.160000000 -1.044734080315e-03
5.170000000 -8.497341041851e-04
5.180000000 -6.637341280555e-04
5.190000000 -4.907341519258e-04
5.200000000 -3.267341757962e-04
5.210000000 -1.657341996666e-04
5.220000000 2.657764630352e-07
5.230000000 1.682657525927e-04
5.240000000 3.312657287223e-04
5.250000000 4.702657048519e-04
5.260000000 5.622656809815e-04
5.270000000 5.852656571112e-04
5.280000000 5.212656332408e-04
5.290000000 3.682656093704e-04
5.300000000 1.362655855001e-04
5.310000000 -1.467344383703e-04
5.320000000 -4.427344622407e-04
5.330000000 -7.077344861111e-04
5.340000000 -9.037345099814e-04
5.350000000 -1.001734533852e-03
5.360000000 -9.857346577222e-04
5.370000000 -8.557345815925e-04
5.380000000 -6.257346054629e-04
5.390000000 -3.207346293333e-04
5.400000000 2.726534679633e-05
5.410000000 3.832653229260e-04
5.420000000 7.142652990556e-04
5.430000000 9.912652751852e-04
5.440000000 1.189265251315e-03
5.450000000 1.293265227444e-03
5.460000000 1.291265203574e-03
5.470000000 1.186265179704e-03
5.480000000 9.912651558334e-04
5.490000000 7.322651319630e-04
5.500000000 4.492651080926e-04
5.510000000 1.912650842222e-04
5.520000000 9.265060351867e-06
5.530000000 -5.273496351851e-05
5.540000000 3.626501261112e-05
5.550000000 2.882649887407e-04
5.560000000 6.952649648704e-04
5.570000000 1.225264941000e-03
5.580000000 1.828264917130e-03
5.590000000 2.438264893259e-03
5.600000000 2.985264869389e-03
5.610000000 3.404264845519e-03
5.620000000 3.649264821648e-03
5.630000000 3.694264797778e-03
5.640000000 3.541264773907e-03
5.650000000 3.215264750037e-03
5.660000000 2.755264726167e-03
5.670000000 2.215264702296e-03
5.680000000 1.652264678426e-03
5.690000000 1.121264654556e-03
5.700000000 6.732646306852e-04
5.710000000 3.492646068148e-04
5.720000000 1.812645829444e-04
5.730000000 1.862645590740e-04
5.740000000 3.722645352037e-04
5.750000000 7.282645113333e-04
5.760000000 1.230264487463e-03
5.770000000 1.832264463593e-03
5.780000000 2.474264439722e-03
5.790000000 3.083264415852e-03
5.800000000 3.587264391981e-03
5.810000000 3.924264368111e-03
5.820000000 4.054264344241e-03
5.830000000 3.961264320370e-03
5.840000000 3.655264296500e-03
5.850000000 3.167264272630e-03
5.860000000 2.537264248759e-03
5.870000000 1.813264224889e-03
5.880000000 1.034264201018e-03
5.890000000 2.352641771481e-04
5.900000000 -5.557358467223e-04
5.910000000 -1.310735870593e-03
5.920000000 -1.999735894463e-03
5.930000000 -2.584735918333e-03
5.940000000 -3.026735942204e-03
5.950000000 -3.288735966074e-03
5.960000000 -3.349735989945e-03
5.970000000 -3.203736013815e-03
5.980000000 -2.868736037685e-03
5.990000000 -2.377736061556e-03
6.000000000 -1.774736085426e-03
6.010000000 -1.103736109296e-03
6.020000000 -4.127361331667e-04
6.030000000 2.582638429629e-04
6.040000000 8.692638190925e-04
6.050000000 1.385263795222e-03
6.060000000 1.779263771352e-03
6.070000000 2.031263747481e-03
6.080000000 2.133263723611e-03
6.090000000 2.092263699741e-03
6.100000000 1.932263675870e-03
6.110000000 1.694263652000e-03
6.120000000 1.428263628130e-03
6.130000000 1.190263604259e-03
6.140000000 1.030263580389e-03
6.150000000 9.782635565184e-04
6.160000000 1.042263532648e-03
6.170000000 1.207263508778e-03
6.180000000 1.432263484907e-03
6.190000000 1.665263461037e-03
6.200000000 1.849263437167e-03
6.210000000 1.927263413296e-03
6.220000000 1.854263389426e-03
6.230000000 1.598263365555e-03
6.240000000 1.143263341685e-03
6.250000000 4.962633178147e-04
6.260000000 -3.217367060557e-04
6.270000000 -1.270736729926e-03
6.280000000 -2.298736753796e-03
6.290000000 -3.346736777667e-03
6.300000000 -4.354736801537e-03
6.310000000 -5.265736825408e-03
6.320000000 -6.028736849278e-03
6.330000000 -6.596736873148e-03
6.340000000 -6.931736897019e-03
6.350000000 -7.002736920889e-03
6.360000000 -6.788736944759e-03
6.370000000 -6.291736968630e-03
6.380000000 -5.538736992500e-03
6.390000000 -4.585737016371e-03
6.400000000 -3.517737040241e-03
6.410000000 -2.434737064111e-03
6.420000000 -1.437737087982e-03
6.430000000 -6.147371118520e-04
6.440000000 -2.073713572238e-05
6.450000000 3.232628404072e-04
6.460000000 4.332628165369e-04
6.470000000 3.552627926665e-04
6.480000000 1.532627687961e-04
6.490000000 -1.037372550742e-04
6.500000000 -3.527372789446e-04
6.510000000 -5.457373028150e-04
6.520000000 -6.487373266854e-04
6.530000000 -6.427373505557e-04
6.540000000 -5.227373744261e-04
6.550000000 -2.907373982965e-04
6.560000000 4.126257783315e-05
6.570000000 4.552625539628e-04
6.580000000 9.272625300924e-04
6.590000000 1.428262506222e-03
6.600000000 1.928262482352e-03
6.610000000 2.397262458481e-03
6.620000000 2.809262434611e-03
6.630000000 3.148262410741e-03
6.640000000 3.402262386870e-03
6.650000000 3.568262363000e-03
6.660000000 3.648262339129e-03
6.670000000 3.643262315259e-03
6.680000000 3.551262291389e-03
6.690000000 3.364262267518e-03
6.700000000 3.063262243648e-03
6.710000000 2.631262219778e-03
6.720000000 2.049262195907e-03
6.730000000 1.310262172037e-03
6.740000000 4.272621481664e-04
6.750000000 -5.657378757039e-04
6.760000000 -1.610737899574e-03
6.770000000 -2.632737923445e-03
6.780000000 -3.553737947315e-03
6.790000000 -4.303737971185e-03
6.800000000 -4.837737995056e-03
6.810000000 -5.132738018926e-03
6.820000000 -5.190738042797e-03
6.830000000 -5.031738066667e-03
6.840000000 -4.688738090537e-03
6.850000000 -4.200738114408e-03
6.860000000 -3.611738138278e-03
6.870000000 -2.972738162148e-03
6.880000000 -2.336738186019e-03
6.890000000 -1.762738209889e-03
6.900000000 -1.307738233760e-03
6.910000000 -1.022738257630e-03
6.920000000 -9.397382815003e-04
6.930000000 -1.064738305371e-03
6.940000000 -1.371738329241e-03
6.950000000 -1.803738353111e-03
6.960000000 -2.276738376982e-03
6.970000000 -2.691738400852e-03
6.980000000 -2.952738424722e-03
6.990000000 -2.980738448593e-03
7.000000000 -2.728738472463e-03
7.010000000 -2.189738496334e-03
7.020000000 -1.393738520204e-03
7.030000000 -4.057385440743e-04
7.040000000 6.872614320553e-04
7.050000000 1.787261408185e-03
7.060000000 2.802261384315e-03
7.070000000 3.650261360444e-03
7.080000000 4.272261336574e-03
7.090000000 4.639261312703e-03
7.100000000 4.749261288833e-03
7.110000000 4.624261264963e-03
7.120000000 4.306261241092e-03
7.130000000 3.847261217222e-03
7.140000000 3.303261193352e-03
7.150000000 2.725261169481e-03
7.160000000 2.161261145611e-03
7.170000000 1.655261121740e-03
7.180000000 1.245261097870e-03
7.190000000 9.642610739997e-04
7.200000000 8.292610501293e-04
7.210000000 8.402610262590e-04
7.220000000 9.702610023886e-04
7.230000000 1.166260978518e-03
7.240000000 1.358260954648e-03
7.250000000 1.467260930777e-03
7.260000000 1.424260906907e-03
7.270000000 1.183260883037e-03
7.280000000 7.342608591663e-04
7.290000000 1.062608352960e-04
7.300000000 -6.367391885744e-04
7.310000000 -1.403739212445e-03
7.320000000 -2.091739236315e-03
7.330000000 -2.601739260186e-03
7.340000000 -2.852739284056e-03
7.350000000 -2.794739307926e-03
7.360000000 -2.414739331797e-03
7.370000000 -1.747739355667e-03
7.380000000 -8.657393795374e-04
7.390000000 1.202605965923e-04
7.400000000 1.086260572722e-03
7.410000000 1.906260548852e-03
7.420000000 2.488260524981e-03
7.430000000 2.777260501111e-03
7.440000000 2.776260477240e-03
7.450000000 2.536260453370e-03
7.460000000 2.144260429500e-03
7.470000000 1.705260405629e-03
7.480000000 1.317260381759e-03
7.490000000 1.058260357889e-03
7.500000000 9.742603340182e-04
7.510000000 1.079260310148e-03
7.520000000 1.360260286277e-03
7.530000000 1.778260262407e-03
7.540000000 2.281260238537e-03
7.550000000 2.802260214666e-03
7.560000000 3.264260190796e-03
7.570000000 3.588260166926e-03
7.580000000 3.704260143055e-03
7.590000000 3.562260119185e-03
7.600000000 3.139260095314e-03
7.610000000 2.440260071444e-03
7.620000000 1.497260047574e-03
7.630000000 3.682600237033e-04
7.640000000 -8.747400001671e-04
7.650000000 -2.145740024037e-03
7.660000000 -3.359740047908e-03
7.670000000 -4.436740071778e-03
7.680000000 -5.316740095649e-03
7.690000000 -5.962740119519e-03
7.700000000 -6.361740143389e-03
7.710000000 -6.525740167260e-03
7.720000000 -6.479740191130e-03
7.730000000 -6.265740215000e-03
7.740000000 -5.932740238871e-03
7.750000000 -5.529740262741e-03
7.760000000 -5.100740286612e-03
7.770000000 -4.671740310482e-03
7.780000000 -4.246740334352e-03
7.790000000 -3.807740358223e-03
7.800000000 -3.321740382093e-03
7.810000000 -2.747740405963e-03
7.820000000 -2.052740429834e-03
7.830000000 -1.221740453704e-03
7.840000000 -2.597404775745e-04
7.850000000 8.042594985551e-04
7.860000000 1.925259474685e-03
7.870000000 3.049259450814e-03
7.880000000 4.118259426944e-03
7.890000000 5.078259403074e-03
7.900000000 5.880259379203e-03
7.910000000 6.481259355333e-03
7.920000000 6.844259331463e-03
7.930000000 6.938259307592e-03
7.940000000 6.750259283722e-03
7.950000000 6.286259259851e-03
7.960000000 5.580259235981e-03
7.970000000 4.697259212111e-03
7.980000000 3.729259188240e-03
7.990000000 2.787259164370e-03
8.000000000 1.979259140500e-03
8.010000000 1.397259116629e-03
8.020000000 1.104259092759e-03
8.030000000 1.121259068888e-03
8.040000000 1.431259045018e-03
8.050000000 1.979259021148e-03
8.060000000 2.690258997277e-03
8.070000000 3.475258973407e-03
8.080000000 4.251258949537e-03
8.090000000 4.950258925666e-03
8.100000000 5.524258901796e-03
8.110000000 5.949258877925e-03
8.120000000 6.217258854055e-03
8.130000000 6.332258830185e-03
8.140000000 6.301258806314e-03
8.150000000 6.137258782444e-03
8.160000000 5.853258758574e-03
8.170000000 5.470258734703e-03
8.180000000 5.007258710833e-03
8.190000000 4.482258686962e-03
8.200000000 3.904258663092e-03
8.210000000 3.277258639222e-03
8.220000000 2.595258615351e-03
8.230000000 1.854258591481e-03
8.240000000 1.054258567611e-03
8.250000000 2.062585437402e-04
8.260000000 -6.687414801301e-04
8.270000000 -1.537741504001e-03
8.280000000 -2.359741527871e-03
8.290000000 -3.090741551741e-03
8.300000000 -3.685741575612e-03
8.310000000 -4.110741599482e-03
8.320000000 -4.346741623352e-03
8.330000000 -4.392741647223e-03
8.340000000 -4.267741671093e-03
8.350000000 -4.004741694963e-03
8.360000000 -3.638741718834e-03
8.370000000 -3.204741742704e-03
8.380000000 -2.724741766575e-03
8.390000000 -2.209741790445e-03
8.400000000 -1.660741814315e-03
8.410000000 -1.071741838186e-03
8.420000000 -4.417418620561e-04
8.430000000 2.222581140735e-04
8.440000000 8.902580902032e-04
8.450000000 1.508258066333e-03
8.460000000 2.001258042462e-03
8.470000000 2.285258018592e-03
8.480000000 2.284257994722e-03
8.490000000 1.955257970851e-03
8.500000000 1.287257946981e-03
8.510000000 3.142579231106e-04
8.520000000 -8.967421007598e-04
8.530000000 -2.258742124630e-03
8.540000000 -3.682742148501e-03
8.550000000 -5.085742172371e-03
8.560000000 -6.404742196241e-03
8.570000000 -7.598742220112e-03
8.580000000 -8.645742243982e-03
8.590000000 -9.533742267852e-03
8.600000000 -1.024674229172e-02
8.610000000 -1.076374231559e-02
8.620000000 -1.105174233946e-02
8.630000000 -1.108074236333e-02
8.640000000 -1.082874238720e-02
8.650000000 -1.029774241107e-02
8.660000000 -9.511742434945e-03
8.670000000 -8.521742458815e-03
8.680000000 -7.390742482686e-03
8.690000000 -6.186742506556e-03
8.700000000 -4.964742530427e-03
8.710000000 -3.766742554297e-03
8.720000000 -2.608742578167e-03
8.730000000 -1.493742602038e-03
8.740000000 -4.177426259080e-04
8.750000000 6.142573502216e-04
8.760000000 1.582257326351e-03
8.770000000 2.442257302481e-03
8.780000000 3.139257278611e-03
8.790000000 3.616257254740e-03
8.800000000 3.824257230870e-03
8.810000000 3.743257206999e-03
8.820000000 3.382257183129e-03
8.830000000 2.785257159259e-03
8.840000000 2.029257135388e-03
8.850000000 1.208257111518e-03
8.860000000 4.222570876475e-04
8.870000000 -2.307429362228e-04
8.880000000 -6.667429600932e-04
8.890000000 -8.207429839636e-04
8.900000000 -6.567430078340e-04
8.910000000 -1.757430317043e-04
8.920000000 5.812569444253e-04
8.930000000 1.528256920555e-03
8.940000000 2.544256896685e-03
8.950000000 3.489256872814e-03
8.960000000 4.222256848944e-03
8.970000000 4.622256825073e-03
8.980000000 4.602256801203e-03
8.990000000 4.121256777333e-03
9.000000000 3.184256753462e-03
9.010000000 1.840256729592e-03
9.020000000 1.692567057216e-04
9.030000000 -1.715743318149e-03
9.040000000 -3.685743342019e-03
9.050000000 -5.600743365890e-03
9.060000000 -7.321743389760e-03
9.070000000 -8.725743413630e-03
9.080000000 -9.719743437501e-03
9.090000000 -1.024974346137e-02
9.100000000 -1.029974348524e-02
9.110000000 -9.900743509112e-03
9.120000000 -9.115743532982e-03
9.130000000 -8.039743556853e-03
9.140000000 -6.783743580723e-03
9.150000000 -5.468743604593e-03
9.160000000 -4.205743628464e-03
9.170000000 -3.084743652334e-03
9.180000000 -2.164743676204e-03
9.190000000 -1.466743700075e-03
9.200000000 -9.697437239451e-04
9.210000000 -6.187437478155e-04
9.220000000 -3.297437716859e-04
9.230000000 -8.743795556250e-06
9.240000000 4.442561805734e-04
9.250000000 1.111256156703e-03
9.260000000 2.050256132833e-03
9.270000000 3.279256108962e-03
9.280000000 4.772256085092e-03
9.290000000 6.446256061222e-03
9.300000000 8.177256037351e-03
9.310000000 9.805256013481e-03
9.320000000 1.116125598961e-02
9.330000000 1.208725596574e-02
9.340000000 1.247025594187e-02
9.350000000 1.225125591800e-02
9.360000000 1.143425589413e-02
9.370000000 1.008325587026e-02
9.380000000 8.307255846388e-03
9.390000000 6.248255822518e-03
9.400000000 4.062255798647e-03
9.410000000 1.908255774777e-03
9.420000000 -6.974424909332e-05
9.430000000 -1.751744272964e-03
9.440000000 -3.062744296834e-03
9.450000000 -3.966744320704e-03
9.460000000 -4.476744344575e-03
9.470000000 -4.637744368445e-03
9.480000000 -4.515744392316e-03
9.490000000 -4.177744416186e-03
9.500000000 -3.679744440056e-03
9.510000000 -3.058744463927e-03
9.520000000 -2.328744487797e-03
9.530000000 -1.483744511667e-03
9.540000000 -5.047445355378e-04
9.550000000 6.322554405918e-04
9.560000000 1.938255416721e-03
9.570000000 3.403255392851e-03
9.580000000 4.986255368981e-03
9.590000000 6.614255345110e-03
9.600000000 8.195255321240e-03
9.610000000 9.628255297370e-03
9.620000000 1.081725527350e-02
9.630000000 1.168025524963e-02
9.640000000 1.215125522576e-02
9.650000000 1.218625520189e-02
9.660000000 1.176225517802e-02
9.670000000 1.088025515415e-02
9.680000000 9.571255130277e-03
9.690000000 7.898255106407e-03
9.700000000 5.964255082536e-03
9.710000000 3.909255058666e-03
9.720000000 1.896255034796e-03
9.730000000 1.002550109251e-04
9.740000000 -1.317745012945e-03
9.750000000 -2.222745036816e-03
9.760000000 -2.534745060686e-03
9.770000000 -2.232745084556e-03
9.780000000 -1.369745108427e-03
9.790000000 -6.274513229710e-05
9.800000000 1.513254843833e-03
9.810000000 3.149254819962e-03
9.820000000 4.625254796092e-03
9.830000000 5.737254772221e-03
9.840000000 6.327254748351e-03
9.850000000 6.297254724481e-03
9.860000000 5.624254700610e-03
9.870000000 4.360254676740e-03
9.880000000 2.614254652870e-03
9.890000000 5.432546289992e-04
9.900000000 -1.678745394871e-03
9.910000000 -3.876745418742e-03
9.920000000 -5.897745442612e-03
9.930000000 -7.616745466482e-03
9.940000000 -8.955745490353e-03
9.950000000 -9.873745514223e-03
9.960000000 -1.037974553809e-02
9.970000000 -1.051774556196e-02
9.980000000 -1.036274558583e-02
9.990000000 -1.000674560970e-02
10.000000000 -9.548745633575e-03
10.010000000 -9.077745657445e-03
10.020000000 -8.665745681316e-03
10.030000000 -8.352745705186e-03
10.040000000 -8.146745729056e-03
10.050000000 -8.021745752927e-03
10.060000000 -7.919745776797e-03
10.070000000 -7.769745800668e-03
10.080000000 -7.491745824538e-03
10.090000000 -7.018745848408e-03
10.100000000 -6.307745872279e-03
10.110000000 -5.348745896149e-03
10.120000000 -4.161745920019e-03
10.130000000 -2.788745943890e-03
10.140000000 -1.274745967760e-03
10.150000000 3.372540083695e-04
10.160000000 2.007253984499e-03
10.170000000 3.690253960629e-03
10.180000000 5.331253936758e-03
10.190000000 6.846253912888e-03
10.200000000 8.133253889018e-03
10.210000000 9.081253865147e-03
10.220000000 9.594253841277e-03
10.230000000 9.610253817407e-03
10.240000000 9.118253793536e-03
10.250000000 8.163253769666e-03
10.260000000 6.836253745795e-03
10.270000000 5.267253721925e-03
10.280000000 3.606253698055e-03
10.290000000 2.008253674184e-03
10.300000000 6.112536503139e-04
10.310000000 -4.767463735565e-04
10.320000000 -1.195746397427e-03
10.330000000 -1.528746421297e-03
10.340000000 -1.503746445168e-03
10.350000000 -1.177746469038e-03
10.360000000 -6.337464929083e-04
10.370000000 3.925348322131e-05
10.380000000 7.512534593509e-04
10.390000000 1.420253435481e-03
10.400000000 1.978253411610e-03
10.410000000 2.373253387740e-03
10.420000000 2.575253363869e-03
10.430000000 2.572253339999e-03
10.440000000 2.372253316129e-03
10.450000000 1.997253292258e-03
10.460000000 1.476253268388e-03
10.470000000 8.402532445176e-04
10.480000000 1.172532206472e-04
10.490000000 -6.707468032232e-04
10.500000000 -1.509746827094e-03
10.510000000 -2.387746850964e-03
10.520000000 -3.294746874834e-03
10.530000000 -4.216746898705e-03
10.540000000 -5.131746922575e-03
10.550000000 -6.010746946445e-03
10.560000000 -6.819746970316e-03
10.570000000 -7.527746994186e-03
10.580000000 -8.102747018057e-03
10.590000000 -8.514747041927e-03
10.600000000 -8.728747065797e-03
10.610000000 -8.706747089668e-03
10.620000000 -8.405747113538e-03
10.630000000 -7.791747137408e-03
10.640000000 -6.841747161279e-03
10.650000000 -5.557747185149e-03
10.660000000 -3.971747209019e-03
10.670000000 -2.151747232890e-03
10.680000000 -1.997472567602e-04
10.690000000 1.761252719369e-03
10.700000000 3.605252695499e-03
10.710000000 5.220252671629e-03
10.720000000 6.531252647758e-03
10.730000000 7.498252623888e-03
10.740000000 8.121252600018e-03
10.750000000 8.428252576147e-03
10.760000000 8.465252552277e-03
10.770000000 8.289252528406e-03
10.780000000 7.953252504536e-03
10.790000000 7.506252480666e-03
10.800000000 6.982252456795e-03
10.810000000 6.407252432925e-03
10.820000000 5.795252409055e-03
10.830000000 5.165252385184e-03
10.840000000 4.533252361314e-03
10.850000000 3.929252337443e-03
10.860000000 3.386252313573e-03
10.870000000 2.947252289703e-03
10.880000000 2.650252265832e-03
10.890000000 2.525252241962e-03
10.900000000 2.584252218092e-03
10.910000000 2.811252194221e-03
10.920000000 3.161252170351e-03
10.930000000 3.566252146480e-03
10.940000000 3.941252122610e-03
10.950000000 4.197252098740e-03
10.960000000 4.258252074869e-03
10.970000000 4.069252050999e-03
10.980000000 3.607252027129e-03
10.990000000 2.880252003258e-03
11.000000000 1.920251979388e-03
11.010000000 7.832519555175e-04
11.020000000 -4.637480683529e-04
11.030000000 -1.747748092223e-03
11.040000000 -3.006748116094e-03
11.050000000 -4.191748139964e-03
11.060000000 -5.279748163834e-03
11.070000000 -6.267748187705e-03
11.080000000 -7.174748211575e-03
11.090000000 -8.024748235445e-03
11.100000000 -8.832748259316e-03
11.110000000 -9.601748283186e-03
11.120000000 -1.031574830706e-02
11.130000000 -1.094274833093e-02
11.140000000 -1.144874835480e-02
11.150000000 -1.179674837867e-02
11.160000000 -1.196174840254e-02
11.170000000 -1.192674842641e-02
11.180000000 -1.168274845028e-02
11.190000000 -1.123674847415e-02
11.200000000 -1.060774849802e-02
11.210000000 -9.827748521890e-03
11.220000000 -8.938748545760e-03
11.230000000 -7.980748569631e-03
11.240000000 -6.984748593501e-03
11.250000000 -5.970748617371e-03
11.260000000 -4.946748641242e-03
11.270000000 -3.911748665112e-03
11.280000000 -2.856748688983e-03
11.290000000 -1.780748712853e-03
11.300000000 -6.887487367233e-04
11.310000000 3.922512394063e-04
11.320000000 1.416251215536e-03
11.330000000 2.309251191666e-03
11.340000000 2.993251167795e-03
11.350000000 3.388251143925e-03
11.360000000 3.439251120054e-03
11.370000000 3.123251096184e-03
11.380000000 2.465251072314e-03
11.390000000 1.527251048443e-03
11.400000000 4.082510245730e-04
11.410000000 -7.777489992974e-04
11.420000000 -1.910749023168e-03
11.430000000 -2.884749047038e-03
11.440000000 -3.610749070909e-03
11.450000000 -4.028749094779e-03
11.460000000 -4.106749118649e-03
11.470000000 -3.843749142520e-03
11.480000000 -3.268749166390e-03
11.490000000 -2.442749190260e-03
11.500000000 -1.445749214131e-03
11.510000000 -3.747492380011e-04
11.520000000 6.752507381285e-04
11.530000000 1.617250714258e-03
11.540000000 2.394250690388e-03
11.550000000 2.979250666517e-03
11.560000000 3.385250642647e-03
11.570000000 3.651250618777e-03
11.580000000 3.838250594906e-03
11.590000000 4.015250571036e-03
11.600000000 4.244250547166e-03
11.610000000 4.568250523295e-03
11.620000000 5.011250499425e-03
11.630000000 5.566250475554e-03
11.640000000 6.208250451684e-03
11.650000000 6.900250427814e-03
11.660000000 7.596250403943e-03
11.670000000 8.253250380073e-03
11.680000000 8.830250356203e-03
11.690000000 9.289250332332e-03
11.700000000 9.588250308462e-03
11.710000000 9.684250284591e-03
11.720000000 9.535250260721e-03
11.730000000 9.106250236851e-03
11.740000000 8.370250212980e-03
11.750000000 7.323250189110e-03
11.760000000 5.983250165240e-03
11.770000000 4.400250141369e-03
11.780000000 2.647250117499e-03
11.790000000 8.222500936284e-04
11.800000000 -9.747499302419e-04
11.810000000 -2.641749954112e-03
11.820000000 -4.092749977983e-03
11.830000000 -5.255750001853e-03
11.840000000 -6.076750025723e-03
11.850000000 -6.518750049594e-03
11.860000000 -6.565750073464e-03
11.870000000 -6.220750097335e-03
11.880000000 -5.512750121205e-03
11.890000000 -4.498750145075e-03
11.900000000 -3.256750168946e-03
11.910000000 -1.881750192816e-03
11.920000000 -4.707502166864e-04
11.930000000 8.862497594432e-04
11.940000000 2.120249735573e-03
11.950000000 3.181249711702e-03
11.960000000 4.051249687832e-03
11.970000000 4.742249663962e-03
11.980000000 5.297249640091e-03
11.990000000 5.784249616221e-03
12.000000000 6.281249592351e-03
12.010000000 6.860249568480e-03
12.020000000 7.572249544610e-03
12.030000000 8.428249520740e-03
12.040000000 9.400249496869e-03
12.050000000 1.043024947300e-02
12.060000000 1.143724944913e-02
12.070000000 1.233624942526e-02
12.080000000 1.304824940139e-02
12.090000000 1.350924937752e-02
12.100000000 1.366924935365e-02
12.110000000 1.349624932978e-02
12.120000000 1.296724930591e-02
12.130000000 1.206624928204e-02
12.140000000 1.078224925817e-02
12.150000000 9.117249234295e-03
12.160000000 7.092249210425e-03
12.170000000 4.766249186554e-03
12.180000000 2.233249162684e-03
12.190000000 -3.747508611864e-04
12.200000000 -2.915750885057e-03
12.210000000 -5.249750908927e-03
12.220000000 -7.270750932798e-03
12.230000000 -8.914750956668e-03
12.240000000 -1.017375098054e-02
12.250000000 -1.108175100441e-02
12.260000000 -1.170775102828e-02
12.270000000 -1.212375105215e-02
12.280000000 -1.239475107602e-02
12.290000000 -1.255375109989e-02
12.300000000 -1.260675112376e-02
12.310000000 -1.252875114763e-02
12.320000000 -1.228075117150e-02
12.330000000 -1.182075119537e-02
12.340000000 -1.112475121924e-02
12.350000000 -1.019775124311e-02
12.360000000 -9.070751266983e-03
12.370000000 -7.798751290853e-03
12.380000000 -6.444751314724e-03
12.390000000 -5.070751338594e-03
12.400000000 -3.729751362464e-03
12.410000000 -2.461751386335e-03
12.420000000 -1.296751410205e-03
12.430000000 -2.627514340754e-04
12.440000000 6.122485420542e-04
12.450000000 1.296248518184e-03
12.460000000 1.746248494314e-03
12.470000000 1.921248470443e-03
12.480000000 1.781248446573e-03
12.490000000 1.306248422702e-03
12.500000000 4.962483988320e-04
12.510000000 -6.097516250384e-04
12.520000000 -1.940751648909e-03
12.530000000 -3.388751672779e-03
12.540000000 -4.831751696649e-03
12.550000000 -6.145751720520e-03
12.560000000 -7.227751744390e-03
12.570000000 -8.008751768261e-03
12.580000000 -8.462751792131e-03
12.590000000 -8.599751816001e-03
12.600000000 -8.464751839872e-03
12.610000000 -8.116751863742e-03
12.620000000 -7.621751887612e-03
12.630000000 -7.032751911483e-03
12.640000000 -6.392751935353e-03
12.650000000 -5.736751959224e-03
12.660000000 -5.087751983094e-03
12.670000000 -4.469752006964e-03
12.680000000 -3.896752030835e-03
12.690000000 -3.375752054705e-03
12.700000000 -2.894752078575e-03
12.710000000 -2.423752102446e-03
12.720000000 -1.916752126316e-03
12.730000000 -1.328752150187e-03
12.740000000 -6.237521740569e-04
12.750000000 2.022478020727e-04
12.760000000 1.122247778202e-03
12.770000000 2.073247754332e-03
12.780000000 2.980247730462e-03
12.790000000 3.763247706591e-03
12.800000000 4.362247682721e-03
12.810000000 4.749247658850e-03
12.820000000 4.935247634980e-03
12.830000000 4.964247611110e-03
12.840000000 4.903247587239e-03
12.850000000 4.824247563369e-03
12.860000000 4.790247539499e-03
12.870000000 4.839247515628e-03
12.880000000 4.982247491758e-03
12.890000000 5.200247467887e-03
12.900000000 5.458247444017e-03
12.910000000 5.717247420147e-03
12.920000000 5.945247396276e-03
12.930000000 6.129247372406e-03
12.940000000 6.273247348536e-03
12.950000000 6.393247324665e-03
12.960000000 6.507247300795e-03
12.970000000 6.626247276925e-03
12.980000000 6.748247253054e-03
12.990000000 6.855247229184e-03
13.000000000 6.918247205313e-03
13.010000000 6.909247181443e-03
13.020000000 6.818247157573e-03
13.030000000 6.662247133702e-03
13.040000000 6.491247109832e-03
13.050000000 6.375247085962e-03
13.060000000 6.383247062091e-03
13.070000000 6.560247038221e-03
13.080000000 6.905247014350e-03
13.090000000 7.374246990480e-03
13.100000000 7.887246966610e-03
13.110000000 8.349246942739e-03
13.120000000 8.671246918869e-03
13.130000000 8.784246894999e-03
13.140000000 8.643246871128e-03
13.150000000 8.230246847258e-03
13.160000000 7.548246823387e-03
13.170000000 6.615246799517e-03
13.180000000 5.456246775647e-03
13.190000000 4.106246751776e-03
13.200000000 2.598246727906e-03
13.210000000 9.782467040356e-04
13.220000000 -7.067533198348e-04
13.230000000 -2.391753343705e-03
13.240000000 -4.008753367576e-03
13.250000000 -5.481753391446e-03
13.260000000 -6.741753415316e-03
13.270000000 -7.731753439187e-03
13.280000000 -8.419753463057e-03
13.290000000 -8.797753486927e-03
13.300000000 -8.892753510798e-03
13.310000000 -8.751753534668e-03
13.320000000 -8.434753558539e-03
13.330000000 -8.001753582409e-03
13.340000000 -7.494753606279e-03
13.350000000 -6.932753630150e-03
13.360000000 -6.310753654020e-03
13.370000000 -5.611753677890e-03
13.380000000 -4.822753701761e-03
13.390000000 -3.948753725631e-03
13.400000000 -3.022753749501e-03
13.410000000 -2.108753773372e-03
13.420000000 -1.291753797242e-03
13.430000000 -6.667538211126e-04
13.440000000 -3.127538449830e-04
13.450000000 -2.857538688534e-04
13.460000000 -5.997538927237e-04
13.470000000 -1.232753916594e-03
13.480000000 -2.125753940464e-03
13.490000000 -3.197753964335e-03
13.500000000 -4.360753988205e-03
13.510000000 -5.531754012076e-03
13.520000000 -6.640754035946e-03
13.530000000 -7.632754059816e-03
13.540000000 -8.463754083687e-03
13.550000000 -9.100754107557e-03
13.560000000 -9.516754131427e-03
13.570000000 -9.700754155298e-03
13.580000000 -9.651754179168e-03
13.590000000 -9.385754203039e-03
13.600000000 -8.931754226909e-03
13.610000000 -8.324754250779e-03
13.620000000 -7.605754274650e-03
13.630000000 -6.812754298520e-03
13.640000000 -5.976754322390e-03
13.650000000 -5.119754346261e-03
13.660000000 -4.251754370131e-03
13.670000000 -3.375754394002e-03
13.680000000 -2.489754417872e-03
13.690000000 -1.600754441742e-03
13.700000000 -7.247544656127e-04
13.710000000 1.062455105170e-04
13.720000000 8.602454866466e-04
13.730000000 1.508245462776e-03
13.740000000 2.038245438906e-03
13.750000000 2.456245415035e-03
13.760000000 2.781245391165e-03
13.770000000 3.037245367295e-03
13.780000000 3.244245343424e-03
13.790000000 3.401245319554e-03
13.800000000 3.494245295684e-03
13.810000000 3.482245271813e-03
13.820000000 3.312245247943e-03
13.830000000 2.923245224073e-03
13.840000000 2.260245200202e-03
13.850000000 1.285245176332e-03
13.860000000 -2.754847538616e-06
13.870000000 -1.564754871409e-03
13.880000000 -3.313754895279e-03
13.890000000 -5.123754919150e-03
13.900000000 -6.844754943020e-03
13.910000000 -8.324754966890e-03
13.920000000 -9.432754990761e-03
13.930000000 -1.007775501463e-02
13.940000000 -1.021275503850e-02
13.950000000 -9.841755062372e-03
13.960000000 -9.004755086242e-03
13.970000000 -7.779755110113e-03
13.980000000 -6.258755133983e-03
13.990000000 -4.542755157853e-03
14.000000000 -2.726755181724e-03
14.010000000 -8.957552055942e-04
14.020000000 8.822447705354e-04
14.030000000 2.548244746665e-03
14.040000000 4.061244722795e-03
14.050000000 5.383244698924e-03
14.060000000 6.496244675054e-03
14.070000000 7.386244651184e-03
14.080000000 8.054244627313e-03
14.090000000 8.513244603443e-03
14.100000000 8.783244579572e-03
14.110000000 8.897244555702e-03
14.120000000 8.895244531832e-03
14.130000000 8.822244507961e-03
14.140000000 8.721244484091e-03
14.150000000 8.626244460221e-03
14.160000000 8.555244436350e-03
14.170000000 8.506244412480e-03
14.180000000 8.461244388609e-03
14.190000000 8.392244364739e-03
14.200000000 8.268244340869e-03
14.210000000 8.067244316998e-03
14.220000000 7.783244293128e-03
14.230000000 7.430244269258e-03
14.240000000 7.036244245387e-03
14.250000000 6.644244221517e-03
14.260000000 6.297244197646e-03
14.270000000 6.042244173776e-03
14.280000000 5.907244149906e-03
14.290000000 5.905244126035e-03
14.300000000 6.018244102165e-03
14.310000000 6.198244078295e-03
14.320000000 6.375244054424e-03
14.330000000 6.473244030554e-03
14.340000000 6.425244006684e-03
14.350000000 6.194243982813e-03
14.360000000 5.772243958943e-03
14.370000000 5.179243935072e-03
14.380000000 4.448243911202e-03
14.390000000 3.612243887332e-03
14.400000000 2.699243863461e-03
14.410000000 1.729243839591e-03
14.420000000 7.122438157205e-04
14.430000000 -3.377562081498e-04
14.440000000 -1.401756232020e-03
14.450000000 -2.449756255891e-03
14.460000000 -3.440756279761e-03
14.470000000 -4.318756303631e-03
14.480000000 -5.025756327502e-03
14.490000000 -5.502756351372e-03
14.500000000 -5.703756375242e-03
14.510000000 -5.595756399113e-03
14.520000000 -5.171756422983e-03
14.530000000 -4.452756446854e-03
14.540000000 -3.481756470724e-03
14.550000000 -2.330756494594e-03
14.560000000 -1.081756518465e-03
14.570000000 1.752434576650e-04
14.580000000 1.355243433795e-03
14.590000000 2.383243409924e-03
14.600000000 3.200243386054e-03
14.610000000 3.767243362183e-03
14.620000000 4.066243338313e-03
14.630000000 4.107243314443e-03
14.640000000 3.918243290572e-03
14.650000000 3.548243266702e-03
14.660000000 3.049243242832e-03
14.670000000 2.470243218961e-03
14.680000000 1.850243195091e-03
14.690000000 1.220243171220e-03
14.700000000 5.972431473501e-04
14.710000000 2.243123479740e-06
14.720000000 -5.477569003906e-04
14.730000000 -1.035756924261e-03
14.740000000 -1.450756948131e-03
14.750000000 -1.789756972002e-03
14.760000000 -2.062756995872e-03
14.770000000 -2.288757019742e-03
14.780000000 -2.488757043613e-03
14.790000000 -2.687757067483e-03
14.800000000 -2.911757091354e-03
14.810000000 -3.185757115224e-03
14.820000000 -3.541757139094e-03
14.830000000 -4.008757162965e-03
14.840000000 -4.608757186835e-03
14.850000000 -5.347757210705e-03
14.860000000 -6.204757234576e-03
14.870000000 -7.127757258446e-03
14.880000000 -8.038757282317e-03
14.890000000 -8.836757306187e-03
14.900000000 -9.417757330057e-03
14.910000000 -9.685757353928e-03
14.920000000 -9.567757377798e-03
14.930000000 -9.024757401668e-03
14.940000000 -8.058757425539e-03
14.950000000 -6.713757449409e-03
14.960000000 -5.069757473280e-03
14.970000000 -3.236757497150e-03
14.980000000 -1.341757521020e-03
14.990000000 4.822424551093e-04
15.000000000 2.113242431239e-03
15.010000000 3.444242407369e-03
15.020000000 4.404242383498e-03
15.030000000 4.948242359628e-03
15.040000000 5.069242335757e-03
15.050000000 4.786242311887e-03
15.060000000 4.142242288017e-03
15.070000000 3.202242264146e-03
15.080000000 2.049242240276e-03
15.090000000 7.782422164056e-04
15.100000000 -5.057578074648e-04
15.110000000 -1.692757831335e-03
15.120000000 -2.688757855206e-03
15.130000000 -3.417757879076e-03
15.140000000 -3.836757902946e-03
15.150000000 -3.946757926817e-03
15.160000000 -3.785757950687e-03
15.170000000 -3.432757974557e-03
15.180000000 -2.992757998428e-03
15.190000000 -2.578758022298e-03
15.200000000 -2.287758046169e-03
15.210000000 -2.183758070039e-03
15.220000000 -2.280758093909e-03
15.230000000 -2.543758117780e-03
15.240000000 -2.896758141650e-03
15.250000000 -3.246758165520e-03
15.260000000 -3.499758189391e-03
15.270000000 -3.586758213261e-03
15.280000000 -3.471758237131e-03
15.290000000 -3.155758261002e-03
15.300000000 -2.666758284872e-03
15.310000000 -2.052758308743e-03
15.320000000 -1.363758332613e-03
15.330000000 -6.477583564833e-04
15.340000000 4.924161964629e-05
15.350000000 6.852415957759e-04
15.360000000 1.215241571906e-03
15.370000000 1.598241548035e-03
15.380000000 1.798241524165e-03
15.390000000 1.793241500294e-03
15.400000000 1.583241476424e-03
15.410000000 1.190241452554e-03
15.420000000 6.622414286833e-04
15.430000000 6.624140481294e-05
15.440000000 -5.207586190574e-04
15.450000000 -1.025758642928e-03
15.460000000 -1.384758666798e-03
15.470000000 -1.558758690669e-03
15.480000000 -1.538758714539e-03
15.490000000 -1.345758738409e-03
15.500000000 -1.031758762280e-03
15.510000000 -6.677587861500e-04
15.520000000 -3.237588100204e-04
15.530000000 -5.775883389079e-05
15.540000000 1.002411422388e-04
15.550000000 1.452411183685e-04
15.560000000 1.002410944981e-04
15.570000000 1.241070627724e-06
15.580000000 -1.037589532426e-04
15.590000000 -1.637589771130e-04
15.600000000 -1.257590009834e-04
15.610000000 5.724097514623e-05
15.620000000 4.242409512759e-04
15.630000000 9.942409274055e-04
15.640000000 1.767240903535e-03
15.650000000 2.717240879665e-03
15.660000000 3.798240855794e-03
15.670000000 4.945240831924e-03
15.680000000 6.094240808054e-03
15.690000000 7.187240784183e-03
15.700000000 8.185240760313e-03
15.710000000 9.065240736443e-03
15.720000000 9.826240712572e-03
15.730000000 1.047624068870e-02
15.740000000 1.103224066483e-02
15.750000000 1.151224064096e-02
15.760000000 1.193024061709e-02
15.770000000 1.229024059322e-02
15.780000000 1.258424056935e-02
15.790000000 1.279124054548e-02
15.800000000 1.288224052161e-02
15.810000000 1.282924049774e-02
15.820000000 1.260824047387e-02
15.830000000 1.220624045000e-02
15.840000000 1.161524042613e-02
15.850000000 1.083824040226e-02
15.860000000 9.879240378387e-03
15.870000000 8.752240354517e-03
15.880000000 7.473240330646e-03
15.890000000 6.071240306776e-03
15.900000000 4.587240282905e-03
15.910000000 3.073240259035e-03
15.920000000 1.593240235165e-03
15.930000000 2.232402112943e-04
15.940000000 -9.647598125761e-04
15.950000000 -1.900759836446e-03
15.960000000 -2.532759860317e-03
15.970000000 -2.829759884187e-03
15.980000000 -2.787759908058e-03
15.990000000 -2.426759931928e-03
16.000000000 -1.792759955798e-03
16.010000000 -9.467599796687e-04
16.020000000 3.823999646097e-05
16.030000000 1.084239972591e-03
16.040000000 2.115239948720e-03
16.050000000 3.057239924850e-03
16.060000000 3.837239900979e-03
16.070000000 4.383239877109e-03
16.080000000 4.624239853239e-03
16.090000000 4.492239829368e-03
16.100000000 3.933239805498e-03
16.110000000 2.920239781628e-03
16.120000000 1.460239757757e-03
16.130000000 -3.927602661131e-04
16.140000000 -2.539760289983e-03
16.150000000 -4.845760313854e-03
16.160000000 -7.153760337724e-03
16.170000000 -9.305760361595e-03
16.180000000 -1.115976038546e-02
16.190000000 -1.260476040934e-02
16.200000000 -1.357676043321e-02
16.210000000 -1.405376045708e-02
16.220000000 -1.406476048095e-02
16.230000000 -1.367076050482e-02
16.240000000 -1.295676052869e-02
16.250000000 -1.201476055256e-02
16.260000000 -1.093176057643e-02
16.270000000 -9.781760600298e-03
16.280000000 -8.631760624169e-03
16.290000000 -7.535760648039e-03
16.300000000 -6.544760671909e-03
16.310000000 -5.696760695780e-03
16.320000000 -5.014760719650e-03
16.330000000 -4.507760743521e-03
16.340000000 -4.162760767391e-03
16.350000000 -3.957760791261e-03
16.360000000 -3.859760815132e-03
16.370000000 -3.836760839002e-03
16.380000000 -3.855760862872e-03
16.390000000 -3.889760886743e-03
16.400000000 -3.914760910613e-03
16.410000000 -3.910760934484e-03
16.420000000 -3.868760958354e-03
16.430000000 -3.783760982224e-03
16.440000000 -3.655761006095e-03
16.450000000 -3.491761029965e-03
16.460000000 -3.303761053835e-03
16.470000000 -3.108761077706e-03
16.480000000 -2.934761101576e-03
16.490000000 -2.814761125447e-03
16.500000000 -2.783761149317e-03
16.510000000 -2.871761173187e-03
16.520000000 -3.098761197058e-03
16.530000000 -3.468761220928e-03
16.540000000 -3.962761244798e-03
16.550000000 -4.539761268669e-03
16.560000000 -5.134761292539e-03
16.570000000 -5.672761316410e-03
16.580000000 -6.065761340280e-03
16.590000000 -6.236761364150e-03
16.600000000 -6.116761388021e-03
16.610000000 -5.664761411891e-03
16.620000000 -4.866761435761e-03
16.630000000 -3.743761459632e-03
16.640000000 -2.347761483502e-03
16.650000000 -7.587615073725e-04
16.660000000 9.242384687571e-04
16.670000000 2.590238444887e-03
16.680000000 4.134238421016e-03
16.690000000 5.455238397146e-03
16.700000000 6.477238373276e-03
16.710000000 7.145238349405e-03
16.720000000 7.427238325535e-03
16.730000000 7.312238301665e-03
16.740000000 6.810238277794e-03
16.750000000 5.947238253924e-03
16.760000000 4.768238230053e-03
16.770000000 3.339238206183e-03
16.780000000 1.739238182313e-03
16.790000000 5.423815844231e-05
16.800000000 -1.633761865428e-03
16.810000000 -3.252761889298e-03
16.820000000 -4.743761913169e-03
16.830000000 -6.056761937039e-03
16.840000000 -7.144761960910e-03
16.850000000 -7.962761984780e-03
16.860000000 -8.468762008650e-03
16.870000000 -8.630762032521e-03
16.880000000 -8.435762056391e-03
16.890000000 -7.901762080261e-03
16.900000000 -7.078762104132e-03
16.910000000 -6.044762128002e-03
16.920000000 -4.894762151873e-03
16.930000000 -3.722762175743e-03
16.940000000 -2.603762199613e-03
16.950000000 -1.584762223484e-03
16.960000000 -6.707622473540e-04
16.970000000 1.582377287756e-04
16.980000000 9.482377049052e-04
16.990000000 1.748237681035e-03
17.000000000 2.602237657164e-03
17.010000000 3.533237633294e-03
17.020000000 4.549237609424e-03
17.030000000 5.638237585553e-03
17.040000000 6.777237561683e-03
17.050000000 7.933237537813e-03
17.060000000 9.070237513942e-03
17.070000000 1.015123749007e-02
17.080000000 1.113723746620e-02
17.090000000 1.198523744233e-02
17.100000000 1.265323741846e-02
17.110000000 1.310023739459e-02
17.120000000 1.328923737072e-02
17.130000000 1.319423734685e-02
17.140000000 1.280023732298e-02
17.150000000 1.210823729911e-02
17.160000000 1.113223727524e-02
17.170000000 9.902237251368e-03
17.180000000 8.463237227498e-03
17.190000000 6.870237203627e-03
17.200000000 5.190237179757e-03
17.210000000 3.495237155887e-03
17.220000000 1.858237132016e-03
17.230000000 3.522371081459e-04
17.240000000 -9.567629157244e-04
17.250000000 -2.008762939595e-03
17.260000000 -2.753762963465e-03
17.270000000 -3.154762987336e-03
17.280000000 -3.185763011206e-03
17.290000000 -2.844763035076e-03
17.300000000 -2.152763058947e-03
17.310000000 -1.159763082817e-03
17.320000000 5.723689331257e-05
17.330000000 1.399236869442e-03
17.340000000 2.754236845572e-03
17.350000000 4.015236821701e-03
17.360000000 5.090236797831e-03
17.370000000 5.916236773961e-03
17.380000000 6.468236750090e-03
17.390000000 6.761236726220e-03
17.400000000 6.848236702350e-03
17.410000000 6.803236678479e-03
17.420000000 6.711236654609e-03
17.430000000 6.648236630738e-03
17.440000000 6.667236606868e-03
17.450000000 6.791236582998e-03
17.460000000 7.012236559127e-03
17.470000000 7.292236535257e-03
17.480000000 7.571236511387e-03
17.490000000 7.777236487516e-03
17.500000000 7.833236463646e-03
17.510000000 7.676236439776e-03
17.520000000 7.257236415905e-03
17.530000000 6.556236392035e-03
17.540000000 5.576236368164e-03
17.550000000 4.349236344294e-03
17.560000000 2.931236320424e-03
17.570000000 1.398236296553e-03
17.580000000 -1.607637273171e-04
17.590000000 -1.644763751187e-03
17.600000000 -2.956763775058e-03
17.610000000 -4.004763798928e-03
17.620000000 -4.717763822799e-03
17.630000000 -5.052763846669e-03
17.640000000 -5.002763870539e-03
17.650000000 -4.602763894410e-03
17.660000000 -3.927763918280e-03
17.670000000 -3.085763942150e-03
17.680000000 -2.202763966021e-03
17.690000000 -1.404763989891e-03
17.700000000 -7.977640137616e-04
17.710000000 -4.607640376319e-04
17.720000000 -4.357640615023e-04
17.730000000 -7.227640853727e-04
17.740000000 -1.292764109243e-03
17.750000000 -2.081764133113e-03
17.760000000 -3.007764156984e-03
17.770000000 -3.983764180854e-03
17.780000000 -4.926764204725e-03
17.790000000 -5.771764228595e-03
17.800000000 -6.483764252465e-03
17.810000000 -7.051764276336e-03
17.820000000 -7.493764300206e-03
17.830000000 -7.842764324076e-03
17.840000000 -8.141764347947e-03
17.850000000 -8.430764371817e-03
17.860000000 -8.747764395688e-03
17.870000000 -9.117764419558e-03
17.880000000 -9.552764443428e-03
17.890000000 -1.004276446730e-02
17.900000000 -1.056276449117e-02
17.910000000 -1.106476451504e-02
17.920000000 -1.148976453891e-02
17.930000000 -1.178076456278e-02
17.940000000 -1.188776458665e-02
17.950000000 -1.178176461052e-02
17.960000000 -1.145276463439e-02
17.970000000 -1.091276465826e-02
17.980000000 -1.018476468213e-02
17.990000000 -9.305764706002e-03
18.000000000 -8.317764729873e-03
18.010000000 -7.268764753743e-03
18.020000000 -6.207764777613e-03
18.030000000 -5.183764801484e-03
18.040000000 -4.227764825354e-03
18.050000000 -3.361764849225e-03
18.060000000 -2.584764873095e-03
18.070000000 -1.883764896965e-03
18.080000000 -1.237764920836e-03
18.090000000 -6.347649447061e-04
18.100000000 -6.476496857646e-05
18.110000000 4.612350075532e-04
18.120000000 9.232349836828e-04
18.130000000 1.291234959812e-03
18.140000000 1.537234935942e-03
18.150000000 1.637234912072e-03
18.160000000 1.588234888201e-03
18.170000000 1.403234864331e-03
18.180000000 1.111234840461e-03
18.190000000 7.592348165902e-04
18.200000000 3.992347927198e-04
18.210000000 8.223476884944e-05
18.220000000 -1.437652550209e-04
18.230000000 -2.437652788913e-04
18.240000000 -1.927653027617e-04
18.250000000 1.823467336795e-05
18.260000000 3.902346494976e-04
18.270000000 9.172346256272e-04
18.280000000 1.592234601757e-03
18.290000000 2.404234577886e-03
18.300000000 3.346234554016e-03
18.310000000 4.405234530146e-03
18.320000000 5.569234506275e-03
18.330000000 6.817234482405e-03
18.340000000 8.123234458535e-03
18.350000000 9.456234434664e-03
18.360000000 1.078223441079e-02
18.370000000 1.205723438692e-02
18.380000000 1.323223436305e-02
18.390000000 1.425723433918e-02
18.400000000 1.508823431531e-02
18.410000000 1.569323429144e-02
18.420000000 1.606123426757e-02
18.430000000 1.619723424370e-02
18.440000000 1.612323421983e-02
18.450000000 1.587223419596e-02
18.460000000 1.547923417209e-02
18.470000000 1.498123414822e-02
18.480000000 1.440823412435e-02
18.490000000 1.379123410048e-02
18.500000000 1.315723407661e-02
18.510000000 1.253023405274e-02
18.520000000 1.192323402887e-02
18.530000000 1.133923400500e-02
18.540000000 1.076123398113e-02
18.550000000 1.016723395726e-02
18.560000000 9.519233933386e-03
18.570000000 8.788233909516e-03
18.580000000 7.946233885646e-03
18.590000000 6.982233861775e-03
18.600000000 5.893233837905e-03
18.610000000 4.701233814035e-03
18.620000000 3.435233790164e-03
18.630000000 2.142233766294e-03
18.640000000 8.732337424234e-04
18.650000000 -3.157662814469e-04
18.660000000 -1.385766305317e-03
18.670000000 -2.303766329188e-03
18.680000000 -3.066766353058e-03
18.690000000 -3.683766376928e-03
18.700000000 -4.191766400799e-03
18.710000000 -4.632766424669e-03
18.720000000 -5.060766448540e-03
18.730000000 -5.523766472410e-03
18.740000000 -6.060766496280e-03
18.750000000 -6.686766520151e-03
18.760000000 -7.399766544021e-03
18.770000000 -8.171766567891e-03
18.780000000 -8.961766591762e-03
18.790000000 -9.721766615632e-03
18.800000000 -1.041176663950e-02
18.810000000 -1.100376666337e-02
18.820000000 -1.148876668724e-02
18.830000000 -1.187076671111e-02
18.840000000 -1.216576673498e-02
18.850000000 -1.239376675885e-02
18.860000000 -1.257876678272e-02
18.870000000 -1.273976680660e-02
18.880000000 -1.289376683047e-02
18.890000000 -1.305376685434e-02
18.900000000 -1.322776687821e-02
18.910000000 -1.341576690208e-02
18.920000000 -1.361076692595e-02
18.930000000 -1.379776694982e-02
18.940000000 -1.396276697369e-02
18.950000000 -1.409576699756e-02
18.960000000 -1.419876702143e-02
18.970000000 -1.428276704530e-02
18.980000000 -1.436276706917e-02
18.990000000 -1.445076709304e-02
19.000000000 -1.454776711691e-02
19.010000000 -1.464076714078e-02
19.020000000 -1.470776716465e-02
19.030000000 -1.472176718852e-02
19.040000000 -1.465676721239e-02
19.050000000 -1.449076723626e-02
19.060000000 -1.420776726013e-02
19.070000000 -1.379776728400e-02
19.080000000 -1.325476730787e-02
19.090000000 -1.258076733174e-02
19.100000000 -1.178076735561e-02
19.110000000 -1.087176737948e-02
19.120000000 -9.873767403354e-03
19.130000000 -8.815767427225e-03
19.140000000 -7.723767451095e-03
19.150000000 -6.628767474966e-03
19.160000000 -5.553767498836e-03
19.170000000 -4.520767522706e-03
19.180000000 -3.536767546577e-03
19.190000000 -2.603767570447e-03
19.200000000 -1.705767594317e-03
19.210000000 -8.227676181878e-04
19.220000000 7.323235794184e-05
19.230000000 1.001232334071e-03
19.240000000 1.977232310201e-03
19.250000000 2.997232286331e-03
19.260000000 4.048232262460e-03
19.270000000 5.101232238590e-03
19.280000000 6.127232214720e-03
19.290000000 7.095232190849e-03
19.300000000 7.988232166979e-03
19.310000000 8.799232143108e-03
19.320000000 9.534232119238e-03
19.330000000 1.020723209537e-02
19.340000000 1.083523207150e-02
19.350000000 1.143023204763e-02
19.360000000 1.200323202376e-02
19.370000000 1.255223199989e-02
19.380000000 1.307123197602e-02
19.390000000 1.354823195215e-02
19.400000000 1.396623192828e-02
19.410000000 1.430723190440e-02
19.420000000 1.455223188053e-02
19.430000000 1.467923185666e-02
19.440000000 1.466523183279e-02
19.450000000 1.448023180892e-02
19.460000000 1.408923178505e-02
19.470000000 1.345423176118e-02
19.480000000 1.253523173731e-02
19.490000000 1.130623171344e-02
19.500000000 9.756231689571e-03
19.510000000 7.900231665701e-03
19.520000000 5.784231641831e-03
19.530000000 3.487231617960e-03
19.540000000 1.110231594090e-03
19.550000000 -1.226768429780e-03
19.560000000 -3.407768453651e-03
19.570000000 -5.326768477521e-03
19.580000000 -6.906768501392e-03
19.590000000 -8.098768525262e-03
19.600000000 -8.892768549132e-03
19.610000000 -9.306768573003e-03
19.620000000 -9.385768596873e-03
19.630000000 -9.185768620743e-03
19.640000000 -8.759768644614e-03
19.650000000 -8.152768668484e-03
19.660000000 -7.391768692355e-03
19.670000000 -6.490768716225e-03
19.680000000 -5.457768740095e-03
19.690000000 -4.304768763966e-03
19.700000000 -3.049768787836e-03
19.710000000 -1.725768811706e-03
19.720000000 -3.747688355768e-04
19.730000000 9.532311405529e-04
19.740000000 2.211231116682e-03
19.750000000 3.362231092812e-03
19.760000000 4.383231068942e-03
19.770000000 5.267231045071e-03
19.780000000 6.022231021201e-03
19.790000000 6.659230997331e-03
19.800000000 7.199230973460e-03
19.810000000 7.654230949590e-03
19.820000000 8.039230925720e-03
19.830000000 8.359230901849e-03
19.840000000 8.612230877979e-03
19.850000000 8.794230854108e-03
19.860000000 8.900230830238e-03
19.870000000 8.932230806368e-03
19.880000000 8.900230782497e-03
19.890000000 8.828230758627e-03
19.900000000 8.747230734757e-03
19.910000000 8.696230710886e-03
19.920000000 8.712230687016e-03
19.930000000 8.820230663145e-03
19.940000000 9.037230639275e-03
19.950000000 9.360230615405e-03
19.960000000 9.772230591534e-03
19.970000000 1.024123056766e-02
19.980000000 1.072623054379e-02
19.990000000 1.117823051992e-02
20.000000000 1.154523049605e-02
20.010000000 1.177723047218e-02
20.020000000 1.182623044831e-02
20.030000000 1.165623042444e-02
20.040000000 1.124523040057e-02
20.050000000 1.059123037670e-02
20.060000000 9.714230352831e-03
20.070000000 8.656230328960e-03
20.080000000 7.469230305090e-03
20.090000000 6.210230281219e-03
20.100000000 4.930230257349e-03
20.110000000 3.666230233479e-03
20.120000000 2.436230209608e-03
20.130000000 1.244230185738e-03
20.140000000 7.423016186759e-05
20.150000000 -1.091769862003e-03
20.160000000 -2.281769885873e-03
20.170000000 -3.512769909744e-03
20.180000000 -4.789769933614e-03
20.190000000 -6.100769957484e-03
20.200000000 -7.414769981355e-03
20.210000000 -8.682770005225e-03
20.220000000 -9.851770029095e-03
20.230000000 -1.086577005297e-02
20.240000000 -1.167577007684e-02
20.250000000 -1.224277010071e-02
20.260000000 -1.254177012458e-02
20.270000000 -1.256077014845e-02
20.280000000 -1.230877017232e-02
20.290000000 -1.180877019619e-02
20.300000000 -1.110377022006e-02
20.310000000 -1.024977024393e-02
20.320000000 -9.306770267799e-03
20.330000000 -8.334770291669e-03
20.340000000 -7.384770315540e-03
20.350000000 -6.495770339410e-03
20.360000000 -5.689770363281e-03
20.370000000 -4.969770387151e-03
20.380000000 -4.325770411021e-03
20.390000000 -3.731770434892e-03
20.400000000 -3.161770458762e-03
20.410000000 -2.595770482632e-03
20.420000000 -2.024770506503e-03
20.430000000 -1.458770530373e-03
20.440000000 -9.197705542436e-04
20.450000000 -4.357705781139e-04
20.460000000 -3.177060198432e-05
20.470000000 2.702293741453e-04
20.480000000 4.582293502749e-04
20.490000000 5.262293264046e-04
20.500000000 4.722293025342e-04
20.510000000 3.032292786638e-04
20.520000000 3.522925479344e-05
20.530000000 -3.047707690769e-04
20.540000000 -6.767707929473e-04
20.550000000 -1.030770816818e-03
20.560000000 -1.313770840688e-03
20.570000000 -1.477770864558e-03
20.580000000 -1.484770888429e-03
20.590000000 -1.313770912299e-03
20.600000000 -9.597709361695e-04
20.610000000 -4.377709600399e-04
20.620000000 2.222290160897e-04
20.630000000 9.752289922193e-04
20.640000000 1.763228968349e-03
20.650000000 2.521228944479e-03
20.660000000 3.184228920608e-03
20.670000000 3.691228896738e-03
20.680000000 3.994228872867e-03
20.690000000 4.066228848997e-03
20.700000000 3.895228825127e-03
20.710000000 3.492228801256e-03
20.720000000 2.878228777386e-03
20.730000000 2.089228753516e-03
20.740000000 1.171228729645e-03
20.750000000 1.782287057749e-04
20.760000000 -8.337713180955e-04
20.770000000 -1.804771341966e-03
20.780000000 -2.684771365836e-03
20.790000000 -3.432771389707e-03
20.800000000 -4.020771413577e-03
20.810000000 -4.439771437447e-03
20.820000000 -4.694771461318e-03
20.830000000 -4.800771485188e-03
20.840000000 -4.786771509058e-03
20.850000000 -4.679771532929e-03
20.860000000 -4.508771556799e-03
20.870000000 -4.294771580670e-03
20.880000000 -4.049771604540e-03
20.890000000 -3.779771628410e-03
20.900000000 -3.482771652281e-03
20.910000000 -3.154771676151e-03
20.920000000 -2.786771700021e-03
20.930000000 -2.377771723892e-03
20.940000000 -1.927771747762e-03
20.950000000 -1.446771771633e-03
20.960000000 -9.477717955029e-04
20.970000000 -4.457718193733e-04
20.980000000 5.422815675632e-05
20.990000000 5.532281328859e-04
21.000000000 1.064228109016e-03
21.010000000 1.596228085145e-03
21.020000000 2.161228061275e-03
21.030000000 2.757228037404e-03
21.040000000 3.376228013534e-03
21.050000000 3.999227989664e-03
21.060000000 4.604227965793e-03
21.070000000 5.169227941923e-03
21.080000000 5.676227918053e-03
21.090000000 6.110227894182e-03
21.100000000 6.465227870312e-03
21.110000000 6.735227846441e-03
21.120000000 6.923227822571e-03
21.130000000 7.029227798701e-03
21.140000000 7.054227774830e-03
21.150000000 6.996227750960e-03
21.160000000 6.847227727090e-03
21.170000000 6.595227703219e-03
21.180000000 6.221227679349e-03
21.190000000 5.708227655479e-03
21.200000000 5.043227631608e-03
21.210000000 4.224227607738e-03
21.220000000 3.263227583867e-03
21.230000000 2.191227559997e-03
21.240000000 1.047227536127e-03
21.250000000 -1.167724877437e-04
21.260000000 -1.253772511614e-03
21.270000000 -2.317772535484e-03
21.280000000 -3.274772559355e-03
21.290000000 -4.100772583225e-03
21.300000000 -4.785772607096e-03
21.310000000 -5.334772630966e-03
21.320000000 -5.762772654836e-03
21.330000000 -6.094772678707e-03
21.340000000 -6.360772702577e-03
21.350000000 -6.588772726447e-03
21.360000000 -6.803772750318e-03
21.370000000 -7.023772774188e-03
21.380000000 -7.263772798059e-03
21.390000000 -7.529772821929e-03
21.400000000 -7.820772845799e-03
21.410000000 -8.122772869670e-03
21.420000000 -8.415772893540e-03
21.430000000 -8.668772917410e-03
21.440000000 -8.853772941281e-03
21.450000000 -8.945772965151e-03
21.460000000 -8.936772989022e-03
21.470000000 -8.832773012892e-03
21.480000000 -8.656773036762e-03
21.490000000 -8.444773060633e-03
21.500000000 -8.235773084503e-03
21.510000000 -8.062773108373e-03
21.520000000 -7.946773132244e-03
21.530000000 -7.895773156114e-03
21.540000000 -7.899773179985e-03
21.550000000 -7.939773203855e-03
21.560000000 -7.985773227725e-03
21.570000000 -8.010773251596e-03
21.580000000 -7.990773275466e-03
21.590000000 -7.913773299336e-03
21.600000000 -7.776773323207e-03
21.610000000 -7.588773347077e-03
21.620000000 -7.361773370948e-03
21.630000000 -7.109773394818e-03
21.640000000 -6.835773418688e-03
21.650000000 -6.532773442559e-03
21.660000000 -6.184773466429e-03
21.670000000 -5.775773490299e-03
21.680000000 -5.292773514170e-03
21.690000000 -4.736773538040e-03
21.700000000 -4.117773561910e-03
21.710000000 -3.463773585781e-03
21.720000000 -2.798773609651e-03
21.730000000 -2.148773633522e-03
21.740000000 -1.525773657392e-03
21.750000000 -9.327736812623e-04
21.760000000 -3.537737051327e-04
21.770000000 2.302262709969e-04
21.780000000 8.402262471265e-04
21.790000000 1.489226223256e-03
21.800000000 2.173226199386e-03
21.810000000 2.872226175515e-03
21.820000000 3.555226151645e-03
21.830000000 4.180226127775e-03
21.840000000 4.715226103904e-03
21.850000000 5.136226080034e-03
21.860000000 5.440226056164e-03
21.870000000 5.636226032293e-03
21.880000000 5.745226008423e-03
21.890000000 5.792225984552e-03
21.900000000 5.804225960682e-03
21.910000000 5.800225936812e-03
21.920000000 5.800225912941e-03
21.930000000 5.816225889071e-03
21.940000000 5.861225865201e-03
21.950000000 5.943225841330e-03
21.960000000 6.071225817460e-03
21.970000000 6.250225793589e-03
21.980000000 6.483225769719e-03
21.990000000 6.772225745849e-03
22.000000000 7.115225721978e-03
22.010000000 7.512225698108e-03
22.020000000 7.961225674238e-03
22.030000000 8.459225650367e-03
22.040000000 9.001225626497e-03
22.050000000 9.576225602626e-03
22.060000000 1.016922557876e-02
22.070000000 1.075722555489e-02
22.080000000 1.131522553102e-02
22.090000000 1.181622550714e-02
22.100000000 1.223922548327e-02
22.110000000 1.256722545940e-02
22.120000000 1.279622543553e-02
22.130000000 1.293022541166e-02
22.140000000 1.298622538779e-02
22.150000000 1.298022536392e-02
22.160000000 1.293122534005e-02
22.170000000 1.284722531618e-02
22.180000000 1.272422529231e-02
22.190000000 1.254022526844e-02
22.200000000 1.226622524457e-02
22.210000000 1.187022522070e-02
22.220000000 1.132422519683e-02
22.230000000 1.062022517296e-02
22.240000000 9.762225149089e-03
22.250000000 8.772225125219e-03
22.260000000 7.680225101349e-03
22.270000000 6.523225077478e-03
22.280000000 5.334225053608e-03
22.290000000 4.147225029738e-03
22.300000000 2.989225005867e-03
22.310000000 1.890224981997e-03
22.320000000 8.742249581264e-04
22.330000000 -3.477506574394e-05
22.340000000 -8.217750896143e-04
22.350000000 -1.475775113485e-03
22.360000000 -2.002775137355e-03
22.370000000 -2.420775161225e-03
22.380000000 -2.757775185096e-03
22.390000000 -3.049775208966e-03
22.400000000 -3.332775232837e-03
22.410000000 -3.632775256707e-03
22.420000000 -3.968775280577e-03
22.430000000 -4.342775304448e-03
22.440000000 -4.746775328318e-03
22.450000000 -5.159775352188e-03
22.460000000 -5.553775376059e-03
22.470000000 -5.899775399929e-03
22.480000000 -6.171775423800e-03
22.490000000 -6.352775447670e-03
22.500000000 -6.434775471540e-03
22.510000000 -6.422775495411e-03
22.520000000 -6.328775519281e-03
22.530000000 -6.169775543151e-03
22.540000000 -5.965775567022e-03
22.550000000 -5.732775590892e-03
22.560000000 -5.485775614763e-03
22.570000000 -5.233775638633e-03
22.580000000 -4.989775662503e-03
22.590000000 -4.765775686374e-03
22.600000000 -4.572775710244e-03
22.610000000 -4.422775734114e-03
22.620000000 -4.320775757985e-03
22.630000000 -4.267775781855e-03
22.640000000 -4.259775805725e-03
22.650000000 -4.296775829596e-03
22.660000000 -4.381775853466e-03
22.670000000 -4.526775877337e-03
22.680000000 -4.746775901207e-03
22.690000000 -5.056775925077e-03
22.700000000 -5.461775948948e-03
22.710000000 -5.955775972818e-03
22.720000000 -6.514775996688e-03
22.730000000 -7.101776020559e-03
22.740000000 -7.670776044429e-03
22.750000000 -8.176776068300e-03
22.760000000 -8.576776092170e-03
22.770000000 -8.839776116040e-03
22.780000000 -8.944776139911e-03
22.790000000 -8.879776163781e-03
22.800000000 -8.642776187651e-03
22.810000000 -8.235776211522e-03
22.820000000 -7.665776235392e-03
22.830000000 -6.945776259263e-03
22.840000000 -6.090776283133e-03
22.850000000 -5.119776307003e-03
22.860000000 -4.050776330874e-03
22.870000000 -2.905776354744e-03
22.880000000 -1.705776378614e-03
22.890000000 -4.747764024848e-04
22.900000000 7.632235736448e-04
22.910000000 1.981223549774e-03
22.920000000 3.148223525904e-03
22.930000000 4.231223502034e-03
22.940000000 5.194223478163e-03
22.950000000 5.998223454293e-03
22.960000000 6.610223430423e-03
22.970000000 7.000223406552e-03
22.980000000 7.155223382682e-03
22.990000000 7.075223358811e-03
23.000000000 6.781223334941e-03
23.010000000 6.308223311071e-03
23.020000000 5.705223287200e-03
23.030000000 5.024223263330e-03
23.040000000 4.314223239460e-03
23.050000000 3.621223215589e-03
23.060000000 2.982223191719e-03
23.070000000 2.428223167849e-03
23.080000000 1.980223143978e-03
23.090000000 1.654223120108e-03
23.100000000 1.458223096237e-03
23.110000000 1.397223072367e-03
23.120000000 1.470223048497e-03
23.130000000 1.672223024626e-03
23.140000000 1.995223000756e-03
23.150000000 2.430222976886e-03
23.160000000 2.966222953015e-03
23.170000000 3.589222929145e-03
23.180000000 4.288222905274e-03
23.190000000 5.047222881404e-03
23.200000000 5.844222857534e-03
23.210000000 6.649222833663e-03
23.220000000 7.420222809793e-03
23.230000000 8.102222785923e-03
23.240000000 8.635222762052e-03
23.250000000 8.961222738182e-03
23.260000000 9.033222714311e-03
23.270000000 8.825222690441e-03
23.280000000 8.337222666571e-03
23.290000000 7.594222642700e-03
23.300000000 6.638222618830e-03
23.310000000 5.523222594960e-03
23.320000000 4.304222571089e-03
23.330000000 3.030222547219e-03
23.340000000 1.741222523348e-03
23.350000000 4.712224994781e-04
23.360000000 -7.497775243923e-04
23.370000000 -1.893777548263e-03
23.380000000 -2.930777572133e-03
23.390000000 -3.830777596003e-03
23.400000000 -4.571777619874e-03
23.410000000 -5.134777643744e-03
23.420000000 -5.517777667615e-03
23.430000000 -5.727777691485e-03
23.440000000 -5.785777715355e-03
23.450000000 -5.715777739226e-03
23.460000000 -5.545777763096e-03
23.470000000 -5.299777786966e-03
23.480000000 -4.997777810837e-03
23.490000000 -4.658777834707e-03
23.500000000 -4.298777858577e-03
23.510000000 -3.933777882448e-03
23.520000000 -3.580777906318e-03
23.530000000 -3.250777930189e-03
23.540000000 -2.954777954059e-03
23.550000000 -2.697777977929e-03
23.560000000 -2.483778001800e-03
23.570000000 -2.313778025670e-03
23.580000000 -2.191778049540e-03
23.590000000 -2.130778073411e-03
23.600000000 -2.147778097281e-03
23.610000000 -2.269778121152e-03
23.620000000 -2.521778145022e-03
23.630000000 -2.929778168892e-03
23.640000000 -3.507778192763e-03
23.650000000 -4.254778216633e-03
23.660000000 -5.154778240503e-03
23.670000000 -6.164778264374e-03
23.680000000 -7.226778288244e-03
23.690000000 -8.263778312115e-03
23.700000000 -9.198778335985e-03
23.710000000 -9.951778359855e-03
23.720000000 -1.045777838373e-02
23.730000000 -1.066377840760e-02
23.740000000 -1.053877843147e-02
23.750000000 -1.006977845534e-02
23.760000000 -9.268778479207e-03
23.770000000 -8.169778503078e-03
23.780000000 -6.825778526948e-03
23.790000000 -5.305778550818e-03
23.800000000 -3.685778574689e-03
23.810000000 -2.048778598559e-03
23.820000000 -4.657786224294e-04
23.830000000 9.962213537002e-04
23.840000000 2.290221329830e-03
23.850000000 3.380221305959e-03
23.860000000 4.248221282089e-03
23.870000000 4.887221258219e-03
23.880000000 5.300221234348e-03
23.890000000 5.497221210478e-03
23.900000000 5.493221186608e-03
23.910000000 5.306221162737e-03
23.920000000 4.953221138867e-03
23.930000000 4.450221114996e-03
23.940000000 3.810221091126e-03
23.950000000 3.041221067256e-03
23.960000000 2.156221043385e-03
23.970000000 1.168221019515e-03
23.980000000 1.002209956446e-04
23.990000000 -1.010779028226e-03
24.000000000 -2.120779052096e-03
24.010000000 -3.172779075966e-03
24.020000000 -4.109779099837e-03
24.030000000 -4.877779123707e-03
24.040000000 -5.435779147578e-03
24.050000000 -5.758779171448e-03
24.060000000 -5.839779195318e-03
24.070000000 -5.683779219189e-03
24.080000000 -5.307779243059e-03
24.090000000 -4.738779266929e-03
24.100000000 -4.011779290800e-03
24.110000000 -3.171779314670e-03
24.120000000 -2.271779338541e-03
24.130000000 -1.368779362411e-03
24.140000000 -5.187793862813e-04
24.150000000 2.272205898483e-04
24.160000000 8.262205659779e-04
24.170000000 1.249220542108e-03
24.180000000 1.482220518237e-03
24.190000000 1.529220494367e-03
24.200000000 1.412220470496e-03
24.210000000 1.166220446626e-03
24.220000000 8.372204227557e-04
24.230000000 4.712203988853e-04
24.240000000 1.132203750150e-04
24.250000000 -1.977796488554e-04
24.260000000 -4.327796727258e-04
24.270000000 -5.667796965962e-04
24.280000000 -5.867797204665e-04
24.290000000 -4.837797443369e-04
24.300000000 -2.577797682073e-04
24.310000000 7.922020792235e-05
24.320000000 5.062201840520e-04
24.330000000 9.882201601816e-04
24.340000000 1.490220136311e-03
24.350000000 1.978220112441e-03
24.360000000 2.425220088570e-03
24.370000000 2.814220064700e-03
24.380000000 3.136220040830e-03
24.390000000 3.388220016959e-03
24.400000000 3.567219993089e-03
24.410000000 3.669219969219e-03
24.420000000 3.690219945348e-03
24.430000000 3.621219921478e-03
24.440000000 3.454219897608e-03
24.450000000 3.178219873737e-03
24.460000000 2.783219849867e-03
24.470000000 2.263219825996e-03
24.480000000 1.617219802126e-03
24.490000000 8.612197782556e-04
24.500000000 2.521975438528e-05
24.510000000 -8.447802694851e-04
24.520000000 -1.691780293355e-03
24.530000000 -2.457780317226e-03
24.540000000 -3.090780341096e-03
24.550000000 -3.548780364967e-03
24.560000000 -3.802780388837e-03
24.570000000 -3.836780412707e-03
24.580000000 -3.644780436578e-03
24.590000000 -3.229780460448e-03
24.600000000 -2.600780484318e-03
24.610000000 -1.775780508189e-03
24.620000000 -7.807805320592e-04
24.630000000 3.452194440704e-04
24.640000000 1.559219420200e-03
24.650000000 2.806219396330e-03
24.660000000 4.029219372459e-03
24.670000000 5.166219348589e-03
24.680000000 6.161219324719e-03
24.690000000 6.964219300848e-03
24.700000000 7.539219276978e-03
24.710000000 7.865219253107e-03
24.720000000 7.938219229237e-03
24.730000000 7.769219205367e-03
24.740000000 7.387219181496e-03
24.750000000 6.832219157626e-03
24.760000000 6.153219133756e-03
24.770000000 5.402219109885e-03
24.780000000 4.630219086015e-03
24.790000000 3.884219062144e-03
24.800000000 3.200219038274e-03
24.810000000 2.610219014404e-03
24.820000000 2.133218990533e-03
24.830000000 1.782218966663e-03
24.840000000 1.563218942793e-03
24.850000000 1.476218918922e-03
24.860000000 1.516218895052e-03
24.870000000 1.673218871182e-03
24.880000000 1.936218847311e-03
24.890000000 2.291218823441e-03
24.900000000 2.724218799570e-03
24.910000000 3.221218775700e-03
24.920000000 3.768218751830e-03
24.930000000 4.347218727959e-03
24.940000000 4.931218704089e-03
24.950000000 5.491218680219e-03
24.960000000 5.995218656348e-03
24.970000000 6.413218632478e-03
24.980000000 6.723218608607e-03
24.990000000 6.908218584737e-03
25.000000000 6.955218560867e-03
25.010000000 6.857218536996e-03
25.020000000 6.610218513126e-03
25.030000000 6.213218489256e-03
25.040000000 5.670218465385e-03
25.050000000 4.994218441515e-03
25.060000000 4.203218417644e-03
25.070000000 3.328218393774e-03
25.080000000 2.401218369904e-03
25.090000000 1.463218346033e-03
25.100000000 5.572183221629e-04
25.110000000 -2.737817017074e-04
25.120000000 -9.857818255778e-04
25.130000000 -1.542781749448e-03
25.140000000 -1.920781773319e-03
25.150000000 -2.109781797189e-03
25.160000000 -2.116781821059e-03
25.170000000 -1.961781844930e-03
25.180000000 -1.672781868800e-03
25.190000000 -1.274781892670e-03
25.200000000 -7.917819165408e-04
25.210000000 -2.377819404112e-04
25.220000000 3.822180357185e-04
25.230000000 1.066218011848e-03
25.240000000 1.812217987978e-03
25.250000000 2.614217964107e-03
25.260000000 3.456217940237e-03
25.270000000 4.313217916367e-03
25.280000000 5.145217892496e-03
25.290000000 5.906217868626e-03
25.300000000 6.541217844755e-03
25.310000000 6.999217820885e-03
25.320000000 7.232217797015e-03
25.330000000 7.201217773144e-03
25.340000000 6.883217749274e-03
25.350000000 6.269217725404e-03
25.360000000 5.364217701533e-03
25.370000000 4.191217677663e-03
25.380000000 2.785217653793e-03
25.390000000 1.190217629922e-03
25.400000000 -5.417823939482e-04
25.410000000 -2.354782417819e-03
25.420000000 -4.195782441689e-03
25.430000000 -6.007782465559e-03
25.440000000 -7.740782489430e-03
25.450000000 -9.337782513300e-03
25.460000000 -1.074578253717e-02
25.470000000 -1.190478256104e-02
25.480000000 -1.275878258491e-02
25.490000000 -1.325978260878e-02
25.500000000 -1.337778263265e-02
25.510000000 -1.310078265652e-02
25.520000000 -1.244978268039e-02
25.530000000 -1.146578270426e-02
25.540000000 -1.021278272813e-02
25.550000000 -8.766782752004e-03
25.560000000 -7.205782775874e-03
25.570000000 -5.601782799745e-03
25.580000000 -4.013782823615e-03
25.590000000 -2.488782847485e-03
25.600000000 -1.063782871356e-03
25.610000000 2.362171047740e-04
25.620000000 1.391217080904e-03
25.630000000 2.384217057033e-03
25.640000000 3.199217033163e-03
25.650000000 3.823217009292e-03
25.660000000 4.244216985422e-03
25.670000000 4.454216961552e-03
25.680000000 4.454216937681e-03
25.690000000 4.256216913811e-03
25.700000000 3.885216889941e-03
25.710000000 3.375216866070e-03
25.720000000 2.767216842200e-03
25.730000000 2.107216818329e-03
25.740000000 1.436216794459e-03
25.750000000 7.962167705887e-04
25.760000000 2.252167467184e-04
25.770000000 -2.427832771520e-04
25.780000000 -5.827833010224e-04
25.790000000 -7.767833248927e-04
25.800000000 -8.197833487631e-04
25.810000000 -7.237833726335e-04
25.820000000 -5.157833965039e-04
25.830000000 -2.347834203742e-04
25.840000000 7.221655575539e-05
25.850000000 3.602165318850e-04
25.860000000 5.912165080146e-04
25.870000000 7.442164841443e-04
25.880000000 8.132164602739e-04
25.890000000 8.132164364035e-04
25.900000000 7.682164125332e-04
25.910000000 7.112163886628e-04
25.920000000 6.722163647924e-04
25.930000000 6.742163409220e-04
25.940000000 7.272163170517e-04
25.950000000 8.292162931813e-04
25.960000000 9.592162693109e-04
25.970000000 1.087216245441e-03
25.980000000 1.176216221570e-03
25.990000000 1.188216197700e-03
26.000000000 1.091216173829e-03
26.010000000 8.652161499591e-04
26.020000000 5.032161260887e-04
26.030000000 8.216102218317e-06
26.040000000 -6.087839216521e-04
26.050000000 -1.328783945522e-03
26.060000000 -2.132783969393e-03
26.070000000 -2.991783993263e-03
26.080000000 -3.871784017134e-03
26.090000000 -4.735784041004e-03
26.100000000 -5.545784064874e-03
26.110000000 -6.269784088745e-03
26.120000000 -6.888784112615e-03
26.130000000 -7.395784136485e-03
26.140000000 -7.798784160356e-03
26.150000000 -8.105784184226e-03
26.160000000 -8.328784208097e-03
26.170000000 -8.470784231967e-03
26.180000000 -8.525784255837e-03
26.190000000 -8.481784279708e-03
26.200000000 -8.323784303578e-03
26.210000000 -8.040784327448e-03
26.220000000 -7.628784351319e-03
26.230000000 -7.099784375189e-03
26.240000000 -6.479784399060e-03
26.250000000 -5.808784422930e-03
26.260000000 -5.131784446800e-03
26.270000000 -4.496784470671e-03
26.280000000 -3.946784494541e-03
26.290000000 -3.515784518411e-03
26.300000000 -3.218784542282e-03
26.310000000 -3.060784566152e-03
26.320000000 -3.028784590022e-03
26.330000000 -3.102784613893e-03
26.340000000 -3.252784637763e-03
26.350000000 -3.453784661634e-03
26.360000000 -3.677784685504e-03
26.370000000 -3.897784709374e-03
26.380000000 -4.088784733245e-03
26.390000000 -4.224784757115e-03
26.400000000 -4.285784780985e-03
26.410000000 -4.259784804856e-03
26.420000000 -4.146784828726e-03
26.430000000 -3.962784852597e-03
26.440000000 -3.731784876467e-03
26.450000000 -3.480784900337e-03
26.460000000 -3.234784924208e-03
26.470000000 -3.010784948078e-03
26.480000000 -2.815784971948e-03
26.490000000 -2.649784995819e-03
26.500000000 -2.501785019689e-03
26.510000000 -2.358785043560e-03
26.520000000 -2.200785067430e-03
26.530000000 -2.016785091300e-03
26.540000000 -1.792785115171e-03
26.550000000 -1.529785139041e-03
26.560000000 -1.231785162911e-03
26.570000000 -9.107851867818e-04
26.580000000 -5.757852106522e-04
26.590000000 -2.307852345225e-04
26.600000000 1.322147416071e-04
26.610000000 5.292147177367e-04
26.620000000 9.842146938664e-04
26.630000000 1.513214669996e-03
26.640000000 2.131214646126e-03
26.650000000 2.836214622255e-03
26.660000000 3.619214598385e-03
26.670000000 4.457214574514e-03
26.680000000 5.323214550644e-03
26.690000000 6.184214526774e-03
26.700000000 7.011214502903e-03
26.710000000 7.778214479033e-03
26.720000000 8.469214455163e-03
26.730000000 9.075214431292e-03
26.740000000 9.601214407422e-03
26.750000000 1.005721438355e-02
26.760000000 1.046321435968e-02
26.770000000 1.083921433581e-02
26.780000000 1.120321431194e-02
26.790000000 1.156721428807e-02
26.800000000 1.194021426420e-02
26.810000000 1.232921424033e-02
26.820000000 1.274021421646e-02
26.830000000 1.317621419259e-02
26.840000000 1.363821416872e-02
26.850000000 1.411821414485e-02
26.860000000 1.459921412098e-02
26.870000000 1.505121409711e-02
26.880000000 1.544121407324e-02
26.890000000 1.573021404937e-02
26.900000000 1.589121402550e-02
26.910000000 1.590521400163e-02
26.920000000 1.576921397776e-02
26.930000000 1.549021395388e-02
26.940000000 1.508021393001e-02
26.950000000 1.455521390614e-02
26.960000000 1.392521388227e-02
26.970000000 1.319621385840e-02
26.980000000 1.237221383453e-02
26.990000000 1.146021381066e-02
27.000000000 1.047021378679e-02
27.010000000 9.428213762922e-03
27.020000000 8.371213739051e-03
27.030000000 7.349213715181e-03
27.040000000 6.409213691311e-03
27.050000000 5.591213667440e-03
27.060000000 4.915213643570e-03
27.070000000 4.377213619700e-03
27.080000000 3.949213595829e-03
27.090000000 3.590213571959e-03
27.100000000 3.252213548088e-03
27.110000000 2.896213524218e-03
27.120000000 2.494213500348e-03
27.130000000 2.038213476477e-03
27.140000000 1.528213452607e-03
27.150000000 9.832134287366e-04
27.160000000 4.272134048662e-04
27.170000000 -1.127866190041e-04
27.180000000 -6.147866428745e-04
27.190000000 -1.062786666745e-03
27.200000000 -1.456786690615e-03
27.210000000 -1.805786714486e-03
27.220000000 -2.141786738356e-03
27.230000000 -2.503786762226e-03
27.240000000 -2.943786786097e-03
27.250000000 -3.505786809967e-03
27.260000000 -4.228786833837e-03
27.270000000 -5.130786857708e-03
27.280000000 -6.212786881578e-03
27.290000000 -7.449786905449e-03
27.300000000 -8.802786929319e-03
27.310000000 -1.021478695319e-02
27.320000000 -1.161978697706e-02
27.330000000 -1.294478700093e-02
27.340000000 -1.412578702480e-02
27.350000000 -1.510578704867e-02
27.360000000 -1.585378707254e-02
27.370000000 -1.635378709641e-02
27.380000000 -1.661578712028e-02
27.390000000 -1.665878714415e-02
27.400000000 -1.651178716802e-02
27.410000000 -1.620778719189e-02
27.420000000 -1.578478721576e-02
27.430000000 -1.528178723963e-02
27.440000000 -1.474078726350e-02
27.450000000 -1.420378728737e-02
27.460000000 -1.370678731124e-02
27.470000000 -1.328378733512e-02
27.480000000 -1.296078735899e-02
27.490000000 -1.275978738286e-02
27.500000000 -1.269478740673e-02
27.510000000 -1.277378743060e-02
27.520000000 -1.299078745447e-02
27.530000000 -1.332878747834e-02
27.540000000 -1.375578750221e-02
27.550000000 -1.422778752608e-02
27.560000000 -1.468978754995e-02
27.570000000 -1.508478757382e-02
27.580000000 -1.535778759769e-02
27.590000000 -1.546278762156e-02
27.600000000 -1.536778764543e-02
27.610000000 -1.506378766930e-02
27.620000000 -1.455778769317e-02
27.630000000 -1.387778771704e-02
27.640000000 -1.306678774091e-02
27.650000000 -1.217978776478e-02
27.660000000 -1.127278778865e-02
27.670000000 -1.040378781252e-02
27.680000000 -9.615787836393e-03
27.690000000 -8.940787860263e-03
27.700000000 -8.383787884134e-03
27.710000000 -7.931787908004e-03
27.720000000 -7.544787931875e-03
27.730000000 -7.174787955745e-03
27.740000000 -6.765787979615e-03
27.750000000 -6.268788003486e-03
27.760000000 -5.644788027356e-03
27.770000000 -4.873788051226e-03
27.780000000 -3.950788075097e-03
27.790000000 -2.890788098967e-03
27.800000000 -1.714788122838e-03
27.810000000 -4.617881467079e-04
27.820000000 8.352118294217e-04
27.830000000 2.132211805551e-03
27.840000000 3.394211781681e-03
27.850000000 4.584211757811e-03
27.860000000 5.677211733940e-03
27.870000000 6.651211710070e-03
27.880000000 7.498211686199e-03
27.890000000 8.217211662329e-03
27.900000000 8.823211638459e-03
27.910000000 9.339211614588e-03
27.920000000 9.800211590718e-03
27.930000000 1.023921156685e-02
27.940000000 1.068721154298e-02
27.950000000 1.115721151911e-02
27.960000000 1.164721149524e-02
27.970000000 1.213321147137e-02
27.980000000 1.258121144750e-02
27.990000000 1.295021142363e-02
28.000000000 1.320821139975e-02
28.010000000 1.333821137588e-02
28.020000000 1.335021135201e-02
28.030000000 1.327221132814e-02
28.040000000 1.315821130427e-02
28.050000000 1.307121128040e-02
28.060000000 1.307421125653e-02
28.070000000 1.321421123266e-02
28.080000000 1.351421120879e-02
28.090000000 1.396521118492e-02
28.100000000 1.453321116105e-02
28.110000000 1.516221113718e-02
28.120000000 1.578821111331e-02
28.130000000 1.634621108944e-02
28.140000000 1.678221106557e-02
28.150000000 1.705321104170e-02
28.160000000 1.713121101783e-02
28.170000000 1.700521099396e-02
28.180000000 1.667921097009e-02
28.190000000 1.617121094622e-02
28.200000000 1.550621092235e-02
28.210000000 1.472021089848e-02
28.220000000 1.384921087461e-02
28.230000000 1.293921085074e-02
28.240000000 1.204021082687e-02
28.250000000 1.120921080300e-02
28.260000000 1.050721077913e-02
28.270000000 9.994210755255e-03
28.280000000 9.722210731385e-03
28.290000000 9.726210707514e-03
28.300000000 1.001921068364e-02
28.310000000 1.058921065977e-02
28.320000000 1.139621063590e-02
28.330000000 1.238321061203e-02
28.340000000 1.347421058816e-02
28.350000000 1.458921056429e-02
28.360000000 1.564421054042e-02
28.370000000 1.656521051655e-02
28.380000000 1.728721049268e-02
28.390000000 1.776421046881e-02
28.400000000 1.797021044494e-02
28.410000000 1.790121042107e-02
28.420000000 1.756621039720e-02
28.430000000 1.699421037333e-02
28.440000000 1.621321034946e-02
28.450000000 1.526121032559e-02
28.460000000 1.416921030172e-02
28.470000000 1.297221027785e-02
28.480000000 1.169521025398e-02
28.490000000 1.036821023011e-02
28.500000000 9.016210206236e-03
28.510000000 7.675210182366e-03
28.520000000 6.378210158496e-03
28.530000000 5.170210134625e-03
28.540000000 4.087210110755e-03
28.550000000 3.167210086885e-03
28.560000000 2.432210063014e-03
28.570000000 1.896210039144e-03
28.580000000 1.550210015273e-03
28.590000000 1.381209991403e-03
28.600000000 1.360209967533e-03
28.610000000 1.460209943662e-03
28.620000000 1.643209919792e-03
28.630000000 1.883209895922e-03
28.640000000 2.149209872051e-03
28.650000000 2.423209848181e-03
28.660000000 2.687209824310e-03
28.670000000 2.935209800440e-03
28.680000000 3.157209776570e-03
28.690000000 3.348209752699e-03
28.700000000 3.487209728829e-03
28.710000000 3.549209704959e-03
28.720000000 3.487209681088e-03
28.730000000 3.252209657218e-03
28.740000000 2.776209633347e-03
28.750000000 1.995209609477e-03
28.760000000 8.452095856067e-04
28.770000000 -7.137904382637e-04
28.780000000 -2.697790462134e-03
28.790000000 -5.081790486004e-03
28.800000000 -7.811790509875e-03
28.810000000 -1.079479053375e-02
28.820000000 -1.392679055762e-02
28.830000000 -1.708879058149e-02
28.840000000 -2.017579060536e-02
28.850000000 -2.308679062923e-02
28.860000000 -2.574179065310e-02
28.870000000 -2.807379067697e-02
28.880000000 -3.003979070084e-02
28.890000000 -3.160679072471e-02
28.900000000 -3.275879074858e-02
28.910000000 -3.349179077245e-02
28.920000000 -3.381179079632e-02
28.930000000 -3.373179082019e-02
28.940000000 -3.327579084406e-02
28.950000000 -3.247279086793e-02
28.960000000 -3.136279089180e-02
28.970000000 -2.999379091567e-02
28.980000000 -2.842079093954e-02
28.990000000 -2.670479096341e-02
29.000000000 -2.490379098728e-02
29.010000000 -2.307579101115e-02
29.020000000 -2.126579103502e-02
29.030000000 -1.951379105889e-02
29.040000000 -1.784579108276e-02
29.050000000 -1.628179110663e-02
29.060000000 -1.483479113050e-02
29.070000000 -1.352379115437e-02
29.080000000 -1.236379117825e-02
29.090000000 -1.138479120212e-02
29.100000000 -1.061279122599e-02
29.110000000 -1.007979124986e-02
29.120000000 -9.812791273727e-03
29.130000000 -9.831791297597e-03
29.140000000 -1.014379132147e-02
29.150000000 -1.074479134534e-02
29.160000000 -1.160579136921e-02
29.170000000 -1.268179139308e-02
29.180000000 -1.389879141695e-02
29.190000000 -1.516879144082e-02
29.200000000 -1.639479146469e-02
29.210000000 -1.747979148856e-02
29.220000000 -1.833979151243e-02
29.230000000 -1.890779153630e-02
29.240000000 -1.913779156017e-02
29.250000000 -1.900679158404e-02
29.260000000 -1.850479160791e-02
29.270000000 -1.764479163178e-02
29.280000000 -1.645579165565e-02
29.290000000 -1.498379167952e-02
29.300000000 -1.328079170339e-02
29.310000000 -1.141579172726e-02
29.320000000 -9.451791751134e-03
29.330000000 -7.469791775005e-03
29.340000000 -5.549791798875e-03
29.350000000 -3.789791822745e-03
29.360000000 -2.287791846616e-03
29.370000000 -1.137791870486e-03
29.380000000 -4.097918943564e-04
29.390000000 -1.377919182268e-04
29.400000000 -3.067919420971e-04
29.410000000 -8.617919659675e-04
29.420000000 -1.708791989838e-03
29.430000000 -2.738792013708e-03
29.440000000 -3.837792037579e-03
29.450000000 -4.904792061449e-03
29.460000000 -5.854792085319e-03
29.470000000 -6.626792109190e-03
29.480000000 -7.177792133060e-03
29.490000000 -7.477792156930e-03
29.500000000 -7.501792180801e-03
29.510000000 -7.230792204671e-03
29.520000000 -6.646792228542e-03
29.530000000 -5.738792252412e-03
29.540000000 -4.503792276282e-03
29.550000000 -2.959792300153e-03
29.560000000 -1.142792324023e-03
29.570000000 8.782076521065e-04
29.580000000 3.020207628236e-03
29.590000000 5.173207604366e-03
29.600000000 7.227207580495e-03
29.610000000 9.067207556625e-03
29.620000000 1.059920753275e-02
29.630000000 1.174220750888e-02
29.640000000 1.245420748501e-02
29.650000000 1.271820746114e-02
29.660000000 1.255920743727e-02
29.670000000 1.202820741340e-02
29.680000000 1.120820738953e-02
29.690000000 1.020020736566e-02
29.700000000 9.120207341792e-03
29.710000000 8.081207317921e-03
29.720000000 7.191207294051e-03
29.730000000 6.539207270181e-03
29.740000000 6.189207246310e-03
29.750000000 6.177207222440e-03
29.760000000 6.509207198569e-03
29.770000000 7.160207174699e-03
29.780000000 8.081207150829e-03
29.790000000 9.200207126958e-03
29.800000000 1.043820710309e-02
29.810000000 1.171320707922e-02
29.820000000 1.295520705535e-02
29.830000000 1.410520703148e-02
29.840000000 1.512620700761e-02
29.850000000 1.599220698374e-02
29.860000000 1.668920695987e-02
29.870000000 1.720620693600e-02
29.880000000 1.753620691212e-02
29.890000000 1.767520688825e-02
29.900000000 1.762720686438e-02
29.910000000 1.740120684051e-02
29.920000000 1.701820681664e-02
29.930000000 1.650120679277e-02
29.940000000 1.587620676890e-02
29.950000000 1.516620674503e-02
29.960000000 1.439220672116e-02
29.970000000 1.357320669729e-02
29.980000000 1.272720667342e-02
29.990000000 1.187420664955e-02
30.000000000 1.103220662568e-02
30.010000000 1.022420660181e-02
30.020000000 9.469206577940e-03
30.030000000 8.787206554069e-03
30.040000000 8.194206530199e-03
30.050000000 7.705206506329e-03
30.060000000 7.334206482458e-03
30.070000000 7.093206458588e-03
30.080000000 7.001206434718e-03
30.090000000 7.078206410847e-03
30.100000000 7.343206386977e-03
30.110000000 7.815206363106e-03
30.120000000 8.495206339236e-03
30.130000000 9.363206315366e-03
30.140000000 1.036820629150e-02
30.150000000 1.143020626762e-02
30.160000000 1.244420624375e-02
30.170000000 1.329820621988e-02
30.180000000 1.388420619601e-02
30.190000000 1.411220617214e-02
30.200000000 1.392220614827e-02
30.210000000 1.328820612440e-02
30.220000000 1.221320610053e-02
30.230000000 1.073220607666e-02
30.240000000 8.894206052792e-03
30.250000000 6.767206028921e-03
30.260000000 4.424206005051e-03
30.270000000 1.946205981180e-03
30.280000000 -5.947940426899e-04
30.290000000 -3.122794066560e-03
30.300000000 -5.578794090431e-03
30.310000000 -7.898794114301e-03
30.320000000 -1.003679413817e-02
30.330000000 -1.194779416204e-02
30.340000000 -1.359979418591e-02
30.350000000 -1.497179420978e-02
30.360000000 -1.605579423365e-02
30.370000000 -1.685279425752e-02
30.380000000 -1.737379428139e-02
30.390000000 -1.762979430526e-02
30.400000000 -1.762779432913e-02
30.410000000 -1.736679435300e-02
30.420000000 -1.683579437688e-02
30.430000000 -1.601879440075e-02
30.440000000 -1.489679442462e-02
30.450000000 -1.345679444849e-02
30.460000000 -1.169279447236e-02
30.470000000 -9.612794496227e-03
30.480000000 -7.231794520097e-03
30.490000000 -4.583794543968e-03
30.500000000 -1.705794567838e-03
30.510000000 1.340205408292e-03
30.520000000 4.485205384421e-03
30.530000000 7.637205360551e-03
30.540000000 1.069820533668e-02
30.550000000 1.355620531281e-02
30.560000000 1.610620528894e-02
30.570000000 1.823920526507e-02
30.580000000 1.986520524120e-02
30.590000000 2.090620521733e-02
30.600000000 2.130620519346e-02
30.610000000 2.103820516959e-02
30.620000000 2.010420514572e-02
30.630000000 1.854320512185e-02
30.640000000 1.642820509798e-02
30.650000000 1.386520507411e-02
30.660000000 1.098620505024e-02
30.670000000 7.946205026366e-03
30.680000000 4.903205002495e-03
30.690000000 2.019204978625e-03
30.700000000 -5.597950452455e-04
30.710000000 -2.706795069116e-03
30.720000000 -4.328795092986e-03
30.730000000 -5.368795116857e-03
30.740000000 -5.811795140727e-03
30.750000000 -5.681795164597e-03
30.760000000 -5.034795188468e-03
30.770000000 -3.952795212338e-03
30.780000000 -2.526795236209e-03
30.790000000 -8.507952600789e-04
30.800000000 9.892047160507e-04
30.810000000 2.914204692180e-03
30.820000000 4.857204668310e-03
30.830000000 6.758204644440e-03
30.840000000 8.560204620569e-03
30.850000000 1.020520459670e-02
30.860000000 1.163120457283e-02
30.870000000 1.276720454896e-02
30.880000000 1.353820452509e-02
30.890000000 1.386820450122e-02
30.900000000 1.369120447735e-02
30.910000000 1.296420445348e-02
30.920000000 1.168220442961e-02
30.930000000 9.883204405736e-03
30.940000000 7.652204381866e-03
30.950000000 5.121204357995e-03
30.960000000 2.454204334125e-03
30.970000000 -1.577956897456e-04
30.980000000 -2.519795713616e-03
30.990000000 -4.444795737486e-03
31.000000000 -5.781795761357e-03
31.010000000 -6.424795785227e-03
31.020000000 -6.339795809097e-03
31.030000000 -5.562795832968e-03
31.040000000 -4.208795856838e-03
31.050000000 -2.452795880709e-03
31.060000000 -5.147959045789e-04
31.070000000 1.372204071551e-03
31.080000000 2.983204047680e-03
31.090000000 4.135204023810e-03
31.100000000 4.698203999940e-03
31.110000000 4.607203976069e-03
31.120000000 3.859203952199e-03
31.130000000 2.512203928328e-03
31.140000000 6.632039044581e-04
31.150000000 -1.548796119412e-03
31.160000000 -3.966796143283e-03
31.170000000 -6.414796167153e-03
31.180000000 -8.720796191023e-03
31.190000000 -1.072079621489e-02
31.200000000 -1.228279623876e-02
31.210000000 -1.330579626263e-02
31.220000000 -1.373579628650e-02
31.230000000 -1.356579631038e-02
31.240000000 -1.283579633425e-02
31.250000000 -1.162779635812e-02
31.260000000 -1.005479638199e-02
31.270000000 -8.252796405857e-03
31.280000000 -6.360796429727e-03
31.290000000 -4.514796453598e-03
31.300000000 -2.835796477468e-03
31.310000000 -1.429796501338e-03
31.320000000 -3.797965252086e-04
31.330000000 2.542034509210e-04
31.340000000 4.372034270506e-04
31.350000000 1.642034031803e-04
31.360000000 -5.357966206901e-04
31.370000000 -1.601796644560e-03
31.380000000 -2.939796668431e-03
31.390000000 -4.433796692301e-03
31.400000000 -5.948796716172e-03
31.410000000 -7.347796740042e-03
31.420000000 -8.496796763912e-03
31.430000000 -9.278796787783e-03
31.440000000 -9.608796811653e-03
31.450000000 -9.432796835523e-03
31.460000000 -8.743796859394e-03
31.470000000 -7.574796883264e-03
31.480000000 -5.993796907135e-03
31.490000000 -4.101796931005e-03
31.500000000 -2.007796954875e-03
31.510000000 1.712030212543e-04
31.520000000 2.335202997384e-03
31.530000000 4.403202973514e-03
31.540000000 6.323202949643e-03
31.550000000 8.067202925773e-03
31.560000000 9.623202901902e-03
31.570000000 1.098520287803e-02
31.580000000 1.214520285416e-02
31.590000000 1.308220283029e-02
31.600000000 1.376520280642e-02
31.610000000 1.415420278255e-02
31.620000000 1.420220275868e-02
31.630000000 1.386720273481e-02
31.640000000 1.311820271094e-02
31.650000000 1.194820268707e-02
31.660000000 1.037920266320e-02
31.670000000 8.467202639328e-03
31.680000000 6.292202615458e-03
31.690000000 3.952202591588e-03
31.700000000 1.545202567717e-03
31.710000000 -8.377974561531e-04
31.720000000 -3.127797480024e-03
31.730000000 -5.273797503894e-03
31.740000000 -7.253797527764e-03
31.750000000 -9.058797551635e-03
31.760000000 -1.069179757551e-02
31.770000000 -1.215679759938e-02
31.780000000 -1.345379762325e-02
31.790000000 -1.456779764712e-02
31.800000000 -1.547279767099e-02
31.810000000 -1.613079769486e-02
31.820000000 -1.649979771873e-02
31.830000000 -1.654179774260e-02
31.840000000 -1.623779776647e-02
31.850000000 -1.559279779034e-02
31.860000000 -1.465179781421e-02
31.870000000 -1.349379783808e-02
31.880000000 -1.222879786195e-02
31.890000000 -1.098679788582e-02
31.900000000 -9.898797909690e-03
31.910000000 -9.077797933561e-03
31.920000000 -8.599797957431e-03
31.930000000 -8.487797981301e-03
31.940000000 -8.706798005172e-03
31.950000000 -9.168798029042e-03
31.960000000 -9.741798052912e-03
31.970000000 -1.027079807678e-02
31.980000000 -1.059479810065e-02
31.990000000 -1.057179812452e-02
32.000000000 -1.009279814839e-02
32.010000000 -9.095798172264e-03
32.020000000 -7.572798196135e-03
32.030000000 -5.565798220005e-03
32.040000000 -3.150798243875e-03
32.050000000 -4.247982677458e-04
32.060000000 2.509201708384e-03
32.070000000 5.552201684513e-03
32.080000000 8.618201660643e-03
32.090000000 1.162820163677e-02
32.100000000 1.451420161290e-02
32.110000000 1.721520158903e-02
32.120000000 1.967320156516e-02
32.130000000 2.183120154129e-02
32.140000000 2.363020151742e-02
32.150000000 2.500720149355e-02
32.160000000 2.590420146968e-02
32.170000000 2.627220144581e-02
32.180000000 2.608020142194e-02
32.190000000 2.532520139807e-02
32.200000000 2.403220137420e-02
32.210000000 2.225920135033e-02
32.220000000 2.008620132646e-02
32.230000000 1.761920130259e-02
32.240000000 1.496520127872e-02
32.250000000 1.224220125485e-02
32.260000000 9.547201230976e-03
32.270000000 6.969201207106e-03
32.280000000 4.560201183236e-03
32.290000000 2.350201159365e-03
32.300000000 3.272011354949e-04
32.310000000 -1.542798888375e-03
32.320000000 -3.326798912246e-03
32.330000000 -5.093798936116e-03
32.340000000 -6.928798959987e-03
32.350000000 -8.897798983857e-03
32.360000000 -1.105979900773e-02
32.370000000 -1.344879903160e-02
32.380000000 -1.608579905547e-02
32.390000000 -1.896479907934e-02
32.400000000 -2.206879910321e-02
32.410000000 -2.535279912708e-02
32.420000000 -2.876879915095e-02
32.430000000 -3.224479917482e-02
32.440000000 -3.570879919869e-02
32.450000000 -3.907279922256e-02
32.460000000 -4.225579924643e-02
32.470000000 -4.516679927030e-02
32.480000000 -4.773079929417e-02
32.490000000 -4.988379931804e-02
32.500000000 -5.159079934191e-02
32.510000000 -5.284179936578e-02
32.520000000 -5.365879938965e-02
32.530000000 -5.408779941352e-02
32.540000000 -5.418879943739e-02
32.550000000 -5.402179946126e-02
32.560000000 -5.363379948513e-02
32.570000000 -5.305479950901e-02
32.580000000 -5.229379953288e-02
32.590000000 -5.135179955675e-02
32.600000000 -5.021979958062e-02
32.610000000 -4.890079960449e-02
32.620000000 -4.739779962836e-02
32.630000000 -4.572979965223e-02
32.640000000 -4.390879967610e-02
32.650000000 -4.196279969997e-02
32.660000000 -3.990079972384e-02
32.670000000 -3.773979974771e-02
32.680000000 -3.547679977158e-02
32.690000000 -3.311579979545e-02
32.700000000 -3.064379981932e-02
32.710000000 -2.807079984319e-02
32.720000000 -2.539179986706e-02
32.730000000 -2.263279989093e-02
32.740000000 -1.980279991480e-02
32.750000000 -1.693279993867e-02
32.760000000 -1.403079996254e-02
32.770000000 -1.110779998641e-02
32.780000000 -8.144800010283e-03
32.790000000 -5.125800034153e-03
32.800000000 -2.002800058024e-03
32.810000000 1.259199918106e-03
32.820000000 4.717199894236e-03
32.830000000 8.399199870365e-03
32.840000000 1.234419984649e-02
32.850000000 1.655119982262e-02
32.860000000 2.101719979875e-02
32.870000000 2.569019977488e-02
32.880000000 3.051219975101e-02
32.890000000 3.537219972714e-02
32.900000000 4.016019970327e-02
32.910000000 4.472919967940e-02
32.920000000 4.895219965553e-02
32.930000000 5.270219963166e-02
32.940000000 5.589919960779e-02
32.950000000 5.849319958392e-02
32.960000000 6.050119956005e-02
32.970000000 6.196919953618e-02
32.980000000 6.299419951231e-02
32.990000000 6.368319948844e-02
33.000000000 6.415919946457e-02
33.010000000 6.452419944070e-02
33.020000000 6.486419941683e-02
33.030000000 6.522519939296e-02
33.040000000 6.562719936909e-02
33.050000000 6.605419934522e-02
33.060000000 6.647419932135e-02
33.070000000 6.684019929748e-02
33.080000000 6.710519927361e-02
33.090000000 6.722919924974e-02
33.100000000 6.717519922587e-02
33.110000000 6.691719920199e-02
33.120000000 6.643019917812e-02
33.130000000 6.569619915425e-02
33.140000000 6.470319913038e-02
33.150000000 6.345419910651e-02
33.160000000 6.196319908264e-02
33.170000000 6.026919905877e-02
33.180000000 5.842419903490e-02
33.190000000 5.650019901103e-02
33.200000000 5.456319898716e-02
33.210000000 5.268519896329e-02
33.220000000 5.091219893942e-02
33.230000000 4.928019891555e-02
33.240000000 4.779419889168e-02
33.250000000 4.645419886781e-02
33.260000000 4.522819884394e-02
33.270000000 4.408319882007e-02
33.280000000 4.296019879620e-02
33.290000000 4.180219877233e-02
33.300000000 4.053419874846e-02
33.310000000 3.909919872459e-02
33.320000000 3.743419870072e-02
33.330000000 3.550919867685e-02
33.340000000 3.328619865298e-02
33.350000000 3.075919862911e-02
33.360000000 2.790519860524e-02
33.370000000 2.472419858137e-02
33.380000000 2.119819855749e-02
33.390000000 1.733719853362e-02
33.400000000 1.314319850975e-02
33.410000000 8.658198485884e-03
33.420000000 3.931198462013e-03
33.430000000 -9.388015618572e-04
33.440000000 -5.845801585728e-03
33.450000000 -1.063980160960e-02
33.460000000 -1.517880163347e-02
33.470000000 -1.930580165734e-02
33.480000000 -2.289880168121e-02
33.490000000 -2.585280170508e-02
33.500000000 -2.812980172895e-02
33.510000000 -2.972880175282e-02
33.520000000 -3.072280177669e-02
33.530000000 -3.121580180056e-02
33.540000000 -3.136580182443e-02
33.550000000 -3.132880184830e-02
33.560000000 -3.127580187217e-02
33.570000000 -3.134380189604e-02
33.580000000 -3.164880191991e-02
33.590000000 -3.225280194378e-02
33.600000000 -3.318780196765e-02
33.610000000 -3.443780199152e-02
33.620000000 -3.597380201539e-02
33.630000000 -3.774780203926e-02
33.640000000 -3.972080206313e-02
33.650000000 -4.184980208701e-02
33.660000000 -4.410280211088e-02
33.670000000 -4.643580213475e-02
33.680000000 -4.880580215862e-02
33.690000000 -5.114380218249e-02
33.700000000 -5.337580220636e-02
33.710000000 -5.540580223023e-02
33.720000000 -5.713380225410e-02
33.730000000 -5.845980227797e-02
33.740000000 -5.929980230184e-02
33.750000000 -5.958780232571e-02
33.760000000 -5.928580234958e-02
33.770000000 -5.838680237345e-02
33.780000000 -5.691480239732e-02
33.790000000 -5.493180242119e-02
33.800000000 -5.252680244506e-02
33.810000000 -4.982080246893e-02
33.820000000 -4.694780249280e-02
33.830000000 -4.404780251667e-02
33.840000000 -4.124080254054e-02
33.850000000 -3.861880256441e-02
33.860000000 -3.622180258828e-02
33.870000000 -3.404680261215e-02
33.880000000 -3.203180263602e-02
33.890000000 -3.008780265989e-02
33.900000000 -2.809480268376e-02
33.910000000 -2.593880270764e-02
33.920000000 -2.350580273151e-02
33.930000000 -2.071880275538e-02
33.940000000 -1.752380277925e-02
33.950000000 -1.392180280312e-02
33.960000000 -9.945802826987e-03
33.970000000 -5.683802850857e-03
33.980000000 -1.240802874728e-03
33.990000000 3.247197101402e-03
34.000000000 7.660197077532e-03
34.010000000 1.187819705366e-02
34.020000000 1.582519702979e-02
34.030000000 1.944419700592e-02
34.040000000 2.272319698205e-02
34.050000000 2.566819695818e-02
34.060000000 2.831419693431e-02
34.070000000 3.069119691044e-02
34.080000000 3.282919688657e-02
34.090000000 3.472619686270e-02
34.100000000 3.636419683883e-02
34.110000000 3.769519681496e-02
34.120000000 3.866219679109e-02
34.130000000 3.920219676722e-02
34.140000000 3.926619674335e-02
34.150000000 3.881919671948e-02
34.160000000 3.785219669561e-02
34.170000000 3.638419667174e-02
34.180000000 3.445419664786e-02
34.190000000 3.212919662399e-02
34.200000000 2.948319660012e-02
34.210000000 2.659819657625e-02
34.220000000 2.355419655238e-02
34.230000000 2.043219652851e-02
34.240000000 1.730619650464e-02
34.250000000 1.426119648077e-02
34.260000000 1.138019645690e-02
34.270000000 8.754196433032e-03
34.280000000 6.461196409161e-03
34.290000000 4.563196385291e-03
34.300000000 3.082196361420e-03
34.310000000 2.009196337550e-03
34.320000000 1.287196313680e-03
34.330000000 8.341962898093e-04
34.340000000 5.451962659390e-04
34.350000000 3.151962420686e-04
34.360000000 4.319621819821e-05
34.370000000 -3.528038056722e-04
34.380000000 -9.398038295425e-04
34.390000000 -1.753803853413e-03
34.400000000 -2.813803877283e-03
34.410000000 -4.106803901154e-03
34.420000000 -5.600803925024e-03
34.430000000 -7.240803948894e-03
34.440000000 -8.967803972765e-03
34.450000000 -1.071180399664e-02
34.460000000 -1.241480402051e-02
34.470000000 -1.402480404438e-02
34.480000000 -1.551280406825e-02
34.490000000 -1.686480409212e-02
34.500000000 -1.809580411599e-02
34.510000000 -1.923880413986e-02
34.520000000 -2.034580416373e-02
34.530000000 -2.146880418760e-02
34.540000000 -2.266180421147e-02
34.550000000 -2.394880423534e-02
34.560000000 -2.533080425921e-02
34.570000000 -2.676980428308e-02
34.580000000 -2.819680430695e-02
34.590000000 -2.951380433082e-02
34.600000000 -3.061380435469e-02
34.610000000 -3.139280437856e-02
34.620000000 -3.176680440243e-02
34.630000000 -3.168080442630e-02
34.640000000 -3.111780445017e-02
34.650000000 -3.009180447404e-02
34.660000000 -2.864780449791e-02
34.670000000 -2.685480452178e-02
34.680000000 -2.480380454565e-02
34.690000000 -2.260780456952e-02
34.700000000 -2.039580459339e-02
34.710000000 -1.831080461726e-02
34.720000000 -1.650180464114e-02
34.730000000 -1.511080466501e-02
34.740000000 -1.425580468888e-02
34.750000000 -1.401480471275e-02
34.760000000 -1.440580473662e-02
34.770000000 -1.538580476049e-02
34.780000000 -1.684980478436e-02
34.790000000 -1.864480480823e-02
34.800000000 -2.058980483210e-02
34.810000000 -2.249780485597e-02
34.820000000 -2.419580487984e-02
34.830000000 -2.554580490371e-02
34.840000000 -2.645080492758e-02
34.850000000 -2.686580495145e-02
34.860000000 -2.678580497532e-02
34.870000000 -2.625380499919e-02
34.880000000 -2.534080502306e-02
34.890000000 -2.414780504693e-02
34.900000000 -2.278480507080e-02
34.910000000 -2.136980509467e-02
34.920000000 -2.000680511854e-02
34.930000000 -1.878980514241e-02
34.940000000 -1.777880516628e-02
34.950000000 -1.701180519015e-02
34.960000000 -1.649180521402e-02
34.970000000 -1.619980523789e-02
34.980000000 -1.608880526176e-02
34.990000000 -1.611180528564e-02
35.000000000 -1.621080530951e-02
35.010000000 -1.634480533338e-02
35.020000000 -1.648080535725e-02
35.030000000 -1.660380538112e-02
35.040000000 -1.669880540499e-02
35.050000000 -1.676180542886e-02
35.060000000 -1.677280545273e-02
35.070000000 -1.670680547660e-02
35.080000000 -1.652480550047e-02
35.090000000 -1.618480552434e-02
35.100000000 -1.564580554821e-02
35.110000000 -1.488180557208e-02
35.120000000 -1.387980559595e-02
35.130000000 -1.264780561982e-02
35.140000000 -1.120280564369e-02
35.150000000 -9.578805667561e-03
35.160000000 -7.804805691432e-03
35.170000000 -5.922805715302e-03
35.180000000 -3.961805739172e-03
35.190000000 -1.968805763043e-03
35.200000000 2.519421308694e-05
35.210000000 1.971194189217e-03
35.220000000 3.830194165346e-03
35.230000000 5.551194141476e-03
35.240000000 7.097194117605e-03
35.250000000 8.426194093735e-03
35.260000000 9.514194069865e-03
35.270000000 1.034319404599e-02
35.280000000 1.092319402212e-02
35.290000000 1.127719399825e-02
35.300000000 1.146519397438e-02
35.310000000 1.156819395051e-02
35.320000000 1.169619392664e-02
35.330000000 1.195819390277e-02
35.340000000 1.246419387890e-02
35.350000000 1.328619385503e-02
35.360000000 1.446019383116e-02
35.370000000 1.596419380729e-02
35.380000000 1.774019378342e-02
35.390000000 1.968819375955e-02
35.400000000 2.170219373568e-02
35.410000000 2.367319371181e-02
35.420000000 2.552619368794e-02
35.430000000 2.720719366407e-02
35.440000000 2.870719364020e-02
35.450000000 3.003819361633e-02
35.460000000 3.123619359246e-02
35.470000000 3.233019356859e-02
35.480000000 3.333419354472e-02
35.490000000 3.422419352085e-02
35.500000000 3.494619349698e-02
35.510000000 3.541419347311e-02
35.520000000 3.553219344924e-02
35.530000000 3.521219342536e-02
35.540000000 3.439219340149e-02
35.550000000 3.305119337762e-02
35.560000000 3.121019335375e-02
35.570000000 2.893819332988e-02
35.580000000 2.633619330601e-02
35.590000000 2.353119328214e-02
35.600000000 2.066019325827e-02
35.610000000 1.786319323440e-02
35.620000000 1.526319321053e-02
35.630000000 1.296519318666e-02
35.640000000 1.103919316279e-02
35.650000000 9.524193138920e-03
35.660000000 8.423193115050e-03
35.670000000 7.713193091179e-03
35.680000000 7.349193067309e-03
35.690000000 7.280193043439e-03
35.700000000 7.457193019568e-03
35.710000000 7.841192995698e-03
35.720000000 8.403192971828e-03
35.730000000 9.120192947957e-03
35.740000000 9.968192924087e-03
35.750000000 1.091119290022e-02
35.760000000 1.190119287635e-02
35.770000000 1.287219285248e-02
35.780000000 1.374519282861e-02
35.790000000 1.443519280473e-02
35.800000000 1.485319278086e-02
35.810000000 1.492119275699e-02
35.820000000 1.456919273312e-02
35.830000000 1.375519270925e-02
35.840000000 1.246019268538e-02
35.850000000 1.070219266151e-02
35.860000000 8.531192637642e-03
35.870000000 6.031192613772e-03
35.880000000 3.306192589902e-03
35.890000000 4.811925660312e-04
35.900000000 -2.318807457839e-03
35.910000000 -4.962807481709e-03
35.920000000 -7.318807505580e-03
35.930000000 -9.244807529450e-03
35.940000000 -1.059680755332e-02
35.950000000 -1.122480757719e-02
35.960000000 -1.099180760106e-02
35.970000000 -9.785807624932e-03
35.980000000 -7.537807648802e-03
35.990000000 -4.241807672672e-03
36.000000000 5.119230345715e-05
36.010000000 5.213192279587e-03
36.020000000 1.106119225572e-02
36.030000000 1.735219223185e-02
36.040000000 2.381819220798e-02
36.050000000 3.016419218411e-02
36.060000000 3.611719216023e-02
36.070000000 4.142819213636e-02
36.080000000 4.591019211249e-02
36.090000000 4.943819208862e-02
36.100000000 5.196219206475e-02
36.110000000 5.349619204088e-02
36.120000000 5.411519201701e-02
36.130000000 5.393219199314e-02
36.140000000 5.308719196927e-02
36.150000000 5.172719194540e-02
36.160000000 4.999219192153e-02
36.170000000 4.801419189766e-02
36.180000000 4.590619187379e-02
36.190000000 4.377219184992e-02
36.200000000 4.169419182605e-02
36.210000000 3.974719180218e-02
36.220000000 3.797819177831e-02
36.230000000 3.642419175444e-02
36.240000000 3.508519173057e-02
36.250000000 3.394719170670e-02
36.260000000 3.296019168283e-02
36.270000000 3.206419165896e-02
36.280000000 3.117719163509e-02
36.290000000 3.022119161122e-02
36.300000000 2.910519158735e-02
36.310000000 2.775819156348e-02
36.320000000 2.609719153961e-02
36.330000000 2.406419151573e-02
36.340000000 2.158919149186e-02
36.350000000 1.863119146799e-02
36.360000000 1.514119144412e-02
36.370000000 1.111119142025e-02
36.380000000 6.536191396383e-03
36.390000000 1.459191372513e-03
36.400000000 -4.069808651358e-03
36.410000000 -9.957808675228e-03
36.420000000 -1.611880869910e-02
36.430000000 -2.243980872297e-02
36.440000000 -2.883180874684e-02
36.450000000 -3.519580877071e-02
36.460000000 -4.147180879458e-02
36.470000000 -4.759980881845e-02
36.480000000 -5.356480884232e-02
36.490000000 -5.934780886619e-02
36.500000000 -6.496080889006e-02
36.510000000 -7.038880891393e-02
36.520000000 -7.562480893780e-02
36.530000000 -8.062280896167e-02
36.540000000 -8.533680898554e-02
36.550000000 -8.968980900941e-02
36.560000000 -9.361380903328e-02
36.570000000 -9.703180905715e-02
36.580000000 -9.988580908102e-02
36.590000000 -1.021228091049e-01
36.600000000 -1.037118091288e-01
36.610000000 -1.046298091526e-01
36.620000000 -1.048688091765e-01
36.630000000 -1.044308092004e-01
36.640000000 -1.033218092242e-01
36.650000000 -1.015578092481e-01
36.660000000 -9.914980927199e-02
36.670000000 -9.612480929586e-02
36.680000000 -9.251080931973e-02
36.690000000 -8.836280934360e-02
36.700000000 -8.373780936747e-02
36.710000000 -7.873080939134e-02
36.720000000 -7.343280941521e-02
36.730000000 -6.796580943908e-02
36.740000000 -6.242980946295e-02
36.750000000 -5.693680948682e-02
36.760000000 -5.155080951069e-02
36.770000000 -4.633080953456e-02
36.780000000 -4.127180955843e-02
36.790000000 -3.636380958230e-02
36.800000000 -3.154180960617e-02
36.810000000 -2.676080963004e-02
36.820000000 -2.194980965391e-02
36.830000000 -1.708480967778e-02
36.840000000 -1.213980970165e-02
36.850000000 -7.144809725524e-03
36.860000000 -2.120809749395e-03
36.870000000 2.872190226735e-03
36.880000000 7.801190202864e-03
36.890000000 1.261819017899e-02
36.900000000 1.731519015512e-02
36.910000000 2.187319013125e-02
36.920000000 2.631119010738e-02
36.930000000 3.062719008351e-02
36.940000000 3.484519005964e-02
36.950000000 3.895619003577e-02
36.960000000 4.297219001190e-02
36.970000000 4.687318998803e-02
36.980000000 5.066318996416e-02
36.990000000 5.432118994029e-02
37.000000000 5.784918991642e-02
37.010000000 6.122518989255e-02
37.020000000 6.444518986868e-02
37.030000000 6.748118984481e-02
37.040000000 7.032518982094e-02
37.050000000 7.294918979707e-02
37.060000000 7.534118977320e-02
37.070000000 7.747418974933e-02
37.080000000 7.932718972546e-02
37.090000000 8.086518970159e-02
37.100000000 8.205318967772e-02
37.110000000 8.284318965385e-02
37.120000000 8.319018962998e-02
37.130000000 8.305018960611e-02
37.140000000 8.239218958223e-02
37.150000000 8.120718955836e-02
37.160000000 7.950318953449e-02
37.170000000 7.731818951062e-02
37.180000000 7.470218948675e-02
37.190000000 7.172018946288e-02
37.200000000 6.843718943901e-02
37.210000000 6.491918941514e-02
37.220000000 6.121218939127e-02
37.230000000 5.735918936740e-02
37.240000000 5.337518934353e-02
37.250000000 4.927918931966e-02
37.260000000 4.507318929579e-02
37.270000000 4.077918927192e-02
37.280000000 3.641518924805e-02
37.290000000 3.203118922418e-02
37.300000000 2.767218920031e-02
37.310000000 2.340318917644e-02
37.320000000 1.926718915257e-02
37.330000000 1.531218912870e-02
37.340000000 1.154718910483e-02
37.350000000 7.978189080957e-03
37.360000000 4.571189057087e-03
37.370000000 1.293189033216e-03
37.380000000 -1.921810990654e-03
37.390000000 -5.123811014525e-03
37.400000000 -8.376811038395e-03
37.410000000 -1.171581106227e-02
37.420000000 -1.516881108614e-02
37.430000000 -1.872481111001e-02
37.440000000 -2.236881113388e-02
37.450000000 -2.605781115775e-02
37.460000000 -2.976381118162e-02
37.470000000 -3.345081120549e-02
37.480000000 -3.710581122936e-02
37.490000000 -4.070481125323e-02
37.500000000 -4.423781127710e-02
37.510000000 -4.766581130097e-02
37.520000000 -5.094681132484e-02
37.530000000 -5.400681134871e-02
37.540000000 -5.677081137258e-02
37.550000000 -5.913981139645e-02
37.560000000 -6.102981142032e-02
37.570000000 -6.235381144419e-02
37.580000000 -6.305381146806e-02
37.590000000 -6.309981149193e-02
37.600000000 -6.250381151580e-02
37.610000000 -6.132581153967e-02
37.620000000 -5.966881156354e-02
37.630000000 -5.767481158741e-02
37.640000000 -5.550681161128e-02
37.650000000 -5.333081163515e-02
37.660000000 -5.129681165902e-02
37.670000000 -4.952281168290e-02
37.680000000 -4.807181170677e-02
37.690000000 -4.696381173064e-02
37.700000000 -4.616181175451e-02
37.710000000 -4.559581177838e-02
37.720000000 -4.516481180225e-02
37.730000000 -4.476581182612e-02
37.740000000 -4.429681184999e-02
37.750000000 -4.368281187386e-02
37.760000000 -4.286481189773e-02
37.770000000 -4.181981192160e-02
37.780000000 -4.053281194547e-02
37.790000000 -3.901181196934e-02
37.800000000 -3.724781199321e-02
37.810000000 -3.523481201708e-02
37.820000000 -3.293981204095e-02
37.830000000 -3.033881206482e-02
37.840000000 -2.738881208869e-02
37.850000000 -2.408181211256e-02
37.860000000 -2.040881213643e-02
37.870000000 -1.639981216030e-02
37.880000000 -1.208181218417e-02
37.890000000 -7.512812208043e-03
37.900000000 -2.729812231914e-03
37.910000000 2.212187744216e-03
37.920000000 7.281187720346e-03
37.930000000 1.241818769648e-02
37.940000000 1.758118767260e-02
37.950000000 2.269318764873e-02
37.960000000 2.769318762486e-02
37.970000000 3.249418760099e-02
37.980000000 3.704018757712e-02
37.990000000 4.126618755325e-02
38.000000000 4.514518752938e-02
38.010000000 4.864418750551e-02
38.020000000 5.175618748164e-02
38.030000000 5.445818745777e-02
38.040000000 5.674218743390e-02
38.050000000 5.858018741003e-02
38.060000000 5.995518738616e-02
38.070000000 6.084118736229e-02
38.080000000 6.123218733842e-02
38.090000000 6.112918731455e-02
38.100000000 6.056318729068e-02
38.110000000 5.958518726681e-02
38.120000000 5.827318724294e-02
38.130000000 5.672518721907e-02
38.140000000 5.505318719520e-02
38.150000000 5.337018717133e-02
38.160000000 5.177618714746e-02
38.170000000 5.034818712359e-02
38.180000000 4.913018709972e-02
38.190000000 4.813118707585e-02
38.200000000 4.732418705198e-02
38.210000000 4.665218702810e-02
38.220000000 4.603418700423e-02
38.230000000 4.538218698036e-02
38.240000000 4.460918695649e-02
38.250000000 4.364318693262e-02
38.260000000 4.242918690875e-02
38.270000000 4.094418688488e-02
38.280000000 3.918018686101e-02
38.290000000 3.716218683714e-02
38.300000000 3.491518681327e-02
38.310000000 3.248418678940e-02
38.320000000 2.990018676553e-02
38.330000000 2.719918674166e-02
38.340000000 2.440318671779e-02
38.350000000 2.153818669392e-02
38.360000000 1.862018667005e-02
38.370000000 1.567118664618e-02
38.380000000 1.270218662231e-02
38.390000000 9.733186598438e-03
38.400000000 6.772186574568e-03
38.410000000 3.833186550697e-03
38.420000000 9.221865268271e-04
38.430000000 -1.946813497043e-03
38.440000000 -4.768813520914e-03
38.450000000 -7.532813544784e-03
38.460000000 -1.023781356865e-02
38.470000000 -1.287981359252e-02
38.480000000 -1.546481361640e-02
38.490000000 -1.798681364027e-02
38.500000000 -2.043981366414e-02
38.510000000 -2.279181368801e-02
38.520000000 -2.499781371188e-02
38.530000000 -2.697981373575e-02
38.540000000 -2.864581375962e-02
38.550000000 -2.988081378349e-02
38.560000000 -3.057081380736e-02
38.570000000 -3.060681383123e-02
38.580000000 -2.990781385510e-02
38.590000000 -2.842681387897e-02
38.600000000 -2.616481390284e-02
38.610000000 -2.317181392671e-02
38.620000000 -1.954581395058e-02
38.630000000 -1.543081397445e-02
38.640000000 -1.099381399832e-02
38.650000000 -6.425814022192e-03
38.660000000 -1.909814046062e-03
38.670000000 2.387185930068e-03
38.680000000 6.338185906197e-03
38.690000000 9.855185882327e-03
38.700000000 1.290218585846e-02
38.710000000 1.548118583459e-02
38.720000000 1.762818581072e-02
38.730000000 1.939618578685e-02
38.740000000 2.085218576298e-02
38.750000000 2.206418573910e-02
38.760000000 2.310618571523e-02
38.770000000 2.404418569136e-02
38.780000000 2.493818566749e-02
38.790000000 2.582918564362e-02
38.800000000 2.673918561975e-02
38.810000000 2.766018559588e-02
38.820000000 2.856018557201e-02
38.830000000 2.939218554814e-02
38.840000000 3.009918552427e-02
38.850000000 3.062818550040e-02
38.860000000 3.094018547653e-02
38.870000000 3.102018545266e-02
38.880000000 3.087418542879e-02
38.890000000 3.053818540492e-02
38.900000000 3.005818538105e-02
38.910000000 2.949618535718e-02
38.920000000 2.891018533331e-02
38.930000000 2.835918530944e-02
38.940000000 2.788318528557e-02
38.950000000 2.751918526170e-02
38.960000000 2.727818523783e-02
38.970000000 2.716818521396e-02
38.980000000 2.717318519009e-02
38.990000000 2.727018516622e-02
39.000000000 2.741918514235e-02
39.010000000 2.757518511848e-02
39.020000000 2.768218509460e-02
39.030000000 2.768418507073e-02
39.040000000 2.752018504686e-02
39.050000000 2.714418502299e-02
39.060000000 2.650618499912e-02
39.070000000 2.558118497525e-02
39.080000000 2.434318495138e-02
39.090000000 2.279018492751e-02
39.100000000 2.090918490364e-02
39.110000000 1.870518487977e-02
39.120000000 1.616118485590e-02
39.130000000 1.326718483203e-02
39.140000000 9.993184808160e-03
39.150000000 6.317184784290e-03
39.160000000 2.204184760420e-03
39.170000000 -2.356815263451e-03
39.180000000 -7.382815287321e-03
39.190000000 -1.284781531119e-02
39.200000000 -1.872081533506e-02
39.210000000 -2.491981535893e-02
39.220000000 -3.135281538280e-02
39.230000000 -3.788281540667e-02
39.240000000 -4.436681543054e-02
39.250000000 -5.063381545441e-02
39.260000000 -5.652381547828e-02
39.270000000 -6.186281550215e-02
39.280000000 -6.650581552602e-02
39.290000000 -7.031581554990e-02
39.300000000 -7.319281557377e-02
39.310000000 -7.505881559764e-02
39.320000000 -7.588081562151e-02
39.330000000 -7.565181564538e-02
39.340000000 -7.440681566925e-02
39.350000000 -7.220881569312e-02
39.360000000 -6.915381571699e-02
39.370000000 -6.536681574086e-02
39.380000000 -6.099781576473e-02
39.390000000 -5.622081578860e-02
39.400000000 -5.122081581247e-02
39.410000000 -4.618981583634e-02
39.420000000 -4.130481586021e-02
39.430000000 -3.673081588408e-02
39.440000000 -3.259381590795e-02
39.450000000 -2.898781593182e-02
39.460000000 -2.596181595569e-02
39.470000000 -2.352881597956e-02
39.480000000 -2.166381600343e-02
39.490000000 -2.032081602730e-02
39.500000000 -1.942981605117e-02
39.510000000 -1.892081607504e-02
39.520000000 -1.871181609891e-02
39.530000000 -1.872681612278e-02
39.540000000 -1.888481614665e-02
39.550000000 -1.910481617053e-02
39.560000000 -1.929381619440e-02
39.570000000 -1.935581621827e-02
39.580000000 -1.917881624214e-02
39.590000000 -1.865481626601e-02
39.600000000 -1.767481628988e-02
39.610000000 -1.615781631375e-02
39.620000000 -1.404681633762e-02
39.630000000 -1.133281636149e-02
39.640000000 -8.044816385358e-03
39.650000000 -4.258816409229e-03
39.660000000 -7.981643309910e-05
39.670000000 4.352183543031e-03
39.680000000 8.888183519160e-03
39.690000000 1.335818349529e-02
39.700000000 1.760218347142e-02
39.710000000 2.145318344755e-02
39.720000000 2.477218342368e-02
39.730000000 2.743118339981e-02
39.740000000 2.933818337594e-02
39.750000000 3.043018335207e-02
39.760000000 3.067918332820e-02
39.770000000 3.008718330433e-02
39.780000000 2.868618328046e-02
39.790000000 2.653018325659e-02
39.800000000 2.369418323272e-02
39.810000000 2.027318320885e-02
39.820000000 1.637318318497e-02
39.830000000 1.211518316110e-02
39.840000000 7.621183137234e-03
39.850000000 3.024183113364e-03
39.860000000 -1.552816910507e-03
39.870000000 -5.977816934377e-03
39.880000000 -1.013781695825e-02
39.890000000 -1.391781698212e-02
39.900000000 -1.722381700599e-02
39.910000000 -1.997081702986e-02
39.920000000 -2.210081705373e-02
39.930000000 -2.356881707760e-02
39.940000000 -2.436381710147e-02
39.950000000 -2.449781712534e-02
39.960000000 -2.401181714921e-02
39.970000000 -2.297381717308e-02
39.980000000 -2.147581719695e-02
39.990000000 -1.962581722082e-02
40.000000000 -1.754181724469e-02
40.010000000 -1.535381726856e-02
40.020000000 -1.319481729243e-02
40.030000000 -1.119581731630e-02
40.040000000 -9.479817340173e-03
40.050000000 -8.158817364044e-03
40.060000000 -7.320817387914e-03
40.070000000 -7.032817411784e-03
40.080000000 -7.329817435655e-03
40.090000000 -8.218817459525e-03
40.100000000 -9.676817483395e-03
40.110000000 -1.164981750727e-02
40.120000000 -1.406081753114e-02
40.130000000 -1.681581755501e-02
40.140000000 -1.980481757888e-02
40.150000000 -2.291781760275e-02
40.160000000 -2.604181762662e-02
40.170000000 -2.906981765049e-02
40.180000000 -3.189681767436e-02
40.190000000 -3.442681769823e-02
40.200000000 -3.656281772210e-02
40.210000000 -3.821481774597e-02
40.220000000 -3.929281776984e-02
40.230000000 -3.971481779371e-02
40.240000000 -3.940181781758e-02
40.250000000 -3.829381784145e-02
40.260000000 -3.634581786532e-02
40.270000000 -3.355481788919e-02
40.280000000 -2.995081791306e-02
40.290000000 -2.562481793693e-02
40.300000000 -2.070381796080e-02
40.310000000 -1.537381798467e-02
40.320000000 -9.825818008544e-03
40.330000000 -4.278818032414e-03
40.340000000 1.088181943716e-03
40.350000000 6.110181919845e-03
40.360000000 1.068818189597e-02
40.370000000 1.475318187210e-02
40.380000000 1.829918184823e-02
40.390000000 2.133618182436e-02
40.400000000 2.391318180049e-02
40.410000000 2.607518177662e-02
40.420000000 2.788418175275e-02
40.430000000 2.938318172888e-02
40.440000000 3.063318170501e-02
40.450000000 3.168218168114e-02
40.460000000 3.260418165727e-02
40.470000000 3.347618163340e-02
40.480000000 3.439918160953e-02
40.490000000 3.547118158566e-02
40.500000000 3.679318156179e-02
40.510000000 3.843618153792e-02
40.520000000 4.045118151405e-02
40.530000000 4.284018149018e-02
40.540000000 4.558318146631e-02
40.550000000 4.861418144244e-02
40.560000000 5.186318141857e-02
40.570000000 5.523718139470e-02
40.580000000 5.865318137083e-02
40.590000000 6.202818134696e-02
40.600000000 6.529818132309e-02
40.610000000 6.840218129922e-02
40.620000000 7.129118127535e-02
40.630000000 7.391218125147e-02
40.640000000 7.620918122760e-02
40.650000000 7.811918120373e-02
40.660000000 7.957918117986e-02
40.670000000 8.052718115599e-02
40.680000000 8.091418113212e-02
40.690000000 8.071118110825e-02
40.700000000 7.990418108438e-02
40.710000000 7.851318106051e-02
40.720000000 7.657418103664e-02
40.730000000 7.414918101277e-02
40.740000000 7.130518098890e-02
40.750000000 6.812118096503e-02
40.760000000 6.465518094116e-02
40.770000000 6.096718091729e-02
40.780000000 5.707818089342e-02
40.790000000 5.300718086955e-02
40.800000000 4.873918084568e-02
40.810000000 4.426918082181e-02
40.820000000 3.957318079794e-02
40.830000000 3.466118077407e-02
40.840000000 2.954518075020e-02
40.850000000 2.428618072633e-02
40.860000000 1.895518070246e-02
40.870000000 1.366918067859e-02
40.880000000 8.534180654715e-03
40.890000000 3.675180630845e-03
40.900000000 -8.348193930253e-04
40.910000000 -4.940819416896e-03
40.920000000 -8.659819440766e-03
40.930000000 -1.203081946464e-02
40.940000000 -1.514381948851e-02
40.950000000 -1.807681951238e-02
40.960000000 -2.091481953625e-02
40.970000000 -2.369781956012e-02
40.980000000 -2.645481958399e-02
40.990000000 -2.916481960786e-02
41.000000000 -3.180681963173e-02
41.010000000 -3.433381965560e-02
41.020000000 -3.671881967947e-02
41.030000000 -3.892781970334e-02
41.040000000 -4.095281972721e-02
41.050000000 -4.277781975108e-02
41.060000000 -4.439981977495e-02
41.070000000 -4.579281979882e-02
41.080000000 -4.692981982269e-02
41.090000000 -4.775881984656e-02
41.100000000 -4.823081987043e-02
41.110000000 -4.829381989430e-02
41.120000000 -4.791481991817e-02
41.130000000 -4.707681994204e-02
41.140000000 -4.579281996591e-02
41.150000000 -4.409081998978e-02
41.160000000 -4.201782001365e-02
41.170000000 -3.962682003753e-02
41.180000000 -3.697382006140e-02
41.190000000 -3.411682008527e-02
41.200000000 -3.111382010914e-02
41.210000000 -2.802682013301e-02
41.220000000 -2.491782015688e-02
41.230000000 -2.184982018075e-02
41.240000000 -1.887682020462e-02
41.250000000 -1.604682022849e-02
41.260000000 -1.339282025236e-02
41.270000000 -1.093782027623e-02
41.280000000 -8.686820300099e-03
41.290000000 -6.638820323970e-03
41.300000000 -4.785820347840e-03
41.310000000 -3.118820371711e-03
41.320000000 -1.630820395581e-03
41.330000000 -3.168204194513e-04
41.340000000 8.251795566784e-04
41.350000000 1.795179532808e-03
41.360000000 2.593179508938e-03
41.370000000 3.214179485067e-03
41.380000000 3.647179461197e-03
41.390000000 3.873179437326e-03
41.400000000 3.866179413456e-03
41.410000000 3.599179389586e-03
41.420000000 3.053179365715e-03
41.430000000 2.230179341845e-03
41.440000000 1.148179317975e-03
41.450000000 -1.438207058957e-04
41.460000000 -1.585820729766e-03
41.470000000 -3.101820753636e-03
41.480000000 -4.629820777507e-03
41.490000000 -6.112820801377e-03
41.500000000 -7.522820825248e-03
41.510000000 -8.847820849118e-03
41.520000000 -1.010482087299e-02
41.530000000 -1.131582089686e-02
41.540000000 -1.252182092073e-02
41.550000000 -1.376082094460e-02
41.560000000 -1.507982096847e-02
41.570000000 -1.651782099234e-02
41.580000000 -1.811682101621e-02
41.590000000 -1.990182104008e-02
41.600000000 -2.189182106395e-02
41.610000000 -2.407582108782e-02
41.620000000 -2.643182111169e-02
41.630000000 -2.890482113556e-02
41.640000000 -3.142982115943e-02
41.650000000 -3.392282118330e-02
41.660000000 -3.629882120717e-02
41.670000000 -3.847082123104e-02
41.680000000 -4.037082125491e-02
41.690000000 -4.194482127878e-02
41.700000000 -4.317182130266e-02
41.710000000 -4.405682132653e-02
41.720000000 -4.463782135040e-02
41.730000000 -4.497282137427e-02
41.740000000 -4.512882139814e-02
41.750000000 -4.516782142201e-02
41.760000000 -4.513382144588e-02
41.770000000 -4.504882146975e-02
41.780000000 -4.490582149362e-02
41.790000000 -4.467482151749e-02
41.800000000 -4.431182154136e-02
41.810000000 -4.376982156523e-02
41.820000000 -4.300182158910e-02
41.830000000 -4.198482161297e-02
41.840000000 -4.070982163684e-02
41.850000000 -3.919882166071e-02
41.860000000 -3.748982168458e-02
41.870000000 -3.563982170845e-02
41.880000000 -3.370682173232e-02
41.890000000 -3.175082175619e-02
41.900000000 -2.981082178006e-02
41.910000000 -2.792482180393e-02
41.920000000 -2.610382182780e-02
41.930000000 -2.435882185167e-02
41.940000000 -2.268382187554e-02
41.950000000 -2.107582189941e-02
41.960000000 -1.952282192328e-02
41.970000000 -1.802182194716e-02
41.980000000 -1.655782197103e-02
41.990000000 -1.512682199490e-02
42.000000000 -1.370382201877e-02
42.010000000 -1.226582204264e-02
42.020000000 -1.077182206651e-02
42.030000000 -9.182822090377e-03
42.040000000 -7.441822114248e-03
42.050000000 -5.511822138118e-03
42.060000000 -3.346822161988e-03
42.070000000 -9.338221858588e-04
42.080000000 1.736177790271e-03
42.090000000 4.632177766400e-03
42.100000000 7.713177742530e-03
42.110000000 1.090317771866e-02
42.120000000 1.412917769479e-02
42.130000000 1.729217767092e-02
42.140000000 2.031117764705e-02
42.150000000 2.309917762318e-02
42.160000000 2.559717759931e-02
42.170000000 2.775017757544e-02
42.180000000 2.953717755157e-02
42.190000000 3.094017752770e-02
42.200000000 3.196917750383e-02
42.210000000 3.263317747996e-02
42.220000000 3.295317745609e-02
42.230000000 3.294117743222e-02
42.240000000 3.261617740834e-02
42.250000000 3.198417738447e-02
42.260000000 3.106017736060e-02
42.270000000 2.986017733673e-02
42.280000000 2.840917731286e-02
42.290000000 2.674117728899e-02
42.300000000 2.490017726512e-02
42.310000000 2.293617724125e-02
42.320000000 2.089917721738e-02
42.330000000 1.884317719351e-02
42.340000000 1.681117716964e-02
42.350000000 1.484017714577e-02
42.360000000 1.295317712190e-02
42.370000000 1.116117709803e-02
42.380000000 9.465177074160e-03
42.390000000 7.861177050289e-03
42.400000000 6.347177026419e-03
42.410000000 4.927177002549e-03
42.420000000 3.612176978678e-03
42.430000000 2.422176954808e-03
42.440000000 1.375176930937e-03
42.450000000 4.901769070670e-04
42.460000000 -2.208231168033e-04
42.470000000 -7.538231406737e-04
42.480000000 -1.109823164544e-03
42.490000000 -1.295823188414e-03
42.500000000 -1.327823212285e-03
42.510000000 -1.223823236155e-03
42.520000000 -1.008823260026e-03
42.530000000 -7.098232838959e-04
42.540000000 -3.468233077663e-04
42.550000000 6.017666836331e-05
42.560000000 5.031766444929e-04
42.570000000 9.751766206226e-04
42.580000000 1.474176596752e-03
42.590000000 1.989176572882e-03
42.600000000 2.506176549011e-03
42.610000000 3.000176525141e-03
42.620000000 3.441176501271e-03
42.630000000 3.799176477400e-03
42.640000000 4.048176453530e-03
42.650000000 4.170176429660e-03
42.660000000 4.151176405789e-03
42.670000000 3.986176381919e-03
42.680000000 3.680176358048e-03
42.690000000 3.250176334178e-03
42.700000000 2.726176310308e-03
42.710000000 2.153176286437e-03
42.720000000 1.589176262567e-03
42.730000000 1.094176238697e-03
42.740000000 7.291762148262e-04
42.750000000 5.381761909559e-04
42.760000000 5.541761670855e-04
42.770000000 7.861761432151e-04
42.780000000 1.230176119345e-03
42.790000000 1.862176095474e-03
42.800000000 2.652176071604e-03
42.810000000 3.560176047734e-03
42.820000000 4.552176023863e-03
42.830000000 5.594175999993e-03
42.840000000 6.666175976123e-03
42.850000000 7.752175952252e-03
42.860000000 8.846175928382e-03
42.870000000 9.944175904511e-03
42.880000000 1.104217588064e-02
42.890000000 1.213217585677e-02
42.900000000 1.320317583290e-02
42.910000000 1.423717580903e-02
42.920000000 1.521717578516e-02
42.930000000 1.612217576129e-02
42.940000000 1.693717573742e-02
42.950000000 1.764517571355e-02
42.960000000 1.823717568968e-02
42.970000000 1.870817566581e-02
42.980000000 1.906117564194e-02
42.990000000 1.930317561807e-02
43.000000000 1.944817559420e-02
43.010000000 1.951417557033e-02
43.020000000 1.952317554646e-02
43.030000000 1.949417552259e-02
43.040000000 1.944017549872e-02
43.050000000 1.936317547484e-02
43.060000000 1.925317545097e-02
43.070000000 1.909017542710e-02
43.080000000 1.884817540323e-02
43.090000000 1.850117537936e-02
43.100000000 1.803017535549e-02
43.110000000 1.742417533162e-02
43.120000000 1.668617530775e-02
43.130000000 1.582717528388e-02
43.140000000 1.486617526001e-02
43.150000000 1.382817523614e-02
43.160000000 1.274117521227e-02
43.170000000 1.163517518840e-02
43.180000000 1.053617516453e-02
43.190000000 9.473175140659e-03
43.200000000 8.464175116789e-03
43.210000000 7.529175092919e-03
43.220000000 6.673175069048e-03
43.230000000 5.901175045178e-03
43.240000000 5.204175021308e-03
43.250000000 4.573174997437e-03
43.260000000 3.991174973567e-03
43.270000000 3.446174949697e-03
43.280000000 2.924174925826e-03
43.290000000 2.424174901956e-03
43.300000000 1.942174878085e-03
43.310000000 1.487174854215e-03
43.320000000 1.062174830345e-03
43.330000000 6.701748064743e-04
43.340000000 3.061747826039e-04
43.350000000 -4.382524126647e-05
43.360000000 -4.038252651368e-04
43.370000000 -8.028252890072e-04
43.380000000 -1.275825312878e-03
43.390000000 -1.847825336748e-03
43.400000000 -2.537825360618e-03
43.410000000 -3.339825384489e-03
43.420000000 -4.229825408359e-03
43.430000000 -5.155825432229e-03
43.440000000 -6.057825456100e-03
43.450000000 -6.863825479970e-03
43.460000000 -7.516825503841e-03
43.470000000 -7.973825527711e-03
43.480000000 -8.224825551581e-03
43.490000000 -8.285825575452e-03
43.500000000 -8.206825599322e-03
43.510000000 -8.053825623192e-03
43.520000000 -7.903825647063e-03
43.530000000 -7.825825670933e-03
43.540000000 -7.874825694804e-03
43.550000000 -8.079825718674e-03
43.560000000 -8.440825742544e-03
43.570000000 -8.932825766415e-03
43.580000000 -9.512825790285e-03
43.590000000 -1.012682581416e-02
43.600000000 -1.072382583803e-02
43.610000000 -1.125382586190e-02
43.620000000 -1.167982588577e-02
43.630000000 -1.197182590964e-02
43.640000000 -1.210182593351e-02
43.650000000 -1.204782595738e-02
43.660000000 -1.178582598125e-02
43.670000000 -1.129082600512e-02
43.680000000 -1.054882602899e-02
43.690000000 -9.552826052859e-03
43.700000000 -8.316826076730e-03
43.710000000 -6.873826100600e-03
43.720000000 -5.273826124470e-03
43.730000000 -3.585826148341e-03
43.740000000 -1.883826172211e-03
43.750000000 -2.398261960814e-04
43.760000000 1.286173780048e-03
43.770000000 2.649173756178e-03
43.780000000 3.833173732308e-03
43.790000000 4.840173708437e-03
43.800000000 5.699173684567e-03
43.810000000 6.445173660696e-03
43.820000000 7.120173636826e-03
43.830000000 7.754173612956e-03
43.840000000 8.363173589085e-03
43.850000000 8.939173565215e-03
43.860000000 9.459173541345e-03
43.870000000 9.886173517474e-03
43.880000000 1.017717349360e-02
43.890000000 1.029017346973e-02
43.900000000 1.019417344586e-02
43.910000000 9.872173421993e-03
43.920000000 9.320173398122e-03
43.930000000 8.550173374252e-03
43.940000000 7.580173350382e-03
43.950000000 6.436173326511e-03
43.960000000 5.150173302641e-03
43.970000000 3.758173278770e-03
43.980000000 2.299173254900e-03
43.990000000 8.221732310297e-04
44.000000000 -6.248267928407e-04
44.010000000 -1.984826816711e-03
44.020000000 -3.205826840581e-03
44.030000000 -4.236826864452e-03
44.040000000 -5.040826888322e-03
44.050000000 -5.591826912193e-03
44.060000000 -5.885826936063e-03
44.070000000 -5.935826959933e-03
44.080000000 -5.781826983804e-03
44.090000000 -5.475827007674e-03
44.100000000 -5.088827031544e-03
44.110000000 -4.693827055415e-03
44.120000000 -4.366827079285e-03
44.130000000 -4.174827103156e-03
44.140000000 -4.170827127026e-03
44.150000000 -4.393827150896e-03
44.160000000 -4.865827174767e-03
44.170000000 -5.590827198637e-03
44.180000000 -6.558827222507e-03
44.190000000 -7.738827246378e-03
44.200000000 -9.094827270248e-03
44.210000000 -1.057182729412e-02
44.220000000 -1.211682731799e-02
44.230000000 -1.366682734186e-02
44.240000000 -1.516782736573e-02
44.250000000 -1.656282738960e-02
44.260000000 -1.780982741347e-02
44.270000000 -1.886882743734e-02
44.280000000 -1.970882746121e-02
44.290000000 -2.030582748508e-02
44.300000000 -2.064482750895e-02
44.310000000 -2.071882753282e-02
44.320000000 -2.053082755669e-02
44.330000000 -2.009482758056e-02
44.340000000 -1.942882760443e-02
44.350000000 -1.855682762830e-02
44.360000000 -1.750182765217e-02
44.370000000 -1.629182767604e-02
44.380000000 -1.495782769991e-02
44.390000000 -1.354082772379e-02
44.400000000 -1.208682774766e-02
44.410000000 -1.065582777153e-02
44.420000000 -9.305827795396e-03
44.430000000 -8.094827819267e-03
44.440000000 -7.072827843137e-03
44.450000000 -6.279827867007e-03
44.460000000 -5.733827890878e-03
44.470000000 -5.440827914748e-03
44.480000000 -5.385827938619e-03
44.490000000 -5.543827962489e-03
44.500000000 -5.873827986359e-03
44.510000000 -6.335828010230e-03
44.520000000 -6.886828034100e-03
44.530000000 -7.487828057970e-03
44.540000000 -8.098828081841e-03
44.550000000 -8.682828105711e-03
44.560000000 -9.199828129582e-03
44.570000000 -9.603828153452e-03
44.580000000 -9.845828177322e-03
44.590000000 -9.877828201193e-03
44.600000000 -9.655828225063e-03
44.610000000 -9.153828248933e-03
44.620000000 -8.364828272804e-03
44.630000000 -7.310828296674e-03
44.640000000 -6.039828320544e-03
44.650000000 -4.633828344415e-03
44.660000000 -3.189828368285e-03
44.670000000 -1.825828392156e-03
44.680000000 -6.578284160260e-04
44.690000000 2.011715601036e-04
44.700000000 6.651715362333e-04
44.710000000 6.771715123629e-04
44.720000000 2.251714884925e-04
44.730000000 -6.608285353778e-04
44.740000000 -1.909828559248e-03
44.750000000 -3.423828583119e-03
44.760000000 -5.089828606989e-03
44.770000000 -6.797828630859e-03
44.780000000 -8.451828654730e-03
44.790000000 -9.973828678600e-03
44.800000000 -1.130982870247e-02
44.810000000 -1.242682872634e-02
44.820000000 -1.330882875021e-02
44.830000000 -1.394982877408e-02
44.840000000 -1.435082879795e-02
44.850000000 -1.451182882182e-02
44.860000000 -1.442782884569e-02
44.870000000 -1.409082886956e-02
44.880000000 -1.348082889343e-02
44.890000000 -1.257882891730e-02
44.900000000 -1.136182894117e-02
44.910000000 -9.819828965045e-03
44.920000000 -7.944828988915e-03
44.930000000 -5.748829012785e-03
44.940000000 -3.249829036656e-03
44.950000000 -4.818290605260e-04
44.960000000 2.518170915604e-03
44.970000000 5.695170891733e-03
44.980000000 8.998170867863e-03
44.990000000 1.236417084399e-02
45.000000000 1.574017082012e-02
45.010000000 1.906217079625e-02
45.020000000 2.228017077238e-02
45.030000000 2.533517074851e-02
45.040000000 2.817617072464e-02
45.050000000 3.074117070077e-02
45.060000000 3.298117067690e-02
45.070000000 3.484017065303e-02
45.080000000 3.628117062916e-02
45.090000000 3.727417060529e-02
45.100000000 3.781317058142e-02
45.110000000 3.790717055755e-02
45.120000000 3.758917053368e-02
45.130000000 3.690717050981e-02
45.140000000 3.592517048594e-02
45.150000000 3.471017046207e-02
45.160000000 3.332817043820e-02
45.170000000 3.184017041433e-02
45.180000000 3.030017039046e-02
45.190000000 2.875717036659e-02
45.200000000 2.725717034271e-02
45.210000000 2.585017031884e-02
45.220000000 2.458117029497e-02
45.230000000 2.349817027110e-02
45.240000000 2.263717024723e-02
45.250000000 2.202417022336e-02
45.260000000 2.165917019949e-02
45.270000000 2.152017017562e-02
45.280000000 2.156017015175e-02
45.290000000 2.171117012788e-02
45.300000000 2.189117010401e-02
45.310000000 2.201617008014e-02
45.320000000 2.200317005627e-02
45.330000000 2.178717003240e-02
45.340000000 2.131717000853e-02
45.350000000 2.056816998466e-02
45.360000000 1.953216996079e-02
45.370000000 1.822516993692e-02
45.380000000 1.667116991305e-02
45.390000000 1.490916988918e-02
45.400000000 1.297516986531e-02
45.410000000 1.091516984144e-02
45.420000000 8.768169817566e-03
45.430000000 6.582169793696e-03
45.440000000 4.395169769826e-03
45.450000000 2.252169745955e-03
45.460000000 1.841697220850e-04
45.470000000 -1.777830301785e-03
45.480000000 -3.611830325656e-03
45.490000000 -5.295830349526e-03
45.500000000 -6.813830373397e-03
45.510000000 -8.150830397267e-03
45.520000000 -9.297830421137e-03
45.530000000 -1.025083044501e-02
45.540000000 -1.101583046888e-02
45.550000000 -1.160183049275e-02
45.560000000 -1.202783051662e-02
45.570000000 -1.231183054049e-02
45.580000000 -1.247883056436e-02
45.590000000 -1.255083058823e-02
45.600000000 -1.256083061210e-02
45.610000000 -1.253583063597e-02
45.620000000 -1.251183065984e-02
45.630000000 -1.251383068371e-02
45.640000000 -1.256683070758e-02
45.650000000 -1.267783073145e-02
45.660000000 -1.284883075532e-02
45.670000000 -1.306183077919e-02
45.680000000 -1.329383080306e-02
45.690000000 -1.351483082693e-02
45.700000000 -1.369483085080e-02
45.710000000 -1.380683087467e-02
45.720000000 -1.383783089854e-02
45.730000000 -1.378483092242e-02
45.740000000 -1.365383094629e-02
45.750000000 -1.346283097016e-02
45.760000000 -1.322583099403e-02
45.770000000 -1.295683101790e-02
45.780000000 -1.265383104177e-02
45.790000000 -1.230383106564e-02
45.800000000 -1.187483108951e-02
45.810000000 -1.132783111338e-02
45.820000000 -1.061583113725e-02
45.830000000 -9.698831161119e-03
45.840000000 -8.542831184989e-03
45.850000000 -7.129831208860e-03
45.860000000 -5.455831232730e-03
45.870000000 -3.537831256600e-03
45.880000000 -1.399831280471e-03
45.890000000 9.151686956590e-04
45.900000000 3.364168671789e-03
45.910000000 5.891168647918e-03
45.920000000 8.441168624048e-03
45.930000000 1.095516860018e-02
45.940000000 1.338016857631e-02
45.950000000 1.566416855244e-02
45.960000000 1.777016852857e-02
45.970000000 1.966716850470e-02
45.980000000 2.133316848083e-02
45.990000000 2.275516845696e-02
46.000000000 2.391916843308e-02
46.010000000 2.481016840921e-02
46.020000000 2.541016838534e-02
46.030000000 2.569816836147e-02
46.040000000 2.565016833760e-02
46.050000000 2.524516831373e-02
46.060000000 2.447416828986e-02
46.070000000 2.334016826599e-02
46.080000000 2.186716824212e-02
46.090000000 2.010016821825e-02
46.100000000 1.809816819438e-02
46.110000000 1.594016817051e-02
46.120000000 1.370416814664e-02
46.130000000 1.147316812277e-02
46.140000000 9.322168098900e-03
46.150000000 7.321168075029e-03
46.160000000 5.522168051159e-03
46.170000000 3.969168027289e-03
46.180000000 2.688168003418e-03
46.190000000 1.693167979548e-03
46.200000000 9.821679556774e-04
46.210000000 5.431679318071e-04
46.220000000 3.461679079367e-04
46.230000000 3.561678840663e-04
46.240000000 5.241678601959e-04
46.250000000 7.991678363256e-04
46.260000000 1.127167812455e-03
46.270000000 1.458167788585e-03
46.280000000 1.740167764714e-03
46.290000000 1.931167740844e-03
46.300000000 1.988167716974e-03
46.310000000 1.879167693103e-03
46.320000000 1.577167669233e-03
46.330000000 1.069167645363e-03
46.340000000 3.551676214922e-04
46.350000000 -5.518324023782e-04
46.360000000 -1.628832426249e-03
46.370000000 -2.841832450119e-03
46.380000000 -4.158832473989e-03
46.390000000 -5.543832497860e-03
46.400000000 -6.964832521730e-03
46.410000000 -8.388832545600e-03
46.420000000 -9.786832569471e-03
46.430000000 -1.112683259334e-02
46.440000000 -1.237883261721e-02
46.450000000 -1.351083264108e-02
46.460000000 -1.449483266495e-02
46.470000000 -1.530683268882e-02
46.480000000 -1.593283271269e-02
46.490000000 -1.636983273656e-02
46.500000000 -1.663083276043e-02
46.510000000 -1.674383278430e-02
46.520000000 -1.675483280817e-02
46.530000000 -1.671183283204e-02
46.540000000 -1.666883285592e-02
46.550000000 -1.667083287979e-02
46.560000000 -1.675083290366e-02
46.570000000 -1.691983292753e-02
46.580000000 -1.717083295140e-02
46.590000000 -1.747483297527e-02
46.600000000 -1.779183299914e-02
46.610000000 -1.807683302301e-02
46.620000000 -1.828483304688e-02
46.630000000 -1.838183307075e-02
46.640000000 -1.835083309462e-02
46.650000000 -1.818983311849e-02
46.660000000 -1.791183314236e-02
46.670000000 -1.754583316623e-02
46.680000000 -1.712083319010e-02
46.690000000 -1.667083321397e-02
46.700000000 -1.622283323784e-02
46.710000000 -1.579483326171e-02
46.720000000 -1.539183328558e-02
46.730000000 -1.500783330945e-02
46.740000000 -1.462183333332e-02
46.750000000 -1.420183335719e-02
46.760000000 -1.370883338106e-02
46.770000000 -1.309983340493e-02
46.780000000 -1.232783342880e-02
46.790000000 -1.135483345267e-02
46.800000000 -1.014583347654e-02
46.810000000 -8.684833500415e-03
46.820000000 -6.961833524286e-03
46.830000000 -4.990833548156e-03
46.840000000 -2.798833572026e-03
46.850000000 -4.338335958968e-04
46.860000000 2.046166380233e-03
46.870000000 4.565166356362e-03
46.880000000 7.053166332492e-03
46.890000000 9.434166308622e-03
46.900000000 1.164416628475e-02
46.910000000 1.362416626088e-02
46.920000000 1.533016623701e-02
46.930000000 1.672116621314e-02
46.940000000 1.776916618927e-02
46.950000000 1.844716616540e-02
46.960000000 1.873816614153e-02
46.970000000 1.863216611766e-02
46.980000000 1.812516609379e-02
46.990000000 1.722416606992e-02
47.000000000 1.594216604605e-02
47.010000000 1.430216602218e-02
47.020000000 1.233016599831e-02
47.030000000 1.006716597444e-02
47.040000000 7.562165950566e-03
47.050000000 4.883165926696e-03
47.060000000 2.106165902825e-03
47.070000000 -6.738341210450e-04
47.080000000 -3.361834144915e-03
47.090000000 -5.858834168786e-03
47.100000000 -8.082834192656e-03
47.110000000 -9.963834216526e-03
47.120000000 -1.146383424040e-02
47.130000000 -1.256883426427e-02
47.140000000 -1.328983428814e-02
47.150000000 -1.365683431201e-02
47.160000000 -1.371583433588e-02
47.170000000 -1.351783435975e-02
47.180000000 -1.311983438362e-02
47.190000000 -1.258283440749e-02
47.200000000 -1.197283443136e-02
47.210000000 -1.135883445523e-02
47.220000000 -1.081583447910e-02
47.230000000 -1.041983450297e-02
47.240000000 -1.023983452684e-02
47.250000000 -1.033683455071e-02
47.260000000 -1.075183457458e-02
47.270000000 -1.150283459845e-02
47.280000000 -1.258483462232e-02
47.290000000 -1.396483464619e-02
47.300000000 -1.558583467006e-02
47.310000000 -1.736583469393e-02
47.320000000 -1.920483471780e-02
47.330000000 -2.098983474167e-02
47.340000000 -2.260283476555e-02
47.350000000 -2.394083478942e-02
47.360000000 -2.492283481329e-02
47.370000000 -2.549983483716e-02
47.380000000 -2.566383486103e-02
47.390000000 -2.544083488490e-02
47.400000000 -2.488483490877e-02
47.410000000 -2.406783493264e-02
47.420000000 -2.306483495651e-02
47.430000000 -2.194483498038e-02
47.440000000 -2.076283500425e-02
47.450000000 -1.956183502812e-02
47.460000000 -1.836283505199e-02
47.470000000 -1.718183507586e-02
47.480000000 -1.602283509973e-02
47.490000000 -1.488983512360e-02
47.500000000 -1.377883514747e-02
47.510000000 -1.269183517134e-02
47.520000000 -1.161983519521e-02
47.530000000 -1.056183521908e-02
47.540000000 -9.500835242952e-03
47.550000000 -8.431835266823e-03
47.560000000 -7.333835290693e-03
47.570000000 -6.193835314564e-03
47.580000000 -4.988835338434e-03
47.590000000 -3.701835362304e-03
47.600000000 -2.307835386175e-03
47.610000000 -7.948354100451e-04
47.620000000 8.561645660846e-04
47.630000000 2.648164542214e-03
47.640000000 4.588164518344e-03
47.650000000 6.673164494473e-03
47.660000000 8.907164470603e-03
47.670000000 1.128416444673e-02
47.680000000 1.380616442286e-02
47.690000000 1.645916439899e-02
47.700000000 1.923316437512e-02
47.710000000 2.209716435125e-02
47.720000000 2.502016432738e-02
47.730000000 2.794916430351e-02
47.740000000 3.083216427964e-02
47.750000000 3.360116425577e-02
47.760000000 3.619516423190e-02
47.770000000 3.854116420803e-02
47.780000000 4.058016418416e-02
47.790000000 4.225216416029e-02
47.800000000 4.351716413642e-02
47.810000000 4.434316411255e-02
47.820000000 4.472816408868e-02
47.830000000 4.468516406481e-02
47.840000000 4.425616404094e-02
47.850000000 4.349516401707e-02
47.860000000 4.247316399320e-02
47.870000000 4.126816396933e-02
47.880000000 3.995516394545e-02
47.890000000 3.860816392158e-02
47.900000000 3.728316389771e-02
47.910000000 3.602916387384e-02
47.920000000 3.487416384997e-02
47.930000000 3.383516382610e-02
47.940000000 3.291416380223e-02
47.950000000 3.210416377836e-02
47.960000000 3.138616375449e-02
47.970000000 3.074316373062e-02
47.980000000 3.015316370675e-02
47.990000000 2.960116368288e-02
48.000000000 2.907416365901e-02
48.010000000 2.856616363514e-02
48.020000000 2.807316361127e-02
48.030000000 2.759616358740e-02
48.040000000 2.712516356353e-02
48.050000000 2.665216353966e-02
48.060000000 2.614916351579e-02
48.070000000 2.558316349192e-02
48.080000000 2.490816346805e-02
48.090000000 2.407916344418e-02
48.100000000 2.304416342031e-02
48.110000000 2.177216339644e-02
48.120000000 2.023316337257e-02
48.130000000 1.842316334870e-02
48.140000000 1.634616332483e-02
48.150000000 1.403516330095e-02
48.160000000 1.152416327708e-02
48.170000000 8.878163253214e-03
48.180000000 6.157163229344e-03
48.190000000 3.443163205473e-03
48.200000000 8.101631816030e-04
48.210000000 -1.657836842267e-03
48.220000000 -3.894836866138e-03
48.230000000 -5.834836890008e-03
48.240000000 -7.436836913879e-03
48.250000000 -8.667836937749e-03
48.260000000 -9.520836961619e-03
48.270000000 -1.000283698549e-02
48.280000000 -1.014883700936e-02
48.290000000 -1.000483703323e-02
48.300000000 -9.640837057101e-03
48.310000000 -9.131837080971e-03
48.320000000 -8.564837104841e-03
48.330000000 -8.014837128712e-03
48.340000000 -7.552837152582e-03
48.350000000 -7.224837176453e-03
48.360000000 -7.063837200323e-03
48.370000000 -7.071837224193e-03
48.380000000 -7.240837248064e-03
48.390000000 -7.546837271934e-03
48.400000000 -7.961837295804e-03
48.410000000 -8.455837319675e-03
48.420000000 -9.001837343545e-03
48.430000000 -9.574837367416e-03
48.440000000 -1.015883739129e-02
48.450000000 -1.073583741516e-02
48.460000000 -1.130183743903e-02
48.470000000 -1.184683746290e-02
48.480000000 -1.237283748677e-02
48.490000000 -1.287683751064e-02
48.500000000 -1.335683753451e-02
48.510000000 -1.380783755838e-02
48.520000000 -1.422383758225e-02
48.530000000 -1.459683760612e-02
48.540000000 -1.492483762999e-02
48.550000000 -1.520283765386e-02
48.560000000 -1.543283767773e-02
48.570000000 -1.561583770160e-02
48.580000000 -1.575583772547e-02
48.590000000 -1.585083774934e-02
48.600000000 -1.590483777321e-02
48.610000000 -1.591483779708e-02
48.620000000 -1.588283782095e-02
48.630000000 -1.581083784482e-02
48.640000000 -1.570383786869e-02
48.650000000 -1.556983789256e-02
48.660000000 -1.542083791643e-02
48.670000000 -1.527083794030e-02
48.680000000 -1.513383796417e-02
48.690000000 -1.502183798805e-02
48.700000000 -1.494683801192e-02
48.710000000 -1.491683803579e-02
48.720000000 -1.493683805966e-02
48.730000000 -1.501083808353e-02
48.740000000 -1.513783810740e-02
48.750000000 -1.531083813127e-02
48.760000000 -1.552383815514e-02
48.770000000 -1.576083817901e-02
48.780000000 -1.600883820288e-02
48.790000000 -1.625383822675e-02
48.800000000 -1.648383825062e-02
48.810000000 -1.668983827449e-02
48.820000000 -1.686283829836e-02
48.830000000 -1.699383832223e-02
48.840000000 -1.707283834610e-02
48.850000000 -1.708883836997e-02
48.860000000 -1.703383839384e-02
48.870000000 -1.690283841771e-02
48.880000000 -1.669883844158e-02
48.890000000 -1.643083846545e-02
48.900000000 -1.611383848932e-02
48.910000000 -1.576683851319e-02
48.920000000 -1.540883853706e-02
48.930000000 -1.506083856093e-02
48.940000000 -1.474183858480e-02
48.950000000 -1.446583860867e-02
48.960000000 -1.424183863255e-02
48.970000000 -1.407083865642e-02
48.980000000 -1.394383868029e-02
48.990000000 -1.384483870416e-02
49.000000000 -1.374983872803e-02
49.010000000 -1.363683875190e-02
49.020000000 -1.347983877577e-02
49.030000000 -1.326283879964e-02
49.040000000 -1.297583882351e-02
49.050000000 -1.261983884738e-02
49.060000000 -1.220083887125e-02
49.070000000 -1.173283889512e-02
49.080000000 -1.122983891899e-02
49.090000000 -1.070583894286e-02
49.100000000 -1.017083896673e-02
49.110000000 -9.632838990601e-03
49.120000000 -9.094839014471e-03
49.130000000 -8.563839038342e-03
49.140000000 -8.039839062212e-03
49.150000000 -7.530839086082e-03
49.160000000 -7.033839109953e-03
49.170000000 -6.549839133823e-03
49.180000000 -6.067839157694e-03
49.190000000 -5.571839181564e-03
49.200000000 -5.039839205434e-03
49.210000000 -4.447839229305e-03
49.220000000 -3.768839253175e-03
49.230000000 -2.985839277045e-03
49.240000000 -2.087839300916e-03
49.250000000 -1.076839324786e-03
49.260000000 3.616065134351e-05
49.270000000 1.220160627473e-03
49.280000000 2.437160603603e-03
49.290000000 3.635160579732e-03
49.300000000 4.753160555862e-03
49.310000000 5.729160531992e-03
49.320000000 6.506160508121e-03
49.330000000 7.035160484251e-03
49.340000000 7.292160460381e-03
49.350000000 7.271160436510e-03
49.360000000 6.993160412640e-03
49.370000000 6.499160388769e-03
49.380000000 5.851160364899e-03
49.390000000 5.116160341029e-03
49.400000000 4.367160317158e-03
49.410000000 3.669160293288e-03
49.420000000 3.078160269418e-03
49.430000000 2.630160245547e-03
49.440000000 2.346160221677e-03
49.450000000 2.225160197806e-03
49.460000000 2.252160173936e-03
49.470000000 2.398160150066e-03
49.480000000 2.629160126195e-03
49.490000000 2.906160102325e-03
49.500000000 3.197160078455e-03
49.510000000 3.468160054584e-03
49.520000000 3.696160030714e-03
49.530000000 3.857160006843e-03
49.540000000 3.930159982973e-03
49.550000000 3.898159959103e-03
49.560000000 3.743159935232e-03
49.570000000 3.455159911362e-03
49.580000000 3.029159887492e-03
49.590000000 2.471159863621e-03
49.600000000 1.795159839751e-03
49.610000000 1.024159815880e-03
49.620000000 1.871597920101e-04
49.630000000 -6.868402318603e-04
49.640000000 -1.568840255731e-03
49.650000000 -2.436840279601e-03
49.660000000 -3.276840303471e-03
49.670000000 -4.083840327342e-03
49.680000000 -4.857840351212e-03
49.690000000 -5.605840375083e-03
49.700000000 -6.332840398953e-03
49.710000000 -7.043840422823e-03
49.720000000 -7.737840446694e-03
49.730000000 -8.411840470564e-03
49.740000000 -9.060840494434e-03
49.750000000 -9.676840518305e-03
49.760000000 -1.024884054218e-02
49.770000000 -1.076784056605e-02
49.780000000 -1.122284058992e-02
49.790000000 -1.160084061379e-02
49.800000000 -1.189184063766e-02
49.810000000 -1.208184066153e-02
49.820000000 -1.215984068540e-02
49.830000000 -1.211284070927e-02
49.840000000 -1.192684073314e-02
49.850000000 -1.159084075701e-02
49.860000000 -1.108984078088e-02
49.870000000 -1.041584080475e-02
49.880000000 -9.558840828620e-03
49.890000000 -8.518840852490e-03
49.900000000 -7.298840876360e-03
49.910000000 -5.910840900231e-03
49.920000000 -4.370840924101e-03
49.930000000 -2.705840947971e-03
49.940000000 -9.428409718418e-04
49.950000000 8.791590042878e-04
49.960000000 2.727158980417e-03
49.970000000 4.560158956547e-03
49.980000000 6.347158932677e-03
49.990000000 8.055158908806e-03
50.000000000 9.660158884936e-03
50.010000000 1.113915886107e-02
50.020000000 1.247815883720e-02
50.030000000 1.365815881332e-02
50.040000000 1.467215878945e-02
50.050000000 1.550515876558e-02
50.060000000 1.615415874171e-02
50.070000000 1.661315871784e-02
50.080000000 1.688715869397e-02
50.090000000 1.698015867010e-02
50.100000000 1.690615864623e-02
50.110000000 1.667515862236e-02
50.120000000 1.630215859849e-02
50.130000000 1.579815857462e-02
50.140000000 1.517615855075e-02
50.150000000 1.444815852688e-02
50.160000000 1.363215850301e-02
50.170000000 1.275015847914e-02
50.180000000 1.182715845527e-02
50.190000000 1.089215843140e-02
50.200000000 9.971158407529e-03
50.210000000 9.089158383658e-03
50.220000000 8.263158359788e-03
50.230000000 7.509158335917e-03
50.240000000 6.832158312047e-03
50.250000000 6.236158288177e-03
50.260000000 5.719158264306e-03
50.270000000 5.278158240436e-03
50.280000000 4.910158216566e-03
50.290000000 4.613158192695e-03
50.300000000 4.391158168825e-03
50.310000000 4.247158144954e-03
50.320000000 4.189158121084e-03
50.330000000 4.219158097214e-03
50.340000000 4.338158073343e-03
50.350000000 4.542158049473e-03
50.360000000 4.820158025603e-03
50.370000000 5.157158001732e-03
50.380000000 5.531157977862e-03
50.390000000 5.919157953991e-03
50.400000000 6.294157930121e-03
50.410000000 6.632157906251e-03
50.420000000 6.912157882380e-03
50.430000000 7.117157858510e-03
50.440000000 7.237157834640e-03
50.450000000 7.264157810769e-03
50.460000000 7.194157786899e-03
50.470000000 7.026157763028e-03
50.480000000 6.757157739158e-03
50.490000000 6.388157715288e-03
50.500000000 5.919157691417e-03
50.510000000 5.355157667547e-03
50.520000000 4.704157643677e-03
50.530000000 3.984157619806e-03
50.540000000 3.216157595936e-03
50.550000000 2.430157572065e-03
50.560000000 1.658157548195e-03
50.570000000 9.311575243247e-04
50.580000000 2.761575004544e-04
50.590000000 -2.878425234160e-04
50.600000000 -7.508425472864e-04
50.610000000 -1.111842571157e-03
50.620000000 -1.374842595027e-03
50.630000000 -1.547842618897e-03
50.640000000 -1.636842642768e-03
50.650000000 -1.647842666638e-03
50.660000000 -1.585842690509e-03
50.670000000 -1.449842714379e-03
50.680000000 -1.238842738249e-03
50.690000000 -9.488427621197e-04
50.700000000 -5.748427859901e-04
50.710000000 -1.128428098605e-04
50.720000000 4.381571662692e-04
50.730000000 1.069157142399e-03
50.740000000 1.770157118528e-03
50.750000000 2.521157094658e-03
50.760000000 3.300157070788e-03
50.770000000 4.082157046917e-03
50.780000000 4.843157023047e-03
50.790000000 5.560156999177e-03
50.800000000 6.211156975306e-03
50.810000000 6.779156951436e-03
50.820000000 7.248156927565e-03
50.830000000 7.608156903695e-03
50.840000000 7.850156879825e-03
50.850000000 7.972156855954e-03
50.860000000 7.976156832084e-03
50.870000000 7.868156808214e-03
50.880000000 7.658156784343e-03
50.890000000 7.363156760473e-03
50.900000000 7.002156736602e-03
50.910000000 6.599156712732e-03
50.920000000 6.178156688862e-03
50.930000000 5.763156664991e-03
50.940000000 5.375156641121e-03
50.950000000 5.031156617251e-03
50.960000000 4.741156593380e-03
50.970000000 4.511156569510e-03
50.980000000 4.340156545639e-03
50.990000000 4.222156521769e-03
51.000000000 4.147156497899e-03
51.010000000 4.103156474028e-03
51.020000000 4.070156450158e-03
51.030000000 4.031156426288e-03
51.040000000 3.959156402417e-03
51.050000000 3.831156378547e-03
51.060000000 3.621156354676e-03
51.070000000 3.308156330806e-03
51.080000000 2.875156306936e-03
51.090000000 2.315156283065e-03
51.100000000 1.626156259195e-03
51.110000000 8.151562353246e-04
51.120000000 -1.088437885457e-04
51.130000000 -1.127843812416e-03
51.140000000 -2.226843836286e-03
51.150000000 -3.381843860157e-03
51.160000000 -4.569843884027e-03
51.170000000 -5.761843907898e-03
51.180000000 -6.924843931768e-03
51.190000000 -8.024843955638e-03
51.200000000 -9.028843979509e-03
51.210000000 -9.902844003379e-03
51.220000000 -1.061884402725e-02
51.230000000 -1.115484405112e-02
51.240000000 -1.149284407499e-02
51.250000000 -1.162084409886e-02
51.260000000 -1.153484412273e-02
51.270000000 -1.123284414660e-02
51.280000000 -1.071984417047e-02
51.290000000 -1.000884419434e-02
51.300000000 -9.117844218212e-03
51.310000000 -8.075844242083e-03
51.320000000 -6.913844265953e-03
51.330000000 -5.665844289824e-03
51.340000000 -4.366844313694e-03
51.350000000 -3.054844337564e-03
51.360000000 -1.760844361435e-03
51.370000000 -5.198443853050e-04
51.380000000 6.341555908246e-04
51.390000000 1.671155566954e-03
51.400000000 2.561155543084e-03
51.410000000 3.277155519213e-03
51.420000000 3.799155495343e-03
51.430000000 4.116155471473e-03
51.440000000 4.225155447602e-03
51.450000000 4.141155423732e-03
51.460000000 3.890155399862e-03
51.470000000 3.517155375991e-03
51.480000000 3.079155352121e-03
51.490000000 2.642155328250e-03
51.500000000 2.273155304380e-03
51.510000000 2.036155280510e-03
51.520000000 1.986155256639e-03
51.530000000 2.159155232769e-03
51.540000000 2.581155208899e-03
51.550000000 3.252155185028e-03
51.560000000 4.160155161158e-03
51.570000000 5.273155137288e-03
51.580000000 6.547155113417e-03
51.590000000 7.924155089547e-03
51.600000000 9.343155065676e-03
51.610000000 1.073815504181e-02
51.620000000 1.204415501794e-02
51.630000000 1.320515499407e-02
51.640000000 1.417215497019e-02
51.650000000 1.490515494632e-02
51.660000000 1.537815492245e-02
51.670000000 1.557415489858e-02
51.680000000 1.548415487471e-02
51.690000000 1.510815485084e-02
51.700000000 1.445015482697e-02
51.710000000 1.352115480310e-02
51.720000000 1.233315477923e-02
51.730000000 1.091315475536e-02
51.740000000 9.286154731491e-03
51.750000000 7.493154707621e-03
51.760000000 5.574154683750e-03
51.770000000 3.583154659880e-03
51.780000000 1.566154636010e-03
51.790000000 -4.208453878607e-04
51.800000000 -2.333845411731e-03
51.810000000 -4.126845435601e-03
51.820000000 -5.764845459472e-03
51.830000000 -7.213845483342e-03
51.840000000 -8.457845507213e-03
51.850000000 -9.481845531083e-03
51.860000000 -1.029184555495e-02
51.870000000 -1.089984557882e-02
51.880000000 -1.133284560269e-02
51.890000000 -1.161684562656e-02
51.900000000 -1.178784565043e-02
51.910000000 -1.187884567431e-02
51.920000000 -1.192084569818e-02
51.930000000 -1.194584572205e-02
51.940000000 -1.198484574592e-02
51.950000000 -1.206384576979e-02
51.960000000 -1.221084579366e-02
51.970000000 -1.244484581753e-02
51.980000000 -1.277784584140e-02
51.990000000 -1.321484586527e-02
52.000000000 -1.374784588914e-02
52.010000000 -1.436284591301e-02
52.020000000 -1.503684593688e-02
52.030000000 -1.574284596075e-02
52.040000000 -1.645584598462e-02
52.050000000 -1.714884600849e-02
52.060000000 -1.780384603236e-02
52.070000000 -1.840684605623e-02
52.080000000 -1.895284608010e-02
52.090000000 -1.943884610397e-02
52.100000000 -1.986184612784e-02
52.110000000 -2.022084615171e-02
52.120000000 -2.050984617558e-02
52.130000000 -2.071984619945e-02
52.140000000 -2.083984622332e-02
52.150000000 -2.085584624719e-02
52.160000000 -2.075584627106e-02
52.170000000 -2.053284629493e-02
52.180000000 -2.018384631881e-02
52.190000000 -1.971084634268e-02
52.200000000 -1.912084636655e-02
52.210000000 -1.842484639042e-02
52.220000000 -1.762784641429e-02
52.230000000 -1.673984643816e-02
52.240000000 -1.575684646203e-02
52.250000000 -1.467784648590e-02
52.260000000 -1.349084650977e-02
52.270000000 -1.218684653364e-02
52.280000000 -1.075184655751e-02
52.290000000 -9.180846581379e-03
52.300000000 -7.468846605250e-03
52.310000000 -5.625846629120e-03
52.320000000 -3.664846652990e-03
52.330000000 -1.615846676861e-03
52.340000000 4.891532992688e-04
52.350000000 2.606153275398e-03
52.360000000 4.698153251528e-03
52.370000000 6.723153227658e-03
52.380000000 8.653153203787e-03
52.390000000 1.045915317992e-02
52.400000000 1.212615315605e-02
52.410000000 1.363615313218e-02
52.420000000 1.498515310831e-02
52.430000000 1.616515308444e-02
52.440000000 1.717715306057e-02
52.450000000 1.802315303669e-02
52.460000000 1.871615301282e-02
52.470000000 1.926415298895e-02
52.480000000 1.969115296508e-02
52.490000000 2.001615294121e-02
52.500000000 2.026715291734e-02
52.510000000 2.047015289347e-02
52.520000000 2.065815286960e-02
52.530000000 2.085615284573e-02
52.540000000 2.109415282186e-02
52.550000000 2.138815279799e-02
52.560000000 2.175215277412e-02
52.570000000 2.218615275025e-02
52.580000000 2.268215272638e-02
52.590000000 2.322315270251e-02
52.600000000 2.378815267864e-02
52.610000000 2.435015265477e-02
52.620000000 2.488315263090e-02
52.630000000 2.536115260703e-02
52.640000000 2.575615258316e-02
52.650000000 2.604415255929e-02
52.660000000 2.620115253542e-02
52.670000000 2.620715251155e-02
52.680000000 2.604515248768e-02
52.690000000 2.570615246381e-02
52.700000000 2.518315243994e-02
52.710000000 2.447715241607e-02
52.720000000 2.358615239219e-02
52.730000000 2.251915236832e-02
52.740000000 2.128215234445e-02
52.750000000 1.988615232058e-02
52.760000000 1.834115229671e-02
52.770000000 1.666815227284e-02
52.780000000 1.487915224897e-02
52.790000000 1.300015222510e-02
52.800000000 1.105115220123e-02
52.810000000 9.064152177361e-03
52.820000000 7.062152153491e-03
52.830000000 5.083152129621e-03
52.840000000 3.150152105750e-03
52.850000000 1.297152081880e-03
52.860000000 -4.548479419905e-04
52.870000000 -2.079847965861e-03
52.880000000 -3.562847989731e-03
52.890000000 -4.883848013602e-03
52.900000000 -6.040848037472e-03
52.910000000 -7.028848061342e-03
52.920000000 -7.860848085213e-03
52.930000000 -8.551848109083e-03
52.940000000 -9.129848132953e-03
52.950000000 -9.621848156824e-03
52.960000000 -1.006284818069e-02
52.970000000 -1.047884820456e-02
52.980000000 -1.089584822843e-02
52.990000000 -1.132684825231e-02
53.000000000 -1.178384827618e-02
53.010000000 -1.226584830005e-02
53.020000000 -1.277484832392e-02
53.030000000 -1.330284834779e-02
53.040000000 -1.384684837166e-02
53.050000000 -1.439584839553e-02
53.060000000 -1.494284841940e-02
53.070000000 -1.547684844327e-02
53.080000000 -1.598884846714e-02
53.090000000 -1.646984849101e-02
53.100000000 -1.690984851488e-02
53.110000000 -1.729984853875e-02
53.120000000 -1.763184856262e-02
53.130000000 -1.789884858649e-02
53.140000000 -1.809584861036e-02
53.150000000 -1.821584863423e-02
53.160000000 -1.825484865810e-02
53.170000000 -1.820484868197e-02
53.180000000 -1.805684870584e-02
53.190000000 -1.779884872971e-02
53.200000000 -1.741884875358e-02
53.210000000 -1.690684877745e-02
53.220000000 -1.625284880132e-02
53.230000000 -1.545784882519e-02
53.240000000 -1.452484884906e-02
53.250000000 -1.346984887294e-02
53.260000000 -1.230984889681e-02
53.270000000 -1.107384892068e-02
53.280000000 -9.789848944546e-03
53.290000000 -8.488848968417e-03
53.300000000 -7.195848992287e-03
53.310000000 -5.934849016157e-03
53.320000000 -4.720849040028e-03
53.330000000 -3.567849063898e-03
53.340000000 -2.480849087768e-03
53.350000000 -1.465849111639e-03
53.360000000 -5.208491355091e-04
53.370000000 3.521508406205e-04
53.380000000 1.153150816750e-03
53.390000000 1.881150792880e-03
53.400000000 2.536150769009e-03
53.410000000 3.118150745139e-03
53.420000000 3.631150721269e-03
53.430000000 4.082150697398e-03
53.440000000 4.484150673528e-03
53.450000000 4.853150649658e-03
53.460000000 5.207150625787e-03
53.470000000 5.564150601917e-03
53.480000000 5.942150578046e-03
53.490000000 6.356150554176e-03
53.500000000 6.817150530306e-03
53.510000000 7.332150506435e-03
53.520000000 7.901150482565e-03
53.530000000 8.521150458695e-03
53.540000000 9.183150434824e-03
53.550000000 9.871150410954e-03
53.560000000 1.056515038708e-02
53.570000000 1.124015036321e-02
53.580000000 1.186915033934e-02
53.590000000 1.242215031547e-02
53.600000000 1.286915029160e-02
53.610000000 1.318315026773e-02
53.620000000 1.334315024386e-02
53.630000000 1.333215021999e-02
53.640000000 1.314115019612e-02
53.650000000 1.277315017225e-02
53.660000000 1.223715014838e-02
53.670000000 1.155215012451e-02
53.680000000 1.074315010064e-02
53.690000000 9.835150076769e-03
53.700000000 8.854150052898e-03
53.710000000 7.822150029028e-03
53.720000000 6.751150005157e-03
53.730000000 5.654149981287e-03
53.740000000 4.531149957417e-03
53.750000000 3.383149933546e-03
53.760000000 2.206149909676e-03
53.770000000 9.991498858056e-04
53.780000000 -2.408501380648e-04
53.790000000 -1.508850161935e-03
53.800000000 -2.796850185806e-03
53.810000000 -4.088850209676e-03
53.820000000 -5.367850233546e-03
53.830000000 -6.608850257417e-03
53.840000000 -7.792850281287e-03
53.850000000 -8.899850305157e-03
53.860000000 -9.916850329028e-03
53.870000000 -1.083385035290e-02
53.880000000 -1.164785037677e-02
53.890000000 -1.235785040064e-02
53.900000000 -1.296685042451e-02
53.910000000 -1.347685044838e-02
53.920000000 -1.389485047225e-02
53.930000000 -1.422385049612e-02
53.940000000 -1.446785051999e-02
53.950000000 -1.462785054386e-02
53.960000000 -1.470385056773e-02
53.970000000 -1.469685059160e-02
53.980000000 -1.460285061547e-02
53.990000000 -1.442385063934e-02
54.000000000 -1.415785066321e-02
54.010000000 -1.380485068708e-02
54.020000000 -1.336285071095e-02
54.030000000 -1.283085073482e-02
54.040000000 -1.220685075869e-02
54.050000000 -1.149285078256e-02
54.060000000 -1.069285080644e-02
54.070000000 -9.815850830306e-03
54.080000000 -8.870850854176e-03
54.090000000 -7.874850878046e-03
54.100000000 -6.843850901917e-03
54.110000000 -5.796850925787e-03
54.120000000 -4.752850949657e-03
54.130000000 -3.732850973528e-03
54.140000000 -2.753850997398e-03
54.150000000 -1.832851021269e-03
54.160000000 -9.778510451389e-04
54.170000000 -1.958510690093e-04
54.180000000 5.171489071203e-04
54.190000000 1.163148883250e-03
54.200000000 1.750148859380e-03
54.210000000 2.287148835509e-03
54.220000000 2.780148811639e-03
54.230000000 3.231148787768e-03
54.240000000 3.641148763898e-03
54.250000000 4.003148740028e-03
54.260000000 4.311148716157e-03
54.270000000 4.553148692287e-03
54.280000000 4.716148668417e-03
54.290000000 4.787148644546e-03
54.300000000 4.752148620676e-03
54.310000000 4.598148596806e-03
54.320000000 4.314148572935e-03
54.330000000 3.894148549065e-03
54.340000000 3.335148525194e-03
54.350000000 2.645148501324e-03
54.360000000 1.834148477454e-03
54.370000000 9.231484535833e-04
54.380000000 -6.685157028710e-05
54.390000000 -1.111851594157e-03
54.400000000 -2.189851618028e-03
54.410000000 -3.277851641898e-03
54.420000000 -4.357851665769e-03
54.430000000 -5.409851689639e-03
54.440000000 -6.420851713509e-03
54.450000000 -7.371851737380e-03
54.460000000 -8.249851761250e-03
54.470000000 -9.038851785120e-03
54.480000000 -9.724851808991e-03
54.490000000 -1.029385183286e-02
54.500000000 -1.073785185673e-02
54.510000000 -1.104785188060e-02
54.520000000 -1.122185190447e-02
54.530000000 -1.125985192834e-02
54.540000000 -1.116885195221e-02
54.550000000 -1.096085197608e-02
54.560000000 -1.065185199995e-02
54.570000000 -1.026185202382e-02
54.580000000 -9.815852047695e-03
54.590000000 -9.340852071565e-03
54.600000000 -8.860852095435e-03
54.610000000 -8.402852119306e-03
54.620000000 -7.988852143176e-03
54.630000000 -7.636852167046e-03
54.640000000 -7.359852190917e-03
54.650000000 -7.164852214787e-03
54.660000000 -7.053852238658e-03
54.670000000 -7.023852262528e-03
54.680000000 -7.064852286398e-03
54.690000000 -7.166852310269e-03
54.700000000 -7.312852334139e-03
54.710000000 -7.485852358009e-03
54.720000000 -7.667852381880e-03
54.730000000 -7.839852405750e-03
54.740000000 -7.980852429621e-03
54.750000000 -8.070852453491e-03
54.760000000 -8.086852477361e-03
54.770000000 -8.005852501232e-03
54.780000000 -7.806852525102e-03
54.790000000 -7.470852548972e-03
54.800000000 -6.980852572843e-03
54.810000000 -6.331852596713e-03
54.820000000 -5.517852620583e-03
54.830000000 -4.544852644454e-03
54.840000000 -3.422852668324e-03
54.850000000 -2.169852692195e-03
54.860000000 -8.038527160650e-04
54.870000000 6.471472600647e-04
54.880000000 2.161147236194e-03
54.890000000 3.710147212324e-03
54.900000000 5.272147188454e-03
54.910000000 6.821147164583e-03
54.920000000 8.338147140713e-03
54.930000000 9.798147116842e-03
54.940000000 1.118614709297e-02
54.950000000 1.248114706910e-02
54.960000000 1.367414704523e-02
54.970000000 1.475314702136e-02
54.980000000 1.571614699749e-02
54.990000000 1.656414697362e-02
55.000000000 1.730314694975e-02
55.010000000 1.794414692588e-02
55.020000000 1.850214690201e-02
55.030000000 1.899114687814e-02
55.040000000 1.943114685427e-02
55.050000000 1.983614683040e-02
55.060000000 2.022414680653e-02
55.070000000 2.060614678266e-02
55.080000000 2.099314675879e-02
55.090000000 2.138814673492e-02
55.100000000 2.179114671105e-02
55.110000000 2.219414668718e-02
55.120000000 2.258614666331e-02
55.130000000 2.295014663943e-02
55.140000000 2.326514661556e-02
55.150000000 2.350914659169e-02
55.160000000 2.365714656782e-02
55.170000000 2.368814654395e-02
55.180000000 2.357914652008e-02
55.190000000 2.331414649621e-02
55.200000000 2.287914647234e-02
55.210000000 2.226814644847e-02
55.220000000 2.147614642460e-02
55.230000000 2.051014640073e-02
55.240000000 1.937714637686e-02
55.250000000 1.809514635299e-02
55.260000000 1.668214632912e-02
55.270000000 1.516414630525e-02
55.280000000 1.356414628138e-02
55.290000000 1.191214625751e-02
55.300000000 1.023014623364e-02
55.310000000 8.541146209768e-03
55.320000000 6.859146185898e-03
55.330000000 5.197146162028e-03
55.340000000 3.560146138157e-03
55.350000000 1.958146114287e-03
55.360000000 3.931460904164e-04
55.370000000 -1.126853933454e-03
55.380000000 -2.599853957324e-03
55.390000000 -4.015853981195e-03
55.400000000 -5.374854005065e-03
55.410000000 -6.665854028935e-03
55.420000000 -7.887854052806e-03
55.430000000 -9.033854076676e-03
55.440000000 -1.010085410055e-02
55.450000000 -1.108585412442e-02
55.460000000 -1.199085414829e-02
55.470000000 -1.281385417216e-02
55.480000000 -1.356385419603e-02
55.490000000 -1.424485421990e-02
55.500000000 -1.486585424377e-02
55.510000000 -1.543485426764e-02
55.520000000 -1.596485429151e-02
55.530000000 -1.646285431538e-02
55.540000000 -1.693885433925e-02
55.550000000 -1.739685436312e-02
55.560000000 -1.783685438699e-02
55.570000000 -1.825385441086e-02
55.580000000 -1.863485443473e-02
55.590000000 -1.895885445860e-02
55.600000000 -1.920285448247e-02
55.610000000 -1.933685450634e-02
55.620000000 -1.933385453021e-02
55.630000000 -1.916985455408e-02
55.640000000 -1.882685457795e-02
55.650000000 -1.829585460182e-02
55.660000000 -1.756985462569e-02
55.670000000 -1.665485464957e-02
55.680000000 -1.555685467344e-02
55.690000000 -1.428585469731e-02
55.700000000 -1.285585472118e-02
55.710000000 -1.128685474505e-02
55.720000000 -9.598854768917e-03
55.730000000 -7.822854792787e-03
55.740000000 -5.989854816658e-03
55.750000000 -4.136854840528e-03
55.760000000 -2.300854864398e-03
55.770000000 -5.178548882688e-04
55.780000000 1.182145087861e-03
55.790000000 2.771145063990e-03
55.800000000 4.231145040120e-03
55.810000000 5.550145016250e-03
55.820000000 6.727144992379e-03
55.830000000 7.761144968509e-03
55.840000000 8.663144944639e-03
55.850000000 9.441144920768e-03
55.860000000 1.011114489690e-02
55.870000000 1.068314487303e-02
55.880000000 1.117414484916e-02
55.890000000 1.159514482529e-02
55.900000000 1.196214480142e-02
55.910000000 1.228814477755e-02
55.920000000 1.258914475368e-02
55.930000000 1.287814472981e-02
55.940000000 1.316614470593e-02
55.950000000 1.346214468206e-02
55.960000000 1.377414465819e-02
55.970000000 1.410514463432e-02
55.980000000 1.446214461045e-02
55.990000000 1.485114458658e-02
56.000000000 1.528014456271e-02
56.010000000 1.575714453884e-02
56.020000000 1.628914451497e-02
56.030000000 1.687314449110e-02
56.040000000 1.750414446723e-02
56.050000000 1.816214444336e-02
56.060000000 1.882114441949e-02
56.070000000 1.944714439562e-02
56.080000000 2.000214437175e-02
56.090000000 2.045014434788e-02
56.100000000 2.075714432401e-02
56.110000000 2.089914430014e-02
56.120000000 2.086014427627e-02
56.130000000 2.063114425240e-02
56.140000000 2.021414422853e-02
56.150000000 1.961714420466e-02
56.160000000 1.885114418079e-02
56.170000000 1.793314415692e-02
56.180000000 1.687814413305e-02
56.190000000 1.570614410918e-02
56.200000000 1.443114408531e-02
56.210000000 1.307414406143e-02
56.220000000 1.165414403756e-02
56.230000000 1.019314401369e-02
56.240000000 8.714143989824e-03
56.250000000 7.246143965953e-03
56.260000000 5.815143942083e-03
56.270000000 4.454143918213e-03
56.280000000 3.189143894342e-03
56.290000000 2.050143870472e-03
56.300000000 1.054143846601e-03
56.310000000 2.181438227310e-04
56.320000000 -4.578562011393e-04
56.330000000 -9.778562250097e-04
56.340000000 -1.362856248880e-03
56.350000000 -1.637856272750e-03
56.360000000 -1.839856296621e-03
56.370000000 -2.005856320491e-03
56.380000000 -2.176856344362e-03
56.390000000 -2.386856368232e-03
56.400000000 -2.666856392102e-03
56.410000000 -3.034856415973e-03
56.420000000 -3.502856439843e-03
56.430000000 -4.069856463713e-03
56.440000000 -4.730856487584e-03
56.450000000 -5.470856511454e-03
56.460000000 -6.277856535325e-03
56.470000000 -7.134856559195e-03
56.480000000 -8.027856583065e-03
56.490000000 -8.944856606936e-03
56.500000000 -9.875856630806e-03
56.510000000 -1.080985665468e-02
56.520000000 -1.173785667855e-02
56.530000000 -1.264685670242e-02
56.540000000 -1.352485672629e-02
56.550000000 -1.435185675016e-02
56.560000000 -1.510885677403e-02
56.570000000 -1.577085679790e-02
56.580000000 -1.631685682177e-02
56.590000000 -1.672685684564e-02
56.600000000 -1.698485686951e-02
56.610000000 -1.707785689338e-02
56.620000000 -1.700185691725e-02
56.630000000 -1.675785694112e-02
56.640000000 -1.635285696499e-02
56.650000000 -1.580085698886e-02
56.660000000 -1.512285701273e-02
56.670000000 -1.434585703660e-02
56.680000000 -1.349685706047e-02
56.690000000 -1.260485708434e-02
56.700000000 -1.169385710821e-02
56.710000000 -1.078385713208e-02
56.720000000 -9.887857155954e-03
56.730000000 -9.014857179825e-03
56.740000000 -8.168857203695e-03
56.750000000 -7.353857227565e-03
56.760000000 -6.571857251436e-03
56.770000000 -5.827857275306e-03
56.780000000 -5.130857299176e-03
56.790000000 -4.489857323047e-03
56.800000000 -3.917857346917e-03
56.810000000 -3.426857370788e-03
56.820000000 -3.025857394658e-03
56.830000000 -2.720857418528e-03
56.840000000 -2.514857442399e-03
56.850000000 -2.400857466269e-03
56.860000000 -2.366857490139e-03
56.870000000 -2.392857514010e-03
56.880000000 -2.453857537880e-03
56.890000000 -2.518857561751e-03
56.900000000 -2.556857585621e-03
56.910000000 -2.542857609491e-03
56.920000000 -2.453857633362e-03
56.930000000 -2.277857657232e-03
56.940000000 -2.009857681102e-03
56.950000000 -1.653857704973e-03
56.960000000 -1.222857728843e-03
56.970000000 -7.328577527135e-04
56.980000000 -2.078577765839e-04
56.990000000 3.291421995457e-04
57.000000000 8.531421756754e-04
57.010000000 1.340142151805e-03
57.020000000 1.767142127935e-03
57.030000000 2.114142104064e-03
57.040000000 2.361142080194e-03
57.050000000 2.492142056323e-03
57.060000000 2.491142032453e-03
57.070000000 2.347142008583e-03
57.080000000 2.050141984712e-03
57.090000000 1.601141960842e-03
57.100000000 1.004141936972e-03
57.110000000 2.751419131013e-04
57.120000000 -5.618581107691e-04
57.130000000 -1.474858134639e-03
57.140000000 -2.429858158510e-03
57.150000000 -3.387858182380e-03
57.160000000 -4.316858206251e-03
57.170000000 -5.185858230121e-03
57.180000000 -5.971858253991e-03
57.190000000 -6.656858277862e-03
57.200000000 -7.229858301732e-03
57.210000000 -7.681858325602e-03
57.220000000 -8.009858349473e-03
57.230000000 -8.213858373343e-03
57.240000000 -8.297858397214e-03
57.250000000 -8.268858421084e-03
57.260000000 -8.136858444954e-03
57.270000000 -7.914858468825e-03
57.280000000 -7.617858492695e-03
57.290000000 -7.262858516565e-03
57.300000000 -6.870858540436e-03
57.310000000 -6.460858564306e-03
57.320000000 -6.055858588177e-03
57.330000000 -5.675858612047e-03
57.340000000 -5.337858635917e-03
57.350000000 -5.055858659788e-03
57.360000000 -4.834858683658e-03
57.370000000 -4.676858707528e-03
57.380000000 -4.574858731399e-03
57.390000000 -4.515858755269e-03
57.400000000 -4.481858779140e-03
57.410000000 -4.453858803010e-03
57.420000000 -4.409858826880e-03
57.430000000 -4.333858850751e-03
57.440000000 -4.211858874621e-03
57.450000000 -4.038858898491e-03
57.460000000 -3.810858922362e-03
57.470000000 -3.533858946232e-03
57.480000000 -3.211858970103e-03
57.490000000 -2.854858993973e-03
57.500000000 -2.466859017843e-03
57.510000000 -2.056859041714e-03
57.520000000 -1.625859065584e-03
57.530000000 -1.176859089454e-03
57.540000000 -7.068591133247e-04
57.550000000 -2.168591371951e-04
57.560000000 2.971408389345e-04
57.570000000 8.341408150641e-04
57.580000000 1.399140791194e-03
57.590000000 1.990140767323e-03
57.600000000 2.609140743453e-03
57.610000000 3.258140719583e-03
57.620000000 3.939140695712e-03
57.630000000 4.649140671842e-03
57.640000000 5.385140647972e-03
57.650000000 6.138140624101e-03
57.660000000 6.896140600231e-03
57.670000000 7.642140576360e-03
57.680000000 8.358140552490e-03
57.690000000 9.028140528620e-03
57.700000000 9.633140504749e-03
57.710000000 1.016014048088e-02
57.720000000 1.059614045701e-02
57.730000000 1.092814043314e-02
57.740000000 1.114914040927e-02
57.750000000 1.124914038540e-02
57.760000000 1.122414036153e-02
57.770000000 1.107314033766e-02
57.780000000 1.079814031379e-02
57.790000000 1.040714028992e-02
57.800000000 9.914140266046e-03
57.810000000 9.337140242175e-03
57.820000000 8.701140218305e-03
57.830000000 8.035140194434e-03
57.840000000 7.367140170564e-03
57.850000000 6.727140146694e-03
57.860000000 6.137140122823e-03
57.870000000 5.614140098953e-03
57.880000000 5.164140075083e-03
57.890000000 4.787140051212e-03
57.900000000 4.471140027342e-03
57.910000000 4.197140003471e-03
57.920000000 3.940139979601e-03
57.930000000 3.673139955731e-03
57.940000000 3.369139931860e-03
57.950000000 3.005139907990e-03
57.960000000 2.559139884120e-03
57.970000000 2.023139860249e-03
57.980000000 1.392139836379e-03
57.990000000 6.691398125085e-04
58.000000000 -1.348602113619e-04
58.010000000 -1.005860235232e-03
58.020000000 -1.924860259103e-03
58.030000000 -2.871860282973e-03
58.040000000 -3.825860306843e-03
58.050000000 -4.760860330714e-03
58.060000000 -5.656860354584e-03
58.070000000 -6.488860378454e-03
58.080000000 -7.233860402325e-03
58.090000000 -7.868860426195e-03
58.100000000 -8.374860450066e-03
58.110000000 -8.733860473936e-03
58.120000000 -8.932860497806e-03
58.130000000 -8.962860521677e-03
58.140000000 -8.823860545547e-03
58.150000000 -8.522860569417e-03
58.160000000 -8.076860593288e-03
58.170000000 -7.512860617158e-03
58.180000000 -6.861860641029e-03
58.190000000 -6.162860664899e-03
58.200000000 -5.452860688769e-03
58.210000000 -4.769860712640e-03
58.220000000 -4.142860736510e-03
58.230000000 -3.598860760380e-03
58.240000000 -3.153860784251e-03
58.250000000 -2.815860808121e-03
58.260000000 -2.584860831992e-03
58.270000000 -2.457860855862e-03
58.280000000 -2.422860879732e-03
58.290000000 -2.466860903603e-03
58.300000000 -2.573860927473e-03
58.310000000 -2.726860951343e-03
58.320000000 -2.908860975214e-03
58.330000000 -3.102860999084e-03
58.340000000 -3.292861022955e-03
58.350000000 -3.464861046825e-03
58.360000000 -3.608861070695e-03
58.370000000 -3.715861094566e-03
58.380000000 -3.785861118436e-03
58.390000000 -3.820861142306e-03
58.400000000 -3.835861166177e-03
58.410000000 -3.845861190047e-03
58.420000000 -3.872861213918e-03
58.430000000 -3.939861237788e-03
58.440000000 -4.061861261658e-03
58.450000000 -4.248861285529e-03
58.460000000 -4.501861309399e-03
58.470000000 -4.808861333269e-03
58.480000000 -5.153861357140e-03
58.490000000 -5.510861381010e-03
58.500000000 -5.856861404880e-03
58.510000000 -6.169861428751e-03
58.520000000 -6.432861452621e-03
58.530000000 -6.639861476492e-03
58.540000000 -6.790861500362e-03
58.550000000 -6.892861524232e-03
58.560000000 -6.962861548103e-03
58.570000000 -7.017861571973e-03
58.580000000 -7.077861595843e-03
58.590000000 -7.158861619714e-03
58.600000000 -7.274861643584e-03
58.610000000 -7.430861667455e-03
58.620000000 -7.627861691325e-03
58.630000000 -7.857861715195e-03
58.640000000 -8.104861739066e-03
58.650000000 -8.350861762936e-03
58.660000000 -8.570861786806e-03
58.670000000 -8.740861810677e-03
58.680000000 -8.832861834547e-03
58.690000000 -8.824861858418e-03
58.700000000 -8.696861882288e-03
58.710000000 -8.435861906158e-03
58.720000000 -8.029861930029e-03
58.730000000 -7.480861953899e-03
58.740000000 -6.794861977769e-03
58.750000000 -5.986862001640e-03
58.760000000 -5.077862025510e-03
58.770000000 -4.097862049381e-03
58.780000000 -3.073862073251e-03
58.790000000 -2.039862097121e-03
58.800000000 -1.021862120992e-03
58.810000000 -4.486214486202e-05
58.820000000 8.761378312676e-04
58.830000000 1.733137807397e-03
58.840000000 2.531137783527e-03
58.850000000 3.277137759656e-03
58.860000000 3.994137735786e-03
58.870000000 4.700137711916e-03
58.880000000 5.420137688045e-03
58.890000000 6.173137664175e-03
58.900000000 6.973137640305e-03
58.910000000 7.825137616434e-03
58.920000000 8.731137592564e-03
58.930000000 9.678137568694e-03
58.940000000 1.065213754482e-02
58.950000000 1.163113752095e-02
58.960000000 1.259513749708e-02
58.970000000 1.352013747321e-02
58.980000000 1.439013744934e-02
58.990000000 1.518713742547e-02
59.000000000 1.590313740160e-02
59.010000000 1.653313737773e-02
59.020000000 1.707813735386e-02
59.030000000 1.754113732999e-02
59.040000000 1.792913730612e-02
59.050000000 1.824913728225e-02
59.060000000 1.850913725838e-02
59.070000000 1.871113723451e-02
59.080000000 1.885713721064e-02
59.090000000 1.894313718677e-02
59.100000000 1.896513716290e-02
59.110000000 1.891513713903e-02
59.120000000 1.878613711516e-02
59.130000000 1.857113709129e-02
59.140000000 1.826413706742e-02
59.150000000 1.786213704355e-02
59.160000000 1.736613701967e-02
59.170000000 1.677913699580e-02
59.180000000 1.611313697193e-02
59.190000000 1.538413694806e-02
59.200000000 1.461213692419e-02
59.210000000 1.382213690032e-02
59.220000000 1.304013687645e-02
59.230000000 1.228913685258e-02
59.240000000 1.158913682871e-02
59.250000000 1.095413680484e-02
59.260000000 1.039113678097e-02
59.270000000 9.901136757101e-03
59.280000000 9.475136733230e-03
59.290000000 9.103136709360e-03
59.300000000 8.767136685490e-03
59.310000000 8.449136661619e-03
59.320000000 8.127136637749e-03
59.330000000 7.784136613879e-03
59.340000000 7.399136590008e-03
59.350000000 6.959136566138e-03
59.360000000 6.451136542268e-03
59.370000000 5.871136518397e-03
59.380000000 5.214136494527e-03
59.390000000 4.484136470656e-03
59.400000000 3.687136446786e-03
59.410000000 2.837136422916e-03
59.420000000 1.946136399045e-03
59.430000000 1.037136375175e-03
59.440000000 1.281363513045e-04
59.450000000 -7.558636725658e-04
59.460000000 -1.594863696436e-03
59.470000000 -2.369863720307e-03
59.480000000 -3.069863744177e-03
59.490000000 -3.685863768047e-03
59.500000000 -4.219863791918e-03
59.510000000 -4.678863815788e-03
59.520000000 -5.073863839658e-03
59.530000000 -5.417863863529e-03
59.540000000 -5.726863887399e-03
59.550000000 -6.011863911270e-03
59.560000000 -6.288863935140e-03
59.570000000 -6.564863959010e-03
59.580000000 -6.850863982881e-03
59.590000000 -7.154864006751e-03
59.600000000 -7.482864030621e-03
59.610000000 -7.836864054492e-03
59.620000000 -8.218864078362e-03
59.630000000 -8.624864102233e-03
59.640000000 -9.046864126103e-03
59.650000000 -9.472864149973e-03
59.660000000 -9.890864173844e-03
59.670000000 -1.028586419771e-02
59.680000000 -1.064586422158e-02
59.690000000 -1.095786424545e-02
59.700000000 -1.121486426933e-02
59.710000000 -1.141186429320e-02
59.720000000 -1.155286431707e-02
59.730000000 -1.163886434094e-02
59.740000000 -1.167986436481e-02
59.750000000 -1.168286438868e-02
59.760000000 -1.165386441255e-02
59.770000000 -1.159686443642e-02
59.780000000 -1.151286446029e-02
59.790000000 -1.139686448416e-02
59.800000000 -1.124586450803e-02
59.810000000 -1.105786453190e-02
59.820000000 -1.083086455577e-02
59.830000000 -1.057286457964e-02
59.840000000 -1.028986460351e-02
59.850000000 -9.995864627381e-03
59.860000000 -9.697864651251e-03
59.870000000 -9.402864675121e-03
59.880000000 -9.110864698992e-03
59.890000000 -8.815864722862e-03
59.900000000 -8.506864746733e-03
59.910000000 -8.168864770603e-03
59.920000000 -7.785864794473e-03
59.930000000 -7.343864818344e-03
59.940000000 -6.830864842214e-03
59.950000000 -6.238864866084e-03
59.960000000 -5.566864889955e-03
59.970000000 -4.816864913825e-03
59.980000000 -3.994864937696e-03
59.990000000 -3.113864961566e-03
60.000000000 -2.184864985436e-03
60.010000000 -1.220865009307e-03
60.020000000 -2.328650331771e-04
60.030000000 7.661349429526e-04
60.040000000 1.768134919082e-03
60.050000000 2.761134895212e-03
60.060000000 3.735134871341e-03
60.070000000 4.670134847471e-03
60.080000000 5.550134823601e-03
60.090000000 6.350134799730e-03
60.100000000 7.051134775860e-03
60.110000000 7.633134751990e-03
60.120000000 8.086134728119e-03
60.130000000 8.404134704249e-03
60.140000000 8.593134680378e-03
60.150000000 8.665134656508e-03
60.160000000 8.638134632638e-03
60.170000000 8.530134608767e-03
60.180000000 8.361134584897e-03
60.190000000 8.145134561027e-03
60.200000000 7.894134537156e-03
60.210000000 7.611134513286e-03
60.220000000 7.297134489415e-03
60.230000000 6.950134465545e-03
60.240000000 6.565134441675e-03
60.250000000 6.142134417804e-03
60.260000000 5.682134393934e-03
60.270000000 5.194134370064e-03
60.280000000 4.689134346193e-03
60.290000000 4.185134322323e-03
60.300000000 3.699134298453e-03
60.310000000 3.248134274582e-03
60.320000000 2.844134250712e-03
60.330000000 2.495134226841e-03
60.340000000 2.200134202971e-03
60.350000000 1.954134179101e-03
60.360000000 1.744134155230e-03
60.370000000 1.554134131360e-03
60.380000000 1.367134107490e-03
60.390000000 1.163134083619e-03
60.400000000 9.231340597488e-04
60.410000000 6.301340358784e-04
60.420000000 2.691340120080e-04
60.430000000 -1.698660118623e-04
60.440000000 -6.938660357327e-04
60.450000000 -1.299866059603e-03
60.460000000 -1.981866083473e-03
60.470000000 -2.722866107344e-03
60.480000000 -3.502866131214e-03
60.490000000 -4.298866155085e-03
60.500000000 -5.082866178955e-03
60.510000000 -5.829866202825e-03
60.520000000 -6.514866226696e-03
60.530000000 -7.113866250566e-03
60.540000000 -7.608866274436e-03
60.550000000 -7.987866298307e-03
60.560000000 -8.242866322177e-03
60.570000000 -8.372866346048e-03
60.580000000 -8.381866369918e-03
60.590000000 -8.275866393788e-03
60.600000000 -8.064866417659e-03
60.610000000 -7.757866441529e-03
60.620000000 -7.360866465399e-03
60.630000000 -6.878866489270e-03
60.640000000 -6.314866513140e-03
60.650000000 -5.674866537011e-03
60.660000000 -4.962866560881e-03
60.670000000 -4.189866584751e-03
60.680000000 -3.367866608622e-03
60.690000000 -2.517866632492e-03
60.700000000 -1.661866656362e-03
60.710000000 -8.298666802328e-04
60.720000000 -5.286670410313e-05
60.730000000 6.351332720265e-04
60.740000000 1.201133248156e-03
60.750000000 1.617133224286e-03
60.760000000 1.858133200415e-03
60.770000000 1.912133176545e-03
60.780000000 1.774133152675e-03
60.790000000 1.452133128804e-03
60.800000000 9.621331049339e-04
60.810000000 3.321330810635e-04
60.820000000 -4.048669428068e-04
60.830000000 -1.210866966677e-03
60.840000000 -2.048866990548e-03
60.850000000 -2.877867014418e-03
60.860000000 -3.665867038288e-03
60.870000000 -4.379867062159e-03
60.880000000 -4.995867086029e-03
60.890000000 -5.495867109899e-03
60.900000000 -5.865867133770e-03
60.910000000 -6.098867157640e-03
60.920000000 -6.191867181511e-03
60.930000000 -6.144867205381e-03
60.940000000 -5.959867229251e-03
60.950000000 -5.639867253122e-03
60.960000000 -5.187867276992e-03
60.970000000 -4.610867300862e-03
60.980000000 -3.913867324733e-03
60.990000000 -3.108867348603e-03
61.000000000 -2.207867372474e-03
61.010000000 -1.230867396344e-03
61.020000000 -1.998674202143e-04
61.030000000 8.611325559153e-04
61.040000000 1.927132532045e-03
61.050000000 2.973132508175e-03
61.060000000 3.979132484304e-03
61.070000000 4.924132460434e-03
61.080000000 5.797132436563e-03
61.090000000 6.586132412693e-03
61.100000000 7.289132388823e-03
61.110000000 7.904132364952e-03
61.120000000 8.434132341082e-03
61.130000000 8.885132317212e-03
61.140000000 9.264132293341e-03
61.150000000 9.579132269471e-03
61.160000000 9.841132245600e-03
61.170000000 1.005813222173e-02
61.180000000 1.023913219786e-02
61.190000000 1.039413217399e-02
61.200000000 1.053013215012e-02
61.210000000 1.065413212625e-02
61.220000000 1.077213210238e-02
61.230000000 1.088613207851e-02
61.240000000 1.100113205464e-02
61.250000000 1.111613203077e-02
61.260000000 1.123013200690e-02
61.270000000 1.134213198303e-02
61.280000000 1.144813195916e-02
61.290000000 1.154513193529e-02
61.300000000 1.162813191142e-02
61.310000000 1.169213188754e-02
61.320000000 1.173213186367e-02
61.330000000 1.174213183980e-02
61.340000000 1.171313181593e-02
61.350000000 1.163813179206e-02
61.360000000 1.150613176819e-02
61.370000000 1.130913174432e-02
61.380000000 1.103913172045e-02
61.390000000 1.069313169658e-02
61.400000000 1.026913167271e-02
61.410000000 9.773131648841e-03
61.420000000 9.213131624971e-03
61.430000000 8.602131601100e-03
61.440000000 7.955131577230e-03
61.450000000 7.287131553360e-03
61.460000000 6.616131529489e-03
61.470000000 5.958131505619e-03
61.480000000 5.328131481749e-03
61.490000000 4.742131457878e-03
61.500000000 4.210131434008e-03
61.510000000 3.745131410137e-03
61.520000000 3.349131386267e-03
61.530000000 3.026131362397e-03
61.540000000 2.769131338526e-03
61.550000000 2.574131314656e-03
61.560000000 2.428131290786e-03
61.570000000 2.319131266915e-03
61.580000000 2.232131243045e-03
61.590000000 2.153131219174e-03
61.600000000 2.063131195304e-03
61.610000000 1.951131171434e-03
61.620000000 1.801131147563e-03
61.630000000 1.606131123693e-03
61.640000000 1.357131099823e-03
61.650000000 1.056131075952e-03
61.660000000 7.031310520819e-04
61.670000000 3.051310282115e-04
61.680000000 -1.308689956589e-04
61.690000000 -5.938690195292e-04
61.700000000 -1.076869043400e-03
61.710000000 -1.571869067270e-03
61.720000000 -2.074869091140e-03
61.730000000 -2.581869115011e-03
61.740000000 -3.094869138881e-03
61.750000000 -3.610869162751e-03
61.760000000 -4.130869186622e-03
61.770000000 -4.647869210492e-03
61.780000000 -5.157869234363e-03
61.790000000 -5.651869258233e-03
61.800000000 -6.121869282103e-03
61.810000000 -6.561869305974e-03
61.820000000 -6.966869329844e-03
61.830000000 -7.337869353714e-03
61.840000000 -7.677869377585e-03
61.850000000 -7.995869401455e-03
61.860000000 -8.302869425326e-03
61.870000000 -8.609869449196e-03
61.880000000 -8.928869473066e-03
61.890000000 -9.268869496937e-03
61.900000000 -9.635869520807e-03
61.910000000 -1.002986954468e-02
61.920000000 -1.044986956855e-02
61.930000000 -1.088886959242e-02
61.940000000 -1.133586961629e-02
61.950000000 -1.177886964016e-02
61.960000000 -1.220386966403e-02
61.970000000 -1.259686968790e-02
61.980000000 -1.294686971177e-02
61.990000000 -1.324586973564e-02
62.000000000 -1.348486975951e-02
62.010000000 -1.366086978338e-02
62.020000000 -1.376786980725e-02
62.030000000 -1.380286983112e-02
62.040000000 -1.376086985499e-02
62.050000000 -1.363786987886e-02
62.060000000 -1.342986990273e-02
62.070000000 -1.313086992660e-02
62.080000000 -1.273886995047e-02
62.090000000 -1.225186997434e-02
62.100000000 -1.166786999821e-02
62.110000000 -1.099287002208e-02
62.120000000 -1.023187004596e-02
62.130000000 -9.397870069826e-03
62.140000000 -8.506870093696e-03
62.150000000 -7.579870117566e-03
62.160000000 -6.638870141437e-03
62.170000000 -5.707870165307e-03
62.180000000 -4.805870189177e-03
62.190000000 -3.951870213048e-03
62.200000000 -3.155870236918e-03
62.210000000 -2.423870260789e-03
62.220000000 -1.757870284659e-03
62.230000000 -1.154870308529e-03
62.240000000 -6.088703323997e-04
62.250000000 -1.148703562701e-04
62.260000000 3.371296198595e-04
62.270000000 7.491295959892e-04
62.280000000 1.127129572119e-03
62.290000000 1.474129548248e-03
62.300000000 1.794129524378e-03
62.310000000 2.089129500508e-03
62.320000000 2.366129476637e-03
62.330000000 2.632129452767e-03
62.340000000 2.896129428897e-03
62.350000000 3.168129405026e-03
62.360000000 3.460129381156e-03
62.370000000 3.778129357285e-03
62.380000000 4.130129333415e-03
62.390000000 4.513129309545e-03
62.400000000 4.926129285674e-03
62.410000000 5.358129261804e-03
62.420000000 5.798129237934e-03
62.430000000 6.231129214063e-03
62.440000000 6.640129190193e-03
62.450000000 7.009129166322e-03
62.460000000 7.323129142452e-03
62.470000000 7.568129118582e-03
62.480000000 7.734129094711e-03
62.490000000 7.813129070841e-03
62.500000000 7.796129046971e-03
62.510000000 7.681129023100e-03
62.520000000 7.466128999230e-03
62.530000000 7.152128975359e-03
62.540000000 6.743128951489e-03
62.550000000 6.247128927619e-03
62.560000000 5.677128903748e-03
62.570000000 5.046128879878e-03
62.580000000 4.370128856008e-03
62.590000000 3.664128832137e-03
62.600000000 2.944128808267e-03
62.610000000 2.225128784397e-03
62.620000000 1.519128760526e-03
62.630000000 8.371287366558e-04
62.640000000 1.891287127854e-04
62.650000000 -4.168713110850e-04
62.660000000 -9.758713349553e-04
62.670000000 -1.483871358826e-03
62.680000000 -1.940871382696e-03
62.690000000 -2.348871406566e-03
62.700000000 -2.714871430437e-03
62.710000000 -3.046871454307e-03
62.720000000 -3.355871478178e-03
62.730000000 -3.652871502048e-03
62.740000000 -3.950871525918e-03
62.750000000 -4.257871549789e-03
62.760000000 -4.580871573659e-03
62.770000000 -4.924871597529e-03
62.780000000 -5.295871621400e-03
62.790000000 -5.693871645270e-03
62.800000000 -6.122871669141e-03
62.810000000 -6.587871693011e-03
62.820000000 -7.091871716881e-03
62.830000000 -7.639871740752e-03
62.840000000 -8.234871764622e-03
62.850000000 -8.875871788492e-03
62.860000000 -9.558871812363e-03
62.870000000 -1.026887183623e-02
62.880000000 -1.098687186010e-02
62.890000000 -1.168987188397e-02
62.900000000 -1.235187190784e-02
62.910000000 -1.294387193171e-02
62.920000000 -1.344587195559e-02
62.930000000 -1.383587197946e-02
62.940000000 -1.410387200333e-02
62.950000000 -1.424287202720e-02
62.960000000 -1.425287205107e-02
62.970000000 -1.414087207494e-02
62.980000000 -1.391887209881e-02
62.990000000 -1.360087212268e-02
63.000000000 -1.320587214655e-02
63.010000000 -1.275187217042e-02
63.020000000 -1.225587219429e-02
63.030000000 -1.173887221816e-02
63.040000000 -1.121487224203e-02
63.050000000 -1.069687226590e-02
63.060000000 -1.019187228977e-02
63.070000000 -9.704872313641e-03
63.080000000 -9.231872337511e-03
63.090000000 -8.768872361381e-03
63.100000000 -8.301872385252e-03
63.110000000 -7.820872409122e-03
63.120000000 -7.310872432992e-03
63.130000000 -6.760872456863e-03
63.140000000 -6.159872480733e-03
63.150000000 -5.503872504604e-03
63.160000000 -4.787872528474e-03
63.170000000 -4.017872552344e-03
63.180000000 -3.195872576215e-03
63.190000000 -2.334872600085e-03
63.200000000 -1.443872623955e-03
63.210000000 -5.378726478258e-04
63.220000000 3.731273283038e-04
63.230000000 1.278127304433e-03
63.240000000 2.170127280563e-03
63.250000000 3.039127256693e-03
63.260000000 3.886127232822e-03
63.270000000 4.703127208952e-03
63.280000000 5.493127185082e-03
63.290000000 6.251127161211e-03
63.300000000 6.981127137341e-03
63.310000000 7.680127113470e-03
63.320000000 8.352127089600e-03
63.330000000 8.995127065730e-03
63.340000000 9.613127041859e-03
63.350000000 1.020212701799e-02
63.360000000 1.076312699412e-02
63.370000000 1.129312697025e-02
63.380000000 1.178912694638e-02
63.390000000 1.224412692251e-02
63.400000000 1.265412689864e-02
63.410000000 1.301312687477e-02
63.420000000 1.331912685090e-02
63.430000000 1.357112682703e-02
63.440000000 1.377412680316e-02
63.450000000 1.393612677929e-02
63.460000000 1.406912675541e-02
63.470000000 1.418612673154e-02
63.480000000 1.430012670767e-02
63.490000000 1.442212668380e-02
63.500000000 1.456112665993e-02
63.510000000 1.471912663606e-02
63.520000000 1.489712661219e-02
63.530000000 1.509112658832e-02
63.540000000 1.529312656445e-02
63.550000000 1.549212654058e-02
63.560000000 1.567912651671e-02
63.570000000 1.584112649284e-02
63.580000000 1.596512646897e-02
63.590000000 1.604312644510e-02
63.600000000 1.606612642123e-02
63.610000000 1.602712639736e-02
63.620000000 1.592312637349e-02
63.630000000 1.575112634962e-02
63.640000000 1.551112632575e-02
63.650000000 1.520612630188e-02
63.660000000 1.483612627801e-02
63.670000000 1.440612625414e-02
63.680000000 1.392012623027e-02
63.690000000 1.337912620640e-02
63.700000000 1.278512618253e-02
63.710000000 1.213912615866e-02
63.720000000 1.144512613479e-02
63.730000000 1.070712611091e-02
63.740000000 9.933126087044e-03
63.750000000 9.138126063174e-03
63.760000000 8.336126039304e-03
63.770000000 7.546126015433e-03
63.780000000 6.786125991563e-03
63.790000000 6.076125967693e-03
63.800000000 5.429125943822e-03
63.810000000 4.860125919952e-03
63.820000000 4.378125896081e-03
63.830000000 3.989125872211e-03
63.840000000 3.694125848341e-03
63.850000000 3.490125824470e-03
63.860000000 3.368125800600e-03
63.870000000 3.315125776730e-03
63.880000000 3.314125752859e-03
63.890000000 3.345125728989e-03
63.900000000 3.383125705118e-03
63.910000000 3.407125681248e-03
63.920000000 3.393125657378e-03
63.930000000 3.325125633507e-03
63.940000000 3.184125609637e-03
63.950000000 2.965125585767e-03
63.960000000 2.663125561896e-03
63.970000000 2.281125538026e-03
63.980000000 1.827125514156e-03
63.990000000 1.317125490285e-03
64.000000000 7.651254664148e-04
64.010000000 1.941254425444e-04
64.020000000 -3.798745813260e-04
64.030000000 -9.338746051964e-04
64.040000000 -1.453874629067e-03
64.050000000 -1.926874652937e-03
64.060000000 -2.347874676807e-03
64.070000000 -2.714874700678e-03
64.080000000 -3.030874724548e-03
64.090000000 -3.303874748419e-03
64.100000000 -3.540874772289e-03
64.110000000 -3.750874796159e-03
64.120000000 -3.939874820030e-03
64.130000000 -4.110874843900e-03
64.140000000 -4.264874867770e-03
64.150000000 -4.396874891641e-03
64.160000000 -4.498874915511e-03
64.170000000 -4.564874939382e-03
64.180000000 -4.586874963252e-03
64.190000000 -4.559874987122e-03
64.200000000 -4.484875010993e-03
64.210000000 -4.363875034863e-03
64.220000000 -4.203875058733e-03
64.230000000 -4.016875082604e-03
64.240000000 -3.815875106474e-03
64.250000000 -3.615875130345e-03
64.260000000 -3.429875154215e-03
64.270000000 -3.270875178085e-03
64.280000000 -3.149875201956e-03
64.290000000 -3.073875225826e-03
64.300000000 -3.044875249696e-03
64.310000000 -3.062875273567e-03
64.320000000 -3.122875297437e-03
64.330000000 -3.216875321308e-03
64.340000000 -3.335875345178e-03
64.350000000 -3.464875369048e-03
64.360000000 -3.591875392919e-03
64.370000000 -3.699875416789e-03
64.380000000 -3.773875440659e-03
64.390000000 -3.797875464530e-03
64.400000000 -3.757875488400e-03
64.410000000 -3.642875512270e-03
64.420000000 -3.443875536141e-03
64.430000000 -3.160875560011e-03
64.440000000 -2.798875583882e-03
64.450000000 -2.369875607752e-03
64.460000000 -1.891875631622e-03
64.470000000 -1.385875655493e-03
64.480000000 -8.758756793631e-04
64.490000000 -3.818757032335e-04
64.500000000 7.712427289615e-05
64.510000000 4.911242490258e-04
64.520000000 8.571242251554e-04
64.530000000 1.175124201285e-03
64.540000000 1.453124177415e-03
64.550000000 1.699124153544e-03
64.560000000 1.923124129674e-03
64.570000000 2.131124105804e-03
64.580000000 2.324124081933e-03
64.590000000 2.502124058063e-03
64.600000000 2.660124034192e-03
64.610000000 2.793124010322e-03
64.620000000 2.894123986452e-03
64.630000000 2.959123962581e-03
64.640000000 2.985123938711e-03
64.650000000 2.973123914841e-03
64.660000000 2.925123890970e-03
64.670000000 2.846123867100e-03
64.680000000 2.736123843229e-03
64.690000000 2.600123819359e-03
64.700000000 2.437123795489e-03
64.710000000 2.245123771618e-03
64.720000000 2.023123747748e-03
64.730000000 1.766123723878e-03
64.740000000 1.471123700007e-03
64.750000000 1.136123676137e-03
64.760000000 7.561236522665e-04
64.770000000 3.301236283961e-04
64.780000000 -1.428763954743e-04
64.790000000 -6.628764193446e-04
64.800000000 -1.228876443215e-03
64.810000000 -1.835876467085e-03
64.820000000 -2.479876490956e-03
64.830000000 -3.149876514826e-03
64.840000000 -3.837876538697e-03
64.850000000 -4.528876562567e-03
64.860000000 -5.207876586437e-03
64.870000000 -5.856876610308e-03
64.880000000 -6.462876634178e-03
64.890000000 -7.007876658048e-03
64.900000000 -7.481876681919e-03
64.910000000 -7.876876705789e-03
64.920000000 -8.193876729659e-03
64.930000000 -8.437876753530e-03
64.940000000 -8.619876777400e-03
64.950000000 -8.753876801271e-03
64.960000000 -8.859876825141e-03
64.970000000 -8.950876849011e-03
64.980000000 -9.040876872882e-03
64.990000000 -9.137876896752e-03
65.000000000 -9.245876920622e-03
65.010000000 -9.360876944493e-03
65.020000000 -9.476876968363e-03
65.030000000 -9.584876992234e-03
65.040000000 -9.675877016104e-03
65.050000000 -9.740877039974e-03
65.060000000 -9.776877063845e-03
65.070000000 -9.779877087715e-03
65.080000000 -9.755877111585e-03
65.090000000 -9.707877135456e-03
65.100000000 -9.646877159326e-03
65.110000000 -9.581877183197e-03
65.120000000 -9.521877207067e-03
65.130000000 -9.474877230937e-03
65.140000000 -9.448877254808e-03
65.150000000 -9.447877278678e-03
65.160000000 -9.476877302548e-03
65.170000000 -9.537877326419e-03
65.180000000 -9.632877350289e-03
65.190000000 -9.762877374160e-03
65.200000000 -9.923877398030e-03
65.210000000 -1.011587742190e-02
65.220000000 -1.033187744577e-02
65.230000000 -1.056487746964e-02
65.240000000 -1.080587749351e-02
65.250000000 -1.104287751738e-02
65.260000000 -1.126187754125e-02
65.270000000 -1.145287756512e-02
65.280000000 -1.160187758899e-02
65.290000000 -1.170187761286e-02
65.300000000 -1.174487763673e-02
65.310000000 -1.172487766060e-02
65.320000000 -1.163587768447e-02
65.330000000 -1.147387770834e-02
65.340000000 -1.123387773222e-02
65.350000000 -1.090987775609e-02
65.360000000 -1.049787777996e-02
65.370000000 -9.996877803826e-03
65.380000000 -9.406877827697e-03
65.390000000 -8.736877851567e-03
65.400000000 -7.996877875437e-03
65.410000000 -7.206877899308e-03
65.420000000 -6.383877923178e-03
65.430000000 -5.553877947048e-03
65.440000000 -4.734877970919e-03
65.450000000 -3.944877994789e-03
65.460000000 -3.193878018660e-03
65.470000000 -2.488878042530e-03
65.480000000 -1.827878066400e-03
65.490000000 -1.204878090271e-03
65.500000000 -6.118781141411e-04
65.510000000 -3.587813801145e-05
65.520000000 5.341218381182e-04
65.530000000 1.111121814248e-03
65.540000000 1.705121790377e-03
65.550000000 2.325121766507e-03
65.560000000 2.978121742637e-03
65.570000000 3.665121718766e-03
65.580000000 4.386121694896e-03
65.590000000 5.134121671026e-03
65.600000000 5.900121647155e-03
65.610000000 6.668121623285e-03
65.620000000 7.421121599414e-03
65.630000000 8.138121575544e-03
65.640000000 8.802121551674e-03
65.650000000 9.391121527803e-03
65.660000000 9.891121503933e-03
65.670000000 1.028712148006e-02
65.680000000 1.057312145619e-02
65.690000000 1.074412143232e-02
65.700000000 1.080112140845e-02
65.710000000 1.074812138458e-02
65.720000000 1.059412136071e-02
65.730000000 1.034712133684e-02
65.740000000 1.001912131297e-02
65.750000000 9.617121289100e-03
65.760000000 9.151121265229e-03
65.770000000 8.628121241359e-03
65.780000000 8.052121217488e-03
65.790000000 7.427121193618e-03
65.800000000 6.753121169748e-03
65.810000000 6.030121145877e-03
65.820000000 5.257121122007e-03
65.830000000 4.433121098137e-03
65.840000000 3.561121074266e-03
65.850000000 2.651121050396e-03
65.860000000 1.712121026526e-03
65.870000000 7.641210026551e-04
65.880000000 -1.748790212152e-04
65.890000000 -1.082879045086e-03
65.900000000 -1.942879068956e-03
65.910000000 -2.738879092826e-03
65.920000000 -3.459879116697e-03
65.930000000 -4.101879140567e-03
65.940000000 -4.665879164437e-03
65.950000000 -5.153879188308e-03
65.960000000 -5.574879212178e-03
65.970000000 -5.938879236049e-03
65.980000000 -6.256879259919e-03
65.990000000 -6.537879283789e-03
66.000000000 -6.790879307660e-03
66.010000000 -7.019879331530e-03
66.020000000 -7.228879355400e-03
66.030000000 -7.416879379271e-03
66.040000000 -7.580879403141e-03
66.050000000 -7.711879427012e-03
66.060000000 -7.800879450882e-03
66.070000000 -7.835879474752e-03
66.080000000 -7.803879498623e-03
66.090000000 -7.691879522493e-03
66.100000000 -7.489879546363e-03
66.110000000 -7.191879570234e-03
66.120000000 -6.794879594104e-03
66.130000000 -6.305879617975e-03
66.140000000 -5.732879641845e-03
66.150000000 -5.095879665715e-03
66.160000000 -4.412879689586e-03
66.170000000 -3.706879713456e-03
66.180000000 -2.995879737326e-03
66.190000000 -2.298879761197e-03
66.200000000 -1.626879785067e-03
66.210000000 -9.858799089375e-04
66.220000000 -3.798798328079e-04
66.230000000 1.921201433217e-04
66.240000000 7.321201194514e-04
66.250000000 1.242120095581e-03
66.260000000 1.725120071711e-03
66.270000000 2.181120047840e-03
66.280000000 2.612120023970e-03
66.290000000 3.017120000100e-03
66.300000000 3.397119976229e-03
66.310000000 3.751119952359e-03
66.320000000 4.080119928488e-03
66.330000000 4.385119904618e-03
66.340000000 4.670119880748e-03
66.350000000 4.939119856877e-03
66.360000000 5.199119833007e-03
66.370000000 5.457119809137e-03
66.380000000 5.723119785266e-03
66.390000000 6.004119761396e-03
66.400000000 6.312119737525e-03
66.410000000 6.654119713655e-03
66.420000000 7.038119689785e-03
66.430000000 7.466119665914e-03
66.440000000 7.941119642044e-03
66.450000000 8.462119618174e-03
66.460000000 9.026119594303e-03
66.470000000 9.629119570433e-03
66.480000000 1.026711954656e-02
66.490000000 1.093211952269e-02
66.500000000 1.161811949882e-02
66.510000000 1.231711947495e-02
66.520000000 1.302111945108e-02
66.530000000 1.372211942721e-02
66.540000000 1.441311940334e-02
66.550000000 1.508511937947e-02
66.560000000 1.573111935560e-02
66.570000000 1.634411933173e-02
66.580000000 1.691611930786e-02
66.590000000 1.743911928399e-02
66.600000000 1.790611926012e-02
66.610000000 1.831011923625e-02
66.620000000 1.864411921238e-02
66.630000000 1.890011918851e-02
66.640000000 1.907111916464e-02
66.650000000 1.915111914077e-02
66.660000000 1.913811911690e-02
66.670000000 1.903011909303e-02
66.680000000 1.882911906915e-02
66.690000000 1.854311904528e-02
66.700000000 1.818211902141e-02
66.710000000 1.775911899754e-02
66.720000000 1.728611897367e-02
66.730000000 1.678111894980e-02
66.740000000 1.625311892593e-02
66.750000000 1.571511890206e-02
66.760000000 1.516911887819e-02
66.770000000 1.461711885432e-02
66.780000000 1.405511883045e-02
66.790000000 1.347311880658e-02
66.800000000 1.285911878271e-02
66.810000000 1.220011875884e-02
66.820000000 1.148111873497e-02
66.830000000 1.068911871110e-02
66.840000000 9.812118687229e-03
66.850000000 8.847118663359e-03
66.860000000 7.789118639488e-03
66.870000000 6.645118615618e-03
66.880000000 5.424118591748e-03
66.890000000 4.145118567877e-03
66.900000000 2.826118544007e-03
66.910000000 1.495118520136e-03
66.920000000 1.721184962661e-04
66.930000000 -1.112881527604e-03
66.940000000 -2.342881551475e-03
66.950000000 -3.499881575345e-03
66.960000000 -4.573881599215e-03
66.970000000 -5.555881623086e-03
66.980000000 -6.448881646956e-03
66.990000000 -7.251881670827e-03
67.000000000 -7.970881694697e-03
67.010000000 -8.611881718567e-03
67.020000000 -9.183881742438e-03
67.030000000 -9.694881766308e-03
67.040000000 -1.015588179018e-02
67.050000000 -1.057488181405e-02
67.060000000 -1.096288183792e-02
67.070000000 -1.132388186179e-02
67.080000000 -1.166488188566e-02
67.090000000 -1.198388190953e-02
67.100000000 -1.227888193340e-02
67.110000000 -1.254288195727e-02
67.120000000 -1.277188198114e-02
67.130000000 -1.295788200501e-02
67.140000000 -1.309588202888e-02
67.150000000 -1.318088205275e-02
67.160000000 -1.321288207662e-02
67.170000000 -1.318888210049e-02
67.180000000 -1.310988212436e-02
67.190000000 -1.297688214823e-02
67.200000000 -1.278888217210e-02
67.210000000 -1.254688219597e-02
67.220000000 -1.225188221985e-02
67.230000000 -1.190688224372e-02
67.240000000 -1.151488226759e-02
67.250000000 -1.108288229146e-02
67.260000000 -1.061888231533e-02
67.270000000 -1.013288233920e-02
67.280000000 -9.631882363067e-03
67.290000000 -9.123882386938e-03
67.300000000 -8.614882410808e-03
67.310000000 -8.107882434678e-03
67.320000000 -7.605882458549e-03
67.330000000 -7.110882482419e-03
67.340000000 -6.625882506290e-03
67.350000000 -6.154882530160e-03
67.360000000 -5.702882554030e-03
67.370000000 -5.274882577901e-03
67.380000000 -4.877882601771e-03
67.390000000 -4.516882625641e-03
67.400000000 -4.195882649512e-03
67.410000000 -3.918882673382e-03
67.420000000 -3.685882697253e-03
67.430000000 -3.493882721123e-03
67.440000000 -3.336882744993e-03
67.450000000 -3.207882768864e-03
67.460000000 -3.096882792734e-03
67.470000000 -2.995882816604e-03
67.480000000 -2.895882840475e-03
67.490000000 -2.790882864345e-03
67.500000000 -2.674882888216e-03
67.510000000 -2.544882912086e-03
67.520000000 -2.398882935956e-03
67.530000000 -2.232882959827e-03
67.540000000 -2.046882983697e-03
67.550000000 -1.838883007567e-03
67.560000000 -1.606883031438e-03
67.570000000 -1.352883055308e-03
67.580000000 -1.078883079179e-03
67.590000000 -7.868831030489e-04
67.600000000 -4.828831269193e-04
67.610000000 -1.768831507896e-04
67.620000000 1.241168253400e-04
67.630000000 4.101168014696e-04
67.640000000 6.701167775993e-04
67.650000000 8.961167537289e-04
67.660000000 1.081116729859e-03
67.670000000 1.220116705988e-03
67.680000000 1.307116682118e-03
67.690000000 1.340116658247e-03
67.700000000 1.314116634377e-03
67.710000000 1.226116610507e-03
67.720000000 1.076116586636e-03
67.730000000 8.631165627659e-04
67.740000000 5.901165388955e-04
67.750000000 2.641165150252e-04
67.760000000 -1.038835088452e-04
67.770000000 -4.998835327156e-04
67.780000000 -9.048835565860e-04
67.790000000 -1.298883580456e-03
67.800000000 -1.659883604327e-03
67.810000000 -1.965883628197e-03
67.820000000 -2.199883652067e-03
67.830000000 -2.346883675938e-03
67.840000000 -2.398883699808e-03
67.850000000 -2.349883723679e-03
67.860000000 -2.203883747549e-03
67.870000000 -1.966883771419e-03
67.880000000 -1.650883795290e-03
67.890000000 -1.272883819160e-03
67.900000000 -8.488838430304e-04
67.910000000 -4.008838669008e-04
67.920000000 5.211610922883e-05
67.930000000 4.891160853585e-04
67.940000000 8.921160614881e-04
67.950000000 1.249116037618e-03
67.960000000 1.552116013747e-03
67.970000000 1.798115989877e-03
67.980000000 1.990115966007e-03
67.990000000 2.133115942136e-03
68.000000000 2.235115918266e-03
68.010000000 2.304115894395e-03
68.020000000 2.346115870525e-03
68.030000000 2.364115846655e-03
68.040000000 2.363115822784e-03
68.050000000 2.343115798914e-03
68.060000000 2.307115775044e-03
68.070000000 2.258115751173e-03
68.080000000 2.198115727303e-03
68.090000000 2.134115703433e-03
68.100000000 2.069115679562e-03
68.110000000 2.011115655692e-03
68.120000000 1.965115631821e-03
68.130000000 1.935115607951e-03
68.140000000 1.923115584081e-03
68.150000000 1.929115560210e-03
68.160000000 1.951115536340e-03
68.170000000 1.983115512470e-03
68.180000000 2.016115488599e-03
68.190000000 2.041115464729e-03
68.200000000 2.045115440858e-03
68.210000000 2.015115416988e-03
68.220000000 1.939115393118e-03
68.230000000 1.807115369247e-03
68.240000000 1.612115345377e-03
68.250000000 1.351115321507e-03
68.260000000 1.025115297636e-03
68.270000000 6.421152737658e-04
68.280000000 2.091152498954e-04
68.290000000 -2.588847739749e-04
68.300000000 -7.488847978453e-04
68.310000000 -1.245884821716e-03
68.320000000 -1.737884845586e-03
68.330000000 -2.210884869456e-03
68.340000000 -2.655884893327e-03
68.350000000 -3.059884917197e-03
68.360000000 -3.415884941068e-03
68.370000000 -3.714884964938e-03
68.380000000 -3.949884988808e-03
68.390000000 -4.115885012679e-03
68.400000000 -4.210885036549e-03
68.410000000 -4.238885060419e-03
68.420000000 -4.204885084290e-03
68.430000000 -4.120885108160e-03
68.440000000 -3.997885132031e-03
68.450000000 -3.847885155901e-03
68.460000000 -3.682885179771e-03
68.470000000 -3.511885203642e-03
68.480000000 -3.339885227512e-03
68.490000000 -3.169885251382e-03
68.500000000 -3.003885275253e-03
68.510000000 -2.844885299123e-03
68.520000000 -2.695885322994e-03
68.530000000 -2.562885346864e-03
68.540000000 -2.450885370734e-03
68.550000000 -2.366885394605e-03
68.560000000 -2.318885418475e-03
68.570000000 -2.311885442345e-03
68.580000000 -2.348885466216e-03
68.590000000 -2.432885490086e-03
68.600000000 -2.560885513956e-03
68.610000000 -2.728885537827e-03
68.620000000 -2.928885561697e-03
68.630000000 -3.152885585568e-03
68.640000000 -3.388885609438e-03
68.650000000 -3.627885633308e-03
68.660000000 -3.857885657179e-03
68.670000000 -4.070885681049e-03
68.680000000 -4.256885704919e-03
68.690000000 -4.409885728790e-03
68.700000000 -4.523885752660e-03
68.710000000 -4.594885776531e-03
68.720000000 -4.620885800401e-03
68.730000000 -4.604885824271e-03
68.740000000 -4.546885848142e-03
68.750000000 -4.450885872012e-03
68.760000000 -4.319885895882e-03
68.770000000 -4.157885919753e-03
68.780000000 -3.965885943623e-03
68.790000000 -3.746885967494e-03
68.800000000 -3.500885991364e-03
68.810000000 -3.229886015234e-03
68.820000000 -2.936886039105e-03
68.830000000 -2.624886062975e-03
68.840000000 -2.295886086845e-03
68.850000000 -1.956886110716e-03
68.860000000 -1.608886134586e-03
68.870000000 -1.256886158457e-03
68.880000000 -9.008861823269e-04
68.890000000 -5.408862061973e-04
68.900000000 -1.728862300677e-04
68.910000000 2.031137460620e-04
68.920000000 5.931137221916e-04
68.930000000 9.991136983212e-04
68.940000000 1.424113674451e-03
68.950000000 1.867113650580e-03
68.960000000 2.332113626710e-03
68.970000000 2.819113602840e-03
68.980000000 3.330113578969e-03
68.990000000 3.869113555099e-03
69.000000000 4.442113531229e-03
69.010000000 5.053113507358e-03
69.020000000 5.709113483488e-03
69.030000000 6.412113459618e-03
69.040000000 7.161113435747e-03
69.050000000 7.950113411877e-03
69.060000000 8.770113388006e-03
69.070000000 9.601113364136e-03
69.080000000 1.042511334027e-02
69.090000000 1.121711331640e-02
69.100000000 1.195211329252e-02
69.110000000 1.260411326865e-02
69.120000000 1.315311324478e-02
69.130000000 1.358111322091e-02
69.140000000 1.387711319704e-02
69.150000000 1.403911317317e-02
69.160000000 1.407011314930e-02
69.170000000 1.397811312543e-02
69.180000000 1.377811310156e-02
69.190000000 1.348511307769e-02
69.200000000 1.311611305382e-02
69.210000000 1.268611302995e-02
69.220000000 1.220911300608e-02
69.230000000 1.169411298221e-02
69.240000000 1.114711295834e-02
69.250000000 1.057211293447e-02
69.260000000 9.969112910599e-03
69.270000000 9.339112886729e-03
69.280000000 8.682112862858e-03
69.290000000 8.001112838988e-03
69.300000000 7.300112815117e-03
69.310000000 6.585112791247e-03
69.320000000 5.863112767377e-03
69.330000000 5.141112743506e-03
69.340000000 4.423112719636e-03
69.350000000 3.716112695766e-03
69.360000000 3.020112671895e-03
69.370000000 2.338112648025e-03
69.380000000 1.670112624154e-03
69.390000000 1.020112600284e-03
69.400000000 3.881125764137e-04
69.410000000 -2.208874474566e-04
69.420000000 -8.058874713270e-04
69.430000000 -1.359887495197e-03
69.440000000 -1.882887519068e-03
69.450000000 -2.369887542938e-03
69.460000000 -2.820887566809e-03
69.470000000 -3.235887590679e-03
69.480000000 -3.618887614549e-03
69.490000000 -3.971887638420e-03
69.500000000 -4.299887662290e-03
69.510000000 -4.607887686160e-03
69.520000000 -4.898887710031e-03
69.530000000 -5.172887733901e-03
69.540000000 -5.429887757771e-03
69.550000000 -5.666887781642e-03
69.560000000 -5.880887805512e-03
69.570000000 -6.065887829383e-03
69.580000000 -6.218887853253e-03
69.590000000 -6.333887877123e-03
69.600000000 -6.408887900994e-03
69.610000000 -6.441887924864e-03
69.620000000 -6.432887948734e-03
69.630000000 -6.383887972605e-03
69.640000000 -6.297887996475e-03
69.650000000 -6.178888020346e-03
69.660000000 -6.031888044216e-03
69.670000000 -5.860888068086e-03
69.680000000 -5.668888091957e-03
69.690000000 -5.456888115827e-03
69.700000000 -5.222888139697e-03
69.710000000 -4.964888163568e-03
69.720000000 -4.678888187438e-03
69.730000000 -4.362888211309e-03
69.740000000 -4.013888235179e-03
69.750000000 -3.630888259049e-03
69.760000000 -3.217888282920e-03
69.770000000 -2.778888306790e-03
69.780000000 -2.319888330660e-03
69.790000000 -1.848888354531e-03
69.800000000 -1.375888378401e-03
69.810000000 -9.078884022715e-04
69.820000000 -4.528884261419e-04
69.830000000 -1.888845001228e-05
69.840000000 3.871115261174e-04
69.850000000 7.591115022470e-04
69.860000000 1.092111478377e-03
69.870000000 1.385111454506e-03
69.880000000 1.640111430636e-03
69.890000000 1.861111406765e-03
69.900000000 2.057111382895e-03
69.910000000 2.240111359025e-03
69.920000000 2.421111335154e-03
69.930000000 2.610111311284e-03
69.940000000 2.815111287414e-03
69.950000000 3.041111263543e-03
69.960000000 3.287111239673e-03
69.970000000 3.546111215803e-03
69.980000000 3.811111191932e-03
69.990000000 4.068111168062e-03
70.000000000 4.303111144191e-03
70.010000000 4.505111120321e-03
70.020000000 4.661111096451e-03
70.030000000 4.764111072580e-03
70.040000000 4.813111048710e-03
70.050000000 4.807111024840e-03
70.060000000 4.752111000969e-03
70.070000000 4.655110977099e-03
70.080000000 4.522110953228e-03
70.090000000 4.364110929358e-03
70.100000000 4.186110905488e-03
70.110000000 3.997110881617e-03
70.120000000 3.801110857747e-03
70.130000000 3.600110833877e-03
70.140000000 3.394110810006e-03
70.150000000 3.180110786136e-03
70.160000000 2.952110762265e-03
70.170000000 2.706110738395e-03
70.180000000 2.433110714525e-03
70.190000000 2.128110690654e-03
70.200000000 1.785110666784e-03
70.210000000 1.404110642914e-03
70.220000000 9.811106190432e-04
70.230000000 5.181105951728e-04
70.240000000 1.911057130246e-05
70.250000000 -5.118894525679e-04
70.260000000 -1.068889476438e-03
70.270000000 -1.644889500309e-03
70.280000000 -2.234889524179e-03
70.290000000 -2.831889548049e-03
70.300000000 -3.434889571920e-03
70.310000000 -4.037889595790e-03
70.320000000 -4.640889619661e-03
70.330000000 -5.241889643531e-03
70.340000000 -5.838889667401e-03
70.350000000 -6.428889691272e-03
70.360000000 -7.008889715142e-03
70.370000000 -7.574889739012e-03
70.380000000 -8.122889762883e-03
70.390000000 -8.644889786753e-03
70.400000000 -9.133889810623e-03
70.410000000 -9.580889834494e-03
70.420000000 -9.975889858364e-03
70.430000000 -1.030688988223e-02
70.440000000 -1.056588990610e-02
70.450000000 -1.074388992998e-02
70.460000000 -1.083388995385e-02
70.470000000 -1.083288997772e-02
70.480000000 -1.074289000159e-02
70.490000000 -1.056889002546e-02
70.500000000 -1.032089004933e-02
70.510000000 -1.001389007320e-02
70.520000000 -9.662890097068e-03
70.530000000 -9.284890120938e-03
70.540000000 -8.896890144809e-03
70.550000000 -8.513890168679e-03
70.560000000 -8.149890192549e-03
70.570000000 -7.815890216420e-03
70.580000000 -7.519890240290e-03
70.590000000 -7.266890264161e-03
70.600000000 -7.059890288031e-03
70.610000000 -6.895890311901e-03
70.620000000 -6.768890335772e-03
70.630000000 -6.670890359642e-03
70.640000000 -6.591890383512e-03
70.650000000 -6.518890407383e-03
70.660000000 -6.440890431253e-03
70.670000000 -6.344890455124e-03
70.680000000 -6.217890478994e-03
70.690000000 -6.052890502864e-03
70.700000000 -5.838890526735e-03
70.710000000 -5.569890550605e-03
70.720000000 -5.240890574475e-03
70.730000000 -4.849890598346e-03
70.740000000 -4.392890622216e-03
70.750000000 -3.874890646087e-03
70.760000000 -3.293890669957e-03
70.770000000 -2.654890693827e-03
70.780000000 -1.962890717698e-03
70.790000000 -1.226890741568e-03
70.800000000 -4.528907654384e-04
70.810000000 3.461092106912e-04
70.820000000 1.161109186821e-03
70.830000000 1.976109162950e-03
70.840000000 2.785109139080e-03
70.850000000 3.573109115210e-03
70.860000000 4.335109091339e-03
70.870000000 5.061109067469e-03
70.880000000 5.747109043599e-03
70.890000000 6.388109019728e-03
70.900000000 6.981108995858e-03
70.910000000 7.523108971988e-03
70.920000000 8.015108948117e-03
70.930000000 8.456108924247e-03
70.940000000 8.849108900376e-03
70.950000000 9.196108876506e-03
70.960000000 9.502108852636e-03
70.970000000 9.769108828765e-03
70.980000000 1.000010880489e-02
70.990000000 1.019810878102e-02
71.000000000 1.036410875715e-02
71.010000000 1.049810873328e-02
71.020000000 1.060110870941e-02
71.030000000 1.067310868554e-02
71.040000000 1.071410866167e-02
71.050000000 1.072510863780e-02
71.060000000 1.071110861393e-02
71.070000000 1.067510859006e-02
71.080000000 1.062310856619e-02
71.090000000 1.056310854232e-02
71.100000000 1.050310851845e-02
71.110000000 1.045110849458e-02
71.120000000 1.041210847071e-02
71.130000000 1.039210844684e-02
71.140000000 1.039110842297e-02
71.150000000 1.040810839910e-02
71.160000000 1.044010837523e-02
71.170000000 1.047910835136e-02
71.180000000 1.051710832749e-02
71.190000000 1.054710830362e-02
71.200000000 1.056010827975e-02
71.210000000 1.055010825588e-02
71.220000000 1.051410823201e-02
71.230000000 1.044910820814e-02
71.240000000 1.035310818427e-02
71.250000000 1.022610816039e-02
71.260000000 1.006710813652e-02
71.270000000 9.873108112654e-03
71.280000000 9.640108088784e-03
71.290000000 9.366108064913e-03
71.300000000 9.045108041043e-03
71.310000000 8.676108017173e-03
71.320000000 8.252107993302e-03
71.330000000 7.776107969432e-03
71.340000000 7.243107945562e-03
71.350000000 6.657107921691e-03
71.360000000 6.014107897821e-03
71.370000000 5.318107873950e-03
71.380000000 4.569107850080e-03
71.390000000 3.772107826210e-03
71.400000000 2.929107802339e-03
71.410000000 2.050107778469e-03
71.420000000 1.144107754599e-03
71.430000000 2.251077307282e-04
71.440000000 -6.948922931422e-04
71.450000000 -1.598892317013e-03
71.460000000 -2.469892340883e-03
71.470000000 -3.290892364753e-03
71.480000000 -4.046892388624e-03
71.490000000 -4.718892412494e-03
71.500000000 -5.297892436364e-03
71.510000000 -5.773892460235e-03
71.520000000 -6.142892484105e-03
71.530000000 -6.407892507976e-03
71.540000000 -6.577892531846e-03
71.550000000 -6.664892555716e-03
71.560000000 -6.686892579587e-03
71.570000000 -6.663892603457e-03
71.580000000 -6.615892627327e-03
71.590000000 -6.561892651198e-03
71.600000000 -6.518892675068e-03
71.610000000 -6.498892698939e-03
71.620000000 -6.511892722809e-03
71.630000000 -6.559892746679e-03
71.640000000 -6.644892770550e-03
71.650000000 -6.761892794420e-03
71.660000000 -6.908892818290e-03
71.670000000 -7.077892842161e-03
71.680000000 -7.260892866031e-03
71.690000000 -7.448892889902e-03
71.700000000 -7.632892913772e-03
71.710000000 -7.801892937642e-03
71.720000000 -7.946892961513e-03
71.730000000 -8.057892985383e-03
71.740000000 -8.128893009253e-03
71.750000000 -8.148893033124e-03
71.760000000 -8.110893056994e-03
71.770000000 -8.004893080864e-03
71.780000000 -7.824893104735e-03
71.790000000 -7.562893128605e-03
71.800000000 -7.215893152476e-03
71.810000000 -6.785893176346e-03
71.820000000 -6.277893200216e-03
71.830000000 -5.701893224087e-03
71.840000000 -5.069893247957e-03
71.850000000 -4.399893271827e-03
71.860000000 -3.709893295698e-03
71.870000000 -3.018893319568e-03
71.880000000 -2.343893343439e-03
71.890000000 -1.701893367309e-03
71.900000000 -1.104893391179e-03
71.910000000 -5.618934150497e-04
71.920000000 -7.789343892008e-05
71.930000000 3.451065372095e-04
71.940000000 7.111065133392e-04
71.950000000 1.027106489469e-03
71.960000000 1.301106465598e-03
71.970000000 1.544106441728e-03
71.980000000 1.768106417858e-03
71.990000000 1.984106393987e-03
72.000000000 2.205106370117e-03
72.010000000 2.439106346247e-03
72.020000000 2.694106322376e-03
72.030000000 2.974106298506e-03
72.040000000 3.282106274635e-03
72.050000000 3.614106250765e-03
72.060000000 3.964106226895e-03
72.070000000 4.323106203024e-03
72.080000000 4.679106179154e-03
72.090000000 5.019106155284e-03
72.100000000 5.330106131413e-03
72.110000000 5.602106107543e-03
72.120000000 5.826106083672e-03
72.130000000 5.996106059802e-03
72.140000000 6.111106035932e-03
72.150000000 6.170106012061e-03
72.160000000 6.177105988191e-03
72.170000000 6.131105964321e-03
72.180000000 6.037105940450e-03
72.190000000 5.894105916580e-03
72.200000000 5.707105892709e-03
72.210000000 5.477105868839e-03
72.220000000 5.207105844969e-03
72.230000000 4.905105821098e-03
72.240000000 4.577105797228e-03
72.250000000 4.231105773358e-03
72.260000000 3.877105749487e-03
72.270000000 3.523105725617e-03
72.280000000 3.177105701747e-03
72.290000000 2.846105677876e-03
72.300000000 2.534105654006e-03
72.310000000 2.248105630135e-03
72.320000000 1.990105606265e-03
72.330000000 1.762105582395e-03
72.340000000 1.564105558524e-03
72.350000000 1.395105534654e-03
72.360000000 1.252105510784e-03
72.370000000 1.129105486913e-03
72.380000000 1.019105463043e-03
72.390000000 9.171054391724e-04
72.400000000 8.141054153020e-04
72.410000000 7.061053914317e-04
72.420000000 5.881053675613e-04
72.430000000 4.571053436909e-04
72.440000000 3.111053198206e-04
72.450000000 1.521052959502e-04
72.460000000 -2.089472792019e-05
72.470000000 -2.078947517906e-04
72.480000000 -4.098947756609e-04
72.490000000 -6.258947995313e-04
72.500000000 -8.568948234017e-04
72.510000000 -1.102894847272e-03
72.520000000 -1.361894871142e-03
72.530000000 -1.625894895013e-03
72.540000000 -1.887894918883e-03
72.550000000 -2.133894942754e-03
72.560000000 -2.351894966624e-03
72.570000000 -2.527894990494e-03
72.580000000 -2.648895014365e-03
72.590000000 -2.704895038235e-03
72.600000000 -2.686895062105e-03
72.610000000 -2.591895085976e-03
72.620000000 -2.419895109846e-03
72.630000000 -2.174895133717e-03
72.640000000 -1.865895157587e-03
72.650000000 -1.502895181457e-03
72.660000000 -1.098895205328e-03
72.670000000 -6.688952291980e-04
72.680000000 -2.288952530684e-04
72.690000000 2.071047230613e-04
72.700000000 6.241046991909e-04
72.710000000 1.011104675321e-03
72.720000000 1.358104651450e-03
72.730000000 1.656104627580e-03
72.740000000 1.900104603709e-03
72.750000000 2.085104579839e-03
72.760000000 2.210104555969e-03
72.770000000 2.273104532098e-03
72.780000000 2.277104508228e-03
72.790000000 2.227104484358e-03
72.800000000 2.130104460487e-03
72.810000000 1.995104436617e-03
72.820000000 1.831104412746e-03
72.830000000 1.648104388876e-03
72.840000000 1.452104365006e-03
72.850000000 1.249104341135e-03
72.860000000 1.041104317265e-03
72.870000000 8.301042933946e-04
72.880000000 6.131042695242e-04
72.890000000 3.871042456538e-04
72.900000000 1.491042217834e-04
72.910000000 -1.048958020869e-04
72.920000000 -3.788958259573e-04
72.930000000 -6.738958498277e-04
72.940000000 -9.918958736981e-04
72.950000000 -1.329895897568e-03
72.960000000 -1.687895921439e-03
72.970000000 -2.059895945309e-03
72.980000000 -2.444895969180e-03
72.990000000 -2.833895993050e-03
73.000000000 -3.224896016920e-03
73.010000000 -3.609896040791e-03
73.020000000 -3.985896064661e-03
73.030000000 -4.346896088531e-03
73.040000000 -4.691896112402e-03
73.050000000 -5.020896136272e-03
73.060000000 -5.335896160143e-03
73.070000000 -5.639896184013e-03
73.080000000 -5.938896207883e-03
73.090000000 -6.236896231754e-03
73.100000000 -6.540896255624e-03
73.110000000 -6.851896279494e-03
73.120000000 -7.175896303365e-03
73.130000000 -7.510896327235e-03
73.140000000 -7.859896351106e-03
73.150000000 -8.217896374976e-03
73.160000000 -8.585896398846e-03
73.170000000 -8.956896422717e-03
73.180000000 -9.329896446587e-03
73.190000000 -9.697896470457e-03
73.200000000 -1.005589649433e-02
73.210000000 -1.039789651820e-02
73.220000000 -1.071989654207e-02
73.230000000 -1.101489656594e-02
73.240000000 -1.128089658981e-02
73.250000000 -1.151389661368e-02
73.260000000 -1.171289663755e-02
73.270000000 -1.187589666142e-02
73.280000000 -1.200289668529e-02
73.290000000 -1.209389670916e-02
73.300000000 -1.214589673303e-02
73.310000000 -1.215989675690e-02
73.320000000 -1.213289678077e-02
73.330000000 -1.206389680464e-02
73.340000000 -1.195289682851e-02
73.350000000 -1.179789685238e-02
73.360000000 -1.159689687625e-02
73.370000000 -1.135089690012e-02
73.380000000 -1.105789692399e-02
73.390000000 -1.071889694786e-02
73.400000000 -1.033689697174e-02
73.410000000 -9.915896995606e-03
73.420000000 -9.457897019476e-03
73.430000000 -8.971897043346e-03
73.440000000 -8.461897067217e-03
73.450000000 -7.934897091087e-03
73.460000000 -7.397897114957e-03
73.470000000 -6.854897138828e-03
73.480000000 -6.310897162698e-03
73.490000000 -5.769897186569e-03
73.500000000 -5.231897210439e-03
73.510000000 -4.701897234309e-03
73.520000000 -4.179897258180e-03
73.530000000 -3.668897282050e-03
73.540000000 -3.166897305920e-03
73.550000000 -2.675897329791e-03
73.560000000 -2.189897353661e-03
73.570000000 -1.709897377532e-03
73.580000000 -1.229897401402e-03
73.590000000 -7.488974252723e-04
73.600000000 -2.648974491426e-04
73.610000000 2.201025269870e-04
73.620000000 7.051025031166e-04
73.630000000 1.183102479246e-03
73.640000000 1.651102455376e-03
73.650000000 2.104102431506e-03
73.660000000 2.539102407635e-03
73.670000000 2.951102383765e-03
73.680000000 3.340102359894e-03
73.690000000 3.705102336024e-03
73.700000000 4.045102312154e-03
73.710000000 4.359102288283e-03
73.720000000 4.645102264413e-03
73.730000000 4.899102240543e-03
73.740000000 5.119102216672e-03
73.750000000 5.300102192802e-03
73.760000000 5.439102168931e-03
73.770000000 5.533102145061e-03
73.780000000 5.579102121191e-03
73.790000000 5.575102097320e-03
73.800000000 5.521102073450e-03
73.810000000 5.421102049580e-03
73.820000000 5.278102025709e-03
73.830000000 5.099102001839e-03
73.840000000 4.895101977968e-03
73.850000000 4.675101954098e-03
73.860000000 4.451101930228e-03
73.870000000 4.232101906357e-03
73.880000000 4.028101882487e-03
73.890000000 3.844101858617e-03
73.900000000 3.687101834746e-03
73.910000000 3.559101810876e-03
73.920000000 3.462101787005e-03
73.930000000 3.393101763135e-03
73.940000000 3.351101739265e-03
73.950000000 3.333101715394e-03
73.960000000 3.336101691524e-03
73.970000000 3.353101667654e-03
73.980000000 3.383101643783e-03
73.990000000 3.420101619913e-03
74.000000000 3.464101596042e-03
74.010000000 3.511101572172e-03
74.020000000 3.562101548302e-03
74.030000000 3.613101524431e-03
74.040000000 3.665101500561e-03
74.050000000 3.713101476691e-03
74.060000000 3.756101452820e-03
74.070000000 3.790101428950e-03
74.080000000 3.813101405080e-03
74.090000000 3.825101381209e-03
74.100000000 3.825101357339e-03
74.110000000 3.814101333468e-03
74.120000000 3.797101309598e-03
74.130000000 3.777101285728e-03
74.140000000 3.761101261857e-03
74.150000000 3.756101237987e-03
74.160000000 3.770101214117e-03
74.170000000 3.810101190246e-03
74.180000000 3.883101166376e-03
74.190000000 3.994101142505e-03
74.200000000 4.146101118635e-03
74.210000000 4.341101094765e-03
74.220000000 4.578101070894e-03
74.230000000 4.854101047024e-03
74.240000000 5.164101023154e-03
74.250000000 5.500100999283e-03
74.260000000 5.853100975413e-03
74.270000000 6.211100951542e-03
74.280000000 6.561100927672e-03
74.290000000 6.892100903802e-03
74.300000000 7.191100879931e-03
74.310000000 7.446100856061e-03
74.320000000 7.650100832191e-03
74.330000000 7.796100808320e-03
74.340000000 7.879100784450e-03
74.350000000 7.897100760579e-03
74.360000000 7.851100736709e-03
74.370000000 7.745100712839e-03
74.380000000 7.583100688968e-03
74.390000000 7.372100665098e-03
74.400000000 7.118100641228e-03
74.410000000 6.831100617357e-03
74.420000000 6.518100593487e-03
74.430000000 6.185100569616e-03
74.440000000 5.838100545746e-03
74.450000000 5.481100521876e-03
74.460000000 5.117100498005e-03
74.470000000 4.749100474135e-03
74.480000000 4.373100450265e-03
74.490000000 3.993100426394e-03
74.500000000 3.605100402524e-03
74.510000000 3.209100378653e-03
74.520000000 2.806100354783e-03
74.530000000 2.396100330913e-03
74.540000000 1.980100307042e-03
74.550000000 1.563100283172e-03
74.560000000 1.146100259302e-03
74.570000000 7.331002354313e-04
74.580000000 3.251002115609e-04
74.590000000 -7.589981230948e-05
74.600000000 -4.718998361799e-04
74.610000000 -8.638998600502e-04
74.620000000 -1.255899883921e-03
74.630000000 -1.649899907791e-03
74.640000000 -2.051899931661e-03
74.650000000 -2.461899955532e-03
74.660000000 -2.883899979402e-03
74.670000000 -3.315900003272e-03
74.680000000 -3.758900027143e-03
74.690000000 -4.207900051013e-03
74.700000000 -4.657900074884e-03
74.710000000 -5.103900098754e-03
74.720000000 -5.540900122624e-03
74.730000000 -5.963900146495e-03
74.740000000 -6.368900170365e-03
74.750000000 -6.750900194235e-03
74.760000000 -7.107900218106e-03
74.770000000 -7.434900241976e-03
74.780000000 -7.730900265847e-03
74.790000000 -7.988900289717e-03
74.800000000 -8.205900313587e-03
74.810000000 -8.376900337458e-03
74.820000000 -8.498900361328e-03
74.830000000 -8.568900385198e-03
74.840000000 -8.586900409069e-03
74.850000000 -8.552900432939e-03
74.860000000 -8.471900456810e-03
74.870000000 -8.346900480680e-03
74.880000000 -8.182900504550e-03
74.890000000 -7.986900528421e-03
74.900000000 -7.764900552291e-03
74.910000000 -7.521900576161e-03
74.920000000 -7.264900600032e-03
74.930000000 -6.997900623902e-03
74.940000000 -6.724900647773e-03
74.950000000 -6.446900671643e-03
74.960000000 -6.165900695513e-03
74.970000000 -5.881900719384e-03
74.980000000 -5.595900743254e-03
74.990000000 -5.307900767124e-03
75.000000000 -5.013900790995e-03
75.010000000 -4.715900814865e-03
75.020000000 -4.407900838735e-03
75.030000000 -4.085900862606e-03
75.040000000 -3.743900886476e-03
75.050000000 -3.375900910347e-03
75.060000000 -2.974900934217e-03
75.070000000 -2.536900958087e-03
75.080000000 -2.054900981958e-03
75.090000000 -1.530901005828e-03
75.100000000 -9.649010296985e-04
75.110000000 -3.619010535688e-04
75.120000000 2.720989225608e-04
75.130000000 9.280988986904e-04
75.140000000 1.595098874820e-03
75.150000000 2.261098850950e-03
75.160000000 2.915098827079e-03
75.170000000 3.540098803209e-03
75.180000000 4.123098779339e-03
75.190000000 4.651098755468e-03
75.200000000 5.112098731598e-03
75.210000000 5.499098707727e-03
75.220000000 5.809098683857e-03
75.230000000 6.044098659987e-03
75.240000000 6.208098636116e-03
75.250000000 6.311098612246e-03
75.260000000 6.364098588376e-03
75.270000000 6.377098564505e-03
75.280000000 6.362098540635e-03
75.290000000 6.325098516764e-03
75.300000000 6.275098492894e-03
75.310000000 6.216098469024e-03
75.320000000 6.151098445153e-03
75.330000000 6.084098421283e-03
75.340000000 6.017098397413e-03
75.350000000 5.951098373542e-03
75.360000000 5.890098349672e-03
75.370000000 5.836098325801e-03
75.380000000 5.789098301931e-03
75.390000000 5.752098278061e-03
75.400000000 5.724098254190e-03
75.410000000 5.705098230320e-03
75.420000000 5.694098206450e-03
75.430000000 5.688098182579e-03
75.440000000 5.688098158709e-03
75.450000000 5.689098134839e-03
75.460000000 5.691098110968e-03
75.470000000 5.689098087098e-03
75.480000000 5.679098063227e-03
75.490000000 5.657098039357e-03
75.500000000 5.617098015487e-03
75.510000000 5.553097991616e-03
75.520000000 5.457097967746e-03
75.530000000 5.323097943876e-03
75.540000000 5.148097920005e-03
75.550000000 4.928097896135e-03
75.560000000 4.666097872264e-03
75.570000000 4.364097848394e-03
75.580000000 4.030097824524e-03
75.590000000 3.674097800653e-03
75.600000000 3.307097776783e-03
75.610000000 2.940097752913e-03
75.620000000 2.585097729042e-03
75.630000000 2.255097705172e-03
75.640000000 1.958097681301e-03
75.650000000 1.702097657431e-03
75.660000000 1.495097633561e-03
75.670000000 1.338097609690e-03
75.680000000 1.232097585820e-03
75.690000000 1.175097561950e-03
75.700000000 1.162097538079e-03
75.710000000 1.187097514209e-03
75.720000000 1.242097490338e-03
75.730000000 1.320097466468e-03
75.740000000 1.414097442598e-03
75.750000000 1.518097418727e-03
75.760000000 1.626097394857e-03
75.770000000 1.735097370987e-03
75.780000000 1.838097347116e-03
75.790000000 1.929097323246e-03
75.800000000 2.002097299375e-03
75.810000000 2.051097275505e-03
75.820000000 2.067097251635e-03
75.830000000 2.045097227764e-03
75.840000000 1.982097203894e-03
75.850000000 1.875097180024e-03
75.860000000 1.723097156153e-03
75.870000000 1.528097132283e-03
75.880000000 1.294097108412e-03
75.890000000 1.026097084542e-03
75.900000000 7.300970606717e-04
75.910000000 4.140970368014e-04
75.920000000 8.609701293101e-05
75.930000000 -2.439030109394e-04
75.940000000 -5.659030348097e-04
75.950000000 -8.689030586801e-04
75.960000000 -1.141903082550e-03
75.970000000 -1.375903106421e-03
75.980000000 -1.562903130291e-03
75.990000000 -1.699903154162e-03
76.000000000 -1.782903178032e-03
76.010000000 -1.811903201902e-03
76.020000000 -1.788903225773e-03
76.030000000 -1.716903249643e-03
76.040000000 -1.600903273513e-03
76.050000000 -1.445903297384e-03
76.060000000 -1.258903321254e-03
76.070000000 -1.044903345125e-03
76.080000000 -8.129033689950e-04
76.090000000 -5.689033928653e-04
76.100000000 -3.229034167357e-04
76.110000000 -8.190344060607e-05
76.120000000 1.450965355236e-04
76.130000000 3.470965116532e-04
76.140000000 5.180964877828e-04
76.150000000 6.510964639124e-04
76.160000000 7.400964400421e-04
76.170000000 7.850964161717e-04
76.180000000 7.850963923013e-04
76.190000000 7.420963684310e-04
76.200000000 6.610963445606e-04
76.210000000 5.480963206902e-04
76.220000000 4.060962968198e-04
76.230000000 2.440962729495e-04
76.240000000 6.609624907909e-05
76.250000000 -1.189037747913e-04
76.260000000 -3.059037986617e-04
76.270000000 -4.889038225320e-04
76.280000000 -6.619038464024e-04
76.290000000 -8.229038702728e-04
76.300000000 -9.699038941431e-04
76.310000000 -1.102903918014e-03
76.320000000 -1.224903941884e-03
76.330000000 -1.336903965754e-03
76.340000000 -1.441903989625e-03
76.350000000 -1.538904013495e-03
76.360000000 -1.629904037365e-03
76.370000000 -1.709904061236e-03
76.380000000 -1.775904085106e-03
76.390000000 -1.823904108976e-03
76.400000000 -1.849904132847e-03
76.410000000 -1.849904156717e-03
76.420000000 -1.821904180588e-03
76.430000000 -1.764904204458e-03
76.440000000 -1.680904228328e-03
76.450000000 -1.572904252199e-03
76.460000000 -1.442904276069e-03
76.470000000 -1.298904299939e-03
76.480000000 -1.144904323810e-03
76.490000000 -9.869042476802e-04
76.500000000 -8.289043715506e-04
76.510000000 -6.749043954210e-04
76.520000000 -5.269044192913e-04
76.530000000 -3.849044431617e-04
76.540000000 -2.469044670321e-04
76.550000000 -1.119044909024e-04
76.560000000 2.509548522718e-05
76.570000000 1.670954613568e-04
76.580000000 3.150954374864e-04
76.590000000 4.740954136161e-04
76.600000000 6.430953897457e-04
76.610000000 8.230953658753e-04
76.620000000 1.012095342005e-03
76.630000000 1.209095318135e-03
76.640000000 1.409095294264e-03
76.650000000 1.608095270394e-03
76.660000000 1.799095246523e-03
76.670000000 1.976095222653e-03
76.680000000 2.134095198783e-03
76.690000000 2.267095174912e-03
76.700000000 2.370095151042e-03
76.710000000 2.441095127172e-03
76.720000000 2.477095103301e-03
76.730000000 2.477095079431e-03
76.740000000 2.441095055560e-03
76.750000000 2.371095031690e-03
76.760000000 2.269095007820e-03
76.770000000 2.139094983949e-03
76.780000000 1.985094960079e-03
76.790000000 1.810094936209e-03
76.800000000 1.618094912338e-03
76.810000000 1.411094888468e-03
76.820000000 1.190094864597e-03
76.830000000 9.540948407271e-04
76.840000000 7.020948168568e-04
76.850000000 4.330947929864e-04
76.860000000 1.430947691160e-04
76.870000000 -1.659052547544e-04
76.880000000 -4.979052786247e-04
76.890000000 -8.489053024951e-04
76.900000000 -1.217905326365e-03
76.910000000 -1.599905350236e-03
76.920000000 -1.987905374106e-03
76.930000000 -2.373905397977e-03
76.940000000 -2.749905421847e-03
76.950000000 -3.107905445717e-03
76.960000000 -3.440905469588e-03
76.970000000 -3.746905493458e-03
76.980000000 -4.023905517328e-03
76.990000000 -4.275905541199e-03
77.000000000 -4.506905565069e-03
77.010000000 -4.723905588940e-03
77.020000000 -4.935905612810e-03
77.030000000 -5.149905636680e-03
77.040000000 -5.369905660551e-03
77.050000000 -5.600905684421e-03
77.060000000 -5.843905708291e-03
77.070000000 -6.096905732162e-03
77.080000000 -6.357905756032e-03
77.090000000 -6.618905779903e-03
77.100000000 -6.873905803773e-03
77.110000000 -7.113905827643e-03
77.120000000 -7.330905851514e-03
77.130000000 -7.516905875384e-03
77.140000000 -7.663905899254e-03
77.150000000 -7.766905923125e-03
77.160000000 -7.821905946995e-03
77.170000000 -7.825905970866e-03
77.180000000 -7.778905994736e-03
77.190000000 -7.682906018606e-03
77.200000000 -7.541906042477e-03
77.210000000 -7.357906066347e-03
77.220000000 -7.136906090217e-03
77.230000000 -6.884906114088e-03
77.240000000 -6.606906137958e-03
77.250000000 -6.309906161829e-03
77.260000000 -5.997906185699e-03
77.270000000 -5.673906209569e-03
77.280000000 -5.336906233440e-03
77.290000000 -4.987906257310e-03
77.300000000 -4.623906281180e-03
77.310000000 -4.243906305051e-03
77.320000000 -3.845906328921e-03
77.330000000 -3.429906352791e-03
77.340000000 -2.997906376662e-03
77.350000000 -2.551906400532e-03
77.360000000 -2.095906424403e-03
77.370000000 -1.631906448273e-03
77.380000000 -1.161906472143e-03
77.390000000 -6.899064960137e-04
77.400000000 -2.149065198841e-04
77.410000000 2.620934562455e-04
77.420000000 7.420934323752e-04
77.430000000 1.225093408505e-03
77.440000000 1.712093384634e-03
77.450000000 2.202093360764e-03
77.460000000 2.695093336894e-03
77.470000000 3.187093313023e-03
77.480000000 3.676093289153e-03
77.490000000 4.156093265283e-03
77.500000000 4.623093241412e-03
77.510000000 5.071093217542e-03
77.520000000 5.497093193671e-03
77.530000000 5.897093169801e-03
77.540000000 6.269093145931e-03
77.550000000 6.611093122060e-03
77.560000000 6.924093098190e-03
77.570000000 7.208093074320e-03
77.580000000 7.465093050449e-03
77.590000000 7.696093026579e-03
77.600000000 7.901093002708e-03
77.610000000 8.080092978838e-03
77.620000000 8.231092954968e-03
77.630000000 8.352092931097e-03
77.640000000 8.439092907227e-03
77.650000000 8.489092883357e-03
77.660000000 8.497092859486e-03
77.670000000 8.459092835616e-03
77.680000000 8.372092811745e-03
77.690000000 8.235092787875e-03
77.700000000 8.048092764005e-03
77.710000000 7.813092740134e-03
77.720000000 7.536092716264e-03
77.730000000 7.220092692394e-03
77.740000000 6.870092668523e-03
77.750000000 6.494092644653e-03
77.760000000 6.094092620783e-03
77.770000000 5.674092596912e-03
77.780000000 5.238092573042e-03
77.790000000 4.788092549171e-03
77.800000000 4.327092525301e-03
77.810000000 3.857092501431e-03
77.820000000 3.382092477560e-03
77.830000000 2.907092453690e-03
77.840000000 2.438092429820e-03
77.850000000 1.979092405949e-03
77.860000000 1.537092382079e-03
77.870000000 1.117092358208e-03
77.880000000 7.220923343380e-04
77.890000000 3.550923104677e-04
77.900000000 1.609228659729e-05
77.910000000 -2.959077372731e-04
77.920000000 -5.819077611435e-04
77.930000000 -8.439077850138e-04
77.940000000 -1.082907808884e-03
77.950000000 -1.301907832755e-03
77.960000000 -1.500907856625e-03
77.970000000 -1.680907880495e-03
77.980000000 -1.841907904366e-03
77.990000000 -1.984907928236e-03
78.000000000 -2.113907952106e-03
78.010000000 -2.229907975977e-03
78.020000000 -2.337907999847e-03
78.030000000 -2.442908023718e-03
78.040000000 -2.548908047588e-03
78.050000000 -2.662908071458e-03
78.060000000 -2.789908095329e-03
78.070000000 -2.933908119199e-03
78.080000000 -3.098908143069e-03
78.090000000 -3.285908166940e-03
78.100000000 -3.494908190810e-03
78.110000000 -3.725908214681e-03
78.120000000 -3.976908238551e-03
78.130000000 -4.245908262421e-03
78.140000000 -4.528908286292e-03
78.150000000 -4.822908310162e-03
78.160000000 -5.123908334032e-03
78.170000000 -5.425908357903e-03
78.180000000 -5.721908381773e-03
78.190000000 -6.004908405644e-03
78.200000000 -6.265908429514e-03
78.210000000 -6.497908453384e-03
78.220000000 -6.692908477255e-03
78.230000000 -6.843908501125e-03
78.240000000 -6.946908524995e-03
78.250000000 -6.997908548866e-03
78.260000000 -6.996908572736e-03
78.270000000 -6.947908596606e-03
78.280000000 -6.855908620477e-03
78.290000000 -6.728908644347e-03
78.300000000 -6.575908668218e-03
78.310000000 -6.406908692088e-03
78.320000000 -6.229908715958e-03
78.330000000 -6.052908739829e-03
78.340000000 -5.878908763699e-03
78.350000000 -5.708908787569e-03
78.360000000 -5.542908811440e-03
78.370000000 -5.378908835310e-03
78.380000000 -5.214908859181e-03
78.390000000 -5.049908883051e-03
78.400000000 -4.880908906921e-03
78.410000000 -4.707908930792e-03
78.420000000 -4.529908954662e-03
78.430000000 -4.345908978532e-03
78.440000000 -4.152909002403e-03
78.450000000 -3.946909026273e-03
78.460000000 -3.723909050144e-03
78.470000000 -3.476909074014e-03
78.480000000 -3.199909097884e-03
78.490000000 -2.884909121755e-03
78.500000000 -2.525909145625e-03
78.510000000 -2.117909169495e-03
78.520000000 -1.655909193366e-03
78.530000000 -1.137909217236e-03
78.540000000 -5.609092411065e-04
78.550000000 7.309073502310e-05
78.560000000 7.600907111527e-04
78.570000000 1.492090687282e-03
78.580000000 2.260090663412e-03
78.590000000 3.050090639542e-03
78.600000000 3.844090615671e-03
78.610000000 4.625090591801e-03
78.620000000 5.374090567930e-03
78.630000000 6.073090544060e-03
78.640000000 6.706090520190e-03
78.650000000 7.261090496319e-03
78.660000000 7.730090472449e-03
78.670000000 8.108090448579e-03
78.680000000 8.396090424708e-03
78.690000000 8.598090400838e-03
78.700000000 8.721090376968e-03
78.710000000 8.774090353097e-03
78.720000000 8.766090329227e-03
78.730000000 8.706090305356e-03
78.740000000 8.604090281486e-03
78.750000000 8.469090257616e-03
78.760000000 8.307090233745e-03
78.770000000 8.124090209875e-03
78.780000000 7.925090186005e-03
78.790000000 7.710090162134e-03
78.800000000 7.482090138264e-03
78.810000000 7.238090114393e-03
78.820000000 6.977090090523e-03
78.830000000 6.696090066653e-03
78.840000000 6.392090042782e-03
78.850000000 6.063090018912e-03
78.860000000 5.709089995042e-03
78.870000000 5.332089971171e-03
78.880000000 4.931089947301e-03
78.890000000 4.512089923430e-03
78.900000000 4.079089899560e-03
78.910000000 3.637089875690e-03
78.920000000 3.190089851819e-03
78.930000000 2.743089827949e-03
78.940000000 2.300089804079e-03
78.950000000 1.863089780208e-03
78.960000000 1.434089756338e-03
78.970000000 1.013089732467e-03
78.980000000 6.000897085971e-04
78.990000000 1.920896847267e-04
79.000000000 -2.119103391437e-04
79.010000000 -6.139103630140e-04
79.020000000 -1.016910386884e-03
79.030000000 -1.421910410755e-03
79.040000000 -1.829910434625e-03
79.050000000 -2.239910458496e-03
79.060000000 -2.652910482366e-03
79.070000000 -3.062910506236e-03
79.080000000 -3.468910530107e-03
79.090000000 -3.865910553977e-03
79.100000000 -4.250910577847e-03
79.110000000 -4.619910601718e-03
79.120000000 -4.969910625588e-03
79.130000000 -5.298910649458e-03
79.140000000 -5.606910673329e-03
79.150000000 -5.891910697199e-03
79.160000000 -6.157910721070e-03
79.170000000 -6.404910744940e-03
79.180000000 -6.633910768810e-03
79.190000000 -6.845910792681e-03
79.200000000 -7.043910816551e-03
79.210000000 -7.226910840421e-03
79.220000000 -7.394910864292e-03
79.230000000 -7.547910888162e-03
79.240000000 -7.685910912033e-03
79.250000000 -7.807910935903e-03
79.260000000 -7.913910959773e-03
79.270000000 -8.001910983644e-03
79.280000000 -8.070911007514e-03
79.290000000 -8.119911031384e-03
79.300000000 -8.147911055255e-03
79.310000000 -8.149911079125e-03
79.320000000 -8.123911102996e-03
79.330000000 -8.065911126866e-03
79.340000000 -7.971911150736e-03
79.350000000 -7.840911174607e-03
79.360000000 -7.669911198477e-03
79.370000000 -7.457911222347e-03
79.380000000 -7.205911246218e-03
79.390000000 -6.915911270088e-03
79.400000000 -6.589911293959e-03
79.410000000 -6.233911317829e-03
79.420000000 -5.851911341699e-03
79.430000000 -5.447911365570e-03
79.440000000 -5.028911389440e-03
79.450000000 -4.598911413310e-03
79.460000000 -4.162911437181e-03
79.470000000 -3.723911461051e-03
79.480000000 -3.283911484922e-03
79.490000000 -2.846911508792e-03
79.500000000 -2.410911532662e-03
79.510000000 -1.977911556533e-03
79.520000000 -1.547911580403e-03
79.530000000 -1.122911604273e-03
79.540000000 -6.999116281438e-04
79.550000000 -2.809116520141e-04
79.560000000 1.340883241155e-04
79.570000000 5.440883002451e-04
79.580000000 9.490882763747e-04
79.590000000 1.349088252504e-03
79.600000000 1.743088228634e-03
79.610000000 2.131088204764e-03
79.620000000 2.514088180893e-03
79.630000000 2.888088157023e-03
79.640000000 3.253088133153e-03
79.650000000 3.604088109282e-03
79.660000000 3.937088085412e-03
79.670000000 4.247088061541e-03
79.680000000 4.529088037671e-03
79.690000000 4.780088013801e-03
79.700000000 4.997087989930e-03
79.710000000 5.181087966060e-03
79.720000000 5.333087942190e-03
79.730000000 5.457087918319e-03
79.740000000 5.557087894449e-03
79.750000000 5.638087870578e-03
79.760000000 5.705087846708e-03
79.770000000 5.760087822838e-03
79.780000000 5.806087798967e-03
79.790000000 5.842087775097e-03
79.800000000 5.866087751227e-03
79.810000000 5.874087727356e-03
79.820000000 5.865087703486e-03
79.830000000 5.833087679615e-03
79.840000000 5.778087655745e-03
79.850000000 5.700087631875e-03
79.860000000 5.602087608004e-03
79.870000000 5.485087584134e-03
79.880000000 5.356087560264e-03
79.890000000 5.220087536393e-03
79.900000000 5.082087512523e-03
79.910000000 4.944087488652e-03
79.920000000 4.811087464782e-03
79.930000000 4.683087440912e-03
79.940000000 4.561087417041e-03
79.950000000 4.443087393171e-03
79.960000000 4.328087369301e-03
79.970000000 4.216087345430e-03
79.980000000 4.105087321560e-03
79.990000000 3.995087297689e-03
80.000000000 3.886087273819e-03
80.010000000 3.778087249949e-03
80.020000000 3.672087226078e-03
80.030000000 3.567087202208e-03
80.040000000 3.464087178338e-03
80.050000000 3.362087154467e-03
80.060000000 3.258087130597e-03
80.070000000 3.149087106727e-03
80.080000000 3.031087082856e-03
80.090000000 2.900087058986e-03
80.100000000 2.750087035115e-03
80.110000000 2.580087011245e-03
80.120000000 2.386086987375e-03
80.130000000 2.168086963504e-03
80.140000000 1.926086939634e-03
80.150000000 1.665086915764e-03
80.160000000 1.388086891893e-03
80.170000000 1.101086868023e-03
80.180000000 8.080868441524e-04
80.190000000 5.180868202820e-04
80.200000000 2.350867964117e-04
80.210000000 -3.491322745870e-05
80.220000000 -2.879132513291e-04
80.230000000 -5.189132751994e-04
80.240000000 -7.259132990698e-04
80.250000000 -9.069133229402e-04
80.260000000 -1.060913346811e-03
80.270000000 -1.187913370681e-03
80.280000000 -1.287913394551e-03
80.290000000 -1.362913418422e-03
80.300000000 -1.415913442292e-03
80.310000000 -1.447913466162e-03
80.320000000 -1.461913490033e-03
80.330000000 -1.461913513903e-03
80.340000000 -1.451913537774e-03
80.350000000 -1.432913561644e-03
80.360000000 -1.409913585514e-03
80.370000000 -1.383913609385e-03
80.380000000 -1.357913633255e-03
80.390000000 -1.333913657125e-03
80.400000000 -1.314913680996e-03
80.410000000 -1.298913704866e-03
80.420000000 -1.289913728737e-03
80.430000000 -1.285913752607e-03
80.440000000 -1.288913776477e-03
80.450000000 -1.296913800348e-03
80.460000000 -1.308913824218e-03
80.470000000 -1.324913848088e-03
80.480000000 -1.343913871959e-03
80.490000000 -1.362913895829e-03
80.500000000 -1.380913919700e-03
80.510000000 -1.395913943570e-03
80.520000000 -1.406913967440e-03
80.530000000 -1.412913991311e-03
80.540000000 -1.413914015181e-03
80.550000000 -1.406914039051e-03
80.560000000 -1.393914062922e-03
80.570000000 -1.372914086792e-03
80.580000000 -1.346914110662e-03
80.590000000 -1.314914134533e-03
80.600000000 -1.277914158403e-03
80.610000000 -1.236914182274e-03
80.620000000 -1.192914206144e-03
80.630000000 -1.146914230014e-03
80.640000000 -1.099914253885e-03
80.650000000 -1.052914277755e-03
80.660000000 -1.006914301625e-03
80.670000000 -9.629143254958e-04
80.680000000 -9.229143493662e-04
80.690000000 -8.869143732366e-04
80.700000000 -8.559143971069e-04
80.710000000 -8.299144209773e-04
80.720000000 -8.099144448477e-04
80.730000000 -7.929144687181e-04
80.740000000 -7.809144925884e-04
80.750000000 -7.709145164588e-04
80.760000000 -7.619145403292e-04
80.770000000 -7.529145641996e-04
80.780000000 -7.439145880699e-04
80.790000000 -7.339146119403e-04
80.800000000 -7.209146358107e-04
80.810000000 -7.059146596810e-04
80.820000000 -6.869146835514e-04
80.830000000 -6.639147074218e-04
80.840000000 -6.359147312922e-04
80.850000000 -6.009147551625e-04
80.860000000 -5.589147790329e-04
80.870000000 -5.079148029033e-04
80.880000000 -4.479148267736e-04
80.890000000 -3.809148506440e-04
80.900000000 -3.049148745144e-04
80.910000000 -2.229148983848e-04
80.920000000 -1.359149222551e-04
80.930000000 -4.691494612551e-05
80.940000000 4.308503000412e-05
80.950000000 1.310850061337e-04
80.960000000 2.170849822634e-04
80.970000000 2.990849583930e-04
80.980000000 3.760849345226e-04
80.990000000 4.480849106523e-04
81.000000000 5.160848867819e-04
81.010000000 5.780848629115e-04
81.020000000 6.360848390411e-04
81.030000000 6.890848151708e-04
81.040000000 7.370847913004e-04
81.050000000 7.810847674300e-04
81.060000000 8.200847435597e-04
81.070000000 8.550847196893e-04
81.080000000 8.870846958189e-04
81.090000000 9.150846719485e-04
81.100000000 9.410846480782e-04
81.110000000 9.640846242078e-04
81.120000000 9.860847003374e-04
81.130000000 1.006084576467e-03
81.140000000 1.024084552597e-03
81.150000000 1.039084528726e-03
81.160000000 1.053084504856e-03
81.170000000 1.064084480986e-03
81.180000000 1.072084457115e-03
81.190000000 1.077084433245e-03
81.200000000 1.080084409374e-03
81.210000000 1.079084385504e-03
81.220000000 1.076084361634e-03
81.230000000 1.069084337763e-03
81.240000000 1.058084313893e-03
81.250000000 1.044084290023e-03
81.260000000 1.027084266152e-03
81.270000000 1.005084242282e-03
81.280000000 9.790842184115e-04
81.290000000 9.500841945411e-04
81.300000000 9.160841706707e-04
81.310000000 8.770841468003e-04
81.320000000 8.340841229300e-04
81.330000000 7.870840990596e-04
81.340000000 7.350840751892e-04
81.350000000 6.790840513189e-04
81.360000000 6.190840274485e-04
81.370000000 5.550840035781e-04
81.380000000 4.880839797077e-04
81.390000000 4.180839558374e-04
81.400000000 3.450839319670e-04
81.410000000 2.690839080966e-04
81.420000000 1.920838842263e-04
81.430000000 1.120838603559e-04
81.440000000 3.008383648551e-05
81.450000000 -5.291618738487e-05
81.460000000 -1.379162112552e-04
81.470000000 -2.249162351256e-04
81.480000000 -3.129162589960e-04
81.490000000 -4.019162828664e-04
81.500000000 -4.929163067367e-04
81.510000000 -5.839163306071e-04
81.520000000 -6.749163544775e-04
81.530000000 -7.649163783478e-04
81.540000000 -8.549164022182e-04
81.550000000 -9.429164260886e-04
81.560000000 -1.028916449959e-03
81.570000000 -1.111916473829e-03
81.580000000 -1.192916497700e-03
81.590000000 -1.268916521570e-03
81.600000000 -1.341916545440e-03
81.610000000 -1.409916569311e-03
81.620000000 -1.473916593181e-03
81.630000000 -1.531916617052e-03
81.640000000 -1.585916640922e-03
81.650000000 -1.634916664792e-03
81.660000000 -1.679916688663e-03
81.670000000 -1.718916712533e-03
81.680000000 -1.752916736403e-03
81.690000000 -1.781916760274e-03
81.700000000 -1.805916784144e-03
81.710000000 -1.824916808015e-03
81.720000000 -1.837916831885e-03
81.730000000 -1.844916855755e-03
81.740000000 -1.846916879626e-03
81.750000000 -1.842916903496e-03
81.760000000 -1.832916927366e-03
81.770000000 -1.817916951237e-03
81.780000000 -1.795916975107e-03
81.790000000 -1.767916998978e-03
81.800000000 -1.734917022848e-03
81.810000000 -1.696917046718e-03
81.820000000 -1.652917070589e-03
81.830000000 -1.603917094459e-03
81.840000000 -1.549917118329e-03
81.850000000 -1.492917142200e-03
81.860000000 -1.430917166070e-03
81.870000000 -1.365917189941e-03
81.880000000 -1.296917213811e-03
81.890000000 -1.224917237681e-03
81.900000000 -1.150917261552e-03
81.910000000 -1.073917285422e-03
81.920000000 -9.949173092924e-04
81.930000000 -9.129173331627e-04
81.940000000 -8.299173570331e-04
81.950000000 -7.459173809035e-04
81.960000000 -6.599174047739e-04
81.970000000 -5.739174286442e-04
81.980000000 -4.869174525146e-04
81.990000000 -3.999174763850e-04
82.000000000 -3.139175002553e-04
82.010000000 -2.289175241257e-04
82.020000000 -1.449175479961e-04
82.030000000 -6.291757186646e-05
82.040000000 1.808240426317e-05
82.050000000 9.708238039280e-05
82.060000000 1.770823565224e-04
82.070000000 2.560823326521e-04
82.080000000 3.340823087817e-04
82.090000000 4.120822849113e-04
82.100000000 4.890822610409e-04
82.110000000 5.640822371706e-04
82.120000000 6.370822133002e-04
82.130000000 7.080821894298e-04
82.140000000 7.770821655594e-04
82.150000000 8.440821416891e-04
82.160000000 9.070821178187e-04
82.170000000 9.670820939483e-04
82.180000000 1.024082070078e-03
82.190000000 1.077082046208e-03
82.200000000 1.127082022337e-03
82.210000000 1.173081998467e-03
82.220000000 1.215081974596e-03
82.230000000 1.253081950726e-03
82.240000000 1.287081926856e-03
82.250000000 1.317081902985e-03
82.260000000 1.343081879115e-03
82.270000000 1.364081855245e-03
82.280000000 1.381081831374e-03
82.290000000 1.394081807504e-03
82.300000000 1.403081783633e-03
82.310000000 1.407081759763e-03
82.320000000 1.407081735893e-03
82.330000000 1.403081712022e-03
82.340000000 1.395081688152e-03
82.350000000 1.383081664282e-03
82.360000000 1.367081640411e-03
82.370000000 1.348081616541e-03
82.380000000 1.325081592671e-03
82.390000000 1.299081568800e-03
82.400000000 1.270081544930e-03
82.410000000 1.238081521059e-03
82.420000000 1.204081497189e-03
82.430000000 1.167081473319e-03
82.440000000 1.128081449448e-03
82.450000000 1.087081425578e-03
82.460000000 1.044081401708e-03
82.470000000 1.000081377837e-03
82.480000000 9.550813539668e-04
82.490000000 9.080813300964e-04
82.500000000 8.590813062260e-04
82.510000000 8.100812823557e-04
82.520000000 7.600812584853e-04
82.530000000 7.090812346149e-04
82.540000000 6.580812107446e-04
82.550000000 6.060811868742e-04
82.560000000 5.540811630038e-04
82.570000000 5.020811391334e-04
82.580000000 4.510811152631e-04
82.590000000 4.000810913927e-04
82.600000000 3.500810675223e-04
82.610000000 3.010810436519e-04
82.620000000 2.540810197816e-04
82.630000000 2.080809959112e-04
82.640000000 1.630809720408e-04
82.650000000 1.200809481705e-04
82.660000000 7.908092430009e-05
82.670000000 4.008090042972e-05
82.680000000 3.080876559343e-06
82.690000000 -3.191914731103e-05
82.700000000 -6.491917118140e-05
82.710000000 -9.591919505177e-05
82.720000000 -1.239192189221e-04
82.730000000 -1.509192427925e-04
82.740000000 -1.749192666629e-04
82.750000000 -1.969192905333e-04
82.760000000 -2.179193144036e-04
82.770000000 -2.359193382740e-04
82.780000000 -2.519193621444e-04
82.790000000 -2.669193860148e-04
82.800000000 -2.789194098851e-04
82.810000000 -2.899194337555e-04
82.820000000 -2.999194576259e-04
82.830000000 -3.069194814962e-04
82.840000000 -3.139195053666e-04
82.850000000 -3.189195292370e-04
82.860000000 -3.219195531074e-04
82.870000000 -3.239195769777e-04
82.880000000 -3.259196008481e-04
82.890000000 -3.259196247185e-04
82.900000000 -3.249196485888e-04
82.910000000 -3.219196724592e-04
82.920000000 -3.189196963296e-04
82.930000000 -3.149197202000e-04
82.940000000 -3.109197440703e-04
82.950000000 -3.049197679407e-04
82.960000000 -2.979197918111e-04
82.970000000 -2.909198156815e-04
82.980000000 -2.829198395518e-04
82.990000000 -2.749198634222e-04
83.000000000 -2.659198872926e-04
83.010000000 -2.559199111629e-04
83.020000000 -2.459199350333e-04
83.030000000 -2.359199589037e-04
83.040000000 -2.249199827741e-04
83.050000000 -2.139200066444e-04
83.060000000 -2.029200305148e-04
83.070000000 -1.909200543852e-04
83.080000000 -1.799200782555e-04
83.090000000 -1.679201021259e-04
83.100000000 -1.559201259963e-04
83.110000000 -1.449201498667e-04
83.120000000 -1.329201737370e-04
83.130000000 -1.219201976074e-04
83.140000000 -1.109202214778e-04
83.150000000 -9.992024534815e-05
83.160000000 -8.892026921853e-05
83.170000000 -7.792029308890e-05
83.180000000 -6.792031695927e-05
83.190000000 -5.792034082964e-05
83.200000000 -4.892036470002e-05
83.210000000 -3.892038857039e-05
83.220000000 -2.992041244076e-05
83.230000000 -2.192043631113e-05
83.240000000 -1.392046018151e-05
83.250000000 -5.920484051877e-06
83.260000000 1.079492077750e-06
83.270000000 8.079468207378e-06
83.280000000 1.407944433701e-05
83.290000000 2.007942046663e-05
83.300000000 2.607939659626e-05
83.310000000 3.107937272589e-05
83.320000000 3.607934885552e-05
83.330000000 4.007932498514e-05
83.340000000 4.407930111477e-05
83.350000000 4.807927724440e-05
83.360000000 5.107925337403e-05
83.370000000 5.407922950366e-05
83.380000000 5.707920563328e-05
83.390000000 5.907918176291e-05
83.400000000 6.207915789254e-05
83.410000000 6.307913402217e-05
83.420000000 6.507911015179e-05
83.430000000 6.607908628142e-05
83.440000000 6.707906241105e-05
83.450000000 6.807903854068e-05
83.460000000 6.807901467030e-05
83.470000000 6.907899079993e-05
83.480000000 6.907896692956e-05
83.490000000 6.907894305919e-05
83.500000000 6.807891918882e-05
83.510000000 6.807889531844e-05
83.520000000 6.707887144807e-05
83.530000000 6.607884757770e-05
83.540000000 6.507882370733e-05
83.550000000 6.307879983695e-05
83.560000000 6.207877596658e-05
83.570000000 6.007875209621e-05
83.580000000 5.807872822584e-05
83.590000000 5.607870435547e-05
83.600000000 5.407868048509e-05
83.610000000 5.107865661472e-05
83.620000000 4.807863274435e-05
83.630000000 4.507860887398e-05
83.640000000 4.107858500360e-05
83.650000000 3.707856113323e-05
83.660000000 3.307853726286e-05
83.670000000 2.907851339249e-05
83.680000000 2.407848952211e-05
83.690000000 1.907846565174e-05
83.700000000 1.407844178137e-05
83.710000000 8.078417910998e-06
83.720000000 2.078394040625e-06
83.730000000 -3.921629829747e-06
83.740000000 -1.092165370012e-05
83.750000000 -1.792167757049e-05
83.760000000 -2.492170144086e-05
83.770000000 -3.292172531124e-05
83.780000000 -4.092174918161e-05
83.790000000 -4.992177305198e-05
83.800000000 -5.892179692235e-05
83.810000000 -6.792182079273e-05
83.820000000 -7.692184466310e-05
83.830000000 -8.692186853347e-05
83.840000000 -9.692189240384e-05
83.850000000 -1.069219162742e-04
83.860000000 -1.179219401446e-04
83.870000000 -1.279219640150e-04
83.880000000 -1.389219878853e-04
83.890000000 -1.499220117557e-04
83.900000000 -1.609220356261e-04
83.910000000 -1.719220594964e-04
83.920000000 -1.839220833668e-04
83.930000000 -1.949221072372e-04
83.940000000 -2.059221311076e-04
83.950000000 -2.169221549779e-04
83.960000000 -2.279221788483e-04
83.970000000 -2.389222027187e-04
83.980000000 -2.499222265891e-04
83.990000000 -2.599222504594e-04
84.000000000 -2.699222743298e-04
84.010000000 -2.799222982002e-04
84.020000000 -2.899223220705e-04
84.030000000 -2.989223459409e-04
84.040000000 -3.079223698113e-04
84.050000000 -3.159223936817e-04
84.060000000 -3.239224175520e-04
84.070000000 -3.309224414224e-04
84.080000000 -3.379224652928e-04
84.090000000 -3.439224891631e-04
84.100000000 -3.489225130335e-04
84.110000000 -3.539225369039e-04
84.120000000 -3.579225607743e-04
84.130000000 -3.619225846446e-04
84.140000000 -3.639226085150e-04
84.150000000 -3.659226323854e-04
84.160000000 -3.669226562558e-04
84.170000000 -3.679226801261e-04
84.180000000 -3.669227039965e-04
84.190000000 -3.659227278669e-04
84.200000000 -3.639227517372e-04
84.210000000 -3.609227756076e-04
84.220000000 -3.579227994780e-04
84.230000000 -3.529228233484e-04
84.240000000 -3.479228472187e-04
84.250000000 -3.409228710891e-04
84.260000000 -3.349228949595e-04
84.270000000 -3.259229188298e-04
84.280000000 -3.179229427002e-04
84.290000000 -3.079229665706e-04
84.300000000 -2.989229904410e-04
84.310000000 -2.869230143113e-04
84.320000000 -2.759230381817e-04
84.330000000 -2.629230620521e-04
84.340000000 -2.499230859225e-04
84.350000000 -2.359231097928e-04
84.360000000 -2.219231336632e-04
84.370000000 -2.069231575336e-04
84.380000000 -1.919231814039e-04
84.390000000 -1.749232052743e-04
84.400000000 -1.589232291447e-04
84.410000000 -1.419232530151e-04
84.420000000 -1.249232768854e-04
84.430000000 -1.069233007558e-04
84.440000000 -8.892332462618e-05
84.450000000 -7.092334849655e-05
84.460000000 -5.192337236692e-05
84.470000000 -3.392339623730e-05
84.480000000 -1.492342010767e-05
84.490000000 4.076556021960e-06
84.500000000 2.207653215159e-05
84.510000000 4.107650828122e-05
84.520000000 5.907648441084e-05
84.530000000 7.807646054047e-05
84.540000000 9.607643667010e-05
84.550000000 1.130764127997e-04
84.560000000 1.310763889294e-04
84.570000000 1.480763650590e-04
84.580000000 1.640763411886e-04
84.590000000 1.800763173182e-04
84.600000000 1.960762934479e-04
84.610000000 2.110762695775e-04
84.620000000 2.250762457071e-04
84.630000000 2.390762218367e-04
84.640000000 2.520761979664e-04
84.650000000 2.640761740960e-04
84.660000000 2.750761502256e-04
84.670000000 2.860761263553e-04
84.680000000 2.960761024849e-04
84.690000000 3.050760786145e-04
84.700000000 3.130760547441e-04
84.710000000 3.210760308738e-04
84.720000000 3.270760070034e-04
84.730000000 3.330759831330e-04
84.740000000 3.380759592627e-04
84.750000000 3.410759353923e-04
84.760000000 3.450759115219e-04
84.770000000 3.460758876515e-04
84.780000000 3.480758637812e-04
84.790000000 3.480758399108e-04
84.800000000 3.480758160404e-04
84.810000000 3.460757921700e-04
84.820000000 3.450757682997e-04
84.830000000 3.420757444293e-04
84.840000000 3.380757205589e-04
84.850000000 3.340756966886e-04
84.860000000 3.290756728182e-04
84.870000000 3.230756489478e-04
84.880000000 3.170756250774e-04
84.890000000 3.100756012071e-04
84.900000000 3.030755773367e-04
84.910000000 2.940755534663e-04
84.920000000 2.860755295960e-04
84.930000000 2.770755057256e-04
84.940000000 2.680754818552e-04
84.950000000 2.580754579848e-04
84.960000000 2.480754341145e-04
84.970000000 2.370754102441e-04
84.980000000 2.270753863737e-04
84.990000000 2.160753625033e-04
85.000000000 2.050753386330e-04
85.010000000 1.940753147626e-04
85.020000000 1.830752908922e-04
85.030000000 1.710752670219e-04
85.040000000 1.600752431515e-04
85.050000000 1.490752192811e-04
85.060000000 1.380751954107e-04
85.070000000 1.270751715404e-04
85.080000000 1.160751476700e-04
85.090000000 1.050751237996e-04
85.100000000 9.407509992925e-05
85.110000000 8.407507605888e-05
85.120000000 7.407505218851e-05
85.130000000 6.407502831813e-05
85.140000000 5.407500444776e-05
85.150000000 4.507498057739e-05
85.160000000 3.607495670702e-05
85.170000000 2.807493283664e-05
85.180000000 1.907490896627e-05
85.190000000 1.207488509590e-05
85.200000000 4.074861225528e-06
85.210000000 -2.925162644844e-06
85.220000000 -8.925186515217e-06
85.230000000 -1.492521038559e-05
85.240000000 -2.092523425596e-05
85.250000000 -2.592525812633e-05
85.260000000 -3.092528199671e-05
85.270000000 -3.492530586708e-05
85.280000000 -3.992532973745e-05
85.290000000 -4.292535360782e-05
85.300000000 -4.592537747819e-05
85.310000000 -4.792540134857e-05
85.320000000 -5.092542521894e-05
85.330000000 -5.292544908931e-05
85.340000000 -5.392547295968e-05
85.350000000 -5.492549683006e-05
85.360000000 -5.592552070043e-05
85.370000000 -5.592554457080e-05
85.380000000 -5.592556844117e-05
85.390000000 -5.592559231155e-05
85.400000000 -5.492561618192e-05
85.410000000 -5.392564005229e-05
85.420000000 -5.292566392266e-05
85.430000000 -5.092568779303e-05
85.440000000 -4.992571166341e-05
85.450000000 -4.792573553378e-05
85.460000000 -4.592575940415e-05
85.470000000 -4.292578327452e-05
85.480000000 -4.092580714490e-05
85.490000000 -3.792583101527e-05
85.500000000 -3.592585488564e-05
85.510000000 -3.292587875601e-05
85.520000000 -2.992590262639e-05
85.530000000 -2.692592649676e-05
85.540000000 -2.492595036713e-05
85.550000000 -2.192597423750e-05
85.560000000 -1.892599810787e-05
85.570000000 -1.592602197825e-05
85.580000000 -1.292604584862e-05
85.590000000 -1.092606971899e-05
85.600000000 -7.926093589363e-06
85.610000000 -5.926117459736e-06
85.620000000 -2.926141330108e-06
85.630000000 -9.261652004803e-07
85.640000000 1.073810929147e-06
85.650000000 3.073787058775e-06
85.660000000 5.073763188403e-06
85.670000000 7.073739318031e-06
85.680000000 9.073715447658e-06
85.690000000 1.007369157729e-05
85.700000000 1.107366770691e-05
85.710000000 1.207364383654e-05
85.720000000 1.307361996617e-05
85.730000000 1.407359609580e-05
85.740000000 1.507357222542e-05
85.750000000 1.507354835505e-05
85.760000000 1.507352448468e-05
85.770000000 1.507350061431e-05
85.780000000 1.507347674394e-05
85.790000000 1.507345287356e-05
85.800000000 1.407342900319e-05
85.810000000 1.407340513282e-05
85.820000000 1.307338126245e-05
85.830000000 1.207335739207e-05
85.840000000 1.107333352170e-05
85.850000000 9.073309651330e-06
85.860000000 8.073285780957e-06
85.870000000 7.073261910585e-06
85.880000000 5.073238040213e-06
85.890000000 3.073214169840e-06
85.900000000 2.073190299468e-06
85.910000000 7.316642909584e-08
85.920000000 -1.926857441276e-06
85.930000000 -4.926881311649e-06
85.940000000 -5.926905182021e-06
85.950000000 -8.926929052393e-06
85.960000000 -1.092695292277e-05
85.970000000 -1.292697679314e-05
85.980000000 -1.592700066351e-05
85.990000000 -1.792702453388e-05
86.000000000 -1.992704840425e-05
86.010000000 -2.292707227463e-05
86.020000000 -2.492709614500e-05
86.030000000 -2.792712001537e-05
86.040000000 -2.992714388574e-05
86.050000000 -3.292716775612e-05
86.060000000 -3.492719162649e-05
86.070000000 -3.792721549686e-05
86.080000000 -3.992723936723e-05
86.090000000 -4.192726323761e-05
86.100000000 -4.492728710798e-05
86.110000000 -4.692731097835e-05
86.120000000 -4.892733484872e-05
86.130000000 -5.192735871909e-05
86.140000000 -5.392738258947e-05
86.150000000 -5.592740645984e-05
86.160000000 -5.792743033021e-05
86.170000000 -5.992745420058e-05
86.180000000 -6.192747807096e-05
86.190000000 -6.392750194133e-05
86.200000000 -6.592752581170e-05
86.210000000 -6.792754968207e-05
86.220000000 -6.892757355244e-05
86.230000000 -7.092759742282e-05
86.240000000 -7.292762129319e-05
86.250000000 -7.392764516356e-05
86.260000000 -7.592766903393e-05
86.270000000 -7.692769290431e-05
86.280000000 -7.892771677468e-05
86.290000000 -7.992774064505e-05
86.300000000 -8.192776451542e-05
86.310000000 -8.292778838580e-05
86.320000000 -8.392781225617e-05
86.330000000 -8.492783612654e-05
86.340000000 -8.592785999691e-05
86.350000000 -8.692788386728e-05
86.360000000 -8.792790773766e-05
86.370000000 -8.892793160803e-05
86.380000000 -8.992795547840e-05
86.390000000 -8.992797934877e-05
86.400000000 -9.092800321915e-05
86.410000000 -9.192802708952e-05
86.420000000 -9.192805095989e-05
86.430000000 -9.292807483026e-05
86.440000000 -9.292809870064e-05
86.450000000 -9.292812257101e-05
86.460000000 -9.392814644138e-05
86.470000000 -9.392817031175e-05
86.480000000 -9.392819418212e-05
86.490000000 -9.392821805250e-05
86.500000000 -9.392824192287e-05
86.510000000 -9.392826579324e-05
86.520000000 -9.392828966361e-05
86.530000000 -9.292831353399e-05
86.540000000 -9.292833740436e-05
86.550000000 -9.192836127473e-05
86.560000000 -9.192838514510e-05
86.570000000 -9.092840901547e-05
86.580000000 -8.992843288585e-05
86.590000000 -8.892845675622e-05
86.600000000 -8.792848062659e-05
86.610000000 -8.692850449696e-05
86.620000000 -8.592852836734e-05
86.630000000 -8.392855223771e-05
86.640000000 -8.292857610808e-05
86.650000000 -8.092859997845e-05
86.660000000 -7.892862384883e-05
86.670000000 -7.692864771920e-05
86.680000000 -7.492867158957e-05
86.690000000 -7.292869545994e-05
86.700000000 -7.092871933031e-05
86.710000000 -6.892874320069e-05
86.720000000 -6.592876707106e-05
86.730000000 -6.392879094143e-05
86.740000000 -6.092881481180e-05
86.750000000 -5.792883868218e-05
86.760000000 -5.592886255255e-05
86.770000000 -5.292888642292e-05
86.780000000 -4.892891029329e-05
86.790000000 -4.592893416366e-05
86.800000000 -4.292895803404e-05
86.810000000 -3.992898190441e-05
86.820000000 -3.592900577478e-05
86.830000000 -3.292902964515e-05
86.840000000 -2.892905351553e-05
86.850000000 -2.592907738590e-05
86.860000000 -2.192910125627e-05
86.870000000 -1.792912512664e-05
86.880000000 -1.392914899702e-05
86.890000000 -9.929172867388e-06
86.900000000 -5.929196737760e-06
86.910000000 -1.929220608132e-06
86.920000000 2.070755521495e-06
86.930000000 5.070731651123e-06
86.940000000 1.007070778075e-05
86.950000000 1.307068391038e-05
86.960000000 1.807066004001e-05
86.970000000 2.107063616963e-05
86.980000000 2.507061229926e-05
86.990000000 2.907058842889e-05
87.000000000 3.307056455852e-05
87.010000000 3.707054068814e-05
87.020000000 4.107051681777e-05
87.030000000 4.407049294740e-05
87.040000000 4.807046907703e-05
87.050000000 5.107044520666e-05
87.060000000 5.407042133628e-05
87.070000000 5.807039746591e-05
87.080000000 6.107037359554e-05
87.090000000 6.407034972517e-05
87.100000000 6.707032585479e-05
87.110000000 6.907030198442e-05
87.120000000 7.207027811405e-05
87.130000000 7.507025424368e-05
87.140000000 7.707023037331e-05
87.150000000 7.907020650293e-05
87.160000000 8.107018263256e-05
87.170000000 8.307015876219e-05
87.180000000 8.507013489182e-05
87.190000000 8.607011102144e-05
87.200000000 8.807008715107e-05
87.210000000 8.907006328070e-05
87.220000000 9.007003941033e-05
87.230000000 9.107001553995e-05
87.240000000 9.106999166958e-05
87.250000000 9.206996779921e-05
87.260000000 9.206994392884e-05
87.270000000 9.206992005847e-05
87.280000000 9.206989618809e-05
87.290000000 9.206987231772e-05
87.300000000 9.206984844735e-05
87.310000000 9.106982457698e-05
87.320000000 9.106980070660e-05
87.330000000 9.006977683623e-05
87.340000000 8.906975296586e-05
87.350000000 8.806972909549e-05
87.360000000 8.706970522512e-05
87.370000000 8.506968135474e-05
87.380000000 8.406965748437e-05
87.390000000 8.206963361400e-05
87.400000000 8.006960974363e-05
87.410000000 7.906958587325e-05
87.420000000 7.706956200288e-05
87.430000000 7.506953813251e-05
87.440000000 7.306951426214e-05
87.450000000 7.006949039176e-05
87.460000000 6.806946652139e-05
87.470000000 6.606944265102e-05
87.480000000 6.406941878065e-05
87.490000000 6.106939491028e-05
87.500000000 5.906937103990e-05
87.510000000 5.606934716953e-05
87.520000000 5.406932329916e-05
87.530000000 5.106929942879e-05
87.540000000 4.906927555841e-05
87.550000000 4.606925168804e-05
87.560000000 4.406922781767e-05
87.570000000 4.106920394730e-05
87.580000000 3.906918007692e-05
87.590000000 3.706915620655e-05
87.600000000 3.406913233618e-05
87.610000000 3.206910846581e-05
87.620000000 3.006908459544e-05
87.630000000 2.706906072506e-05
87.640000000 2.506903685469e-05
87.650000000 2.306901298432e-05
87.660000000 2.106898911395e-05
87.670000000 1.906896524357e-05
87.680000000 1.706894137320e-05
87.690000000 1.506891750283e-05
87.700000000 1.406889363246e-05
87.710000000 1.206886976209e-05
87.720000000 1.106884589171e-05
87.730000000 9.068822021341e-06
87.740000000 8.068798150968e-06
87.750000000 6.068774280596e-06
87.760000000 5.068750410224e-06
87.770000000 4.068726539851e-06
87.780000000 3.068702669479e-06
87.790000000 2.068678799107e-06
87.800000000 1.068654928735e-06
87.810000000 6.863105836235e-08
87.820000000 6.860718799007e-08
87.830000000 -9.314166823822e-07
87.840000000 -9.314405527545e-07
87.850000000 -1.931464423127e-06
87.860000000 -1.931488293499e-06
87.870000000 -2.931512163871e-06
87.880000000 -2.931536034244e-06
87.890000000 -2.931559904616e-06
87.900000000 -2.931583774988e-06
87.910000000 -2.931607645360e-06
87.920000000 -2.931631515733e-06
87.930000000 -2.931655386105e-06
87.940000000 -2.931679256477e-06
87.950000000 -2.931703126850e-06
87.960000000 -2.931726997222e-06
87.970000000 -2.931750867594e-06
87.980000000 -2.931774737966e-06
87.990000000 -2.931798608339e-06
88.000000000 -1.931822478711e-06
88.010000000 -1.931846349083e-06
88.020000000 -1.931870219456e-06
88.030000000 -1.931894089828e-06
88.040000000 -9.319179602001e-07
88.050000000 -9.319418305724e-07
88.060000000 -9.319657009447e-07
88.070000000 -9.319895713170e-07
88.080000000 6.798655831075e-08
88.090000000 6.796268793847e-08
88.100000000 6.793881756619e-08
88.110000000 6.791494719391e-08
88.120000000 6.789107682163e-08
88.130000000 6.786720644934e-08
88.140000000 6.784333607706e-08
88.150000000 6.781946570478e-08
88.160000000 6.779559533250e-08
88.170000000 6.777172496022e-08
88.180000000 6.774785458794e-08
88.190000000 6.772398421566e-08
88.200000000 6.770011384337e-08
88.210000000 -9.323237565289e-07
88.220000000 -9.323476269012e-07
88.230000000 -9.323714972735e-07
88.240000000 -9.323953676458e-07
88.250000000 -1.932419238018e-06
88.260000000 -1.932443108390e-06
88.270000000 -2.932466978763e-06
88.280000000 -2.932490849135e-06
88.290000000 -3.932514719507e-06
88.300000000 -4.932538589879e-06
88.310000000 -4.932562460252e-06
88.320000000 -5.932586330624e-06
88.330000000 -6.932610200996e-06
88.340000000 -6.932634071369e-06
88.350000000 -7.932657941741e-06
88.360000000 -8.932681812113e-06
88.370000000 -9.932705682485e-06
88.380000000 -1.093272955286e-05
88.390000000 -1.093275342323e-05
88.400000000 -1.193277729360e-05
88.410000000 -1.293280116397e-05
88.420000000 -1.393282503435e-05
88.430000000 -1.493284890472e-05
88.440000000 -1.593287277509e-05
88.450000000 -1.693289664546e-05
88.460000000 -1.793292051584e-05
88.470000000 -1.893294438621e-05
88.480000000 -1.993296825658e-05
88.490000000 -2.093299212695e-05
88.500000000 -2.193301599733e-05
88.510000000 -2.193303986770e-05
88.520000000 -2.293306373807e-05
88.530000000 -2.393308760844e-05
88.540000000 -2.493311147881e-05
88.550000000 -2.593313534919e-05
88.560000000 -2.693315921956e-05
88.570000000 -2.693318308993e-05
88.580000000 -2.793320696030e-05
88.590000000 -2.893323083068e-05
88.600000000 -2.993325470105e-05
88.610000000 -2.993327857142e-05
88.620000000 -3.093330244179e-05
88.630000000 -3.193332631216e-05
88.640000000 -3.193335018254e-05
88.650000000 -3.293337405291e-05
88.660000000 -3.293339792328e-05
88.670000000 -3.393342179365e-05
88.680000000 -3.393344566403e-05
88.690000000 -3.393346953440e-05
88.700000000 -3.493349340477e-05
88.710000000 -3.493351727514e-05
88.720000000 -3.593354114552e-05
88.730000000 -3.593356501589e-05
88.740000000 -3.593358888626e-05
88.750000000 -3.593361275663e-05
88.760000000 -3.693363662700e-05
88.770000000 -3.593366049738e-05
88.780000000 -3.693368436775e-05
88.790000000 -3.593370823812e-05
88.800000000 -3.693373210849e-05
88.810000000 -3.593375597887e-05
88.820000000 -3.593377984924e-05
88.830000000 -3.593380371961e-05
88.840000000 -3.593382758998e-05
88.850000000 -3.593385146035e-05
88.860000000 -3.593387533073e-05
88.870000000 -3.493389920110e-05
88.880000000 -3.493392307147e-05
88.890000000 -3.493394694184e-05
88.900000000 -3.393397081222e-05
88.910000000 -3.393399468259e-05
88.920000000 -3.393401855296e-05
88.930000000 -3.293404242333e-05
88.940000000 -3.293406629371e-05
88.950000000 -3.193409016408e-05
88.960000000 -3.193411403445e-05
88.970000000 -3.093413790482e-05
88.980000000 -2.993416177519e-05
88.990000000 -2.993418564557e-05
89.000000000 -2.893420951594e-05
89.010000000 -2.893423338631e-05
89.020000000 -2.793425725668e-05
89.030000000 -2.693428112706e-05
89.040000000 -2.593430499743e-05
89.050000000 -2.593432886780e-05
89.060000000 -2.493435273817e-05
89.070000000 -2.393437660855e-05
89.080000000 -2.293440047892e-05
89.090000000 -2.293442434929e-05
89.100000000 -2.193444821966e-05
89.110000000 -2.093447209003e-05
89.120000000 -1.993449596041e-05
89.130000000 -1.893451983078e-05
89.140000000 -1.793454370115e-05
89.150000000 -1.793456757152e-05
89.160000000 -1.593459144190e-05
89.170000000 -1.593461531227e-05
89.180000000 -1.493463918264e-05
89.190000000 -1.393466305301e-05
89.200000000 -1.293468692338e-05
89.210000000 -1.193471079376e-05
89.220000000 -1.093473466413e-05
89.230000000 -9.934758534502e-06
89.240000000 -8.934782404874e-06
89.250000000 -7.934806275246e-06
89.260000000 -6.934830145618e-06
89.270000000 -5.934854015991e-06
89.280000000 -4.934877886363e-06
89.290000000 -3.934901756735e-06
89.300000000 -2.934925627108e-06
89.310000000 -1.934949497480e-06
89.320000000 -9.349733678522e-07
89.330000000 6.500276177557e-08
89.340000000 1.064978891403e-06
89.350000000 2.064955021031e-06
89.360000000 3.064931150659e-06
89.370000000 4.064907280286e-06
89.380000000 5.064883409914e-06
89.390000000 6.064859539542e-06
89.400000000 7.064835669170e-06
89.410000000 8.064811798797e-06
89.420000000 9.064787928425e-06
89.430000000 1.006476405805e-05
89.440000000 1.106474018768e-05
89.450000000 1.206471631731e-05
89.460000000 1.306469244694e-05
89.470000000 1.406466857656e-05
89.480000000 1.506464470619e-05
89.490000000 1.506462083582e-05
89.500000000 1.606459696545e-05
89.510000000 1.706457309507e-05
89.520000000 1.806454922470e-05
89.530000000 1.906452535433e-05
89.540000000 1.906450148396e-05
89.550000000 2.006447761359e-05
89.560000000 2.106445374321e-05
89.570000000 2.206442987284e-05
89.580000000 2.206440600247e-05
89.590000000 2.306438213210e-05
89.600000000 2.306435826172e-05
89.610000000 2.406433439135e-05
89.620000000 2.406431052098e-05
89.630000000 2.506428665061e-05
89.640000000 2.506426278023e-05
89.650000000 2.606423890986e-05
89.660000000 2.606421503949e-05
89.670000000 2.606419116912e-05
89.680000000 2.706416729875e-05
89.690000000 2.706414342837e-05
89.700000000 2.706411955800e-05
89.710000000 2.706409568763e-05
89.720000000 2.706407181726e-05
89.730000000 2.806404794688e-05
89.740000000 2.806402407651e-05
89.750000000 2.806400020614e-05
89.760000000 2.806397633577e-05
89.770000000 2.806395246540e-05
89.780000000 2.806392859502e-05
89.790000000 2.806390472465e-05
89.800000000 2.706388085428e-05
89.810000000 2.706385698391e-05
89.820000000 2.706383311353e-05
89.830000000 2.706380924316e-05
89.840000000 2.706378537279e-05
89.850000000 2.606376150242e-05
89.860000000 2.606373763204e-05
89.870000000 2.606371376167e-05
89.880000000 2.506368989130e-05
89.890000000 2.506366602093e-05
89.900000000 2.506364215056e-05
89.910000000 2.406361828018e-05
89.920000000 2.406359440981e-05
89.930000000 2.306357053944e-05
89.940000000 2.306354666907e-05
89.950000000 2.206352279869e-05
89.960000000 2.206349892832e-05
89.970000000 2.106347505795e-05
89.980000000 2.106345118758e-05
89.990000000 2.006342731720e-05
90.000000000 2.006340344683e-05
90.010000000 1.906337957646e-05
90.020000000 1.806335570609e-05
90.030000000 1.806333183572e-05
90.040000000 1.706330796534e-05
90.050000000 1.706328409497e-05
90.060000000 1.606326022460e-05
90.070000000 1.606323635423e-05
90.080000000 1.506321248385e-05
90.090000000 1.506318861348e-05
90.100000000 1.406316474311e-05
90.110000000 1.306314087274e-05
90.120000000 1.306311700237e-05
90.130000000 1.206309313199e-05
90.140000000 1.206306926162e-05
90.150000000 1.106304539125e-05
90.160000000 1.006302152088e-05
90.170000000 1.006299765050e-05
90.180000000 9.062973780132e-06
90.190000000 9.062949909759e-06
90.200000000 8.062926039387e-06
90.210000000 8.062902169015e-06
90.220000000 7.062878298643e-06
90.230000000 7.062854428270e-06
90.240000000 7.062830557898e-06
90.250000000 7.062806687526e-06
90.260000000 6.062782817153e-06
90.270000000 6.062758946781e-06
90.280000000 5.062735076409e-06
90.290000000 5.062711206037e-06
90.300000000 4.062687335664e-06
90.310000000 4.062663465292e-06
90.320000000 4.062639594920e-06
90.330000000 4.062615724547e-06
90.340000000 3.062591854175e-06
90.350000000 3.062567983803e-06
90.360000000 3.062544113431e-06
90.370000000 3.062520243058e-06
90.380000000 2.062496372686e-06
90.390000000 2.062472502314e-06
90.400000000 2.062448631941e-06
90.410000000 2.062424761569e-06
90.420000000 1.062400891197e-06
90.430000000 1.062377020825e-06
90.440000000 1.062353150452e-06
90.450000000 1.062329280080e-06
90.460000000 1.062305409708e-06
90.470000000 1.062281539335e-06
90.480000000 6.225766896319e-08
90.490000000 6.223379859091e-08
90.500000000 6.220992821863e-08
90.510000000 6.218605784635e-08
90.520000000 6.216218747407e-08
90.530000000 6.213831710179e-08
90.540000000 -9.378855532705e-07
90.550000000 -9.379094236428e-07
90.560000000 -9.379332940151e-07
90.570000000 -9.379571643873e-07
90.580000000 -9.379810347596e-07
90.590000000 -9.380049051319e-07
90.600000000 -1.938028775504e-06
90.610000000 -1.938052645876e-06
90.620000000 -1.938076516249e-06
90.630000000 -1.938100386621e-06
90.640000000 -1.938124256993e-06
90.650000000 -2.938148127366e-06
90.660000000 -2.938171997738e-06
90.670000000 -2.938195868110e-06
90.680000000 -2.938219738482e-06
90.690000000 -3.938243608855e-06
90.700000000 -3.938267479227e-06
90.710000000 -3.938291349599e-06
90.720000000 -3.938315219972e-06
90.730000000 -3.938339090344e-06
90.740000000 -3.938362960716e-06
90.750000000 -4.938386831088e-06
90.760000000 -4.938410701461e-06
90.770000000 -4.938434571833e-06
90.780000000 -5.938458442205e-06
90.790000000 -5.938482312578e-06
90.800000000 -5.938506182950e-06
90.810000000 -6.938530053322e-06
90.820000000 -6.938553923694e-06
90.830000000 -6.938577794067e-06
90.840000000 -6.938601664439e-06
90.850000000 -7.938625534811e-06
90.860000000 -7.938649405184e-06
90.870000000 -7.938673275556e-06
90.880000000 -7.938697145928e-06
90.890000000 -8.938721016300e-06
90.900000000 -8.938744886673e-06
90.910000000 -8.938768757045e-06
90.920000000 -9.938792627417e-06
90.930000000 -9.938816497789e-06
90.940000000 -9.938840368162e-06
90.950000000 -1.093886423853e-05
90.960000000 -1.093888810891e-05
90.970000000 -1.093891197928e-05
90.980000000 -1.093893584965e-05
90.990000000 -1.193895972002e-05
91.000000000 -1.193898359040e-05
91.010000000 -1.193900746077e-05
91.020000000 -1.193903133114e-05
91.030000000 -1.293905520151e-05
91.040000000 -1.293907907188e-05
91.050000000 -1.293910294226e-05
91.060000000 -1.293912681263e-05
91.070000000 -1.293915068300e-05
91.080000000 -1.293917455337e-05
91.090000000 -1.393919842375e-05
91.100000000 -1.393922229412e-05
91.110000000 -1.393924616449e-05
91.120000000 -1.393927003486e-05
91.130000000 -1.393929390524e-05
91.140000000 -1.393931777561e-05
91.150000000 -1.393934164598e-05
91.160000000 -1.393936551635e-05
91.170000000 -1.393938938672e-05
91.180000000 -1.393941325710e-05
91.190000000 -1.393943712747e-05
91.200000000 -1.393946099784e-05
91.210000000 -1.393948486821e-05
91.220000000 -1.393950873859e-05
91.230000000 -1.393953260896e-05
91.240000000 -1.393955647933e-05
91.250000000 -1.393958034970e-05
91.260000000 -1.393960422007e-05
91.270000000 -1.393962809045e-05
91.280000000 -1.393965196082e-05
91.290000000 -1.393967583119e-05
91.300000000 -1.393969970156e-05
91.310000000 -1.393972357194e-05
91.320000000 -1.293974744231e-05
91.330000000 -1.293977131268e-05
91.340000000 -1.293979518305e-05
91.350000000 -1.293981905343e-05
91.360000000 -1.193984292380e-05
91.370000000 -1.193986679417e-05
91.380000000 -1.193989066454e-05
91.390000000 -1.193991453491e-05
91.400000000 -1.193993840529e-05
91.410000000 -1.093996227566e-05
91.420000000 -1.093998614603e-05
91.430000000 -1.094001001640e-05
91.440000000 -9.940033886776e-06
91.450000000 -9.940057757148e-06
91.460000000 -9.940081627520e-06
91.470000000 -9.940105497893e-06
91.480000000 -8.940129368265e-06
91.490000000 -8.940153238637e-06
91.500000000 -8.940177109010e-06
91.510000000 -7.940200979382e-06
91.520000000 -7.940224849754e-06
91.530000000 -7.940248720126e-06
91.540000000 -6.940272590499e-06
91.550000000 -6.940296460871e-06
91.560000000 -6.940320331243e-06
91.570000000 -5.940344201615e-06
91.580000000 -5.940368071988e-06
91.590000000 -5.940391942360e-06
91.600000000 -4.940415812732e-06
91.610000000 -4.940439683105e-06
91.620000000 -3.940463553477e-06
91.630000000 -3.940487423849e-06
91.640000000 -3.940511294221e-06
91.650000000 -2.940535164594e-06
91.660000000 -2.940559034966e-06
91.670000000 -2.940582905338e-06
91.680000000 -1.940606775711e-06
91.690000000 -1.940630646083e-06
91.700000000 -1.940654516455e-06
91.710000000 -9.406783868274e-07
91.720000000 -9.407022571997e-07
91.730000000 -9.407261275720e-07
91.740000000 5.925000205573e-08
91.750000000 5.922613168344e-08
91.760000000 5.920226131116e-08
91.770000000 1.059178390939e-06
91.780000000 1.059154520567e-06
91.790000000 2.059130650194e-06
91.800000000 2.059106779822e-06
91.810000000 2.059082909450e-06
91.820000000 2.059059039077e-06
91.830000000 3.059035168705e-06
91.840000000 3.059011298333e-06
91.850000000 3.058987427961e-06
91.860000000 4.058963557588e-06
91.870000000 4.058939687216e-06
91.880000000 4.058915816844e-06
91.890000000 5.058891946472e-06
91.900000000 5.058868076099e-06
91.910000000 5.058844205727e-06
91.920000000 5.058820335355e-06
91.930000000 6.058796464982e-06
91.940000000 6.058772594610e-06
91.950000000 6.058748724238e-06
91.960000000 6.058724853866e-06
91.970000000 7.058700983493e-06
91.980000000 7.058677113121e-06
91.990000000 7.058653242749e-06
92.000000000 7.058629372376e-06
92.010000000 7.058605502004e-06
92.020000000 7.058581631632e-06
92.030000000 8.058557761260e-06
92.040000000 8.058533890887e-06
92.050000000 8.058510020515e-06
92.060000000 8.058486150143e-06
92.070000000 8.058462279770e-06
92.080000000 8.058438409398e-06
92.090000000 9.058414539026e-06
92.100000000 9.058390668654e-06
92.110000000 9.058366798281e-06
92.120000000 9.058342927909e-06
92.130000000 9.058319057537e-06
92.140000000 9.058295187164e-06
92.150000000 9.058271316792e-06
92.160000000 9.058247446420e-06
92.170000000 9.058223576048e-06
92.180000000 9.058199705675e-06
92.190000000 9.058175835303e-06
92.200000000 9.058151964931e-06
92.210000000 9.058128094558e-06
92.220000000 9.058104224186e-06
92.230000000 9.058080353814e-06
92.240000000 9.058056483442e-06
92.250000000 9.058032613069e-06
92.260000000 9.058008742697e-06
92.270000000 9.057984872325e-06
92.280000000 9.057961001953e-06
92.290000000 9.057937131580e-06
92.300000000 9.057913261208e-06
92.310000000 9.057889390836e-06
92.320000000 9.057865520463e-06
92.330000000 9.057841650091e-06
92.340000000 9.057817779719e-06
92.350000000 9.057793909347e-06
92.360000000 9.057770038974e-06
92.370000000 8.057746168602e-06
92.380000000 9.057722298230e-06
92.390000000 8.057698427857e-06
92.400000000 8.057674557485e-06
92.410000000 8.057650687113e-06
92.420000000 8.057626816741e-06
92.430000000 8.057602946368e-06
92.440000000 8.057579075996e-06
92.450000000 7.057555205624e-06
92.460000000 8.057531335251e-06
92.470000000 7.057507464879e-06
92.480000000 7.057483594507e-06
92.490000000 7.057459724135e-06
92.500000000 7.057435853762e-06
92.510000000 7.057411983390e-06
92.520000000 7.057388113018e-06
92.530000000 6.057364242645e-06
92.540000000 6.057340372273e-06
92.550000000 6.057316501901e-06
92.560000000 6.057292631529e-06
92.570000000 6.057268761156e-06
92.580000000 6.057244890784e-06
92.590000000 5.057221020412e-06
92.600000000 5.057197150040e-06
92.610000000 5.057173279667e-06
92.620000000 5.057149409295e-06
92.630000000 5.057125538923e-06
92.640000000 5.057101668550e-06
92.650000000 4.057077798178e-06
92.660000000 4.057053927806e-06
92.670000000 4.057030057434e-06
92.680000000 4.057006187061e-06
92.690000000 4.056982316689e-06
92.700000000 4.056958446317e-06
92.710000000 3.056934575944e-06
92.720000000 3.056910705572e-06
92.730000000 3.056886835200e-06
92.740000000 3.056862964828e-06
92.750000000 3.056839094455e-06
92.760000000 3.056815224083e-06
92.770000000 3.056791353711e-06
92.780000000 2.056767483338e-06
92.790000000 2.056743612966e-06
92.800000000 2.056719742594e-06
92.810000000 2.056695872222e-06
92.820000000 2.056672001849e-06
92.830000000 2.056648131477e-06
92.840000000 1.056624261105e-06
92.850000000 2.056600390732e-06
92.860000000 1.056576520360e-06
92.870000000 1.056552649988e-06
92.880000000 1.056528779616e-06
92.890000000 1.056504909243e-06
92.900000000 1.056481038871e-06
92.910000000 1.056457168499e-06
92.920000000 5.643329812651e-08
92.930000000 1.056409427754e-06
92.940000000 5.638555738195e-08
92.950000000 5.636168700967e-08
92.960000000 5.633781663738e-08
92.970000000 5.631394626510e-08
92.980000000 5.629007589282e-08
92.990000000 5.626620552054e-08
93.000000000 -9.437576648517e-07
93.010000000 5.621846477598e-08
93.020000000 -9.438054055963e-07
93.030000000 5.617072403141e-08
93.040000000 -9.438531463409e-07
93.050000000 -9.438770167131e-07
93.060000000 -9.439008870854e-07
93.070000000 -9.439247574577e-07
93.080000000 -9.439486278300e-07
93.090000000 -9.439724982023e-07
93.100000000 -1.943996368575e-06
93.110000000 -9.440202389468e-07
93.120000000 -1.944044109319e-06
93.130000000 -1.944067979691e-06
93.140000000 -1.944091850064e-06
93.150000000 -1.944115720436e-06
93.160000000 -1.944139590808e-06
93.170000000 -1.944163461181e-06
93.180000000 -1.944187331553e-06
93.190000000 -1.944211201925e-06
93.200000000 -2.944235072297e-06
93.210000000 -2.944258942670e-06
93.220000000 -2.944282813042e-06
93.230000000 -2.944306683414e-06
93.240000000 -2.944330553786e-06
93.250000000 -2.944354424159e-06
93.260000000 -2.944378294531e-06
93.270000000 -2.944402164903e-06
93.280000000 -2.944426035276e-06
93.290000000 -2.944449905648e-06
93.300000000 -3.944473776020e-06
93.310000000 -3.944497646392e-06
93.320000000 -3.944521516765e-06
93.330000000 -3.944545387137e-06
93.340000000 -3.944569257509e-06
93.350000000 -3.944593127882e-06
93.360000000 -3.944616998254e-06
93.370000000 -3.944640868626e-06
93.380000000 -3.944664738998e-06
93.390000000 -3.944688609371e-06
93.400000000 -4.944712479743e-06
93.410000000 -4.944736350115e-06
93.420000000 -4.944760220488e-06
93.430000000 -4.944784090860e-06
93.440000000 -4.944807961232e-06
93.450000000 -4.944831831604e-06
93.460000000 -4.944855701977e-06
93.470000000 -4.944879572349e-06
93.480000000 -4.944903442721e-06
93.490000000 -4.944927313094e-06
93.500000000 -4.944951183466e-06
93.510000000 -5.944975053838e-06
93.520000000 -4.944998924210e-06
93.530000000 -5.945022794583e-06
93.540000000 -4.945046664955e-06
93.550000000 -5.945070535327e-06
93.560000000 -4.945094405700e-06
93.570000000 -5.945118276072e-06
93.580000000 -4.945142146444e-06
93.590000000 -5.945166016816e-06
93.600000000 -4.945189887189e-06
93.610000000 -5.945213757561e-06
93.620000000 -4.945237627933e-06
93.630000000 -5.945261498305e-06
93.640000000 -4.945285368678e-06
93.650000000 -5.945309239050e-06
93.660000000 -4.945333109422e-06
93.670000000 -5.945356979795e-06
93.680000000 -4.945380850167e-06
93.690000000 -5.945404720539e-06
93.700000000 -4.945428590911e-06
93.710000000 -4.945452461284e-06
93.720000000 -4.945476331656e-06
93.730000000 -4.945500202028e-06
93.740000000 -4.945524072401e-06
93.750000000 -4.945547942773e-06
93.760000000 -4.945571813145e-06
93.770000000 -4.945595683517e-06
93.780000000 -4.945619553890e-06
93.790000000 -4.945643424262e-06
93.800000000 -4.945667294634e-06
93.810000000 -4.945691165007e-06
93.820000000 -4.945715035379e-06
93.830000000 -3.945738905751e-06
93.840000000 -3.945762776123e-06
93.850000000 -3.945786646496e-06
93.860000000 -3.945810516868e-06
93.870000000 -3.945834387240e-06
93.880000000 -3.945858257613e-06
93.890000000 -3.945882127985e-06
93.900000000 -3.945905998357e-06
93.910000000 -2.945929868729e-06
93.920000000 -2.945953739102e-06
93.930000000 -2.945977609474e-06
93.940000000 -2.946001479846e-06
93.950000000 -2.946025350218e-06
93.960000000 -2.946049220591e-06
93.970000000 -2.946073090963e-06
93.980000000 -2.946096961335e-06
93.990000000 -1.946120831708e-06
94.000000000 -1.946144702080e-06
94.010000000 -1.946168572452e-06
94.020000000 -1.946192442824e-06
94.030000000 -1.946216313197e-06
94.040000000 -1.946240183569e-06
94.050000000 -1.946264053941e-06
94.060000000 -1.946287924314e-06
94.070000000 -9.463117946859e-07
94.080000000 -9.463356650581e-07
94.090000000 -9.463595354304e-07
94.100000000 -9.463834058027e-07
94.110000000 -9.464072761750e-07
94.120000000 -9.464311465473e-07
94.130000000 -9.464550169196e-07
94.140000000 -9.464788872918e-07
94.150000000 5.349724233589e-08
94.160000000 5.347337196361e-08
94.170000000 5.344950159132e-08
94.180000000 5.342563121904e-08
94.190000000 5.340176084676e-08
94.200000000 5.337789047448e-08
94.210000000 5.335402010220e-08
94.220000000 5.333014972992e-08
94.230000000 5.330627935764e-08
94.240000000 1.053282408985e-06
94.250000000 1.053258538613e-06
94.260000000 1.053234668241e-06
94.270000000 1.053210797869e-06
94.280000000 1.053186927496e-06
94.290000000 1.053163057124e-06
94.300000000 1.053139186752e-06
94.310000000 1.053115316379e-06
94.320000000 2.053091446007e-06
94.330000000 1.053067575635e-06
94.340000000 2.053043705263e-06
94.350000000 2.053019834890e-06
94.360000000 2.052995964518e-06
94.370000000 2.052972094146e-06
94.380000000 2.052948223773e-06
94.390000000 2.052924353401e-06
94.400000000 2.052900483029e-06
94.410000000 2.052876612657e-06
94.420000000 2.052852742284e-06
94.430000000 2.052828871912e-06
94.440000000 3.052805001540e-06
94.450000000 2.052781131167e-06
94.460000000 3.052757260795e-06
94.470000000 2.052733390423e-06
94.480000000 3.052709520051e-06
94.490000000 2.052685649678e-06
94.500000000 3.052661779306e-06
94.510000000 3.052637908934e-06
94.520000000 3.052614038561e-06
94.530000000 3.052590168189e-06
94.540000000 3.052566297817e-06
94.550000000 3.052542427445e-06
94.560000000 3.052518557072e-06
94.570000000 3.052494686700e-06
94.580000000 3.052470816328e-06
94.590000000 3.052446945956e-06
94.600000000 3.052423075583e-06
94.610000000 3.052399205211e-06
94.620000000 3.052375334839e-06
94.630000000 3.052351464466e-06
94.640000000 3.052327594094e-06
94.650000000 3.052303723722e-06
94.660000000 3.052279853350e-06
94.670000000 3.052255982977e-06
94.680000000 3.052232112605e-06
94.690000000 4.052208242233e-06
94.700000000 3.052184371860e-06
94.710000000 4.052160501488e-06
94.720000000 3.052136631116e-06
94.730000000 4.052112760744e-06
94.740000000 3.052088890371e-06
94.750000000 4.052065019999e-06
94.760000000 3.052041149627e-06
94.770000000 4.052017279254e-06
94.780000000 3.051993408882e-06
94.790000000 4.051969538510e-06
94.800000000 3.051945668138e-06
94.810000000 4.051921797765e-06
94.820000000 3.051897927393e-06
94.830000000 4.051874057021e-06
94.840000000 3.051850186648e-06
94.850000000 4.051826316276e-06
94.860000000 3.051802445904e-06
94.870000000 4.051778575532e-06
94.880000000 3.051754705159e-06
94.890000000 3.051730834787e-06
94.900000000 3.051706964415e-06
94.910000000 3.051683094042e-06
94.920000000 3.051659223670e-06
94.930000000 3.051635353298e-06
94.940000000 3.051611482926e-06
94.950000000 3.051587612553e-06
94.960000000 3.051563742181e-06
94.970000000 3.051539871809e-06
94.980000000 3.051516001437e-06
94.990000000 3.051492131064e-06
95.000000000 3.051468260692e-06
95.010000000 3.051444390320e-06
95.020000000 2.051420519947e-06
95.030000000 3.051396649575e-06
95.040000000 2.051372779203e-06
95.050000000 3.051348908831e-06
95.060000000 2.051325038458e-06
95.070000000 2.051301168086e-06
95.080000000 2.051277297714e-06
95.090000000 2.051253427341e-06
95.100000000 2.051229556969e-06
95.110000000 2.051205686597e-06
95.120000000 2.051181816225e-06
95.130000000 2.051157945852e-06
95.140000000 2.051134075480e-06
95.150000000 2.051110205108e-06
95.160000000 2.051086334735e-06
95.170000000 2.051062464363e-06
95.180000000 1.051038593991e-06
95.190000000 1.051014723619e-06
95.200000000 1.050990853246e-06
95.210000000 1.050966982874e-06
95.220000000 1.050943112502e-06
95.230000000 1.050919242129e-06
95.240000000 1.050895371757e-06
95.250000000 1.050871501385e-06
95.260000000 1.050847631013e-06
95.270000000 1.050823760640e-06
95.280000000 1.050799890268e-06
95.290000000 1.050776019896e-06
95.300000000 1.050752149524e-06
95.310000000 1.050728279151e-06
95.320000000 1.050704408779e-06
95.330000000 1.050680538407e-06
95.340000000 5.065666803439e-08
95.350000000 5.063279766211e-08
95.360000000 5.060892728983e-08
95.370000000 5.058505691755e-08
95.380000000 5.056118654526e-08
95.390000000 5.053731617298e-08
95.400000000 5.051344580070e-08
95.410000000 5.048957542842e-08
95.420000000 5.046570505614e-08
95.430000000 5.044183468386e-08
95.440000000 5.041796431157e-08
95.450000000 5.039409393929e-08
95.460000000 5.037022356701e-08
95.470000000 5.034635319473e-08
95.480000000 5.032248282245e-08
95.490000000 -9.497013875498e-07
95.500000000 -9.497252579221e-07
95.510000000 -9.497491282944e-07
95.520000000 -9.497729986667e-07
95.530000000 -9.497968690390e-07
95.540000000 -9.498207394112e-07
95.550000000 -9.498446097835e-07
95.560000000 -9.498684801558e-07
95.570000000 -9.498923505281e-07
95.580000000 -9.499162209004e-07
95.590000000 -9.499400912726e-07
95.600000000 -9.499639616449e-07
95.610000000 -9.499878320172e-07
95.620000000 -9.500117023895e-07
95.630000000 -9.500355727618e-07
95.640000000 -9.500594431341e-07
95.650000000 -9.500833135063e-07
95.660000000 -9.501071838786e-07
95.670000000 -9.501310542509e-07
95.680000000 -9.501549246232e-07
95.690000000 -9.501787949955e-07
95.700000000 -9.502026653677e-07
95.710000000 -1.950226535740e-06
95.720000000 -1.950250406112e-06
95.730000000 -1.950274276485e-06
95.740000000 -1.950298146857e-06
95.750000000 -1.950322017229e-06
95.760000000 -1.950345887601e-06
95.770000000 -1.950369757974e-06
95.780000000 -1.950393628346e-06
95.790000000 -1.950417498718e-06
95.800000000 -1.950441369091e-06
95.810000000 -1.950465239463e-06
95.820000000 -1.950489109835e-06
95.830000000 -1.950512980207e-06
95.840000000 -1.950536850580e-06
95.850000000 -1.950560720952e-06
95.860000000 -1.950584591324e-06
95.870000000 -1.950608461697e-06
95.880000000 -1.950632332069e-06
95.890000000 -1.950656202441e-06
95.900000000 -1.950680072813e-06
95.910000000 -1.950703943186e-06
95.920000000 -1.950727813558e-06
95.930000000 -1.950751683930e-06
95.940000000 -1.950775554302e-06
95.950000000 -1.950799424675e-06
95.960000000 -1.950823295047e-06
95.970000000 -1.950847165419e-06
95.980000000 -1.950871035792e-06
95.990000000 -1.950894906164e-06
96.000000000 -1.950918776536e-06
96.010000000 -1.950942646908e-06
96.020000000 -1.950966517281e-06
96.030000000 -1.950990387653e-06
96.040000000 -1.951014258025e-06
96.050000000 -1.951038128398e-06
96.060000000 -1.951061998770e-06
96.070000000 -1.951085869142e-06
96.080000000 -1.951109739514e-06
96.090000000 -1.951133609887e-06
96.100000000 -1.951157480259e-06
96.110000000 -1.951181350631e-06
96.120000000 -1.951205221004e-06
96.130000000 -1.951229091376e-06
96.140000000 -1.951252961748e-06
96.150000000 -1.951276832120e-06
96.160000000 -1.951300702493e-06
96.170000000 -1.951324572865e-06
96.180000000 -1.951348443237e-06
96.190000000 -1.951372313610e-06
96.200000000 -1.951396183982e-06
96.210000000 -1.951420054354e-06
96.220000000 -1.951443924726e-06
96.230000000 -1.951467795099e-06
96.240000000 -1.951491665471e-06
96.250000000 -1.951515535843e-06
96.260000000 -1.951539406216e-06
96.270000000 -1.951563276588e-06
96.280000000 -1.951587146960e-06
96.290000000 -9.516110173324e-07
96.300000000 -1.951634887705e-06
96.310000000 -9.516587580769e-07
96.320000000 -9.516826284492e-07
96.330000000 -9.517064988215e-07
96.340000000 -9.517303691938e-07
96.350000000 -9.517542395660e-07
96.360000000 -9.517781099383e-07
96.370000000 -9.518019803106e-07
96.380000000 -9.518258506829e-07
96.390000000 -9.518497210552e-07
96.400000000 -9.518735914274e-07
96.410000000 -9.518974617997e-07
96.420000000 -9.519213321720e-07
96.430000000 -9.519452025443e-07
96.440000000 -9.519690729166e-07
96.450000000 -9.519929432889e-07
96.460000000 -9.520168136611e-07
96.470000000 -9.520406840334e-07
96.480000000 -9.520645544057e-07
96.490000000 -9.520884247780e-07
96.500000000 -9.521122951503e-07
96.510000000 4.786383447746e-08
96.520000000 -9.521600358948e-07
96.530000000 4.781609373289e-08
96.540000000 4.779222336061e-08
96.550000000 4.776835298833e-08
96.560000000 4.774448261605e-08
96.570000000 4.772061224377e-08
96.580000000 4.769674187148e-08
96.590000000 4.767287149920e-08
96.600000000 4.764900112692e-08
96.610000000 4.762513075464e-08
96.620000000 4.760126038236e-08
96.630000000 4.757739001008e-08
96.640000000 4.755351963780e-08
96.650000000 4.752964926551e-08
96.660000000 4.750577889323e-08
96.670000000 4.748190852095e-08
96.680000000 4.745803814867e-08
96.690000000 4.743416777639e-08
96.700000000 4.741029740411e-08
96.710000000 4.738642703183e-08
96.720000000 4.736255665954e-08
96.730000000 4.733868628726e-08
96.740000000 4.731481591498e-08
96.750000000 4.729094554270e-08
96.760000000 1.047267075170e-06
96.770000000 4.724320479814e-08
96.780000000 1.047219334426e-06
96.790000000 4.719546405357e-08
96.800000000 1.047171593681e-06
96.810000000 4.714772330901e-08
96.820000000 1.047123852937e-06
96.830000000 4.709998256445e-08
96.840000000 1.047076112192e-06
96.850000000 4.705224181988e-08
96.860000000 1.047028371448e-06
96.870000000 4.700450107532e-08
96.880000000 1.046980630703e-06
96.890000000 4.695676033076e-08
96.900000000 1.046932889958e-06
96.910000000 4.690901958620e-08
96.920000000 1.046885149214e-06
96.930000000 4.686127884163e-08
96.940000000 1.046837408469e-06
96.950000000 4.681353809707e-08
96.960000000 1.046789667725e-06
96.970000000 4.676579735251e-08
96.980000000 1.046741926980e-06
96.990000000 4.671805660794e-08
97.000000000 1.046694186236e-06
97.010000000 1.046670315863e-06
97.020000000 1.046646445491e-06
97.030000000 1.046622575119e-06
97.040000000 1.046598704747e-06
97.050000000 1.046574834374e-06
97.060000000 1.046550964002e-06
97.070000000 1.046527093630e-06
97.080000000 1.046503223257e-06
97.090000000 1.046479352885e-06
97.100000000 1.046455482513e-06
97.110000000 1.046431612141e-06
97.120000000 1.046407741768e-06
97.130000000 1.046383871396e-06
97.140000000 1.046360001024e-06
97.150000000 1.046336130651e-06
97.160000000 1.046312260279e-06
97.170000000 1.046288389907e-06
97.180000000 1.046264519535e-06
97.190000000 1.046240649162e-06
97.200000000 1.046216778790e-06
97.210000000 1.046192908418e-06
97.220000000 1.046169038045e-06
97.230000000 1.046145167673e-06
97.240000000 1.046121297301e-06
97.250000000 1.046097426929e-06
97.260000000 1.046073556556e-06
97.270000000 1.046049686184e-06
97.280000000 1.046025815812e-06
97.290000000 2.046001945439e-06
97.300000000 1.045978075067e-06
97.310000000 2.045954204695e-06
97.320000000 1.045930334323e-06
97.330000000 2.045906463950e-06
97.340000000 1.045882593578e-06
97.350000000 2.045858723206e-06
97.360000000 1.045834852834e-06
97.370000000 2.045810982461e-06
97.380000000 1.045787112089e-06
97.390000000 2.045763241717e-06
97.400000000 1.045739371344e-06
97.410000000 1.045715500972e-06
97.420000000 1.045691630600e-06
97.430000000 1.045667760228e-06
97.440000000 1.045643889855e-06
97.450000000 1.045620019483e-06
97.460000000 1.045596149111e-06
97.470000000 1.045572278738e-06
97.480000000 1.045548408366e-06
97.490000000 1.045524537994e-06
97.500000000 1.045500667622e-06
97.510000000 1.045476797249e-06
97.520000000 1.045452926877e-06
97.530000000 1.045429056505e-06
97.540000000 1.045405186132e-06
97.550000000 1.045381315760e-06
97.560000000 1.045357445388e-06
97.570000000 1.045333575016e-06
97.580000000 1.045309704643e-06
97.590000000 1.045285834271e-06
97.600000000 1.045261963899e-06
97.610000000 1.045238093526e-06
97.620000000 1.045214223154e-06
97.630000000 1.045190352782e-06
97.640000000 1.045166482410e-06
97.650000000 1.045142612037e-06
97.660000000 1.045118741665e-06
97.670000000 1.045094871293e-06
97.680000000 4.507100092052e-08
97.690000000 1.045047130548e-06
97.700000000 4.502326017596e-08
97.710000000 1.044999389804e-06
97.720000000 4.497551943139e-08
97.730000000 1.044951649059e-06
97.740000000 4.492777868683e-08
97.750000000 1.044903908315e-06
97.760000000 4.488003794227e-08
97.770000000 4.485616756999e-08
97.780000000 4.483229719771e-08
97.790000000 4.480842682542e-08
97.800000000 4.478455645314e-08
97.810000000 4.476068608086e-08
97.820000000 4.473681570858e-08
97.830000000 4.471294533630e-08
97.840000000 4.468907496402e-08
97.850000000 4.466520459174e-08
97.860000000 4.464133421945e-08
97.870000000 4.461746384717e-08
97.880000000 4.459359347489e-08
97.890000000 4.456972310261e-08
97.900000000 4.454585273033e-08
97.910000000 4.452198235805e-08
97.920000000 4.449811198576e-08
97.930000000 4.447424161348e-08
97.940000000 4.445037124120e-08
97.950000000 4.442650086892e-08
97.960000000 4.440263049664e-08
97.970000000 -9.556212398756e-07
97.980000000 4.435488975208e-08
97.990000000 -9.556689806202e-07
98.000000000 4.430714900751e-08
98.010000000 -9.557167213648e-07
98.020000000 4.425940826295e-08
98.030000000 -9.557644621093e-07
98.040000000 4.421166751839e-08
98.050000000 -9.558122028539e-07
98.060000000 4.416392677382e-08
98.070000000 -9.558599435985e-07
98.080000000 4.411618602926e-08
98.090000000 -9.559076843430e-07
98.100000000 -9.559315547153e-07
98.110000000 -9.559554250876e-07
98.120000000 -9.559792954599e-07
98.130000000 -9.560031658321e-07
98.140000000 -9.560270362044e-07
98.150000000 4.394909342329e-08
98.160000000 -9.560747769490e-07
98.170000000 4.390135267873e-08
98.180000000 -9.561225176936e-07
98.190000000 4.385361193416e-08
98.200000000 -9.561702584381e-07
98.210000000 4.380587118960e-08
98.220000000 -9.562179991827e-07
98.230000000 4.375813044504e-08
98.240000000 -9.562657399272e-07
98.250000000 4.371038970048e-08
98.260000000 -9.563134806718e-07
98.270000000 4.366264895591e-08
98.280000000 -9.563612214164e-07
98.290000000 4.361490821135e-08
98.300000000 -9.564089621609e-07
98.310000000 4.356716746679e-08
98.320000000 -9.564567029055e-07
98.330000000 4.351942672222e-08
98.340000000 -9.565044436501e-07
98.350000000 4.347168597766e-08
98.360000000 -9.565521843946e-07
98.370000000 4.342394523310e-08
98.380000000 -9.565999251392e-07
98.390000000 4.337620448853e-08
98.400000000 -9.566476658837e-07
98.410000000 4.332846374397e-08
98.420000000 -9.566954066283e-07
98.430000000 4.328072299941e-08
98.440000000 -9.567431473729e-07
98.450000000 4.323298225485e-08
98.460000000 -9.567908881174e-07
98.470000000 4.318524151028e-08
98.480000000 -9.568386288620e-07
98.490000000 4.313750076572e-08
98.500000000 -9.568863696066e-07
98.510000000 4.308976002116e-08
98.520000000 -9.569341103511e-07
98.530000000 -9.569579807234e-07
98.540000000 -9.569818510957e-07
98.550000000 -9.570057214680e-07
98.560000000 -9.570295918403e-07
98.570000000 -9.570534622125e-07
98.580000000 -9.570773325848e-07
98.590000000 -9.571012029571e-07
98.600000000 -9.571250733294e-07
98.610000000 -9.571489437017e-07
98.620000000 -9.571728140739e-07
98.630000000 -9.571966844462e-07
98.640000000 -9.572205548185e-07
98.650000000 -9.572444251908e-07
98.660000000 -9.572682955631e-07
98.670000000 -9.572921659353e-07
98.680000000 -9.573160363076e-07
98.690000000 -9.573399066799e-07
98.700000000 -9.573637770522e-07
98.710000000 -9.573876474245e-07
98.720000000 -9.574115177968e-07
98.730000000 -9.574353881690e-07
98.740000000 -9.574592585413e-07
98.750000000 -9.574831289136e-07
98.760000000 -9.575069992859e-07
98.770000000 -9.575308696582e-07
98.780000000 -9.575547400304e-07
98.790000000 -9.575786104027e-07
98.800000000 -9.576024807750e-07
98.810000000 -9.576263511473e-07
98.820000000 4.234977848043e-08
98.830000000 -9.576740918919e-07
98.840000000 4.230203773587e-08
98.850000000 -9.577218326364e-07
98.860000000 4.225429699130e-08
98.870000000 -9.577695733810e-07
98.880000000 4.220655624674e-08
98.890000000 -9.578173141255e-07
98.900000000 4.215881550218e-08
98.910000000 -9.578650548701e-07
98.920000000 4.211107475762e-08
98.930000000 -9.579127956147e-07
98.940000000 4.206333401305e-08
98.950000000 -9.579605363592e-07
98.960000000 4.201559326849e-08
98.970000000 -9.580082771038e-07
98.980000000 4.196785252393e-08
98.990000000 -9.580560178484e-07
99.000000000 4.192011177936e-08
99.010000000 -9.581037585929e-07
99.020000000 4.187237103480e-08
99.030000000 4.184850066252e-08
99.040000000 4.182463029024e-08
99.050000000 4.180075991796e-08
99.060000000 4.177688954567e-08
99.070000000 4.175301917339e-08
99.080000000 4.172914880111e-08
99.090000000 4.170527842883e-08
99.100000000 4.168140805655e-08
99.110000000 4.165753768427e-08
99.120000000 4.163366731199e-08
99.130000000 4.160979693970e-08
99.140000000 4.158592656742e-08
99.150000000 4.156205619514e-08
99.160000000 4.153818582286e-08
99.170000000 4.151431545058e-08
99.180000000 4.149044507830e-08
99.190000000 4.146657470602e-08
99.200000000 4.144270433373e-08
99.210000000 4.141883396145e-08
99.220000000 4.139496358917e-08
99.230000000 4.137109321689e-08
99.240000000 4.134722284461e-08
99.250000000 4.132335247233e-08
99.260000000 4.129948210005e-08
99.270000000 4.127561172776e-08
99.280000000 4.125174135548e-08
99.290000000 4.122787098320e-08
99.300000000 4.120400061092e-08
99.310000000 4.118013023864e-08
99.320000000 4.115625986636e-08
99.330000000 4.113238949407e-08
99.340000000 4.110851912179e-08
99.350000000 4.108464874951e-08
99.360000000 4.106077837723e-08
99.370000000 4.103690800495e-08
99.380000000 4.101303763267e-08
99.390000000 4.098916726039e-08
99.400000000 4.096529688810e-08
99.410000000 4.094142651582e-08
99.420000000 4.091755614354e-08
99.430000000 4.089368577126e-08
99.440000000 4.086981539898e-08
99.450000000 4.084594502670e-08
99.460000000 4.082207465442e-08
99.470000000 4.079820428213e-08
99.480000000 1.040774333910e-06
99.490000000 4.075046353757e-08
99.500000000 1.040726593165e-06
99.510000000 4.070272279301e-08
99.520000000 1.040678852421e-06
99.530000000 4.065498204844e-08
99.540000000 1.040631111676e-06
99.550000000 4.060724130388e-08
99.560000000 1.040583370932e-06
99.570000000 4.055950055932e-08
99.580000000 1.040535630187e-06
99.590000000 4.051175981476e-08
99.600000000 1.040487889442e-06
99.610000000 4.046401907019e-08
99.620000000 1.040440148698e-06
99.630000000 4.041627832563e-08
99.640000000 1.040392407953e-06
99.650000000 4.036853758107e-08
99.660000000 1.040344667209e-06
99.670000000 4.032079683650e-08
99.680000000 1.040296926464e-06
99.690000000 4.027305609194e-08
99.700000000 1.040249185720e-06
99.710000000 4.022531534738e-08
99.720000000 1.040201444975e-06
99.730000000 4.017757460281e-08
99.740000000 1.040153704231e-06
99.750000000 4.012983385825e-08
99.760000000 4.010596348597e-08
99.770000000 4.008209311369e-08
99.780000000 4.005822274141e-08
99.790000000 4.003435236913e-08
99.800000000 4.001048199684e-08
99.810000000 3.998661162456e-08
99.820000000 3.996274125228e-08
99.830000000 3.993887088000e-08
99.840000000 3.991500050772e-08
99.850000000 3.989113013544e-08
99.860000000 3.986725976316e-08
99.870000000 3.984338939087e-08
99.880000000 3.981951901859e-08
99.890000000 3.979564864631e-08
99.900000000 3.977177827403e-08
99.910000000 3.974790790175e-08
99.920000000 3.972403752947e-08
99.930000000 3.970016715719e-08
99.940000000 3.967629678490e-08
99.950000000 3.965242641262e-08
99.960000000 3.962855604034e-08
99.970000000 3.960468566806e-08
99.980000000 3.958081529578e-08
99.990000000 3.955694492350e-08
100.000000000 3.953307455121e-08
100.010000000 3.950920417893e-08
100.020000000 3.948533380665e-08
100.030000000 3.946146343437e-08
100.040000000 3.943759306209e-08
100.050000000 3.941372268981e-08
100.060000000 3.938985231753e-08
100.070000000 3.936598194524e-08
100.080000000 3.934211157296e-08
100.090000000 3.931824120068e-08
100.100000000 3.929437082840e-08
100.110000000 3.927050045612e-08
100.120000000 3.924663008384e-08
100.130000000 3.922275971156e-08
100.140000000 3.919888933927e-08
100.150000000 3.917501896699e-08
100.160000000 3.915114859471e-08
100.170000000 3.912727822243e-08
100.180000000 3.910340785015e-08
100.190000000 3.907953747787e-08
100.200000000 3.905566710558e-08
100.210000000 3.903179673330e-08
100.220000000 3.900792636102e-08
100.230000000 3.898405598874e-08
100.240000000 3.896018561646e-08
100.250000000 3.893631524418e-08
100.260000000 3.891244487190e-08
100.270000000 3.888857449961e-08
100.280000000 3.886470412733e-08
100.290000000 3.884083375505e-08
100.300000000 3.881696338277e-08
100.310000000 3.879309301049e-08
100.320000000 3.876922263821e-08
100.330000000 3.874535226593e-08
100.340000000 3.872148189364e-08
100.350000000 3.869761152136e-08
100.360000000 3.867374114908e-08
100.370000000 3.864987077680e-08
100.380000000 3.862600040452e-08
100.390000000 3.860213003224e-08
100.400000000 3.857825965996e-08
100.410000000 3.855438928767e-08
100.420000000 3.853051891539e-08
100.430000000 3.850664854311e-08
100.440000000 3.848277817083e-08
100.450000000 3.845890779855e-08
100.460000000 3.843503742627e-08
100.470000000 3.841116705398e-08
100.480000000 3.838729668170e-08
100.490000000 3.836342630942e-08
100.500000000 3.833955593714e-08
100.510000000 3.831568556486e-08
100.520000000 3.829181519258e-08
100.530000000 3.826794482030e-08
100.540000000 3.824407444801e-08
100.550000000 3.822020407573e-08
100.560000000 3.819633370345e-08
100.570000000 3.817246333117e-08
100.580000000 3.814859295889e-08
100.590000000 3.812472258661e-08
100.600000000 3.810085221433e-08
100.610000000 3.807698184204e-08
100.620000000 3.805311146976e-08
100.630000000 3.802924109748e-08
100.640000000 3.800537072520e-08
100.650000000 3.798150035292e-08
100.660000000 3.795762998064e-08
100.670000000 3.793375960835e-08
100.680000000 3.790988923607e-08
100.690000000 3.788601886379e-08
100.700000000 3.786214849151e-08
100.710000000 3.783827811923e-08
100.720000000 3.781440774695e-08
100.730000000 3.779053737467e-08
100.740000000 3.776666700238e-08
100.750000000 3.774279663010e-08
100.760000000 3.771892625782e-08
100.770000000 3.769505588554e-08
100.780000000 3.767118551326e-08
100.790000000 3.764731514098e-08
100.800000000 3.762344476870e-08
100.810000000 3.759957439641e-08
100.820000000 3.757570402413e-08
100.830000000 3.755183365185e-08
100.840000000 3.752796327957e-08
100.850000000 3.750409290729e-08
100.860000000 3.748022253501e-08
100.870000000 3.745635216272e-08
100.880000000 3.743248179044e-08
100.890000000 3.740861141816e-08
100.900000000 3.738474104588e-08
100.910000000 3.736087067360e-08
100.920000000 3.733700030132e-08
100.930000000 3.731312992904e-08
100.940000000 3.728925955675e-08
100.950000000 3.726538918447e-08
100.960000000 3.724151881219e-08
100.970000000 3.721764843991e-08
100.980000000 3.719377806763e-08
100.990000000 3.716990769535e-08
101.000000000 3.714603732307e-08
101.010000000 -9.628778330492e-07
101.020000000 3.709829657850e-08
101.030000000 -9.629255737938e-07
101.040000000 3.705055583394e-08
101.050000000 -9.629733145383e-07
101.060000000 3.700281508938e-08
101.070000000 -9.630210552829e-07
101.080000000 3.695507434481e-08
101.090000000 -9.630687960275e-07
101.100000000 3.690733360025e-08
101.110000000 -9.631165367720e-07
101.120000000 3.685959285569e-08
101.130000000 -9.631642775166e-07
101.140000000 3.681185211112e-08
101.150000000 -9.632120182612e-07
101.160000000 3.676411136656e-08
101.170000000 -9.632597590057e-07
101.180000000 3.671637062200e-08
101.190000000 -9.633074997503e-07
101.200000000 3.666862987744e-08
101.210000000 -9.633552404948e-07
101.220000000 3.662088913287e-08
101.230000000 3.659701876059e-08
101.240000000 3.657314838831e-08
101.250000000 3.654927801603e-08
101.260000000 3.652540764375e-08
101.270000000 3.650153727147e-08
101.280000000 3.647766689918e-08
101.290000000 3.645379652690e-08
101.300000000 3.642992615462e-08
101.310000000 3.640605578234e-08
101.320000000 3.638218541006e-08
101.330000000 3.635831503778e-08
101.340000000 3.633444466549e-08
101.350000000 3.631057429321e-08
101.360000000 3.628670392093e-08
101.370000000 3.626283354865e-08
101.380000000 3.623896317637e-08
101.390000000 3.621509280409e-08
101.400000000 3.619122243181e-08
101.410000000 3.616735205952e-08
101.420000000 3.614348168724e-08
101.430000000 3.611961131496e-08
101.440000000 3.609574094268e-08
101.450000000 3.607187057040e-08
101.460000000 3.604800019812e-08
101.470000000 3.602412982584e-08
101.480000000 3.600025945355e-08
101.490000000 3.597638908127e-08
101.500000000 3.595251870899e-08
101.510000000 3.592864833671e-08
101.520000000 3.590477796443e-08
101.530000000 3.588090759215e-08
101.540000000 3.585703721987e-08
101.550000000 3.583316684758e-08
101.560000000 3.580929647530e-08
101.570000000 3.578542610302e-08
101.580000000 3.576155573074e-08
101.590000000 3.573768535846e-08
101.600000000 3.571381498618e-08
101.610000000 3.568994461389e-08
101.620000000 3.566607424161e-08
101.630000000 3.564220386933e-08
101.640000000 3.561833349705e-08
101.650000000 3.559446312477e-08
101.660000000 3.557059275249e-08
101.670000000 3.554672238021e-08
101.680000000 3.552285200792e-08
101.690000000 1.035498981636e-06
101.700000000 3.547511126336e-08
101.710000000 3.545124089108e-08
101.720000000 3.542737051880e-08
101.730000000 3.540350014652e-08
101.740000000 3.537962977424e-08
101.750000000 3.535575940195e-08
101.760000000 3.533188902967e-08
101.770000000 3.530801865739e-08
101.780000000 3.528414828511e-08
101.790000000 3.526027791283e-08
101.800000000 3.523640754055e-08
101.810000000 3.521253716826e-08
101.820000000 3.518866679598e-08
101.830000000 3.516479642370e-08
101.840000000 3.514092605142e-08
101.850000000 3.511705567914e-08
101.860000000 3.509318530686e-08
101.870000000 3.506931493458e-08
101.880000000 3.504544456229e-08
101.890000000 3.502157419001e-08
101.900000000 3.499770381773e-08
101.910000000 3.497383344545e-08
101.920000000 3.494996307317e-08
101.930000000 3.492609270089e-08
101.940000000 3.490222232861e-08
101.950000000 3.487835195632e-08
101.960000000 3.485448158404e-08
101.970000000 3.483061121176e-08
101.980000000 3.480674083948e-08
101.990000000 3.478287046720e-08
102.000000000 3.475900009492e-08
102.010000000 3.473512972264e-08
102.020000000 3.471125935035e-08
102.030000000 3.468738897807e-08
102.040000000 3.466351860579e-08
102.050000000 3.463964823351e-08
102.060000000 3.461577786123e-08
102.070000000 3.459190748895e-08
102.080000000 3.456803711666e-08
102.090000000 3.454416674438e-08
102.100000000 3.452029637210e-08
102.110000000 3.449642599982e-08
102.120000000 3.447255562754e-08
102.130000000 3.444868525526e-08
102.140000000 3.442481488298e-08
102.150000000 3.440094451069e-08
102.160000000 3.437707413841e-08
102.170000000 3.435320376613e-08
102.180000000 3.432933339385e-08
102.190000000 3.430546302157e-08
102.200000000 3.428159264929e-08
102.210000000 3.425772227701e-08
102.220000000 3.423385190472e-08
102.230000000 3.420998153244e-08
102.240000000 3.418611116016e-08
102.250000000 3.416224078788e-08
102.260000000 3.413837041560e-08
102.270000000 3.411450004332e-08
102.280000000 3.409062967103e-08
102.290000000 3.406675929875e-08
102.300000000 3.404288892647e-08
102.310000000 3.401901855419e-08
102.320000000 3.399514818191e-08
102.330000000 3.397127780963e-08
102.340000000 3.394740743735e-08
102.350000000 3.392353706506e-08
102.360000000 3.389966669278e-08
102.370000000 3.387579632050e-08
102.380000000 3.385192594822e-08
102.390000000 3.382805557594e-08
102.400000000 3.380418520366e-08
102.410000000 3.378031483138e-08
102.420000000 3.375644445909e-08
102.430000000 3.373257408681e-08
102.440000000 3.370870371453e-08
102.450000000 3.368483334225e-08
102.460000000 3.366096296997e-08
102.470000000 3.363709259769e-08
102.480000000 3.361322222540e-08
102.490000000 3.358935185312e-08
102.500000000 3.356548148084e-08
102.510000000 3.354161110856e-08
102.520000000 3.351774073628e-08
102.530000000 3.349387036400e-08
102.540000000 3.346999999172e-08
102.550000000 3.344612961943e-08
102.560000000 3.342225924715e-08
102.570000000 3.339838887487e-08
102.580000000 3.337451850259e-08
102.590000000 3.335064813031e-08
102.600000000 3.332677775803e-08
102.610000000 3.330290738575e-08
102.620000000 3.327903701346e-08
102.630000000 3.325516664118e-08
102.640000000 3.323129626890e-08
102.650000000 3.320742589662e-08
102.660000000 3.318355552434e-08
102.670000000 3.315968515206e-08
102.680000000 3.313581477978e-08
102.690000000 3.311194440749e-08
102.700000000 3.308807403521e-08
102.710000000 3.306420366293e-08
102.720000000 3.304033329065e-08
102.730000000 3.301646291837e-08
102.740000000 3.299259254609e-08
102.750000000 3.296872217380e-08
102.760000000 3.294485180152e-08
102.770000000 3.292098142924e-08
102.780000000 3.289711105696e-08
102.790000000 3.287324068468e-08
102.800000000 3.284937031240e-08
102.810000000 3.282549994012e-08
102.820000000 3.280162956783e-08
102.830000000 3.277775919555e-08
102.840000000 3.275388882327e-08
102.850000000 3.273001845099e-08
102.860000000 3.270614807871e-08
102.870000000 3.268227770643e-08
102.880000000 3.265840733415e-08
102.890000000 3.263453696186e-08
102.900000000 3.261066658958e-08
102.910000000 3.258679621730e-08
102.920000000 3.256292584502e-08
102.930000000 3.253905547274e-08
102.940000000 3.251518510046e-08
102.950000000 3.249131472817e-08
102.960000000 3.246744435589e-08
102.970000000 3.244357398361e-08
102.980000000 3.241970361133e-08
102.990000000 3.239583323905e-08
103.000000000 3.237196286677e-08
103.010000000 3.234809249449e-08
103.020000000 3.232422212220e-08
103.030000000 3.230035174992e-08
103.040000000 3.227648137764e-08
103.050000000 3.225261100536e-08
103.060000000 3.222874063308e-08
103.070000000 3.220487026080e-08
103.080000000 3.218099988852e-08
103.090000000 3.215712951623e-08
103.100000000 3.213325914395e-08
103.110000000 3.210938877167e-08
103.120000000 3.208551839939e-08
103.130000000 3.206164802711e-08
103.140000000 3.203777765483e-08
103.150000000 3.201390728255e-08
103.160000000 3.199003691026e-08
103.170000000 3.196616653798e-08
103.180000000 3.194229616570e-08
103.190000000 3.191842579342e-08
103.200000000 3.189455542114e-08
103.210000000 3.187068504886e-08
103.220000000 3.184681467657e-08
103.230000000 3.182294430429e-08
103.240000000 3.179907393201e-08
103.250000000 3.177520355973e-08
103.260000000 3.175133318745e-08
103.270000000 3.172746281517e-08
103.280000000 3.170359244289e-08
103.290000000 3.167972207060e-08
103.300000000 3.165585169832e-08
103.310000000 3.163198132604e-08
103.320000000 3.160811095376e-08
103.330000000 3.158424058148e-08
103.340000000 3.156037020920e-08
103.350000000 3.153649983692e-08
103.360000000 3.151262946463e-08
103.370000000 3.148875909235e-08
103.380000000 3.146488872007e-08
103.390000000 3.144101834779e-08
103.400000000 3.141714797551e-08
103.410000000 3.139327760323e-08
103.420000000 3.136940723094e-08
103.430000000 3.134553685866e-08
103.440000000 3.132166648638e-08
103.450000000 3.129779611410e-08
103.460000000 3.127392574182e-08
103.470000000 3.125005536954e-08
103.480000000 3.122618499726e-08
103.490000000 3.120231462497e-08
103.500000000 3.117844425269e-08
103.510000000 3.115457388041e-08
103.520000000 3.113070350813e-08
103.530000000 3.110683313585e-08
103.540000000 3.108296276357e-08
103.550000000 3.105909239129e-08
103.560000000 3.103522201900e-08
103.570000000 3.101135164672e-08
103.580000000 3.098748127444e-08
103.590000000 3.096361090216e-08
103.600000000 3.093974052988e-08
103.610000000 3.091587015760e-08
103.620000000 3.089199978531e-08
103.630000000 3.086812941303e-08
103.640000000 3.084425904075e-08
103.650000000 3.082038866847e-08
103.660000000 3.079651829619e-08
103.670000000 3.077264792391e-08
103.680000000 3.074877755163e-08
103.690000000 3.072490717934e-08
103.700000000 3.070103680706e-08
103.710000000 3.067716643478e-08
103.720000000 3.065329606250e-08
103.730000000 3.062942569022e-08
103.740000000 3.060555531794e-08
103.750000000 3.058168494566e-08
103.760000000 3.055781457337e-08
103.770000000 3.053394420109e-08
103.780000000 3.051007382881e-08
103.790000000 3.048620345653e-08
103.800000000 3.046233308425e-08
103.810000000 3.043846271197e-08
103.820000000 3.041459233969e-08
103.830000000 3.039072196740e-08
103.840000000 3.036685159512e-08
103.850000000 3.034298122284e-08
103.860000000 3.031911085056e-08
103.870000000 3.029524047828e-08
103.880000000 3.027137010600e-08
103.890000000 3.024749973371e-08
103.900000000 3.022362936143e-08
103.910000000 3.019975898915e-08
103.920000000 3.017588861687e-08
103.930000000 3.015201824459e-08
103.940000000 3.012814787231e-08
103.950000000 3.010427750003e-08
103.960000000 3.008040712774e-08
103.970000000 3.005653675546e-08
103.980000000 3.003266638318e-08
103.990000000 3.000879601090e-08
104.000000000 2.998492563862e-08
104.010000000 2.996105526634e-08
104.020000000 2.993718489406e-08
104.030000000 2.991331452177e-08
104.040000000 2.988944414949e-08
104.050000000 2.986557377721e-08
104.060000000 2.984170340493e-08
104.070000000 2.981783303265e-08
104.080000000 2.979396266037e-08
104.090000000 2.977009228808e-08
104.100000000 2.974622191580e-08
104.110000000 2.972235154352e-08
104.120000000 2.969848117124e-08
104.130000000 2.967461079896e-08
104.140000000 2.965074042668e-08
104.150000000 2.962687005440e-08
104.160000000 2.960299968211e-08
104.170000000 2.957912930983e-08
104.180000000 2.955525893755e-08
104.190000000 2.953138856527e-08
104.200000000 2.950751819299e-08
104.210000000 2.948364782071e-08
104.220000000 2.945977744843e-08
104.230000000 2.943590707614e-08
104.240000000 2.941203670386e-08
104.250000000 2.938816633158e-08
104.260000000 2.936429595930e-08
104.270000000 2.934042558702e-08
104.280000000 2.931655521474e-08
104.290000000 2.929268484246e-08
104.300000000 2.926881447017e-08
104.310000000 2.924494409789e-08
104.320000000 2.922107372561e-08
104.330000000 2.919720335333e-08
104.340000000 2.917333298105e-08
104.350000000 2.914946260877e-08
104.360000000 2.912559223648e-08
104.370000000 2.910172186420e-08
104.380000000 2.907785149192e-08
104.390000000 2.905398111964e-08
104.400000000 2.903011074736e-08
104.410000000 -9.709937596249e-07
104.420000000 2.898237000280e-08
104.430000000 -9.710415003695e-07
104.440000000 2.893462925823e-08
104.450000000 2.891075888595e-08
104.460000000 2.888688851367e-08
104.470000000 2.886301814139e-08
104.480000000 2.883914776911e-08
104.490000000 2.881527739683e-08
104.500000000 2.879140702454e-08
104.510000000 2.876753665226e-08
104.520000000 2.874366627998e-08
104.530000000 2.871979590770e-08
104.540000000 2.869592553542e-08
104.550000000 2.867205516314e-08
104.560000000 2.864818479085e-08
104.570000000 2.862431441857e-08
104.580000000 2.860044404629e-08
104.590000000 2.857657367401e-08
104.600000000 2.855270330173e-08
104.610000000 2.852883292945e-08
104.620000000 2.850496255717e-08
104.630000000 2.848109218488e-08
104.640000000 2.845722181260e-08
104.650000000 2.843335144032e-08
104.660000000 2.840948106804e-08
104.670000000 2.838561069576e-08
104.680000000 2.836174032348e-08
104.690000000 2.833786995120e-08
104.700000000 2.831399957891e-08
104.710000000 2.829012920663e-08
104.720000000 2.826625883435e-08
104.730000000 2.824238846207e-08
104.740000000 2.821851808979e-08
104.750000000 2.819464771751e-08
104.760000000 2.817077734522e-08
104.770000000 2.814690697294e-08
104.780000000 2.812303660066e-08
104.790000000 2.809916622838e-08
104.800000000 2.807529585610e-08
104.810000000 2.805142548382e-08
104.820000000 2.802755511154e-08
104.830000000 2.800368473925e-08
104.840000000 2.797981436697e-08
104.850000000 2.795594399469e-08
104.860000000 2.793207362241e-08
104.870000000 1.027908203250e-06
104.880000000 2.788433287785e-08
104.890000000 1.027860462506e-06
104.900000000 2.783659213328e-08
104.910000000 1.027812721761e-06
104.920000000 2.778885138872e-08
104.930000000 1.027764981016e-06
104.940000000 2.774111064416e-08
104.950000000 1.027717240272e-06
104.960000000 2.769336989960e-08
104.970000000 1.027669499527e-06
104.980000000 2.764562915503e-08
104.990000000 1.027621758783e-06
105.000000000 2.759788841047e-08
105.010000000 1.027574018038e-06
105.020000000 2.755014766591e-08
105.030000000 1.027526277294e-06
105.040000000 2.750240692134e-08
105.050000000 1.027478536549e-06
105.060000000 2.745466617678e-08
105.070000000 1.027430795804e-06
105.080000000 2.740692543222e-08
105.090000000 1.027383055060e-06
105.100000000 2.735918468765e-08
105.110000000 1.027335314315e-06
105.120000000 2.731144394309e-08
105.130000000 2.728757357081e-08
105.140000000 2.726370319853e-08
105.150000000 2.723983282625e-08
105.160000000 2.721596245397e-08
105.170000000 2.719209208168e-08
105.180000000 2.716822170940e-08
105.190000000 2.714435133712e-08
105.200000000 2.712048096484e-08
105.210000000 2.709661059256e-08
105.220000000 2.707274022028e-08
105.230000000 2.704886984799e-08
105.240000000 2.702499947571e-08
105.250000000 2.700112910343e-08
105.260000000 2.697725873115e-08
105.270000000 2.695338835887e-08
105.280000000 2.692951798659e-08
105.290000000 2.690564761431e-08
105.300000000 2.688177724202e-08
105.310000000 2.685790686974e-08
105.320000000 2.683403649746e-08
105.330000000 2.681016612518e-08
105.340000000 2.678629575290e-08
105.350000000 2.676242538062e-08
105.360000000 2.673855500834e-08
105.370000000 2.671468463605e-08
105.380000000 2.669081426377e-08
105.390000000 2.666694389149e-08
105.400000000 2.664307351921e-08
105.410000000 2.661920314693e-08
105.420000000 2.659533277465e-08
105.430000000 2.657146240237e-08
105.440000000 2.654759203008e-08
105.450000000 2.652372165780e-08
105.460000000 2.649985128552e-08
105.470000000 2.647598091324e-08
105.480000000 2.645211054096e-08
105.490000000 2.642824016868e-08
105.500000000 2.640436979639e-08
105.510000000 2.638049942411e-08
105.520000000 2.635662905183e-08
105.530000000 2.633275867955e-08
105.540000000 2.630888830727e-08
105.550000000 2.628501793499e-08
105.560000000 2.626114756271e-08
105.570000000 2.623727719042e-08
105.580000000 2.621340681814e-08
105.590000000 2.618953644586e-08
105.600000000 2.616566607358e-08
105.610000000 2.614179570130e-08
105.620000000 2.611792532902e-08
105.630000000 2.609405495674e-08
105.640000000 2.607018458445e-08
105.650000000 2.604631421217e-08
105.660000000 2.602244383989e-08
105.670000000 2.599857346761e-08
105.680000000 2.597470309533e-08
105.690000000 2.595083272305e-08
105.700000000 2.592696235076e-08
105.710000000 2.590309197848e-08
105.720000000 2.587922160620e-08
105.730000000 2.585535123392e-08
105.740000000 2.583148086164e-08
105.750000000 2.580761048936e-08
105.760000000 2.578374011708e-08
105.770000000 2.575986974479e-08
105.780000000 2.573599937251e-08
105.790000000 2.571212900023e-08
105.800000000 2.568825862795e-08
105.810000000 2.566438825567e-08
105.820000000 2.564051788339e-08
105.830000000 2.561664751111e-08
105.840000000 2.559277713882e-08
105.850000000 2.556890676654e-08
105.860000000 2.554503639426e-08
105.870000000 2.552116602198e-08
105.880000000 2.549729564970e-08
105.890000000 2.547342527742e-08
105.900000000 2.544955490514e-08
105.910000000 2.542568453285e-08
105.920000000 2.540181416057e-08
105.930000000 2.537794378829e-08
105.940000000 2.535407341601e-08
105.950000000 2.533020304373e-08
105.960000000 2.530633267145e-08
105.970000000 2.528246229916e-08
105.980000000 2.525859192688e-08
105.990000000 2.523472155460e-08
106.000000000 2.521085118232e-08
106.010000000 2.518698081004e-08
106.020000000 2.516311043776e-08
106.030000000 2.513924006548e-08
106.040000000 2.511536969319e-08
106.050000000 2.509149932091e-08
106.060000000 2.506762894863e-08
106.070000000 2.504375857635e-08
106.080000000 2.501988820407e-08
106.090000000 2.499601783179e-08
106.100000000 2.497214745951e-08
106.110000000 2.494827708722e-08
106.120000000 2.492440671494e-08
106.130000000 2.490053634266e-08
106.140000000 2.487666597038e-08
106.150000000 2.485279559810e-08
106.160000000 2.482892522582e-08
106.170000000 2.480505485353e-08
106.180000000 2.478118448125e-08
106.190000000 2.475731410897e-08
106.200000000 2.473344373669e-08
106.210000000 2.470957336441e-08
106.220000000 2.468570299213e-08
106.230000000 2.466183261985e-08
106.240000000 2.463796224756e-08
106.250000000 2.461409187528e-08
106.260000000 2.459022150300e-08
106.270000000 2.456635113072e-08
106.280000000 2.454248075844e-08
106.290000000 2.451861038616e-08
106.300000000 2.449474001388e-08
106.310000000 2.447086964159e-08
106.320000000 2.444699926931e-08
106.330000000 2.442312889703e-08
106.340000000 2.439925852475e-08
106.350000000 2.437538815247e-08
106.360000000 2.435151778019e-08
106.370000000 2.432764740790e-08
106.380000000 2.430377703562e-08
106.390000000 2.427990666334e-08
106.400000000 2.425603629106e-08
106.410000000 2.423216591878e-08
106.420000000 2.420829554650e-08
106.430000000 2.418442517422e-08
106.440000000 2.416055480193e-08
106.450000000 2.413668442965e-08
106.460000000 2.411281405737e-08
106.470000000 2.408894368509e-08
106.480000000 2.406507331281e-08
106.490000000 2.404120294053e-08
106.500000000 2.401733256825e-08
106.510000000 2.399346219596e-08
106.520000000 2.396959182368e-08
106.530000000 2.394572145140e-08
106.540000000 2.392185107912e-08
106.550000000 2.389798070684e-08
106.560000000 2.387411033456e-08
106.570000000 2.385023996228e-08
106.580000000 2.382636958999e-08
106.590000000 2.380249921771e-08
106.600000000 2.377862884543e-08
106.610000000 2.375475847315e-08
106.620000000 2.373088810087e-08
106.630000000 2.370701772859e-08
106.640000000 2.368314735630e-08
106.650000000 2.365927698402e-08
106.660000000 2.363540661174e-08
106.670000000 2.361153623946e-08
106.680000000 2.358766586718e-08
106.690000000 2.356379549490e-08
106.700000000 2.353992512262e-08
106.710000000 2.351605475033e-08
106.720000000 2.349218437805e-08
106.730000000 2.346831400577e-08
106.740000000 2.344444363349e-08
106.750000000 2.342057326121e-08
106.760000000 2.339670288893e-08
106.770000000 2.337283251665e-08
106.780000000 2.334896214436e-08
106.790000000 2.332509177208e-08
106.800000000 2.330122139980e-08
106.810000000 2.327735102752e-08
106.820000000 2.325348065524e-08
106.830000000 2.322961028296e-08
106.840000000 2.320573991067e-08
106.850000000 2.318186953839e-08
106.860000000 2.315799916611e-08
106.870000000 2.313412879383e-08
106.880000000 2.311025842155e-08
106.890000000 2.308638804927e-08
106.900000000 2.306251767699e-08
106.910000000 2.303864730470e-08
106.920000000 2.301477693242e-08
106.930000000 2.299090656014e-08
106.940000000 2.296703618786e-08
106.950000000 2.294316581558e-08
106.960000000 2.291929544330e-08
106.970000000 2.289542507102e-08
106.980000000 2.287155469873e-08
106.990000000 2.284768432645e-08
107.000000000 2.282381395417e-08
107.010000000 2.279994358189e-08
107.020000000 2.277607320961e-08
107.030000000 2.275220283733e-08
107.040000000 2.272833246505e-08
107.050000000 2.270446209276e-08
107.060000000 2.268059172048e-08
107.070000000 2.265672134820e-08
107.080000000 2.263285097592e-08
107.090000000 2.260898060364e-08
107.100000000 2.258511023136e-08
107.110000000 2.256123985907e-08
107.120000000 2.253736948679e-08
107.130000000 2.251349911451e-08
107.140000000 2.248962874223e-08
107.150000000 2.246575836995e-08
107.160000000 2.244188799767e-08
107.170000000 2.241801762539e-08
107.180000000 2.239414725310e-08
107.190000000 2.237027688082e-08
107.200000000 2.234640650854e-08
107.210000000 2.232253613626e-08
107.220000000 2.229866576398e-08
107.230000000 2.227479539170e-08
107.240000000 2.225092501942e-08
107.250000000 2.222705464713e-08
107.260000000 2.220318427485e-08
107.270000000 2.217931390257e-08
107.280000000 2.215544353029e-08
107.290000000 2.213157315801e-08
107.300000000 2.210770278573e-08
107.310000000 2.208383241344e-08
107.320000000 2.205996204116e-08
107.330000000 -9.779639083311e-07
107.340000000 2.201222129660e-08
107.350000000 -9.780116490757e-07
107.360000000 2.196448055204e-08
107.370000000 -9.780593898202e-07
107.380000000 2.191673980747e-08
107.390000000 -9.781071305648e-07
107.400000000 2.186899906291e-08
107.410000000 -9.781548713094e-07
107.420000000 2.182125831835e-08
107.430000000 -9.782026120539e-07
107.440000000 2.177351757379e-08
107.450000000 -9.782503527985e-07
107.460000000 2.172577682922e-08
107.470000000 -9.782980935431e-07
107.480000000 2.167803608466e-08
107.490000000 -9.783458342876e-07
107.500000000 2.163029534010e-08
107.510000000 -9.783935750322e-07
107.520000000 2.158255459553e-08
107.530000000 -9.784413157767e-07
107.540000000 2.153481385097e-08
107.550000000 -9.784890565213e-07
107.560000000 2.148707310641e-08
107.570000000 -9.785367972659e-07
107.580000000 2.143933236184e-08
107.590000000 -9.785845380104e-07
107.600000000 2.139159161728e-08
107.610000000 -9.786322787550e-07
107.620000000 2.134385087272e-08
107.630000000 -9.786800194996e-07
107.640000000 2.129611012816e-08
107.650000000 -9.787277602441e-07
107.660000000 2.124836938359e-08
107.670000000 -9.787755009887e-07
107.680000000 2.120062863903e-08
107.690000000 2.117675826675e-08
107.700000000 2.115288789447e-08
107.710000000 2.112901752219e-08
107.720000000 2.110514714990e-08
107.730000000 2.108127677762e-08
107.740000000 2.105740640534e-08
107.750000000 2.103353603306e-08
107.760000000 2.100966566078e-08
107.770000000 2.098579528850e-08
107.780000000 2.096192491621e-08
107.790000000 2.093805454393e-08
107.800000000 2.091418417165e-08
107.810000000 2.089031379937e-08
107.820000000 2.086644342709e-08
107.830000000 2.084257305481e-08
107.840000000 2.081870268253e-08
107.850000000 2.079483231024e-08
107.860000000 2.077096193796e-08
107.870000000 2.074709156568e-08
107.880000000 2.072322119340e-08
107.890000000 2.069935082112e-08
107.900000000 2.067548044884e-08
107.910000000 2.065161007656e-08
107.920000000 2.062773970427e-08
107.930000000 2.060386933199e-08
107.940000000 2.057999895971e-08
107.950000000 2.055612858743e-08
107.960000000 2.053225821515e-08
107.970000000 2.050838784287e-08
107.980000000 2.048451747058e-08
107.990000000 1.020460647098e-06
108.000000000 2.043677672602e-08
108.010000000 1.020412906354e-06
108.020000000 2.038903598146e-08
108.030000000 1.020365165609e-06
108.040000000 2.034129523690e-08
108.050000000 1.020317424865e-06
108.060000000 2.029355449233e-08
108.070000000 1.020269684120e-06
108.080000000 2.024581374777e-08
108.090000000 1.020221943375e-06
108.100000000 2.019807300321e-08
108.110000000 1.020174202631e-06
108.120000000 2.015033225864e-08
108.130000000 1.020126461886e-06
108.140000000 2.010259151408e-08
108.150000000 1.020078721142e-06
108.160000000 2.005485076952e-08
108.170000000 1.020030980397e-06
108.180000000 2.000711002495e-08
108.190000000 1.998323965267e-08
108.200000000 1.995936928039e-08
108.210000000 1.993549890811e-08
108.220000000 1.991162853583e-08
108.230000000 1.988775816355e-08
108.240000000 1.986388779127e-08
108.250000000 1.984001741898e-08
108.260000000 1.981614704670e-08
108.270000000 1.979227667442e-08
108.280000000 1.976840630214e-08
108.290000000 1.974453592986e-08
108.300000000 1.972066555758e-08
108.310000000 1.969679518530e-08
108.320000000 1.967292481301e-08
108.330000000 1.964905444073e-08
108.340000000 1.962518406845e-08
108.350000000 1.960131369617e-08
108.360000000 1.957744332389e-08
108.370000000 -9.804464270484e-07
108.380000000 1.952970257933e-08
108.390000000 -9.804941677930e-07
108.400000000 1.948196183476e-08
108.410000000 -9.805419085375e-07
108.420000000 1.943422109020e-08
108.430000000 -9.805896492821e-07
108.440000000 1.938648034564e-08
108.450000000 -9.806373900266e-07
108.460000000 1.933873960107e-08
108.470000000 -9.806851307712e-07
108.480000000 1.929099885651e-08
108.490000000 -9.807328715158e-07
108.500000000 1.924325811195e-08
108.510000000 -9.807806122603e-07
108.520000000 1.919551736738e-08
108.530000000 -9.808283530049e-07
108.540000000 1.914777662282e-08
108.550000000 -9.808760937495e-07
108.560000000 1.910003587826e-08
108.570000000 -9.809238344940e-07
108.580000000 1.905229513370e-08
108.590000000 -9.809715752386e-07
108.600000000 1.900455438913e-08
108.610000000 -9.810193159831e-07
108.620000000 1.895681364457e-08
108.630000000 -9.810670567277e-07
108.640000000 1.890907290001e-08
108.650000000 1.888520252772e-08
108.660000000 1.886133215544e-08
108.670000000 1.883746178316e-08
108.680000000 1.881359141088e-08
108.690000000 1.878972103860e-08
108.700000000 1.876585066632e-08
108.710000000 1.874198029404e-08
108.720000000 1.871810992175e-08
108.730000000 1.869423954947e-08
108.740000000 1.867036917719e-08
108.750000000 1.864649880491e-08
108.760000000 1.862262843263e-08
108.770000000 1.859875806035e-08
108.780000000 1.857488768807e-08
108.790000000 1.855101731578e-08
108.800000000 1.852714694350e-08
108.810000000 1.850327657122e-08
108.820000000 1.847940619894e-08
108.830000000 1.845553582666e-08
108.840000000 1.843166545438e-08
108.850000000 1.018407795082e-06
108.860000000 1.838392470981e-08
108.870000000 1.018360054338e-06
108.880000000 1.833618396525e-08
108.890000000 1.018312313593e-06
108.900000000 1.828844322069e-08
108.910000000 1.018264572848e-06
108.920000000 1.824070247612e-08
108.930000000 1.018216832104e-06
108.940000000 1.819296173156e-08
108.950000000 1.018169091359e-06
108.960000000 1.814522098700e-08
108.970000000 1.018121350615e-06
108.980000000 1.809748024244e-08
108.990000000 1.018073609870e-06
109.000000000 1.804973949787e-08
109.010000000 1.018025869126e-06
109.020000000 1.800199875331e-08
109.030000000 1.017978128381e-06
109.040000000 1.795425800875e-08
109.050000000 1.017930387636e-06
109.060000000 1.790651726418e-08
109.070000000 1.017882646892e-06
109.080000000 1.785877651962e-08
109.090000000 1.783490614734e-08
109.100000000 1.781103577506e-08
109.110000000 1.778716540278e-08
109.120000000 1.776329503049e-08
109.130000000 1.773942465821e-08
109.140000000 1.771555428593e-08
109.150000000 1.769168391365e-08
109.160000000 1.766781354137e-08
109.170000000 1.764394316909e-08
109.180000000 1.762007279681e-08
109.190000000 1.759620242452e-08
109.200000000 1.757233205224e-08
109.210000000 1.754846167996e-08
109.220000000 1.752459130768e-08
109.230000000 1.750072093540e-08
109.240000000 1.747685056312e-08
109.250000000 1.745298019084e-08
109.260000000 1.742910981855e-08
109.270000000 1.740523944627e-08
109.280000000 1.738136907399e-08
109.290000000 1.735749870171e-08
109.300000000 1.733362832943e-08
109.310000000 1.730975795715e-08
109.320000000 1.728588758487e-08
109.330000000 1.726201721258e-08
109.340000000 1.723814684030e-08
109.350000000 1.721427646802e-08
109.360000000 1.719040609574e-08
109.370000000 1.716653572346e-08
109.380000000 1.714266535118e-08
109.390000000 1.711879497889e-08
109.400000000 1.709492460661e-08
109.410000000 1.707105423433e-08
109.420000000 1.704718386205e-08
109.430000000 1.702331348977e-08
109.440000000 1.699944311749e-08
109.450000000 1.697557274521e-08
109.460000000 1.695170237292e-08
109.470000000 1.692783200064e-08
109.480000000 1.690396162836e-08
109.490000000 1.688009125608e-08
109.500000000 1.685622088380e-08
109.510000000 1.683235051152e-08
109.520000000 1.680848013924e-08
109.530000000 1.678460976695e-08
109.540000000 1.676073939467e-08
109.550000000 1.673686902239e-08
109.560000000 1.671299865011e-08
109.570000000 1.668912827783e-08
109.580000000 1.666525790555e-08
109.590000000 1.664138753326e-08
109.600000000 1.661751716098e-08
109.610000000 1.659364678870e-08
109.620000000 1.656977641642e-08
109.630000000 1.654590604414e-08
109.640000000 1.652203567186e-08
109.650000000 1.649816529958e-08
109.660000000 1.647429492729e-08
109.670000000 1.645042455501e-08
109.680000000 1.642655418273e-08
109.690000000 1.640268381045e-08
109.700000000 1.637881343817e-08
109.710000000 1.635494306589e-08
109.720000000 1.633107269361e-08
109.730000000 1.630720232132e-08
109.740000000 1.628333194904e-08
109.750000000 1.625946157676e-08
109.760000000 1.623559120448e-08
109.770000000 1.621172083220e-08
109.780000000 1.618785045992e-08
109.790000000 1.616398008763e-08
109.800000000 1.614010971535e-08
109.810000000 1.611623934307e-08
109.820000000 1.609236897079e-08
109.830000000 1.606849859851e-08
109.840000000 1.604462822623e-08
109.850000000 1.602075785395e-08
109.860000000 1.599688748166e-08
109.870000000 1.597301710938e-08
109.880000000 1.594914673710e-08
109.890000000 1.592527636482e-08
109.900000000 1.590140599254e-08
109.910000000 1.587753562026e-08
109.920000000 1.585366524798e-08
109.930000000 1.582979487569e-08
109.940000000 1.580592450341e-08
109.950000000 1.578205413113e-08
109.960000000 1.575818375885e-08
109.970000000 1.573431338657e-08
109.980000000 1.571044301429e-08
109.990000000 1.568657264201e-08
110.000000000 1.566270226972e-08
110.010000000 -9.843611681026e-07
110.020000000 1.561496152516e-08
110.030000000 -9.844089088471e-07
110.040000000 1.556722078060e-08
110.050000000 -9.844566495917e-07
110.060000000 1.551948003603e-08
110.070000000 -9.845043903362e-07
110.080000000 1.547173929147e-08
110.090000000 -9.845521310808e-07
110.100000000 1.542399854691e-08
110.110000000 -9.845998718254e-07
110.120000000 1.537625780235e-08
110.130000000 -9.846476125699e-07
110.140000000 1.532851705778e-08
110.150000000 1.530464668550e-08
110.160000000 1.528077631322e-08
110.170000000 1.525690594094e-08
110.180000000 1.523303556866e-08
110.190000000 1.520916519638e-08
110.200000000 1.518529482409e-08
110.210000000 1.516142445181e-08
110.220000000 1.513755407953e-08
110.230000000 1.511368370725e-08
110.240000000 1.508981333497e-08
110.250000000 1.506594296269e-08
110.260000000 1.504207259040e-08
110.270000000 1.501820221812e-08
110.280000000 1.499433184584e-08
110.290000000 1.497046147356e-08
110.300000000 1.494659110128e-08
110.310000000 1.492272072900e-08
110.320000000 1.489885035672e-08
110.330000000 1.487497998443e-08
110.340000000 1.485110961215e-08
110.350000000 1.482723923987e-08
110.360000000 1.480336886759e-08
110.370000000 1.477949849531e-08
110.380000000 1.475562812303e-08
110.390000000 1.473175775075e-08
110.400000000 1.470788737846e-08
110.410000000 1.468401700618e-08
110.420000000 1.466014663390e-08
110.430000000 1.463627626162e-08
110.440000000 1.461240588934e-08
110.450000000 1.458853551706e-08
110.460000000 1.456466514478e-08
110.470000000 1.454079477249e-08
110.480000000 1.451692440021e-08
110.490000000 1.449305402793e-08
110.500000000 1.446918365565e-08
110.510000000 1.014445313283e-06
110.520000000 1.442144291109e-08
110.530000000 1.014397572539e-06
110.540000000 1.437370216652e-08
110.550000000 1.014349831794e-06
110.560000000 1.432596142196e-08
110.570000000 1.430209104968e-08
110.580000000 1.427822067740e-08
110.590000000 1.425435030512e-08
110.600000000 1.423047993283e-08
110.610000000 1.420660956055e-08
110.620000000 1.418273918827e-08
110.630000000 1.415886881599e-08
110.640000000 1.413499844371e-08
110.650000000 1.411112807143e-08
110.660000000 1.408725769915e-08
110.670000000 1.406338732686e-08
110.680000000 1.403951695458e-08
110.690000000 1.401564658230e-08
110.700000000 1.399177621002e-08
110.710000000 1.396790583774e-08
110.720000000 1.394403546546e-08
110.730000000 1.392016509317e-08
110.740000000 1.389629472089e-08
110.750000000 1.387242434861e-08
110.760000000 1.384855397633e-08
110.770000000 1.382468360405e-08
110.780000000 1.380081323177e-08
110.790000000 1.377694285949e-08
110.800000000 1.375307248720e-08
110.810000000 1.372920211492e-08
110.820000000 1.370533174264e-08
110.830000000 -9.863185386296e-07
110.840000000 1.365759099808e-08
110.850000000 -9.863662793742e-07
110.860000000 1.360985025352e-08
110.870000000 -9.864140201188e-07
110.880000000 1.356210950895e-08
110.890000000 -9.864617608633e-07
110.900000000 1.351436876439e-08
110.910000000 -9.865095016079e-07
110.920000000 1.346662801983e-08
110.930000000 -9.865572423525e-07
110.940000000 1.341888727526e-08
110.950000000 -9.866049830970e-07
110.960000000 1.337114653070e-08
110.970000000 -9.866527238416e-07
110.980000000 1.332340578614e-08
110.990000000 -9.867004645861e-07
111.000000000 1.327566504157e-08
111.010000000 -9.867482053307e-07
111.020000000 1.322792429701e-08
111.030000000 -9.867959460753e-07
111.040000000 1.318018355245e-08
111.050000000 -9.868436868198e-07
111.060000000 1.313244280789e-08
111.070000000 -9.868914275644e-07
111.080000000 1.308470206332e-08
111.090000000 -9.869391683090e-07
111.100000000 1.303696131876e-08
111.110000000 -9.869869090535e-07
111.120000000 1.298922057420e-08
111.130000000 -9.870346497981e-07
111.140000000 1.294147982963e-08
111.150000000 1.291760945735e-08
111.160000000 1.289373908507e-08
111.170000000 1.286986871279e-08
111.180000000 1.284599834051e-08
111.190000000 1.282212796823e-08
111.200000000 1.279825759594e-08
111.210000000 1.277438722366e-08
111.220000000 1.275051685138e-08
111.230000000 1.272664647910e-08
111.240000000 1.270277610682e-08
111.250000000 1.267890573454e-08
111.260000000 1.265503536226e-08
111.270000000 1.263116498997e-08
111.280000000 1.260729461769e-08
111.290000000 1.258342424541e-08
111.300000000 1.255955387313e-08
111.310000000 1.253568350085e-08
111.320000000 1.251181312857e-08
111.330000000 1.248794275629e-08
111.340000000 1.246407238400e-08
111.350000000 1.244020201172e-08
111.360000000 1.241633163944e-08
111.370000000 1.012392461267e-06
111.380000000 1.236859089488e-08
111.390000000 1.012344720523e-06
111.400000000 1.232085015031e-08
111.410000000 1.012296979778e-06
111.420000000 1.227310940575e-08
111.430000000 1.012249239033e-06
111.440000000 1.222536866119e-08
111.450000000 1.012201498289e-06
111.460000000 1.217762791663e-08
111.470000000 1.012153757544e-06
111.480000000 1.212988717206e-08
111.490000000 1.012106016800e-06
111.500000000 1.208214642750e-08
111.510000000 1.012058276055e-06
111.520000000 1.203440568294e-08
111.530000000 1.012010535311e-06
111.540000000 1.198666493837e-08
111.550000000 1.011962794566e-06
111.560000000 1.193892419381e-08
111.570000000 1.011915053822e-06
111.580000000 1.189118344925e-08
111.590000000 1.011867313077e-06
111.600000000 1.184344270469e-08
111.610000000 1.011819572332e-06
111.620000000 1.179570196012e-08
111.630000000 1.011771831588e-06
111.640000000 1.174796121556e-08
111.650000000 1.011724090843e-06
111.660000000 1.170022047100e-08
111.670000000 1.167635009871e-08
111.680000000 1.165247972643e-08
111.690000000 1.162860935415e-08
111.700000000 1.160473898187e-08
111.710000000 1.158086860959e-08
111.720000000 1.155699823731e-08
111.730000000 1.153312786503e-08
111.740000000 1.150925749274e-08
111.750000000 1.148538712046e-08
111.760000000 1.146151674818e-08
111.770000000 1.143764637590e-08
111.780000000 1.141377600362e-08
111.790000000 1.138990563134e-08
111.800000000 1.136603525906e-08
111.810000000 1.134216488677e-08
111.820000000 1.131829451449e-08
111.830000000 1.129442414221e-08
111.840000000 1.127055376993e-08
111.850000000 1.124668339765e-08
111.860000000 1.122281302537e-08
111.870000000 1.119894265308e-08
111.880000000 1.117507228080e-08
111.890000000 1.115120190852e-08
111.900000000 1.112733153624e-08
111.910000000 1.110346116396e-08
111.920000000 1.107959079168e-08
111.930000000 1.105572041940e-08
111.940000000 1.103185004711e-08
111.950000000 1.100797967483e-08
111.960000000 1.098410930255e-08
111.970000000 1.096023893027e-08
111.980000000 1.093636855799e-08
111.990000000 -9.890875018143e-07
112.000000000 1.088862781343e-08
112.010000000 -9.891352425589e-07
112.020000000 1.084088706886e-08
112.030000000 -9.891829833034e-07
112.040000000 1.079314632430e-08
112.050000000 -9.892307240480e-07
112.060000000 1.074540557974e-08
112.070000000 -9.892784647925e-07
112.080000000 1.069766483517e-08
112.090000000 -9.893262055371e-07
112.100000000 1.064992409061e-08
112.110000000 -9.893739462817e-07
112.120000000 1.060218334605e-08
112.130000000 -9.894216870262e-07
112.140000000 1.055444260148e-08
112.150000000 1.053057222920e-08
112.160000000 1.050670185692e-08
112.170000000 1.048283148464e-08
112.180000000 1.045896111236e-08
112.190000000 1.043509074008e-08
112.200000000 1.041122036780e-08
112.210000000 1.038734999551e-08
112.220000000 1.036347962323e-08
112.230000000 1.033960925095e-08
112.240000000 1.031573887867e-08
112.250000000 1.029186850639e-08
112.260000000 1.026799813411e-08
112.270000000 1.024412776183e-08
112.280000000 1.022025738954e-08
112.290000000 1.019638701726e-08
112.300000000 1.017251664498e-08
112.310000000 1.014864627270e-08
112.320000000 1.012477590042e-08
112.330000000 1.010090552814e-08
112.340000000 1.007703515585e-08
112.350000000 1.005316478357e-08
112.360000000 1.002929441129e-08
112.370000000 1.000542403901e-08
112.380000000 9.981553666729e-09
112.390000000 9.957683294447e-09
112.400000000 9.933812922166e-09
112.410000000 9.909942549884e-09
112.420000000 9.886072177603e-09
112.430000000 9.862201805321e-09
112.440000000 9.838331433040e-09
112.450000000 9.814461060758e-09
112.460000000 9.790590688477e-09
112.470000000 9.766720316195e-09
112.480000000 9.742849943914e-09
112.490000000 9.718979571632e-09
112.500000000 9.695109199351e-09
112.510000000 9.671238827069e-09
112.520000000 9.647368454788e-09
112.530000000 9.623498082506e-09
112.540000000 9.599627710225e-09
112.550000000 9.575757337943e-09
112.560000000 9.551886965662e-09
112.570000000 9.528016593381e-09
112.580000000 9.504146221099e-09
112.590000000 9.480275848817e-09
112.600000000 9.456405476536e-09
112.610000000 9.432535104254e-09
112.620000000 9.408664731973e-09
112.630000000 9.384794359692e-09
112.640000000 9.360923987410e-09
112.650000000 9.337053615129e-09
112.660000000 9.313183242847e-09
112.670000000 9.289312870566e-09
112.680000000 9.265442498284e-09
112.690000000 9.241572126003e-09
112.700000000 9.217701753721e-09
112.710000000 9.193831381440e-09
112.720000000 9.169961009158e-09
112.730000000 9.146090636877e-09
112.740000000 9.122220264595e-09
112.750000000 9.098349892314e-09
112.760000000 9.074479520032e-09
112.770000000 9.050609147751e-09
112.780000000 9.026738775469e-09
112.790000000 9.002868403188e-09
112.800000000 8.978998030906e-09
112.810000000 8.955127658625e-09
112.820000000 8.931257286343e-09
112.830000000 8.907386914062e-09
112.840000000 8.883516541780e-09
112.850000000 8.859646169499e-09
112.860000000 8.835775797217e-09
112.870000000 8.811905424936e-09
112.880000000 8.788035052654e-09
112.890000000 8.764164680373e-09
112.900000000 8.740294308091e-09
112.910000000 8.716423935810e-09
112.920000000 8.692553563528e-09
112.930000000 8.668683191247e-09
112.940000000 8.644812818965e-09
112.950000000 8.620942446684e-09
112.960000000 8.597072074402e-09
112.970000000 8.573201702121e-09
112.980000000 8.549331329839e-09
112.990000000 8.525460957558e-09
113.000000000 8.501590585276e-09
113.010000000 8.477720212995e-09
113.020000000 8.453849840713e-09
113.030000000 8.429979468432e-09
113.040000000 8.406109096150e-09
113.050000000 8.382238723869e-09
113.060000000 8.358368351587e-09
113.070000000 8.334497979306e-09
113.080000000 8.310627607024e-09
113.090000000 8.286757234743e-09
113.100000000 8.262886862461e-09
113.110000000 8.239016490180e-09
113.120000000 8.215146117898e-09
113.130000000 8.191275745617e-09
113.140000000 8.167405373335e-09
113.150000000 8.143535001054e-09
113.160000000 8.119664628772e-09
113.170000000 8.095794256491e-09
113.180000000 8.071923884209e-09
113.190000000 8.048053511928e-09
113.200000000 8.024183139647e-09
113.210000000 8.000312767365e-09
113.220000000 7.976442395084e-09
113.230000000 7.952572022802e-09
113.240000000 7.928701650521e-09
113.250000000 7.904831278239e-09
113.260000000 7.880960905958e-09
113.270000000 7.857090533676e-09
113.280000000 7.833220161395e-09
113.290000000 7.809349789113e-09
113.300000000 7.785479416832e-09
113.310000000 7.761609044550e-09
113.320000000 7.737738672269e-09
113.330000000 7.713868299987e-09
113.340000000 7.689997927706e-09
113.350000000 7.666127555424e-09
113.360000000 7.642257183143e-09
113.370000000 7.618386810861e-09
113.380000000 7.594516438580e-09
113.390000000 7.570646066298e-09
113.400000000 7.546775694017e-09
113.410000000 7.522905321735e-09
113.420000000 7.499034949454e-09
113.430000000 7.475164577172e-09
113.440000000 7.451294204891e-09
113.450000000 7.427423832609e-09
113.460000000 7.403553460328e-09
113.470000000 7.379683088046e-09
113.480000000 7.355812715765e-09
113.490000000 7.331942343483e-09
113.500000000 7.308071971202e-09
113.510000000 7.284201598920e-09
113.520000000 7.260331226639e-09
113.530000000 7.236460854357e-09
113.540000000 7.212590482076e-09
113.550000000 7.188720109794e-09
113.560000000 7.164849737513e-09
113.570000000 7.140979365231e-09
113.580000000 7.117108992950e-09
113.590000000 7.093238620668e-09
113.600000000 7.069368248387e-09
113.610000000 7.045497876105e-09
113.620000000 7.021627503824e-09
113.630000000 6.997757131542e-09
113.640000000 6.973886759261e-09
113.650000000 6.950016386979e-09
113.660000000 6.926146014698e-09
113.670000000 6.902275642416e-09
113.680000000 6.878405270135e-09
113.690000000 6.854534897853e-09
113.700000000 6.830664525572e-09
113.710000000 6.806794153290e-09
113.720000000 6.782923781009e-09
113.730000000 6.759053408728e-09
113.740000000 6.735183036446e-09
113.750000000 6.711312664164e-09
113.760000000 6.687442291883e-09
113.770000000 6.663571919602e-09
113.780000000 6.639701547320e-09
113.790000000 6.615831175039e-09
113.800000000 6.591960802757e-09
113.810000000 1.006568090430e-06
113.820000000 6.544220058194e-09
113.830000000 1.006520349686e-06
113.840000000 6.496479313631e-09
113.850000000 1.006472608941e-06
113.860000000 6.448738569068e-09
113.870000000 1.006424868197e-06
113.880000000 6.400997824505e-09
113.890000000 1.006377127452e-06
113.900000000 6.353257079942e-09
113.910000000 1.006329386708e-06
113.920000000 6.305516335379e-09
113.930000000 1.006281645963e-06
113.940000000 6.257775590816e-09
113.950000000 1.006233905219e-06
113.960000000 6.210034846253e-09
113.970000000 1.006186164474e-06
113.980000000 6.162294101690e-09
113.990000000 1.006138423729e-06
114.000000000 6.114553357127e-09
114.010000000 6.090682984846e-09
114.020000000 6.066812612564e-09
114.030000000 6.042942240283e-09
114.040000000 6.019071868001e-09
114.050000000 5.995201495720e-09
114.060000000 5.971331123438e-09
114.070000000 5.947460751157e-09
114.080000000 5.923590378875e-09
114.090000000 5.899720006594e-09
114.100000000 5.875849634312e-09
114.110000000 5.851979262031e-09
114.120000000 5.828108889749e-09
114.130000000 5.804238517468e-09
114.140000000 5.780368145186e-09
114.150000000 5.756497772905e-09
114.160000000 5.732627400623e-09
114.170000000 5.708757028342e-09
114.180000000 5.684886656060e-09
114.190000000 5.661016283779e-09
114.200000000 5.637145911497e-09
114.210000000 5.613275539216e-09
114.220000000 5.589405166934e-09
114.230000000 5.565534794653e-09
114.240000000 5.541664422371e-09
114.250000000 5.517794050090e-09
114.260000000 5.493923677808e-09
114.270000000 5.470053305527e-09
114.280000000 5.446182933245e-09
114.290000000 5.422312560964e-09
114.300000000 5.398442188683e-09
114.310000000 5.374571816401e-09
114.320000000 5.350701444120e-09
114.330000000 5.326831071838e-09
114.340000000 5.302960699557e-09
114.350000000 5.279090327275e-09
114.360000000 5.255219954994e-09
114.370000000 5.231349582712e-09
114.380000000 5.207479210431e-09
114.390000000 5.183608838149e-09
114.400000000 5.159738465868e-09
114.410000000 5.135868093586e-09
114.420000000 5.111997721305e-09
114.430000000 5.088127349023e-09
114.440000000 5.064256976742e-09
114.450000000 5.040386604460e-09
114.460000000 5.016516232179e-09
114.470000000 4.992645859897e-09
114.480000000 4.968775487616e-09
114.490000000 4.944905115334e-09
114.500000000 4.921034743053e-09
114.510000000 4.897164370771e-09
114.520000000 4.873293998490e-09
114.530000000 4.849423626208e-09
114.540000000 4.825553253927e-09
114.550000000 1.004801682882e-06
114.560000000 4.777812509364e-09
114.570000000 1.004753942137e-06
114.580000000 4.730071764801e-09
114.590000000 1.004706201393e-06
114.600000000 4.682331020238e-09
114.610000000 1.004658460648e-06
114.620000000 4.634590275675e-09
114.630000000 1.004610719903e-06
114.640000000 4.586849531112e-09
114.650000000 1.004562979159e-06
114.660000000 4.539108786549e-09
114.670000000 1.004515238414e-06
114.680000000 4.491368041986e-09
114.690000000 1.004467497670e-06
114.700000000 4.443627297423e-09
114.710000000 4.419756925141e-09
114.720000000 4.395886552860e-09
114.730000000 4.372016180578e-09
114.740000000 4.348145808297e-09
114.750000000 4.324275436015e-09
114.760000000 4.300405063734e-09
114.770000000 4.276534691452e-09
114.780000000 4.252664319171e-09
114.790000000 4.228793946889e-09
114.800000000 4.204923574608e-09
114.810000000 4.181053202326e-09
114.820000000 4.157182830045e-09
114.830000000 4.133312457763e-09
114.840000000 4.109442085482e-09
114.850000000 4.085571713200e-09
114.860000000 4.061701340919e-09
114.870000000 4.037830968638e-09
114.880000000 4.013960596356e-09
114.890000000 3.990090224075e-09
114.900000000 3.966219851793e-09
114.910000000 3.942349479512e-09
114.920000000 3.918479107230e-09
114.930000000 3.894608734949e-09
114.940000000 3.870738362667e-09
114.950000000 3.846867990386e-09
114.960000000 3.822997618104e-09
114.970000000 3.799127245823e-09
114.980000000 3.775256873541e-09
114.990000000 3.751386501260e-09
115.000000000 3.727516128978e-09
115.010000000 3.703645756697e-09
115.020000000 3.679775384415e-09
115.030000000 3.655905012134e-09
115.040000000 3.632034639852e-09
115.050000000 3.608164267571e-09
115.060000000 3.584293895289e-09
115.070000000 3.560423523008e-09
115.080000000 3.536553150726e-09
115.090000000 3.512682778445e-09
115.100000000 3.488812406163e-09
115.110000000 3.464942033882e-09
115.120000000 3.441071661600e-09
115.130000000 3.417201289319e-09
115.140000000 3.393330917037e-09
115.150000000 3.369460544756e-09
115.160000000 3.345590172474e-09
115.170000000 3.321719800193e-09
115.180000000 3.297849427911e-09
115.190000000 3.273979055630e-09
115.200000000 3.250108683348e-09
115.210000000 3.226238311067e-09
115.220000000 3.202367938785e-09
115.230000000 3.178497566504e-09
115.240000000 3.154627194222e-09
115.250000000 3.130756821941e-09
115.260000000 3.106886449659e-09
115.270000000 3.083016077378e-09
115.280000000 3.059145705096e-09
115.290000000 3.035275332815e-09
115.300000000 3.011404960533e-09
115.310000000 -9.970124654117e-07
115.320000000 2.963664215970e-09
115.330000000 -9.970602061563e-07
115.340000000 2.915923471407e-09
115.350000000 -9.971079469009e-07
115.360000000 2.868182726844e-09
115.370000000 -9.971556876454e-07
115.380000000 2.820441982281e-09
115.390000000 -9.972034283900e-07
115.400000000 2.772701237718e-09
115.410000000 -9.972511691346e-07
115.420000000 2.724960493155e-09
115.430000000 -9.972989098791e-07
115.440000000 2.677219748593e-09
115.450000000 -9.973466506237e-07
115.460000000 2.629479004030e-09
115.470000000 -9.973943913683e-07
115.480000000 2.581738259467e-09
115.490000000 -9.974421321128e-07
115.500000000 2.533997514904e-09
115.510000000 -9.974898728574e-07
115.520000000 2.486256770341e-09
115.530000000 -9.975376136019e-07
115.540000000 2.438516025778e-09
115.550000000 -9.975853543465e-07
115.560000000 2.390775281215e-09
115.570000000 -9.976330950911e-07
115.580000000 2.343034536652e-09
115.590000000 -9.976808358356e-07
115.600000000 2.295293792089e-09
115.610000000 -9.977285765802e-07
115.620000000 2.247553047526e-09
115.630000000 -9.977763173248e-07
115.640000000 2.199812302963e-09
115.650000000 -9.978240580693e-07
115.660000000 2.152071558400e-09
115.670000000 -9.978717988139e-07
115.680000000 2.104330813837e-09
115.690000000 -9.979195395584e-07
115.700000000 2.056590069274e-09
115.710000000 -9.979672803030e-07
115.720000000 2.008849324711e-09
115.730000000 -9.980150210476e-07
115.740000000 1.961108580148e-09
115.750000000 -9.980627617921e-07
115.760000000 1.913367835585e-09
115.770000000 -9.981105025367e-07
115.780000000 1.865627091022e-09
115.790000000 -9.981582432813e-07
115.800000000 1.817886346459e-09
115.810000000 -9.982059840258e-07
115.820000000 1.770145601896e-09
115.830000000 -9.982537247704e-07
115.840000000 1.722404857333e-09
115.850000000 -9.983014655149e-07
115.860000000 1.674664112770e-09
115.870000000 -9.983492062595e-07
115.880000000 1.626923368207e-09
115.890000000 -9.983969470041e-07
115.900000000 1.579182623644e-09
115.910000000 1.555312251362e-09
115.920000000 1.531441879081e-09
115.930000000 1.507571506799e-09
115.940000000 1.483701134518e-09
115.950000000 1.459830762236e-09
115.960000000 1.435960389955e-09
115.970000000 1.412090017674e-09
115.980000000 1.388219645392e-09
115.990000000 1.364349273111e-09
116.000000000 1.340478900829e-09
116.010000000 1.316608528547e-09
116.020000000 1.292738156266e-09
116.030000000 1.268867783985e-09
116.040000000 1.244997411703e-09
116.050000000 1.001221127039e-06
116.060000000 1.197256667140e-09
116.070000000 1.001173386295e-06
116.080000000 1.149515922577e-09
116.090000000 1.001125645550e-06
116.100000000 1.101775178014e-09
116.110000000 1.001077904806e-06
116.120000000 1.054034433451e-09
116.130000000 1.001030164061e-06
116.140000000 1.006293688888e-09
116.150000000 1.000982423317e-06
116.160000000 9.585529443252e-10
116.170000000 1.000934682572e-06
116.180000000 9.108121997622e-10
116.190000000 1.000886941827e-06
116.200000000 8.630714551992e-10
116.210000000 1.000839201083e-06
116.220000000 8.153307106362e-10
116.230000000 1.000791460338e-06
116.240000000 7.675899660732e-10
116.250000000 1.000743719594e-06
116.260000000 7.198492215102e-10
116.270000000 1.000695978849e-06
116.280000000 6.721084769473e-10
116.290000000 1.000648238105e-06
116.300000000 6.243677323843e-10
116.310000000 1.000600497360e-06
116.320000000 5.766269878213e-10
116.330000000 1.000552756616e-06
116.340000000 5.288862432583e-10
116.350000000 1.000505015871e-06
116.360000000 4.811454986953e-10
116.370000000 1.000457275126e-06
116.380000000 4.334047541324e-10
116.390000000 1.000409534382e-06
116.400000000 3.856640095694e-10
116.410000000 1.000361793637e-06
116.420000000 3.379232650064e-10
116.430000000 1.000314052893e-06
116.440000000 2.901825204434e-10
116.450000000 1.000266312148e-06
116.460000000 2.424417758805e-10
116.470000000 2.185714035990e-10
116.480000000 1.947010313174e-10
116.490000000 1.708306590360e-10
116.500000000 1.469602867545e-10
116.510000000 1.230899144730e-10
116.520000000 9.921954219148e-11
116.530000000 7.534916990997e-11
116.540000000 5.147879762847e-11
116.550000000 2.760842534702e-11
116.560000000 3.738053065512e-12
116.570000000 -2.013231921594e-11
116.580000000 -4.400269149744e-11
116.590000000 -6.787306377895e-11
116.600000000 -9.174343606045e-11
116.610000000 -1.156138083419e-10
116.620000000 -1.394841806234e-10
116.630000000 -1.633545529049e-10
116.640000000 -1.872249251864e-10
116.650000000 -2.110952974679e-10
116.660000000 -2.349656697494e-10
116.670000000 -2.588360420309e-10
116.680000000 -2.827064143124e-10
116.690000000 -3.065767865938e-10
116.700000000 -3.304471588753e-10
116.710000000 -3.543175311569e-10
116.720000000 -3.781879034384e-10
116.730000000 -4.020582757199e-10
116.740000000 -4.259286480013e-10
116.750000000 -1.000449799020e-06
116.760000000 -4.736693925643e-10
116.770000000 -1.000497539765e-06
116.780000000 -5.214101371273e-10
116.790000000 -1.000545280509e-06
116.800000000 -5.691508816902e-10
116.810000000 -1.000593021254e-06
116.820000000 -6.168916262532e-10
116.830000000 -1.000640761999e-06
116.840000000 -6.646323708163e-10
116.850000000 -6.885027430977e-10
116.860000000 -7.123731153792e-10
116.870000000 -7.362434876607e-10
116.880000000 -7.601138599422e-10
116.890000000 -7.839842322237e-10
116.900000000 -8.078546045052e-10
116.910000000 -8.317249767866e-10
116.920000000 -8.555953490681e-10
116.930000000 -8.794657213496e-10
116.940000000 -9.033360936311e-10
116.950000000 9.990727935341e-07
116.960000000 -9.510768381941e-10
116.970000000 9.990250527895e-07
116.980000000 -9.988175827571e-10
116.990000000 9.989773120450e-07
117.000000000 -1.046558327320e-09
117.010000000 9.989295713004e-07
117.020000000 -1.094299071883e-09
117.030000000 9.988818305558e-07
117.040000000 -1.142039816446e-09
117.050000000 9.988340898113e-07
117.060000000 -1.189780561009e-09
117.070000000 9.987863490667e-07
117.080000000 -1.237521305572e-09
117.090000000 -1.261391677854e-09
117.100000000 -1.285262050135e-09
117.110000000 -1.309132422416e-09
117.120000000 -1.333002794698e-09
117.130000000 -1.356873166979e-09
117.140000000 -1.380743539261e-09
117.150000000 -1.404613911542e-09
117.160000000 -1.428484283824e-09
117.170000000 -1.452354656105e-09
117.180000000 -1.476225028387e-09
117.190000000 -1.500095400668e-09
117.200000000 -1.523965772950e-09
117.210000000 -1.547836145231e-09
117.220000000 -1.571706517513e-09
117.230000000 -1.595576889794e-09
117.240000000 -1.619447262076e-09
117.250000000 -1.643317634357e-09
117.260000000 -1.667188006639e-09
117.270000000 -1.691058378920e-09
117.280000000 -1.714928751202e-09
117.290000000 -1.738799123483e-09
117.300000000 -1.762669495765e-09
117.310000000 -1.786539868046e-09
117.320000000 -1.810410240328e-09
117.330000000 -1.834280612609e-09
117.340000000 -1.858150984891e-09
117.350000000 -1.882021357172e-09
117.360000000 -1.905891729454e-09
117.370000000 -1.929762101735e-09
117.380000000 -1.953632474017e-09
117.390000000 -1.001977502846e-06
117.400000000 -2.001373218580e-09
117.410000000 -1.002025243591e-06
117.420000000 -2.049113963143e-09
117.430000000 -1.002072984335e-06
117.440000000 -2.096854707706e-09
117.450000000 -1.002120725080e-06
117.460000000 -2.144595452269e-09
117.470000000 -1.002168465825e-06
117.480000000 -2.192336196832e-09
117.490000000 -1.002216206569e-06
117.500000000 -2.240076941395e-09
117.510000000 -1.002263947314e-06
117.520000000 -2.287817685958e-09
117.530000000 -1.002311688058e-06
117.540000000 -2.335558430521e-09
117.550000000 -1.002359428803e-06
117.560000000 -2.383299175084e-09
117.570000000 -1.002407169547e-06
117.580000000 -2.431039919647e-09
117.590000000 -1.002454910292e-06
117.600000000 -2.478780664210e-09
117.610000000 -1.002502651036e-06
117.620000000 -2.526521408773e-09
117.630000000 -1.002550391781e-06
117.640000000 -2.574262153335e-09
117.650000000 -1.002598132526e-06
117.660000000 -2.622002897899e-09
117.670000000 -1.002645873270e-06
117.680000000 -2.669743642462e-09
117.690000000 -1.002693614015e-06
117.700000000 -2.717484387024e-09
117.710000000 -1.002741354759e-06
117.720000000 -2.765225131587e-09
117.730000000 -1.002789095504e-06
117.740000000 -2.812965876150e-09
117.750000000 -1.002836836248e-06
117.760000000 -2.860706620713e-09
117.770000000 -1.002884576993e-06
117.780000000 -2.908447365276e-09
117.790000000 -2.932317737558e-09
117.800000000 -2.956188109839e-09
117.810000000 -2.980058482121e-09
117.820000000 -3.003928854402e-09
117.830000000 -3.027799226684e-09
117.840000000 -3.051669598965e-09
117.850000000 -3.075539971247e-09
117.860000000 -3.099410343528e-09
117.870000000 -3.123280715810e-09
117.880000000 -3.147151088091e-09
117.890000000 9.968289785396e-07
117.900000000 -3.194891832654e-09
117.910000000 9.967812377951e-07
117.920000000 -3.242632577217e-09
117.930000000 9.967334970505e-07
117.940000000 -3.290373321780e-09
117.950000000 9.966857563059e-07
117.960000000 -3.338114066343e-09
117.970000000 9.966380155614e-07
117.980000000 -3.385854810906e-09
117.990000000 9.965902748168e-07
118.000000000 -3.433595555469e-09
118.010000000 9.965425340722e-07
118.020000000 -3.481336300032e-09
118.030000000 -3.505206672314e-09
118.040000000 -3.529077044595e-09
118.050000000 -3.552947416877e-09
118.060000000 -3.576817789158e-09
118.070000000 -3.600688161440e-09
118.080000000 -3.624558533721e-09
118.090000000 -3.648428906003e-09
118.100000000 -3.672299278284e-09
118.110000000 -3.696169650566e-09
118.120000000 -3.720040022847e-09
118.130000000 -3.743910395129e-09
118.140000000 -3.767780767410e-09
118.150000000 -3.791651139692e-09
118.160000000 -3.815521511973e-09
118.170000000 -3.839391884255e-09
118.180000000 -3.863262256536e-09
118.190000000 -3.887132628818e-09
118.200000000 -3.911003001099e-09
118.210000000 -3.934873373380e-09
118.220000000 -3.958743745662e-09
118.230000000 -3.982614117943e-09
118.240000000 -4.006484490225e-09
118.250000000 -4.030354862506e-09
118.260000000 -4.054225234788e-09
118.270000000 -4.078095607069e-09
118.280000000 -4.101965979351e-09
118.290000000 -1.004125836352e-06
118.300000000 -4.149706723914e-09
118.310000000 -1.004173577096e-06
118.320000000 -4.197447468477e-09
118.330000000 -1.004221317841e-06
118.340000000 -4.245188213040e-09
118.350000000 -1.004269058585e-06
118.360000000 -4.292928957603e-09
118.370000000 -1.004316799330e-06
118.380000000 -4.340669702166e-09
118.390000000 -1.004364540074e-06
118.400000000 -4.388410446729e-09
118.410000000 -1.004412280819e-06
118.420000000 -4.436151191292e-09
118.430000000 -1.004460021564e-06
118.440000000 -4.483891935855e-09
118.450000000 -1.004507762308e-06
118.460000000 -4.531632680418e-09
118.470000000 -1.004555503053e-06
118.480000000 -4.579373424981e-09
118.490000000 -1.004603243797e-06
118.500000000 -4.627114169544e-09
118.510000000 -1.004650984542e-06
118.520000000 -4.674854914107e-09
118.530000000 -1.004698725286e-06
118.540000000 -4.722595658670e-09
118.550000000 -4.746466030951e-09
118.560000000 -4.770336403233e-09
118.570000000 -4.794206775514e-09
118.580000000 -4.818077147796e-09
118.590000000 -4.841947520077e-09
118.600000000 -4.865817892359e-09
118.610000000 -4.889688264640e-09
118.620000000 -4.913558636922e-09
118.630000000 -4.937429009203e-09
118.640000000 -4.961299381485e-09
118.650000000 -4.985169753766e-09
118.660000000 -5.009040126048e-09
118.670000000 -5.032910498329e-09
118.680000000 -5.056780870611e-09
118.690000000 -5.080651242892e-09
118.700000000 -5.104521615174e-09
118.710000000 -5.128391987455e-09
118.720000000 -5.152262359737e-09
118.730000000 -5.176132732018e-09
118.740000000 -5.200003104300e-09
118.750000000 -5.223873476581e-09
118.760000000 -5.247743848863e-09
118.770000000 9.947283857789e-07
118.780000000 -5.295484593426e-09
118.790000000 9.946806450343e-07
118.800000000 -5.343225337988e-09
118.810000000 9.946329042897e-07
118.820000000 -5.390966082551e-09
118.830000000 9.945851635452e-07
118.840000000 -5.438706827114e-09
118.850000000 9.945374228006e-07
118.860000000 -5.486447571677e-09
118.870000000 9.944896820560e-07
118.880000000 -5.534188316240e-09
118.890000000 9.944419413115e-07
118.900000000 -5.581929060803e-09
118.910000000 9.943942005669e-07
118.920000000 -5.629669805366e-09
118.930000000 9.943464598224e-07
118.940000000 -5.677410549929e-09
118.950000000 9.942987190778e-07
118.960000000 -5.725151294492e-09
118.970000000 9.942509783332e-07
118.980000000 -5.772892039055e-09
118.990000000 9.942032375887e-07
119.000000000 -5.820632783618e-09
119.010000000 9.941554968441e-07
119.020000000 -5.868373528181e-09
119.030000000 -5.892243900463e-09
119.040000000 -5.916114272744e-09
119.050000000 -5.939984645026e-09
119.060000000 -5.963855017307e-09
119.070000000 -5.987725389589e-09
119.080000000 -6.011595761870e-09
119.090000000 -6.035466134152e-09
119.100000000 -6.059336506433e-09
119.110000000 -6.083206878715e-09
119.120000000 -6.107077250996e-09
119.130000000 -6.130947623278e-09
119.140000000 -6.154817995559e-09
119.150000000 -6.178688367841e-09
119.160000000 -6.202558740122e-09
119.170000000 9.937735708876e-07
119.180000000 -6.250299484685e-09
119.190000000 9.937258301430e-07
119.200000000 -6.298040229248e-09
119.210000000 9.936780893985e-07
119.220000000 -6.345780973811e-09
119.230000000 9.936303486539e-07
119.240000000 -6.393521718374e-09
119.250000000 -6.417392090656e-09
119.260000000 -6.441262462937e-09
119.270000000 -6.465132835219e-09
119.280000000 -6.489003207500e-09
119.290000000 -6.512873579782e-09
119.300000000 -6.536743952063e-09
119.310000000 -6.560614324345e-09
119.320000000 -6.584484696626e-09
119.330000000 -6.608355068908e-09
119.340000000 -6.632225441189e-09
119.350000000 -6.656095813470e-09
119.360000000 -6.679966185752e-09
119.370000000 -6.703836558033e-09
119.380000000 -6.727706930315e-09
119.390000000 -6.751577302596e-09
119.400000000 -6.775447674878e-09
119.410000000 -6.799318047159e-09
119.420000000 -6.823188419441e-09
119.430000000 -6.847058791722e-09
119.440000000 -6.870929164004e-09
119.450000000 -6.894799536285e-09
119.460000000 -6.918669908567e-09
119.470000000 -6.942540280848e-09
119.480000000 -6.966410653130e-09
119.490000000 -6.990281025411e-09
119.500000000 -7.014151397693e-09
119.510000000 -7.038021769974e-09
119.520000000 -7.061892142256e-09
119.530000000 -7.085762514537e-09
119.540000000 -7.109632886819e-09
119.550000000 -7.133503259100e-09
119.560000000 -7.157373631382e-09
119.570000000 -7.181244003663e-09
119.580000000 -7.205114375945e-09
119.590000000 -7.228984748226e-09
119.600000000 -7.252855120508e-09
119.610000000 -7.276725492789e-09
119.620000000 -7.300595865071e-09
119.630000000 -7.324466237352e-09
119.640000000 -7.348336609634e-09
119.650000000 -7.372206981915e-09
119.660000000 -7.396077354197e-09
119.670000000 -7.419947726478e-09
119.680000000 -7.443818098760e-09
119.690000000 -7.467688471041e-09
119.700000000 -7.491558843323e-09
119.710000000 -7.515429215604e-09
119.720000000 -7.539299587886e-09
119.730000000 -7.563169960167e-09
119.740000000 -7.587040332449e-09
119.750000000 -7.610910704730e-09
119.760000000 -7.634781077012e-09
119.770000000 -7.658651449293e-09
119.780000000 -7.682521821575e-09
119.790000000 -7.706392193856e-09
119.800000000 -7.730262566138e-09
119.810000000 -7.754132938419e-09
119.820000000 -7.778003310701e-09
119.830000000 -7.801873682982e-09
119.840000000 -7.825744055264e-09
119.850000000 -1.007849614428e-06
119.860000000 -7.873484799827e-09
119.870000000 -1.007897355172e-06
119.880000000 -7.921225544389e-09
119.890000000 -7.945095916671e-09
119.900000000 -7.968966288952e-09
119.910000000 -7.992836661234e-09
119.920000000 -8.016707033516e-09
119.930000000 -8.040577405797e-09
119.940000000 -8.064447778078e-09
119.950000000 -8.088318150360e-09
119.960000000 -8.112188522641e-09
119.970000000 -8.136058894923e-09
119.980000000 -8.159929267204e-09
119.990000000 -8.183799639486e-09
120.000000000 -8.207670011767e-09
120.010000000 -8.231540384049e-09
120.020000000 -8.255410756330e-09
120.030000000 -8.279281128612e-09
120.040000000 -8.303151500893e-09
120.050000000 -8.327021873175e-09
120.060000000 -8.350892245456e-09
120.070000000 -8.374762617738e-09
120.080000000 -8.398632990019e-09
120.090000000 -8.422503362301e-09
120.100000000 -8.446373734582e-09
120.110000000 -8.470244106864e-09
120.120000000 -8.494114479145e-09
120.130000000 -8.517984851427e-09
120.140000000 -8.541855223708e-09
120.150000000 -8.565725595990e-09
120.160000000 -8.589595968271e-09
120.170000000 -8.613466340553e-09
120.180000000 -8.637336712834e-09
120.190000000 -8.661207085116e-09
120.200000000 -8.685077457397e-09
120.210000000 -8.708947829679e-09
120.220000000 -8.732818201960e-09
120.230000000 -8.756688574242e-09
120.240000000 -8.780558946523e-09
120.250000000 -8.804429318805e-09
120.260000000 -8.828299691086e-09
120.270000000 -8.852170063368e-09
120.280000000 -8.876040435649e-09
120.290000000 -8.899910807931e-09
120.300000000 -8.923781180212e-09
120.310000000 -8.947651552494e-09
120.320000000 -8.971521924775e-09
120.330000000 -8.995392297057e-09
120.340000000 -9.019262669338e-09
120.350000000 -9.043133041620e-09
120.360000000 -9.067003413901e-09
120.370000000 -9.090873786183e-09
120.380000000 -9.114744158464e-09
120.390000000 -9.138614530746e-09
120.400000000 -9.162484903027e-09
120.410000000 -9.186355275309e-09
120.420000000 -9.210225647590e-09
120.430000000 -1.009234096020e-06
120.440000000 -9.257966392153e-09
120.450000000 -1.009281836764e-06
120.460000000 -9.305707136716e-09
120.470000000 -1.009329577509e-06
120.480000000 -9.353447881279e-09
120.490000000 -1.009377318254e-06
120.500000000 -9.401188625842e-09
120.510000000 -1.009425058998e-06
120.520000000 -9.448929370405e-09
120.530000000 -1.009472799743e-06
120.540000000 -9.496670114968e-09
120.550000000 -1.009520540487e-06
120.560000000 -9.544410859531e-09
120.570000000 -1.009568281232e-06
120.580000000 -9.592151604094e-09
120.590000000 -1.009616021976e-06
120.600000000 -9.639892348657e-09
120.610000000 -1.009663762721e-06
120.620000000 -9.687633093220e-09
120.630000000 -1.009711503466e-06
120.640000000 -9.735373837783e-09
120.650000000 -1.009759244210e-06
120.660000000 -9.783114582346e-09
120.670000000 -1.009806984955e-06
120.680000000 -9.830855326909e-09
120.690000000 -1.009854725699e-06
120.700000000 -9.878596071472e-09
120.710000000 -1.009902466444e-06
120.720000000 -9.926336816035e-09
120.730000000 -9.950207188316e-09
120.740000000 -9.974077560598e-09
120.750000000 -9.997947932879e-09
120.760000000 -1.002181830516e-08
120.770000000 -1.004568867744e-08
120.780000000 -1.006955904972e-08
120.790000000 -1.009342942201e-08
120.800000000 -1.011729979429e-08
120.810000000 -1.014117016657e-08
120.820000000 -1.016504053885e-08
120.830000000 -1.018891091113e-08
120.840000000 -1.021278128341e-08
120.850000000 -1.023665165569e-08
120.860000000 -1.026052202798e-08
120.870000000 -1.028439240026e-08
120.880000000 -1.030826277254e-08
120.890000000 -1.033213314482e-08
120.900000000 -1.035600351710e-08
120.910000000 -1.037987388938e-08
120.920000000 -1.040374426166e-08
120.930000000 -1.042761463395e-08
120.940000000 -1.045148500623e-08
120.950000000 -1.047535537851e-08
120.960000000 -1.049922575079e-08
120.970000000 -1.052309612307e-08
120.980000000 -1.054696649535e-08
120.990000000 -1.057083686764e-08
121.000000000 -1.059470723992e-08
121.010000000 -1.061857761220e-08
121.020000000 -1.064244798448e-08
121.030000000 -1.066631835676e-08
121.040000000 -1.069018872904e-08
121.050000000 -1.071405910132e-08
121.060000000 -1.073792947361e-08
121.070000000 -1.076179984589e-08
121.080000000 -1.078567021817e-08
121.090000000 -1.080954059045e-08
121.100000000 -1.083341096273e-08
121.110000000 -1.085728133501e-08
121.120000000 -1.088115170729e-08
121.130000000 -1.090502207958e-08
121.140000000 -1.092889245186e-08
121.150000000 -1.095276282414e-08
121.160000000 -1.097663319642e-08
121.170000000 -1.100050356870e-08
121.180000000 -1.102437394098e-08
121.190000000 -1.104824431326e-08
121.200000000 -1.107211468555e-08
121.210000000 -1.109598505783e-08
121.220000000 -1.111985543011e-08
121.230000000 -1.114372580239e-08
121.240000000 -1.116759617467e-08
121.250000000 -1.119146654695e-08
121.260000000 -1.121533691924e-08
121.270000000 -1.123920729152e-08
121.280000000 -1.126307766380e-08
121.290000000 -1.128694803608e-08
121.300000000 -1.131081840836e-08
121.310000000 -1.133468878064e-08
121.320000000 -1.135855915292e-08
121.330000000 -1.138242952521e-08
121.340000000 -1.140629989749e-08
121.350000000 -1.143017026977e-08
121.360000000 -1.145404064205e-08
121.370000000 -1.147791101433e-08
121.380000000 -1.150178138661e-08
121.390000000 -1.152565175889e-08
121.400000000 -1.154952213118e-08
121.410000000 -1.157339250346e-08
121.420000000 -1.159726287574e-08
121.430000000 -1.162113324802e-08
121.440000000 -1.164500362030e-08
121.450000000 -1.166887399258e-08
121.460000000 -1.169274436487e-08
121.470000000 -1.171661473715e-08
121.480000000 -1.174048510943e-08
121.490000000 -1.176435548171e-08
121.500000000 -1.178822585399e-08
121.510000000 -1.181209622627e-08
121.520000000 -1.183596659855e-08
121.530000000 -1.185983697084e-08
121.540000000 -1.188370734312e-08
121.550000000 -1.190757771540e-08
121.560000000 -1.193144808768e-08
121.570000000 -1.195531845996e-08
121.580000000 -1.197918883224e-08
121.590000000 -1.200305920452e-08
121.600000000 -1.202692957681e-08
121.610000000 -1.205079994909e-08
121.620000000 -1.207467032137e-08
121.630000000 9.879014593063e-07
121.640000000 -1.212241106593e-08
121.650000000 9.878537185618e-07
121.660000000 -1.217015181049e-08
121.670000000 9.878059778172e-07
121.680000000 -1.221789255506e-08
121.690000000 9.877582370727e-07
121.700000000 -1.226563329962e-08
121.710000000 1.987710496328e-06
121.720000000 -1.231337404418e-08
121.730000000 1.987662755584e-06
121.740000000 -1.236111478875e-08
121.750000000 1.987615014839e-06
121.760000000 -1.240885553331e-08
121.770000000 1.987567274094e-06
121.780000000 -1.245659627787e-08
121.790000000 1.987519533350e-06
121.800000000 -1.250433702244e-08
121.810000000 1.987471792605e-06
121.820000000 -1.255207776700e-08
121.830000000 1.987424051861e-06
121.840000000 -1.259981851156e-08
121.850000000 1.987376311116e-06
121.860000000 -1.264755925612e-08
121.870000000 1.987328570372e-06
121.880000000 -1.269530000069e-08
121.890000000 1.987280829627e-06
121.900000000 -1.274304074525e-08
121.910000000 9.872330888825e-07
121.920000000 -1.279078148981e-08
121.930000000 9.871853481379e-07
121.940000000 -1.283852223438e-08
121.950000000 9.871376073933e-07
121.960000000 -1.288626297894e-08
121.970000000 9.870898666488e-07
121.980000000 -1.293400372350e-08
121.990000000 9.870421259042e-07
122.000000000 -1.298174446807e-08
122.010000000 9.869943851597e-07
122.020000000 -1.302948521263e-08
122.030000000 9.869466444151e-07
122.040000000 -1.307722595719e-08
122.050000000 9.868989036705e-07
122.060000000 -1.312496670175e-08
122.070000000 -1.314883707404e-08
122.080000000 -1.317270744632e-08
122.090000000 -1.319657781860e-08
122.100000000 -1.322044819088e-08
122.110000000 -1.324431856316e-08
122.120000000 -1.326818893544e-08
122.130000000 -1.329205930772e-08
122.140000000 -1.331592968001e-08
122.150000000 -1.333980005229e-08
122.160000000 -1.336367042457e-08
122.170000000 -1.013387540797e-06
122.180000000 -1.341141116913e-08
122.190000000 -1.013435281541e-06
122.200000000 -1.345915191370e-08
122.210000000 -1.013483022286e-06
122.220000000 -1.350689265826e-08
122.230000000 -1.013530763031e-06
122.240000000 -1.355463340282e-08
122.250000000 -1.013578503775e-06
122.260000000 -1.360237414738e-08
122.270000000 -1.013626244520e-06
122.280000000 -1.365011489195e-08
122.290000000 -1.013673985264e-06
122.300000000 -1.369785563651e-08
122.310000000 -1.013721726009e-06
122.320000000 -1.374559638107e-08
122.330000000 -1.013769466753e-06
122.340000000 -1.379333712564e-08
122.350000000 -1.013817207498e-06
122.360000000 -1.384107787020e-08
122.370000000 -1.013864948242e-06
122.380000000 -1.388881861476e-08
122.390000000 -1.013912688987e-06
122.400000000 -1.393655935933e-08
122.410000000 -1.013960429732e-06
122.420000000 -1.398430010389e-08
122.430000000 -1.400817047617e-08
122.440000000 -1.403204084845e-08
122.450000000 -1.405591122073e-08
122.460000000 -1.407978159301e-08
122.470000000 -1.410365196530e-08
122.480000000 -1.412752233758e-08
122.490000000 -1.415139270986e-08
122.500000000 -1.417526308214e-08
122.510000000 -1.419913345442e-08
122.520000000 -1.422300382670e-08
122.530000000 -1.424687419898e-08
122.540000000 -1.427074457127e-08
122.550000000 -1.429461494355e-08
122.560000000 -1.431848531583e-08
122.570000000 -1.434235568811e-08
122.580000000 -1.436622606039e-08
122.590000000 -1.439009643267e-08
122.600000000 -1.441396680496e-08
122.610000000 -1.443783717724e-08
122.620000000 -1.446170754952e-08
122.630000000 -1.448557792180e-08
122.640000000 -1.450944829408e-08
122.650000000 -1.453331866636e-08
122.660000000 -1.455718903864e-08
122.670000000 -1.458105941093e-08
122.680000000 -1.460492978321e-08
122.690000000 -1.462880015549e-08
122.700000000 -1.465267052777e-08
122.710000000 -1.467654090005e-08
122.720000000 -1.470041127233e-08
122.730000000 -1.014724281645e-06
122.740000000 -1.474815201690e-08
122.750000000 -1.014772022389e-06
122.760000000 -1.479589276146e-08
122.770000000 -1.014819763134e-06
122.780000000 -1.484363350602e-08
122.790000000 -1.014867503878e-06
122.800000000 -1.489137425058e-08
122.810000000 -2.014915244623e-06
122.820000000 -1.493911499515e-08
122.830000000 -2.014962985367e-06
122.840000000 -1.498685573971e-08
122.850000000 -2.015010726112e-06
122.860000000 -1.503459648427e-08
122.870000000 -2.015058466857e-06
122.880000000 -1.508233722884e-08
122.890000000 -2.015106207601e-06
122.900000000 -1.513007797340e-08
122.910000000 -3.015153948346e-06
122.920000000 -1.517781871796e-08
122.930000000 -3.015201689090e-06
122.940000000 -1.522555946253e-08
122.950000000 -3.015249429835e-06
122.960000000 -1.527330020709e-08
122.970000000 -3.015297170579e-06
122.980000000 -1.532104095165e-08
122.990000000 -3.015344911324e-06
123.000000000 -1.536878169621e-08
123.010000000 -3.015392652068e-06
123.020000000 -1.541652244078e-08
123.030000000 -3.015440392813e-06
123.040000000 -1.546426318534e-08
123.050000000 -3.015488133558e-06
123.060000000 -1.551200392990e-08
123.070000000 -2.015535874302e-06
123.080000000 -1.555974467447e-08
123.090000000 -2.015583615047e-06
123.100000000 -1.560748541903e-08
123.110000000 -2.015631355791e-06
123.120000000 -1.565522616359e-08
123.130000000 -1.015679096536e-06
123.140000000 -1.570296690816e-08
123.150000000 -1.015726837280e-06
123.160000000 -1.575070765272e-08
123.170000000 -1.577457802500e-08
123.180000000 -1.579844839728e-08
123.190000000 -1.582231876956e-08
123.200000000 -1.584618914184e-08
123.210000000 -1.587005951413e-08
123.220000000 -1.589392988641e-08
123.230000000 9.840821997413e-07
123.240000000 -1.594167063097e-08
123.250000000 9.840344589967e-07
123.260000000 -1.598941137553e-08
123.270000000 9.839867182522e-07
123.280000000 -1.603715212010e-08
123.290000000 9.839389775076e-07
123.300000000 -1.608489286466e-08
123.310000000 9.838912367631e-07
123.320000000 -1.613263360922e-08
123.330000000 9.838434960185e-07
123.340000000 -1.618037435379e-08
123.350000000 9.837957552739e-07
123.360000000 -1.622811509835e-08
123.370000000 1.983748014529e-06
123.380000000 -1.627585584291e-08
123.390000000 1.983700273785e-06
123.400000000 -1.632359658747e-08
123.410000000 1.983652533040e-06
123.420000000 -1.637133733204e-08
123.430000000 1.983604792296e-06
123.440000000 -1.641907807660e-08
123.450000000 1.983557051551e-06
123.460000000 -1.646681882116e-08
123.470000000 1.983509310807e-06
123.480000000 -1.651455956573e-08
123.490000000 1.983461570062e-06
123.500000000 -1.656230031029e-08
123.510000000 1.983413829317e-06
123.520000000 -1.661004105485e-08
123.530000000 1.983366088573e-06
123.540000000 -1.665778179942e-08
123.550000000 1.983318347828e-06
123.560000000 -1.670552254398e-08
123.570000000 1.983270607084e-06
123.580000000 -1.675326328854e-08
123.590000000 1.983222866339e-06
123.600000000 -1.680100403310e-08
123.610000000 9.831751255946e-07
123.620000000 -1.684874477767e-08
123.630000000 9.831273848501e-07
123.640000000 -1.689648552223e-08
123.650000000 -1.692035589451e-08
123.660000000 -1.694422626679e-08
123.670000000 -1.696809663907e-08
123.680000000 -1.699196701136e-08
123.690000000 -1.701583738364e-08
123.700000000 -1.703970775592e-08
123.710000000 -1.706357812820e-08
123.720000000 -1.708744850048e-08
123.730000000 -1.711131887276e-08
123.740000000 -1.713518924505e-08
123.750000000 -1.715905961733e-08
123.760000000 -1.718292998961e-08
123.770000000 -1.720680036189e-08
123.780000000 -1.723067073417e-08
123.790000000 -1.725454110645e-08
123.800000000 -1.727841147873e-08
123.810000000 -1.730228185102e-08
123.820000000 -1.732615222330e-08
123.830000000 -1.735002259558e-08
123.840000000 -1.737389296786e-08
123.850000000 -1.739776334014e-08
123.860000000 -1.742163371242e-08
123.870000000 -1.744550408470e-08
123.880000000 -1.746937445699e-08
123.890000000 -1.749324482927e-08
123.900000000 -1.751711520155e-08
123.910000000 -1.754098557383e-08
123.920000000 -1.756485594611e-08
123.930000000 -1.758872631839e-08
123.940000000 -1.761259669067e-08
123.950000000 -1.017636467063e-06
123.960000000 -1.766033743524e-08
123.970000000 -1.017684207808e-06
123.980000000 -1.770807817980e-08
123.990000000 -1.017731948552e-06
124.000000000 -1.775581892436e-08
124.010000000 -1.017779689297e-06
124.020000000 -1.780355966893e-08
124.030000000 -1.017827430041e-06
124.040000000 -1.785130041349e-08
124.050000000 -1.787517078577e-08
124.060000000 -1.789904115805e-08
124.070000000 -1.792291153033e-08
124.080000000 -1.794678190262e-08
124.090000000 -1.797065227490e-08
124.100000000 -1.799452264718e-08
124.110000000 9.819816069805e-07
124.120000000 -1.804226339174e-08
124.130000000 9.819338662360e-07
124.140000000 -1.809000413630e-08
124.150000000 9.818861254914e-07
124.160000000 -1.813774488087e-08
124.170000000 9.818383847469e-07
124.180000000 -1.818548562543e-08
124.190000000 9.817906440023e-07
124.200000000 -1.823322636999e-08
124.210000000 9.817429032577e-07
124.220000000 -1.828096711456e-08
124.230000000 9.816951625132e-07
124.240000000 -1.832870785912e-08
124.250000000 9.816474217686e-07
124.260000000 -1.837644860368e-08
124.270000000 9.815996810240e-07
124.280000000 -1.842418934825e-08
124.290000000 9.815519402795e-07
124.300000000 -1.847193009281e-08
124.310000000 9.815041995349e-07
124.320000000 -1.851967083737e-08
124.330000000 9.814564587903e-07
124.340000000 -1.856741158193e-08
124.350000000 9.814087180458e-07
124.360000000 -1.861515232650e-08
124.370000000 9.813609773012e-07
124.380000000 -1.866289307106e-08
124.390000000 9.813132365567e-07
124.400000000 -1.871063381562e-08
124.410000000 9.812654958121e-07
124.420000000 -1.875837456019e-08
124.430000000 9.812177550675e-07
124.440000000 -1.880611530475e-08
124.450000000 9.811700143230e-07
124.460000000 -1.885385604931e-08
124.470000000 9.811222735784e-07
124.480000000 -1.890159679388e-08
124.490000000 -1.892546716616e-08
124.500000000 -1.894933753844e-08
124.510000000 -1.897320791072e-08
124.520000000 -1.899707828300e-08
124.530000000 -1.019020948655e-06
124.540000000 -1.904481902756e-08
124.550000000 -1.019068689400e-06
124.560000000 -1.909255977213e-08
124.570000000 -2.019116430144e-06
124.580000000 -1.914030051669e-08
124.590000000 -2.019164170889e-06
124.600000000 -1.918804126125e-08
124.610000000 -3.019211911634e-06
124.620000000 -1.923578200582e-08
124.630000000 -3.019259652378e-06
124.640000000 -1.928352275038e-08
124.650000000 -3.019307393123e-06
124.660000000 -1.933126349494e-08
124.670000000 -3.019355133867e-06
124.680000000 -1.937900423951e-08
124.690000000 -3.019402874612e-06
124.700000000 -1.942674498407e-08
124.710000000 -2.019450615356e-06
124.720000000 -1.947448572863e-08
124.730000000 -2.019498356101e-06
124.740000000 -1.952222647319e-08
124.750000000 -2.019546096845e-06
124.760000000 -1.956996721776e-08
124.770000000 -2.019593837590e-06
124.780000000 -1.961770796232e-08
124.790000000 -2.019641578335e-06
124.800000000 -1.966544870688e-08
124.810000000 -1.019689319079e-06
124.820000000 -1.971318945145e-08
124.830000000 -1.019737059824e-06
124.840000000 -1.976093019601e-08
124.850000000 -1.019784800568e-06
124.860000000 -1.980867094057e-08
124.870000000 -1.019832541313e-06
124.880000000 -1.985641168514e-08
124.890000000 -1.019880282057e-06
124.900000000 -1.990415242970e-08
124.910000000 -1.019928022802e-06
124.920000000 -1.995189317426e-08
124.930000000 -1.019975763547e-06
124.940000000 -1.999963391882e-08
124.950000000 -1.020023504291e-06
124.960000000 -2.004737466339e-08
124.970000000 -2.007124503567e-08
124.980000000 -2.009511540795e-08
124.990000000 -2.011898578023e-08
125.000000000 -2.014285615251e-08
125.010000000 -2.016672652479e-08
125.020000000 -2.019059689708e-08
125.030000000 -2.021446726936e-08
125.040000000 -2.023833764164e-08
125.050000000 -2.026220801392e-08
125.060000000 -2.028607838620e-08
125.070000000 -2.030994875848e-08
125.080000000 -2.033381913076e-08
125.090000000 -2.035768950305e-08
125.100000000 -2.038155987533e-08
125.110000000 9.795945697524e-07
125.120000000 -2.042930061989e-08
125.130000000 9.795468290078e-07
125.140000000 -2.047704136445e-08
125.150000000 9.794990882633e-07
125.160000000 -2.052478210902e-08
125.170000000 9.794513475187e-07
125.180000000 -2.057252285358e-08
125.190000000 9.794036067741e-07
125.200000000 -2.062026359814e-08
125.210000000 9.793558660296e-07
125.220000000 -2.066800434271e-08
125.230000000 9.793081252850e-07
125.240000000 -2.071574508727e-08
125.250000000 -2.073961545955e-08
125.260000000 -2.076348583183e-08
125.270000000 -2.078735620411e-08
125.280000000 -2.081122657639e-08
125.290000000 -2.083509694868e-08
125.300000000 -2.085896732096e-08
125.310000000 -1.020882837693e-06
125.320000000 -2.090670806552e-08
125.330000000 -1.020930578438e-06
125.340000000 -2.095444881008e-08
125.350000000 -1.020978319182e-06
125.360000000 -2.100218955465e-08
125.370000000 -1.021026059927e-06
125.380000000 -2.104993029921e-08
125.390000000 -1.021073800671e-06
125.400000000 -2.109767104377e-08
125.410000000 -1.021121541416e-06
125.420000000 -2.114541178834e-08
125.430000000 -2.021169282161e-06
125.440000000 -2.119315253290e-08
125.450000000 -2.021217022905e-06
125.460000000 -2.124089327746e-08
125.470000000 -2.021264763650e-06
125.480000000 -2.128863402202e-08
125.490000000 -2.021312504394e-06
125.500000000 -2.133637476659e-08
125.510000000 -1.021360245139e-06
125.520000000 -2.138411551115e-08
125.530000000 -1.021407985883e-06
125.540000000 -2.143185625571e-08
125.550000000 -1.021455726628e-06
125.560000000 -2.147959700028e-08
125.570000000 -1.021503467373e-06
125.580000000 -2.152733774484e-08
125.590000000 -1.021551208117e-06
125.600000000 -2.157507848940e-08
125.610000000 -1.021598948862e-06
125.620000000 -2.162281923397e-08
125.630000000 -1.021646689606e-06
125.640000000 -2.167055997853e-08
125.650000000 -2.169443035081e-08
125.660000000 -2.171830072309e-08
125.670000000 -2.174217109537e-08
125.680000000 -2.176604146765e-08
125.690000000 -2.178991183994e-08
125.700000000 -2.181378221222e-08
125.710000000 -2.183765258450e-08
125.720000000 -2.186152295678e-08
125.730000000 -2.188539332906e-08
125.740000000 -2.190926370134e-08
125.750000000 9.780668659264e-07
125.760000000 -2.195700444591e-08
125.770000000 9.780191251818e-07
125.780000000 -2.200474519047e-08
125.790000000 9.779713844372e-07
125.800000000 -2.205248593503e-08
125.810000000 1.977923643693e-06
125.820000000 -2.210022667960e-08
125.830000000 1.977875902948e-06
125.840000000 -2.214796742416e-08
125.850000000 1.977828162204e-06
125.860000000 -2.219570816872e-08
125.870000000 1.977780421459e-06
125.880000000 -2.224344891328e-08
125.890000000 2.977732680714e-06
125.900000000 -2.229118965785e-08
125.910000000 2.977684939970e-06
125.920000000 -2.233893040241e-08
125.930000000 2.977637199225e-06
125.940000000 -2.238667114697e-08
125.950000000 2.977589458481e-06
125.960000000 -2.243441189154e-08
125.970000000 2.977541717736e-06
125.980000000 -2.248215263610e-08
125.990000000 1.977493976992e-06
126.000000000 -2.252989338066e-08
126.010000000 1.977446236247e-06
126.020000000 -2.257763412523e-08
126.030000000 1.977398495502e-06
126.040000000 -2.262537486979e-08
126.050000000 1.977350754758e-06
126.060000000 -2.267311561435e-08
126.070000000 1.977303014013e-06
126.080000000 -2.272085635891e-08
126.090000000 9.772552732688e-07
126.100000000 -2.276859710348e-08
126.110000000 9.772075325242e-07
126.120000000 -2.281633784804e-08
126.130000000 9.771597917797e-07
126.140000000 -2.286407859260e-08
126.150000000 9.771120510351e-07
126.160000000 -2.291181933717e-08
126.170000000 9.770643102906e-07
126.180000000 -2.295956008173e-08
126.190000000 9.770165695460e-07
126.200000000 -2.300730082629e-08
126.210000000 -2.303117119857e-08
126.220000000 -2.305504157085e-08
126.230000000 -2.307891194314e-08
126.240000000 -2.310278231542e-08
126.250000000 -2.312665268770e-08
126.260000000 -2.315052305998e-08
126.270000000 -1.023174393432e-06
126.280000000 -2.319826380454e-08
126.290000000 -1.023222134177e-06
126.300000000 -2.324600454911e-08
126.310000000 -1.023269874921e-06
126.320000000 -2.329374529367e-08
126.330000000 -2.023317615666e-06
126.340000000 -2.334148603823e-08
126.350000000 -2.023365356411e-06
126.360000000 -2.338922678280e-08
126.370000000 -2.023413097155e-06
126.380000000 -2.343696752736e-08
126.390000000 -2.023460837900e-06
126.400000000 -2.348470827192e-08
126.410000000 -2.023508578644e-06
126.420000000 -2.353244901648e-08
126.430000000 -2.023556319389e-06
126.440000000 -2.358018976105e-08
126.450000000 -2.023604060133e-06
126.460000000 -2.362793050561e-08
126.470000000 -2.023651800878e-06
126.480000000 -2.367567125017e-08
126.490000000 -2.023699541622e-06
126.500000000 -2.372341199474e-08
126.510000000 -2.023747282367e-06
126.520000000 -2.377115273930e-08
126.530000000 -2.023795023112e-06
126.540000000 -2.381889348386e-08
126.550000000 -2.023842763856e-06
126.560000000 -2.386663422843e-08
126.570000000 -2.023890504601e-06
126.580000000 -2.391437497299e-08
126.590000000 -2.023938245345e-06
126.600000000 -2.396211571755e-08
126.610000000 -2.023985986090e-06
126.620000000 -2.400985646211e-08
126.630000000 -2.024033726834e-06
126.640000000 -2.405759720668e-08
126.650000000 -1.024081467579e-06
126.660000000 -2.410533795124e-08
126.670000000 -1.024129208324e-06
126.680000000 -2.415307869580e-08
126.690000000 -1.024176949068e-06
126.700000000 -2.420081944037e-08
126.710000000 -2.422468981265e-08
126.720000000 -2.424856018493e-08
126.730000000 -2.427243055721e-08
126.740000000 -2.429630092949e-08
126.750000000 9.756798286982e-07
126.760000000 -2.434404167406e-08
126.770000000 9.756320879537e-07
126.780000000 -2.439178241862e-08
126.790000000 9.755843472091e-07
126.800000000 -2.443952316318e-08
126.810000000 1.975536606465e-06
126.820000000 -2.448726390774e-08
126.830000000 1.975488865720e-06
126.840000000 -2.453500465231e-08
126.850000000 1.975441124975e-06
126.860000000 -2.458274539687e-08
126.870000000 2.975393384231e-06
126.880000000 -2.463048614143e-08
126.890000000 2.975345643486e-06
126.900000000 -2.467822688600e-08
126.910000000 2.975297902742e-06
126.920000000 -2.472596763056e-08
126.930000000 2.975250161997e-06
126.940000000 -2.477370837512e-08
126.950000000 2.975202421253e-06
126.960000000 -2.482144911969e-08
126.970000000 2.975154680508e-06
126.980000000 -2.486918986425e-08
126.990000000 2.975106939763e-06
127.000000000 -2.491693060881e-08
127.010000000 2.975059199019e-06
127.020000000 -2.496467135337e-08
127.030000000 2.975011458274e-06
127.040000000 -2.501241209794e-08
127.050000000 2.974963717530e-06
127.060000000 -2.506015284250e-08
127.070000000 2.974915976785e-06
127.080000000 -2.510789358706e-08
127.090000000 2.974868236041e-06
127.100000000 -2.515563433163e-08
127.110000000 2.974820495296e-06
127.120000000 -2.520337507619e-08
127.130000000 2.974772754552e-06
127.140000000 -2.525111582075e-08
127.150000000 1.974725013807e-06
127.160000000 -2.529885656532e-08
127.170000000 1.974677273062e-06
127.180000000 -2.534659730988e-08
127.190000000 9.746295323178e-07
127.200000000 -2.539433805444e-08
127.210000000 9.745817915733e-07
127.220000000 -2.544207879900e-08
127.230000000 -2.546594917129e-08
127.240000000 -2.548981954357e-08
127.250000000 -2.551368991585e-08
127.260000000 -2.553756028813e-08
127.270000000 -1.025561430660e-06
127.280000000 -2.558530103269e-08
127.290000000 -2.025609171405e-06
127.300000000 -2.563304177726e-08
127.310000000 -2.025656912150e-06
127.320000000 -2.568078252182e-08
127.330000000 -2.025704652894e-06
127.340000000 -2.572852326638e-08
127.350000000 -3.025752393639e-06
127.360000000 -2.577626401094e-08
127.370000000 -3.025800134383e-06
127.380000000 -2.582400475551e-08
127.390000000 -3.025847875128e-06
127.400000000 -2.587174550007e-08
127.410000000 -3.025895615872e-06
127.420000000 -2.591948624463e-08
127.430000000 -3.025943356617e-06
127.440000000 -2.596722698920e-08
127.450000000 -3.025991097361e-06
127.460000000 -2.601496773376e-08
127.470000000 -3.026038838106e-06
127.480000000 -2.606270847832e-08
127.490000000 -3.026086578851e-06
127.500000000 -2.611044922289e-08
127.510000000 -2.026134319595e-06
127.520000000 -2.615818996745e-08
127.530000000 -2.026182060340e-06
127.540000000 -2.620593071201e-08
127.550000000 -2.026229801084e-06
127.560000000 -2.625367145657e-08
127.570000000 -2.026277541829e-06
127.580000000 -2.630141220114e-08
127.590000000 -2.026325282573e-06
127.600000000 -2.634915294570e-08
127.610000000 -2.026373023318e-06
127.620000000 -2.639689369026e-08
127.630000000 -1.026420764063e-06
127.640000000 -2.644463443483e-08
127.650000000 -1.026468504807e-06
127.660000000 -2.649237517939e-08
127.670000000 -1.026516245552e-06
127.680000000 -2.654011592395e-08
127.690000000 -1.026563986296e-06
127.700000000 -2.658785666852e-08
127.710000000 -1.026611727041e-06
127.720000000 -2.663559741308e-08
127.730000000 -2.665946778536e-08
127.740000000 -2.668333815764e-08
127.750000000 -2.670720852992e-08
127.760000000 -2.673107890220e-08
127.770000000 9.732450507255e-07
127.780000000 -2.677881964677e-08
127.790000000 9.731973099810e-07
127.800000000 -2.682656039133e-08
127.810000000 9.731495692364e-07
127.820000000 -2.687430113589e-08
127.830000000 9.731018284918e-07
127.840000000 -2.692204188046e-08
127.850000000 9.730540877473e-07
127.860000000 -2.696978262502e-08
127.870000000 9.730063470027e-07
127.880000000 -2.701752336958e-08
127.890000000 -2.704139374186e-08
127.900000000 -2.706526411415e-08
127.910000000 -2.708913448643e-08
127.920000000 -2.711300485871e-08
127.930000000 -2.713687523099e-08
127.940000000 -2.716074560327e-08
127.950000000 -2.718461597555e-08
127.960000000 -2.720848634783e-08
127.970000000 -2.723235672012e-08
127.980000000 -2.725622709240e-08
127.990000000 -2.728009746468e-08
128.000000000 -2.730396783696e-08
128.010000000 -2.732783820924e-08
128.020000000 -2.735170858152e-08
128.030000000 -2.737557895380e-08
128.040000000 -2.739944932609e-08
128.050000000 -2.742331969837e-08
128.060000000 -2.744719007065e-08
128.070000000 -2.747106044293e-08
128.080000000 -2.749493081521e-08
128.090000000 -2.751880118749e-08
128.100000000 -2.754267155978e-08
128.110000000 -2.756654193206e-08
128.120000000 -2.759041230434e-08
128.130000000 -2.761428267662e-08
128.140000000 -2.763815304890e-08
128.150000000 -2.766202342118e-08
128.160000000 -2.768589379346e-08
128.170000000 -2.770976416575e-08
128.180000000 -2.773363453803e-08
128.190000000 -2.775750491031e-08
128.200000000 -2.778137528259e-08
128.210000000 -2.780524565487e-08
128.220000000 -2.782911602715e-08
128.230000000 -2.785298639943e-08
128.240000000 -2.787685677172e-08
128.250000000 -2.790072714400e-08
128.260000000 -2.792459751628e-08
128.270000000 -2.794846788856e-08
128.280000000 -2.797233826084e-08
128.290000000 -2.799620863312e-08
128.300000000 -2.802007900541e-08
128.310000000 -2.804394937769e-08
128.320000000 -2.806781974997e-08
128.330000000 -2.809169012225e-08
128.340000000 -2.811556049453e-08
128.350000000 -2.813943086681e-08
128.360000000 -2.816330123909e-08
128.370000000 9.718128283886e-07
128.380000000 -2.821104198366e-08
128.390000000 9.717650876441e-07
128.400000000 -2.825878272822e-08
128.410000000 9.717173468995e-07
128.420000000 -2.830652347278e-08
128.430000000 9.716696061549e-07
128.440000000 -2.835426421735e-08
128.450000000 9.716218654104e-07
128.460000000 -2.840200496191e-08
128.470000000 9.715741246658e-07
128.480000000 -2.844974570647e-08
128.490000000 9.715263839212e-07
128.500000000 -2.849748645103e-08
128.510000000 9.714786431767e-07
128.520000000 -2.854522719560e-08
128.530000000 9.714309024321e-07
128.540000000 -2.859296794016e-08
128.550000000 9.713831616876e-07
128.560000000 -2.864070868472e-08
128.570000000 9.713354209430e-07
128.580000000 -2.868844942929e-08
128.590000000 9.712876801984e-07
128.600000000 -2.873619017385e-08
128.610000000 9.712399394539e-07
128.620000000 -2.878393091841e-08
128.630000000 9.711921987093e-07
128.640000000 -2.883167166298e-08
128.650000000 9.711444579647e-07
128.660000000 -2.887941240754e-08
128.670000000 9.710967172202e-07
128.680000000 -2.892715315210e-08
128.690000000 9.710489764756e-07
128.700000000 -2.897489389666e-08
128.710000000 9.710012357311e-07
128.720000000 -2.902263464123e-08
128.730000000 9.709534949865e-07
128.740000000 -2.907037538579e-08
128.750000000 9.709057542419e-07
128.760000000 -2.911811613035e-08
128.770000000 9.708580134974e-07
128.780000000 -2.916585687492e-08
128.790000000 9.708102727528e-07
128.800000000 -2.921359761948e-08
128.810000000 9.707625320082e-07
128.820000000 -2.926133836404e-08
128.830000000 9.707147912637e-07
128.840000000 -2.930907910861e-08
128.850000000 9.706670505191e-07
128.860000000 -2.935681985317e-08
128.870000000 9.706193097745e-07
128.880000000 -2.940456059773e-08
128.890000000 9.705715690300e-07
128.900000000 -2.945230134229e-08
128.910000000 9.705238282854e-07
128.920000000 -2.950004208686e-08
128.930000000 9.704760875409e-07
128.940000000 -2.954778283142e-08
128.950000000 9.704283467963e-07
128.960000000 -2.959552357598e-08
128.970000000 9.703806060517e-07
128.980000000 -2.964326432055e-08
128.990000000 -2.966713469283e-08
129.000000000 -2.969100506511e-08
129.010000000 -2.971487543739e-08
129.020000000 -2.973874580967e-08
129.030000000 -2.976261618195e-08
129.040000000 -2.978648655424e-08
129.050000000 -2.981035692652e-08
129.060000000 -2.983422729880e-08
129.070000000 -2.985809767108e-08
129.080000000 -2.988196804336e-08
129.090000000 -2.990583841564e-08
129.100000000 -2.992970878792e-08
129.110000000 -2.995357916021e-08
129.120000000 -2.997744953249e-08
129.130000000 -3.000131990477e-08
129.140000000 -3.002519027705e-08
129.150000000 -3.004906064933e-08
129.160000000 -3.007293102161e-08
129.170000000 -3.009680139389e-08
129.180000000 -3.012067176618e-08
129.190000000 -3.014454213846e-08
129.200000000 -3.016841251074e-08
129.210000000 -3.019228288302e-08
129.220000000 -3.021615325530e-08
129.230000000 -3.024002362758e-08
129.240000000 -3.026389399987e-08
129.250000000 -3.028776437215e-08
129.260000000 -3.031163474443e-08
129.270000000 -1.030335505117e-06
129.280000000 -3.035937548899e-08
129.290000000 -1.030383245861e-06
129.300000000 -3.040711623355e-08
129.310000000 -1.030430986606e-06
129.320000000 -3.045485697812e-08
129.330000000 -1.030478727350e-06
129.340000000 -3.050259772268e-08
129.350000000 -1.030526468095e-06
129.360000000 -3.055033846724e-08
129.370000000 -1.030574208840e-06
129.380000000 -3.059807921181e-08
129.390000000 -1.030621949584e-06
129.400000000 -3.064581995637e-08
129.410000000 -1.030669690329e-06
129.420000000 -3.069356070093e-08
129.430000000 -1.030717431073e-06
129.440000000 -3.074130144549e-08
129.450000000 -1.030765171818e-06
129.460000000 -3.078904219006e-08
129.470000000 -1.030812912562e-06
129.480000000 -3.083678293462e-08
129.490000000 -1.030860653307e-06
129.500000000 -3.088452367918e-08
129.510000000 -1.030908394051e-06
129.520000000 -3.093226442375e-08
129.530000000 -1.030956134796e-06
129.540000000 -3.098000516831e-08
129.550000000 -1.031003875541e-06
129.560000000 -3.102774591287e-08
129.570000000 -1.031051616285e-06
129.580000000 -3.107548665744e-08
129.590000000 -1.031099357030e-06
129.600000000 -3.112322740200e-08
129.610000000 -1.031147097774e-06
129.620000000 -3.117096814656e-08
129.630000000 -1.031194838519e-06
129.640000000 -3.121870889112e-08
129.650000000 -1.031242579263e-06
129.660000000 -3.126644963569e-08
129.670000000 -3.129032000797e-08
129.680000000 -3.131419038025e-08
129.690000000 -3.133806075253e-08
129.700000000 -3.136193112481e-08
129.710000000 -3.138580149710e-08
129.720000000 -3.140967186938e-08
129.730000000 -3.143354224166e-08
129.740000000 -3.145741261394e-08
129.750000000 9.685187170138e-07
129.760000000 -3.150515335850e-08
129.770000000 9.684709762692e-07
129.780000000 -3.155289410307e-08
129.790000000 9.684232355247e-07
129.800000000 -3.160063484763e-08
129.810000000 9.683754947801e-07
129.820000000 -3.164837559219e-08
129.830000000 1.968327754036e-06
129.840000000 -3.169611633675e-08
129.850000000 1.968280013291e-06
129.860000000 -3.174385708132e-08
129.870000000 1.968232272546e-06
129.880000000 -3.179159782588e-08
129.890000000 1.968184531802e-06
129.900000000 -3.183933857044e-08
129.910000000 1.968136791057e-06
129.920000000 -3.188707931501e-08
129.930000000 1.968089050313e-06
129.940000000 -3.193482005957e-08
129.950000000 9.680413095681e-07
129.960000000 -3.198256080413e-08
129.970000000 9.679935688236e-07
129.980000000 -3.203030154870e-08
129.990000000 9.679458280790e-07
130.000000000 -3.207804229326e-08
130.010000000 9.678980873345e-07
130.020000000 -3.212578303782e-08
130.030000000 9.678503465899e-07
130.040000000 -3.217352378238e-08
130.050000000 9.678026058453e-07
130.060000000 -3.222126452695e-08
130.070000000 -3.224513489923e-08
130.080000000 -3.226900527151e-08
130.090000000 -3.229287564379e-08
130.100000000 -3.231674601607e-08
130.110000000 -3.234061638835e-08
130.120000000 -3.236448676064e-08
130.130000000 -1.032388357133e-06
130.140000000 -3.241222750520e-08
130.150000000 -1.032436097877e-06
130.160000000 -3.245996824976e-08
130.170000000 -1.032483838622e-06
130.180000000 -3.250770899433e-08
130.190000000 -1.032531579367e-06
130.200000000 -3.255544973889e-08
130.210000000 -1.032579320111e-06
130.220000000 -3.260319048345e-08
130.230000000 -1.032627060856e-06
130.240000000 -3.265093122801e-08
130.250000000 -1.032674801600e-06
130.260000000 -3.269867197258e-08
130.270000000 -2.032722542345e-06
130.280000000 -3.274641271714e-08
130.290000000 -2.032770283089e-06
130.300000000 -3.279415346170e-08
130.310000000 -2.032818023834e-06
130.320000000 -3.284189420627e-08
130.330000000 -2.032865764579e-06
130.340000000 -3.288963495083e-08
130.350000000 -2.032913505323e-06
130.360000000 -3.293737569539e-08
130.370000000 -2.032961246068e-06
130.380000000 -3.298511643996e-08
130.390000000 -3.033008986812e-06
130.400000000 -3.303285718452e-08
130.410000000 -3.033056727557e-06
130.420000000 -3.308059792908e-08
130.430000000 -3.033104468301e-06
130.440000000 -3.312833867364e-08
130.450000000 -3.033152209046e-06
130.460000000 -3.317607941821e-08
130.470000000 -3.033199949790e-06
130.480000000 -3.322382016277e-08
130.490000000 -2.033247690535e-06
130.500000000 -3.327156090733e-08
130.510000000 -2.033295431280e-06
130.520000000 -3.331930165190e-08
130.530000000 -2.033343172024e-06
130.540000000 -3.336704239646e-08
130.550000000 -2.033390912769e-06
130.560000000 -3.341478314102e-08
130.570000000 -2.033438653513e-06
130.580000000 -3.346252388559e-08
130.590000000 -2.033486394258e-06
130.600000000 -3.351026463015e-08
130.610000000 -1.033534135002e-06
130.620000000 -3.355800537471e-08
130.630000000 -1.033581875747e-06
130.640000000 -3.360574611927e-08
130.650000000 -1.033629616492e-06
130.660000000 -3.365348686384e-08
130.670000000 -1.033677357236e-06
130.680000000 -3.370122760840e-08
130.690000000 -1.033725097981e-06
130.700000000 -3.374896835296e-08
130.710000000 -1.033772838725e-06
130.720000000 -3.379670909753e-08
130.730000000 -3.382057946981e-08
130.740000000 -3.384444984209e-08
130.750000000 -3.386832021437e-08
130.760000000 -3.389219058665e-08
130.770000000 -3.391606095893e-08
130.780000000 -3.393993133121e-08
130.790000000 -3.396380170350e-08
130.800000000 -3.398767207578e-08
130.810000000 9.659884575519e-07
130.820000000 -3.403541282034e-08
130.830000000 9.659407168074e-07
130.840000000 -3.408315356490e-08
130.850000000 9.658929760628e-07
130.860000000 -3.413089430947e-08
130.870000000 9.658452353183e-07
130.880000000 -3.417863505403e-08
130.890000000 1.965797494574e-06
130.900000000 -3.422637579859e-08
130.910000000 1.965749753829e-06
130.920000000 -3.427411654316e-08
130.930000000 1.965702013085e-06
130.940000000 -3.432185728772e-08
130.950000000 2.965654272340e-06
130.960000000 -3.436959803228e-08
130.970000000 2.965606531595e-06
130.980000000 -3.441733877684e-08
130.990000000 2.965558790851e-06
131.000000000 -3.446507952141e-08
131.010000000 2.965511050106e-06
131.020000000 -3.451282026597e-08
131.030000000 2.965463309362e-06
131.040000000 -3.456056101053e-08
131.050000000 2.965415568617e-06
131.060000000 -3.460830175510e-08
131.070000000 2.965367827873e-06
131.080000000 -3.465604249966e-08
131.090000000 1.965320087128e-06
131.100000000 -3.470378324422e-08
131.110000000 1.965272346383e-06
131.120000000 -3.475152398879e-08
131.130000000 1.965224605639e-06
131.140000000 -3.479926473335e-08
131.150000000 1.965176864894e-06
131.160000000 -3.484700547791e-08
131.170000000 1.965129124150e-06
131.180000000 -3.489474622247e-08
131.190000000 1.965081383405e-06
131.200000000 -3.494248696704e-08
131.210000000 1.965033642661e-06
131.220000000 -3.499022771160e-08
131.230000000 9.649859019161e-07
131.240000000 -3.503796845616e-08
131.250000000 9.649381611716e-07
131.260000000 -3.508570920073e-08
131.270000000 9.648904204270e-07
131.280000000 -3.513344994529e-08
131.290000000 9.648426796824e-07
131.300000000 -3.518119068985e-08
131.310000000 -3.520506106213e-08
131.320000000 -3.522893143442e-08
131.330000000 -3.525280180670e-08
131.340000000 -3.527667217898e-08
131.350000000 -3.530054255126e-08
131.360000000 -3.532441292354e-08
131.370000000 -1.035348283296e-06
131.380000000 -3.537215366810e-08
131.390000000 -1.035396024040e-06
131.400000000 -3.541989441267e-08
131.410000000 -1.035443764785e-06
131.420000000 -3.546763515723e-08
131.430000000 -1.035491505530e-06
131.440000000 -3.551537590179e-08
131.450000000 -1.035539246274e-06
131.460000000 -3.556311664636e-08
131.470000000 -1.035586987019e-06
131.480000000 -3.561085739092e-08
131.490000000 -1.035634727763e-06
131.500000000 -3.565859813548e-08
131.510000000 -1.035682468508e-06
131.520000000 -3.570633888005e-08
131.530000000 -1.035730209252e-06
131.540000000 -3.575407962461e-08
131.550000000 -1.035777949997e-06
131.560000000 -3.580182036917e-08
131.570000000 -1.035825690741e-06
131.580000000 -3.584956111373e-08
131.590000000 -1.035873431486e-06
131.600000000 -3.589730185830e-08
131.610000000 -1.035921172231e-06
131.620000000 -3.594504260286e-08
131.630000000 -1.035968912975e-06
131.640000000 -3.599278334742e-08
131.650000000 -1.036016653720e-06
131.660000000 -3.604052409199e-08
131.670000000 -3.606439446427e-08
131.680000000 -3.608826483655e-08
131.690000000 -3.611213520883e-08
131.700000000 -3.613600558111e-08
131.710000000 -3.615987595339e-08
131.720000000 -3.618374632567e-08
131.730000000 -3.620761669796e-08
131.740000000 -3.623148707024e-08
131.750000000 9.637446425575e-07
131.760000000 -3.627922781480e-08
131.770000000 9.636969018129e-07
131.780000000 -3.632696855936e-08
131.790000000 9.636491610684e-07
131.800000000 -3.637470930393e-08
131.810000000 9.636014203238e-07
131.820000000 -3.642245004849e-08
131.830000000 9.635536795792e-07
131.840000000 -3.647019079305e-08
131.850000000 -3.649406116533e-08
131.860000000 -3.651793153762e-08
131.870000000 -3.654180190990e-08
131.880000000 -3.656567228218e-08
131.890000000 -3.658954265446e-08
131.900000000 -3.661341302674e-08
131.910000000 -3.663728339902e-08
131.920000000 -3.666115377130e-08
131.930000000 -3.668502414359e-08
131.940000000 -3.670889451587e-08
131.950000000 -3.673276488815e-08
131.960000000 -3.675663526043e-08
131.970000000 -3.678050563271e-08
131.980000000 -3.680437600499e-08
131.990000000 -3.682824637728e-08
132.000000000 -3.685211674956e-08
132.010000000 -3.687598712184e-08
132.020000000 -3.689985749412e-08
132.030000000 -3.692372786640e-08
132.040000000 -3.694759823868e-08
132.050000000 -3.697146861096e-08
132.060000000 -3.699533898325e-08
132.070000000 -3.701920935553e-08
132.080000000 -3.704307972781e-08
132.090000000 -1.037066950100e-06
132.100000000 -3.709082047237e-08
132.110000000 -1.037114690845e-06
132.120000000 -3.713856121693e-08
132.130000000 -1.037162431589e-06
132.140000000 -3.718630196150e-08
132.150000000 -1.037210172334e-06
132.160000000 -3.723404270606e-08
132.170000000 -1.037257913078e-06
132.180000000 -3.728178345062e-08
132.190000000 -1.037305653823e-06
132.200000000 -3.732952419519e-08
132.210000000 -3.735339456747e-08
132.220000000 -3.737726493975e-08
132.230000000 -3.740113531203e-08
132.240000000 -3.742500568431e-08
132.250000000 -3.744887605659e-08
132.260000000 -3.747274642888e-08
132.270000000 -3.749661680116e-08
132.280000000 -3.752048717344e-08
132.290000000 -3.754435754572e-08
132.300000000 -3.756822791800e-08
132.310000000 -3.759209829028e-08
132.320000000 -3.761596866256e-08
132.330000000 -3.763983903485e-08
132.340000000 -3.766370940713e-08
132.350000000 -3.768757977941e-08
132.360000000 -3.771145015169e-08
132.370000000 -3.773532052397e-08
132.380000000 -3.775919089625e-08
132.390000000 -3.778306126853e-08
132.400000000 -3.780693164082e-08
132.410000000 -3.783080201310e-08
132.420000000 -3.785467238538e-08
132.430000000 -3.787854275766e-08
132.440000000 -3.790241312994e-08
132.450000000 -3.792628350222e-08
132.460000000 -3.795015387451e-08
132.470000000 -3.797402424679e-08
132.480000000 -3.799789461907e-08
132.490000000 -3.802176499135e-08
132.500000000 -3.804563536363e-08
132.510000000 -3.806950573591e-08
132.520000000 -3.809337610819e-08
132.530000000 -3.811724648048e-08
132.540000000 -3.814111685276e-08
132.550000000 -3.816498722504e-08
132.560000000 -3.818885759732e-08
132.570000000 -3.821272796960e-08
132.580000000 -3.823659834188e-08
132.590000000 -3.826046871416e-08
132.600000000 -3.828433908645e-08
132.610000000 -3.830820945873e-08
132.620000000 -3.833207983101e-08
132.630000000 -3.835595020329e-08
132.640000000 -3.837982057557e-08
132.650000000 -3.840369094785e-08
132.660000000 -3.842756132014e-08
132.670000000 -1.038451431692e-06
132.680000000 -3.847530206470e-08
132.690000000 -1.038499172437e-06
132.700000000 -3.852304280926e-08
132.710000000 -1.038546913182e-06
132.720000000 -3.857078355382e-08
132.730000000 -3.859465392611e-08
132.740000000 -3.861852429839e-08
132.750000000 -3.864239467067e-08
132.760000000 -3.866626504295e-08
132.770000000 -3.869013541523e-08
132.780000000 -3.871400578751e-08
132.790000000 -3.873787615979e-08
132.800000000 -3.876174653208e-08
132.810000000 -3.878561690436e-08
132.820000000 -3.880948727664e-08
132.830000000 -3.883335764892e-08
132.840000000 -3.885722802120e-08
132.850000000 -3.888109839348e-08
132.860000000 -3.890496876576e-08
132.870000000 -1.038928839138e-06
132.880000000 -3.895270951033e-08
132.890000000 -1.038976579883e-06
132.900000000 -3.900045025489e-08
132.910000000 -1.039024320627e-06
132.920000000 -3.904819099945e-08
132.930000000 -3.907206137174e-08
132.940000000 -3.909593174402e-08
132.950000000 -3.911980211630e-08
132.960000000 -3.914367248858e-08
132.970000000 -3.916754286086e-08
132.980000000 -3.919141323314e-08
132.990000000 -3.921528360542e-08
133.000000000 -3.923915397771e-08
133.010000000 -3.926302434999e-08
133.020000000 -3.928689472227e-08
133.030000000 -3.931076509455e-08
133.040000000 -3.933463546683e-08
133.050000000 -3.935850583911e-08
133.060000000 -3.938237621139e-08
133.070000000 -3.940624658368e-08
133.080000000 -3.943011695596e-08
133.090000000 -3.945398732824e-08
133.100000000 -3.947785770052e-08
133.110000000 -3.950172807280e-08
133.120000000 -3.952559844508e-08
133.130000000 -3.954946881737e-08
133.140000000 -3.957333918965e-08
133.150000000 -3.959720956193e-08
133.160000000 -3.962107993421e-08
133.170000000 -1.039644950306e-06
133.180000000 -3.966882067877e-08
133.190000000 -1.039692691051e-06
133.200000000 -3.971656142334e-08
133.210000000 -3.974043179562e-08
133.220000000 -3.976430216790e-08
133.230000000 -3.978817254018e-08
133.240000000 -3.981204291246e-08
133.250000000 -3.983591328474e-08
133.260000000 -3.985978365702e-08
133.270000000 -3.988365402931e-08
133.280000000 -3.990752440159e-08
133.290000000 9.600686052261e-07
133.300000000 -3.995526514615e-08
133.310000000 9.600208644816e-07
133.320000000 -4.000300589071e-08
133.330000000 9.599731237370e-07
133.340000000 -4.005074663528e-08
133.350000000 9.599253829924e-07
133.360000000 -4.009848737984e-08
133.370000000 9.598776422479e-07
133.380000000 -4.014622812440e-08
133.390000000 9.598299015033e-07
133.400000000 -4.019396886897e-08
133.410000000 -4.021783924125e-08
133.420000000 -4.024170961353e-08
133.430000000 -4.026557998581e-08
133.440000000 -4.028945035809e-08
133.450000000 -4.031332073037e-08
133.460000000 -4.033719110265e-08
133.470000000 -4.036106147494e-08
133.480000000 -4.038493184722e-08
133.490000000 -4.040880221950e-08
133.500000000 -4.043267259178e-08
133.510000000 -4.045654296406e-08
133.520000000 -4.048041333634e-08
133.530000000 -1.040504283709e-06
133.540000000 -4.052815408091e-08
133.550000000 -1.040552024453e-06
133.560000000 -4.057589482547e-08
133.570000000 -1.040599765198e-06
133.580000000 -4.062363557003e-08
133.590000000 -1.040647505942e-06
133.600000000 -4.067137631460e-08
133.610000000 -1.040695246687e-06
133.620000000 -4.071911705916e-08
133.630000000 -1.040742987431e-06
133.640000000 -4.076685780372e-08
133.650000000 -4.079072817600e-08
133.660000000 -4.081459854828e-08
133.670000000 -4.083846892057e-08
133.680000000 -4.086233929285e-08
133.690000000 -4.088620966513e-08
133.700000000 -4.091008003741e-08
133.710000000 -4.093395040969e-08
133.720000000 -4.095782078197e-08
133.730000000 -4.098169115425e-08
133.740000000 -4.100556152654e-08
133.750000000 -4.102943189882e-08
133.760000000 -4.105330227110e-08
133.770000000 -4.107717264338e-08
133.780000000 -4.110104301566e-08
133.790000000 -4.112491338794e-08
133.800000000 -4.114878376023e-08
133.810000000 -4.117265413251e-08
133.820000000 -4.119652450479e-08
133.830000000 -4.122039487707e-08
133.840000000 -4.124426524935e-08
133.850000000 -4.126813562163e-08
133.860000000 -4.129200599391e-08
133.870000000 -4.131587636620e-08
133.880000000 -4.133974673848e-08
133.890000000 -4.136361711076e-08
133.900000000 -4.138748748304e-08
133.910000000 -4.141135785532e-08
133.920000000 -4.143522822760e-08
133.930000000 -4.145909859988e-08
133.940000000 -4.148296897217e-08
133.950000000 -4.150683934445e-08
133.960000000 -4.153070971673e-08
133.970000000 -4.155458008901e-08
133.980000000 -4.157845046129e-08
133.990000000 -4.160232083357e-08
134.000000000 -4.162619120585e-08
134.010000000 -4.165006157814e-08
134.020000000 -4.167393195042e-08
134.030000000 -4.169780232270e-08
134.040000000 -4.172167269498e-08
134.050000000 -4.174554306726e-08
134.060000000 -4.176941343954e-08
134.070000000 -4.179328381183e-08
134.080000000 -4.181715418411e-08
134.090000000 -4.184102455639e-08
134.100000000 -4.186489492867e-08
134.110000000 -4.188876530095e-08
134.120000000 -4.191263567323e-08
134.130000000 -4.193650604551e-08
134.140000000 -4.196037641780e-08
134.150000000 -4.198424679008e-08
134.160000000 -4.200811716236e-08
134.170000000 -4.203198753464e-08
134.180000000 -4.205585790692e-08
134.190000000 -4.207972827920e-08
134.200000000 -4.210359865148e-08
134.210000000 9.578725309762e-07
134.220000000 -4.215133939605e-08
134.230000000 9.578247902317e-07
134.240000000 -4.219908014061e-08
134.250000000 9.577770494871e-07
134.260000000 -4.224682088517e-08
134.270000000 9.577293087425e-07
134.280000000 -4.229456162974e-08
134.290000000 9.576815679980e-07
134.300000000 -4.234230237430e-08
134.310000000 9.576338272534e-07
134.320000000 -4.239004311886e-08
134.330000000 9.575860865089e-07
134.340000000 -4.243778386343e-08
134.350000000 9.575383457643e-07
134.360000000 -4.248552460799e-08
134.370000000 9.574906050197e-07
134.380000000 -4.253326535255e-08
134.390000000 -4.255713572483e-08
134.400000000 -4.258100609711e-08
134.410000000 -4.260487646940e-08
134.420000000 -4.262874684168e-08
134.430000000 -4.265261721396e-08
134.440000000 -4.267648758624e-08
134.450000000 9.572996420415e-07
134.460000000 -4.272422833080e-08
134.470000000 9.572519012969e-07
134.480000000 -4.277196907537e-08
134.490000000 9.572041605524e-07
134.500000000 -4.281970981993e-08
134.510000000 9.571564198078e-07
134.520000000 -4.286745056449e-08
134.530000000 9.571086790632e-07
134.540000000 -4.291519130906e-08
134.550000000 9.570609383187e-07
134.560000000 -4.296293205362e-08
134.570000000 9.570131975741e-07
134.580000000 -4.301067279818e-08
134.590000000 9.569654568295e-07
134.600000000 -4.305841354274e-08
134.610000000 -4.308228391503e-08
134.620000000 -4.310615428731e-08
134.630000000 -4.313002465959e-08
134.640000000 -4.315389503187e-08
134.650000000 -4.317776540415e-08
134.660000000 -4.320163577643e-08
134.670000000 -4.322550614871e-08
134.680000000 -4.324937652100e-08
134.690000000 -4.327324689328e-08
134.700000000 -4.329711726556e-08
134.710000000 -4.332098763784e-08
134.720000000 -4.334485801012e-08
134.730000000 -4.336872838240e-08
134.740000000 -4.339259875469e-08
134.750000000 -4.341646912697e-08
134.760000000 -4.344033949925e-08
134.770000000 -4.346420987153e-08
134.780000000 -4.348808024381e-08
134.790000000 -4.351195061609e-08
134.800000000 -4.353582098837e-08
134.810000000 -4.355969136066e-08
134.820000000 -4.358356173294e-08
134.830000000 -4.360743210522e-08
134.840000000 -4.363130247750e-08
134.850000000 -4.365517284978e-08
134.860000000 -4.367904322206e-08
134.870000000 -4.370291359434e-08
134.880000000 -4.372678396663e-08
134.890000000 -4.375065433891e-08
134.900000000 -4.377452471119e-08
134.910000000 -4.379839508347e-08
134.920000000 -4.382226545575e-08
134.930000000 -4.384613582803e-08
134.940000000 -4.387000620032e-08
134.950000000 -1.043893876573e-06
134.960000000 -4.391774694488e-08
134.970000000 -1.043941617317e-06
134.980000000 -4.396548768944e-08
134.990000000 -1.043989358062e-06
135.000000000 -4.401322843400e-08
135.010000000 -1.044037098806e-06
135.020000000 -4.406096917857e-08
135.030000000 -1.044084839551e-06
135.040000000 -4.410870992313e-08
135.050000000 -1.044132580295e-06
135.060000000 -4.415645066769e-08
135.070000000 -1.044180321040e-06
135.080000000 -4.420419141226e-08
135.090000000 -1.044228061785e-06
135.100000000 -4.425193215682e-08
135.110000000 -1.044275802529e-06
135.120000000 -4.429967290138e-08
135.130000000 -1.044323543274e-06
135.140000000 -4.434741364594e-08
135.150000000 -1.044371284018e-06
135.160000000 -4.439515439051e-08
135.170000000 -1.044419024763e-06
135.180000000 -4.444289513507e-08
135.190000000 -1.044466765507e-06
135.200000000 -4.449063587963e-08
135.210000000 -1.044514506252e-06
135.220000000 -4.453837662420e-08
135.230000000 -1.044562246996e-06
135.240000000 -4.458611736876e-08
135.250000000 -1.044609987741e-06
135.260000000 -4.463385811332e-08
135.270000000 -1.044657728486e-06
135.280000000 -4.468159885789e-08
135.290000000 -1.044705469230e-06
135.300000000 -4.472933960245e-08
135.310000000 -1.044753209975e-06
135.320000000 -4.477708034701e-08
135.330000000 -1.044800950719e-06
135.340000000 -4.482482109157e-08
135.350000000 -1.044848691464e-06
135.360000000 -4.487256183614e-08
135.370000000 -1.044896432208e-06
135.380000000 -4.492030258070e-08
135.390000000 -1.044944172953e-06
135.400000000 -4.496804332526e-08
135.410000000 -1.044991913698e-06
135.420000000 -4.501578406983e-08
135.430000000 -4.503965444211e-08
135.440000000 -4.506352481439e-08
135.450000000 -4.508739518667e-08
135.460000000 -4.511126555895e-08
135.470000000 -4.513513593123e-08
135.480000000 -4.515900630352e-08
135.490000000 -4.518287667580e-08
135.500000000 -4.520674704808e-08
135.510000000 -4.523061742036e-08
135.520000000 -4.525448779264e-08
135.530000000 -4.527835816492e-08
135.540000000 -4.530222853720e-08
135.550000000 -4.532609890949e-08
135.560000000 -4.534996928177e-08
135.570000000 -4.537383965405e-08
135.580000000 -4.539771002633e-08
135.590000000 -4.542158039861e-08
135.600000000 -4.544545077089e-08
135.610000000 -4.546932114317e-08
135.620000000 -4.549319151546e-08
135.630000000 -4.551706188774e-08
135.640000000 -4.554093226002e-08
135.650000000 -4.556480263230e-08
135.660000000 -4.558867300458e-08
135.670000000 -4.561254337686e-08
135.680000000 -4.563641374915e-08
135.690000000 -4.566028412143e-08
135.700000000 -4.568415449371e-08
135.710000000 -4.570802486599e-08
135.720000000 -4.573189523827e-08
135.730000000 -4.575576561055e-08
135.740000000 -4.577963598283e-08
135.750000000 -4.580350635512e-08
135.760000000 -4.582737672740e-08
135.770000000 -4.585124709968e-08
135.780000000 -4.587511747196e-08
135.790000000 -4.589898784424e-08
135.800000000 -4.592285821652e-08
135.810000000 -4.594672858880e-08
135.820000000 -4.597059896109e-08
135.830000000 -4.599446933337e-08
135.840000000 -4.601833970565e-08
135.850000000 -4.604221007793e-08
135.860000000 -4.606608045021e-08
135.870000000 -4.608995082249e-08
135.880000000 -4.611382119478e-08
135.890000000 -4.613769156706e-08
135.900000000 -4.616156193934e-08
135.910000000 9.538145676884e-07
135.920000000 -4.620930268390e-08
135.930000000 9.537668269438e-07
135.940000000 -4.625704342846e-08
135.950000000 9.537190861993e-07
135.960000000 -4.630478417303e-08
135.970000000 9.536713454547e-07
135.980000000 -4.635252491759e-08
135.990000000 9.536236047101e-07
136.000000000 -4.640026566215e-08
136.010000000 9.535758639656e-07
136.020000000 -4.644800640672e-08
136.030000000 9.535281232210e-07
136.040000000 -4.649574715128e-08
136.050000000 9.534803824764e-07
136.060000000 -4.654348789584e-08
136.070000000 9.534326417319e-07
136.080000000 -4.659122864041e-08
136.090000000 9.533849009873e-07
136.100000000 -4.663896938497e-08
136.110000000 9.533371602428e-07
136.120000000 -4.668671012953e-08
136.130000000 9.532894194982e-07
136.140000000 -4.673445087409e-08
136.150000000 9.532416787536e-07
136.160000000 -4.678219161866e-08
136.170000000 9.531939380091e-07
136.180000000 -4.682993236322e-08
136.190000000 9.531461972645e-07
136.200000000 -4.687767310778e-08
136.210000000 -4.690154348006e-08
136.220000000 -4.692541385235e-08
136.230000000 -4.694928422463e-08
136.240000000 -4.697315459691e-08
136.250000000 -4.699702496919e-08
136.260000000 -4.702089534147e-08
136.270000000 -4.704476571375e-08
136.280000000 -4.706863608603e-08
136.290000000 -4.709250645832e-08
136.300000000 -4.711637683060e-08
136.310000000 -4.714024720288e-08
136.320000000 -4.716411757516e-08
136.330000000 -4.718798794744e-08
136.340000000 -4.721185831972e-08
136.350000000 -4.723572869201e-08
136.360000000 -4.725959906429e-08
136.370000000 -4.728346943657e-08
136.380000000 -4.730733980885e-08
136.390000000 -4.733121018113e-08
136.400000000 -4.735508055341e-08
136.410000000 -4.737895092569e-08
136.420000000 -4.740282129798e-08
136.430000000 -4.742669167026e-08
136.440000000 -4.745056204254e-08
136.450000000 -4.747443241482e-08
136.460000000 -4.749830278710e-08
136.470000000 -4.752217315938e-08
136.480000000 -4.754604353166e-08
136.490000000 -4.756991390395e-08
136.500000000 -4.759378427623e-08
136.510000000 -4.761765464851e-08
136.520000000 -4.764152502079e-08
136.530000000 -1.047665395393e-06
136.540000000 -4.768926576535e-08
136.550000000 -1.047713136138e-06
136.560000000 -4.773700650992e-08
136.570000000 -1.047760876882e-06
136.580000000 -4.778474725448e-08
136.590000000 -1.047808617627e-06
136.600000000 -4.783248799904e-08
136.610000000 -1.047856358371e-06
136.620000000 -4.788022874361e-08
136.630000000 -1.047904099116e-06
136.640000000 -4.792796948817e-08
136.650000000 -1.047951839860e-06
136.660000000 -4.797571023273e-08
136.670000000 -1.047999580605e-06
136.680000000 -4.802345097729e-08
136.690000000 -1.048047321350e-06
136.700000000 -4.807119172186e-08
136.710000000 -1.048095062094e-06
136.720000000 -4.811893246642e-08
136.730000000 -1.048142802839e-06
136.740000000 -4.816667321098e-08
136.750000000 -4.819054358326e-08
136.760000000 -4.821441395555e-08
136.770000000 -4.823828432783e-08
136.780000000 -4.826215470011e-08
136.790000000 -1.048286025072e-06
136.800000000 -4.830989544467e-08
136.810000000 -1.048333765817e-06
136.820000000 -4.835763618924e-08
136.830000000 -1.048381506562e-06
136.840000000 -4.840537693380e-08
136.850000000 -4.842924730608e-08
136.860000000 -4.845311767836e-08
136.870000000 -4.847698805064e-08
136.880000000 -4.850085842292e-08
136.890000000 -4.852472879521e-08
136.900000000 -4.854859916749e-08
136.910000000 -4.857246953977e-08
136.920000000 -4.859633991205e-08
136.930000000 -4.862021028433e-08
136.940000000 -4.864408065661e-08
136.950000000 -4.866795102889e-08
136.960000000 -4.869182140118e-08
136.970000000 -4.871569177346e-08
136.980000000 -4.873956214574e-08
136.990000000 -4.876343251802e-08
137.000000000 -4.878730289030e-08
137.010000000 -4.881117326258e-08
137.020000000 -4.883504363487e-08
137.030000000 -4.885891400715e-08
137.040000000 -4.888278437943e-08
137.050000000 -4.890665475171e-08
137.060000000 -4.893052512399e-08
137.070000000 -4.895439549627e-08
137.080000000 -4.897826586855e-08
137.090000000 -4.900213624084e-08
137.100000000 -4.902600661312e-08
137.110000000 -4.904987698540e-08
137.120000000 -4.907374735768e-08
137.130000000 -4.909761772996e-08
137.140000000 -4.912148810224e-08
137.150000000 -4.914535847452e-08
137.160000000 -4.916922884681e-08
137.170000000 -4.919309921909e-08
137.180000000 -4.921696959137e-08
137.190000000 -4.924083996365e-08
137.200000000 -4.926471033593e-08
137.210000000 -4.928858070821e-08
137.220000000 -4.931245108050e-08
137.230000000 -4.933632145278e-08
137.240000000 -4.936019182506e-08
137.250000000 -4.938406219734e-08
137.260000000 -4.940793256962e-08
137.270000000 -4.943180294190e-08
137.280000000 -4.945567331418e-08
137.290000000 -4.947954368647e-08
137.300000000 -4.950341405875e-08
137.310000000 -4.952728443103e-08
137.320000000 -4.955115480331e-08
137.330000000 -4.957502517559e-08
137.340000000 -4.959889554787e-08
137.350000000 -4.962276592015e-08
137.360000000 -4.964663629244e-08
137.370000000 -4.967050666472e-08
137.380000000 -4.969437703700e-08
137.390000000 -4.971824740928e-08
137.400000000 -4.974211778156e-08
137.410000000 -4.976598815384e-08
137.420000000 -4.978985852612e-08
137.430000000 -4.981372889841e-08
137.440000000 -4.983759927069e-08
137.450000000 -4.986146964297e-08
137.460000000 -4.988534001525e-08
137.470000000 -4.990921038753e-08
137.480000000 -4.993308075981e-08
137.490000000 -4.995695113210e-08
137.500000000 -4.998082150438e-08
137.510000000 -5.000469187666e-08
137.520000000 -5.002856224894e-08
137.530000000 -5.005243262122e-08
137.540000000 -5.007630299350e-08
137.550000000 -5.010017336578e-08
137.560000000 -5.012404373807e-08
137.570000000 -5.014791411035e-08
137.580000000 -5.017178448263e-08
137.590000000 -5.019565485491e-08
137.600000000 -5.021952522719e-08
137.610000000 -5.024339559947e-08
137.620000000 -5.026726597175e-08
137.630000000 -5.029113634404e-08
137.640000000 -5.031500671632e-08
137.650000000 -5.033887708860e-08
137.660000000 -5.036274746088e-08
137.670000000 -5.038661783316e-08
137.680000000 -5.041048820544e-08
137.690000000 -5.043435857773e-08
137.700000000 -5.045822895001e-08
137.710000000 -5.048209932229e-08
137.720000000 -5.050596969457e-08
137.730000000 -5.052984006685e-08
137.740000000 -5.055371043913e-08
137.750000000 -5.057758081141e-08
137.760000000 -5.060145118370e-08
137.770000000 -5.062532155598e-08
137.780000000 -5.064919192826e-08
137.790000000 -5.067306230054e-08
137.800000000 -5.069693267282e-08
137.810000000 -5.072080304510e-08
137.820000000 -5.074467341738e-08
137.830000000 -5.076854378967e-08
137.840000000 -5.079241416195e-08
137.850000000 -5.081628453423e-08
137.860000000 -5.084015490651e-08
137.870000000 -5.086402527879e-08
137.880000000 -5.088789565107e-08
137.890000000 -5.091176602335e-08
137.900000000 -5.093563639564e-08
137.910000000 -5.095950676792e-08
137.920000000 -5.098337714020e-08
137.930000000 -5.100724751248e-08
137.940000000 -5.103111788476e-08
137.950000000 -5.105498825704e-08
137.960000000 -5.107885862933e-08
137.970000000 -5.110272900161e-08
137.980000000 -5.112659937389e-08
137.990000000 -5.115046974617e-08
138.000000000 -5.117434011845e-08
138.010000000 -5.119821049073e-08
138.020000000 -5.122208086301e-08
138.030000000 -5.124595123530e-08
138.040000000 -5.126982160758e-08
138.050000000 -5.129369197986e-08
138.060000000 -5.131756235214e-08
138.070000000 -5.134143272442e-08
138.080000000 -5.136530309670e-08
138.090000000 -5.138917346898e-08
138.100000000 -5.141304384127e-08
138.110000000 -5.143691421355e-08
138.120000000 -5.146078458583e-08
138.130000000 -5.148465495811e-08
138.140000000 -5.150852533039e-08
138.150000000 -5.153239570267e-08
138.160000000 -5.155626607496e-08
138.170000000 -5.158013644724e-08
138.180000000 -5.160400681952e-08
138.190000000 -5.162787719180e-08
138.200000000 -5.165174756408e-08
138.210000000 -5.167561793636e-08
138.220000000 -5.169948830864e-08
138.230000000 -5.172335868093e-08
138.240000000 -5.174722905321e-08
138.250000000 -5.177109942549e-08
138.260000000 -5.179496979777e-08
138.270000000 -5.181884017005e-08
138.280000000 -5.184271054233e-08
138.290000000 -5.186658091461e-08
138.300000000 -5.189045128690e-08
138.310000000 -5.191432165918e-08
138.320000000 -5.193819203146e-08
138.330000000 -5.196206240374e-08
138.340000000 -5.198593277602e-08
138.350000000 -5.200980314830e-08
138.360000000 -5.203367352059e-08
138.370000000 -5.205754389287e-08
138.380000000 -5.208141426515e-08
138.390000000 -5.210528463743e-08
138.400000000 -5.212915500971e-08
138.410000000 -5.215302538199e-08
138.420000000 -5.217689575427e-08
138.430000000 -5.220076612656e-08
138.440000000 -5.222463649884e-08
138.450000000 -5.224850687112e-08
138.460000000 -5.227237724340e-08
138.470000000 -5.229624761568e-08
138.480000000 -5.232011798796e-08
138.490000000 -5.234398836024e-08
138.500000000 -5.236785873253e-08
138.510000000 -5.239172910481e-08
138.520000000 -5.241559947709e-08
138.530000000 -5.243946984937e-08
138.540000000 -5.246334022165e-08
138.550000000 -5.248721059393e-08
138.560000000 -5.251108096621e-08
138.570000000 -5.253495133850e-08
138.580000000 -5.255882171078e-08
138.590000000 -5.258269208306e-08
138.600000000 -5.260656245534e-08
138.610000000 -5.263043282762e-08
138.620000000 -5.265430319990e-08
138.630000000 -5.267817357219e-08
138.640000000 -5.270204394447e-08
138.650000000 -5.272591431675e-08
138.660000000 -5.274978468903e-08
138.670000000 -5.277365506131e-08
138.680000000 -5.279752543359e-08
138.690000000 -5.282139580587e-08
138.700000000 -5.284526617816e-08
138.710000000 -5.286913655044e-08
138.720000000 -5.289300692272e-08
138.730000000 -5.291687729500e-08
138.740000000 -5.294074766728e-08
138.750000000 -5.296461803956e-08
138.760000000 -5.298848841184e-08
138.770000000 -5.301235878413e-08
138.780000000 -5.303622915641e-08
138.790000000 -5.306009952869e-08
138.800000000 -5.308396990097e-08
138.810000000 -5.310784027325e-08
138.820000000 -5.313171064553e-08
138.830000000 -5.315558101782e-08
138.840000000 -5.317945139010e-08
138.850000000 -5.320332176238e-08
138.860000000 -5.322719213466e-08
138.870000000 -5.325106250694e-08
138.880000000 -5.327493287922e-08
138.890000000 -5.329880325150e-08
138.900000000 -5.332267362379e-08
138.910000000 -5.334654399607e-08
138.920000000 -5.337041436835e-08
138.930000000 -5.339428474063e-08
138.940000000 -5.341815511291e-08
138.950000000 -5.344202548519e-08
138.960000000 -5.346589585747e-08
138.970000000 -5.348976622976e-08
138.980000000 -5.351363660204e-08
138.990000000 -5.353750697432e-08
139.000000000 -5.356137734660e-08
139.010000000 -5.358524771888e-08
139.020000000 -5.360911809116e-08
139.030000000 -5.363298846344e-08
139.040000000 -5.365685883573e-08
139.050000000 -5.368072920801e-08
139.060000000 -5.370459958029e-08
139.070000000 -5.372846995257e-08
139.080000000 -5.375234032485e-08
139.090000000 -5.377621069713e-08
139.100000000 -5.380008106942e-08
139.110000000 -5.382395144170e-08
139.120000000 -5.384782181398e-08
139.130000000 -5.387169218626e-08
139.140000000 -5.389556255854e-08
139.150000000 -5.391943293082e-08
139.160000000 -5.394330330310e-08
139.170000000 -5.396717367539e-08
139.180000000 -5.399104404767e-08
139.190000000 -5.401491441995e-08
139.200000000 -5.403878479223e-08
139.210000000 -5.406265516451e-08
139.220000000 -5.408652553679e-08
139.230000000 -5.411039590907e-08
139.240000000 -5.413426628136e-08
139.250000000 -5.415813665364e-08
139.260000000 -5.418200702592e-08
139.270000000 -5.420587739820e-08
139.280000000 -5.422974777048e-08
139.290000000 -5.425361814276e-08
139.300000000 -5.427748851505e-08
139.310000000 -5.430135888733e-08
139.320000000 -5.432522925961e-08
139.330000000 -5.434909963189e-08
139.340000000 -5.437297000417e-08
139.350000000 -5.439684037645e-08
139.360000000 -5.442071074873e-08
139.370000000 -5.444458112102e-08
139.380000000 -5.446845149330e-08
139.390000000 -5.449232186558e-08
139.400000000 -5.451619223786e-08
139.410000000 -5.454006261014e-08
139.420000000 -5.456393298242e-08
139.430000000 -5.458780335470e-08
139.440000000 -5.461167372699e-08
139.450000000 -5.463554409927e-08
139.460000000 -5.465941447155e-08
139.470000000 -5.468328484383e-08
139.480000000 -5.470715521611e-08
139.490000000 -5.473102558839e-08
139.500000000 -5.475489596068e-08
139.510000000 -5.477876633296e-08
139.520000000 -5.480263670524e-08
139.530000000 -5.482650707752e-08
139.540000000 -5.485037744980e-08
139.550000000 -5.487424782208e-08
139.560000000 -5.489811819436e-08
139.570000000 -5.492198856665e-08
139.580000000 -5.494585893893e-08
139.590000000 -5.496972931121e-08
139.600000000 -5.499359968349e-08
139.610000000 -5.501747005577e-08
139.620000000 -5.504134042805e-08
139.630000000 -5.506521080033e-08
139.640000000 -5.508908117262e-08
139.650000000 -5.511295154490e-08
139.660000000 -5.513682191718e-08
139.670000000 -5.516069228946e-08
139.680000000 -5.518456266174e-08
139.690000000 -5.520843303402e-08
139.700000000 -5.523230340630e-08
139.710000000 -5.525617377859e-08
139.720000000 -5.528004415087e-08
139.730000000 -5.530391452315e-08
139.740000000 -5.532778489543e-08
139.750000000 -5.535165526771e-08
139.760000000 -5.537552563999e-08
139.770000000 -5.539939601228e-08
139.780000000 -5.542326638456e-08
139.790000000 -5.544713675684e-08
139.800000000 -5.547100712912e-08
139.810000000 -5.549487750140e-08
139.820000000 -5.551874787368e-08
139.830000000 -5.554261824596e-08
139.840000000 -5.556648861825e-08
139.850000000 -5.559035899053e-08
139.860000000 -5.561422936281e-08
139.870000000 -5.563809973509e-08
139.880000000 -5.566197010737e-08
139.890000000 -5.568584047965e-08
139.900000000 -5.570971085193e-08
139.910000000 -5.573358122422e-08
139.920000000 -5.575745159650e-08
139.930000000 -5.578132196878e-08
139.940000000 -5.580519234106e-08
139.950000000 -5.582906271334e-08
139.960000000 -5.585293308562e-08
139.970000000 -5.587680345791e-08
139.980000000 -5.590067383019e-08
139.990000000 -5.592454420247e-08
140.000000000 -5.594841457475e-08
140.010000000 -5.597228494703e-08
140.020000000 -5.599615531931e-08
140.030000000 -5.602002569159e-08
140.040000000 -5.604389606388e-08
140.050000000 -5.606776643616e-08
140.060000000 -5.609163680844e-08
140.070000000 -5.611550718072e-08
140.080000000 -5.613937755300e-08
140.090000000 -5.616324792528e-08
140.100000000 -5.618711829756e-08
140.110000000 -5.621098866985e-08
140.120000000 -5.623485904213e-08
140.130000000 -5.625872941441e-08
140.140000000 -5.628259978669e-08
140.150000000 -5.630647015897e-08
140.160000000 -5.633034053125e-08
140.170000000 -5.635421090353e-08
140.180000000 -5.637808127582e-08
140.190000000 -5.640195164810e-08
140.200000000 -5.642582202038e-08
140.210000000 -5.644969239266e-08
140.220000000 -5.647356276494e-08
140.230000000 -5.649743313722e-08
140.240000000 -5.652130350951e-08
140.250000000 -5.654517388179e-08
140.260000000 -5.656904425407e-08
140.270000000 -5.659291462635e-08
140.280000000 -5.661678499863e-08
140.290000000 -5.664065537091e-08
140.300000000 -5.666452574319e-08
140.310000000 -5.668839611548e-08
140.320000000 -5.671226648776e-08
140.330000000 -5.673613686004e-08
140.340000000 -5.676000723232e-08
140.350000000 -5.678387760460e-08
140.360000000 -5.680774797688e-08
140.370000000 -5.683161834916e-08
140.380000000 -5.685548872145e-08
140.390000000 -5.687935909373e-08
140.400000000 -5.690322946601e-08
140.410000000 -5.692709983829e-08
140.420000000 -5.695097021057e-08
140.430000000 -5.697484058285e-08
140.440000000 -5.699871095514e-08
140.450000000 -5.702258132742e-08
140.460000000 -5.704645169970e-08
140.470000000 -5.707032207198e-08
140.480000000 -5.709419244426e-08
140.490000000 -5.711806281654e-08
140.500000000 -5.714193318882e-08
140.510000000 -5.716580356111e-08
140.520000000 -5.718967393339e-08
140.530000000 -5.721354430567e-08
140.540000000 -5.723741467795e-08
140.550000000 -5.726128505023e-08
140.560000000 -5.728515542251e-08
140.570000000 -5.730902579479e-08
140.580000000 -5.733289616708e-08
140.590000000 -5.735676653936e-08
140.600000000 -5.738063691164e-08
140.610000000 -5.740450728392e-08
140.620000000 -5.742837765620e-08
140.630000000 -5.745224802848e-08
140.640000000 -5.747611840076e-08
140.650000000 -5.749998877305e-08
140.660000000 -5.752385914533e-08
140.670000000 -5.754772951761e-08
140.680000000 -5.757159988989e-08
140.690000000 -5.759547026217e-08
140.700000000 -5.761934063445e-08
140.710000000 -5.764321100674e-08
140.720000000 -5.766708137902e-08
140.730000000 -5.769095175130e-08
140.740000000 -5.771482212358e-08
140.750000000 -5.773869249586e-08
140.760000000 -5.776256286814e-08
140.770000000 -5.778643324042e-08
140.780000000 -5.781030361271e-08
140.790000000 -5.783417398499e-08
140.800000000 -5.785804435727e-08
140.810000000 -5.788191472955e-08
140.820000000 -5.790578510183e-08
140.830000000 -5.792965547411e-08
140.840000000 -5.795352584639e-08
140.850000000 -5.797739621868e-08
140.860000000 -5.800126659096e-08
140.870000000 -5.802513696324e-08
140.880000000 -5.804900733552e-08
140.890000000 -5.807287770780e-08
140.900000000 -5.809674808008e-08
140.910000000 -5.812061845237e-08
140.920000000 -5.814448882465e-08
140.930000000 -5.816835919693e-08
140.940000000 -5.819222956921e-08
140.950000000 -5.821609994149e-08
140.960000000 -5.823997031377e-08
140.970000000 -5.826384068605e-08
140.980000000 -5.828771105834e-08
140.990000000 -5.831158143062e-08
141.000000000 -5.833545180290e-08
141.010000000 -5.835932217518e-08
141.020000000 -5.838319254746e-08
141.030000000 -5.840706291974e-08
141.040000000 -5.843093329202e-08
141.050000000 -5.845480366431e-08
141.060000000 -5.847867403659e-08
141.070000000 -5.850254440887e-08
141.080000000 -5.852641478115e-08
141.090000000 -5.855028515343e-08
141.100000000 -5.857415552571e-08
141.110000000 -5.859802589800e-08
141.120000000 -5.862189627028e-08
141.130000000 -5.864576664256e-08
141.140000000 -5.866963701484e-08
141.150000000 -5.869350738712e-08
141.160000000 -5.871737775940e-08
141.170000000 -5.874124813168e-08
141.180000000 -5.876511850397e-08
141.190000000 -5.878898887625e-08
141.200000000 -5.881285924853e-08
141.210000000 -5.883672962081e-08
141.220000000 -5.886059999309e-08
141.230000000 -5.888447036537e-08
141.240000000 -5.890834073765e-08
141.250000000 -5.893221110994e-08
141.260000000 -5.895608148222e-08
141.270000000 -5.897995185450e-08
141.280000000 -5.900382222678e-08
141.290000000 -5.902769259906e-08
141.300000000 -5.905156297134e-08
141.310000000 -5.907543334362e-08
141.320000000 -5.909930371591e-08
141.330000000 -5.912317408819e-08
141.340000000 -5.914704446047e-08
141.350000000 -5.917091483275e-08
141.360000000 -5.919478520503e-08
141.370000000 -5.921865557731e-08
141.380000000 -5.924252594960e-08
141.390000000 -5.926639632188e-08
141.400000000 -5.929026669416e-08
141.410000000 -5.931413706644e-08
141.420000000 -5.933800743872e-08
141.430000000 -5.936187781100e-08
141.440000000 -5.938574818328e-08
141.450000000 -5.940961855557e-08
141.460000000 -5.943348892785e-08
141.470000000 -5.945735930013e-08
141.480000000 -5.948122967241e-08
141.490000000 -5.950510004469e-08
141.500000000 -5.952897041697e-08
141.510000000 -5.955284078925e-08
141.520000000 -5.957671116154e-08
141.530000000 -5.960058153382e-08
141.540000000 -5.962445190610e-08
141.550000000 -5.964832227838e-08
141.560000000 -5.967219265066e-08
141.570000000 -5.969606302294e-08
141.580000000 -5.971993339523e-08
141.590000000 -5.974380376751e-08
141.600000000 -5.976767413979e-08
141.610000000 -5.979154451207e-08
141.620000000 -5.981541488435e-08
141.630000000 -5.983928525663e-08
141.640000000 -5.986315562891e-08
141.650000000 -5.988702600120e-08
141.660000000 -5.991089637348e-08
141.670000000 -5.993476674576e-08
141.680000000 -5.995863711804e-08
141.690000000 -5.998250749032e-08
141.700000000 -6.000637786260e-08
141.710000000 -6.003024823488e-08
141.720000000 -6.005411860717e-08
141.730000000 -6.007798897945e-08
141.740000000 -6.010185935173e-08
141.750000000 -6.012572972401e-08
141.760000000 -6.014960009629e-08
141.770000000 -6.017347046857e-08
141.780000000 -6.019734084085e-08
141.790000000 -6.022121121314e-08
141.800000000 -6.024508158542e-08
141.810000000 -6.026895195770e-08
141.820000000 -6.029282232998e-08
141.830000000 -6.031669270226e-08
141.840000000 -6.034056307454e-08
141.850000000 -6.036443344683e-08
141.860000000 -6.038830381911e-08
141.870000000 -6.041217419139e-08
141.880000000 -6.043604456367e-08
141.890000000 -6.045991493595e-08
141.900000000 -6.048378530823e-08
141.910000000 -6.050765568051e-08
141.920000000 -6.053152605280e-08
141.930000000 -6.055539642508e-08
141.940000000 -6.057926679736e-08
141.950000000 -6.060313716964e-08
141.960000000 -6.062700754192e-08
141.970000000 -6.065087791420e-08
141.980000000 -6.067474828648e-08
141.990000000 -6.069861865877e-08
142.000000000 -6.072248903105e-08
142.010000000 -6.074635940333e-08
142.020000000 -6.077022977561e-08
142.030000000 -6.079410014789e-08
142.040000000 -6.081797052017e-08
142.050000000 -6.084184089246e-08
142.060000000 -6.086571126474e-08
142.070000000 -6.088958163702e-08
142.080000000 -6.091345200930e-08
142.090000000 -6.093732238158e-08
142.100000000 -6.096119275386e-08
142.110000000 -6.098506312614e-08
142.120000000 -6.100893349843e-08
142.130000000 -6.103280387071e-08
142.140000000 -6.105667424299e-08
142.150000000 -6.108054461527e-08
142.160000000 -6.110441498755e-08
142.170000000 -6.112828535983e-08
142.180000000 -6.115215573211e-08
142.190000000 -6.117602610440e-08
142.200000000 -6.119989647668e-08
142.210000000 -6.122376684896e-08
142.220000000 -6.124763722124e-08
142.230000000 -6.127150759352e-08
142.240000000 -6.129537796580e-08
142.250000000 -6.131924833809e-08
142.260000000 -6.134311871037e-08
142.270000000 -6.136698908265e-08
142.280000000 -6.139085945493e-08
142.290000000 -6.141472982721e-08
142.300000000 -6.143860019949e-08
142.310000000 -6.146247057177e-08
142.320000000 -6.148634094406e-08
142.330000000 -6.151021131634e-08
142.340000000 -6.153408168862e-08
142.350000000 -6.155795206090e-08
142.360000000 -6.158182243318e-08
142.370000000 -6.160569280546e-08
142.380000000 -6.162956317774e-08
142.390000000 -6.165343355003e-08
142.400000000 -6.167730392231e-08
142.410000000 -6.170117429459e-08
142.420000000 -6.172504466687e-08
142.430000000 -6.174891503915e-08
142.440000000 -6.177278541143e-08
142.450000000 -6.179665578371e-08
142.460000000 -6.182052615600e-08
142.470000000 -6.184439652828e-08
142.480000000 -6.186826690056e-08
142.490000000 -6.189213727284e-08
142.500000000 -6.191600764512e-08
142.510000000 -6.193987801740e-08
142.520000000 -6.196374838969e-08
142.530000000 -6.198761876197e-08
142.540000000 -6.201148913425e-08
142.550000000 -6.203535950653e-08
142.560000000 -6.205922987881e-08
142.570000000 -6.208310025109e-08
142.580000000 -6.210697062337e-08
142.590000000 -6.213084099566e-08
142.600000000 -6.215471136794e-08
142.610000000 -6.217858174022e-08
142.620000000 -6.220245211250e-08
142.630000000 -6.222632248478e-08
142.640000000 -6.225019285706e-08
142.650000000 -6.227406322934e-08
142.660000000 -6.229793360163e-08
142.670000000 -6.232180397391e-08
142.680000000 -6.234567434619e-08
142.690000000 -6.236954471847e-08
142.700000000 -6.239341509075e-08
142.710000000 -6.241728546303e-08
142.720000000 -6.244115583532e-08
142.730000000 -6.246502620760e-08
142.740000000 -6.248889657988e-08
142.750000000 -6.251276695216e-08
142.760000000 -6.253663732444e-08
142.770000000 -6.256050769672e-08
142.780000000 -6.258437806900e-08
142.790000000 -6.260824844129e-08
142.800000000 -6.263211881357e-08
142.810000000 -6.265598918585e-08
142.820000000 -6.267985955813e-08
142.830000000 -6.270372993041e-08
142.840000000 -6.272760030269e-08
142.850000000 -6.275147067497e-08
142.860000000 -6.277534104726e-08
142.870000000 -6.279921141954e-08
142.880000000 -6.282308179182e-08
142.890000000 -6.284695216410e-08
142.900000000 -6.287082253638e-08
142.910000000 -6.289469290866e-08
142.920000000 -6.291856328094e-08
142.930000000 -6.294243365323e-08
142.940000000 -6.296630402551e-08
142.950000000 -6.299017439779e-08
142.960000000 -6.301404477007e-08
142.970000000 -6.303791514235e-08
142.980000000 -6.306178551463e-08
142.990000000 -6.308565588692e-08
143.000000000 -6.310952625920e-08
143.010000000 -6.313339663148e-08
143.020000000 -6.315726700376e-08
143.030000000 -6.318113737604e-08
143.040000000 -6.320500774832e-08
143.050000000 -6.322887812060e-08
143.060000000 -6.325274849289e-08
143.070000000 -6.327661886517e-08
143.080000000 -6.330048923745e-08
143.090000000 -6.332435960973e-08
143.100000000 -6.334822998201e-08
143.110000000 -6.337210035429e-08
143.120000000 -6.339597072657e-08
143.130000000 -6.341984109886e-08
143.140000000 -6.344371147114e-08
143.150000000 -6.346758184342e-08
143.160000000 -6.349145221570e-08
143.170000000 -6.351532258798e-08
143.180000000 -6.353919296026e-08
143.190000000 -6.356306333255e-08
143.200000000 -6.358693370483e-08
143.210000000 -6.361080407711e-08
143.220000000 -6.363467444939e-08
143.230000000 -6.365854482167e-08
143.240000000 -6.368241519395e-08
143.250000000 -6.370628556623e-08
143.260000000 -6.373015593852e-08
143.270000000 -6.375402631080e-08
143.280000000 -6.377789668308e-08
143.290000000 -6.380176705536e-08
143.300000000 -6.382563742764e-08
143.310000000 -6.384950779992e-08
143.320000000 -6.387337817220e-08
143.330000000 -6.389724854449e-08
143.340000000 -6.392111891677e-08
143.350000000 -6.394498928905e-08
143.360000000 -6.396885966133e-08
143.370000000 -6.399273003361e-08
143.380000000 -6.401660040589e-08
143.390000000 -6.404047077818e-08
143.400000000 -6.406434115046e-08
143.410000000 -6.408821152274e-08
143.420000000 -6.411208189502e-08
143.430000000 -6.413595226730e-08
143.440000000 -6.415982263958e-08
143.450000000 -6.418369301186e-08
143.460000000 -6.420756338415e-08
143.470000000 -6.423143375643e-08
143.480000000 -6.425530412871e-08
143.490000000 -6.427917450099e-08
143.500000000 -6.430304487327e-08
143.510000000 -6.432691524555e-08
143.520000000 -6.435078561783e-08
143.530000000 -6.437465599012e-08
143.540000000 -6.439852636240e-08
143.550000000 -6.442239673468e-08
143.560000000 -6.444626710696e-08
143.570000000 -6.447013747924e-08
143.580000000 -6.449400785152e-08
143.590000000 -6.451787822380e-08
143.600000000 -6.454174859609e-08
143.610000000 -6.456561896837e-08
143.620000000 -6.458948934065e-08
143.630000000 -6.461335971293e-08
143.640000000 -6.463723008521e-08
143.650000000 -6.466110045749e-08
143.660000000 -6.468497082978e-08
143.670000000 -1.064708841202e-06
143.680000000 -6.473271157434e-08
143.690000000 -1.064756581947e-06
143.700000000 -6.478045231890e-08
143.710000000 -1.064804322691e-06
143.720000000 -6.482819306346e-08
143.730000000 -1.064852063436e-06
143.740000000 -6.487593380803e-08
143.750000000 -1.064899804180e-06
143.760000000 -6.492367455259e-08
143.770000000 -6.494754492487e-08
143.780000000 -6.497141529715e-08
143.790000000 -6.499528566943e-08
143.800000000 -6.501915604172e-08
143.810000000 -6.504302641400e-08
143.820000000 -6.506689678628e-08
143.830000000 -6.509076715856e-08
143.840000000 -6.511463753084e-08
143.850000000 -6.513850790312e-08
143.860000000 -6.516237827541e-08
143.870000000 -6.518624864769e-08
143.880000000 -6.521011901997e-08
143.890000000 -6.523398939225e-08
143.900000000 -6.525785976453e-08
143.910000000 -6.528173013681e-08
143.920000000 -6.530560050909e-08
143.930000000 -6.532947088138e-08
143.940000000 -6.535334125366e-08
143.950000000 -6.537721162594e-08
143.960000000 -6.540108199822e-08
143.970000000 -6.542495237050e-08
143.980000000 -6.544882274278e-08
143.990000000 -6.547269311506e-08
144.000000000 -6.549656348735e-08
144.010000000 -6.552043385963e-08
144.020000000 -6.554430423191e-08
144.030000000 -6.556817460419e-08
144.040000000 -6.559204497647e-08
144.050000000 -6.561591534875e-08
144.060000000 -6.563978572103e-08
144.070000000 -6.566365609332e-08
144.080000000 -6.568752646560e-08
144.090000000 -6.571139683788e-08
144.100000000 -6.573526721016e-08
144.110000000 -6.575913758244e-08
144.120000000 -6.578300795472e-08
144.130000000 -6.580687832701e-08
144.140000000 -6.583074869929e-08
144.150000000 -6.585461907157e-08
144.160000000 -6.587848944385e-08
144.170000000 -6.590235981613e-08
144.180000000 -6.592623018841e-08
144.190000000 -6.595010056069e-08
144.200000000 -6.597397093298e-08
144.210000000 -6.599784130526e-08
144.220000000 -6.602171167754e-08
144.230000000 -6.604558204982e-08
144.240000000 -6.606945242210e-08
144.250000000 -6.609332279438e-08
144.260000000 -6.611719316666e-08
144.270000000 -6.614106353895e-08
144.280000000 -6.616493391123e-08
144.290000000 -6.618880428351e-08
144.300000000 -6.621267465579e-08
144.310000000 -6.623654502807e-08
144.320000000 -6.626041540035e-08
144.330000000 -6.628428577264e-08
144.340000000 -6.630815614492e-08
144.350000000 -6.633202651720e-08
144.360000000 -6.635589688948e-08
144.370000000 -6.637976726176e-08
144.380000000 -6.640363763404e-08
144.390000000 -6.642750800632e-08
144.400000000 -6.645137837861e-08
144.410000000 -6.647524875089e-08
144.420000000 -6.649911912317e-08
144.430000000 -6.652298949545e-08
144.440000000 -6.654685986773e-08
144.450000000 -6.657073024001e-08
144.460000000 -6.659460061229e-08
144.470000000 -6.661847098458e-08
144.480000000 -6.664234135686e-08
144.490000000 -6.666621172914e-08
144.500000000 -6.669008210142e-08
144.510000000 -6.671395247370e-08
144.520000000 -6.673782284598e-08
144.530000000 -6.676169321826e-08
144.540000000 -6.678556359055e-08
144.550000000 9.331905660372e-07
144.560000000 -6.683330433511e-08
144.570000000 9.331428252926e-07
144.580000000 -6.688104507967e-08
144.590000000 9.330950845480e-07
144.600000000 -6.692878582424e-08
144.610000000 9.330473438035e-07
144.620000000 -6.697652656880e-08
144.630000000 9.329996030589e-07
144.640000000 -6.702426731336e-08
144.650000000 9.329518623144e-07
144.660000000 -6.707200805792e-08
144.670000000 9.329041215698e-07
144.680000000 -6.711974880249e-08
144.690000000 9.328563808252e-07
144.700000000 -6.716748954705e-08
144.710000000 9.328086400807e-07
144.720000000 -6.721523029161e-08
144.730000000 9.327608993361e-07
144.740000000 -6.726297103618e-08
144.750000000 -6.728684140846e-08
144.760000000 -6.731071178074e-08
144.770000000 -6.733458215302e-08
144.780000000 -6.735845252530e-08
144.790000000 -6.738232289758e-08
144.800000000 -6.740619326987e-08
144.810000000 -6.743006364215e-08
144.820000000 -6.745393401443e-08
144.830000000 -6.747780438671e-08
144.840000000 -6.750167475899e-08
144.850000000 -6.752554513127e-08
144.860000000 -6.754941550355e-08
144.870000000 -6.757328587584e-08
144.880000000 -6.759715624812e-08
144.890000000 -6.762102662040e-08
144.900000000 -6.764489699268e-08
144.910000000 -6.766876736496e-08
144.920000000 -6.769263773724e-08
144.930000000 -6.771650810952e-08
144.940000000 -6.774037848181e-08
144.950000000 -6.776424885409e-08
144.960000000 -6.778811922637e-08
144.970000000 -6.781198959865e-08
144.980000000 -6.783585997093e-08
144.990000000 -6.785973034321e-08
145.000000000 -6.788360071550e-08
145.010000000 -6.790747108778e-08
145.020000000 -6.793134146006e-08
145.030000000 -6.795521183234e-08
145.040000000 -6.797908220462e-08
145.050000000 -6.800295257690e-08
145.060000000 -6.802682294918e-08
145.070000000 -6.805069332147e-08
145.080000000 -6.807456369375e-08
145.090000000 -6.809843406603e-08
145.100000000 -6.812230443831e-08
145.110000000 -6.814617481059e-08
145.120000000 -6.817004518287e-08
145.130000000 -1.068193915555e-06
145.140000000 -6.821778592744e-08
145.150000000 -1.068241656300e-06
145.160000000 -6.826552667200e-08
145.170000000 -1.068289397044e-06
145.180000000 -6.831326741656e-08
145.190000000 -1.068337137789e-06
145.200000000 -6.836100816112e-08
145.210000000 -1.068384878533e-06
145.220000000 -6.840874890569e-08
145.230000000 -1.068432619278e-06
145.240000000 -6.845648965025e-08
145.250000000 -1.068480360023e-06
145.260000000 -6.850423039481e-08
145.270000000 -1.068528100767e-06
145.280000000 -6.855197113938e-08
145.290000000 -6.857584151166e-08
145.300000000 -6.859971188394e-08
145.310000000 -6.862358225622e-08
145.320000000 -6.864745262850e-08
145.330000000 -6.867132300078e-08
145.340000000 -6.869519337307e-08
145.350000000 -6.871906374535e-08
145.360000000 -6.874293411763e-08
145.370000000 -6.876680448991e-08
145.380000000 -6.879067486219e-08
145.390000000 -6.881454523447e-08
145.400000000 -6.883841560675e-08
145.410000000 -6.886228597904e-08
145.420000000 -6.888615635132e-08
145.430000000 -6.891002672360e-08
145.440000000 -6.893389709588e-08
145.450000000 -6.895776746816e-08
145.460000000 -6.898163784044e-08
145.470000000 -6.900550821273e-08
145.480000000 -6.902937858501e-08
145.490000000 -6.905324895729e-08
145.500000000 -6.907711932957e-08
145.510000000 -6.910098970185e-08
145.520000000 -6.912486007413e-08
145.530000000 -6.914873044641e-08
145.540000000 -6.917260081870e-08
145.550000000 -6.919647119098e-08
145.560000000 -6.922034156326e-08
145.570000000 -6.924421193554e-08
145.580000000 -6.926808230782e-08
145.590000000 -6.929195268010e-08
145.600000000 -6.931582305238e-08
145.610000000 -6.933969342467e-08
145.620000000 -6.936356379695e-08
145.630000000 -6.938743416923e-08
145.640000000 -6.941130454151e-08
145.650000000 -6.943517491379e-08
145.660000000 -6.945904528607e-08
145.670000000 -6.948291565835e-08
145.680000000 -6.950678603064e-08
145.690000000 -6.953065640292e-08
145.700000000 -6.955452677520e-08
145.710000000 -6.957839714748e-08
145.720000000 -6.960226751976e-08
145.730000000 -6.962613789204e-08
145.740000000 -6.965000826433e-08
145.750000000 -6.967387863661e-08
145.760000000 -6.969774900889e-08
145.770000000 -6.972161938117e-08
145.780000000 -6.974548975345e-08
145.790000000 -6.976936012573e-08
145.800000000 -6.979323049801e-08
145.810000000 -6.981710087030e-08
145.820000000 -6.984097124258e-08
145.830000000 -6.986484161486e-08
145.840000000 -6.988871198714e-08
145.850000000 -6.991258235942e-08
145.860000000 -6.993645273170e-08
145.870000000 -6.996032310398e-08
145.880000000 -6.998419347627e-08
145.890000000 -7.000806384855e-08
145.900000000 -7.003193422083e-08
145.910000000 -7.005580459311e-08
145.920000000 -7.007967496539e-08
145.930000000 -7.010354533767e-08
145.940000000 -7.012741570996e-08
145.950000000 -7.015128608224e-08
145.960000000 -7.017515645452e-08
145.970000000 -7.019902682680e-08
145.980000000 -7.022289719908e-08
145.990000000 -7.024676757136e-08
146.000000000 -7.027063794364e-08
146.010000000 -7.029450831593e-08
146.020000000 -7.031837868821e-08
146.030000000 -7.034224906049e-08
146.040000000 -7.036611943277e-08
146.050000000 -7.038998980505e-08
146.060000000 -7.041386017733e-08
146.070000000 -7.043773054961e-08
146.080000000 -7.046160092190e-08
146.090000000 -7.048547129418e-08
146.100000000 -7.050934166646e-08
146.110000000 -7.053321203874e-08
146.120000000 -7.055708241102e-08
146.130000000 -7.058095278330e-08
146.140000000 -7.060482315559e-08
146.150000000 -7.062869352787e-08
146.160000000 -7.065256390015e-08
146.170000000 -7.067643427243e-08
146.180000000 -7.070030464471e-08
146.190000000 -7.072417501699e-08
146.200000000 -7.074804538927e-08
146.210000000 -7.077191576156e-08
146.220000000 -7.079578613384e-08
146.230000000 -7.081965650612e-08
146.240000000 -7.084352687840e-08
146.250000000 -7.086739725068e-08
146.260000000 -7.089126762296e-08
146.270000000 -7.091513799524e-08
146.280000000 -7.093900836753e-08
146.290000000 -7.096287873981e-08
146.300000000 -7.098674911209e-08
146.310000000 -7.101061948437e-08
146.320000000 -7.103448985665e-08
146.330000000 -7.105836022893e-08
146.340000000 -7.108223060121e-08
146.350000000 -7.110610097350e-08
146.360000000 -7.112997134578e-08
146.370000000 -7.115384171806e-08
146.380000000 -7.117771209034e-08
146.390000000 -7.120158246262e-08
146.400000000 -7.122545283490e-08
146.410000000 -7.124932320719e-08
146.420000000 -7.127319357947e-08
146.430000000 -7.129706395175e-08
146.440000000 -7.132093432403e-08
146.450000000 -7.134480469631e-08
146.460000000 -7.136867506859e-08
146.470000000 -7.139254544087e-08
146.480000000 -7.141641581316e-08
146.490000000 -7.144028618544e-08
146.500000000 -7.146415655772e-08
146.510000000 -7.148802693000e-08
146.520000000 -7.151189730228e-08
146.530000000 -7.153576767456e-08
146.540000000 -7.155963804684e-08
146.550000000 -7.158350841913e-08
146.560000000 -7.160737879141e-08
146.570000000 -7.163124916369e-08
146.580000000 -7.165511953597e-08
146.590000000 -7.167898990825e-08
146.600000000 -7.170286028053e-08
146.610000000 -7.172673065282e-08
146.620000000 -7.175060102510e-08
146.630000000 -7.177447139738e-08
146.640000000 -7.179834176966e-08
146.650000000 -7.182221214194e-08
146.660000000 -7.184608251422e-08
146.670000000 -7.186995288650e-08
146.680000000 -7.189382325879e-08
146.690000000 -7.191769363107e-08
146.700000000 -7.194156400335e-08
146.710000000 -7.196543437563e-08
146.720000000 -7.198930474791e-08
146.730000000 -7.201317512019e-08
146.740000000 -7.203704549247e-08
146.750000000 -7.206091586476e-08
146.760000000 -7.208478623704e-08
146.770000000 -7.210865660932e-08
146.780000000 -7.213252698160e-08
146.790000000 -7.215639735388e-08
146.800000000 -7.218026772616e-08
146.810000000 -7.220413809844e-08
146.820000000 -7.222800847073e-08
146.830000000 -7.225187884301e-08
146.840000000 -7.227574921529e-08
146.850000000 -7.229961958757e-08
146.860000000 -7.232348995985e-08
146.870000000 -7.234736033213e-08
146.880000000 -7.237123070442e-08
146.890000000 -7.239510107670e-08
146.900000000 -7.241897144898e-08
146.910000000 -7.244284182126e-08
146.920000000 -7.246671219354e-08
146.930000000 -7.249058256582e-08
146.940000000 -7.251445293810e-08
146.950000000 -7.253832331039e-08
146.960000000 -7.256219368267e-08
146.970000000 -7.258606405495e-08
146.980000000 -7.260993442723e-08
146.990000000 -7.263380479951e-08
147.000000000 -7.265767517179e-08
147.010000000 -7.268154554407e-08
147.020000000 -7.270541591636e-08
147.030000000 -7.272928628864e-08
147.040000000 -7.275315666092e-08
147.050000000 -7.277702703320e-08
147.060000000 -7.280089740548e-08
147.070000000 -7.282476777776e-08
147.080000000 -7.284863815005e-08
147.090000000 -7.287250852233e-08
147.100000000 -7.289637889461e-08
147.110000000 -7.292024926689e-08
147.120000000 -7.294411963917e-08
147.130000000 -7.296799001145e-08
147.140000000 -7.299186038373e-08
147.150000000 -7.301573075602e-08
147.160000000 -7.303960112830e-08
147.170000000 -7.306347150058e-08
147.180000000 -7.308734187286e-08
147.190000000 -7.311121224514e-08
147.200000000 -7.313508261742e-08
147.210000000 -7.315895298970e-08
147.220000000 -7.318282336199e-08
147.230000000 -7.320669373427e-08
147.240000000 -7.323056410655e-08
147.250000000 -7.325443447883e-08
147.260000000 -7.327830485111e-08
147.270000000 -7.330217522339e-08
147.280000000 -7.332604559568e-08
147.290000000 -7.334991596796e-08
147.300000000 -7.337378634024e-08
147.310000000 -7.339765671252e-08
147.320000000 -7.342152708480e-08
147.330000000 -7.344539745708e-08
147.340000000 -7.346926782936e-08
147.350000000 -7.349313820165e-08
147.360000000 -7.351700857393e-08
147.370000000 -7.354087894621e-08
147.380000000 -7.356474931849e-08
147.390000000 -7.358861969077e-08
147.400000000 -7.361249006305e-08
147.410000000 -7.363636043533e-08
147.420000000 -7.366023080762e-08
147.430000000 -7.368410117990e-08
147.440000000 -7.370797155218e-08
147.450000000 -7.373184192446e-08
147.460000000 -7.375571229674e-08
147.470000000 -7.377958266902e-08
147.480000000 -7.380345304130e-08
147.490000000 -7.382732341359e-08
147.500000000 -7.385119378587e-08
147.510000000 -7.387506415815e-08
147.520000000 -7.389893453043e-08
147.530000000 -7.392280490271e-08
147.540000000 -7.394667527499e-08
147.550000000 -7.397054564728e-08
147.560000000 -7.399441601956e-08
147.570000000 -7.401828639184e-08
147.580000000 -7.404215676412e-08
147.590000000 -7.406602713640e-08
147.600000000 -7.408989750868e-08
147.610000000 -7.411376788096e-08
147.620000000 -7.413763825325e-08
147.630000000 -7.416150862553e-08
147.640000000 -7.418537899781e-08
147.650000000 -7.420924937009e-08
147.660000000 -7.423311974237e-08
147.670000000 -7.425699011465e-08
147.680000000 -7.428086048693e-08
147.690000000 -1.074304730859e-06
147.700000000 -7.432860123150e-08
147.710000000 -1.074352471604e-06
147.720000000 -7.437634197606e-08
147.730000000 -1.074400212348e-06
147.740000000 -7.442408272062e-08
147.750000000 -7.444795309291e-08
147.760000000 -7.447182346519e-08
147.770000000 -7.449569383747e-08
147.780000000 -7.451956420975e-08
147.790000000 -7.454343458203e-08
147.800000000 -7.456730495431e-08
147.810000000 -7.459117532659e-08
147.820000000 -7.461504569888e-08
147.830000000 -7.463891607116e-08
147.840000000 -7.466278644344e-08
147.850000000 -7.468665681572e-08
147.860000000 -7.471052718800e-08
147.870000000 -7.473439756028e-08
147.880000000 -7.475826793256e-08
147.890000000 -7.478213830485e-08
147.900000000 -7.480600867713e-08
147.910000000 -7.482987904941e-08
147.920000000 -7.485374942169e-08
147.930000000 -7.487761979397e-08
147.940000000 -7.490149016625e-08
147.950000000 -7.492536053853e-08
147.960000000 -7.494923091082e-08
147.970000000 -7.497310128310e-08
147.980000000 -7.499697165538e-08
147.990000000 -7.502084202766e-08
148.000000000 -7.504471239994e-08
148.010000000 -7.506858277222e-08
148.020000000 -7.509245314451e-08
148.030000000 -7.511632351679e-08
148.040000000 -7.514019388907e-08
148.050000000 -7.516406426135e-08
148.060000000 -7.518793463363e-08
148.070000000 -7.521180500591e-08
148.080000000 -7.523567537819e-08
148.090000000 -7.525954575048e-08
148.100000000 -7.528341612276e-08
148.110000000 -7.530728649504e-08
148.120000000 -7.533115686732e-08
148.130000000 -7.535502723960e-08
148.140000000 -7.537889761188e-08
148.150000000 -7.540276798416e-08
148.160000000 -7.542663835645e-08
148.170000000 -7.545050872873e-08
148.180000000 -7.547437910101e-08
148.190000000 -7.549824947329e-08
148.200000000 -7.552211984557e-08
148.210000000 -7.554599021785e-08
148.220000000 -7.556986059014e-08
148.230000000 -7.559373096242e-08
148.240000000 -7.561760133470e-08
148.250000000 -7.564147170698e-08
148.260000000 -7.566534207926e-08
148.270000000 -7.568921245154e-08
148.280000000 -7.571308282382e-08
148.290000000 -7.573695319611e-08
148.300000000 -7.576082356839e-08
148.310000000 -7.578469394067e-08
148.320000000 -7.580856431295e-08
148.330000000 -7.583243468523e-08
148.340000000 -7.585630505751e-08
148.350000000 -7.588017542979e-08
148.360000000 -7.590404580208e-08
148.370000000 -7.592791617436e-08
148.380000000 -7.595178654664e-08
148.390000000 -7.597565691892e-08
148.400000000 -7.599952729120e-08
148.410000000 -7.602339766348e-08
148.420000000 -7.604726803576e-08
148.430000000 -7.607113840805e-08
148.440000000 -7.609500878033e-08
148.450000000 -7.611887915261e-08
148.460000000 -7.614274952489e-08
148.470000000 -7.616661989717e-08
148.480000000 -7.619049026945e-08
148.490000000 -7.621436064174e-08
148.500000000 -7.623823101402e-08
148.510000000 -7.626210138630e-08
148.520000000 -7.628597175858e-08
148.530000000 -7.630984213086e-08
148.540000000 -7.633371250314e-08
148.550000000 -7.635758287542e-08
148.560000000 -7.638145324771e-08
148.570000000 -7.640532361999e-08
148.580000000 -7.642919399227e-08
148.590000000 -7.645306436455e-08
148.600000000 -7.647693473683e-08
148.610000000 -7.650080510911e-08
148.620000000 -7.652467548139e-08
148.630000000 -7.654854585368e-08
148.640000000 -7.657241622596e-08
148.650000000 -7.659628659824e-08
148.660000000 -7.662015697052e-08
148.670000000 -7.664402734280e-08
148.680000000 -7.666789771508e-08
148.690000000 -7.669176808737e-08
148.700000000 -7.671563845965e-08
148.710000000 -7.673950883193e-08
148.720000000 -7.676337920421e-08
148.730000000 -7.678724957649e-08
148.740000000 -7.681111994877e-08
148.750000000 -7.683499032105e-08
148.760000000 -7.685886069334e-08
148.770000000 -7.688273106562e-08
148.780000000 -7.690660143790e-08
148.790000000 -7.693047181018e-08
148.800000000 -7.695434218246e-08
148.810000000 -7.697821255474e-08
148.820000000 -7.700208292702e-08
148.830000000 -7.702595329931e-08
148.840000000 -7.704982367159e-08
148.850000000 -7.707369404387e-08
148.860000000 -7.709756441615e-08
148.870000000 -7.712143478843e-08
148.880000000 -7.714530516071e-08
148.890000000 -7.716917553300e-08
148.900000000 -7.719304590528e-08
148.910000000 -7.721691627756e-08
148.920000000 -7.724078664984e-08
148.930000000 -7.726465702212e-08
148.940000000 -7.728852739440e-08
148.950000000 -7.731239776668e-08
148.960000000 -7.733626813897e-08
148.970000000 -7.736013851125e-08
148.980000000 -7.738400888353e-08
148.990000000 -7.740787925581e-08
149.000000000 -7.743174962809e-08
149.010000000 -7.745562000037e-08
149.020000000 -7.747949037265e-08
149.030000000 -7.750336074494e-08
149.040000000 -7.752723111722e-08
149.050000000 -7.755110148950e-08
149.060000000 -7.757497186178e-08
149.070000000 -7.759884223406e-08
149.080000000 -7.762271260634e-08
149.090000000 -7.764658297862e-08
149.100000000 -7.767045335091e-08
149.110000000 -7.769432372319e-08
149.120000000 -7.771819409547e-08
149.130000000 -7.774206446775e-08
149.140000000 -7.776593484003e-08
149.150000000 -7.778980521231e-08
149.160000000 -7.781367558460e-08
149.170000000 -7.783754595688e-08
149.180000000 -7.786141632916e-08
149.190000000 -7.788528670144e-08
149.200000000 -7.790915707372e-08
149.210000000 -7.793302744600e-08
149.220000000 -7.795689781828e-08
149.230000000 -7.798076819057e-08
149.240000000 -7.800463856285e-08
149.250000000 -7.802850893513e-08
149.260000000 -7.805237930741e-08
149.270000000 -7.807624967969e-08
149.280000000 -7.810012005197e-08
149.290000000 -7.812399042425e-08
149.300000000 -7.814786079654e-08
149.310000000 -7.817173116882e-08
149.320000000 -7.819560154110e-08
149.330000000 -7.821947191338e-08
149.340000000 -7.824334228566e-08
149.350000000 -7.826721265794e-08
149.360000000 -7.829108303023e-08
149.370000000 -7.831495340251e-08
149.380000000 -7.833882377479e-08
149.390000000 -7.836269414707e-08
149.400000000 -7.838656451935e-08
149.410000000 -7.841043489163e-08
149.420000000 -7.843430526391e-08
149.430000000 -7.845817563620e-08
149.440000000 -7.848204600848e-08
149.450000000 -7.850591638076e-08
149.460000000 -7.852978675304e-08
149.470000000 -7.855365712532e-08
149.480000000 -7.857752749760e-08
149.490000000 -7.860139786988e-08
149.500000000 -7.862526824217e-08
149.510000000 -7.864913861445e-08
149.520000000 -7.867300898673e-08
149.530000000 -7.869687935901e-08
149.540000000 -7.872074973129e-08
149.550000000 -7.874462010357e-08
149.560000000 -7.876849047586e-08
149.570000000 -7.879236084814e-08
149.580000000 -7.881623122042e-08
149.590000000 -7.884010159270e-08
149.600000000 -7.886397196498e-08
149.610000000 -7.888784233726e-08
149.620000000 -7.891171270954e-08
149.630000000 -7.893558308183e-08
149.640000000 -7.895945345411e-08
149.650000000 -7.898332382639e-08
149.660000000 -7.900719419867e-08
149.670000000 -7.903106457095e-08
149.680000000 -7.905493494323e-08
149.690000000 -7.907880531551e-08
149.700000000 -7.910267568780e-08
149.710000000 -7.912654606008e-08
149.720000000 -7.915041643236e-08
149.730000000 -7.917428680464e-08
149.740000000 -7.919815717692e-08
149.750000000 -7.922202754920e-08
149.760000000 -7.924589792148e-08
149.770000000 -7.926976829377e-08
149.780000000 -7.929363866605e-08
149.790000000 -7.931750903833e-08
149.800000000 -7.934137941061e-08
149.810000000 -7.936524978289e-08
149.820000000 -7.938912015517e-08
149.830000000 9.205870094725e-07
149.840000000 -7.943686089974e-08
149.850000000 9.205392687280e-07
149.860000000 -7.948460164430e-08
149.870000000 -7.950847201658e-08
149.880000000 -7.953234238886e-08
149.890000000 -7.955621276114e-08
149.900000000 -7.958008313343e-08
149.910000000 -7.960395350571e-08
149.920000000 -7.962782387799e-08
149.930000000 -7.965169425027e-08
149.940000000 -7.967556462255e-08
149.950000000 -7.969943499483e-08
149.960000000 -7.972330536711e-08
149.970000000 -7.974717573940e-08
149.980000000 -7.977104611168e-08
149.990000000 -7.979491648396e-08
150.000000000 -7.981878685624e-08
150.010000000 -7.984265722852e-08
150.020000000 -7.986652760080e-08
150.030000000 -7.989039797309e-08
150.040000000 -7.991426834537e-08
150.050000000 -7.993813871765e-08
150.060000000 -7.996200908993e-08
150.070000000 -7.998587946221e-08
150.080000000 -8.000974983449e-08
150.090000000 -8.003362020677e-08
150.100000000 -8.005749057906e-08
150.110000000 -8.008136095134e-08
150.120000000 -8.010523132362e-08
150.130000000 -8.012910169590e-08
150.140000000 -8.015297206818e-08
150.150000000 -8.017684244046e-08
150.160000000 -8.020071281274e-08
150.170000000 -8.022458318503e-08
150.180000000 -8.024845355731e-08
150.190000000 -8.027232392959e-08
150.200000000 -8.029619430187e-08
150.210000000 -8.032006467415e-08
150.220000000 -8.034393504643e-08
150.230000000 -8.036780541871e-08
150.240000000 -8.039167579100e-08
150.250000000 -8.041554616328e-08
150.260000000 -8.043941653556e-08
150.270000000 -8.046328690784e-08
150.280000000 -8.048715728012e-08
150.290000000 -8.051102765240e-08
150.300000000 -8.053489802469e-08
150.310000000 -8.055876839697e-08
150.320000000 -8.058263876925e-08
150.330000000 -8.060650914153e-08
150.340000000 -8.063037951381e-08
150.350000000 -8.065424988609e-08
150.360000000 -8.067812025837e-08
150.370000000 -8.070199063066e-08
150.380000000 -8.072586100294e-08
150.390000000 -8.074973137522e-08
150.400000000 -8.077360174750e-08
150.410000000 -8.079747211978e-08
150.420000000 -8.082134249206e-08
150.430000000 -8.084521286434e-08
150.440000000 -8.086908323663e-08
150.450000000 -8.089295360891e-08
150.460000000 -8.091682398119e-08
150.470000000 -8.094069435347e-08
150.480000000 -8.096456472575e-08
150.490000000 -8.098843509803e-08
150.500000000 -8.101230547032e-08
150.510000000 -8.103617584260e-08
150.520000000 -8.106004621488e-08
150.530000000 -8.108391658716e-08
150.540000000 -8.110778695944e-08
150.550000000 -8.113165733172e-08
150.560000000 -8.115552770400e-08
150.570000000 -8.117939807629e-08
150.580000000 -8.120326844857e-08
150.590000000 -8.122713882085e-08
150.600000000 -8.125100919313e-08
150.610000000 -8.127487956541e-08
150.620000000 -8.129874993769e-08
150.630000000 -1.081322620310e-06
150.640000000 -8.134649068226e-08
150.650000000 -8.137036105454e-08
150.660000000 -8.139423142682e-08
150.670000000 -8.141810179910e-08
150.680000000 -8.144197217138e-08
150.690000000 -8.146584254366e-08
150.700000000 -8.148971291595e-08
150.710000000 -8.151358328823e-08
150.720000000 -8.153745366051e-08
150.730000000 -8.156132403279e-08
150.740000000 -8.158519440507e-08
150.750000000 -8.160906477735e-08
150.760000000 -8.163293514963e-08
150.770000000 -8.165680552192e-08
150.780000000 -8.168067589420e-08
150.790000000 -8.170454626648e-08
150.800000000 -8.172841663876e-08
150.810000000 -8.175228701104e-08
150.820000000 -8.177615738332e-08
150.830000000 -8.180002775560e-08
150.840000000 -8.182389812789e-08
150.850000000 -8.184776850017e-08
150.860000000 -8.187163887245e-08
150.870000000 -8.189550924473e-08
150.880000000 -8.191937961701e-08
150.890000000 -8.194324998929e-08
150.900000000 -8.196712036157e-08
150.910000000 -8.199099073386e-08
150.920000000 -8.201486110614e-08
150.930000000 -8.203873147842e-08
150.940000000 -8.206260185070e-08
150.950000000 -8.208647222298e-08
150.960000000 -8.211034259526e-08
150.970000000 -8.213421296755e-08
150.980000000 -8.215808333983e-08
150.990000000 -8.218195371211e-08
151.000000000 -8.220582408439e-08
151.010000000 -8.222969445667e-08
151.020000000 -8.225356482895e-08
151.030000000 -8.227743520123e-08
151.040000000 -8.230130557352e-08
151.050000000 -8.232517594580e-08
151.060000000 -8.234904631808e-08
151.070000000 -8.237291669036e-08
151.080000000 -8.239678706264e-08
151.090000000 -8.242065743492e-08
151.100000000 -8.244452780720e-08
151.110000000 -8.246839817949e-08
151.120000000 -8.249226855177e-08
151.130000000 -8.251613892405e-08
151.140000000 -8.254000929633e-08
151.150000000 -8.256387966861e-08
151.160000000 -8.258775004089e-08
151.170000000 -8.261162041318e-08
151.180000000 -8.263549078546e-08
151.190000000 -8.265936115774e-08
151.200000000 -8.268323153002e-08
151.210000000 -8.270710190230e-08
151.220000000 -8.273097227458e-08
151.230000000 -8.275484264686e-08
151.240000000 -8.277871301915e-08
151.250000000 -8.280258339143e-08
151.260000000 -8.282645376371e-08
151.270000000 -8.285032413599e-08
151.280000000 -8.287419450827e-08
151.290000000 -8.289806488055e-08
151.300000000 -8.292193525283e-08
151.310000000 -8.294580562512e-08
151.320000000 -8.296967599740e-08
151.330000000 -8.299354636968e-08
151.340000000 -8.301741674196e-08
151.350000000 -8.304128711424e-08
151.360000000 -8.306515748652e-08
151.370000000 -8.308902785880e-08
151.380000000 -8.311289823109e-08
151.390000000 -8.313676860337e-08
151.400000000 -8.316063897565e-08
151.410000000 -8.318450934793e-08
151.420000000 -8.320837972021e-08
151.430000000 -8.323225009249e-08
151.440000000 -8.325612046478e-08
151.450000000 -8.327999083706e-08
151.460000000 -8.330386120934e-08
151.470000000 -8.332773158162e-08
151.480000000 -8.335160195390e-08
151.490000000 -8.337547232618e-08
151.500000000 -8.339934269846e-08
151.510000000 -8.342321307075e-08
151.520000000 -8.344708344303e-08
151.530000000 -8.347095381531e-08
151.540000000 -8.349482418759e-08
151.550000000 -8.351869455987e-08
151.560000000 -8.354256493215e-08
151.570000000 -8.356643530443e-08
151.580000000 -8.359030567672e-08
151.590000000 -8.361417604900e-08
151.600000000 -8.363804642128e-08
151.610000000 -8.366191679356e-08
151.620000000 -8.368578716584e-08
151.630000000 -1.083709657538e-06
151.640000000 -8.373352791041e-08
151.650000000 -1.083757398283e-06
151.660000000 -8.378126865497e-08
151.670000000 -1.083805139027e-06
151.680000000 -8.382900939953e-08
151.690000000 -1.083852879772e-06
151.700000000 -8.387675014409e-08
151.710000000 -8.390062051638e-08
151.720000000 -8.392449088866e-08
151.730000000 -8.394836126094e-08
151.740000000 -8.397223163322e-08
151.750000000 -8.399610200550e-08
151.760000000 -8.401997237778e-08
151.770000000 -8.404384275006e-08
151.780000000 -8.406771312235e-08
151.790000000 -8.409158349463e-08
151.800000000 -8.411545386691e-08
151.810000000 -8.413932423919e-08
151.820000000 -8.416319461147e-08
151.830000000 -8.418706498375e-08
151.840000000 -8.421093535603e-08
151.850000000 -8.423480572832e-08
151.860000000 -8.425867610060e-08
151.870000000 -8.428254647288e-08
151.880000000 -8.430641684516e-08
151.890000000 -8.433028721744e-08
151.900000000 -8.435415758972e-08
151.910000000 -8.437802796201e-08
151.920000000 -8.440189833429e-08
151.930000000 -8.442576870657e-08
151.940000000 -8.444963907885e-08
151.950000000 -8.447350945113e-08
151.960000000 -8.449737982341e-08
151.970000000 -8.452125019569e-08
151.980000000 -8.454512056798e-08
151.990000000 -8.456899094026e-08
152.000000000 -8.459286131254e-08
152.010000000 -8.461673168482e-08
152.020000000 -8.464060205710e-08
152.030000000 -8.466447242938e-08
152.040000000 -8.468834280166e-08
152.050000000 -8.471221317395e-08
152.060000000 -8.473608354623e-08
152.070000000 -8.475995391851e-08
152.080000000 -8.478382429079e-08
152.090000000 -8.480769466307e-08
152.100000000 -8.483156503535e-08
152.110000000 -8.485543540764e-08
152.120000000 -8.487930577992e-08
152.130000000 -8.490317615220e-08
152.140000000 -8.492704652448e-08
152.150000000 -8.495091689676e-08
152.160000000 -8.497478726904e-08
152.170000000 -8.499865764132e-08
152.180000000 -8.502252801361e-08
152.190000000 -8.504639838589e-08
152.200000000 -8.507026875817e-08
152.210000000 -8.509413913045e-08
152.220000000 -8.511800950273e-08
152.230000000 -8.514187987501e-08
152.240000000 -8.516575024729e-08
152.250000000 -8.518962061958e-08
152.260000000 -8.521349099186e-08
152.270000000 -8.523736136414e-08
152.280000000 -8.526123173642e-08
152.290000000 -8.528510210870e-08
152.300000000 -8.530897248098e-08
152.310000000 -8.533284285327e-08
152.320000000 -8.535671322555e-08
152.330000000 -8.538058359783e-08
152.340000000 -8.540445397011e-08
152.350000000 -8.542832434239e-08
152.360000000 -8.545219471467e-08
152.370000000 -8.547606508695e-08
152.380000000 -8.549993545924e-08
152.390000000 -8.552380583152e-08
152.400000000 -8.554767620380e-08
152.410000000 -8.557154657608e-08
152.420000000 -8.559541694836e-08
152.430000000 -8.561928732064e-08
152.440000000 -8.564315769292e-08
152.450000000 -8.566702806521e-08
152.460000000 -8.569089843749e-08
152.470000000 -8.571476880977e-08
152.480000000 -8.573863918205e-08
152.490000000 -8.576250955433e-08
152.500000000 -8.578637992661e-08
152.510000000 -8.581025029889e-08
152.520000000 -8.583412067118e-08
152.530000000 -8.585799104346e-08
152.540000000 -8.588186141574e-08
152.550000000 -8.590573178802e-08
152.560000000 -8.592960216030e-08
152.570000000 -8.595347253258e-08
152.580000000 -8.597734290487e-08
152.590000000 -8.600121327715e-08
152.600000000 -8.602508364943e-08
152.610000000 -8.604895402171e-08
152.620000000 -8.607282439399e-08
152.630000000 -8.609669476627e-08
152.640000000 -8.612056513855e-08
152.650000000 -8.614443551084e-08
152.660000000 -8.616830588312e-08
152.670000000 -8.619217625540e-08
152.680000000 -8.621604662768e-08
152.690000000 -8.623991699996e-08
152.700000000 -8.626378737224e-08
152.710000000 -8.628765774452e-08
152.720000000 -8.631152811681e-08
152.730000000 -8.633539848909e-08
152.740000000 -8.635926886137e-08
152.750000000 -8.638313923365e-08
152.760000000 -8.640700960593e-08
152.770000000 -8.643087997821e-08
152.780000000 -8.645475035050e-08
152.790000000 -8.647862072278e-08
152.800000000 -8.650249109506e-08
152.810000000 -8.652636146734e-08
152.820000000 -8.655023183962e-08
152.830000000 -8.657410221190e-08
152.840000000 -8.659797258418e-08
152.850000000 -8.662184295647e-08
152.860000000 -8.664571332875e-08
152.870000000 -8.666958370103e-08
152.880000000 -8.669345407331e-08
152.890000000 -8.671732444559e-08
152.900000000 -8.674119481787e-08
152.910000000 -8.676506519015e-08
152.920000000 -8.678893556244e-08
152.930000000 -8.681280593472e-08
152.940000000 -8.683667630700e-08
152.950000000 -8.686054667928e-08
152.960000000 -8.688441705156e-08
152.970000000 -8.690828742384e-08
152.980000000 -8.693215779612e-08
152.990000000 -8.695602816841e-08
153.000000000 -8.697989854069e-08
153.010000000 -8.700376891297e-08
153.020000000 -8.702763928525e-08
153.030000000 -8.705150965753e-08
153.040000000 -8.707538002981e-08
153.050000000 -8.709925040210e-08
153.060000000 -8.712312077438e-08
153.070000000 -8.714699114666e-08
153.080000000 -8.717086151894e-08
153.090000000 -8.719473189122e-08
153.100000000 -8.721860226350e-08
153.110000000 -8.724247263578e-08
153.120000000 -8.726634300807e-08
153.130000000 -8.729021338035e-08
153.140000000 -8.731408375263e-08
153.150000000 -8.733795412491e-08
153.160000000 -8.736182449719e-08
153.170000000 -8.738569486947e-08
153.180000000 -8.740956524175e-08
153.190000000 -8.743343561404e-08
153.200000000 -8.745730598632e-08
153.210000000 -8.748117635860e-08
153.220000000 -8.750504673088e-08
153.230000000 -8.752891710316e-08
153.240000000 -8.755278747544e-08
153.250000000 -8.757665784773e-08
153.260000000 -8.760052822001e-08
153.270000000 -8.762439859229e-08
153.280000000 -8.764826896457e-08
153.290000000 -8.767213933685e-08
153.300000000 -8.769600970913e-08
153.310000000 -8.771988008141e-08
153.320000000 -8.774375045370e-08
153.330000000 -8.776762082598e-08
153.340000000 -8.779149119826e-08
153.350000000 -8.781536157054e-08
153.360000000 -8.783923194282e-08
153.370000000 -8.786310231510e-08
153.380000000 -8.788697268738e-08
153.390000000 -8.791084305967e-08
153.400000000 -8.793471343195e-08
153.410000000 -8.795858380423e-08
153.420000000 -8.798245417651e-08
153.430000000 -8.800632454879e-08
153.440000000 -8.803019492107e-08
153.450000000 -8.805406529336e-08
153.460000000 -8.807793566564e-08
153.470000000 -8.810180603792e-08
153.480000000 -8.812567641020e-08
153.490000000 -8.814954678248e-08
153.500000000 -8.817341715476e-08
153.510000000 -8.819728752704e-08
153.520000000 -8.822115789933e-08
153.530000000 -8.824502827161e-08
153.540000000 -8.826889864389e-08
153.550000000 -8.829276901617e-08
153.560000000 -8.831663938845e-08
153.570000000 -8.834050976073e-08
153.580000000 -8.836438013301e-08
153.590000000 -8.838825050530e-08
153.600000000 -8.841212087758e-08
153.610000000 -8.843599124986e-08
153.620000000 -8.845986162214e-08
153.630000000 -8.848373199442e-08
153.640000000 -8.850760236670e-08
153.650000000 -8.853147273898e-08
153.660000000 -8.855534311127e-08
153.670000000 -8.857921348355e-08
153.680000000 -8.860308385583e-08
153.690000000 -8.862695422811e-08
153.700000000 -8.865082460039e-08
153.710000000 -8.867469497267e-08
153.720000000 -8.869856534496e-08
153.730000000 -8.872243571724e-08
153.740000000 -8.874630608952e-08
153.750000000 -8.877017646180e-08
153.760000000 -8.879404683408e-08
153.770000000 -8.881791720636e-08
153.780000000 -8.884178757864e-08
153.790000000 -8.886565795093e-08
153.800000000 -8.888952832321e-08
153.810000000 -8.891339869549e-08
153.820000000 -8.893726906777e-08
153.830000000 -8.896113944005e-08
153.840000000 -8.898500981233e-08
153.850000000 -8.900888018461e-08
153.860000000 -8.903275055690e-08
153.870000000 -8.905662092918e-08
153.880000000 -8.908049130146e-08
153.890000000 -8.910436167374e-08
153.900000000 -8.912823204602e-08
153.910000000 -8.915210241830e-08
153.920000000 -8.917597279059e-08
153.930000000 -8.919984316287e-08
153.940000000 -8.922371353515e-08
153.950000000 -8.924758390743e-08
153.960000000 -8.927145427971e-08
153.970000000 -8.929532465199e-08
153.980000000 -8.931919502427e-08
153.990000000 -8.934306539656e-08
154.000000000 -8.936693576884e-08
154.010000000 -8.939080614112e-08
154.020000000 -8.941467651340e-08
154.030000000 -8.943854688568e-08
154.040000000 -8.946241725796e-08
154.050000000 -8.948628763024e-08
154.060000000 -8.951015800253e-08
154.070000000 -8.953402837481e-08
154.080000000 -8.955789874709e-08
154.090000000 -8.958176911937e-08
154.100000000 -8.960563949165e-08
154.110000000 -8.962950986393e-08
154.120000000 -8.965338023621e-08
154.130000000 -8.967725060850e-08
154.140000000 -8.970112098078e-08
154.150000000 -8.972499135306e-08
154.160000000 -8.974886172534e-08
154.170000000 -8.977273209762e-08
154.180000000 -8.979660246990e-08
154.190000000 -8.982047284219e-08
154.200000000 -8.984434321447e-08
154.210000000 -8.986821358675e-08
154.220000000 -8.989208395903e-08
154.230000000 -8.991595433131e-08
154.240000000 -8.993982470359e-08
154.250000000 -8.996369507587e-08
154.260000000 -8.998756544816e-08
154.270000000 -9.001143582044e-08
154.280000000 -9.003530619272e-08
154.290000000 -9.005917656500e-08
154.300000000 -9.008304693728e-08
154.310000000 -9.010691730956e-08
154.320000000 -9.013078768184e-08
154.330000000 -9.015465805413e-08
154.340000000 -9.017852842641e-08
154.350000000 -9.020239879869e-08
154.360000000 -9.022626917097e-08
154.370000000 -9.025013954325e-08
154.380000000 -9.027400991553e-08
154.390000000 -9.029788028782e-08
154.400000000 -9.032175066010e-08
154.410000000 -9.034562103238e-08
154.420000000 -9.036949140466e-08
154.430000000 -9.039336177694e-08
154.440000000 -9.041723214922e-08
154.450000000 -9.044110252150e-08
154.460000000 -9.046497289379e-08
154.470000000 -9.048884326607e-08
154.480000000 -9.051271363835e-08
154.490000000 -9.053658401063e-08
154.500000000 -9.056045438291e-08
154.510000000 -9.058432475519e-08
154.520000000 -9.060819512747e-08
154.530000000 -9.063206549976e-08
154.540000000 -9.065593587204e-08
154.550000000 -9.067980624432e-08
154.560000000 -9.070367661660e-08
154.570000000 -9.072754698888e-08
154.580000000 -9.075141736116e-08
154.590000000 -9.077528773345e-08
154.600000000 -9.079915810573e-08
154.610000000 -9.082302847801e-08
154.620000000 -9.084689885029e-08
154.630000000 -9.087076922257e-08
154.640000000 -9.089463959485e-08
154.650000000 -9.091850996713e-08
154.660000000 -9.094238033942e-08
154.670000000 -9.096625071170e-08
154.680000000 -9.099012108398e-08
154.690000000 -9.101399145626e-08
154.700000000 -9.103786182854e-08
154.710000000 -9.106173220082e-08
154.720000000 -9.108560257310e-08
154.730000000 -9.110947294539e-08
154.740000000 -9.113334331767e-08
154.750000000 -9.115721368995e-08
154.760000000 -9.118108406223e-08
154.770000000 -9.120495443451e-08
154.780000000 -9.122882480679e-08
154.790000000 -9.125269517907e-08
154.800000000 -9.127656555136e-08
154.810000000 -9.130043592364e-08
154.820000000 -9.132430629592e-08
154.830000000 -9.134817666820e-08
154.840000000 -9.137204704048e-08
154.850000000 -9.139591741276e-08
154.860000000 -9.141978778505e-08
154.870000000 -9.144365815733e-08
154.880000000 -9.146752852961e-08
154.890000000 -9.149139890189e-08
154.900000000 -9.151526927417e-08
154.910000000 -9.153913964645e-08
154.920000000 -9.156301001873e-08
154.930000000 -9.158688039102e-08
154.940000000 -9.161075076330e-08
154.950000000 -9.163462113558e-08
154.960000000 -9.165849150786e-08
154.970000000 -9.168236188014e-08
154.980000000 -9.170623225242e-08
154.990000000 -9.173010262470e-08
155.000000000 -9.175397299699e-08
155.010000000 -9.177784336927e-08
155.020000000 -9.180171374155e-08
155.030000000 -9.182558411383e-08
155.040000000 -9.184945448611e-08
155.050000000 -9.187332485839e-08
155.060000000 -9.189719523068e-08
155.070000000 -9.192106560296e-08
155.080000000 -9.194493597524e-08
155.090000000 -9.196880634752e-08
155.100000000 -9.199267671980e-08
155.110000000 -9.201654709208e-08
155.120000000 -9.204041746436e-08
155.130000000 -9.206428783665e-08
155.140000000 -9.208815820893e-08
155.150000000 -9.211202858121e-08
155.160000000 -9.213589895349e-08
155.170000000 -9.215976932577e-08
155.180000000 -9.218363969805e-08
155.190000000 -9.220751007033e-08
155.200000000 -9.223138044262e-08
155.210000000 -9.225525081490e-08
155.220000000 -9.227912118718e-08
155.230000000 -9.230299155946e-08
155.240000000 -9.232686193174e-08
155.250000000 -9.235073230402e-08
155.260000000 -9.237460267630e-08
155.270000000 -9.239847304859e-08
155.280000000 -9.242234342087e-08
155.290000000 -9.244621379315e-08
155.300000000 -9.247008416543e-08
155.310000000 -9.249395453771e-08
155.320000000 -9.251782490999e-08
155.330000000 -9.254169528228e-08
155.340000000 -9.256556565456e-08
155.350000000 -9.258943602684e-08
155.360000000 -9.261330639912e-08
155.370000000 -9.263717677140e-08
155.380000000 -9.266104714368e-08
155.390000000 -9.268491751596e-08
155.400000000 -9.270878788825e-08
155.410000000 -9.273265826053e-08
155.420000000 -9.275652863281e-08
155.430000000 -9.278039900509e-08
155.440000000 -9.280426937737e-08
155.450000000 -9.282813974965e-08
155.460000000 -9.285201012193e-08
155.470000000 -9.287588049422e-08
155.480000000 -9.289975086650e-08
155.490000000 -9.292362123878e-08
155.500000000 -9.294749161106e-08
155.510000000 -9.297136198334e-08
155.520000000 -9.299523235562e-08
155.530000000 -9.301910272791e-08
155.540000000 -9.304297310019e-08
155.550000000 -9.306684347247e-08
155.560000000 -9.309071384475e-08
155.570000000 -9.311458421703e-08
155.580000000 -9.313845458931e-08
155.590000000 -9.316232496159e-08
155.600000000 -9.318619533388e-08
155.610000000 -9.321006570616e-08
155.620000000 -9.323393607844e-08
155.630000000 -9.325780645072e-08
155.640000000 -9.328167682300e-08
155.650000000 -9.330554719528e-08
155.660000000 -9.332941756756e-08
155.670000000 -9.335328793985e-08
155.680000000 -9.337715831213e-08
155.690000000 -9.340102868441e-08
155.700000000 -9.342489905669e-08
155.710000000 -9.344876942897e-08
155.720000000 -9.347263980125e-08
155.730000000 -9.349651017353e-08
155.740000000 -9.352038054582e-08
155.750000000 -9.354425091810e-08
155.760000000 -9.356812129038e-08
155.770000000 -9.359199166266e-08
155.780000000 -9.361586203494e-08
155.790000000 -9.363973240722e-08
155.800000000 -9.366360277951e-08
155.810000000 -9.368747315179e-08
155.820000000 -9.371134352407e-08
155.830000000 -9.373521389635e-08
155.840000000 -9.375908426863e-08
155.850000000 -9.378295464091e-08
155.860000000 -9.380682501319e-08
155.870000000 -9.383069538548e-08
155.880000000 -9.385456575776e-08
155.890000000 -9.387843613004e-08
155.900000000 -9.390230650232e-08
155.910000000 -9.392617687460e-08
155.920000000 -9.395004724688e-08
155.930000000 -9.397391761916e-08
155.940000000 -9.399778799145e-08
155.950000000 -9.402165836373e-08
155.960000000 -9.404552873601e-08
155.970000000 -9.406939910829e-08
155.980000000 -9.409326948057e-08
155.990000000 -9.411713985285e-08
156.000000000 -9.414101022514e-08
156.010000000 -9.416488059742e-08
156.020000000 -9.418875096970e-08
156.030000000 -9.421262134198e-08
156.040000000 -9.423649171426e-08
156.050000000 -9.426036208654e-08
156.060000000 -9.428423245882e-08
156.070000000 -9.430810283111e-08
156.080000000 -9.433197320339e-08
156.090000000 -9.435584357567e-08
156.100000000 -9.437971394795e-08
156.110000000 -9.440358432023e-08
156.120000000 -9.442745469251e-08
156.130000000 -9.445132506479e-08
156.140000000 -9.447519543708e-08
156.150000000 -9.449906580936e-08
156.160000000 -9.452293618164e-08
156.170000000 -9.454680655392e-08
156.180000000 -9.457067692620e-08
156.190000000 -9.459454729848e-08
156.200000000 -9.461841767077e-08
156.210000000 -9.464228804305e-08
156.220000000 -9.466615841533e-08
156.230000000 -9.469002878761e-08
156.240000000 -9.471389915989e-08
156.250000000 -9.473776953217e-08
156.260000000 -9.476163990445e-08
156.270000000 -9.478551027674e-08
156.280000000 -9.480938064902e-08
156.290000000 -9.483325102130e-08
156.300000000 -9.485712139358e-08
156.310000000 -9.488099176586e-08
156.320000000 -9.490486213814e-08
156.330000000 -9.492873251042e-08
156.340000000 -9.495260288271e-08
156.350000000 -9.497647325499e-08
156.360000000 -9.500034362727e-08
156.370000000 -9.502421399955e-08
156.380000000 -9.504808437183e-08
156.390000000 -9.507195474411e-08
156.400000000 -9.509582511639e-08
156.410000000 -9.511969548868e-08
156.420000000 -9.514356586096e-08
156.430000000 -9.516743623324e-08
156.440000000 -9.519130660552e-08
156.450000000 -9.521517697780e-08
156.460000000 -9.523904735008e-08
156.470000000 -9.526291772237e-08
156.480000000 -9.528678809465e-08
156.490000000 -9.531065846693e-08
156.500000000 -9.533452883921e-08
156.510000000 -9.535839921149e-08
156.520000000 -9.538226958377e-08
156.530000000 -9.540613995605e-08
156.540000000 -9.543001032834e-08
156.550000000 -9.545388070062e-08
156.560000000 -9.547775107290e-08
156.570000000 -9.550162144518e-08
156.580000000 -9.552549181746e-08
156.590000000 -9.554936218974e-08
156.600000000 -9.557323256202e-08
156.610000000 -9.559710293431e-08
156.620000000 -9.562097330659e-08
156.630000000 -9.564484367887e-08
156.640000000 -9.566871405115e-08
156.650000000 -9.569258442343e-08
156.660000000 -9.571645479571e-08
156.670000000 -9.574032516800e-08
156.680000000 -9.576419554028e-08
156.690000000 -9.578806591256e-08
156.700000000 -9.581193628484e-08
156.710000000 -9.583580665712e-08
156.720000000 -9.585967702940e-08
156.730000000 -9.588354740168e-08
156.740000000 -9.590741777397e-08
156.750000000 -9.593128814625e-08
156.760000000 -9.595515851853e-08
156.770000000 -9.597902889081e-08
156.780000000 -9.600289926309e-08
156.790000000 -9.602676963537e-08
156.800000000 -9.605064000765e-08
156.810000000 -9.607451037994e-08
156.820000000 -9.609838075222e-08
156.830000000 -9.612225112450e-08
156.840000000 -9.614612149678e-08
156.850000000 -9.616999186906e-08
156.860000000 -9.619386224134e-08
156.870000000 -9.621773261363e-08
156.880000000 -9.624160298591e-08
156.890000000 -9.626547335819e-08
156.900000000 -9.628934373047e-08
156.910000000 -9.631321410275e-08
156.920000000 -9.633708447503e-08
156.930000000 -9.636095484731e-08
156.940000000 -9.638482521960e-08
156.950000000 -9.640869559188e-08
156.960000000 -9.643256596416e-08
156.970000000 -9.645643633644e-08
156.980000000 -9.648030670872e-08
156.990000000 -9.650417708100e-08
157.000000000 -9.652804745328e-08
157.010000000 -9.655191782557e-08
157.020000000 -9.657578819785e-08
157.030000000 -9.659965857013e-08
157.040000000 -9.662352894241e-08
157.050000000 -9.664739931469e-08
157.060000000 -9.667126968697e-08
157.070000000 -9.669514005925e-08
157.080000000 -9.671901043154e-08
157.090000000 -9.674288080382e-08
157.100000000 -9.676675117610e-08
157.110000000 -9.679062154838e-08
157.120000000 -9.681449192066e-08
157.130000000 -9.683836229294e-08
157.140000000 -9.686223266523e-08
157.150000000 -9.688610303751e-08
157.160000000 -9.690997340979e-08
157.170000000 -9.693384378207e-08
157.180000000 -9.695771415435e-08
157.190000000 -9.698158452663e-08
157.200000000 -9.700545489891e-08
157.210000000 -9.702932527120e-08
157.220000000 -9.705319564348e-08
157.230000000 -9.707706601576e-08
157.240000000 -9.710093638804e-08
157.250000000 -9.712480676032e-08
157.260000000 -9.714867713260e-08
157.270000000 -9.717254750488e-08
157.280000000 -9.719641787717e-08
157.290000000 -9.722028824945e-08
157.300000000 -9.724415862173e-08
157.310000000 -9.726802899401e-08
157.320000000 -9.729189936629e-08
157.330000000 -9.731576973857e-08
157.340000000 -9.733964011086e-08
157.350000000 -9.736351048314e-08
157.360000000 -9.738738085542e-08
157.370000000 -9.741125122770e-08
157.380000000 -9.743512159998e-08
157.390000000 -9.745899197226e-08
157.400000000 -9.748286234454e-08
157.410000000 -9.750673271683e-08
157.420000000 -9.753060308911e-08
157.430000000 -9.755447346139e-08
157.440000000 -9.757834383367e-08
157.450000000 -9.760221420595e-08
157.460000000 -9.762608457823e-08
157.470000000 -9.764995495051e-08
157.480000000 -9.767382532280e-08
157.490000000 -9.769769569508e-08
157.500000000 -9.772156606736e-08
157.510000000 -9.774543643964e-08
157.520000000 -9.776930681192e-08
157.530000000 -9.779317718420e-08
157.540000000 -9.781704755648e-08
157.550000000 -9.784091792877e-08
157.560000000 -9.786478830105e-08
157.570000000 -9.788865867333e-08
157.580000000 -9.791252904561e-08
157.590000000 -9.793639941789e-08
157.600000000 -9.796026979017e-08
157.610000000 -9.798414016246e-08
157.620000000 -9.800801053474e-08
157.630000000 -9.803188090702e-08
157.640000000 -9.805575127930e-08
157.650000000 -9.807962165158e-08
157.660000000 -9.810349202386e-08
157.670000000 -9.812736239614e-08
157.680000000 -9.815123276843e-08
157.690000000 -9.817510314071e-08
157.700000000 -9.819897351299e-08
157.710000000 -9.822284388527e-08
157.720000000 -9.824671425755e-08
157.730000000 -9.827058462983e-08
157.740000000 -9.829445500211e-08
157.750000000 -9.831832537440e-08
157.760000000 -9.834219574668e-08
157.770000000 -9.836606611896e-08
157.780000000 -9.838993649124e-08
157.790000000 -9.841380686352e-08
157.800000000 -9.843767723580e-08
157.810000000 -9.846154760809e-08
157.820000000 -9.848541798037e-08
157.830000000 -9.850928835265e-08
157.840000000 -9.853315872493e-08
157.850000000 -9.855702909721e-08
157.860000000 -9.858089946949e-08
157.870000000 -9.860476984177e-08
157.880000000 -9.862864021406e-08
157.890000000 -9.865251058634e-08
157.900000000 -9.867638095862e-08
157.910000000 -9.870025133090e-08
157.920000000 -9.872412170318e-08
157.930000000 -9.874799207546e-08
157.940000000 -9.877186244774e-08
157.950000000 -9.879573282003e-08
157.960000000 -9.881960319231e-08
157.970000000 -9.884347356459e-08
157.980000000 -9.886734393687e-08
157.990000000 -9.889121430915e-08
158.000000000 -9.891508468143e-08
158.010000000 -9.893895505371e-08
158.020000000 -9.896282542600e-08
158.030000000 -9.898669579828e-08
158.040000000 -9.901056617056e-08
158.050000000 -9.903443654284e-08
158.060000000 -9.905830691512e-08
158.070000000 -9.908217728740e-08
158.080000000 -9.910604765969e-08
158.090000000 -9.912991803197e-08
158.100000000 -9.915378840425e-08
158.110000000 -9.917765877653e-08
158.120000000 -9.920152914881e-08
158.130000000 -9.922539952109e-08
158.140000000 -9.924926989337e-08
158.150000000 -9.927314026566e-08
158.160000000 -9.929701063794e-08
158.170000000 -9.932088101022e-08
158.180000000 -9.934475138250e-08
158.190000000 -9.936862175478e-08
158.200000000 -9.939249212706e-08
158.210000000 -9.941636249934e-08
158.220000000 -9.944023287163e-08
158.230000000 -9.946410324391e-08
158.240000000 -9.948797361619e-08
158.250000000 -9.951184398847e-08
158.260000000 -9.953571436075e-08
158.270000000 -9.955958473303e-08
158.280000000 -9.958345510532e-08
158.290000000 -9.960732547760e-08
158.300000000 -9.963119584988e-08
158.310000000 -9.965506622216e-08
158.320000000 -9.967893659444e-08
158.330000000 -9.970280696672e-08
158.340000000 -9.972667733900e-08
158.350000000 -9.975054771129e-08
158.360000000 -9.977441808357e-08
158.370000000 -9.979828845585e-08
158.380000000 -9.982215882813e-08
158.390000000 -9.984602920041e-08
158.400000000 -9.986989957269e-08
158.410000000 -9.989376994497e-08
158.420000000 -9.991764031726e-08
158.430000000 -9.994151068954e-08
158.440000000 -9.996538106182e-08
158.450000000 -9.998925143410e-08
158.460000000 -1.000131218064e-07
158.470000000 -1.000369921787e-07
158.480000000 -1.000608625509e-07
158.490000000 -1.000847329232e-07
158.500000000 -1.001086032955e-07
158.510000000 -1.001324736678e-07
158.520000000 -1.001563440401e-07
158.530000000 -1.001802144124e-07
158.540000000 -1.002040847846e-07
158.550000000 -1.002279551569e-07
158.560000000 -1.002518255292e-07
158.570000000 -1.002756959015e-07
158.580000000 -1.002995662738e-07
158.590000000 -1.003234366460e-07
158.600000000 -1.003473070183e-07
158.610000000 -1.003711773906e-07
158.620000000 -1.003950477629e-07
158.630000000 -1.004189181352e-07
158.640000000 -1.004427885074e-07
158.650000000 -1.004666588797e-07
158.660000000 -1.004905292520e-07
158.670000000 -1.005143996243e-07
158.680000000 -1.005382699966e-07
158.690000000 -1.005621403689e-07
158.700000000 -1.005860107411e-07
158.710000000 -1.006098811134e-07
158.720000000 -1.006337514857e-07
158.730000000 -1.006576218580e-07
158.740000000 -1.006814922303e-07
158.750000000 -1.007053626025e-07
158.760000000 -1.007292329748e-07
158.770000000 -1.007531033471e-07
158.780000000 -1.007769737194e-07
158.790000000 -1.008008440917e-07
158.800000000 -1.008247144640e-07
158.810000000 -1.008485848362e-07
158.820000000 -1.008724552085e-07
158.830000000 -1.008963255808e-07
158.840000000 -1.009201959531e-07
158.850000000 -1.009440663254e-07
158.860000000 -1.009679366976e-07
158.870000000 -1.009918070699e-07
158.880000000 -1.010156774422e-07
158.890000000 -1.010395478145e-07
158.900000000 -1.010634181868e-07
158.910000000 -1.010872885590e-07
158.920000000 -1.011111589313e-07
158.930000000 -1.011350293036e-07
158.940000000 -1.011588996759e-07
158.950000000 -1.011827700482e-07
158.960000000 -1.012066404205e-07
158.970000000 -1.012305107927e-07
158.980000000 -1.012543811650e-07
158.990000000 -1.012782515373e-07
159.000000000 -1.013021219096e-07
159.010000000 -1.013259922819e-07
159.020000000 -1.013498626541e-07
159.030000000 -1.013737330264e-07
159.040000000 -1.013976033987e-07
159.050000000 -1.014214737710e-07
159.060000000 -1.014453441433e-07
159.070000000 -1.014692145156e-07
159.080000000 -1.014930848878e-07
159.090000000 -1.015169552601e-07
159.100000000 -1.015408256324e-07
159.110000000 -1.015646960047e-07
159.120000000 -1.015885663770e-07
159.130000000 -1.016124367492e-07
159.140000000 -1.016363071215e-07
159.150000000 -1.016601774938e-07
159.160000000 -1.016840478661e-07
159.170000000 -1.017079182384e-07
159.180000000 -1.017317886106e-07
159.190000000 -1.017556589829e-07
159.200000000 -1.017795293552e-07
159.210000000 -1.018033997275e-07
159.220000000 -1.018272700998e-07
159.230000000 -1.018511404721e-07
159.240000000 -1.018750108443e-07
159.250000000 -1.018988812166e-07
159.260000000 -1.019227515889e-07
159.270000000 -1.019466219612e-07
159.280000000 -1.019704923335e-07
159.290000000 -1.019943627057e-07
159.300000000 -1.020182330780e-07
159.310000000 -1.020421034503e-07
159.320000000 -1.020659738226e-07
159.330000000 -1.020898441949e-07
159.340000000 -1.021137145672e-07
159.350000000 -1.021375849394e-07
159.360000000 -1.021614553117e-07
159.370000000 -1.021853256840e-07
159.380000000 -1.022091960563e-07
159.390000000 -1.022330664286e-07
159.400000000 -1.022569368008e-07
159.410000000 -1.022808071731e-07
159.420000000 -1.023046775454e-07
159.430000000 -1.023285479177e-07
159.440000000 -1.023524182900e-07
159.450000000 -1.023762886622e-07
159.460000000 -1.024001590345e-07
159.470000000 -1.024240294068e-07
159.480000000 -1.024478997791e-07
159.490000000 -1.024717701514e-07
159.500000000 -1.024956405237e-07
159.510000000 -1.025195108959e-07
159.520000000 -1.025433812682e-07
159.530000000 -1.025672516405e-07
159.540000000 -1.025911220128e-07
159.550000000 -1.026149923851e-07
159.560000000 -1.026388627573e-07
159.570000000 -1.026627331296e-07
159.580000000 -1.026866035019e-07
159.590000000 -1.027104738742e-07
159.600000000 -1.027343442465e-07
159.610000000 -1.027582146188e-07
159.620000000 -1.027820849910e-07
159.630000000 -1.028059553633e-07
159.640000000 -1.028298257356e-07
159.650000000 -1.028536961079e-07
159.660000000 -1.028775664802e-07
159.670000000 -1.029014368524e-07
159.680000000 -1.029253072247e-07
159.690000000 -1.029491775970e-07
159.700000000 -1.029730479693e-07
159.710000000 -1.029969183416e-07
159.720000000 -1.030207887138e-07
159.730000000 -1.030446590861e-07
159.740000000 -1.030685294584e-07
159.750000000 -1.030923998307e-07
159.760000000 -1.031162702030e-07
159.770000000 -1.031401405753e-07
159.780000000 -1.031640109475e-07
159.790000000 -1.031878813198e-07
159.800000000 -1.032117516921e-07
159.810000000 -1.032356220644e-07
159.820000000 -1.032594924367e-07
159.830000000 -1.032833628089e-07
159.840000000 -1.033072331812e-07
159.850000000 -1.033311035535e-07
159.860000000 -1.033549739258e-07
159.870000000 -1.033788442981e-07
159.880000000 -1.034027146704e-07
159.890000000 -1.034265850426e-07
159.900000000 -1.034504554149e-07
159.910000000 -1.034743257872e-07
159.920000000 -1.034981961595e-07
159.930000000 -1.035220665318e-07
159.940000000 -1.035459369040e-07
159.950000000 -1.035698072763e-07
159.960000000 -1.035936776486e-07
159.970000000 -1.036175480209e-07
159.980000000 -1.036414183932e-07
159.990000000 -1.036652887655e-07
160.000000000 -1.036891591377e-07
160.010000000 -1.037130295100e-07
160.020000000 -1.037368998823e-07
160.030000000 -1.037607702546e-07
160.040000000 -1.037846406269e-07
160.050000000 -1.038085109991e-07
160.060000000 -1.038323813714e-07
160.070000000 -1.038562517437e-07
160.080000000 -1.038801221160e-07
160.090000000 -1.039039924883e-07
160.100000000 -1.039278628605e-07
160.110000000 -1.039517332328e-07
160.120000000 -1.039756036051e-07
160.130000000 -1.039994739774e-07
160.140000000 -1.040233443497e-07
160.150000000 -1.040472147220e-07
160.160000000 -1.040710850942e-07
160.170000000 -1.040949554665e-07
160.180000000 -1.041188258388e-07
160.190000000 -1.041426962111e-07
160.200000000 -1.041665665834e-07
160.210000000 -1.041904369556e-07
160.220000000 -1.042143073279e-07
160.230000000 -1.042381777002e-07
160.240000000 -1.042620480725e-07
160.250000000 -1.042859184448e-07
160.260000000 -1.043097888171e-07
160.270000000 -1.043336591893e-07
160.280000000 -1.043575295616e-07
160.290000000 -1.043813999339e-07
160.300000000 -1.044052703062e-07
160.310000000 -1.044291406785e-07
160.320000000 -1.044530110507e-07
160.330000000 -1.044768814230e-07
160.340000000 -1.045007517953e-07
160.350000000 -1.045246221676e-07
160.360000000 -1.045484925399e-07
160.370000000 -1.045723629121e-07
160.380000000 -1.045962332844e-07
160.390000000 -1.046201036567e-07
160.400000000 -1.046439740290e-07
160.410000000 -1.046678444013e-07
160.420000000 -1.046917147736e-07
160.430000000 -1.047155851458e-07
160.440000000 -1.047394555181e-07
160.450000000 -1.047633258904e-07
160.460000000 -1.047871962627e-07
160.470000000 -1.048110666350e-07
160.480000000 -1.048349370072e-07
160.490000000 -1.048588073795e-07
160.500000000 -1.048826777518e-07
160.510000000 -1.049065481241e-07
160.520000000 -1.049304184964e-07
160.530000000 -1.049542888687e-07
160.540000000 -1.049781592409e-07
160.550000000 -1.050020296132e-07
160.560000000 -1.050258999855e-07
160.570000000 -1.050497703578e-07
160.580000000 -1.050736407301e-07
160.590000000 -1.050975111023e-07
160.600000000 -1.051213814746e-07
160.610000000 -1.051452518469e-07
160.620000000 -1.051691222192e-07
160.630000000 -1.051929925915e-07
160.640000000 -1.052168629637e-07
160.650000000 -1.052407333360e-07
160.660000000 -1.052646037083e-07
160.670000000 -1.052884740806e-07
160.680000000 -1.053123444529e-07
160.690000000 -1.053362148252e-07
160.700000000 -1.053600851974e-07
160.710000000 -1.053839555697e-07
160.720000000 -1.054078259420e-07
160.730000000 -1.054316963143e-07
160.740000000 -1.054555666866e-07
160.750000000 -1.054794370588e-07
160.760000000 -1.055033074311e-07
160.770000000 -1.055271778034e-07
160.780000000 -1.055510481757e-07
160.790000000 -1.055749185480e-07
160.800000000 -1.055987889203e-07
160.810000000 -1.056226592925e-07
160.820000000 -1.056465296648e-07
160.830000000 -1.056704000371e-07
160.840000000 -1.056942704094e-07
160.850000000 -1.057181407817e-07
160.860000000 -1.057420111539e-07
160.870000000 -1.057658815262e-07
160.880000000 -1.057897518985e-07
160.890000000 -1.058136222708e-07
160.900000000 -1.058374926431e-07
160.910000000 -1.058613630153e-07
160.920000000 -1.058852333876e-07
160.930000000 -1.059091037599e-07
160.940000000 -1.059329741322e-07
160.950000000 -1.059568445045e-07
160.960000000 -1.059807148768e-07
160.970000000 -1.060045852490e-07
160.980000000 -1.060284556213e-07
160.990000000 -1.060523259936e-07
161.000000000 -1.060761963659e-07
161.010000000 -1.061000667382e-07
161.020000000 -1.061239371104e-07
161.030000000 -1.061478074827e-07
161.040000000 -1.061716778550e-07
161.050000000 -1.061955482273e-07
161.060000000 -1.062194185996e-07
161.070000000 -1.062432889719e-07
161.080000000 -1.062671593441e-07
161.090000000 -1.062910297164e-07
161.100000000 -1.063149000887e-07
161.110000000 -1.063387704610e-07
161.120000000 -1.063626408333e-07
161.130000000 -1.063865112055e-07
161.140000000 -1.064103815778e-07
161.150000000 -1.064342519501e-07
161.160000000 -1.064581223224e-07
161.170000000 -1.064819926947e-07
161.180000000 -1.065058630669e-07
161.190000000 -1.065297334392e-07
161.200000000 -1.065536038115e-07
161.210000000 -1.065774741838e-07
161.220000000 -1.066013445561e-07
161.230000000 -1.066252149284e-07
161.240000000 -1.066490853006e-07
161.250000000 -1.066729556729e-07
161.260000000 -1.066968260452e-07
161.270000000 -1.067206964175e-07
161.280000000 -1.067445667898e-07
161.290000000 -1.067684371620e-07
161.300000000 -1.067923075343e-07
161.310000000 -1.068161779066e-07
161.320000000 -1.068400482789e-07
161.330000000 -1.068639186512e-07
161.340000000 -1.068877890235e-07
161.350000000 -1.069116593957e-07
161.360000000 -1.069355297680e-07
161.370000000 -1.069594001403e-07
161.380000000 -1.069832705126e-07
161.390000000 -1.070071408849e-07
161.400000000 -1.070310112571e-07
161.410000000 -1.070548816294e-07
161.420000000 -1.070787520017e-07
161.430000000 -1.071026223740e-07
161.440000000 -1.071264927463e-07
161.450000000 -1.071503631185e-07
161.460000000 -1.071742334908e-07
161.470000000 -1.071981038631e-07
161.480000000 -1.072219742354e-07
161.490000000 -1.072458446077e-07
161.500000000 -1.072697149800e-07
161.510000000 -1.072935853522e-07
161.520000000 -1.073174557245e-07
161.530000000 -1.073413260968e-07
161.540000000 -1.073651964691e-07
161.550000000 -1.073890668414e-07
161.560000000 -1.074129372136e-07
161.570000000 -1.074368075859e-07
161.580000000 -1.074606779582e-07
161.590000000 -1.074845483305e-07
161.600000000 -1.075084187028e-07
161.610000000 -1.075322890751e-07
161.620000000 -1.075561594473e-07
161.630000000 -1.075800298196e-07
161.640000000 -1.076039001919e-07
161.650000000 -1.076277705642e-07
161.660000000 -1.076516409365e-07
161.670000000 -1.076755113087e-07
161.680000000 -1.076993816810e-07
161.690000000 -1.077232520533e-07
161.700000000 -1.077471224256e-07
161.710000000 -1.077709927979e-07
161.720000000 -1.077948631701e-07
161.730000000 -1.078187335424e-07
161.740000000 -1.078426039147e-07
161.750000000 -1.078664742870e-07
161.760000000 -1.078903446593e-07
161.770000000 -1.079142150316e-07
161.780000000 -1.079380854038e-07
161.790000000 -1.079619557761e-07
161.800000000 -1.079858261484e-07
161.810000000 -1.080096965207e-07
161.820000000 -1.080335668930e-07
161.830000000 -1.080574372652e-07
161.840000000 -1.080813076375e-07
161.850000000 -1.081051780098e-07
161.860000000 -1.081290483821e-07
161.870000000 -1.081529187544e-07
161.880000000 -1.081767891267e-07
161.890000000 -1.082006594989e-07
161.900000000 -1.082245298712e-07
161.910000000 -1.082484002435e-07
161.920000000 -1.082722706158e-07
161.930000000 -1.082961409881e-07
161.940000000 -1.083200113603e-07
161.950000000 -1.083438817326e-07
161.960000000 -1.083677521049e-07
161.970000000 -1.083916224772e-07
161.980000000 -1.084154928495e-07
161.990000000 -1.084393632217e-07
162.000000000 -1.084632335940e-07
162.010000000 -1.084871039663e-07
162.020000000 -1.085109743386e-07
162.030000000 -1.085348447109e-07
162.040000000 -1.085587150832e-07
162.050000000 -1.085825854554e-07
162.060000000 -1.086064558277e-07
162.070000000 -1.086303262000e-07
162.080000000 -1.086541965723e-07
162.090000000 -1.086780669446e-07
162.100000000 -1.087019373168e-07
162.110000000 -1.087258076891e-07
162.120000000 -1.087496780614e-07
162.130000000 -1.087735484337e-07
162.140000000 -1.087974188060e-07
162.150000000 -1.088212891783e-07
162.160000000 -1.088451595505e-07
162.170000000 -1.088690299228e-07
162.180000000 -1.088929002951e-07
162.190000000 -1.089167706674e-07
162.200000000 -1.089406410397e-07
162.210000000 -1.089645114119e-07
162.220000000 -1.089883817842e-07
162.230000000 -1.090122521565e-07
162.240000000 -1.090361225288e-07
162.250000000 -1.090599929011e-07
162.260000000 -1.090838632733e-07
162.270000000 -1.091077336456e-07
162.280000000 -1.091316040179e-07
162.290000000 -1.091554743902e-07
162.300000000 -1.091793447625e-07
162.310000000 -1.092032151348e-07
162.320000000 -1.092270855070e-07
162.330000000 -1.092509558793e-07
162.340000000 -1.092748262516e-07
162.350000000 -1.092986966239e-07
162.360000000 -1.093225669962e-07
162.370000000 -1.093464373684e-07
162.380000000 -1.093703077407e-07
162.390000000 -1.093941781130e-07
162.400000000 -1.094180484853e-07
162.410000000 -1.094419188576e-07
162.420000000 -1.094657892299e-07
162.430000000 -1.094896596021e-07
162.440000000 -1.095135299744e-07
162.450000000 -1.095374003467e-07
162.460000000 -1.095612707190e-07
162.470000000 -1.095851410913e-07
162.480000000 -1.096090114635e-07
162.490000000 -1.096328818358e-07
162.500000000 -1.096567522081e-07
162.510000000 -1.096806225804e-07
162.520000000 -1.097044929527e-07
162.530000000 -1.097283633249e-07
162.540000000 -1.097522336972e-07
162.550000000 -1.097761040695e-07
162.560000000 -1.097999744418e-07
162.570000000 -1.098238448141e-07
162.580000000 -1.098477151864e-07
162.590000000 -1.098715855586e-07
162.600000000 -1.098954559309e-07
162.610000000 -1.099193263032e-07
162.620000000 -1.099431966755e-07
162.630000000 -1.099670670478e-07
162.640000000 -1.099909374200e-07
162.650000000 -1.100148077923e-07
162.660000000 -1.100386781646e-07
162.670000000 -1.100625485369e-07
162.680000000 -1.100864189092e-07
162.690000000 -1.101102892815e-07
162.700000000 -1.101341596537e-07
162.710000000 -1.101580300260e-07
162.720000000 -1.101819003983e-07
162.730000000 -1.102057707706e-07
162.740000000 -1.102296411429e-07
162.750000000 -1.102535115151e-07
162.760000000 -1.102773818874e-07
162.770000000 -1.103012522597e-07
162.780000000 -1.103251226320e-07
162.790000000 -1.103489930043e-07
162.800000000 -1.103728633765e-07
162.810000000 -1.103967337488e-07
162.820000000 -1.104206041211e-07
162.830000000 -1.104444744934e-07
162.840000000 -1.104683448657e-07
162.850000000 -1.104922152380e-07
162.860000000 -1.105160856102e-07
162.870000000 -1.105399559825e-07
162.880000000 -1.105638263548e-07
162.890000000 -1.105876967271e-07
162.900000000 -1.106115670994e-07
162.910000000 -1.106354374716e-07
162.920000000 -1.106593078439e-07
162.930000000 -1.106831782162e-07
162.940000000 -1.107070485885e-07
162.950000000 -1.107309189608e-07
162.960000000 -1.107547893331e-07
162.970000000 -1.107786597053e-07
162.980000000 -1.108025300776e-07
162.990000000 -1.108264004499e-07
163.000000000 -1.108502708222e-07
163.010000000 -1.108741411945e-07
163.020000000 -1.108980115667e-07
163.030000000 -1.109218819390e-07
163.040000000 -1.109457523113e-07
163.050000000 -1.109696226836e-07
163.060000000 -1.109934930559e-07
163.070000000 -1.110173634281e-07
163.080000000 -1.110412338004e-07
163.090000000 -1.110651041727e-07
163.100000000 -1.110889745450e-07
163.110000000 -1.111128449173e-07
163.120000000 -1.111367152896e-07
163.130000000 -1.111605856618e-07
163.140000000 -1.111844560341e-07
163.150000000 -1.112083264064e-07
163.160000000 -1.112321967787e-07
163.170000000 -1.112560671510e-07
163.180000000 -1.112799375232e-07
163.190000000 -1.113038078955e-07
163.200000000 -1.113276782678e-07
163.210000000 -1.113515486401e-07
163.220000000 -1.113754190124e-07
163.230000000 -1.113992893847e-07
163.240000000 -1.114231597569e-07
163.250000000 -1.114470301292e-07
163.260000000 -1.114709005015e-07
163.270000000 -1.114947708738e-07
163.280000000 -1.115186412461e-07
163.290000000 -1.115425116183e-07
163.300000000 -1.115663819906e-07
163.310000000 -1.115902523629e-07
163.320000000 -1.116141227352e-07
163.330000000 -1.116379931075e-07
163.340000000 -1.116618634797e-07
163.350000000 -1.116857338520e-07
163.360000000 -1.117096042243e-07
163.370000000 -1.117334745966e-07
163.380000000 -1.117573449689e-07
163.390000000 -1.117812153412e-07
163.400000000 -1.118050857134e-07
163.410000000 -1.118289560857e-07
163.420000000 -1.118528264580e-07
163.430000000 -1.118766968303e-07
163.440000000 -1.119005672026e-07
163.450000000 -1.119244375748e-07
163.460000000 -1.119483079471e-07
163.470000000 -1.119721783194e-07
163.480000000 -1.119960486917e-07
163.490000000 -1.120199190640e-07
163.500000000 -1.120437894363e-07
163.510000000 -1.120676598085e-07
163.520000000 -1.120915301808e-07
163.530000000 -1.121154005531e-07
163.540000000 -1.121392709254e-07
163.550000000 -1.121631412977e-07
163.560000000 -1.121870116699e-07
163.570000000 -1.122108820422e-07
163.580000000 -1.122347524145e-07
163.590000000 -1.122586227868e-07
163.600000000 -1.122824931591e-07
163.610000000 -1.123063635313e-07
163.620000000 -1.123302339036e-07
163.630000000 -1.123541042759e-07
163.640000000 -1.123779746482e-07
163.650000000 -1.124018450205e-07
163.660000000 -1.124257153928e-07
163.670000000 -1.124495857650e-07
163.680000000 -1.124734561373e-07
163.690000000 -1.124973265096e-07
163.700000000 -1.125211968819e-07
163.710000000 -1.125450672542e-07
163.720000000 -1.125689376264e-07
163.730000000 -1.125928079987e-07
163.740000000 -1.126166783710e-07
163.750000000 -1.126405487433e-07
163.760000000 -1.126644191156e-07
163.770000000 -1.126882894879e-07
163.780000000 -1.127121598601e-07
163.790000000 -1.127360302324e-07
163.800000000 -1.127599006047e-07
163.810000000 -1.127837709770e-07
163.820000000 -1.128076413493e-07
163.830000000 -1.128315117215e-07
