0.000000000 3.103874467914e-08
0.010000000 3.103560702065e-08
0.020000000 3.103246936217e-08
0.030000000 3.102933170368e-08
0.040000000 3.102619404520e-08
0.050000000 3.102305638671e-08
0.060000000 3.101991872823e-08
0.070000000 3.101678106974e-08
0.080000000 3.101364341126e-08
0.090000000 3.101050575277e-08
0.100000000 3.100736809429e-08
0.110000000 3.100423043580e-08
0.120000000 3.100109277732e-08
0.130000000 3.099795511884e-08
0.140000000 3.099481746035e-08
0.150000000 3.099167980187e-08
0.160000000 3.098854214338e-08
0.170000000 3.098540448490e-08
0.180000000 3.098226682641e-08
0.190000000 3.097912916793e-08
0.200000000 3.097599150944e-08
0.210000000 3.097285385096e-08
0.220000000 3.096971619247e-08
0.230000000 3.096657853399e-08
0.240000000 3.096344087550e-08
0.250000000 3.096030321702e-08
0.260000000 3.095716555854e-08
0.270000000 3.095402790005e-08
0.280000000 3.095089024157e-08
0.290000000 3.094775258308e-08
0.300000000 3.094461492460e-08
0.310000000 3.094147726611e-08
0.320000000 3.093833960763e-08
0.330000000 3.093520194914e-08
0.340000000 3.093206429066e-08
0.350000000 3.092892663217e-08
0.360000000 3.092578897369e-08
0.370000000 3.092265131520e-08
0.380000000 3.091951365672e-08
0.390000000 1.030916375998e-06
0.400000000 1.030913238340e-06
0.410000000 1.030910100681e-06
0.420000000 1.030906963023e-06
0.430000000 1.030903825364e-06
0.440000000 1.030900687706e-06
0.450000000 1.030897550047e-06
0.460000000 1.030894412389e-06
0.470000000 1.030891274730e-06
0.480000000 1.030888137072e-06
0.490000000 1.030884999413e-06
0.500000000 1.030881861755e-06
0.510000000 1.030878724096e-06
0.520000000 1.030875586438e-06
0.530000000 1.030872448779e-06
0.540000000 1.030869311121e-06
0.550000000 1.030866173462e-06
0.560000000 1.030863035804e-06
0.570000000 1.030859898146e-06
0.580000000 1.030856760487e-06
0.590000000 1.030853622829e-06
0.600000000 1.030850485170e-06
0.610000000 1.030847347512e-06
0.620000000 1.030844209853e-06
0.630000000 1.030841072195e-06
0.640000000 1.030837934536e-06
0.650000000 1.030834796878e-06
0.660000000 2.030831659219e-06
0.670000000 2.030828521561e-06
0.680000000 2.030825383902e-06
0.690000000 2.030822246244e-06
0.700000000 2.030819108585e-06
0.710000000 2.030815970927e-06
0.720000000 2.030812833268e-06
0.730000000 2.030809695610e-06
0.740000000 2.030806557951e-06
0.750000000 2.030803420293e-06
0.760000000 3.030800282634e-06
0.770000000 3.030797144976e-06
0.780000000 3.030794007317e-06
0.790000000 3.030790869659e-06
0.800000000 3.030787732000e-06
0.810000000 3.030784594342e-06
0.820000000 4.030781456683e-06
0.830000000 4.030778319025e-06
0.840000000 4.030775181366e-06
0.850000000 4.030772043708e-06
0.860000000 5.030768906049e-06
0.870000000 5.030765768391e-06
0.880000000 5.030762630732e-06
0.890000000 6.030759493074e-06
0.900000000 6.030756355416e-06
0.910000000 6.030753217757e-06
0.920000000 7.030750080099e-06
0.930000000 7.030746942440e-06
0.940000000 8.030743804782e-06
0.950000000 8.030740667123e-06
0.960000000 9.030737529465e-06
0.970000000 9.030734391806e-06
0.980000000 1.003073125415e-05
0.990000000 1.103072811649e-05
1.000000000 1.103072497883e-05
1.010000000 1.203072184117e-05
1.020000000 1.303071870351e-05
1.030000000 1.403071556586e-05
1.040000000 1.603071242820e-05
1.050000000 1.803070929054e-05
1.060000000 2.203070615288e-05
1.070000000 2.703070301522e-05
1.080000000 3.403069987756e-05
1.090000000 4.303069673990e-05
1.100000000 5.503069360225e-05
1.110000000 6.903069046459e-05
1.120000000 8.703068732693e-05
1.130000000 1.060306841893e-04
1.140000000 1.260306810516e-04
1.150000000 1.450306779140e-04
1.160000000 1.620306747763e-04
1.170000000 1.750306716386e-04
1.180000000 1.850306685010e-04
1.190000000 1.920306653633e-04
1.200000000 1.930306622257e-04
1.210000000 1.870306590880e-04
1.220000000 1.720306559503e-04
1.230000000 1.520306528127e-04
1.240000000 1.320306496750e-04
1.250000000 1.140306465374e-04
1.260000000 1.010306433997e-04
1.270000000 9.303064026205e-05
1.280000000 8.503063712439e-05
1.290000000 7.503063398673e-05
1.300000000 6.303063084908e-05
1.310000000 4.803062771142e-05
1.320000000 3.203062457376e-05
1.330000000 2.003062143610e-05
1.340000000 1.303061829844e-05
1.350000000 1.103061516078e-05
1.360000000 1.203061202313e-05
1.370000000 1.403060888547e-05
1.380000000 1.403060574781e-05
1.390000000 1.203060261015e-05
1.400000000 1.003059947249e-05
1.410000000 1.303059633483e-05
1.420000000 2.503059319717e-05
1.430000000 4.703059005952e-05
1.440000000 7.603058692186e-05
1.450000000 1.060305837842e-04
1.460000000 1.310305806465e-04
1.470000000 1.470305775089e-04
1.480000000 1.520305743712e-04
1.490000000 1.480305712336e-04
1.500000000 1.400305680959e-04
1.510000000 1.310305649582e-04
1.520000000 1.220305618206e-04
1.530000000 1.130305586829e-04
1.540000000 1.020305555453e-04
1.550000000 8.903055240761e-05
1.560000000 7.103054926996e-05
1.570000000 4.803054613230e-05
1.580000000 2.303054299464e-05
1.590000000 -4.969460143020e-06
1.600000000 -3.096946328068e-05
1.610000000 -5.496946641834e-05
1.620000000 -7.596946955600e-05
1.630000000 -9.496947269365e-05
1.640000000 -1.099694758313e-04
1.650000000 -1.219694789690e-04
1.660000000 -1.309694821066e-04
1.670000000 -1.369694852443e-04
1.680000000 -1.409694883819e-04
1.690000000 -1.419694915196e-04
1.700000000 -1.409694946573e-04
1.710000000 -1.409694977949e-04
1.720000000 -1.399695009326e-04
1.730000000 -1.389695040702e-04
1.740000000 -1.389695072079e-04
1.750000000 -1.389695103456e-04
1.760000000 -1.409695134832e-04
1.770000000 -1.439695166209e-04
1.780000000 -1.479695197585e-04
1.790000000 -1.539695228962e-04
1.800000000 -1.589695260338e-04
1.810000000 -1.629695291715e-04
1.820000000 -1.639695323092e-04
1.830000000 -1.639695354468e-04
1.840000000 -1.619695385845e-04
1.850000000 -1.609695417221e-04
1.860000000 -1.619695448598e-04
1.870000000 -1.659695479975e-04
1.880000000 -1.729695511351e-04
1.890000000 -1.829695542728e-04
1.900000000 -1.949695574104e-04
1.910000000 -2.089695605481e-04
1.920000000 -2.249695636857e-04
1.930000000 -2.399695668234e-04
1.940000000 -2.559695699611e-04
1.950000000 -2.699695730987e-04
1.960000000 -2.809695762364e-04
1.970000000 -2.849695793740e-04
1.980000000 -2.819695825117e-04
1.990000000 -2.699695856494e-04
2.000000000 -2.509695887870e-04
2.010000000 -2.279695919247e-04
2.020000000 -2.039695950623e-04
2.030000000 -1.789695982000e-04
2.040000000 -1.559696013377e-04
2.050000000 -1.349696044753e-04
2.060000000 -1.159696076130e-04
2.070000000 -9.896961075063e-05
2.080000000 -8.396961388829e-05
2.090000000 -7.196961702594e-05
2.100000000 -6.296962016360e-05
2.110000000 -5.596962330126e-05
2.120000000 -5.096962643892e-05
2.130000000 -4.796962957658e-05
2.140000000 -4.696963271424e-05
2.150000000 -4.796963585190e-05
2.160000000 -4.996963898955e-05
2.170000000 -5.396964212721e-05
2.180000000 -5.796964526487e-05
2.190000000 -6.196964840253e-05
2.200000000 -6.396965154019e-05
2.210000000 -6.396965467785e-05
2.220000000 -6.096965781550e-05
2.230000000 -5.396966095316e-05
2.240000000 -4.696966409082e-05
2.250000000 -3.896966722848e-05
2.260000000 -2.996967036614e-05
2.270000000 -2.296967350380e-05
2.280000000 -1.596967664146e-05
2.290000000 -8.969679779114e-06
2.300000000 -2.969682916772e-06
2.310000000 3.030313945569e-06
2.320000000 9.030310807911e-06
2.330000000 1.503030767025e-05
2.340000000 2.203030453259e-05
2.350000000 2.803030139494e-05
2.360000000 3.503029825728e-05
2.370000000 4.303029511962e-05
2.380000000 5.103029198196e-05
2.390000000 5.803028884430e-05
2.400000000 6.603028570664e-05
2.410000000 7.303028256898e-05
2.420000000 7.903027943133e-05
2.430000000 8.503027629367e-05
2.440000000 9.103027315601e-05
2.450000000 9.703027001835e-05
2.460000000 1.000302668807e-04
2.470000000 9.903026374303e-05
2.480000000 9.203026060537e-05
2.490000000 7.903025746772e-05
2.500000000 6.203025433006e-05
2.510000000 4.203025119240e-05
2.520000000 2.003024805474e-05
2.530000000 -1.969755082917e-06
2.540000000 -2.496975822058e-05
2.550000000 -4.596976135823e-05
2.560000000 -6.196976449589e-05
2.570000000 -7.296976763355e-05
2.580000000 -7.496977077121e-05
2.590000000 -7.096977390887e-05
2.600000000 -6.196977704653e-05
2.610000000 -5.196978018419e-05
2.620000000 -4.196978332184e-05
2.630000000 -3.296978645950e-05
2.640000000 -2.696978959716e-05
2.650000000 -2.196979273482e-05
2.660000000 -1.696979587248e-05
2.670000000 -9.969799010136e-06
2.680000000 -9.698021477947e-07
2.690000000 1.103019471455e-05
2.700000000 2.503019157689e-05
2.710000000 4.003018843923e-05
2.720000000 5.603018530157e-05
2.730000000 6.903018216391e-05
2.740000000 7.803017902625e-05
2.750000000 7.803017588860e-05
2.760000000 6.603017275094e-05
2.770000000 3.803016961328e-05
2.780000000 -9.698335243796e-07
2.790000000 -4.396983666204e-05
2.800000000 -8.196983979970e-05
2.810000000 -1.079698429374e-04
2.820000000 -1.199698460750e-04
2.830000000 -1.179698492127e-04
2.840000000 -1.069698523503e-04
2.850000000 -9.196985548799e-05
2.860000000 -7.496985862565e-05
2.870000000 -5.896986176331e-05
2.880000000 -4.296986490096e-05
2.890000000 -2.896986803862e-05
2.900000000 -1.596987117628e-05
2.910000000 -3.969874313940e-06
2.920000000 7.030122548402e-06
2.930000000 1.703011941074e-05
2.940000000 2.703011627308e-05
2.950000000 3.803011313543e-05
2.960000000 5.003010999777e-05
2.970000000 6.403010686011e-05
2.980000000 8.003010372245e-05
2.990000000 9.703010058479e-05
3.000000000 1.170300974471e-04
3.010000000 1.360300943095e-04
3.020000000 1.540300911718e-04
3.030000000 1.700300880342e-04
3.040000000 1.820300848965e-04
3.050000000 1.860300817588e-04
3.060000000 1.830300786212e-04
3.070000000 1.730300754835e-04
3.080000000 1.590300723459e-04
3.090000000 1.430300692082e-04
3.100000000 1.280300660705e-04
3.110000000 1.140300629329e-04
3.120000000 1.010300597952e-04
3.130000000 9.103005665757e-05
3.140000000 8.203005351991e-05
3.150000000 7.503005038226e-05
3.160000000 6.903004724460e-05
3.170000000 6.503004410694e-05
3.180000000 6.303004096928e-05
3.190000000 6.203003783162e-05
3.200000000 6.403003469396e-05
3.210000000 6.803003155631e-05
3.220000000 7.503002841865e-05
3.230000000 8.303002528099e-05
3.240000000 9.303002214333e-05
3.250000000 1.030300190057e-04
3.260000000 1.120300158680e-04
3.270000000 1.190300127304e-04
3.280000000 1.250300095927e-04
3.290000000 1.290300064550e-04
3.300000000 1.310300033174e-04
3.310000000 1.320300001797e-04
3.320000000 1.320299970421e-04
3.330000000 1.310299939044e-04
3.340000000 1.290299907667e-04
3.350000000 1.270299876291e-04
3.360000000 1.250299844914e-04
3.370000000 1.230299813538e-04
3.380000000 1.220299782161e-04
3.390000000 1.220299750785e-04
3.400000000 1.220299719408e-04
3.410000000 1.240299688031e-04
3.420000000 1.270299656655e-04
3.430000000 1.310299625278e-04
3.440000000 1.340299593902e-04
3.450000000 1.350299562525e-04
3.460000000 1.320299531148e-04
3.470000000 1.230299499772e-04
3.480000000 1.100299468395e-04
3.490000000 9.502994370187e-05
3.500000000 7.902994056421e-05
3.510000000 6.602993742655e-05
3.520000000 5.502993428889e-05
3.530000000 4.702993115123e-05
3.540000000 4.202992801358e-05
3.550000000 4.002992487592e-05
3.560000000 3.902992173826e-05
3.570000000 4.002991860060e-05
3.580000000 4.102991546294e-05
3.590000000 4.202991232528e-05
3.600000000 4.202990918762e-05
3.610000000 4.202990604997e-05
3.620000000 4.102990291231e-05
3.630000000 3.802989977465e-05
3.640000000 3.502989663699e-05
3.650000000 3.002989349933e-05
3.660000000 2.502989036167e-05
3.670000000 1.902988722402e-05
3.680000000 1.202988408636e-05
3.690000000 5.029880948698e-06
3.700000000 -2.970122188960e-06
3.710000000 -1.197012532662e-05
3.720000000 -2.097012846428e-05
3.730000000 -3.097013160194e-05
3.740000000 -4.297013473959e-05
3.750000000 -5.497013787725e-05
3.760000000 -6.897014101491e-05
3.770000000 -8.297014415257e-05
3.780000000 -9.597014729023e-05
3.790000000 -1.069701504279e-04
3.800000000 -1.139701535655e-04
3.810000000 -1.149701567032e-04
3.820000000 -1.119701598409e-04
3.830000000 -1.029701629785e-04
3.840000000 -9.297016611618e-05
3.850000000 -8.197016925384e-05
3.860000000 -7.197017239150e-05
3.870000000 -6.297017552915e-05
3.880000000 -5.697017866681e-05
3.890000000 -5.297018180447e-05
3.900000000 -4.997018494213e-05
3.910000000 -4.997018807979e-05
3.920000000 -5.097019121745e-05
3.930000000 -5.397019435511e-05
3.940000000 -5.797019749276e-05
3.950000000 -6.397020063042e-05
3.960000000 -7.097020376808e-05
3.970000000 -7.797020690574e-05
3.980000000 -8.097021004340e-05
3.990000000 -7.697021318106e-05
4.000000000 -6.097021631871e-05
4.010000000 -3.397021945637e-05
4.020000000 3.029777405968e-06
4.030000000 4.602977426831e-05
4.040000000 8.802977113065e-05
4.050000000 1.230297679930e-04
4.060000000 1.460297648553e-04
4.070000000 1.540297617177e-04
4.080000000 1.490297585800e-04
4.090000000 1.340297554424e-04
4.100000000 1.130297523047e-04
4.110000000 9.102974916704e-05
4.120000000 6.802974602938e-05
4.130000000 4.702974289172e-05
4.140000000 2.902973975407e-05
4.150000000 1.502973661641e-05
4.160000000 6.029733478750e-06
4.170000000 3.029730341091e-06
4.180000000 5.029727203433e-06
4.190000000 1.202972406577e-05
4.200000000 2.102972092812e-05
4.210000000 3.002971779046e-05
4.220000000 3.902971465280e-05
4.230000000 4.602971151514e-05
4.240000000 5.202970837748e-05
4.250000000 5.702970523982e-05
4.260000000 6.002970210216e-05
4.270000000 6.202969896451e-05
4.280000000 6.302969582685e-05
4.290000000 6.502969268919e-05
4.300000000 6.602968955153e-05
4.310000000 6.902968641387e-05
4.320000000 7.302968327621e-05
4.330000000 7.802968013856e-05
4.340000000 8.402967700090e-05
4.350000000 9.202967386324e-05
4.360000000 1.000296707256e-04
4.370000000 1.100296675879e-04
4.380000000 1.210296644503e-04
4.390000000 1.310296613126e-04
4.400000000 1.400296581749e-04
4.410000000 1.440296550373e-04
4.420000000 1.440296518996e-04
4.430000000 1.380296487620e-04
4.440000000 1.270296456243e-04
4.450000000 1.140296424867e-04
4.460000000 9.802963934899e-05
4.470000000 8.202963621134e-05
4.480000000 6.602963307368e-05
4.490000000 5.102962993602e-05
4.500000000 3.702962679836e-05
4.510000000 2.702962366070e-05
4.520000000 2.002962052304e-05
4.530000000 1.602961738539e-05
4.540000000 1.602961424773e-05
4.550000000 2.002961111007e-05
4.560000000 2.602960797241e-05
4.570000000 3.502960483475e-05
4.580000000 4.602960169709e-05
4.590000000 5.902959855943e-05
4.600000000 7.502959542178e-05
4.610000000 9.402959228412e-05
4.620000000 1.140295891465e-04
4.630000000 1.300295860088e-04
4.640000000 1.380295828711e-04
4.650000000 1.330295797335e-04
4.660000000 1.150295765958e-04
4.670000000 8.702957345817e-05
4.680000000 5.302957032051e-05
4.690000000 1.702956718285e-05
4.700000000 -1.897043595481e-05
4.710000000 -5.397043909247e-05
4.720000000 -8.497044223013e-05
4.730000000 -1.089704453678e-04
4.740000000 -1.259704485054e-04
4.750000000 -1.349704516431e-04
4.760000000 -1.399704547808e-04
4.770000000 -1.429704579184e-04
4.780000000 -1.439704610561e-04
4.790000000 -1.429704641937e-04
4.800000000 -1.419704673314e-04
4.810000000 -1.409704704691e-04
4.820000000 -1.399704736067e-04
4.830000000 -1.409704767444e-04
4.840000000 -1.449704798820e-04
4.850000000 -1.499704830197e-04
4.860000000 -1.579704861573e-04
4.870000000 -1.679704892950e-04
4.880000000 -1.809704924327e-04
4.890000000 -1.969704955703e-04
4.900000000 -2.169704987080e-04
4.910000000 -2.429705018456e-04
4.920000000 -2.759705049833e-04
4.930000000 -3.179705081210e-04
4.940000000 -3.719705112586e-04
4.950000000 -4.389705143963e-04
4.960000000 -5.169705175339e-04
4.970000000 -6.039705206716e-04
4.980000000 -6.929705238092e-04
4.990000000 -7.759705269469e-04
5.000000000 -8.439705300846e-04
5.010000000 -8.869705332222e-04
5.020000000 -8.989705363599e-04
5.030000000 -8.759705394975e-04
5.040000000 -8.149705426352e-04
5.050000000 -7.199705457729e-04
5.060000000 -6.019705489105e-04
5.070000000 -4.749705520482e-04
5.080000000 -3.549705551858e-04
5.090000000 -2.529705583235e-04
5.100000000 -1.749705614611e-04
5.110000000 -1.219705645988e-04
5.120000000 -9.197056773646e-05
5.130000000 -7.597057087412e-05
5.140000000 -6.397057401178e-05
5.150000000 -5.097057714944e-05
5.160000000 -3.697058028710e-05
5.170000000 -2.397058342476e-05
5.180000000 -1.897058656242e-05
5.190000000 -2.397058970007e-05
5.200000000 -3.697059283773e-05
5.210000000 -5.397059597539e-05
5.220000000 -6.997059911305e-05
5.230000000 -8.197060225071e-05
5.240000000 -8.997060538837e-05
5.250000000 -9.797060852603e-05
5.260000000 -1.079706116637e-04
5.270000000 -1.229706148013e-04
5.280000000 -1.439706179390e-04
5.290000000 -1.719706210767e-04
5.300000000 -2.069706242143e-04
5.310000000 -2.459706273520e-04
5.320000000 -2.869706304896e-04
5.330000000 -3.229706336273e-04
5.340000000 -3.499706367650e-04
5.350000000 -3.619706399026e-04
5.360000000 -3.589706430403e-04
5.370000000 -3.389706461779e-04
5.380000000 -3.049706493156e-04
5.390000000 -2.579706524532e-04
5.400000000 -2.059706555909e-04
5.410000000 -1.559706587286e-04
5.420000000 -1.199706618662e-04
5.430000000 -1.019706650039e-04
5.440000000 -1.029706681415e-04
5.450000000 -1.159706712792e-04
5.460000000 -1.239706744169e-04
5.470000000 -1.059706775545e-04
5.480000000 -3.997068069217e-05
5.490000000 9.102931617017e-05
5.500000000 2.920293130325e-04
5.510000000 5.580293098949e-04
5.520000000 8.680293067572e-04
5.530000000 1.194029303620e-03
5.540000000 1.498029300482e-03
5.550000000 1.738029297344e-03
5.560000000 1.882029294207e-03
5.570000000 1.909029291069e-03
5.580000000 1.817029287931e-03
5.590000000 1.617029284794e-03
5.600000000 1.327029281656e-03
5.610000000 9.650292785183e-04
5.620000000 5.450292753806e-04
5.630000000 8.302927224295e-05
5.640000000 -4.009707308947e-04
5.650000000 -8.819707340324e-04
5.660000000 -1.327970737170e-03
5.670000000 -1.702970740308e-03
5.680000000 -1.967970743445e-03
5.690000000 -2.091970746583e-03
5.700000000 -2.048970749721e-03
5.710000000 -1.829970752858e-03
5.720000000 -1.439970755996e-03
5.730000000 -9.059707591336e-04
5.740000000 -2.739707622713e-04
5.750000000 3.970292345911e-04
5.760000000 1.042029231453e-03
5.770000000 1.600029228316e-03
5.780000000 2.020029225178e-03
5.790000000 2.270029222040e-03
5.800000000 2.329029218903e-03
5.810000000 2.198029215765e-03
5.820000000 1.896029212627e-03
5.830000000 1.463029209490e-03
5.840000000 9.580292063521e-04
5.850000000 4.510292032145e-04
5.860000000 1.602920007681e-05
5.870000000 -2.849708030609e-04
5.880000000 -4.069708061985e-04
5.890000000 -3.349708093362e-04
5.900000000 -8.497081247383e-05
5.910000000 2.970291843885e-04
5.920000000 7.400291812509e-04
5.930000000 1.166029178113e-03
5.940000000 1.497029174976e-03
5.950000000 1.675029171838e-03
5.960000000 1.665029168700e-03
5.970000000 1.461029165563e-03
5.980000000 1.082029162425e-03
5.990000000 5.590291592872e-04
6.000000000 -6.397084385041e-05
6.010000000 -7.339708469881e-04
6.020000000 -1.389970850126e-03
6.030000000 -1.968970853263e-03
6.040000000 -2.411970856401e-03
6.050000000 -2.670970859539e-03
6.060000000 -2.712970862676e-03
6.070000000 -2.521970865814e-03
6.080000000 -2.093970868952e-03
6.090000000 -1.432970872089e-03
6.100000000 -5.609708752270e-04
6.110000000 4.740291216353e-04
6.120000000 1.598029118498e-03
6.130000000 2.708029115360e-03
6.140000000 3.693029112222e-03
6.150000000 4.450029109085e-03
6.160000000 4.902029105947e-03
6.170000000 5.008029102809e-03
6.180000000 4.764029099672e-03
6.190000000 4.195029096534e-03
6.200000000 3.346029093396e-03
6.210000000 2.287029090259e-03
6.220000000 1.103029087121e-03
6.230000000 -1.119709160166e-04
6.240000000 -1.267970919154e-03
6.250000000 -2.295970922292e-03
6.260000000 -3.155970925430e-03
6.270000000 -3.831970928567e-03
6.280000000 -4.333970931705e-03
6.290000000 -4.678970934843e-03
6.300000000 -4.883970937980e-03
6.310000000 -4.952970941118e-03
6.320000000 -4.877970944255e-03
6.330000000 -4.642970947393e-03
6.340000000 -4.233970950531e-03
6.350000000 -3.639970953668e-03
6.360000000 -2.853970956806e-03
6.370000000 -1.880970959944e-03
6.380000000 -7.499709630814e-04
6.390000000 4.750290337809e-04
6.400000000 1.700029030643e-03
6.410000000 2.814029027506e-03
6.420000000 3.710029024368e-03
6.430000000 4.303029021230e-03
6.440000000 4.550029018093e-03
6.450000000 4.450029014955e-03
6.460000000 4.045029011817e-03
6.470000000 3.408029008680e-03
6.480000000 2.622029005542e-03
6.490000000 1.774029002404e-03
6.500000000 9.370289992667e-04
6.510000000 1.650289961290e-04
6.520000000 -5.119710070087e-04
6.530000000 -1.085971010146e-03
6.540000000 -1.565971013284e-03
6.550000000 -1.965971016422e-03
6.560000000 -2.296971019559e-03
6.570000000 -2.558971022697e-03
6.580000000 -2.736971025835e-03
6.590000000 -2.801971028972e-03
6.600000000 -2.721971032110e-03
6.610000000 -2.475971035248e-03
6.620000000 -2.063971038385e-03
6.630000000 -1.508971041523e-03
6.640000000 -8.569710446606e-04
6.650000000 -1.669710477982e-04
6.660000000 5.010289490641e-04
6.670000000 1.090028945926e-03
6.680000000 1.558028942789e-03
6.690000000 1.884028939651e-03
6.700000000 2.072028936513e-03
6.710000000 2.146028933376e-03
6.720000000 2.149028930238e-03
6.730000000 2.122028927101e-03
6.740000000 2.096028923963e-03
6.750000000 2.079028920825e-03
6.760000000 2.052028917688e-03
6.770000000 1.980028914550e-03
6.780000000 1.831028911412e-03
6.790000000 1.586028908275e-03
6.800000000 1.253028905137e-03
6.810000000 8.540289019993e-04
6.820000000 4.230288988616e-04
6.830000000 -8.971104276066e-06
6.840000000 -4.249711074137e-04
6.850000000 -8.219711105514e-04
6.860000000 -1.216971113689e-03
6.870000000 -1.641971116827e-03
6.880000000 -2.131971119964e-03
6.890000000 -2.713971123102e-03
6.900000000 -3.397971126240e-03
6.910000000 -4.169971129377e-03
6.920000000 -4.985971132515e-03
6.930000000 -5.774971135653e-03
6.940000000 -6.446971138790e-03
6.950000000 -6.904971141928e-03
6.960000000 -7.063971145066e-03
6.970000000 -6.856971148203e-03
6.980000000 -6.253971151341e-03
6.990000000 -5.264971154479e-03
7.000000000 -3.942971157616e-03
7.010000000 -2.381971160754e-03
7.020000000 -7.059711638916e-04
7.030000000 9.530288329708e-04
7.040000000 2.476028829833e-03
7.050000000 3.777028826695e-03
7.060000000 4.809028823558e-03
7.070000000 5.560028820420e-03
7.080000000 6.043028817282e-03
7.090000000 6.283028814145e-03
7.100000000 6.313028811007e-03
7.110000000 6.169028807869e-03
7.120000000 5.886028804732e-03
7.130000000 5.492028801594e-03
7.140000000 5.000028798457e-03
7.150000000 4.410028795319e-03
7.160000000 3.707028792181e-03
7.170000000 2.879028789044e-03
7.180000000 1.933028785906e-03
7.190000000 9.040287827682e-04
7.200000000 -1.499712203694e-04
7.210000000 -1.157971223507e-03
7.220000000 -2.061971226645e-03
7.230000000 -2.819971229782e-03
7.240000000 -3.417971232920e-03
7.250000000 -3.855971236058e-03
7.260000000 -4.150971239195e-03
7.270000000 -4.315971242333e-03
7.280000000 -4.362971245471e-03
7.290000000 -4.290971248608e-03
7.300000000 -4.089971251746e-03
7.310000000 -3.741971254884e-03
7.320000000 -3.235971258021e-03
7.330000000 -2.569971261159e-03
7.340000000 -1.750971264297e-03
7.350000000 -7.909712674343e-04
7.360000000 3.040287294280e-04
7.370000000 1.522028726290e-03
7.380000000 2.835028723153e-03
7.390000000 4.193028720015e-03
7.400000000 5.513028716877e-03
7.410000000 6.697028713740e-03
7.420000000 7.639028710602e-03
7.430000000 8.243028707464e-03
7.440000000 8.430028704327e-03
7.450000000 8.154028701189e-03
7.460000000 7.400028698051e-03
7.470000000 6.200028694914e-03
7.480000000 4.620028691776e-03
7.490000000 2.755028688638e-03
7.500000000 7.070286855008e-04
7.510000000 -1.424971317637e-03
7.520000000 -3.543971320775e-03
7.530000000 -5.554971323912e-03
7.540000000 -7.355971327050e-03
7.550000000 -8.846971330187e-03
7.560000000 -9.935971333325e-03
7.570000000 -1.054597133646e-02
7.580000000 -1.062697133960e-02
7.590000000 -1.015697134274e-02
7.600000000 -9.156971345876e-03
7.610000000 -7.684971349013e-03
7.620000000 -5.841971352151e-03
7.630000000 -3.746971355289e-03
7.640000000 -1.529971358426e-03
7.650000000 6.950286384359e-04
7.660000000 2.828028635298e-03
7.670000000 4.784028632161e-03
7.680000000 6.482028629023e-03
7.690000000 7.842028625885e-03
7.700000000 8.794028622748e-03
7.710000000 9.293028619610e-03
7.720000000 9.333028616472e-03
7.730000000 8.950028613335e-03
7.740000000 8.205028610197e-03
7.750000000 7.169028607059e-03
7.760000000 5.914028603922e-03
7.770000000 4.507028600784e-03
7.780000000 3.016028597646e-03
7.790000000 1.509028594509e-03
7.800000000 5.002859137106e-05
7.810000000 -1.317971411767e-03
7.820000000 -2.567971414904e-03
7.830000000 -3.696971418042e-03
7.840000000 -4.708971421180e-03
7.850000000 -5.603971424317e-03
7.860000000 -6.363971427455e-03
7.870000000 -6.948971430593e-03
7.880000000 -7.309971433730e-03
7.890000000 -7.395971436868e-03
7.900000000 -7.162971440006e-03
7.910000000 -6.578971443143e-03
7.920000000 -5.626971446281e-03
7.930000000 -4.307971449418e-03
7.940000000 -2.650971452556e-03
7.950000000 -7.179714556938e-04
7.960000000 1.388028541169e-03
7.970000000 3.521028538031e-03
7.980000000 5.502028534893e-03
7.990000000 7.142028531756e-03
8.000000000 8.268028528618e-03
8.010000000 8.756028525480e-03
8.020000000 8.551028522343e-03
8.030000000 7.681028519205e-03
8.040000000 6.246028516067e-03
8.050000000 4.406028512930e-03
8.060000000 2.360028509792e-03
8.070000000 3.190285066543e-04
8.080000000 -1.521971496483e-03
8.090000000 -3.008971499621e-03
8.100000000 -4.048971502759e-03
8.110000000 -4.616971505896e-03
8.120000000 -4.749971509034e-03
8.130000000 -4.531971512172e-03
8.140000000 -4.074971515309e-03
8.150000000 -3.495971518447e-03
8.160000000 -2.900971521585e-03
8.170000000 -2.368971524722e-03
8.180000000 -1.946971527860e-03
8.190000000 -1.640971530998e-03
8.200000000 -1.423971534135e-03
8.210000000 -1.250971537273e-03
8.220000000 -1.073971540411e-03
8.230000000 -8.609715435483e-04
8.240000000 -6.079715466859e-04
8.250000000 -3.289715498236e-04
8.260000000 -5.197155296123e-05
8.270000000 2.060284439011e-04
8.280000000 4.400284407635e-04
8.290000000 6.690284376258e-04
8.300000000 9.200284344881e-04
8.310000000 1.226028431350e-03
8.320000000 1.617028428213e-03
8.330000000 2.116028425075e-03
8.340000000 2.739028421938e-03
8.350000000 3.489028418800e-03
8.360000000 4.341028415662e-03
8.370000000 5.238028412525e-03
8.380000000 6.090028409387e-03
8.390000000 6.783028406249e-03
8.400000000 7.201028403112e-03
8.410000000 7.250028399974e-03
8.420000000 6.877028396836e-03
8.430000000 6.076028393699e-03
8.440000000 4.886028390561e-03
8.450000000 3.388028387423e-03
8.460000000 1.700028384286e-03
8.470000000 -3.997161885206e-05
8.480000000 -1.680971621990e-03
8.490000000 -3.087971625127e-03
8.500000000 -4.144971628265e-03
8.510000000 -4.771971631403e-03
8.520000000 -4.924971634540e-03
8.530000000 -4.616971637678e-03
8.540000000 -3.929971640816e-03
8.550000000 -3.020971643953e-03
8.560000000 -2.101971647091e-03
8.570000000 -1.404971650229e-03
8.580000000 -1.115971653366e-03
8.590000000 -1.334971656504e-03
8.600000000 -2.042971659642e-03
8.610000000 -3.110971662779e-03
8.620000000 -4.331971665917e-03
8.630000000 -5.469971669055e-03
8.640000000 -6.302971672192e-03
8.650000000 -6.661971675330e-03
8.660000000 -6.447971678468e-03
8.670000000 -5.643971681605e-03
8.680000000 -4.310971684743e-03
8.690000000 -2.574971687881e-03
8.700000000 -6.029716910182e-04
8.710000000 1.415028305844e-03
8.720000000 3.278028302706e-03
8.730000000 4.806028299569e-03
8.740000000 5.854028296431e-03
8.750000000 6.340028293294e-03
8.760000000 6.242028290156e-03
8.770000000 5.593028287018e-03
8.780000000 4.460028283881e-03
8.790000000 2.937028280743e-03
8.800000000 1.139028277605e-03
8.810000000 -7.929717255324e-04
8.820000000 -2.687971728670e-03
8.830000000 -4.353971731808e-03
8.840000000 -5.605971734945e-03
8.850000000 -6.290971738083e-03
8.860000000 -6.327971741221e-03
8.870000000 -5.714971744358e-03
8.880000000 -4.538971747496e-03
8.890000000 -2.959971750634e-03
8.900000000 -1.179971753771e-03
8.910000000 5.840282430910e-04
8.920000000 2.137028239953e-03
8.930000000 3.326028236816e-03
8.940000000 4.059028233678e-03
8.950000000 4.314028230540e-03
8.960000000 4.131028227403e-03
8.970000000 3.598028224265e-03
8.980000000 2.830028221127e-03
8.990000000 1.956028217990e-03
9.000000000 1.095028214852e-03
9.010000000 3.360282117144e-04
9.020000000 -2.749717914233e-04
9.030000000 -7.399717945609e-04
9.040000000 -1.097971797699e-03
9.050000000 -1.405971800836e-03
9.060000000 -1.714971803974e-03
9.070000000 -2.049971807112e-03
9.080000000 -2.393971810249e-03
9.090000000 -2.707971813387e-03
9.100000000 -2.945971816525e-03
9.110000000 -3.080971819662e-03
9.120000000 -3.110971822800e-03
9.130000000 -3.057971825938e-03
9.140000000 -2.954971829075e-03
9.150000000 -2.828971832213e-03
9.160000000 -2.688971835350e-03
9.170000000 -2.518971838488e-03
9.180000000 -2.285971841626e-03
9.190000000 -1.950971844763e-03
9.200000000 -1.491971847901e-03
9.210000000 -9.229718510388e-04
9.220000000 -3.039718541764e-04
9.230000000 2.670281426859e-04
9.240000000 6.810281395482e-04
9.250000000 8.600281364106e-04
9.260000000 7.770281332729e-04
9.270000000 4.630281301353e-04
9.280000000 -1.971873002395e-06
9.290000000 -5.249718761401e-04
9.300000000 -1.014971879278e-03
9.310000000 -1.404971882415e-03
9.320000000 -1.647971885553e-03
9.330000000 -1.719971888691e-03
9.340000000 -1.621971891828e-03
9.350000000 -1.383971894966e-03
9.360000000 -1.061971898104e-03
9.370000000 -7.199719012413e-04
9.380000000 -4.019719043790e-04
9.390000000 -1.109719075166e-04
9.400000000 1.880280893457e-04
9.410000000 5.570280862080e-04
9.420000000 1.055028083070e-03
9.430000000 1.723028079933e-03
9.440000000 2.571028076795e-03
9.450000000 3.573028073657e-03
9.460000000 4.663028070520e-03
9.470000000 5.734028067382e-03
9.480000000 6.650028064244e-03
9.490000000 7.263028061107e-03
9.500000000 7.443028057969e-03
9.510000000 7.107028054831e-03
9.520000000 6.246028051694e-03
9.530000000 4.926028048556e-03
9.540000000 3.279028045418e-03
9.550000000 1.466028042281e-03
9.560000000 -3.489719608568e-04
9.570000000 -2.015971963994e-03
9.580000000 -3.400971967132e-03
9.590000000 -4.389971970270e-03
9.600000000 -4.898971973407e-03
9.610000000 -4.892971976545e-03
9.620000000 -4.399971979683e-03
9.630000000 -3.515971982820e-03
9.640000000 -2.375971985958e-03
9.650000000 -1.132971989096e-03
9.660000000 7.802800776658e-05
9.670000000 1.163028004629e-03
9.680000000 2.064028001491e-03
9.690000000 2.764027998354e-03
9.700000000 3.274027995216e-03
9.710000000 3.639027992078e-03
9.720000000 3.935027988941e-03
9.730000000 4.254027985803e-03
9.740000000 4.678027982665e-03
9.750000000 5.242027979528e-03
9.760000000 5.914027976390e-03
9.770000000 6.598027973252e-03
9.780000000 7.164027970115e-03
9.790000000 7.487027966977e-03
9.800000000 7.472027963839e-03
9.810000000 7.064027960702e-03
9.820000000 6.237027957564e-03
9.830000000 4.987027954426e-03
9.840000000 3.342027951289e-03
9.850000000 1.366027948151e-03
9.860000000 -8.309720549866e-04
9.870000000 -3.117972058124e-03
9.880000000 -5.359972061262e-03
9.890000000 -7.447972064400e-03
9.900000000 -9.300972067537e-03
9.910000000 -1.085397207067e-02
9.920000000 -1.204797207381e-02
9.930000000 -1.282397207695e-02
9.940000000 -1.313997208009e-02
9.950000000 -1.299697208323e-02
9.960000000 -1.244397208636e-02
9.970000000 -1.156597208950e-02
9.980000000 -1.045097209264e-02
9.990000000 -9.162972095776e-03
10.000000000 -7.734972098914e-03
10.010000000 -6.181972102051e-03
10.020000000 -4.529972105189e-03
10.030000000 -2.832972108327e-03
10.040000000 -1.160972111464e-03
10.050000000 4.140278853979e-04
10.060000000 1.838027882260e-03
10.070000000 3.079027879123e-03
10.080000000 4.123027875985e-03
10.090000000 4.970027872847e-03
10.100000000 5.633027869710e-03
10.110000000 6.129027866572e-03
10.120000000 6.472027863434e-03
10.130000000 6.666027860297e-03
10.140000000 6.691027857159e-03
10.150000000 6.516027854021e-03
10.160000000 6.109027850884e-03
10.170000000 5.458027847746e-03
10.180000000 4.585027844608e-03
10.190000000 3.547027841471e-03
10.200000000 2.420027838333e-03
10.210000000 1.293027835195e-03
10.220000000 2.610278320577e-04
10.230000000 -5.719721710800e-04
10.240000000 -1.098972174218e-03
10.250000000 -1.226972177355e-03
10.260000000 -9.129721804929e-04
10.270000000 -1.799721836306e-04
10.280000000 8.870278132318e-04
10.290000000 2.165027810094e-03
10.300000000 3.533027806956e-03
10.310000000 4.891027803819e-03
10.320000000 6.167027800681e-03
10.330000000 7.298027797543e-03
10.340000000 8.217027794406e-03
10.350000000 8.840027791268e-03
10.360000000 9.074027788130e-03
10.370000000 8.834027784993e-03
10.380000000 8.068027781855e-03
10.390000000 6.778027778718e-03
10.400000000 5.027027775580e-03
10.410000000 2.938027772442e-03
10.420000000 6.850277693045e-04
10.430000000 -1.521972233833e-03
10.440000000 -3.465972236971e-03
10.450000000 -4.953972240108e-03
10.460000000 -5.851972243246e-03
10.470000000 -6.110972246384e-03
10.480000000 -5.783972249521e-03
10.490000000 -5.015972252659e-03
10.500000000 -4.017972255797e-03
10.510000000 -3.022972258934e-03
10.520000000 -2.235972262072e-03
10.530000000 -1.791972265210e-03
10.540000000 -1.733972268347e-03
10.550000000 -2.009972271485e-03
10.560000000 -2.497972274623e-03
10.570000000 -3.037972277760e-03
10.580000000 -3.467972280898e-03
10.590000000 -3.657972284036e-03
10.600000000 -3.518972287173e-03
10.610000000 -3.005972290311e-03
10.620000000 -2.111972293449e-03
10.630000000 -8.609722965863e-04
10.640000000 6.870277002761e-04
10.650000000 2.430027697138e-03
10.660000000 4.224027694001e-03
10.670000000 5.885027690863e-03
10.680000000 7.221027687725e-03
10.690000000 8.066027684588e-03
10.700000000 8.312027681450e-03
10.710000000 7.932027678312e-03
10.720000000 6.979027675175e-03
10.730000000 5.567027672037e-03
10.740000000 3.844027668899e-03
10.750000000 1.956027665762e-03
10.760000000 2.402766262415e-05
10.770000000 -1.876972340514e-03
10.780000000 -3.717972343651e-03
10.790000000 -5.505972346789e-03
10.800000000 -7.264972349926e-03
10.810000000 -9.011972353064e-03
10.820000000 -1.072797235620e-02
10.830000000 -1.234597235934e-02
10.840000000 -1.375097236248e-02
10.850000000 -1.480297236561e-02
10.860000000 -1.536197236875e-02
10.870000000 -1.531397237189e-02
10.880000000 -1.458997237503e-02
10.890000000 -1.317997237817e-02
10.900000000 -1.114097238130e-02
10.910000000 -8.594972384441e-03
10.920000000 -5.711972387578e-03
10.930000000 -2.679972390716e-03
10.940000000 3.230276061463e-04
10.950000000 3.153027603009e-03
10.960000000 5.700027599871e-03
10.970000000 7.881027596733e-03
10.980000000 9.617027593596e-03
10.990000000 1.083502759046e-02
11.000000000 1.146402758732e-02
11.010000000 1.146702758418e-02
11.020000000 1.085602758105e-02
11.030000000 9.711027577907e-03
11.040000000 8.171027574770e-03
11.050000000 6.405027571632e-03
11.060000000 4.587027568494e-03
11.070000000 2.875027565357e-03
11.080000000 1.403027562219e-03
11.090000000 2.730275590814e-04
11.100000000 -4.639724440562e-04
11.110000000 -8.189724471939e-04
11.120000000 -8.719724503316e-04
11.130000000 -7.479724534692e-04
11.140000000 -5.879724566069e-04
11.150000000 -5.189724597445e-04
11.160000000 -6.269724628822e-04
11.170000000 -9.499724660198e-04
11.180000000 -1.478972469158e-03
11.190000000 -2.164972472295e-03
11.200000000 -2.932972475433e-03
11.210000000 -3.686972478570e-03
11.220000000 -4.315972481708e-03
11.230000000 -4.711972484846e-03
11.240000000 -4.787972487983e-03
11.250000000 -4.505972491121e-03
11.260000000 -3.875972494259e-03
11.270000000 -2.952972497396e-03
11.280000000 -1.823972500534e-03
11.290000000 -5.989725036718e-04
11.300000000 6.010274931906e-04
11.310000000 1.660027490053e-03
11.320000000 2.492027486915e-03
11.330000000 3.063027483778e-03
11.340000000 3.399027480640e-03
11.350000000 3.580027477502e-03
11.360000000 3.702027474365e-03
11.370000000 3.840027471227e-03
11.380000000 4.017027468089e-03
11.390000000 4.193027464952e-03
11.400000000 4.284027461814e-03
11.410000000 4.187027458676e-03
11.420000000 3.816027455539e-03
11.430000000 3.120027452401e-03
11.440000000 2.106027449263e-03
11.450000000 8.350274461257e-04
11.460000000 -5.819725570119e-04
11.470000000 -2.013972560150e-03
11.480000000 -3.340972563287e-03
11.490000000 -4.473972566425e-03
11.500000000 -5.363972569563e-03
11.510000000 -5.984972572700e-03
11.520000000 -6.311972575838e-03
11.530000000 -6.314972578976e-03
11.540000000 -5.962972582113e-03
11.550000000 -5.243972585251e-03
11.560000000 -4.174972588389e-03
11.570000000 -2.803972591526e-03
11.580000000 -1.204972594664e-03
11.590000000 5.290274021985e-04
11.600000000 2.285027399061e-03
11.610000000 3.923027395923e-03
11.620000000 5.285027392786e-03
11.630000000 6.216027389648e-03
11.640000000 6.601027386510e-03
11.650000000 6.398027383373e-03
11.660000000 5.650027380235e-03
11.670000000 4.471027377097e-03
11.680000000 3.011027373960e-03
11.690000000 1.423027370822e-03
11.700000000 -1.639726323157e-04
11.710000000 -1.647972635453e-03
11.720000000 -2.950972638591e-03
11.730000000 -4.017972641729e-03
11.740000000 -4.817972644866e-03
11.750000000 -5.356972648004e-03
11.760000000 -5.664972651142e-03
11.770000000 -5.789972654279e-03
11.780000000 -5.770972657417e-03
11.790000000 -5.624972660555e-03
11.800000000 -5.336972663692e-03
11.810000000 -4.864972666830e-03
11.820000000 -4.154972669968e-03
11.830000000 -3.163972673105e-03
11.840000000 -1.874972676243e-03
11.850000000 -3.159726793806e-04
11.860000000 1.446027317482e-03
11.870000000 3.311027314344e-03
11.880000000 5.165027311206e-03
11.890000000 6.906027308069e-03
11.900000000 8.452027304931e-03
11.910000000 9.754027301793e-03
11.920000000 1.079502729866e-02
11.930000000 1.158002729552e-02
11.940000000 1.212402729238e-02
11.950000000 1.244402728924e-02
11.960000000 1.254802728611e-02
11.970000000 1.242802728297e-02
11.980000000 1.207502727983e-02
11.990000000 1.147302727669e-02
12.000000000 1.060902727355e-02
12.010000000 9.473027270417e-03
12.020000000 8.054027267279e-03
12.030000000 6.342027264142e-03
12.040000000 4.327027261004e-03
12.050000000 2.009027257866e-03
12.060000000 -5.949727452715e-04
12.070000000 -3.436972748409e-03
12.080000000 -6.426972751547e-03
12.090000000 -9.435972754684e-03
12.100000000 -1.230097275782e-02
12.110000000 -1.485197276096e-02
12.120000000 -1.693897276410e-02
12.130000000 -1.846097276724e-02
12.140000000 -1.936997277037e-02
12.150000000 -1.965897277351e-02
12.160000000 -1.934397277665e-02
12.170000000 -1.844297277979e-02
12.180000000 -1.696897278292e-02
12.190000000 -1.494197278606e-02
12.200000000 -1.239297278920e-02
12.210000000 -9.373972792336e-03
12.220000000 -5.958972795474e-03
12.230000000 -2.237972798612e-03
12.240000000 1.676027198251e-03
12.250000000 5.634027195113e-03
12.260000000 9.434027191975e-03
12.270000000 1.282502718884e-02
12.280000000 1.553102718570e-02
12.290000000 1.729802718256e-02
12.300000000 1.794302717942e-02
12.310000000 1.738602717629e-02
12.320000000 1.566402717315e-02
12.330000000 1.292702717001e-02
12.340000000 9.417027166874e-03
12.350000000 5.442027163736e-03
12.360000000 1.336027160599e-03
12.370000000 -2.574972842539e-03
12.380000000 -6.012972845677e-03
12.390000000 -8.781972848814e-03
12.400000000 -1.077597285195e-02
12.410000000 -1.198597285509e-02
12.420000000 -1.247297285823e-02
12.430000000 -1.234197286136e-02
12.440000000 -1.171897286450e-02
12.450000000 -1.072097286764e-02
12.460000000 -9.448972870778e-03
12.470000000 -7.973972873915e-03
12.480000000 -6.336972877053e-03
12.490000000 -4.557972880191e-03
12.500000000 -2.651972883328e-03
12.510000000 -6.369728864661e-04
12.520000000 1.450027110396e-03
12.530000000 3.560027107259e-03
12.540000000 5.646027104121e-03
12.550000000 7.672027100983e-03
12.560000000 9.605027097846e-03
12.570000000 1.140202709471e-02
12.580000000 1.300002709157e-02
12.590000000 1.431202708843e-02
12.600000000 1.524102708529e-02
12.610000000 1.568902708216e-02
12.620000000 1.557502707902e-02
12.630000000 1.484302707588e-02
12.640000000 1.346602707274e-02
12.650000000 1.145302706961e-02
12.660000000 8.849027066469e-03
12.670000000 5.745027063331e-03
12.680000000 2.275027060194e-03
12.690000000 -1.389972942944e-03
12.700000000 -5.047972946082e-03
12.710000000 -8.484972949219e-03
12.720000000 -1.148197295236e-02
12.730000000 -1.383197295549e-02
12.740000000 -1.535997295863e-02
12.750000000 -1.593397296177e-02
12.760000000 -1.548497296491e-02
12.770000000 -1.401797296805e-02
12.780000000 -1.160997297118e-02
12.790000000 -8.405972974321e-03
12.800000000 -4.605972977458e-03
12.810000000 -4.479729805958e-04
12.820000000 3.810027016267e-03
12.830000000 7.907027013129e-03
12.840000000 1.159902700999e-02
12.850000000 1.467302700685e-02
12.860000000 1.696002700372e-02
12.870000000 1.834302700058e-02
12.880000000 1.876202699744e-02
12.890000000 1.821302699430e-02
12.900000000 1.675002699117e-02
12.910000000 1.449002698803e-02
12.920000000 1.160702698489e-02
12.930000000 8.327026981752e-03
12.940000000 4.893026978615e-03
12.950000000 1.532026975477e-03
12.960000000 -1.574973027661e-03
12.970000000 -4.311973030798e-03
12.980000000 -6.629973033936e-03
12.990000000 -8.547973037074e-03
13.000000000 -1.013497304021e-02
13.010000000 -1.149797304335e-02
13.020000000 -1.274597304649e-02
13.030000000 -1.395597304962e-02
13.040000000 -1.515697305276e-02
13.050000000 -1.631897305590e-02
13.060000000 -1.737797305904e-02
13.070000000 -1.826297306217e-02
13.080000000 -1.891097306531e-02
13.090000000 -1.927397306845e-02
13.100000000 -1.929597307159e-02
13.110000000 -1.889897307473e-02
13.120000000 -1.799297307786e-02
13.130000000 -1.648697308100e-02
13.140000000 -1.433297308414e-02
13.150000000 -1.154997308728e-02
13.160000000 -8.235973090414e-03
13.170000000 -4.560973093552e-03
13.180000000 -7.429730966892e-04
13.190000000 2.992026900173e-03
13.200000000 6.431026897035e-03
13.210000000 9.394026893898e-03
13.220000000 1.174102689076e-02
13.230000000 1.337102688762e-02
13.240000000 1.423802688448e-02
13.250000000 1.435102688135e-02
13.260000000 1.377302687821e-02
13.270000000 1.260402687507e-02
13.280000000 1.097302687193e-02
13.290000000 9.017026868797e-03
13.300000000 6.874026865659e-03
13.310000000 4.683026862521e-03
13.320000000 2.564026859384e-03
13.330000000 6.070268562459e-04
13.340000000 -1.141973146892e-03
13.350000000 -2.681973150029e-03
13.360000000 -4.048973153167e-03
13.370000000 -5.286973156305e-03
13.380000000 -6.420973159442e-03
13.390000000 -7.442973162580e-03
13.400000000 -8.301973165718e-03
13.410000000 -8.919973168855e-03
13.420000000 -9.200973171993e-03
13.430000000 -9.047973175131e-03
13.440000000 -8.372973178268e-03
13.450000000 -7.108973181406e-03
13.460000000 -5.225973184544e-03
13.470000000 -2.750973187681e-03
13.480000000 2.230268091810e-04
13.490000000 3.539026806043e-03
13.500000000 6.995026802906e-03
13.510000000 1.037502679977e-02
13.520000000 1.347302679663e-02
13.530000000 1.612002679349e-02
13.540000000 1.819702679036e-02
13.550000000 1.963002678722e-02
13.560000000 2.038602678408e-02
13.570000000 2.046202678094e-02
13.580000000 1.987702677780e-02
13.590000000 1.867502677467e-02
13.600000000 1.691602677153e-02
13.610000000 1.467902676839e-02
13.620000000 1.206002676525e-02
13.630000000 9.167026762116e-03
13.640000000 6.114026758979e-03
13.650000000 3.019026755841e-03
13.660000000 3.026752703189e-06
13.670000000 -2.803973250434e-03
13.680000000 -5.265973253572e-03
13.690000000 -7.249973256710e-03
13.700000000 -8.634973259847e-03
13.710000000 -9.331973262985e-03
13.720000000 -9.300973266123e-03
13.730000000 -8.572973269260e-03
13.740000000 -7.252973272398e-03
13.750000000 -5.507973275536e-03
13.760000000 -3.541973278673e-03
13.770000000 -1.558973281811e-03
13.780000000 2.780267150513e-04
13.790000000 1.865026711914e-03
13.800000000 3.167026708776e-03
13.810000000 4.202026705638e-03
13.820000000 5.015026702501e-03
13.830000000 5.649026699363e-03
13.840000000 6.132026696225e-03
13.850000000 6.484026693088e-03
13.860000000 6.729026689950e-03
13.870000000 6.899026686812e-03
13.880000000 7.027026683675e-03
13.890000000 7.119026680537e-03
13.900000000 7.138026677399e-03
13.910000000 6.999026674262e-03
13.920000000 6.589026671124e-03
13.930000000 5.786026667986e-03
13.940000000 4.482026664849e-03
13.950000000 2.606026661711e-03
13.960000000 1.360266585734e-04
13.970000000 -2.879973344564e-03
13.980000000 -6.313973347702e-03
13.990000000 -9.965973350840e-03
14.000000000 -1.358297335398e-02
14.010000000 -1.688697335711e-02
14.020000000 -1.961897336025e-02
14.030000000 -2.156997336339e-02
14.040000000 -2.260797336653e-02
14.050000000 -2.267797336967e-02
14.060000000 -2.179397337280e-02
14.070000000 -2.002097337594e-02
14.080000000 -1.745997337908e-02
14.090000000 -1.424297338222e-02
14.100000000 -1.053497338535e-02
14.110000000 -6.532973388491e-03
14.120000000 -2.464973391629e-03
14.130000000 1.430026605233e-03
14.140000000 4.921026602096e-03
14.150000000 7.812026598958e-03
14.160000000 9.953026595820e-03
14.170000000 1.125102659268e-02
14.180000000 1.167302658954e-02
14.190000000 1.124302658641e-02
14.200000000 1.003702658327e-02
14.210000000 8.170026580132e-03
14.220000000 5.788026576994e-03
14.230000000 3.057026573857e-03
14.240000000 1.600265707190e-04
14.250000000 -2.698973432419e-03
14.260000000 -5.301973435556e-03
14.270000000 -7.433973438694e-03
14.280000000 -8.909973441832e-03
14.290000000 -9.610973444969e-03
14.300000000 -9.504973448107e-03
14.310000000 -8.655973451245e-03
14.320000000 -7.202973454382e-03
14.330000000 -5.329973457520e-03
14.340000000 -3.224973460658e-03
14.350000000 -1.056973463795e-03
14.360000000 1.039026533067e-03
14.370000000 2.971026529929e-03
14.380000000 4.700026526792e-03
14.390000000 6.245026523654e-03
14.400000000 7.667026520516e-03
14.410000000 9.045026517379e-03
14.420000000 1.042702651424e-02
14.430000000 1.179102651110e-02
14.440000000 1.302902650797e-02
14.450000000 1.395902650483e-02
14.460000000 1.436902650169e-02
14.470000000 1.407302649855e-02
14.480000000 1.296602649542e-02
14.490000000 1.105702649228e-02
14.500000000 8.474026489140e-03
14.510000000 5.439026486002e-03
14.520000000 2.217026482865e-03
14.530000000 -9.409735202731e-04
14.540000000 -3.843973523411e-03
14.550000000 -6.388973526548e-03
14.560000000 -8.545973529686e-03
14.570000000 -1.033697353282e-02
14.580000000 -1.179197353596e-02
14.590000000 -1.292997353910e-02
14.600000000 -1.375697354224e-02
14.610000000 -1.427197354537e-02
14.620000000 -1.447297354851e-02
14.630000000 -1.436197355165e-02
14.640000000 -1.393897355479e-02
14.650000000 -1.320097355792e-02
14.660000000 -1.214997356106e-02
14.670000000 -1.079197356420e-02
14.680000000 -9.155973567338e-03
14.690000000 -7.294973570476e-03
14.700000000 -5.300973573613e-03
14.710000000 -3.295973576751e-03
14.720000000 -1.424973579889e-03
14.730000000 1.670264169737e-04
14.740000000 1.356026413836e-03
14.750000000 2.055026410698e-03
14.760000000 2.217026407561e-03
14.770000000 1.845026404423e-03
14.780000000 9.970264012854e-04
14.790000000 -2.129736018522e-04
14.800000000 -1.611973604990e-03
14.810000000 -2.981973608128e-03
14.820000000 -4.086973611265e-03
14.830000000 -4.709973614403e-03
14.840000000 -4.695973617541e-03
14.850000000 -3.981973620678e-03
14.860000000 -2.613973623816e-03
14.870000000 -7.219736269535e-04
14.880000000 1.504026369909e-03
14.890000000 3.870026366771e-03
14.900000000 6.216026363634e-03
14.910000000 8.441026360496e-03
14.920000000 1.049602635736e-02
14.930000000 1.236802635422e-02
14.940000000 1.404602635108e-02
14.950000000 1.550302634795e-02
14.960000000 1.669002634481e-02
14.970000000 1.754602634167e-02
14.980000000 1.801302633853e-02
14.990000000 1.804902633539e-02
15.000000000 1.764402633226e-02
15.010000000 1.682102632912e-02
15.020000000 1.562602632598e-02
15.030000000 1.410002632284e-02
15.040000000 1.227302631971e-02
15.050000000 1.015202631657e-02
15.060000000 7.747026313431e-03
15.070000000 5.091026310293e-03
15.080000000 2.250026307156e-03
15.090000000 -6.719736959820e-04
15.100000000 -3.542973699120e-03
15.110000000 -6.212973702257e-03
15.120000000 -8.526973705395e-03
15.130000000 -1.035497370853e-02
15.140000000 -1.160997371167e-02
15.150000000 -1.227597371481e-02
15.160000000 -1.241297371795e-02
15.170000000 -1.213797372108e-02
15.180000000 -1.160097372422e-02
15.190000000 -1.094897372736e-02
15.200000000 -1.030297373050e-02
15.210000000 -9.730973733634e-03
15.220000000 -9.236973736772e-03
15.230000000 -8.774973739909e-03
15.240000000 -8.261973743047e-03
15.250000000 -7.610973746185e-03
15.260000000 -6.751973749322e-03
15.270000000 -5.649973752460e-03
15.280000000 -4.312973755597e-03
15.290000000 -2.795973758735e-03
15.300000000 -1.183973761873e-03
15.310000000 4.310262349895e-04
15.320000000 1.960026231852e-03
15.330000000 3.332026228714e-03
15.340000000 4.488026225577e-03
15.350000000 5.381026222439e-03
15.360000000 5.976026219301e-03
15.370000000 6.256026216164e-03
15.380000000 6.234026213026e-03
15.390000000 5.952026209888e-03
15.400000000 5.486026206751e-03
15.410000000 4.932026203613e-03
15.420000000 4.394026200475e-03
15.430000000 3.965026197338e-03
15.440000000 3.708026194200e-03
15.450000000 3.642026191062e-03
15.460000000 3.735026187925e-03
15.470000000 3.914026184787e-03
15.480000000 4.074026181649e-03
15.490000000 4.093026178512e-03
15.500000000 3.840026175374e-03
15.510000000 3.192026172236e-03
15.520000000 2.043026169099e-03
15.530000000 3.180261659611e-04
15.540000000 -2.009973837177e-03
15.550000000 -4.909973840314e-03
15.560000000 -8.285973843452e-03
15.570000000 -1.197397384659e-02
15.580000000 -1.575197384973e-02
15.590000000 -1.934897385286e-02
15.600000000 -2.246897385600e-02
15.610000000 -2.482097385914e-02
15.620000000 -2.616697386228e-02
15.630000000 -2.636197386542e-02
15.640000000 -2.538597386855e-02
15.650000000 -2.333997387169e-02
15.660000000 -2.042497387483e-02
15.670000000 -1.689497387797e-02
15.680000000 -1.301297388110e-02
15.690000000 -9.005973884241e-03
15.700000000 -5.042973887379e-03
15.710000000 -1.225973890517e-03
15.720000000 2.406026106346e-03
15.730000000 5.869026103208e-03
15.740000000 9.212026100070e-03
15.750000000 1.248902609693e-02
15.760000000 1.573602609379e-02
15.770000000 1.894502609066e-02
15.780000000 2.206202608752e-02
15.790000000 2.500002608438e-02
15.800000000 2.765102608124e-02
15.810000000 2.990502607811e-02
15.820000000 3.165902607497e-02
15.830000000 3.281902607183e-02
15.840000000 3.330302606869e-02
15.850000000 3.304402606556e-02
15.860000000 3.200202606242e-02
15.870000000 3.016902605928e-02
15.880000000 2.757502605614e-02
15.890000000 2.427602605301e-02
15.900000000 2.034802604987e-02
15.910000000 1.587402604673e-02
15.920000000 1.095602604359e-02
15.930000000 5.722026040455e-03
15.940000000 3.430260373171e-04
15.950000000 -4.957973965821e-03
15.960000000 -9.907973968958e-03
15.970000000 -1.420597397210e-02
15.980000000 -1.756297397523e-02
15.990000000 -1.974197397837e-02
16.000000000 -2.059697398151e-02
16.010000000 -2.009397398465e-02
16.020000000 -1.830797398778e-02
16.030000000 -1.541597399092e-02
16.040000000 -1.167297399406e-02
16.050000000 -7.392973997197e-03
16.060000000 -2.925974000335e-03
16.070000000 1.376025996527e-03
16.080000000 5.186025993390e-03
16.090000000 8.237025990252e-03
16.100000000 1.033902598711e-02
16.110000000 1.139702598398e-02
16.120000000 1.140702598084e-02
16.130000000 1.045602597770e-02
16.140000000 8.708025974564e-03
16.150000000 6.387025971426e-03
16.160000000 3.748025968289e-03
16.170000000 1.047025965151e-03
16.180000000 -1.492974037987e-03
16.190000000 -3.715974041124e-03
16.200000000 -5.545974044262e-03
16.210000000 -6.995974047400e-03
16.220000000 -8.136974050537e-03
16.230000000 -9.071974053675e-03
16.240000000 -9.900974056813e-03
16.250000000 -1.069697405995e-02
16.260000000 -1.150997406309e-02
16.270000000 -1.236297406623e-02
16.280000000 -1.325797406936e-02
16.290000000 -1.417397407250e-02
16.300000000 -1.506697407564e-02
16.310000000 -1.586597407878e-02
16.320000000 -1.649197408191e-02
16.330000000 -1.686897408505e-02
16.340000000 -1.694197408819e-02
16.350000000 -1.667897409133e-02
16.360000000 -1.606797409446e-02
16.370000000 -1.511597409760e-02
16.380000000 -1.384597410074e-02
16.390000000 -1.228997410388e-02
16.400000000 -1.049297410702e-02
16.410000000 -8.501974110153e-03
16.420000000 -6.351974113291e-03
16.430000000 -4.063974116428e-03
16.440000000 -1.641974119566e-03
16.450000000 9.120258772965e-04
16.460000000 3.579025874159e-03
16.470000000 6.297025871021e-03
16.480000000 8.961025867883e-03
16.490000000 1.143902586475e-02
16.500000000 1.361102586161e-02
16.510000000 1.540202585847e-02
16.520000000 1.681202585533e-02
16.530000000 1.790502585220e-02
16.540000000 1.877802584906e-02
16.550000000 1.951502584592e-02
16.560000000 2.014502584278e-02
16.570000000 2.061502583964e-02
16.580000000 2.078402583651e-02
16.590000000 2.043202583337e-02
16.600000000 1.930002583023e-02
16.610000000 1.713902582709e-02
16.620000000 1.377202582396e-02
16.630000000 9.147025820819e-03
16.640000000 3.366025817681e-03
16.650000000 -3.314974185457e-03
16.660000000 -1.050697418859e-02
16.670000000 -1.773897419173e-02
16.680000000 -2.450997419487e-02
16.690000000 -3.033997419801e-02
16.700000000 -3.481997420114e-02
16.710000000 -3.764897420428e-02
16.720000000 -3.865297420742e-02
16.730000000 -3.780797421056e-02
16.740000000 -3.522797421370e-02
16.750000000 -3.114197421683e-02
16.760000000 -2.584997421997e-02
16.770000000 -1.966597422311e-02
16.780000000 -1.288497422625e-02
16.790000000 -5.761974229384e-03
16.800000000 1.465025767478e-03
16.810000000 8.541025764341e-03
16.820000000 1.516302576120e-02
16.830000000 2.097302575807e-02
16.840000000 2.558102575493e-02
16.850000000 2.863102575179e-02
16.860000000 2.987202574865e-02
16.870000000 2.921902574551e-02
16.880000000 2.679002574238e-02
16.890000000 2.289202573924e-02
16.900000000 1.797102573610e-02
16.910000000 1.253502573296e-02
16.920000000 7.077025729827e-03
16.930000000 2.008025726689e-03
16.940000000 -2.377974276449e-03
16.950000000 -5.915974279586e-03
16.960000000 -8.558974282724e-03
16.970000000 -1.035497428586e-02
16.980000000 -1.141097428900e-02
16.990000000 -1.186397429214e-02
17.000000000 -1.184097429527e-02
17.010000000 -1.144197429841e-02
17.020000000 -1.071697430155e-02
17.030000000 -9.665974304688e-03
17.040000000 -8.245974307825e-03
17.050000000 -6.397974310963e-03
17.060000000 -4.083974314101e-03
17.070000000 -1.315974317238e-03
17.080000000 1.821025679624e-03
17.090000000 5.173025676486e-03
17.100000000 8.528025673349e-03
17.110000000 1.165502567021e-02
17.120000000 1.435302566707e-02
17.130000000 1.648702566394e-02
17.140000000 1.801402566080e-02
17.150000000 1.897102565766e-02
17.160000000 1.943102565452e-02
17.170000000 1.945902565139e-02
17.180000000 1.907502564825e-02
17.190000000 1.824902564511e-02
17.200000000 1.692502564197e-02
17.210000000 1.505102563883e-02
17.220000000 1.261702563570e-02
17.230000000 9.666025632559e-03
17.240000000 6.298025629421e-03
17.250000000 2.666025626284e-03
17.260000000 -1.028974376854e-03
17.270000000 -4.543974379992e-03
17.280000000 -7.608974383129e-03
17.290000000 -9.954974386267e-03
17.300000000 -1.135397438940e-02
17.310000000 -1.165797439254e-02
17.320000000 -1.084397439568e-02
17.330000000 -9.032974398817e-03
17.340000000 -6.496974401955e-03
17.350000000 -3.618974405093e-03
17.360000000 -8.459744082305e-04
17.370000000 1.390025588632e-03
17.380000000 2.742025585494e-03
17.390000000 3.016025582357e-03
17.400000000 2.193025579219e-03
17.410000000 4.240255760813e-04
17.420000000 -2.016974427056e-03
17.430000000 -4.799974430194e-03
17.440000000 -7.605974433332e-03
17.450000000 -1.017397443647e-02
17.460000000 -1.233397443961e-02
17.470000000 -1.401097444274e-02
17.480000000 -1.522197444588e-02
17.490000000 -1.604897444902e-02
17.500000000 -1.659897445216e-02
17.510000000 -1.695797445530e-02
17.520000000 -1.713897445843e-02
17.530000000 -1.705597446157e-02
17.540000000 -1.652597446471e-02
17.550000000 -1.530897446785e-02
17.560000000 -1.317897447098e-02
17.570000000 -9.998974474121e-03
17.580000000 -5.783974477259e-03
17.590000000 -7.309744803966e-04
17.600000000 4.793025516466e-03
17.610000000 1.030502551333e-02
17.620000000 1.528102551019e-02
17.630000000 1.923902550705e-02
17.640000000 2.182202550392e-02
17.650000000 2.285402550078e-02
17.660000000 2.237202549764e-02
17.670000000 2.061702549450e-02
17.680000000 1.799602549136e-02
17.690000000 1.501302548823e-02
17.700000000 1.219102548509e-02
17.710000000 1.000202548195e-02
17.720000000 8.803025478814e-03
17.730000000 8.794025475676e-03
17.740000000 9.990025472539e-03
17.750000000 1.221002546940e-02
17.760000000 1.509602546626e-02
17.770000000 1.815602546313e-02
17.780000000 2.083402545999e-02
17.790000000 2.259702545685e-02
17.800000000 2.300502545371e-02
17.810000000 2.177702545057e-02
17.820000000 1.881802544744e-02
17.830000000 1.422502544430e-02
17.840000000 8.284025441162e-03
17.850000000 1.437025438024e-03
17.860000000 -5.754974565113e-03
17.870000000 -1.267697456825e-02
17.880000000 -1.872597457139e-02
17.890000000 -2.338297457453e-02
17.900000000 -2.626997457766e-02
17.910000000 -2.719197458080e-02
17.920000000 -2.614697458394e-02
17.930000000 -2.330897458708e-02
17.940000000 -1.899397459021e-02
17.950000000 -1.360997459335e-02
17.960000000 -7.613974596490e-03
17.970000000 -1.472974599628e-03
17.980000000 4.369025397235e-03
17.990000000 9.521025394097e-03
18.000000000 1.368302539096e-02
18.010000000 1.667202538782e-02
18.020000000 1.843602538468e-02
18.030000000 1.905602538155e-02
18.040000000 1.871302537841e-02
18.050000000 1.766602537527e-02
18.060000000 1.620602537213e-02
18.070000000 1.463302536900e-02
18.080000000 1.322102536586e-02
18.090000000 1.219702536272e-02
18.100000000 1.170902535958e-02
18.110000000 1.179402535645e-02
18.120000000 1.235702535331e-02
18.130000000 1.316602535017e-02
18.140000000 1.388002534703e-02
18.150000000 1.409202534389e-02
18.160000000 1.339202534076e-02
18.170000000 1.143702533762e-02
18.180000000 8.009025334482e-03
18.190000000 3.059025331344e-03
18.200000000 -3.271974671794e-03
18.210000000 -1.066297467493e-02
18.220000000 -1.863397467807e-02
18.230000000 -2.659497468121e-02
18.240000000 -3.390097468434e-02
18.250000000 -3.992297468748e-02
18.260000000 -4.412897469062e-02
18.270000000 -4.615897469376e-02
18.280000000 -4.588197469690e-02
18.290000000 -4.343597470003e-02
18.300000000 -3.921997470317e-02
18.310000000 -3.385297470631e-02
18.320000000 -2.809397470945e-02
18.330000000 -2.274397471258e-02
18.340000000 -1.852097471572e-02
18.350000000 -1.594197471886e-02
18.360000000 -1.523797472200e-02
18.370000000 -1.631997472513e-02
18.380000000 -1.882897472827e-02
18.390000000 -2.223197473141e-02
18.400000000 -2.594297473455e-02
18.410000000 -2.942397473768e-02
18.420000000 -3.224997474082e-02
18.430000000 -3.413397474396e-02
18.440000000 -3.492497474710e-02
18.450000000 -3.460397475024e-02
18.460000000 -3.326197475337e-02
18.470000000 -3.107997475651e-02
18.480000000 -2.828997475965e-02
18.490000000 -2.512997476279e-02
18.500000000 -2.179597476592e-02
18.510000000 -1.840497476906e-02
18.520000000 -1.497697477220e-02
18.530000000 -1.143997477534e-02
18.540000000 -7.661974778474e-03
18.550000000 -3.497974781612e-03
18.560000000 1.149025215251e-03
18.570000000 6.291025212113e-03
18.580000000 1.182802520898e-02
18.590000000 1.754602520584e-02
18.600000000 2.314802520270e-02
18.610000000 2.829802519956e-02
18.620000000 3.267602519642e-02
18.630000000 3.602502519329e-02
18.640000000 3.818902519015e-02
18.650000000 3.912302518701e-02
18.660000000 3.888502518387e-02
18.670000000 3.760502518074e-02
18.680000000 3.544502517760e-02
18.690000000 3.256602517446e-02
18.700000000 2.910602517132e-02
18.710000000 2.518202516819e-02
18.720000000 2.091202516505e-02
18.730000000 1.644302516191e-02
18.740000000 1.197702515877e-02
18.750000000 7.787025155635e-03
18.760000000 4.199025152497e-03
18.770000000 1.545025149360e-03
18.780000000 1.090251462220e-04
18.790000000 6.602514308439e-05
18.800000000 1.448025139947e-03
18.810000000 4.136025136809e-03
18.820000000 7.881025133671e-03
18.830000000 1.234002513053e-02
18.840000000 1.711402512740e-02
18.850000000 2.179002512426e-02
18.860000000 2.597102512112e-02
18.870000000 2.931702511798e-02
18.880000000 3.158502511485e-02
18.890000000 3.267102511171e-02
18.900000000 3.263102510857e-02
18.910000000 3.167102510543e-02
18.920000000 3.010902510229e-02
18.930000000 2.831102509916e-02
18.940000000 2.661202509602e-02
18.950000000 2.524602509288e-02
18.960000000 2.430602508974e-02
18.970000000 2.372102508661e-02
18.980000000 2.329302508347e-02
18.990000000 2.274002508033e-02
19.000000000 2.175702507719e-02
19.010000000 2.006602507406e-02
19.020000000 1.745102507092e-02
19.030000000 1.379502506778e-02
19.040000000 9.100025064643e-03
19.050000000 3.503025061505e-03
19.060000000 -2.720974941632e-03
19.070000000 -9.178974944770e-03
19.080000000 -1.539797494791e-02
19.090000000 -2.088397495105e-02
19.100000000 -2.518497495418e-02
19.110000000 -2.795797495732e-02
19.120000000 -2.902597496046e-02
19.130000000 -2.841497496360e-02
19.140000000 -2.635397496673e-02
19.150000000 -2.323297496987e-02
19.160000000 -1.952197497301e-02
19.170000000 -1.568297497615e-02
19.180000000 -1.209197497928e-02
19.190000000 -8.996974982422e-03
19.200000000 -6.512974985560e-03
19.210000000 -4.653974988697e-03
19.220000000 -3.372974991835e-03
19.230000000 -2.603974994973e-03
19.240000000 -2.285974998110e-03
19.250000000 -2.369975001248e-03
19.260000000 -2.815975004386e-03
19.270000000 -3.593975007523e-03
19.280000000 -4.673975010661e-03
19.290000000 -6.031975013799e-03
19.300000000 -7.641975016936e-03
19.310000000 -9.479975020074e-03
19.320000000 -1.151297502321e-02
19.330000000 -1.369997502635e-02
19.340000000 -1.598797502949e-02
19.350000000 -1.831697503262e-02
19.360000000 -2.062097503576e-02
19.370000000 -2.283497503890e-02
19.380000000 -2.489797504204e-02
19.390000000 -2.675397504518e-02
19.400000000 -2.835197504831e-02
19.410000000 -2.964397505145e-02
19.420000000 -3.058097505459e-02
19.430000000 -3.108697505773e-02
19.440000000 -3.105397506086e-02
19.450000000 -3.033297506400e-02
19.460000000 -2.875897506714e-02
19.470000000 -2.619697507028e-02
19.480000000 -2.258997507341e-02
19.490000000 -1.801697507655e-02
19.500000000 -1.271497507969e-02
19.510000000 -7.065975082827e-03
19.520000000 -1.543975085965e-03
19.530000000 3.380024910898e-03
19.540000000 7.326024907760e-03
19.550000000 1.008102490462e-02
19.560000000 1.161802490148e-02
19.570000000 1.205202489835e-02
19.580000000 1.155902489521e-02
19.590000000 1.029002489207e-02
19.600000000 8.318024888934e-03
19.610000000 5.644024885796e-03
19.620000000 2.246024882659e-03
19.630000000 -1.860975120479e-03
19.640000000 -6.578975123617e-03
19.650000000 -1.171597512675e-02
19.660000000 -1.700297512989e-02
19.670000000 -2.212397513303e-02
19.680000000 -2.674397513617e-02
19.690000000 -3.052697513930e-02
19.700000000 -3.314297514244e-02
19.710000000 -3.427597514558e-02
19.720000000 -3.364797514872e-02
19.730000000 -3.106597515186e-02
19.740000000 -2.648497515499e-02
19.750000000 -2.006297515813e-02
19.760000000 -1.219897516127e-02
19.770000000 -3.504975164406e-03
19.780000000 5.270024832456e-03
19.790000000 1.336302482932e-02
19.800000000 2.012802482618e-02
19.810000000 2.515302482304e-02
19.820000000 2.832002481991e-02
19.830000000 2.981602481677e-02
19.840000000 3.008102481363e-02
19.850000000 2.972302481049e-02
19.860000000 2.939502480735e-02
19.870000000 2.966802480422e-02
19.880000000 3.091702480108e-02
19.890000000 3.323702479794e-02
19.900000000 3.642702479480e-02
19.910000000 4.003402479167e-02
19.920000000 4.345402478853e-02
19.930000000 4.606002478539e-02
19.940000000 4.731802478225e-02
19.950000000 4.688302477912e-02
19.960000000 4.463302477598e-02
19.970000000 4.068702477284e-02
19.980000000 3.536902476970e-02
19.990000000 2.916902476657e-02
20.000000000 2.268102476343e-02
20.010000000 1.652302476029e-02
20.020000000 1.125902475715e-02
20.030000000 7.329024754015e-03
20.040000000 5.009024750877e-03
20.050000000 4.406024747739e-03
20.060000000 5.486024744602e-03
20.070000000 8.116024741464e-03
20.080000000 1.208902473833e-02
20.090000000 1.714002473519e-02
20.100000000 2.293902473205e-02
20.110000000 2.908902472891e-02
20.120000000 3.512702472578e-02
20.130000000 4.055902472264e-02
20.140000000 4.490502471950e-02
20.150000000 4.776202471636e-02
20.160000000 4.884802471323e-02
20.170000000 4.803902471009e-02
20.180000000 4.536602470695e-02
20.190000000 4.100102470381e-02
20.200000000 3.523402470067e-02
20.210000000 2.843702469754e-02
20.220000000 2.103402469440e-02
20.230000000 1.345902469126e-02
20.240000000 6.116024688124e-03
20.250000000 -6.719753150138e-04
20.260000000 -6.692975318151e-03
20.270000000 -1.186897532129e-02
20.280000000 -1.624797532443e-02
20.290000000 -1.998097532756e-02
20.300000000 -2.327897533070e-02
20.310000000 -2.636897533384e-02
20.320000000 -2.944397533698e-02
20.330000000 -3.262797534012e-02
20.340000000 -3.592997534325e-02
20.350000000 -3.924297534639e-02
20.360000000 -4.235397534953e-02
20.370000000 -4.498697535267e-02
20.380000000 -4.687297535580e-02
20.390000000 -4.780597535894e-02
20.400000000 -4.768897536208e-02
20.410000000 -4.654597536522e-02
20.420000000 -4.450297536835e-02
20.430000000 -4.174697537149e-02
20.440000000 -3.848697537463e-02
20.450000000 -3.492197537777e-02
20.460000000 -3.122397538090e-02
20.470000000 -2.752797538404e-02
20.480000000 -2.392497538718e-02
20.490000000 -2.046697539032e-02
20.500000000 -1.717697539346e-02
20.510000000 -1.407897539659e-02
20.520000000 -1.121997539973e-02
20.530000000 -8.686975402868e-03
20.540000000 -6.601975406006e-03
20.550000000 -5.090975409144e-03
20.560000000 -4.243975412281e-03
20.570000000 -4.065975415419e-03
20.580000000 -4.458975418556e-03
20.590000000 -5.212975421694e-03
20.600000000 -6.033975424832e-03
20.610000000 -6.582975427969e-03
20.620000000 -6.523975431107e-03
20.630000000 -5.567975434245e-03
20.640000000 -3.513975437382e-03
20.650000000 -2.819754405201e-04
20.660000000 4.072024556342e-03
20.670000000 9.346024553205e-03
20.680000000 1.520302455007e-02
20.690000000 2.120002454693e-02
20.700000000 2.681402454379e-02
20.710000000 3.148402454065e-02
20.720000000 3.465502453752e-02
20.730000000 3.583602453438e-02
20.740000000 3.465802453124e-02
20.750000000 3.092802452810e-02
20.760000000 2.468002452497e-02
20.770000000 1.618102452183e-02
20.780000000 5.929024518690e-03
20.790000000 -5.388975484447e-03
20.800000000 -1.695797548758e-02
20.810000000 -2.791997549072e-02
20.820000000 -3.745597549386e-02
20.830000000 -4.487697549700e-02
20.840000000 -4.967597550014e-02
20.850000000 -5.157697550327e-02
20.860000000 -5.054797550641e-02
20.870000000 -4.680297550955e-02
20.880000000 -4.078197551269e-02
20.890000000 -3.310697551582e-02
20.900000000 -2.452997551896e-02
20.910000000 -1.583997552210e-02
20.920000000 -7.780975525237e-03
20.930000000 -9.549755283745e-04
20.940000000 4.246024468488e-03
20.950000000 7.665024465350e-03
20.960000000 9.374024462212e-03
20.970000000 9.630024459075e-03
20.980000000 8.823024455937e-03
20.990000000 7.409024452800e-03
21.000000000 5.849024449662e-03
21.010000000 4.559024446524e-03
21.020000000 3.855024443387e-03
21.030000000 3.920024440249e-03
21.040000000 4.780024437111e-03
21.050000000 6.298024433974e-03
21.060000000 8.202024430836e-03
21.070000000 1.013402442770e-02
21.080000000 1.171302442456e-02
21.090000000 1.262002442142e-02
21.100000000 1.265802441829e-02
21.110000000 1.180402441515e-02
21.120000000 1.020502441201e-02
21.130000000 8.154024408872e-03
21.140000000 6.032024405735e-03
21.150000000 4.253024402597e-03
21.160000000 3.200024399459e-03
21.170000000 3.182024396322e-03
21.180000000 4.398024393184e-03
21.190000000 6.911024390046e-03
21.200000000 1.062602438691e-02
21.210000000 1.530402438377e-02
21.220000000 2.057202438063e-02
21.230000000 2.596902437750e-02
21.240000000 3.099202437436e-02
21.250000000 3.516702437122e-02
21.260000000 3.810702436808e-02
21.270000000 3.957602436495e-02
21.280000000 3.950902436181e-02
21.290000000 3.800302435867e-02
21.300000000 3.526702435553e-02
21.310000000 3.156002435239e-02
21.320000000 2.713902434926e-02
21.330000000 2.221702434612e-02
21.340000000 1.696302434298e-02
21.350000000 1.150502433984e-02
21.360000000 5.971024336706e-03
21.370000000 5.110243335685e-04
21.380000000 -4.678975669569e-03
21.390000000 -9.358975672707e-03
21.400000000 -1.327197567584e-02
21.410000000 -1.618397567898e-02
21.420000000 -1.791397568212e-02
21.430000000 -1.836597568526e-02
21.440000000 -1.753397568840e-02
21.450000000 -1.550697569153e-02
21.460000000 -1.245597569467e-02
21.470000000 -8.618975697808e-03
21.480000000 -4.268975700946e-03
21.490000000 3.260242959166e-04
21.500000000 4.934024292779e-03
21.510000000 9.374024289641e-03
21.520000000 1.350502428650e-02
21.530000000 1.717602428337e-02
21.540000000 2.017502428023e-02
21.550000000 2.218502427709e-02
21.560000000 2.278602427395e-02
21.570000000 2.151402427082e-02
21.580000000 1.794902426768e-02
21.590000000 1.182802426454e-02
21.600000000 3.129024261402e-03
21.610000000 -7.888975741735e-03
21.620000000 -2.068897574487e-02
21.630000000 -3.450497574801e-02
21.640000000 -4.840997575115e-02
21.650000000 -6.139897575429e-02
21.660000000 -7.248497575742e-02
21.670000000 -8.078697576056e-02
21.680000000 -8.561497576370e-02
21.690000000 -8.653997576684e-02
21.700000000 -8.343797576997e-02
21.710000000 -7.649697577311e-02
21.720000000 -6.619997577625e-02
21.730000000 -5.326297577939e-02
21.740000000 -3.857097578252e-02
21.750000000 -2.307297578566e-02
21.760000000 -7.698975788800e-03
21.770000000 6.740024208062e-03
21.780000000 1.961502420492e-02
21.790000000 3.051602420179e-02
21.800000000 3.923402419865e-02
21.810000000 4.573202419551e-02
21.820000000 5.009502419237e-02
21.830000000 5.249702418924e-02
21.840000000 5.316002418610e-02
21.850000000 5.233002418296e-02
21.860000000 5.023502417982e-02
21.870000000 4.705002417669e-02
21.880000000 4.287402417355e-02
21.890000000 3.772502417041e-02
21.900000000 3.155002416727e-02
21.910000000 2.426602416413e-02
21.920000000 1.582002416100e-02
21.930000000 6.249024157860e-03
21.940000000 -4.246975845278e-03
21.950000000 -1.527597584842e-02
21.960000000 -2.626597585155e-02
21.970000000 -3.652497585469e-02
21.980000000 -4.532697585783e-02
21.990000000 -5.202297586097e-02
22.000000000 -5.613297586410e-02
22.010000000 -5.742397586724e-02
22.020000000 -5.594797587038e-02
22.030000000 -5.203897587352e-02
22.040000000 -4.627297587665e-02
22.050000000 -3.940097587979e-02
22.060000000 -3.226697588293e-02
22.070000000 -2.571997588607e-02
22.080000000 -2.053797588921e-02
22.090000000 -1.735797589234e-02
22.100000000 -1.662097589548e-02
22.110000000 -1.852097589862e-02
22.120000000 -2.297797590176e-02
22.130000000 -2.964597590489e-02
22.140000000 -3.793997590803e-02
22.150000000 -4.711997591117e-02
22.160000000 -5.638697591431e-02
22.170000000 -6.498997591744e-02
22.180000000 -7.231097592058e-02
22.190000000 -7.791397592372e-02
22.200000000 -8.154297592686e-02
22.210000000 -8.307497592999e-02
22.220000000 -8.246997593313e-02
22.230000000 -7.971997593627e-02
22.240000000 -7.483397593941e-02
22.250000000 -6.784497594255e-02
22.260000000 -5.886197594568e-02
22.270000000 -4.810397594882e-02
22.280000000 -3.593397595196e-02
22.290000000 -2.283097595510e-02
22.300000000 -9.324975958234e-03
22.310000000 4.106024038629e-03
22.320000000 1.711602403549e-02
22.330000000 2.954902403235e-02
22.340000000 4.142402402922e-02
22.350000000 5.288502402608e-02
22.360000000 6.410902402294e-02
22.370000000 7.524002401980e-02
22.380000000 8.630502401666e-02
22.390000000 9.719202401353e-02
22.400000000 1.076270240104e-01
22.410000000 1.172190240073e-01
22.420000000 1.255090240041e-01
22.430000000 1.320520240010e-01
22.440000000 1.364770239978e-01
22.450000000 1.385330239947e-01
22.460000000 1.381100239916e-01
22.470000000 1.352470239884e-01
22.480000000 1.301170239853e-01
22.490000000 1.230160239822e-01
22.500000000 1.143450239790e-01
22.510000000 1.045860239759e-01
22.520000000 9.428502397274e-02
22.530000000 8.401402396960e-02
22.540000000 7.434402396646e-02
22.550000000 6.580402396332e-02
22.560000000 5.884302396019e-02
22.570000000 5.379602395705e-02
22.580000000 5.085702395391e-02
22.590000000 5.005302395077e-02
22.600000000 5.122202394764e-02
22.610000000 5.400402394450e-02
22.620000000 5.784602394136e-02
22.630000000 6.203102393822e-02
22.640000000 6.573002393509e-02
22.650000000 6.807202393195e-02
22.660000000 6.823702392881e-02
22.670000000 6.554702392567e-02
22.680000000 5.956802392254e-02
22.690000000 5.017802391940e-02
22.700000000 3.763002391626e-02
22.710000000 2.253402391312e-02
22.720000000 5.805023909985e-03
22.730000000 -1.146497609315e-02
22.740000000 -2.813197609629e-02
22.750000000 -4.315197609943e-02
22.760000000 -5.567897610257e-02
22.770000000 -6.515097610570e-02
22.780000000 -7.131697610884e-02
22.790000000 -7.424097611198e-02
22.800000000 -7.425497611512e-02
22.810000000 -7.189797611825e-02
22.820000000 -6.782897612139e-02
22.830000000 -6.273997612453e-02
22.840000000 -5.726497612767e-02
22.850000000 -5.191597613080e-02
22.860000000 -4.704397613394e-02
22.870000000 -4.283897613708e-02
22.880000000 -3.936997614022e-02
22.890000000 -3.664597614336e-02
22.900000000 -3.467697614649e-02
22.910000000 -3.352397614963e-02
22.920000000 -3.330097615277e-02
22.930000000 -3.415697615591e-02
22.940000000 -3.621397615904e-02
22.950000000 -3.951197616218e-02
22.960000000 -4.395597616532e-02
22.970000000 -4.929297616846e-02
22.980000000 -5.513997617159e-02
22.990000000 -6.104397617473e-02
23.000000000 -6.655297617787e-02
23.010000000 -7.129197618101e-02
23.020000000 -7.500497618415e-02
23.030000000 -7.755997618728e-02
23.040000000 -7.893997619042e-02
23.050000000 -7.921197619356e-02
23.060000000 -7.849797619670e-02
23.070000000 -7.695197619983e-02
23.080000000 -7.473997620297e-02
23.090000000 -7.200997620611e-02
23.100000000 -6.887297620925e-02
23.110000000 -6.536897621238e-02
23.120000000 -6.146297621552e-02
23.130000000 -5.704797621866e-02
23.140000000 -5.198397622180e-02
23.150000000 -4.613297622493e-02
23.160000000 -3.942297622807e-02
23.170000000 -3.188397623121e-02
23.180000000 -2.365997623435e-02
23.190000000 -1.499997623749e-02
23.200000000 -6.219976240623e-03
23.210000000 2.340023756239e-03
23.220000000 1.034802375310e-02
23.230000000 1.751602374996e-02
23.240000000 2.360702374683e-02
23.250000000 2.845202374369e-02
23.260000000 3.194402374055e-02
23.270000000 3.403302373741e-02
23.280000000 3.472102373428e-02
23.290000000 3.405102373114e-02
23.300000000 3.210702372800e-02
23.310000000 2.901702372486e-02
23.320000000 2.496502372173e-02
23.330000000 2.019602371859e-02
23.340000000 1.501302371545e-02
23.350000000 9.774023712312e-03
23.360000000 4.869023709174e-03
23.370000000 7.040237060368e-04
23.380000000 -2.326976297101e-03
23.390000000 -3.868976300239e-03
23.400000000 -3.632976303376e-03
23.410000000 -1.427976306514e-03
23.420000000 2.810023690349e-03
23.430000000 9.008023687211e-03
23.440000000 1.693302368407e-02
23.450000000 2.619902368094e-02
23.460000000 3.627102367780e-02
23.470000000 4.650502367466e-02
23.480000000 5.619702367152e-02
23.490000000 6.464402366838e-02
23.500000000 7.119402366525e-02
23.510000000 7.529702366211e-02
23.520000000 7.655402365897e-02
23.530000000 7.478002365583e-02
23.540000000 7.005702365270e-02
23.550000000 6.277302364956e-02
23.560000000 5.361102364642e-02
23.570000000 4.348102364328e-02
23.580000000 3.340502364015e-02
23.590000000 2.436902363701e-02
23.600000000 1.718802363387e-02
23.610000000 1.238902363073e-02
23.620000000 1.014702362760e-02
23.630000000 1.026302362446e-02
23.640000000 1.221702362132e-02
23.650000000 1.525302361818e-02
23.660000000 1.851102361504e-02
23.670000000 2.115702361191e-02
23.680000000 2.250102360877e-02
23.690000000 2.208002360563e-02
23.700000000 1.969602360249e-02
23.710000000 1.541002359936e-02
23.720000000 9.500023596219e-03
23.730000000 2.419023593081e-03
23.740000000 -5.260976410057e-03
23.750000000 -1.289997641319e-02
23.760000000 -1.983797641633e-02
23.770000000 -2.546297641947e-02
23.780000000 -2.927297642261e-02
23.790000000 -3.094297642574e-02
23.800000000 -3.037597642888e-02
23.810000000 -2.773297643202e-02
23.820000000 -2.341497643516e-02
23.830000000 -1.800897643830e-02
23.840000000 -1.221097644143e-02
23.850000000 -6.717976444571e-03
23.860000000 -2.132976447708e-03
23.870000000 1.131023549154e-03
23.880000000 2.901023546016e-03
23.890000000 3.275023542879e-03
23.900000000 2.594023539741e-03
23.910000000 1.367023536603e-03
23.920000000 1.610235334656e-04
23.930000000 -5.129764696721e-04
23.940000000 -3.029764728097e-04
23.950000000 9.210235240526e-04
23.960000000 3.050023520915e-03
23.970000000 5.761023517777e-03
23.980000000 8.570023514640e-03
23.990000000 1.091902351150e-02
24.000000000 1.225702350836e-02
24.010000000 1.211902350523e-02
24.020000000 1.018302350209e-02
24.030000000 6.303023498951e-03
24.040000000 5.240234958137e-04
24.050000000 -6.923976507324e-03
24.060000000 -1.562997651046e-02
24.070000000 -2.503597651360e-02
24.080000000 -3.446597651674e-02
24.090000000 -4.318697651987e-02
24.100000000 -5.047397652301e-02
24.110000000 -5.568297652615e-02
24.120000000 -5.831697652929e-02
24.130000000 -5.807697653243e-02
24.140000000 -5.490297653556e-02
24.150000000 -4.898297653870e-02
24.160000000 -4.074397654184e-02
24.170000000 -3.080997654498e-02
24.180000000 -1.995097654811e-02
24.190000000 -8.993976551251e-03
24.200000000 1.251023445611e-03
24.210000000 1.006702344247e-02
24.220000000 1.687502343934e-02
24.230000000 2.128102343620e-02
24.240000000 2.309602343306e-02
24.250000000 2.234902342992e-02
24.260000000 1.928502342679e-02
24.270000000 1.434102342365e-02
24.280000000 8.102023420510e-03
24.290000000 1.259023417372e-03
24.300000000 -5.449976585765e-03
24.310000000 -1.129597658890e-02
24.320000000 -1.561897659204e-02
24.330000000 -1.790597659518e-02
24.340000000 -1.784997659832e-02
24.350000000 -1.540597660145e-02
24.360000000 -1.080697660459e-02
24.370000000 -4.547976607729e-03
24.380000000 2.671023389133e-03
24.390000000 1.003002338600e-02
24.400000000 1.668402338286e-02
24.410000000 2.188402337972e-02
24.420000000 2.507702337658e-02
24.430000000 2.599502337345e-02
24.440000000 2.468702337031e-02
24.450000000 2.151102336717e-02
24.460000000 1.706902336403e-02
24.470000000 1.211802336089e-02
24.480000000 7.450023357757e-03
24.490000000 3.776023354619e-03
24.500000000 1.604023351481e-03
24.510000000 1.158023348344e-03
24.520000000 2.332023345206e-03
24.530000000 4.712023342068e-03
24.540000000 7.659023338931e-03
24.550000000 1.043602333579e-02
24.560000000 1.235402333266e-02
24.570000000 1.291802332952e-02
24.580000000 1.191702332638e-02
24.590000000 9.460023323242e-03
24.600000000 5.936023320105e-03
24.610000000 1.914023316967e-03
24.620000000 -1.979976686171e-03
24.630000000 -5.195976689308e-03
24.640000000 -7.354976692446e-03
24.650000000 -8.307976695583e-03
24.660000000 -8.143976698721e-03
24.670000000 -7.145976701859e-03
24.680000000 -5.717976704996e-03
24.690000000 -4.284976708134e-03
24.700000000 -3.201976711272e-03
24.710000000 -2.677976714409e-03
24.720000000 -2.735976717547e-03
24.730000000 -3.225976720685e-03
24.740000000 -3.874976723822e-03
24.750000000 -4.351976726960e-03
24.760000000 -4.347976730098e-03
24.770000000 -3.630976733235e-03
24.780000000 -2.090976736373e-03
24.790000000 2.410232604893e-04
24.800000000 3.200023257352e-03
24.810000000 6.514023254214e-03
24.820000000 9.850023251076e-03
24.830000000 1.286902324794e-02
24.840000000 1.527502324480e-02
24.850000000 1.683602324166e-02
24.860000000 1.739202323853e-02
24.870000000 1.684602323539e-02
24.880000000 1.515902323225e-02
24.890000000 1.233802322911e-02
24.900000000 8.447023225975e-03
24.910000000 3.615023222837e-03
24.920000000 -1.965976780300e-03
24.930000000 -8.034976783438e-03
24.940000000 -1.426797678658e-02
24.950000000 -2.029297678971e-02
24.960000000 -2.570697679285e-02
24.970000000 -3.010297679599e-02
24.980000000 -3.311397679913e-02
24.990000000 -3.445797680226e-02
25.000000000 -3.397697680540e-02
25.010000000 -3.166197680854e-02
25.020000000 -2.765197681168e-02
25.030000000 -2.220297681481e-02
25.040000000 -1.563997681795e-02
25.050000000 -8.304976821090e-03
25.060000000 -5.239768242275e-04
25.070000000 7.404023172635e-03
25.080000000 1.518702316950e-02
25.090000000 2.251102316636e-02
25.100000000 2.901302316322e-02
25.110000000 3.427502316008e-02
25.120000000 3.785402315695e-02
25.130000000 3.933502315381e-02
25.140000000 3.840102315067e-02
25.150000000 3.489402314753e-02
25.160000000 2.886002314440e-02
25.170000000 2.055602314126e-02
25.180000000 1.044602313812e-02
25.190000000 -8.409768650170e-04
25.200000000 -1.255797686815e-02
25.210000000 -2.390697687129e-02
25.220000000 -3.410497687443e-02
25.230000000 -4.246497687757e-02
25.240000000 -4.845397688071e-02
25.250000000 -5.175197688384e-02
25.260000000 -5.228097688698e-02
25.270000000 -5.021097689012e-02
25.280000000 -4.592697689326e-02
25.290000000 -3.996897689639e-02
25.300000000 -3.295197689953e-02
25.310000000 -2.547797690267e-02
25.320000000 -1.806397690581e-02
25.330000000 -1.108697690894e-02
25.340000000 -4.768976912082e-03
25.350000000 8.140230847804e-04
25.360000000 5.687023081643e-03
25.370000000 9.930023078505e-03
25.380000000 1.362802307537e-02
25.390000000 1.683702307223e-02
25.400000000 1.955802306909e-02
25.410000000 2.172602306595e-02
25.420000000 2.321302306282e-02
25.430000000 2.384202305968e-02
25.440000000 2.341602305654e-02
25.450000000 2.175402305340e-02
25.460000000 1.873502305027e-02
25.470000000 1.434502304713e-02
25.480000000 8.699023043991e-03
25.490000000 2.053023040853e-03
25.500000000 -5.219976962284e-03
25.510000000 -1.266397696542e-02
25.520000000 -1.979297696856e-02
25.530000000 -2.613697697170e-02
25.540000000 -3.128097697484e-02
25.550000000 -3.488997697797e-02
25.560000000 -3.673197698111e-02
25.570000000 -3.667897698425e-02
25.580000000 -3.471697698739e-02
25.590000000 -3.093697699052e-02
25.600000000 -2.552897699366e-02
25.610000000 -1.877197699680e-02
25.620000000 -1.102197699994e-02
25.630000000 -2.692977003074e-03
25.640000000 5.763022993788e-03
25.650000000 1.388402299065e-02
25.660000000 2.123902298751e-02
25.670000000 2.746102298438e-02
25.680000000 3.228202298124e-02
25.690000000 3.555602297810e-02
25.700000000 3.726202297496e-02
25.710000000 3.750102297182e-02
25.720000000 3.647002296869e-02
25.730000000 3.443502296555e-02
25.740000000 3.168702296241e-02
25.750000000 2.850902295927e-02
25.760000000 2.513502295614e-02
25.770000000 2.173702295300e-02
25.780000000 1.840902294986e-02
25.790000000 1.518002294672e-02
25.800000000 1.203202294359e-02
25.810000000 8.929022940448e-03
25.820000000 5.853022937310e-03
25.830000000 2.818022934173e-03
25.840000000 -1.149770689648e-04
25.850000000 -2.852977072103e-03
25.860000000 -5.290977075240e-03
25.870000000 -7.320977078378e-03
25.880000000 -8.843977081515e-03
25.890000000 -9.768977084653e-03
25.900000000 -1.000597708779e-02
25.910000000 -9.479977090928e-03
25.920000000 -8.139977094066e-03
25.930000000 -5.989977097204e-03
25.940000000 -3.105977100341e-03
25.950000000 3.570228965209e-04
25.960000000 4.168022893383e-03
25.970000000 8.050022890246e-03
25.980000000 1.168802288711e-02
25.990000000 1.475602288397e-02
26.000000000 1.692002288083e-02
26.010000000 1.786702287769e-02
26.020000000 1.734002287456e-02
26.030000000 1.519302287142e-02
26.040000000 1.144102286828e-02
26.050000000 6.288022865144e-03
26.060000000 1.100228620067e-04
26.070000000 -6.597977141131e-03
26.080000000 -1.329497714427e-02
26.090000000 -1.946297714741e-02
26.100000000 -2.465097715054e-02
26.110000000 -2.849997715368e-02
26.120000000 -3.074797715682e-02
26.130000000 -3.123197715996e-02
26.140000000 -2.987997716309e-02
26.150000000 -2.672097716623e-02
26.160000000 -2.189497716937e-02
26.170000000 -1.566597717251e-02
26.180000000 -8.424977175645e-03
26.190000000 -6.729771787829e-04
26.200000000 7.017022818079e-03
26.210000000 1.407002281494e-02
26.220000000 1.997902281180e-02
26.230000000 2.437902280867e-02
26.240000000 2.708602280553e-02
26.250000000 2.812602280239e-02
26.260000000 2.770902279925e-02
26.270000000 2.618702279612e-02
26.280000000 2.398602279298e-02
26.290000000 2.153502278984e-02
26.300000000 1.920902278670e-02
26.310000000 1.729002278357e-02
26.320000000 1.595202278043e-02
26.330000000 1.526002277729e-02
26.340000000 1.518702277415e-02
26.350000000 1.563102277101e-02
26.360000000 1.643602276788e-02
26.370000000 1.741002276474e-02
26.380000000 1.832802276160e-02
26.390000000 1.895302275846e-02
26.400000000 1.905702275533e-02
26.410000000 1.846002275219e-02
26.420000000 1.707602274905e-02
26.430000000 1.495002274591e-02
26.440000000 1.227002274278e-02
26.450000000 9.352022739638e-03
26.460000000 6.586022736500e-03
26.470000000 4.361022733363e-03
26.480000000 2.992022730225e-03
26.490000000 2.665022727087e-03
26.500000000 3.412022723950e-03
26.510000000 5.119022720812e-03
26.520000000 7.551022717674e-03
26.530000000 1.040002271454e-02
26.540000000 1.332402271140e-02
26.550000000 1.598302270826e-02
26.560000000 1.807302270512e-02
26.570000000 1.934702270199e-02
26.580000000 1.963102269885e-02
26.590000000 1.883802269571e-02
26.600000000 1.697602269257e-02
26.610000000 1.413602268944e-02
26.620000000 1.049602268630e-02
26.630000000 6.292022683160e-03
26.640000000 1.793022680022e-03
26.650000000 -2.739977323115e-03
26.660000000 -7.090977326253e-03
26.670000000 -1.111697732939e-02
26.680000000 -1.475497733253e-02
26.690000000 -1.800597733567e-02
26.700000000 -2.090797733880e-02
26.710000000 -2.350197734194e-02
26.720000000 -2.580197734508e-02
26.730000000 -2.778197734822e-02
26.740000000 -2.937197735135e-02
26.750000000 -3.046597735449e-02
26.760000000 -3.093597735763e-02
26.770000000 -3.065697736077e-02
26.780000000 -2.952697736390e-02
26.790000000 -2.748597736704e-02
26.800000000 -2.452597737018e-02
26.810000000 -2.070197737332e-02
26.820000000 -1.612997737646e-02
26.830000000 -1.098197737959e-02
26.840000000 -5.478977382731e-03
26.850000000 1.280226141316e-04
26.860000000 5.563022610994e-03
26.870000000 1.053802260786e-02
26.880000000 1.475902260472e-02
26.890000000 1.795502260158e-02
26.900000000 1.989502259844e-02
26.910000000 2.042102259531e-02
26.920000000 1.946202259217e-02
26.930000000 1.703902258903e-02
26.940000000 1.325402258589e-02
26.950000000 8.274022582755e-03
26.960000000 2.324022579617e-03
26.970000000 -4.320977423520e-03
26.980000000 -1.133197742666e-02
26.990000000 -1.833697742980e-02
27.000000000 -2.493997743293e-02
27.010000000 -3.075897743607e-02
27.020000000 -3.546797743921e-02
27.030000000 -3.883497744235e-02
27.040000000 -4.074297744548e-02
27.050000000 -4.119797744862e-02
27.060000000 -4.030497745176e-02
27.070000000 -3.824097745490e-02
27.080000000 -3.522697745803e-02
27.090000000 -3.148897746117e-02
27.100000000 -2.724697746431e-02
27.110000000 -2.270497746745e-02
27.120000000 -1.805697747059e-02
27.130000000 -1.348397747372e-02
27.140000000 -9.149977476860e-03
27.150000000 -5.189977479998e-03
27.160000000 -1.702977483136e-03
27.170000000 1.259022513727e-03
27.180000000 3.678022510589e-03
27.190000000 5.568022507451e-03
27.200000000 6.958022504314e-03
27.210000000 7.899022501176e-03
27.220000000 8.462022498038e-03
27.230000000 8.740022494901e-03
27.240000000 8.842022491763e-03
27.250000000 8.879022488625e-03
27.260000000 8.952022485488e-03
27.270000000 9.135022482350e-03
27.280000000 9.459022479212e-03
27.290000000 9.907022476075e-03
27.300000000 1.041202247294e-02
27.310000000 1.086502246980e-02
27.320000000 1.113302246666e-02
27.330000000 1.108602246352e-02
27.340000000 1.062502246039e-02
27.350000000 9.711022457249e-03
27.360000000 8.377022454111e-03
27.370000000 6.730022450973e-03
27.380000000 4.935022447836e-03
27.390000000 3.190022444698e-03
27.400000000 1.699022441560e-03
27.410000000 6.490224384228e-04
27.420000000 1.900224352851e-04
27.430000000 4.220224321475e-04
27.440000000 1.384022429010e-03
27.450000000 3.052022425872e-03
27.460000000 5.337022422734e-03
27.470000000 8.093022419597e-03
27.480000000 1.112702241646e-02
27.490000000 1.421902241332e-02
27.500000000 1.713202241018e-02
27.510000000 1.963202240705e-02
27.520000000 2.150002240391e-02
27.530000000 2.255902240077e-02
27.540000000 2.268902239763e-02
27.550000000 2.183702239450e-02
27.560000000 2.002402239136e-02
27.570000000 1.732902238822e-02
27.580000000 1.387802238508e-02
27.590000000 9.831022381945e-03
27.600000000 5.374022378807e-03
27.610000000 7.120223756696e-04
27.620000000 -3.930977627468e-03
27.630000000 -8.331977630606e-03
27.640000000 -1.228397763374e-02
27.650000000 -1.562197763688e-02
27.660000000 -1.824597764002e-02
27.670000000 -2.013297764316e-02
27.680000000 -2.132297764629e-02
27.690000000 -2.189697764943e-02
27.700000000 -2.195297765257e-02
27.710000000 -2.157497765571e-02
27.720000000 -2.082897765884e-02
27.730000000 -1.976597766198e-02
27.740000000 -1.843997766512e-02
27.750000000 -1.691997766826e-02
27.760000000 -1.529197767140e-02
27.770000000 -1.365397767453e-02
27.780000000 -1.210697767767e-02
27.790000000 -1.074497768081e-02
27.800000000 -9.642977683946e-03
27.810000000 -8.849977687084e-03
27.820000000 -8.379977690221e-03
27.830000000 -8.203977693359e-03
27.840000000 -8.245977696497e-03
27.850000000 -8.394977699634e-03
27.860000000 -8.511977702772e-03
27.870000000 -8.450977705910e-03
27.880000000 -8.074977709047e-03
27.890000000 -7.275977712185e-03
27.900000000 -5.988977715322e-03
27.910000000 -4.196977718460e-03
27.920000000 -1.929977721598e-03
27.930000000 7.450222752645e-04
27.940000000 3.740022272127e-03
27.950000000 6.962022268989e-03
27.960000000 1.032802226585e-02
27.970000000 1.377402226271e-02
27.980000000 1.725802225958e-02
27.990000000 2.075302225644e-02
28.000000000 2.422302225330e-02
28.010000000 2.760202225016e-02
28.020000000 3.077002224703e-02
28.030000000 3.354002224389e-02
28.040000000 3.566902224075e-02
28.050000000 3.688102223761e-02
28.060000000 3.690202223447e-02
28.070000000 3.550102223134e-02
28.080000000 3.252502222820e-02
28.090000000 2.792502222506e-02
28.100000000 2.177802222192e-02
28.110000000 1.429102221879e-02
28.120000000 5.786022215649e-03
28.130000000 -3.319977787489e-03
28.140000000 -1.255897779063e-02
28.150000000 -2.145097779376e-02
28.160000000 -2.954097779690e-02
28.170000000 -3.643697780004e-02
28.180000000 -4.182797780318e-02
28.190000000 -4.550797780631e-02
28.200000000 -4.737397780945e-02
28.210000000 -4.742797781259e-02
28.220000000 -4.577297781573e-02
28.230000000 -4.259497781887e-02
28.240000000 -3.815397782200e-02
28.250000000 -3.275897782514e-02
28.260000000 -2.674597782828e-02
28.270000000 -2.044997783142e-02
28.280000000 -1.417497783455e-02
28.290000000 -8.163977837691e-03
28.300000000 -2.583977840829e-03
28.310000000 2.472022156034e-03
28.320000000 6.978022152896e-03
28.330000000 1.095102214976e-02
28.340000000 1.442302214662e-02
28.350000000 1.742802214348e-02
28.360000000 1.998702214035e-02
28.370000000 2.210402213721e-02
28.380000000 2.376902213407e-02
28.390000000 2.496702213093e-02
28.400000000 2.567102212779e-02
28.410000000 2.584102212466e-02
28.420000000 2.542002212152e-02
28.430000000 2.433702211838e-02
28.440000000 2.252302211524e-02
28.450000000 1.993802211211e-02
28.460000000 1.660102210897e-02
28.470000000 1.260502210583e-02
28.480000000 8.131022102693e-03
28.490000000 3.434022099556e-03
28.500000000 -1.172977903582e-03
28.510000000 -5.346977906720e-03
28.520000000 -8.752977909857e-03
28.530000000 -1.110297791299e-02
28.540000000 -1.220297791613e-02
28.550000000 -1.197497791927e-02
28.560000000 -1.046997792241e-02
28.570000000 -7.852977925546e-03
28.580000000 -4.360977928683e-03
28.590000000 -2.549779318209e-04
28.600000000 4.228022065041e-03
28.610000000 8.908022061904e-03
28.620000000 1.366802205877e-02
28.630000000 1.843302205563e-02
28.640000000 2.314202205249e-02
28.650000000 2.771002204935e-02
28.660000000 3.200502204622e-02
28.670000000 3.584502204308e-02
28.680000000 3.901802203994e-02
28.690000000 4.131502203680e-02
28.700000000 4.257102203366e-02
28.710000000 4.268802203053e-02
28.720000000 4.166202202739e-02
28.730000000 3.957002202425e-02
28.740000000 3.656502202111e-02
28.750000000 3.283502201798e-02
28.760000000 2.857502201484e-02
28.770000000 2.394502201170e-02
28.780000000 1.904902200856e-02
28.790000000 1.392402200543e-02
28.800000000 8.552022002288e-03
28.810000000 2.892021999151e-03
28.820000000 -3.088978003987e-03
28.830000000 -9.378978007125e-03
28.840000000 -1.590697801026e-02
28.850000000 -2.253797801340e-02
28.860000000 -2.908797801654e-02
28.870000000 -3.535497801968e-02
28.880000000 -4.113897802281e-02
28.890000000 -4.627497802595e-02
28.900000000 -5.063997802909e-02
28.910000000 -5.416397803223e-02
28.920000000 -5.681897803536e-02
28.930000000 -5.860997803850e-02
28.940000000 -5.955997804164e-02
28.950000000 -5.970497804478e-02
28.960000000 -5.908197804791e-02
28.970000000 -5.772697805105e-02
28.980000000 -5.567497805419e-02
28.990000000 -5.296097805733e-02
29.000000000 -4.963297806046e-02
29.010000000 -4.576197806360e-02
29.020000000 -4.145197806674e-02
29.030000000 -3.683897806988e-02
29.040000000 -3.209197807302e-02
29.050000000 -2.739597807615e-02
29.060000000 -2.293997807929e-02
29.070000000 -1.889597808243e-02
29.080000000 -1.540797808557e-02
29.090000000 -1.257197808870e-02
29.100000000 -1.043697809184e-02
29.110000000 -8.996978094979e-03
29.120000000 -8.202978098117e-03
29.130000000 -7.962978101254e-03
29.140000000 -8.149978104392e-03
29.150000000 -8.608978107530e-03
29.160000000 -9.157978110667e-03
29.170000000 -9.597978113805e-03
29.180000000 -9.719978116943e-03
29.190000000 -9.320978120080e-03
29.200000000 -8.223978123218e-03
29.210000000 -6.299978126356e-03
29.220000000 -3.486978129493e-03
29.230000000 2.000218673689e-04
29.240000000 4.679021864231e-03
29.250000000 9.814021861094e-03
29.260000000 1.543602185796e-02
29.270000000 2.136102185482e-02
29.280000000 2.739302185168e-02
29.290000000 3.333802184854e-02
29.300000000 3.899402184541e-02
29.310000000 4.417002184227e-02
29.320000000 4.868702183913e-02
29.330000000 5.240502183599e-02
29.340000000 5.522202183285e-02
29.350000000 5.709002182972e-02
29.360000000 5.801002182658e-02
29.370000000 5.802202182344e-02
29.380000000 5.719802182030e-02
29.390000000 5.563502181717e-02
29.400000000 5.344802181403e-02
29.410000000 5.076602181089e-02
29.420000000 4.773302180775e-02
29.430000000 4.449902180462e-02
29.440000000 4.121502180148e-02
29.450000000 3.801702179834e-02
29.460000000 3.502102179520e-02
29.470000000 3.231302179207e-02
29.480000000 2.994802178893e-02
29.490000000 2.794802178579e-02
29.500000000 2.630902178265e-02
29.510000000 2.499702177951e-02
29.520000000 2.394402177638e-02
29.530000000 2.305102177324e-02
29.540000000 2.219602177010e-02
29.550000000 2.125502176696e-02
29.560000000 2.012602176383e-02
29.570000000 1.874702176069e-02
29.580000000 1.710302175755e-02
29.590000000 1.522402175441e-02
29.600000000 1.317402175128e-02
29.610000000 1.103002174814e-02
29.620000000 8.873021745000e-03
29.630000000 6.771021741863e-03
29.640000000 4.775021738725e-03
29.650000000 2.906021735587e-03
29.660000000 1.155021732450e-03
29.670000000 -5.319782706880e-04
29.680000000 -2.237978273826e-03
29.690000000 -4.072978276963e-03
29.700000000 -6.136978280101e-03
29.710000000 -8.506978283239e-03
29.720000000 -1.120297828638e-02
29.730000000 -1.417897828951e-02
29.740000000 -1.731897829265e-02
29.750000000 -2.045697829579e-02
29.760000000 -2.339797829893e-02
29.770000000 -2.595797830206e-02
29.780000000 -2.799097830520e-02
29.790000000 -2.941897830834e-02
29.800000000 -3.023097831148e-02
29.810000000 -3.048497831462e-02
29.820000000 -3.027697831775e-02
29.830000000 -2.971697832089e-02
29.840000000 -2.890897832403e-02
29.850000000 -2.793497832717e-02
29.860000000 -2.686397833030e-02
29.870000000 -2.575697833344e-02
29.880000000 -2.467997833658e-02
29.890000000 -2.369697833972e-02
29.900000000 -2.286897834285e-02
29.910000000 -2.224797834599e-02
29.920000000 -2.186997834913e-02
29.930000000 -2.175497835227e-02
29.940000000 -2.190497835540e-02
29.950000000 -2.230997835854e-02
29.960000000 -2.294597836168e-02
29.970000000 -2.378097836482e-02
29.980000000 -2.476597836796e-02
29.990000000 -2.583897837109e-02
30.000000000 -2.693097837423e-02
30.010000000 -2.797297837737e-02
30.020000000 -2.890997838051e-02
30.030000000 -2.971197838364e-02
30.040000000 -3.037297838678e-02
30.050000000 -3.090197838992e-02
30.060000000 -3.132097839306e-02
30.070000000 -3.164097839619e-02
30.080000000 -3.186197839933e-02
30.090000000 -3.196397840247e-02
30.100000000 -3.191197840561e-02
30.110000000 -3.165997840875e-02
30.120000000 -3.115597841188e-02
30.130000000 -3.034697841502e-02
30.140000000 -2.918197841816e-02
30.150000000 -2.761997842130e-02
30.160000000 -2.563497842443e-02
30.170000000 -2.322697842757e-02
30.180000000 -2.041997843071e-02
30.190000000 -1.726497843385e-02
30.200000000 -1.383897843698e-02
30.210000000 -1.022597844012e-02
30.220000000 -6.517978443259e-03
30.230000000 -2.799978446397e-03
30.240000000 8.620215504654e-04
30.250000000 4.421021547328e-03
30.260000000 7.857021544190e-03
30.270000000 1.117302154105e-02
30.280000000 1.437702153791e-02
30.290000000 1.747502153478e-02
30.300000000 2.045202153164e-02
30.310000000 2.327202152850e-02
30.320000000 2.588202152536e-02
30.330000000 2.822602152223e-02
30.340000000 3.026002151909e-02
30.350000000 3.196102151595e-02
30.360000000 3.333202151281e-02
30.370000000 3.440502150968e-02
30.380000000 3.523102150654e-02
30.390000000 3.586902150340e-02
30.400000000 3.638402150026e-02
30.410000000 3.683802149713e-02
30.420000000 3.728402149399e-02
30.430000000 3.776302149085e-02
30.440000000 3.830902148771e-02
30.450000000 3.893502148457e-02
30.460000000 3.963902148144e-02
30.470000000 4.039502147830e-02
30.480000000 4.115202147516e-02
30.490000000 4.184402147202e-02
30.500000000 4.239502146889e-02
30.510000000 4.273502146575e-02
30.520000000 4.281802146261e-02
30.530000000 4.262202145947e-02
30.540000000 4.214502145634e-02
30.550000000 4.139102145320e-02
30.560000000 4.034702145006e-02
30.570000000 3.897102144692e-02
30.580000000 3.719002144379e-02
30.590000000 3.490802144065e-02
30.600000000 3.202902143751e-02
30.610000000 2.849102143437e-02
30.620000000 2.429102143123e-02
30.630000000 1.950302142810e-02
30.640000000 1.427202142496e-02
30.650000000 8.794021421821e-03
30.660000000 3.286021418684e-03
30.670000000 -2.047978584454e-03
30.680000000 -7.032978587592e-03
30.690000000 -1.153397859073e-02
30.700000000 -1.545497859387e-02
30.710000000 -1.873597859700e-02
30.720000000 -2.135197860014e-02
30.730000000 -2.331297860328e-02
30.740000000 -2.466897860642e-02
30.750000000 -2.549997860956e-02
30.760000000 -2.591297861269e-02
30.770000000 -2.601597861583e-02
30.780000000 -2.590697861897e-02
30.790000000 -2.566397862211e-02
30.800000000 -2.533997862524e-02
30.810000000 -2.497597862838e-02
30.820000000 -2.459897863152e-02
30.830000000 -2.423697863466e-02
30.840000000 -2.391397863779e-02
30.850000000 -2.365697864093e-02
30.860000000 -2.348997864407e-02
30.870000000 -2.343797864721e-02
30.880000000 -2.351497865034e-02
30.890000000 -2.372497865348e-02
30.900000000 -2.405497865662e-02
30.910000000 -2.447297865976e-02
30.920000000 -2.493797866290e-02
30.930000000 -2.539997866603e-02
30.940000000 -2.580497866917e-02
30.950000000 -2.609197867231e-02
30.960000000 -2.619397867545e-02
30.970000000 -2.604197867858e-02
30.980000000 -2.556497868172e-02
30.990000000 -2.469997868486e-02
31.000000000 -2.339497868800e-02
31.010000000 -2.161797869113e-02
31.020000000 -1.935397869427e-02
31.030000000 -1.661097869741e-02
31.040000000 -1.341797870055e-02
31.050000000 -9.829978703685e-03
31.060000000 -5.925978706823e-03
31.070000000 -1.805978709960e-03
31.080000000 2.408021286902e-03
31.090000000 6.588021283764e-03
31.100000000 1.059302128063e-02
31.110000000 1.428302127749e-02
31.120000000 1.752002127435e-02
31.130000000 2.017402127121e-02
31.140000000 2.213702126808e-02
31.150000000 2.333302126494e-02
31.160000000 2.372902126180e-02
31.170000000 2.334502125866e-02
31.180000000 2.226102125553e-02
31.190000000 2.060402125239e-02
31.200000000 1.854302124925e-02
31.210000000 1.625702124611e-02
31.220000000 1.391002124297e-02
31.230000000 1.163002123984e-02
31.240000000 9.497021236700e-03
31.250000000 7.540021233562e-03
31.260000000 5.753021230424e-03
31.270000000 4.109021227287e-03
31.280000000 2.569021224149e-03
31.290000000 1.093021221011e-03
31.300000000 -3.589787821264e-04
31.310000000 -1.815978785264e-03
31.320000000 -3.291978788402e-03
31.330000000 -4.776978791539e-03
31.340000000 -6.233978794677e-03
31.350000000 -7.604978797815e-03
31.360000000 -8.810978800952e-03
31.370000000 -9.775978804090e-03
31.380000000 -1.043697880723e-02
31.390000000 -1.075197881037e-02
31.400000000 -1.071897881350e-02
31.410000000 -1.036897881664e-02
31.420000000 -9.777978819778e-03
31.430000000 -9.054978822916e-03
31.440000000 -8.335978826054e-03
31.450000000 -7.753978829191e-03
31.460000000 -7.417978832329e-03
31.470000000 -7.388978835467e-03
31.480000000 -7.664978838604e-03
31.490000000 -8.180978841742e-03
31.500000000 -8.819978844880e-03
31.510000000 -9.437978848017e-03
31.520000000 -9.891978851155e-03
31.530000000 -1.006297885429e-02
31.540000000 -9.880978857430e-03
31.550000000 -9.323978860568e-03
31.560000000 -8.426978863705e-03
31.570000000 -7.260978866843e-03
31.580000000 -5.920978869981e-03
31.590000000 -4.501978873118e-03
31.600000000 -3.076978876256e-03
31.610000000 -1.682978879394e-03
31.620000000 -3.119788825314e-04
31.630000000 1.082021114331e-03
31.640000000 2.568021111193e-03
31.650000000 4.214021108056e-03
31.660000000 6.072021104918e-03
31.670000000 8.162021101780e-03
31.680000000 1.046102109864e-02
31.690000000 1.290202109550e-02
31.700000000 1.537802109237e-02
31.710000000 1.774702108923e-02
31.720000000 1.985202108609e-02
31.730000000 2.153902108295e-02
31.740000000 2.267802107982e-02
31.750000000 2.317802107668e-02
31.760000000 2.300302107354e-02
31.770000000 2.217302107040e-02
31.780000000 2.075802106727e-02
31.790000000 1.886602106413e-02
31.800000000 1.663602106099e-02
31.810000000 1.421902105785e-02
31.820000000 1.177302105472e-02
31.830000000 9.452021051578e-03
31.840000000 7.391021048440e-03
31.850000000 5.695021045302e-03
31.860000000 4.426021042165e-03
31.870000000 3.594021039027e-03
31.880000000 3.156021035889e-03
31.890000000 3.030021032752e-03
31.900000000 3.109021029614e-03
31.910000000 3.288021026476e-03
31.920000000 3.481021023339e-03
31.930000000 3.630021020201e-03
31.940000000 3.706021017063e-03
31.950000000 3.699021013926e-03
31.960000000 3.610021010788e-03
31.970000000 3.437021007651e-03
31.980000000 3.173021004513e-03
31.990000000 2.807021001375e-03
32.000000000 2.327020998238e-03
32.010000000 1.729020995100e-03
32.020000000 1.024020991962e-03
32.030000000 2.410209888246e-04
32.040000000 -5.749790143131e-04
32.050000000 -1.366979017451e-03
32.060000000 -2.078979020588e-03
32.070000000 -2.656979023726e-03
32.080000000 -3.055979026864e-03
32.090000000 -3.246979030001e-03
32.100000000 -3.220979033139e-03
32.110000000 -2.990979036277e-03
32.120000000 -2.592979039414e-03
32.130000000 -2.081979042552e-03
32.140000000 -1.525979045690e-03
32.150000000 -9.959790488273e-04
32.160000000 -5.579790519650e-04
32.170000000 -2.679790551027e-04
32.180000000 -1.619790582403e-04
32.190000000 -2.559790613780e-04
32.200000000 -5.449790645156e-04
32.210000000 -1.010979067653e-03
32.220000000 -1.626979070791e-03
32.230000000 -2.364979073929e-03
32.240000000 -3.203979077066e-03
32.250000000 -4.134979080204e-03
32.260000000 -5.159979083342e-03
32.270000000 -6.296979086479e-03
32.280000000 -7.577979089617e-03
32.290000000 -9.040979092755e-03
32.300000000 -1.072397909589e-02
32.310000000 -1.265797909903e-02
32.320000000 -1.484897910217e-02
32.330000000 -1.727597910531e-02
32.340000000 -1.988297910844e-02
32.350000000 -2.258697911158e-02
32.360000000 -2.528497911472e-02
32.370000000 -2.786697911786e-02
32.380000000 -3.023397912099e-02
32.390000000 -3.229797912413e-02
32.400000000 -3.398597912727e-02
32.410000000 -3.524297913041e-02
32.420000000 -3.602897913354e-02
32.430000000 -3.631397913668e-02
32.440000000 -3.608297913982e-02
32.450000000 -3.533597914296e-02
32.460000000 -3.408997914609e-02
32.470000000 -3.237997914923e-02
32.480000000 -3.025897915237e-02
32.490000000 -2.779097915551e-02
32.500000000 -2.505197915865e-02
32.510000000 -2.211297916178e-02
32.520000000 -1.904197916492e-02
32.530000000 -1.590297916806e-02
32.540000000 -1.276797917120e-02
32.550000000 -9.717979174334e-03
32.560000000 -6.844979177471e-03
32.570000000 -4.241979180609e-03
32.580000000 -1.990979183747e-03
32.590000000 -1.489791868843e-04
32.600000000 1.255020809978e-03
32.610000000 2.214020806840e-03
32.620000000 2.742020803703e-03
32.630000000 2.857020800565e-03
32.640000000 2.589020797427e-03
32.650000000 1.976020794290e-03
32.660000000 1.072020791152e-03
32.670000000 -4.997921198559e-05
32.680000000 -1.298979215123e-03
32.690000000 -2.565979218261e-03
32.700000000 -3.730979221399e-03
32.710000000 -4.670979224536e-03
32.720000000 -5.260979227674e-03
32.730000000 -5.381979230812e-03
32.740000000 -4.925979233949e-03
32.750000000 -3.813979237087e-03
32.760000000 -2.000979240225e-03
32.770000000 5.090207566378e-04
32.780000000 3.659020753500e-03
32.790000000 7.345020750363e-03
32.800000000 1.142202074722e-02
32.810000000 1.571802074409e-02
32.820000000 2.004602074095e-02
32.830000000 2.422302073781e-02
32.840000000 2.808502073467e-02
32.850000000 3.149802073154e-02
32.860000000 3.436102072840e-02
32.870000000 3.661402072526e-02
32.880000000 3.822402072212e-02
32.890000000 3.919002071899e-02
32.900000000 3.953802071585e-02
32.910000000 3.931302071271e-02
32.920000000 3.857302070957e-02
32.930000000 3.737802070644e-02
32.940000000 3.577902070330e-02
32.950000000 3.380902070016e-02
32.960000000 3.148602069702e-02
32.970000000 2.881402069388e-02
32.980000000 2.580602069075e-02
32.990000000 2.250102068761e-02
33.000000000 1.897602068447e-02
33.010000000 1.535702068133e-02
33.020000000 1.181202067820e-02
33.030000000 8.530020675059e-03
33.040000000 5.703020671921e-03
33.050000000 3.494020668783e-03
33.060000000 2.016020665646e-03
33.070000000 1.319020662508e-03
33.080000000 1.389020659370e-03
33.090000000 2.148020656233e-03
33.100000000 3.477020653095e-03
33.110000000 5.226020649957e-03
33.120000000 7.230020646820e-03
33.130000000 9.329020643682e-03
33.140000000 1.137102064054e-02
33.150000000 1.322902063741e-02
33.160000000 1.480302063427e-02
33.170000000 1.602502063113e-02
33.180000000 1.685802062799e-02
33.190000000 1.730102062486e-02
33.200000000 1.737502062172e-02
33.210000000 1.712202061858e-02
33.220000000 1.659102061544e-02
33.230000000 1.583102061231e-02
33.240000000 1.487802060917e-02
33.250000000 1.375902060603e-02
33.260000000 1.248602060289e-02
33.270000000 1.106302059975e-02
33.280000000 9.490020596617e-03
33.290000000 7.774020593480e-03
33.300000000 5.938020590342e-03
33.310000000 4.023020587204e-03
33.320000000 2.093020584067e-03
33.330000000 2.250205809289e-04
33.340000000 -1.492979422209e-03
33.350000000 -2.980979425346e-03
33.360000000 -4.178979428484e-03
33.370000000 -5.049979431622e-03
33.380000000 -5.590979434759e-03
33.390000000 -5.835979437897e-03
33.400000000 -5.851979441035e-03
33.410000000 -5.734979444172e-03
33.420000000 -5.595979447310e-03
33.430000000 -5.542979450448e-03
33.440000000 -5.657979453585e-03
33.450000000 -5.986979456723e-03
33.460000000 -6.522979459861e-03
33.470000000 -7.221979462998e-03
33.480000000 -8.000979466136e-03
33.490000000 -8.767979469274e-03
33.500000000 -9.428979472411e-03
33.510000000 -9.908979475549e-03
33.520000000 -1.015897947869e-02
33.530000000 -1.016897948182e-02
33.540000000 -9.958979484962e-03
33.550000000 -9.581979488100e-03
33.560000000 -9.103979491237e-03
33.570000000 -8.599979494375e-03
33.580000000 -8.131979497513e-03
33.590000000 -7.743979500650e-03
33.600000000 -7.448979503788e-03
33.610000000 -7.228979506925e-03
33.620000000 -7.042979510063e-03
33.630000000 -6.837979513201e-03
33.640000000 -6.555979516338e-03
33.650000000 -6.147979519476e-03
33.660000000 -5.580979522614e-03
33.670000000 -4.833979525751e-03
33.680000000 -3.905979528889e-03
33.690000000 -2.810979532027e-03
33.700000000 -1.578979535164e-03
33.710000000 -2.509795383021e-04
33.720000000 1.124020458560e-03
33.730000000 2.492020455423e-03
33.740000000 3.801020452285e-03
33.750000000 5.002020449147e-03
33.760000000 6.050020446010e-03
33.770000000 6.911020442872e-03
33.780000000 7.561020439734e-03
33.790000000 7.988020436597e-03
33.800000000 8.188020433459e-03
33.810000000 8.165020430321e-03
33.820000000 7.923020427184e-03
33.830000000 7.468020424046e-03
33.840000000 6.809020420908e-03
33.850000000 5.956020417771e-03
33.860000000 4.924020414633e-03
33.870000000 3.730020411495e-03
33.880000000 2.396020408358e-03
33.890000000 9.420204052201e-04
33.900000000 -6.099795979176e-04
33.910000000 -2.233979601055e-03
33.920000000 -3.900979604193e-03
33.930000000 -5.577979607331e-03
33.940000000 -7.226979610468e-03
33.950000000 -8.806979613606e-03
33.960000000 -1.027397961674e-02
33.970000000 -1.158897961988e-02
33.980000000 -1.270997962302e-02
33.990000000 -1.359997962616e-02
34.000000000 -1.422997962929e-02
34.010000000 -1.458097963243e-02
34.020000000 -1.465797963557e-02
34.030000000 -1.448697963871e-02
34.040000000 -1.412497964184e-02
34.050000000 -1.364397964498e-02
34.060000000 -1.313097964812e-02
34.070000000 -1.267097965126e-02
34.080000000 -1.234697965440e-02
34.090000000 -1.223197965753e-02
34.100000000 -1.237997966067e-02
34.110000000 -1.282697966381e-02
34.120000000 -1.357797966695e-02
34.130000000 -1.460597967008e-02
34.140000000 -1.584197967322e-02
34.150000000 -1.717897967636e-02
34.160000000 -1.847997967950e-02
34.170000000 -1.959897968263e-02
34.180000000 -2.039397968577e-02
34.190000000 -2.075097968891e-02
34.200000000 -2.059197969205e-02
34.210000000 -1.987797969518e-02
34.220000000 -1.861197969832e-02
34.230000000 -1.683197970146e-02
34.240000000 -1.460697970460e-02
34.250000000 -1.203197970774e-02
34.260000000 -9.221979710873e-03
34.270000000 -6.297979714011e-03
34.280000000 -3.379979717149e-03
34.290000000 -5.729797202863e-04
34.300000000 2.034020276576e-03
34.310000000 4.375020273438e-03
34.320000000 6.406020270301e-03
34.330000000 8.105020267163e-03
34.340000000 9.468020264025e-03
34.350000000 1.050902026089e-02
34.360000000 1.124602025775e-02
34.370000000 1.169802025461e-02
34.380000000 1.186902025147e-02
34.390000000 1.175002024834e-02
34.400000000 1.131902024520e-02
34.410000000 1.055402024206e-02
34.420000000 9.448020238924e-03
34.430000000 8.019020235787e-03
34.440000000 6.323020232649e-03
34.450000000 4.448020229511e-03
34.460000000 2.515020226374e-03
34.470000000 6.570202232359e-04
34.480000000 -9.939797799018e-04
34.490000000 -2.325979783039e-03
34.500000000 -3.265979786177e-03
34.510000000 -3.776979789315e-03
34.520000000 -3.854979792452e-03
34.530000000 -3.522979795590e-03
34.540000000 -2.819979798728e-03
34.550000000 -1.789979801865e-03
34.560000000 -4.749798050030e-04
34.570000000 1.089020191859e-03
34.580000000 2.867020188722e-03
34.590000000 4.817020185584e-03
34.600000000 6.888020182446e-03
34.610000000 9.007020179309e-03
34.620000000 1.108702017617e-02
34.630000000 1.302602017303e-02
34.640000000 1.471302016990e-02
34.650000000 1.603502016676e-02
34.660000000 1.689002016362e-02
34.670000000 1.720002016048e-02
34.680000000 1.692202015735e-02
34.690000000 1.606102015421e-02
34.700000000 1.467302015107e-02
34.710000000 1.286102014793e-02
34.720000000 1.076202014479e-02
34.730000000 8.524020141657e-03
34.740000000 6.292020138519e-03
34.750000000 4.180020135381e-03
34.760000000 2.267020132244e-03
34.770000000 5.860201291061e-04
34.780000000 -8.639798740315e-04
34.790000000 -2.107979877169e-03
34.800000000 -3.183979880307e-03
34.810000000 -4.125979883445e-03
34.820000000 -4.952979886582e-03
34.830000000 -5.664979889720e-03
34.840000000 -6.246979892857e-03
34.850000000 -6.671979895995e-03
34.860000000 -6.912979899133e-03
34.870000000 -6.953979902270e-03
34.880000000 -6.797979905408e-03
34.890000000 -6.472979908546e-03
34.900000000 -6.033979911683e-03
34.910000000 -5.557979914821e-03
34.920000000 -5.132979917959e-03
34.930000000 -4.848979921096e-03
34.940000000 -4.787979924234e-03
34.950000000 -5.006979927372e-03
34.960000000 -5.533979930509e-03
34.970000000 -6.359979933647e-03
34.980000000 -7.445979936785e-03
34.990000000 -8.722979939922e-03
35.000000000 -1.010697994306e-02
35.010000000 -1.151297994620e-02
35.020000000 -1.285897994934e-02
35.030000000 -1.407997995247e-02
35.040000000 -1.511697995561e-02
35.050000000 -1.591397995875e-02
35.060000000 -1.640997996189e-02
35.070000000 -1.653897996502e-02
35.080000000 -1.623197996816e-02
35.090000000 -1.543597997130e-02
35.100000000 -1.412497997444e-02
35.110000000 -1.231397997757e-02
35.120000000 -1.006697998071e-02
35.130000000 -7.490979983850e-03
35.140000000 -4.726979986987e-03
35.150000000 -1.927979990125e-03
35.160000000 7.540200067374e-04
35.170000000 3.194020003600e-03
35.180000000 5.302020000462e-03
35.190000000 7.036019997324e-03
35.200000000 8.397019994187e-03
35.210000000 9.429019991049e-03
35.220000000 1.020101998791e-02
35.230000000 1.078701998477e-02
35.240000000 1.125001998164e-02
35.250000000 1.162501997850e-02
35.260000000 1.190601997536e-02
35.270000000 1.205201997222e-02
35.280000000 1.199901996909e-02
35.290000000 1.167401996595e-02
35.300000000 1.101701996281e-02
35.310000000 9.992019959673e-03
35.320000000 8.598019956535e-03
35.330000000 6.877019953397e-03
35.340000000 4.910019950260e-03
35.350000000 2.806019947122e-03
35.360000000 6.930199439843e-04
35.370000000 -1.293980059153e-03
35.380000000 -3.017980062291e-03
35.390000000 -4.348980065429e-03
35.400000000 -5.165980068566e-03
35.410000000 -5.368980071704e-03
35.420000000 -4.886980074842e-03
35.430000000 -3.696980077979e-03
35.440000000 -1.831980081117e-03
35.450000000 6.150199157454e-04
35.460000000 3.493019912608e-03
35.470000000 6.610019909470e-03
35.480000000 9.752019906332e-03
35.490000000 1.271301990319e-02
35.500000000 1.531301990006e-02
35.510000000 1.741901989692e-02
35.520000000 1.895601989378e-02
35.530000000 1.990301989064e-02
35.540000000 2.028601988751e-02
35.550000000 2.016201988437e-02
35.560000000 1.960601988123e-02
35.570000000 1.869601987809e-02
35.580000000 1.750701987496e-02
35.590000000 1.610801987182e-02
35.600000000 1.456101986868e-02
35.610000000 1.292601986554e-02
35.620000000 1.126001986241e-02
35.630000000 9.618019859267e-03
35.640000000 8.052019856130e-03
35.650000000 6.608019852992e-03
35.660000000 5.318019849855e-03
35.670000000 4.199019846717e-03
35.680000000 3.252019843579e-03
35.690000000 2.464019840442e-03
35.700000000 1.814019837304e-03
35.710000000 1.277019834166e-03
35.720000000 8.350198310286e-04
35.730000000 4.740198278909e-04
35.740000000 1.930198247533e-04
35.750000000 -3.980178384403e-06
35.760000000 -1.059801815221e-04
35.770000000 -9.998018465972e-05
35.780000000 1.701981220262e-05
35.790000000 2.420198090650e-04
35.800000000 5.550198059273e-04
35.810000000 9.210198027896e-04
35.820000000 1.294019799652e-03
35.830000000 1.608019796514e-03
35.840000000 1.790019793377e-03
35.850000000 1.758019790239e-03
35.860000000 1.438019787101e-03
35.870000000 7.710197839637e-04
35.880000000 -2.659802191740e-04
35.890000000 -1.655980222312e-03
35.900000000 -3.331980225449e-03
35.910000000 -5.185980228587e-03
35.920000000 -7.080980231725e-03
35.930000000 -8.867980234862e-03
35.940000000 -1.040598023800e-02
35.950000000 -1.158398024114e-02
35.960000000 -1.232698024428e-02
35.970000000 -1.260698024741e-02
35.980000000 -1.243898025055e-02
35.990000000 -1.186598025369e-02
36.000000000 -1.094998025683e-02
36.010000000 -9.756980259964e-03
36.020000000 -8.348980263101e-03
36.030000000 -6.779980266239e-03
36.040000000 -5.107980269376e-03
36.050000000 -3.395980272514e-03
36.060000000 -1.720980275652e-03
36.070000000 -1.729802787895e-04
36.080000000 1.152019718073e-03
36.090000000 2.160019714935e-03
36.100000000 2.773019711798e-03
36.110000000 2.948019708660e-03
36.120000000 2.676019705522e-03
36.130000000 1.990019702385e-03
36.140000000 9.500196992469e-04
36.150000000 -3.639803038907e-04
36.160000000 -1.868980307028e-03
36.170000000 -3.485980310166e-03
36.180000000 -5.148980313304e-03
36.190000000 -6.806980316441e-03
36.200000000 -8.413980319579e-03
36.210000000 -9.933980322717e-03
36.220000000 -1.132898032585e-02
36.230000000 -1.256398032899e-02
36.240000000 -1.360498033213e-02
36.250000000 -1.442198033527e-02
36.260000000 -1.498898033840e-02
36.270000000 -1.528198034154e-02
36.280000000 -1.527898034468e-02
36.290000000 -1.495598034782e-02
36.300000000 -1.428998035096e-02
36.310000000 -1.325898035409e-02
36.320000000 -1.185398035723e-02
36.330000000 -1.008698036037e-02
36.340000000 -7.999980363506e-03
36.350000000 -5.662980366644e-03
36.360000000 -3.172980369782e-03
36.370000000 -6.429803729192e-04
36.380000000 1.807019623943e-03
36.390000000 4.067019620805e-03
36.400000000 6.042019617668e-03
36.410000000 7.666019614530e-03
36.420000000 8.898019611392e-03
36.430000000 9.726019608255e-03
36.440000000 1.015801960512e-02
36.450000000 1.021901960198e-02
36.460000000 9.945019598842e-03
36.470000000 9.377019595704e-03
36.480000000 8.560019592567e-03
36.490000000 7.542019589429e-03
36.500000000 6.373019586291e-03
36.510000000 5.107019583154e-03
36.520000000 3.802019580016e-03
36.530000000 2.515019576878e-03
36.540000000 1.298019573741e-03
36.550000000 1.980195706029e-04
36.560000000 -7.499804325347e-04
36.570000000 -1.521980435672e-03
36.580000000 -2.103980438810e-03
36.590000000 -2.495980441948e-03
36.600000000 -2.712980445085e-03
36.610000000 -2.778980448223e-03
36.620000000 -2.727980451361e-03
36.630000000 -2.591980454498e-03
36.640000000 -2.399980457636e-03
36.650000000 -2.175980460774e-03
36.660000000 -1.932980463911e-03
36.670000000 -1.680980467049e-03
36.680000000 -1.424980470187e-03
36.690000000 -1.167980473324e-03
36.700000000 -9.189804764620e-04
36.710000000 -6.909804795996e-04
36.720000000 -5.019804827373e-04
36.730000000 -3.799804858749e-04
36.740000000 -3.549804890126e-04
36.750000000 -4.649804921503e-04
36.760000000 -7.499804952879e-04
36.770000000 -1.242980498426e-03
36.780000000 -1.965980501563e-03
36.790000000 -2.920980504701e-03
36.800000000 -4.086980507839e-03
36.810000000 -5.420980510976e-03
36.820000000 -6.856980514114e-03
36.830000000 -8.311980517252e-03
36.840000000 -9.692980520389e-03
36.850000000 -1.090798052353e-02
36.860000000 -1.187198052666e-02
36.870000000 -1.251798052980e-02
36.880000000 -1.280798053294e-02
36.890000000 -1.272998053608e-02
36.900000000 -1.229598053922e-02
36.910000000 -1.153498054235e-02
36.920000000 -1.048298054549e-02
36.930000000 -9.179980548628e-03
36.940000000 -7.664980551766e-03
36.950000000 -5.975980554903e-03
36.960000000 -4.154980558041e-03
36.970000000 -2.245980561179e-03
36.980000000 -2.999805643164e-04
36.990000000 1.623019432546e-03
37.000000000 3.457019429408e-03
37.010000000 5.130019426271e-03
37.020000000 6.573019423133e-03
37.030000000 7.724019419995e-03
37.040000000 8.538019416858e-03
37.050000000 8.990019413720e-03
37.060000000 9.076019410582e-03
37.070000000 8.817019407445e-03
37.080000000 8.243019404307e-03
37.090000000 7.396019401169e-03
37.100000000 6.318019398032e-03
37.110000000 5.051019394894e-03
37.120000000 3.644019391756e-03
37.130000000 2.152019388619e-03
37.140000000 6.440193854811e-04
37.150000000 -7.949806176566e-04
37.160000000 -2.064980620794e-03
37.170000000 -3.060980623932e-03
37.180000000 -3.689980627070e-03
37.190000000 -3.886980630207e-03
37.200000000 -3.630980633345e-03
37.210000000 -2.935980636483e-03
37.220000000 -1.850980639620e-03
37.230000000 -4.359806427579e-04
37.240000000 1.246019354104e-03
37.250000000 3.141019350967e-03
37.260000000 5.205019347829e-03
37.270000000 7.405019344692e-03
37.280000000 9.704019341554e-03
37.290000000 1.206301933842e-02
37.300000000 1.442501933528e-02
37.310000000 1.672401933214e-02
37.320000000 1.887701932900e-02
37.330000000 2.079001932587e-02
37.340000000 2.236601932273e-02
37.350000000 2.350501931959e-02
37.360000000 2.411301931645e-02
37.370000000 2.411601931331e-02
37.380000000 2.346201931018e-02
37.390000000 2.213501930704e-02
37.400000000 2.015801930390e-02
37.410000000 1.760001930076e-02
37.420000000 1.456801929763e-02
37.430000000 1.120501929449e-02
37.440000000 7.667019291351e-03
37.450000000 4.118019288214e-03
37.460000000 7.100192850760e-04
37.470000000 -2.418980718062e-03
37.480000000 -5.152980721199e-03
37.490000000 -7.400980724337e-03
37.500000000 -9.094980727475e-03
37.510000000 -1.019298073061e-02
37.520000000 -1.067798073375e-02
37.530000000 -1.055398073689e-02
37.540000000 -9.851980740025e-03
37.550000000 -8.621980743163e-03
37.560000000 -6.938980746301e-03
37.570000000 -4.892980749438e-03
37.580000000 -2.587980752576e-03
37.590000000 -1.339807557136e-04
37.600000000 2.358019241149e-03
37.610000000 4.788019238011e-03
37.620000000 7.063019234873e-03
37.630000000 9.108019231736e-03
37.640000000 1.085601922860e-02
37.650000000 1.225701922546e-02
37.660000000 1.326901922232e-02
37.670000000 1.385801921919e-02
37.680000000 1.399901921605e-02
37.690000000 1.367601921291e-02
37.700000000 1.288801920977e-02
37.710000000 1.165401920663e-02
37.720000000 1.001801920350e-02
37.730000000 8.049019200359e-03
37.740000000 5.838019197222e-03
37.750000000 3.492019194084e-03
37.760000000 1.120019190946e-03
37.770000000 -1.171980812191e-03
37.780000000 -3.294980815329e-03
37.790000000 -5.184980818467e-03
37.800000000 -6.805980821604e-03
37.810000000 -8.149980824742e-03
37.820000000 -9.230980827880e-03
37.830000000 -1.007698083102e-02
37.840000000 -1.071998083416e-02
37.850000000 -1.119098083729e-02
37.860000000 -1.150598084043e-02
37.870000000 -1.167298084357e-02
37.880000000 -1.168598084671e-02
37.890000000 -1.153098084984e-02
37.900000000 -1.119698085298e-02
37.910000000 -1.067998085612e-02
37.920000000 -9.985980859256e-03
37.930000000 -9.136980862394e-03
37.940000000 -8.166980865532e-03
37.950000000 -7.120980868669e-03
37.960000000 -6.047980871807e-03
37.970000000 -5.004980874945e-03
37.980000000 -4.046980878082e-03
37.990000000 -3.220980881220e-03
38.000000000 -2.567980884358e-03
38.010000000 -2.108980887495e-03
38.020000000 -1.848980890633e-03
38.030000000 -1.766980893771e-03
38.040000000 -1.825980896908e-03
38.050000000 -1.971980900046e-03
38.060000000 -2.146980903184e-03
38.070000000 -2.292980906321e-03
38.080000000 -2.361980909459e-03
38.090000000 -2.319980912596e-03
38.100000000 -2.152980915734e-03
38.110000000 -1.866980918872e-03
38.120000000 -1.487980922009e-03
38.130000000 -1.055980925147e-03
38.140000000 -6.189809282848e-04
38.150000000 -2.239809314224e-04
38.160000000 8.901906543990e-05
38.170000000 2.910190623022e-04
38.180000000 3.650190591646e-04
38.190000000 3.010190560269e-04
38.200000000 1.020190528893e-04
38.210000000 -2.229809502484e-04
38.220000000 -6.559809533860e-04
38.230000000 -1.168980956524e-03
38.240000000 -1.723980959661e-03
38.250000000 -2.270980962799e-03
38.260000000 -2.760980965937e-03
38.270000000 -3.142980969074e-03
38.280000000 -3.375980972212e-03
38.290000000 -3.431980975350e-03
38.300000000 -3.298980978487e-03
38.310000000 -2.973980981625e-03
38.320000000 -2.464980984763e-03
38.330000000 -1.780980987900e-03
38.340000000 -9.379809910380e-04
38.350000000 4.601900582439e-05
38.360000000 1.144019002687e-03
38.370000000 2.319018999549e-03
38.380000000 3.523018996411e-03
38.390000000 4.698018993274e-03
38.400000000 5.776018990136e-03
38.410000000 6.694018986998e-03
38.420000000 7.394018983861e-03
38.430000000 7.834018980723e-03
38.440000000 7.991018977585e-03
38.450000000 7.862018974448e-03
38.460000000 7.460018971310e-03
38.470000000 6.814018968172e-03
38.480000000 5.963018965035e-03
38.490000000 4.949018961897e-03
38.500000000 3.817018958760e-03
38.510000000 2.608018955622e-03
38.520000000 1.358018952484e-03
38.530000000 1.000189493465e-04
38.540000000 -1.133981053791e-03
38.550000000 -2.313981056929e-03
38.560000000 -3.410981060066e-03
38.570000000 -4.399981063204e-03
38.580000000 -5.264981066342e-03
38.590000000 -6.000981069479e-03
38.600000000 -6.616981072617e-03
38.610000000 -7.132981075755e-03
38.620000000 -7.570981078892e-03
38.630000000 -7.949981082030e-03
38.640000000 -8.277981085168e-03
38.650000000 -8.550981088305e-03
38.660000000 -8.751981091443e-03
38.670000000 -8.855981094581e-03
38.680000000 -8.837981097718e-03
38.690000000 -8.673981100856e-03
38.700000000 -8.352981103994e-03
38.710000000 -7.874981107131e-03
38.720000000 -7.253981110269e-03
38.730000000 -6.515981113407e-03
38.740000000 -5.696981116544e-03
38.750000000 -4.842981119682e-03
38.760000000 -4.007981122820e-03
38.770000000 -3.246981125957e-03
38.780000000 -2.605981129095e-03
38.790000000 -2.119981132233e-03
38.800000000 -1.805981135370e-03
38.810000000 -1.656981138508e-03
38.820000000 -1.649981141646e-03
38.830000000 -1.747981144783e-03
38.840000000 -1.907981147921e-03
38.850000000 -2.086981151059e-03
38.860000000 -2.250981154196e-03
38.870000000 -2.378981157334e-03
38.880000000 -2.459981160472e-03
38.890000000 -2.499981163609e-03
38.900000000 -2.510981166747e-03
38.910000000 -2.506981169884e-03
38.920000000 -2.503981173022e-03
38.930000000 -2.506981176160e-03
38.940000000 -2.515981179297e-03
38.950000000 -2.520981182435e-03
38.960000000 -2.505981185573e-03
38.970000000 -2.452981188710e-03
38.980000000 -2.344981191848e-03
38.990000000 -2.172981194986e-03
39.000000000 -1.930981198123e-03
39.010000000 -1.623981201261e-03
39.020000000 -1.262981204399e-03
39.030000000 -8.649812075364e-04
39.040000000 -4.489812106740e-04
39.050000000 -3.498121381170e-05
39.060000000 3.590187830506e-04
39.070000000 7.210187799130e-04
39.080000000 1.045018776775e-03
39.090000000 1.332018773638e-03
39.100000000 1.591018770500e-03
39.110000000 1.831018767362e-03
39.120000000 2.061018764225e-03
39.130000000 2.282018761087e-03
39.140000000 2.487018757949e-03
39.150000000 2.665018754812e-03
39.160000000 2.798018751674e-03
39.170000000 2.871018748536e-03
39.180000000 2.869018745399e-03
39.190000000 2.785018742261e-03
39.200000000 2.615018739123e-03
39.210000000 2.360018735986e-03
39.220000000 2.026018732848e-03
39.230000000 1.626018729710e-03
39.240000000 1.176018726573e-03
39.250000000 6.940187234351e-04
39.260000000 2.060187202975e-04
39.270000000 -2.659812828402e-04
39.280000000 -6.989812859778e-04
39.290000000 -1.066981289116e-03
39.300000000 -1.348981292253e-03
39.310000000 -1.522981295391e-03
39.320000000 -1.569981298528e-03
39.330000000 -1.477981301666e-03
39.340000000 -1.241981304804e-03
39.350000000 -8.649813079415e-04
39.360000000 -3.619813110791e-04
39.370000000 2.410186857832e-04
39.380000000 9.120186826456e-04
39.390000000 1.613018679508e-03
39.400000000 2.308018676370e-03
39.410000000 2.961018673233e-03
39.420000000 3.542018670095e-03
39.430000000 4.031018666957e-03
39.440000000 4.413018663820e-03
39.450000000 4.686018660682e-03
39.460000000 4.855018657544e-03
39.470000000 4.934018654407e-03
39.480000000 4.937018651269e-03
39.490000000 4.884018648131e-03
39.500000000 4.788018644994e-03
39.510000000 4.657018641856e-03
39.520000000 4.496018638718e-03
39.530000000 4.303018635581e-03
39.540000000 4.076018632443e-03
39.550000000 3.813018629305e-03
39.560000000 3.517018626168e-03
39.570000000 3.192018623030e-03
39.580000000 2.847018619892e-03
39.590000000 2.496018616755e-03
39.600000000 2.152018613617e-03
39.610000000 1.832018610479e-03
39.620000000 1.547018607342e-03
39.630000000 1.309018604204e-03
39.640000000 1.126018601066e-03
39.650000000 1.001018597929e-03
39.660000000 9.330185947911e-04
39.670000000 9.190185916535e-04
39.680000000 9.480185885158e-04
39.690000000 1.010018585378e-03
39.700000000 1.093018582240e-03
39.710000000 1.186018579103e-03
39.720000000 1.282018575965e-03
39.730000000 1.375018572828e-03
39.740000000 1.463018569690e-03
39.750000000 1.545018566552e-03
39.760000000 1.621018563415e-03
39.770000000 1.690018560277e-03
39.780000000 1.749018557139e-03
39.790000000 1.794018554002e-03
39.800000000 1.819018550864e-03
39.810000000 1.816018547726e-03
39.820000000 1.780018544589e-03
39.830000000 1.711018541451e-03
39.840000000 1.611018538313e-03
39.850000000 1.490018535176e-03
39.860000000 1.362018532038e-03
39.870000000 1.245018528900e-03
39.880000000 1.157018525763e-03
39.890000000 1.114018522625e-03
39.900000000 1.129018519487e-03
39.910000000 1.206018516350e-03
39.920000000 1.343018513212e-03
39.930000000 1.529018510074e-03
39.940000000 1.751018506937e-03
39.950000000 1.989018503799e-03
39.960000000 2.224018500661e-03
39.970000000 2.438018497524e-03
39.980000000 2.615018494386e-03
39.990000000 2.747018491248e-03
40.000000000 2.828018488111e-03
40.010000000 2.860018484973e-03
40.020000000 2.847018481835e-03
40.030000000 2.799018478698e-03
40.040000000 2.723018475560e-03
40.050000000 2.628018472422e-03
40.060000000 2.520018469285e-03
40.070000000 2.402018466147e-03
40.080000000 2.276018463009e-03
40.090000000 2.139018459872e-03
40.100000000 1.991018456734e-03
40.110000000 1.830018453596e-03
40.120000000 1.656018450459e-03
40.130000000 1.469018447321e-03
40.140000000 1.273018444184e-03
40.150000000 1.070018441046e-03
40.160000000 8.650184379082e-04
40.170000000 6.610184347705e-04
40.180000000 4.600184316329e-04
40.190000000 2.640184284952e-04
40.200000000 7.501842535757e-05
40.210000000 -1.089815777801e-04
40.220000000 -2.839815809177e-04
40.230000000 -4.519815840554e-04
40.240000000 -6.119815871931e-04
40.250000000 -7.629815903307e-04
40.260000000 -9.049815934684e-04
40.270000000 -1.036981596606e-03
40.280000000 -1.155981599744e-03
40.290000000 -1.262981602881e-03
40.300000000 -1.354981606019e-03
40.310000000 -1.431981609157e-03
40.320000000 -1.496981612294e-03
40.330000000 -1.550981615432e-03
40.340000000 -1.597981618570e-03
40.350000000 -1.643981621707e-03
40.360000000 -1.691981624845e-03
40.370000000 -1.745981627983e-03
40.380000000 -1.808981631120e-03
40.390000000 -1.880981634258e-03
40.400000000 -1.960981637396e-03
40.410000000 -2.044981640533e-03
40.420000000 -2.127981643671e-03
40.430000000 -2.204981646809e-03
40.440000000 -2.268981649946e-03
40.450000000 -2.317981653084e-03
40.460000000 -2.346981656222e-03
40.470000000 -2.354981659359e-03
40.480000000 -2.340981662497e-03
40.490000000 -2.306981665635e-03
40.500000000 -2.256981668772e-03
40.510000000 -2.191981671910e-03
40.520000000 -2.116981675048e-03
40.530000000 -2.034981678185e-03
40.540000000 -1.947981681323e-03
40.550000000 -1.856981684460e-03
40.560000000 -1.763981687598e-03
40.570000000 -1.670981690736e-03
40.580000000 -1.577981693873e-03
40.590000000 -1.486981697011e-03
40.600000000 -1.400981700149e-03
40.610000000 -1.321981703286e-03
40.620000000 -1.248981706424e-03
40.630000000 -1.185981709562e-03
40.640000000 -1.131981712699e-03
40.650000000 -1.087981715837e-03
40.660000000 -1.052981718975e-03
40.670000000 -1.024981722112e-03
40.680000000 -1.003981725250e-03
40.690000000 -9.869816283877e-04
40.700000000 -9.729817315254e-04
40.710000000 -9.589817346630e-04
40.720000000 -9.439817378007e-04
40.730000000 -9.259817409383e-04
40.740000000 -9.059817440760e-04
40.750000000 -8.809817472136e-04
40.760000000 -8.519817503513e-04
40.770000000 -8.189817534890e-04
40.780000000 -7.809817566266e-04
40.790000000 -7.389817597643e-04
40.800000000 -6.929817629019e-04
40.810000000 -6.419817660396e-04
40.820000000 -5.879817691773e-04
40.830000000 -5.309817723149e-04
40.840000000 -4.719817754526e-04
40.850000000 -4.119817785902e-04
40.860000000 -3.519817817279e-04
40.870000000 -2.939817848655e-04
40.880000000 -2.399817880032e-04
40.890000000 -1.919817911409e-04
40.900000000 -1.509817942785e-04
40.910000000 -1.189817974162e-04
40.920000000 -9.698180055384e-05
40.930000000 -8.498180369150e-05
40.940000000 -8.298180682916e-05
40.950000000 -9.298180996682e-05
40.960000000 -1.119818131045e-04
40.970000000 -1.399818162421e-04
40.980000000 -1.759818193798e-04
40.990000000 -2.179818225174e-04
41.000000000 -2.659818256551e-04
41.010000000 -3.179818287928e-04
41.020000000 -3.709818319304e-04
41.030000000 -4.259818350681e-04
41.040000000 -4.789818382057e-04
41.050000000 -5.309818413434e-04
41.060000000 -5.789818444811e-04
41.070000000 -6.239818476187e-04
41.080000000 -6.649818507564e-04
41.090000000 -6.999818538940e-04
41.100000000 -7.319818570317e-04
41.110000000 -7.579818601694e-04
41.120000000 -7.799818633070e-04
41.130000000 -7.979818664447e-04
41.140000000 -8.119818695823e-04
41.150000000 -8.229818727200e-04
41.160000000 -8.319818758576e-04
41.170000000 -8.379818789953e-04
41.180000000 -8.429818821330e-04
41.190000000 -8.459818852706e-04
41.200000000 -8.489818884083e-04
41.210000000 -8.519818915459e-04
41.220000000 -8.539818946836e-04
41.230000000 -8.579818978213e-04
41.240000000 -8.619819009589e-04
41.250000000 -8.669819040966e-04
41.260000000 -8.739819072342e-04
41.270000000 -8.809819103719e-04
41.280000000 -8.899819135095e-04
41.290000000 -8.999819166472e-04
41.300000000 -9.099819197849e-04
41.310000000 -9.209819229225e-04
41.320000000 -9.309819260602e-04
41.330000000 -9.399819291978e-04
41.340000000 -9.469819323355e-04
41.350000000 -9.519819354732e-04
41.360000000 -9.539819386108e-04
41.370000000 -9.519819417485e-04
41.380000000 -9.459819448861e-04
41.390000000 -9.359819480238e-04
41.400000000 -9.209819511614e-04
41.410000000 -9.019819542991e-04
41.420000000 -8.769819574368e-04
41.430000000 -8.469819605744e-04
41.440000000 -8.129819637121e-04
41.450000000 -7.739819668497e-04
41.460000000 -7.319819699874e-04
41.470000000 -6.859819731251e-04
41.480000000 -6.369819762627e-04
41.490000000 -5.869819794004e-04
41.500000000 -5.349819825380e-04
41.510000000 -4.819819856757e-04
41.520000000 -4.279819888133e-04
41.530000000 -3.739819919510e-04
41.540000000 -3.209819950887e-04
41.550000000 -2.669819982263e-04
41.560000000 -2.139820013640e-04
41.570000000 -1.619820045016e-04
41.580000000 -1.099820076393e-04
41.590000000 -5.798201077696e-05
41.600000000 -5.982013914617e-06
41.610000000 4.601798294772e-05
41.620000000 9.801797981007e-05
41.630000000 1.510179766724e-04
41.640000000 2.030179735347e-04
41.650000000 2.560179703971e-04
41.660000000 3.090179672594e-04
41.670000000 3.620179641218e-04
41.680000000 4.150179609841e-04
41.690000000 4.670179578465e-04
41.700000000 5.200179547088e-04
41.710000000 5.710179515711e-04
41.720000000 6.220179484335e-04
41.730000000 6.710179452958e-04
41.740000000 7.190179421582e-04
41.750000000 7.660179390205e-04
41.760000000 8.100179358828e-04
41.770000000 8.530179327452e-04
41.780000000 8.930179296075e-04
41.790000000 9.300179264699e-04
41.800000000 9.650179233322e-04
41.810000000 9.960179201946e-04
41.820000000 1.025017917057e-03
41.830000000 1.050017913919e-03
41.840000000 1.072017910782e-03
41.850000000 1.091017907644e-03
41.860000000 1.106017904506e-03
41.870000000 1.118017901369e-03
41.880000000 1.127017898231e-03
41.890000000 1.133017895093e-03
41.900000000 1.136017891956e-03
41.910000000 1.135017888818e-03
41.920000000 1.132017885680e-03
41.930000000 1.126017882543e-03
41.940000000 1.118017879405e-03
41.950000000 1.107017876267e-03
41.960000000 1.095017873130e-03
41.970000000 1.080017869992e-03
41.980000000 1.064017866854e-03
41.990000000 1.047017863717e-03
42.000000000 1.028017860579e-03
42.010000000 1.009017857441e-03
42.020000000 9.890178543037e-04
42.030000000 9.680178511661e-04
42.040000000 9.470178480284e-04
42.050000000 9.270178448908e-04
42.060000000 9.060178417531e-04
42.070000000 8.860178386154e-04
42.080000000 8.670178354778e-04
42.090000000 8.480178323401e-04
42.100000000 8.290178292025e-04
42.110000000 8.120178260648e-04
42.120000000 7.950178229271e-04
42.130000000 7.790178197895e-04
42.140000000 7.640178166518e-04
42.150000000 7.500178135142e-04
42.160000000 7.370178103765e-04
42.170000000 7.250178072388e-04
42.180000000 7.140178041012e-04
42.190000000 7.040178009635e-04
42.200000000 6.940177978259e-04
42.210000000 6.860177946882e-04
42.220000000 6.780177915506e-04
42.230000000 6.710177884129e-04
42.240000000 6.640177852752e-04
42.250000000 6.580177821376e-04
42.260000000 6.530177789999e-04
42.270000000 6.480177758623e-04
42.280000000 6.430177727246e-04
42.290000000 6.380177695869e-04
42.300000000 6.330177664493e-04
42.310000000 6.280177633116e-04
42.320000000 6.220177601740e-04
42.330000000 6.170177570363e-04
42.340000000 6.110177538987e-04
42.350000000 6.050177507610e-04
42.360000000 5.980177476233e-04
42.370000000 5.900177444857e-04
42.380000000 5.820177413480e-04
42.390000000 5.730177382104e-04
42.400000000 5.640177350727e-04
42.410000000 5.530177319350e-04
42.420000000 5.430177287974e-04
42.430000000 5.310177256597e-04
42.440000000 5.190177225221e-04
42.450000000 5.060177193844e-04
42.460000000 4.930177162468e-04
42.470000000 4.800177131091e-04
42.480000000 4.650177099714e-04
42.490000000 4.510177068338e-04
42.500000000 4.360177036961e-04
42.510000000 4.200177005585e-04
42.520000000 4.040176974208e-04
42.530000000 3.880176942831e-04
42.540000000 3.710176911455e-04
42.550000000 3.540176880078e-04
42.560000000 3.360176848702e-04
42.570000000 3.180176817325e-04
42.580000000 2.990176785949e-04
42.590000000 2.800176754572e-04
42.600000000 2.600176723195e-04
42.610000000 2.400176691819e-04
42.620000000 2.190176660442e-04
42.630000000 1.970176629066e-04
42.640000000 1.760176597689e-04
42.650000000 1.530176566312e-04
42.660000000 1.300176534936e-04
42.670000000 1.070176503559e-04
42.680000000 8.401764721827e-05
42.690000000 6.001764408061e-05
42.700000000 3.501764094295e-05
42.710000000 1.101763780529e-05
42.720000000 -1.398236533237e-05
42.730000000 -3.798236847003e-05
42.740000000 -6.298237160768e-05
42.750000000 -8.798237474534e-05
42.760000000 -1.119823778830e-04
42.770000000 -1.359823810207e-04
42.780000000 -1.599823841583e-04
42.790000000 -1.829823872960e-04
42.800000000 -2.059823904336e-04
42.810000000 -2.289823935713e-04
42.820000000 -2.509823967090e-04
42.830000000 -2.729823998466e-04
42.840000000 -2.939824029843e-04
42.850000000 -3.139824061219e-04
42.860000000 -3.339824092596e-04
42.870000000 -3.529824123972e-04
42.880000000 -3.719824155349e-04
42.890000000 -3.889824186726e-04
42.900000000 -4.069824218102e-04
42.910000000 -4.229824249479e-04
42.920000000 -4.389824280855e-04
42.930000000 -4.539824312232e-04
42.940000000 -4.679824343609e-04
42.950000000 -4.819824374985e-04
42.960000000 -4.939824406362e-04
42.970000000 -5.059824437738e-04
42.980000000 -5.169824469115e-04
42.990000000 -5.269824500491e-04
43.000000000 -5.369824531868e-04
43.010000000 -5.449824563245e-04
43.020000000 -5.519824594621e-04
43.030000000 -5.589824625998e-04
43.040000000 -5.639824657374e-04
43.050000000 -5.689824688751e-04
43.060000000 -5.719824720128e-04
43.070000000 -5.749824751504e-04
43.080000000 -5.759824782881e-04
43.090000000 -5.769824814257e-04
43.100000000 -5.759824845634e-04
43.110000000 -5.749824877010e-04
43.120000000 -5.719824908387e-04
43.130000000 -5.689824939764e-04
43.140000000 -5.649824971140e-04
43.150000000 -5.599825002517e-04
43.160000000 -5.539825033893e-04
43.170000000 -5.469825065270e-04
43.180000000 -5.399825096647e-04
43.190000000 -5.319825128023e-04
43.200000000 -5.239825159400e-04
43.210000000 -5.149825190776e-04
43.220000000 -5.049825222153e-04
43.230000000 -4.949825253529e-04
43.240000000 -4.849825284906e-04
43.250000000 -4.749825316283e-04
43.260000000 -4.649825347659e-04
43.270000000 -4.539825379036e-04
43.280000000 -4.429825410412e-04
43.290000000 -4.329825441789e-04
43.300000000 -4.219825473166e-04
43.310000000 -4.119825504542e-04
43.320000000 -4.019825535919e-04
43.330000000 -3.909825567295e-04
43.340000000 -3.819825598672e-04
43.350000000 -3.719825630049e-04
43.360000000 -3.629825661425e-04
43.370000000 -3.539825692802e-04
43.380000000 -3.449825724178e-04
43.390000000 -3.369825755555e-04
43.400000000 -3.279825786931e-04
43.410000000 -3.209825818308e-04
43.420000000 -3.129825849685e-04
43.430000000 -3.059825881061e-04
43.440000000 -2.999825912438e-04
43.450000000 -2.939825943814e-04
43.460000000 -2.879825975191e-04
43.470000000 -2.829826006568e-04
43.480000000 -2.779826037944e-04
43.490000000 -2.729826069321e-04
43.500000000 -2.689826100697e-04
43.510000000 -2.649826132074e-04
43.520000000 -2.619826163450e-04
43.530000000 -2.589826194827e-04
43.540000000 -2.569826226204e-04
43.550000000 -2.549826257580e-04
43.560000000 -2.529826288957e-04
43.570000000 -2.519826320333e-04
43.580000000 -2.509826351710e-04
43.590000000 -2.499826383087e-04
43.600000000 -2.499826414463e-04
43.610000000 -2.489826445840e-04
43.620000000 -2.489826477216e-04
43.630000000 -2.499826508593e-04
43.640000000 -2.499826539969e-04
43.650000000 -2.509826571346e-04
43.660000000 -2.509826602723e-04
43.670000000 -2.519826634099e-04
43.680000000 -2.519826665476e-04
43.690000000 -2.529826696852e-04
43.700000000 -2.539826728229e-04
43.710000000 -2.539826759606e-04
43.720000000 -2.539826790982e-04
43.730000000 -2.539826822359e-04
43.740000000 -2.539826853735e-04
43.750000000 -2.539826885112e-04
43.760000000 -2.529826916488e-04
43.770000000 -2.519826947865e-04
43.780000000 -2.499826979242e-04
43.790000000 -2.479827010618e-04
43.800000000 -2.459827041995e-04
43.810000000 -2.429827073371e-04
43.820000000 -2.389827104748e-04
43.830000000 -2.359827136125e-04
43.840000000 -2.309827167501e-04
43.850000000 -2.259827198878e-04
43.860000000 -2.209827230254e-04
43.870000000 -2.139827261631e-04
43.880000000 -2.079827293008e-04
43.890000000 -1.999827324384e-04
43.900000000 -1.919827355761e-04
43.910000000 -1.839827387137e-04
43.920000000 -1.749827418514e-04
43.930000000 -1.649827449890e-04
43.940000000 -1.549827481267e-04
43.950000000 -1.439827512644e-04
43.960000000 -1.329827544020e-04
43.970000000 -1.209827575397e-04
43.980000000 -1.089827606773e-04
43.990000000 -9.598276381499e-05
44.000000000 -8.298276695265e-05
44.010000000 -6.998277009031e-05
44.020000000 -5.598277322797e-05
44.030000000 -4.098277636563e-05
44.040000000 -2.698277950329e-05
44.050000000 -1.198278264095e-05
44.060000000 3.017214221396e-06
44.070000000 1.801721108374e-05
44.080000000 3.301720794608e-05
44.090000000 4.801720480842e-05
44.100000000 6.401720167076e-05
44.110000000 7.901719853310e-05
44.120000000 9.401719539545e-05
44.130000000 1.100171922578e-04
44.140000000 1.250171891201e-04
44.150000000 1.400171859825e-04
44.160000000 1.550171828448e-04
44.170000000 1.690171797072e-04
44.180000000 1.840171765695e-04
44.190000000 1.980171734318e-04
44.200000000 2.110171702942e-04
44.210000000 2.250171671565e-04
44.220000000 2.380171640189e-04
44.230000000 2.500171608812e-04
44.240000000 2.630171577435e-04
44.250000000 2.740171546059e-04
44.260000000 2.860171514682e-04
44.270000000 2.960171483306e-04
44.280000000 3.060171451929e-04
44.290000000 3.160171420553e-04
44.300000000 3.250171389176e-04
44.310000000 3.340171357799e-04
44.320000000 3.420171326423e-04
44.330000000 3.490171295046e-04
44.340000000 3.560171263670e-04
44.350000000 3.620171232293e-04
44.360000000 3.680171200916e-04
44.370000000 3.730171169540e-04
44.380000000 3.780171138163e-04
44.390000000 3.820171106787e-04
44.400000000 3.850171075410e-04
44.410000000 3.880171044033e-04
44.420000000 3.900171012657e-04
44.430000000 3.920170981280e-04
44.440000000 3.930170949904e-04
44.450000000 3.940170918527e-04
44.460000000 3.940170887151e-04
44.470000000 3.940170855774e-04
44.480000000 3.930170824397e-04
44.490000000 3.920170793021e-04
44.500000000 3.900170761644e-04
44.510000000 3.880170730268e-04
44.520000000 3.860170698891e-04
44.530000000 3.830170667514e-04
44.540000000 3.800170636138e-04
44.550000000 3.760170604761e-04
44.560000000 3.730170573385e-04
44.570000000 3.680170542008e-04
44.580000000 3.640170510632e-04
44.590000000 3.590170479255e-04
44.600000000 3.540170447878e-04
44.610000000 3.490170416502e-04
44.620000000 3.440170385125e-04
44.630000000 3.380170353749e-04
44.640000000 3.330170322372e-04
44.650000000 3.270170290995e-04
44.660000000 3.210170259619e-04
44.670000000 3.140170228242e-04
44.680000000 3.080170196866e-04
44.690000000 3.020170165489e-04
44.700000000 2.950170134113e-04
44.710000000 2.890170102736e-04
44.720000000 2.820170071359e-04
44.730000000 2.750170039983e-04
44.740000000 2.690170008606e-04
44.750000000 2.620169977230e-04
44.760000000 2.550169945853e-04
44.770000000 2.480169914476e-04
44.780000000 2.420169883100e-04
44.790000000 2.350169851723e-04
44.800000000 2.290169820347e-04
44.810000000 2.220169788970e-04
44.820000000 2.150169757594e-04
44.830000000 2.090169726217e-04
44.840000000 2.020169694840e-04
44.850000000 1.960169663464e-04
44.860000000 1.900169632087e-04
44.870000000 1.840169600711e-04
44.880000000 1.770169569334e-04
44.890000000 1.710169537957e-04
44.900000000 1.650169506581e-04
44.910000000 1.590169475204e-04
44.920000000 1.530169443828e-04
44.930000000 1.470169412451e-04
44.940000000 1.420169381074e-04
44.950000000 1.360169349698e-04
44.960000000 1.300169318321e-04
44.970000000 1.240169286945e-04
44.980000000 1.190169255568e-04
44.990000000 1.130169224192e-04
45.000000000 1.080169192815e-04
45.010000000 1.020169161438e-04
45.020000000 9.601691300618e-05
45.030000000 9.101690986852e-05
45.040000000 8.501690673086e-05
45.050000000 8.001690359321e-05
45.060000000 7.401690045555e-05
45.070000000 6.801689731789e-05
45.080000000 6.301689418023e-05
45.090000000 5.701689104257e-05
45.100000000 5.101688790491e-05
45.110000000 4.501688476726e-05
45.120000000 4.001688162960e-05
45.130000000 3.401687849194e-05
45.140000000 2.801687535428e-05
45.150000000 2.201687221662e-05
45.160000000 1.601686907896e-05
45.170000000 1.001686594130e-05
45.180000000 4.016862803646e-06
45.190000000 -1.983140334013e-06
45.200000000 -7.983143471671e-06
45.210000000 -1.498314660933e-05
45.220000000 -2.098314974699e-05
45.230000000 -2.698315288465e-05
45.240000000 -3.298315602231e-05
45.250000000 -3.898315915996e-05
45.260000000 -4.598316229762e-05
45.270000000 -5.198316543528e-05
45.280000000 -5.798316857294e-05
45.290000000 -6.398317171060e-05
45.300000000 -7.098317484826e-05
45.310000000 -7.698317798591e-05
45.320000000 -8.298318112357e-05
45.330000000 -8.898318426123e-05
45.340000000 -9.498318739889e-05
45.350000000 -1.009831905365e-04
45.360000000 -1.069831936742e-04
45.370000000 -1.129831968119e-04
45.380000000 -1.179831999495e-04
45.390000000 -1.239832030872e-04
45.400000000 -1.299832062248e-04
45.410000000 -1.349832093625e-04
45.420000000 -1.399832125002e-04
45.430000000 -1.449832156378e-04
45.440000000 -1.499832187755e-04
45.450000000 -1.549832219131e-04
45.460000000 -1.599832250508e-04
45.470000000 -1.639832281885e-04
45.480000000 -1.679832313261e-04
45.490000000 -1.719832344638e-04
45.500000000 -1.759832376014e-04
45.510000000 -1.799832407391e-04
45.520000000 -1.829832438767e-04
45.530000000 -1.859832470144e-04
45.540000000 -1.889832501521e-04
45.550000000 -1.919832532897e-04
45.560000000 -1.949832564274e-04
45.570000000 -1.969832595650e-04
45.580000000 -1.989832627027e-04
45.590000000 -2.009832658404e-04
45.600000000 -2.019832689780e-04
45.610000000 -2.039832721157e-04
45.620000000 -2.049832752533e-04
45.630000000 -2.059832783910e-04
45.640000000 -2.069832815286e-04
45.650000000 -2.069832846663e-04
45.660000000 -2.069832878040e-04
45.670000000 -2.069832909416e-04
45.680000000 -2.069832940793e-04
45.690000000 -2.069832972169e-04
45.700000000 -2.059833003546e-04
45.710000000 -2.059833034923e-04
45.720000000 -2.049833066299e-04
45.730000000 -2.029833097676e-04
45.740000000 -2.019833129052e-04
45.750000000 -2.009833160429e-04
45.760000000 -1.989833191805e-04
45.770000000 -1.969833223182e-04
45.780000000 -1.959833254559e-04
45.790000000 -1.939833285935e-04
45.800000000 -1.919833317312e-04
45.810000000 -1.889833348688e-04
45.820000000 -1.869833380065e-04
45.830000000 -1.849833411442e-04
45.840000000 -1.819833442818e-04
45.850000000 -1.789833474195e-04
45.860000000 -1.769833505571e-04
45.870000000 -1.739833536948e-04
45.880000000 -1.709833568324e-04
45.890000000 -1.689833599701e-04
45.900000000 -1.659833631078e-04
45.910000000 -1.629833662454e-04
45.920000000 -1.599833693831e-04
45.930000000 -1.569833725207e-04
45.940000000 -1.539833756584e-04
45.950000000 -1.509833787961e-04
45.960000000 -1.479833819337e-04
45.970000000 -1.449833850714e-04
45.980000000 -1.429833882090e-04
45.990000000 -1.399833913467e-04
46.000000000 -1.369833944844e-04
46.010000000 -1.339833976220e-04
46.020000000 -1.309834007597e-04
46.030000000 -1.279834038973e-04
46.040000000 -1.259834070350e-04
46.050000000 -1.229834101726e-04
46.060000000 -1.199834133103e-04
46.070000000 -1.179834164480e-04
46.080000000 -1.149834195856e-04
46.090000000 -1.129834227233e-04
46.100000000 -1.099834258609e-04
46.110000000 -1.069834289986e-04
46.120000000 -1.049834321363e-04
46.130000000 -1.029834352739e-04
46.140000000 -9.998343841157e-05
46.150000000 -9.798344154923e-05
46.160000000 -9.498344468689e-05
46.170000000 -9.298344782454e-05
46.180000000 -8.998345096220e-05
46.190000000 -8.798345409986e-05
46.200000000 -8.598345723752e-05
46.210000000 -8.298346037518e-05
46.220000000 -8.098346351284e-05
46.230000000 -7.798346665050e-05
46.240000000 -7.598346978815e-05
46.250000000 -7.298347292581e-05
46.260000000 -7.098347606347e-05
46.270000000 -6.798347920113e-05
46.280000000 -6.498348233879e-05
46.290000000 -6.298348547645e-05
46.300000000 -5.998348861410e-05
46.310000000 -5.698349175176e-05
46.320000000 -5.498349488942e-05
46.330000000 -5.198349802708e-05
46.340000000 -4.898350116474e-05
46.350000000 -4.598350430240e-05
46.360000000 -4.298350744006e-05
46.370000000 -3.998351057771e-05
46.380000000 -3.598351371537e-05
46.390000000 -3.298351685303e-05
46.400000000 -2.998351999069e-05
46.410000000 -2.698352312835e-05
46.420000000 -2.298352626601e-05
46.430000000 -1.998352940366e-05
46.440000000 -1.598353254132e-05
46.450000000 -1.298353567898e-05
46.460000000 -8.983538816640e-06
46.470000000 -4.983541954299e-06
46.480000000 -9.835450919573e-07
46.490000000 3.016451770384e-06
46.500000000 7.016448632726e-06
46.510000000 1.001644549507e-05
46.520000000 1.401644235741e-05
46.530000000 1.801643921975e-05
46.540000000 2.301643608209e-05
46.550000000 2.701643294443e-05
46.560000000 3.101642980677e-05
46.570000000 3.501642666912e-05
46.580000000 3.901642353146e-05
46.590000000 4.301642039380e-05
46.600000000 4.701641725614e-05
46.610000000 5.101641411848e-05
46.620000000 5.601641098082e-05
46.630000000 6.001640784317e-05
46.640000000 6.401640470551e-05
46.650000000 6.801640156785e-05
46.660000000 7.201639843019e-05
46.670000000 7.601639529253e-05
46.680000000 8.001639215487e-05
46.690000000 8.301638901721e-05
46.700000000 8.701638587956e-05
46.710000000 9.101638274190e-05
46.720000000 9.401637960424e-05
46.730000000 9.801637646658e-05
46.740000000 1.010163733289e-04
46.750000000 1.050163701913e-04
46.760000000 1.080163670536e-04
46.770000000 1.110163639159e-04
46.780000000 1.140163607783e-04
46.790000000 1.170163576406e-04
46.800000000 1.200163545030e-04
46.810000000 1.220163513653e-04
46.820000000 1.250163482277e-04
46.830000000 1.270163450900e-04
46.840000000 1.290163419523e-04
46.850000000 1.310163388147e-04
46.860000000 1.330163356770e-04
46.870000000 1.350163325394e-04
46.880000000 1.360163294017e-04
46.890000000 1.380163262640e-04
46.900000000 1.390163231264e-04
46.910000000 1.400163199887e-04
46.920000000 1.410163168511e-04
46.930000000 1.420163137134e-04
46.940000000 1.430163105758e-04
46.950000000 1.430163074381e-04
46.960000000 1.430163043004e-04
46.970000000 1.440163011628e-04
46.980000000 1.440162980251e-04
46.990000000 1.430162948875e-04
47.000000000 1.430162917498e-04
47.010000000 1.430162886121e-04
47.020000000 1.420162854745e-04
47.030000000 1.410162823368e-04
47.040000000 1.410162791992e-04
47.050000000 1.400162760615e-04
47.060000000 1.380162729239e-04
47.070000000 1.370162697862e-04
47.080000000 1.360162666485e-04
47.090000000 1.340162635109e-04
47.100000000 1.330162603732e-04
47.110000000 1.310162572356e-04
47.120000000 1.290162540979e-04
47.130000000 1.280162509602e-04
47.140000000 1.260162478226e-04
47.150000000 1.240162446849e-04
47.160000000 1.210162415473e-04
47.170000000 1.190162384096e-04
47.180000000 1.170162352719e-04
47.190000000 1.150162321343e-04
47.200000000 1.120162289966e-04
47.210000000 1.100162258590e-04
47.220000000 1.070162227213e-04
47.230000000 1.050162195837e-04
47.240000000 1.020162164460e-04
47.250000000 1.000162133083e-04
47.260000000 9.701621017068e-05
47.270000000 9.401620703302e-05
47.280000000 9.201620389536e-05
47.290000000 8.901620075771e-05
47.300000000 8.601619762005e-05
47.310000000 8.301619448239e-05
47.320000000 8.101619134473e-05
47.330000000 7.801618820707e-05
47.340000000 7.501618506941e-05
47.350000000 7.201618193175e-05
47.360000000 7.001617879410e-05
47.370000000 6.701617565644e-05
47.380000000 6.401617251878e-05
47.390000000 6.201616938112e-05
47.400000000 5.901616624346e-05
47.410000000 5.601616310580e-05
47.420000000 5.401615996815e-05
47.430000000 5.101615683049e-05
47.440000000 4.801615369283e-05
47.450000000 4.601615055517e-05
47.460000000 4.301614741751e-05
47.470000000 4.001614427985e-05
47.480000000 3.801614114219e-05
47.490000000 3.501613800454e-05
47.500000000 3.301613486688e-05
47.510000000 3.001613172922e-05
47.520000000 2.801612859156e-05
47.530000000 2.501612545390e-05
47.540000000 2.301612231624e-05
47.550000000 2.101611917858e-05
47.560000000 1.801611604093e-05
47.570000000 1.601611290327e-05
47.580000000 1.401610976561e-05
47.590000000 1.101610662795e-05
47.600000000 9.016103490292e-06
47.610000000 7.016100352634e-06
47.620000000 4.016097214975e-06
47.630000000 2.016094077317e-06
47.640000000 1.609093965849e-08
47.650000000 -1.983912198000e-06
47.660000000 -4.983915335658e-06
47.670000000 -6.983918473317e-06
47.680000000 -8.983921610975e-06
47.690000000 -1.098392474863e-05
47.700000000 -1.298392788629e-05
47.710000000 -1.498393102395e-05
47.720000000 -1.698393416161e-05
47.730000000 -1.998393729927e-05
47.740000000 -2.198394043693e-05
47.750000000 -2.398394357458e-05
47.760000000 -2.598394671224e-05
47.770000000 -2.798394984990e-05
47.780000000 -2.998395298756e-05
47.790000000 -3.198395612522e-05
47.800000000 -3.398395926288e-05
47.810000000 -3.598396240054e-05
47.820000000 -3.798396553819e-05
47.830000000 -3.898396867585e-05
47.840000000 -4.098397181351e-05
47.850000000 -4.298397495117e-05
47.860000000 -4.498397808883e-05
47.870000000 -4.698398122649e-05
47.880000000 -4.798398436415e-05
47.890000000 -4.998398750180e-05
47.900000000 -5.198399063946e-05
47.910000000 -5.298399377712e-05
47.920000000 -5.498399691478e-05
47.930000000 -5.698400005244e-05
47.940000000 -5.798400319010e-05
47.950000000 -5.998400632775e-05
47.960000000 -6.098400946541e-05
47.970000000 -6.198401260307e-05
47.980000000 -6.398401574073e-05
47.990000000 -6.498401887839e-05
48.000000000 -6.598402201605e-05
48.010000000 -6.798402515371e-05
48.020000000 -6.898402829136e-05
48.030000000 -6.998403142902e-05
48.040000000 -7.098403456668e-05
48.050000000 -7.198403770434e-05
48.060000000 -7.298404084200e-05
48.070000000 -7.398404397966e-05
48.080000000 -7.498404711731e-05
48.090000000 -7.498405025497e-05
48.100000000 -7.598405339263e-05
48.110000000 -7.698405653029e-05
48.120000000 -7.698405966795e-05
48.130000000 -7.798406280561e-05
48.140000000 -7.798406594327e-05
48.150000000 -7.798406908092e-05
48.160000000 -7.898407221858e-05
48.170000000 -7.898407535624e-05
48.180000000 -7.898407849390e-05
48.190000000 -7.898408163156e-05
48.200000000 -7.898408476922e-05
48.210000000 -7.898408790688e-05
48.220000000 -7.898409104453e-05
48.230000000 -7.898409418219e-05
48.240000000 -7.898409731985e-05
48.250000000 -7.898410045751e-05
48.260000000 -7.798410359517e-05
48.270000000 -7.798410673283e-05
48.280000000 -7.798410987048e-05
48.290000000 -7.698411300814e-05
48.300000000 -7.698411614580e-05
48.310000000 -7.598411928346e-05
48.320000000 -7.498412242112e-05
48.330000000 -7.498412555878e-05
48.340000000 -7.398412869644e-05
48.350000000 -7.298413183409e-05
48.360000000 -7.198413497175e-05
48.370000000 -7.098413810941e-05
48.380000000 -6.998414124707e-05
48.390000000 -6.998414438473e-05
48.400000000 -6.898414752239e-05
48.410000000 -6.698415066004e-05
48.420000000 -6.598415379770e-05
48.430000000 -6.498415693536e-05
48.440000000 -6.398416007302e-05
48.450000000 -6.298416321068e-05
48.460000000 -6.198416634834e-05
48.470000000 -6.098416948600e-05
48.480000000 -5.898417262365e-05
48.490000000 -5.798417576131e-05
48.500000000 -5.698417889897e-05
48.510000000 -5.598418203663e-05
48.520000000 -5.398418517429e-05
48.530000000 -5.298418831195e-05
48.540000000 -5.198419144961e-05
48.550000000 -4.998419458726e-05
48.560000000 -4.898419772492e-05
48.570000000 -4.798420086258e-05
48.580000000 -4.598420400024e-05
48.590000000 -4.498420713790e-05
48.600000000 -4.398421027556e-05
48.610000000 -4.198421341321e-05
48.620000000 -4.098421655087e-05
48.630000000 -3.898421968853e-05
48.640000000 -3.798422282619e-05
48.650000000 -3.598422596385e-05
48.660000000 -3.498422910151e-05
48.670000000 -3.398423223917e-05
48.680000000 -3.198423537682e-05
48.690000000 -3.098423851448e-05
48.700000000 -2.898424165214e-05
48.710000000 -2.798424478980e-05
48.720000000 -2.698424792746e-05
48.730000000 -2.498425106512e-05
48.740000000 -2.398425420277e-05
48.750000000 -2.198425734043e-05
48.760000000 -2.098426047809e-05
48.770000000 -1.898426361575e-05
48.780000000 -1.798426675341e-05
48.790000000 -1.698426989107e-05
48.800000000 -1.498427302873e-05
48.810000000 -1.398427616638e-05
48.820000000 -1.198427930404e-05
48.830000000 -1.098428244170e-05
48.840000000 -9.984285579360e-06
48.850000000 -7.984288717018e-06
48.860000000 -6.984291854677e-06
48.870000000 -4.984294992335e-06
48.880000000 -3.984298129994e-06
48.890000000 -1.984301267652e-06
48.900000000 -9.843044053106e-07
48.910000000 1.569245703094e-08
48.920000000 2.015689319372e-06
48.930000000 3.015686181714e-06
48.940000000 4.015683044055e-06
48.950000000 6.015679906397e-06
48.960000000 7.015676768739e-06
48.970000000 9.015673631080e-06
48.980000000 1.001567049342e-05
48.990000000 1.101566735576e-05
49.000000000 1.301566421810e-05
49.010000000 1.401566108045e-05
49.020000000 1.501565794279e-05
49.030000000 1.701565480513e-05
49.040000000 1.801565166747e-05
49.050000000 1.901564852981e-05
49.060000000 2.101564539215e-05
49.070000000 2.201564225450e-05
49.080000000 2.301563911684e-05
49.090000000 2.501563597918e-05
49.100000000 2.601563284152e-05
49.110000000 2.701562970386e-05
49.120000000 2.801562656620e-05
49.130000000 2.901562342854e-05
49.140000000 3.101562029089e-05
49.150000000 3.201561715323e-05
49.160000000 3.301561401557e-05
49.170000000 3.401561087791e-05
49.180000000 3.501560774025e-05
49.190000000 3.601560460259e-05
49.200000000 3.801560146493e-05
49.210000000 3.901559832728e-05
49.220000000 4.001559518962e-05
49.230000000 4.101559205196e-05
49.240000000 4.201558891430e-05
49.250000000 4.201558577664e-05
49.260000000 4.301558263898e-05
49.270000000 4.401557950133e-05
49.280000000 4.501557636367e-05
49.290000000 4.601557322601e-05
49.300000000 4.701557008835e-05
49.310000000 4.701556695069e-05
49.320000000 4.801556381303e-05
49.330000000 4.801556067537e-05
49.340000000 4.901555753772e-05
49.350000000 4.901555440006e-05
49.360000000 5.001555126240e-05
49.370000000 5.001554812474e-05
49.380000000 5.101554498708e-05
49.390000000 5.101554184942e-05
49.400000000 5.201553871177e-05
49.410000000 5.201553557411e-05
49.420000000 5.201553243645e-05
49.430000000 5.201552929879e-05
49.440000000 5.201552616113e-05
49.450000000 5.201552302347e-05
49.460000000 5.301551988581e-05
49.470000000 5.201551674816e-05
49.480000000 5.301551361050e-05
49.490000000 5.201551047284e-05
49.500000000 5.201550733518e-05
49.510000000 5.201550419752e-05
49.520000000 5.201550105986e-05
49.530000000 5.201549792220e-05
49.540000000 5.101549478455e-05
49.550000000 5.101549164689e-05
49.560000000 5.101548850923e-05
49.570000000 5.001548537157e-05
49.580000000 5.001548223391e-05
49.590000000 4.901547909625e-05
49.600000000 4.901547595860e-05
49.610000000 4.801547282094e-05
49.620000000 4.701546968328e-05
49.630000000 4.701546654562e-05
49.640000000 4.601546340796e-05
49.650000000 4.501546027030e-05
49.660000000 4.501545713264e-05
49.670000000 4.401545399499e-05
49.680000000 4.301545085733e-05
49.690000000 4.201544771967e-05
49.700000000 4.101544458201e-05
49.710000000 4.101544144435e-05
49.720000000 4.001543830669e-05
49.730000000 3.901543516904e-05
49.740000000 3.801543203138e-05
49.750000000 3.701542889372e-05
49.760000000 3.601542575606e-05
49.770000000 3.501542261840e-05
49.780000000 3.401541948074e-05
49.790000000 3.301541634308e-05
49.800000000 3.201541320543e-05
49.810000000 3.101541006777e-05
49.820000000 3.001540693011e-05
49.830000000 2.901540379245e-05
49.840000000 2.801540065479e-05
49.850000000 2.701539751713e-05
49.860000000 2.501539437947e-05
49.870000000 2.401539124182e-05
49.880000000 2.301538810416e-05
49.890000000 2.201538496650e-05
49.900000000 2.101538182884e-05
49.910000000 2.001537869118e-05
49.920000000 1.901537555352e-05
49.930000000 1.801537241587e-05
49.940000000 1.701536927821e-05
49.950000000 1.601536614055e-05
49.960000000 1.501536300289e-05
49.970000000 1.401535986523e-05
49.980000000 1.301535672757e-05
49.990000000 1.201535358991e-05
50.000000000 1.001535045226e-05
50.010000000 1.001534731460e-05
50.020000000 8.015344176939e-06
50.030000000 7.015341039281e-06
50.040000000 6.015337901622e-06
50.050000000 5.015334763964e-06
50.060000000 4.015331626305e-06
50.070000000 4.015328488647e-06
50.080000000 2.015325350988e-06
50.090000000 2.015322213330e-06
50.100000000 1.015319075671e-06
50.110000000 1.531593801279e-08
50.120000000 -9.846871996457e-07
50.130000000 -1.984690337304e-06
50.140000000 -2.984693474963e-06
50.150000000 -3.984696612621e-06
50.160000000 -4.984699750280e-06
50.170000000 -5.984702887938e-06
50.180000000 -6.984706025597e-06
50.190000000 -6.984709163255e-06
50.200000000 -7.984712300914e-06
50.210000000 -8.984715438572e-06
50.220000000 -9.984718576231e-06
50.230000000 -1.098472171389e-05
50.240000000 -1.098472485155e-05
50.250000000 -1.198472798921e-05
50.260000000 -1.298473112686e-05
50.270000000 -1.398473426452e-05
50.280000000 -1.398473740218e-05
50.290000000 -1.498474053984e-05
50.300000000 -1.598474367750e-05
50.310000000 -1.698474681516e-05
50.320000000 -1.698474995282e-05
50.330000000 -1.798475309047e-05
50.340000000 -1.898475622813e-05
50.350000000 -1.898475936579e-05
50.360000000 -1.998476250345e-05
50.370000000 -2.098476564111e-05
50.380000000 -2.098476877877e-05
50.390000000 -2.198477191642e-05
50.400000000 -2.198477505408e-05
50.410000000 -2.298477819174e-05
50.420000000 -2.298478132940e-05
50.430000000 -2.398478446706e-05
50.440000000 -2.398478760472e-05
50.450000000 -2.498479074238e-05
50.460000000 -2.498479388003e-05
50.470000000 -2.598479701769e-05
50.480000000 -2.598480015535e-05
50.490000000 -2.598480329301e-05
50.500000000 -2.698480643067e-05
50.510000000 -2.698480956833e-05
50.520000000 -2.798481270599e-05
50.530000000 -2.798481584364e-05
50.540000000 -2.798481898130e-05
50.550000000 -2.898482211896e-05
50.560000000 -2.898482525662e-05
50.570000000 -2.898482839428e-05
50.580000000 -2.898483153194e-05
50.590000000 -2.998483466959e-05
50.600000000 -2.998483780725e-05
50.610000000 -2.998484094491e-05
50.620000000 -2.998484408257e-05
50.630000000 -2.998484722023e-05
50.640000000 -2.998485035789e-05
50.650000000 -2.998485349555e-05
50.660000000 -3.098485663320e-05
50.670000000 -3.098485977086e-05
50.680000000 -3.098486290852e-05
50.690000000 -3.098486604618e-05
50.700000000 -3.098486918384e-05
50.710000000 -3.098487232150e-05
50.720000000 -3.098487545915e-05
50.730000000 -2.998487859681e-05
50.740000000 -2.998488173447e-05
50.750000000 -2.998488487213e-05
50.760000000 -2.998488800979e-05
50.770000000 -2.998489114745e-05
50.780000000 -2.998489428511e-05
50.790000000 -2.998489742276e-05
50.800000000 -2.898490056042e-05
50.810000000 -2.898490369808e-05
50.820000000 -2.898490683574e-05
50.830000000 -2.898490997340e-05
50.840000000 -2.798491311106e-05
50.850000000 -2.798491624872e-05
50.860000000 -2.798491938637e-05
50.870000000 -2.798492252403e-05
50.880000000 -2.698492566169e-05
50.890000000 -2.698492879935e-05
50.900000000 -2.598493193701e-05
50.910000000 -2.598493507467e-05
50.920000000 -2.498493821232e-05
50.930000000 -2.498494134998e-05
50.940000000 -2.498494448764e-05
50.950000000 -2.398494762530e-05
50.960000000 -2.398495076296e-05
50.970000000 -2.298495390062e-05
50.980000000 -2.298495703828e-05
50.990000000 -2.198496017593e-05
51.000000000 -2.198496331359e-05
51.010000000 -2.098496645125e-05
51.020000000 -2.098496958891e-05
51.030000000 -1.998497272657e-05
51.040000000 -1.898497586423e-05
51.050000000 -1.898497900188e-05
51.060000000 -1.798498213954e-05
51.070000000 -1.798498527720e-05
51.080000000 -1.698498841486e-05
51.090000000 -1.698499155252e-05
51.100000000 -1.598499469018e-05
51.110000000 -1.498499782784e-05
51.120000000 -1.498500096549e-05
51.130000000 -1.398500410315e-05
51.140000000 -1.398500724081e-05
51.150000000 -1.298501037847e-05
51.160000000 -1.198501351613e-05
51.170000000 -1.198501665379e-05
51.180000000 -1.098501979145e-05
51.190000000 -9.985022929104e-06
51.200000000 -9.985026066762e-06
51.210000000 -8.985029204421e-06
51.220000000 -8.985032342079e-06
51.230000000 -7.985035479737e-06
51.240000000 -6.985038617396e-06
51.250000000 -5.985041755054e-06
51.260000000 -5.985044892713e-06
51.270000000 -4.985048030371e-06
51.280000000 -4.985051168030e-06
51.290000000 -3.985054305688e-06
51.300000000 -3.985057443347e-06
51.310000000 -2.985060581005e-06
51.320000000 -1.985063718664e-06
51.330000000 -1.985066856322e-06
51.340000000 -9.850699939808e-07
51.350000000 1.492686836070e-08
51.360000000 1.492373070222e-08
51.370000000 1.014920593044e-06
51.380000000 1.014917455385e-06
51.390000000 2.014914317727e-06
51.400000000 2.014911180068e-06
51.410000000 3.014908042410e-06
51.420000000 3.014904904751e-06
51.430000000 4.014901767093e-06
51.440000000 5.014898629434e-06
51.450000000 5.014895491776e-06
51.460000000 6.014892354117e-06
51.470000000 6.014889216459e-06
51.480000000 7.014886078800e-06
51.490000000 7.014882941142e-06
51.500000000 8.014879803483e-06
51.510000000 8.014876665825e-06
51.520000000 9.014873528166e-06
51.530000000 9.014870390508e-06
51.540000000 1.001486725285e-05
51.550000000 1.001486411519e-05
51.560000000 1.101486097753e-05
51.570000000 1.101485783987e-05
51.580000000 1.101485470222e-05
51.590000000 1.201485156456e-05
51.600000000 1.201484842690e-05
51.610000000 1.301484528924e-05
51.620000000 1.301484215158e-05
51.630000000 1.301483901392e-05
51.640000000 1.401483587626e-05
51.650000000 1.401483273861e-05
51.660000000 1.501482960095e-05
51.670000000 1.501482646329e-05
51.680000000 1.501482332563e-05
51.690000000 1.501482018797e-05
51.700000000 1.601481705031e-05
51.710000000 1.601481391266e-05
51.720000000 1.701481077500e-05
51.730000000 1.701480763734e-05
51.740000000 1.701480449968e-05
51.750000000 1.701480136202e-05
51.760000000 1.801479822436e-05
51.770000000 1.801479508670e-05
51.780000000 1.801479194905e-05
51.790000000 1.801478881139e-05
51.800000000 1.901478567373e-05
51.810000000 1.901478253607e-05
51.820000000 1.901477939841e-05
51.830000000 1.901477626075e-05
51.840000000 1.901477312309e-05
51.850000000 1.901476998544e-05
51.860000000 1.901476684778e-05
51.870000000 1.901476371012e-05
51.880000000 2.001476057246e-05
51.890000000 2.001475743480e-05
51.900000000 2.001475429714e-05
51.910000000 2.001475115949e-05
51.920000000 2.001474802183e-05
51.930000000 2.001474488417e-05
51.940000000 2.001474174651e-05
51.950000000 2.001473860885e-05
51.960000000 2.001473547119e-05
51.970000000 2.001473233353e-05
51.980000000 2.001472919588e-05
51.990000000 2.001472605822e-05
52.000000000 1.901472292056e-05
52.010000000 1.901471978290e-05
52.020000000 1.901471664524e-05
52.030000000 1.901471350758e-05
52.040000000 1.901471036993e-05
52.050000000 1.901470723227e-05
52.060000000 1.901470409461e-05
52.070000000 1.801470095695e-05
52.080000000 1.801469781929e-05
52.090000000 1.801469468163e-05
52.100000000 1.801469154397e-05
52.110000000 1.801468840632e-05
52.120000000 1.701468526866e-05
52.130000000 1.701468213100e-05
52.140000000 1.701467899334e-05
52.150000000 1.701467585568e-05
52.160000000 1.601467271802e-05
52.170000000 1.601466958036e-05
52.180000000 1.601466644271e-05
52.190000000 1.601466330505e-05
52.200000000 1.501466016739e-05
52.210000000 1.501465702973e-05
52.220000000 1.401465389207e-05
52.230000000 1.401465075441e-05
52.240000000 1.401464761676e-05
52.250000000 1.301464447910e-05
52.260000000 1.301464134144e-05
52.270000000 1.301463820378e-05
52.280000000 1.201463506612e-05
52.290000000 1.201463192846e-05
52.300000000 1.101462879080e-05
52.310000000 1.101462565315e-05
52.320000000 1.101462251549e-05
52.330000000 1.001461937783e-05
52.340000000 1.001461624017e-05
52.350000000 1.001461310251e-05
52.360000000 9.014609964854e-06
52.370000000 9.014606827195e-06
52.380000000 8.014603689537e-06
52.390000000 8.014600551878e-06
52.400000000 7.014597414220e-06
52.410000000 7.014594276561e-06
52.420000000 6.014591138903e-06
52.430000000 6.014588001244e-06
52.440000000 6.014584863586e-06
52.450000000 5.014581725927e-06
52.460000000 5.014578588269e-06
52.470000000 5.014575450610e-06
52.480000000 4.014572312952e-06
52.490000000 4.014569175293e-06
52.500000000 3.014566037635e-06
52.510000000 3.014562899976e-06
52.520000000 2.014559762318e-06
52.530000000 2.014556624660e-06
52.540000000 2.014553487001e-06
52.550000000 1.014550349343e-06
52.560000000 1.014547211684e-06
52.570000000 1.454407402558e-08
52.580000000 1.454093636709e-08
52.590000000 -9.854622012914e-07
52.600000000 -9.854653389499e-07
52.610000000 -9.854684766084e-07
52.620000000 -1.985471614267e-06
52.630000000 -1.985474751925e-06
52.640000000 -1.985477889584e-06
52.650000000 -2.985481027242e-06
52.660000000 -2.985484164901e-06
52.670000000 -3.985487302559e-06
52.680000000 -3.985490440218e-06
52.690000000 -3.985493577876e-06
52.700000000 -3.985496715535e-06
52.710000000 -4.985499853193e-06
52.720000000 -4.985502990852e-06
52.730000000 -4.985506128510e-06
52.740000000 -5.985509266169e-06
52.750000000 -5.985512403827e-06
52.760000000 -5.985515541486e-06
52.770000000 -6.985518679144e-06
52.780000000 -6.985521816803e-06
52.790000000 -6.985524954461e-06
52.800000000 -6.985528092120e-06
52.810000000 -7.985531229778e-06
52.820000000 -7.985534367437e-06
52.830000000 -7.985537505095e-06
52.840000000 -7.985540642754e-06
52.850000000 -8.985543780412e-06
52.860000000 -8.985546918070e-06
52.870000000 -8.985550055729e-06
52.880000000 -8.985553193387e-06
52.890000000 -8.985556331046e-06
52.900000000 -8.985559468704e-06
52.910000000 -9.985562606363e-06
52.920000000 -9.985565744021e-06
52.930000000 -9.985568881680e-06
52.940000000 -9.985572019338e-06
52.950000000 -9.985575156997e-06
52.960000000 -9.985578294655e-06
52.970000000 -1.098558143231e-05
52.980000000 -1.098558456997e-05
52.990000000 -1.098558770763e-05
53.000000000 -1.098559084529e-05
53.010000000 -1.098559398295e-05
53.020000000 -1.098559712061e-05
53.030000000 -1.098560025826e-05
53.040000000 -1.098560339592e-05
53.050000000 -1.098560653358e-05
53.060000000 -1.198560967124e-05
53.070000000 -1.098561280890e-05
53.080000000 -1.198561594656e-05
53.090000000 -1.098561908422e-05
53.100000000 -1.198562222187e-05
53.110000000 -1.198562535953e-05
53.120000000 -1.198562849719e-05
53.130000000 -1.198563163485e-05
53.140000000 -1.198563477251e-05
53.150000000 -1.198563791017e-05
53.160000000 -1.198564104783e-05
53.170000000 -1.198564418548e-05
53.180000000 -1.198564732314e-05
53.190000000 -1.198565046080e-05
53.200000000 -1.198565359846e-05
53.210000000 -1.198565673612e-05
53.220000000 -1.198565987378e-05
53.230000000 -1.198566301143e-05
53.240000000 -1.198566614909e-05
53.250000000 -1.198566928675e-05
53.260000000 -1.198567242441e-05
53.270000000 -1.198567556207e-05
53.280000000 -1.098567869973e-05
53.290000000 -1.098568183739e-05
53.300000000 -1.098568497504e-05
53.310000000 -1.098568811270e-05
53.320000000 -1.098569125036e-05
53.330000000 -1.098569438802e-05
53.340000000 -1.098569752568e-05
53.350000000 -1.098570066334e-05
53.360000000 -9.985703800995e-06
53.370000000 -9.985706938653e-06
53.380000000 -9.985710076312e-06
53.390000000 -9.985713213970e-06
53.400000000 -9.985716351629e-06
53.410000000 -9.985719489287e-06
53.420000000 -8.985722626946e-06
53.430000000 -8.985725764604e-06
53.440000000 -8.985728902263e-06
53.450000000 -8.985732039921e-06
53.460000000 -8.985735177580e-06
53.470000000 -7.985738315238e-06
53.480000000 -7.985741452897e-06
53.490000000 -7.985744590555e-06
53.500000000 -7.985747728213e-06
53.510000000 -7.985750865872e-06
53.520000000 -6.985754003530e-06
53.530000000 -6.985757141189e-06
53.540000000 -6.985760278847e-06
53.550000000 -6.985763416506e-06
53.560000000 -6.985766554164e-06
53.570000000 -5.985769691823e-06
53.580000000 -5.985772829481e-06
53.590000000 -5.985775967140e-06
53.600000000 -5.985779104798e-06
53.610000000 -5.985782242457e-06
53.620000000 -4.985785380115e-06
53.630000000 -4.985788517774e-06
53.640000000 -4.985791655432e-06
53.650000000 -4.985794793091e-06
53.660000000 -3.985797930749e-06
53.670000000 -3.985801068408e-06
53.680000000 -3.985804206066e-06
53.690000000 -2.985807343725e-06
53.700000000 -2.985810481383e-06
53.710000000 -2.985813619042e-06
53.720000000 -2.985816756700e-06
53.730000000 -1.985819894359e-06
53.740000000 -1.985823032017e-06
53.750000000 -1.985826169676e-06
53.760000000 -1.985829307334e-06
53.770000000 -9.858324449926e-07
53.780000000 -9.858355826511e-07
53.790000000 -9.858387203095e-07
53.800000000 -9.858418579680e-07
53.810000000 1.415500437349e-08
53.820000000 1.415186671500e-08
53.830000000 1.414872905652e-08
53.840000000 1.414559139803e-08
53.850000000 1.014142453740e-06
53.860000000 1.014139316081e-06
53.870000000 1.014136178423e-06
53.880000000 1.014133040764e-06
53.890000000 2.014129903106e-06
53.900000000 2.014126765447e-06
53.910000000 2.014123627789e-06
53.920000000 2.014120490130e-06
53.930000000 2.014117352472e-06
53.940000000 3.014114214813e-06
53.950000000 3.014111077155e-06
53.960000000 3.014107939496e-06
53.970000000 3.014104801838e-06
53.980000000 3.014101664179e-06
53.990000000 3.014098526521e-06
54.000000000 4.014095388862e-06
54.010000000 4.014092251204e-06
54.020000000 4.014089113545e-06
54.030000000 4.014085975887e-06
54.040000000 5.014082838228e-06
54.050000000 5.014079700570e-06
54.060000000 5.014076562911e-06
54.070000000 5.014073425253e-06
54.080000000 5.014070287594e-06
54.090000000 5.014067149936e-06
54.100000000 5.014064012277e-06
54.110000000 6.014060874619e-06
54.120000000 6.014057736960e-06
54.130000000 6.014054599302e-06
54.140000000 6.014051461643e-06
54.150000000 6.014048323985e-06
54.160000000 6.014045186327e-06
54.170000000 6.014042048668e-06
54.180000000 6.014038911010e-06
54.190000000 7.014035773351e-06
54.200000000 7.014032635693e-06
54.210000000 7.014029498034e-06
54.220000000 7.014026360376e-06
54.230000000 7.014023222717e-06
54.240000000 7.014020085059e-06
54.250000000 7.014016947400e-06
54.260000000 7.014013809742e-06
54.270000000 7.014010672083e-06
54.280000000 7.014007534425e-06
54.290000000 7.014004396766e-06
54.300000000 7.014001259108e-06
54.310000000 8.013998121449e-06
54.320000000 7.013994983791e-06
54.330000000 8.013991846132e-06
54.340000000 8.013988708474e-06
54.350000000 8.013985570815e-06
54.360000000 8.013982433157e-06
54.370000000 8.013979295498e-06
54.380000000 8.013976157840e-06
54.390000000 8.013973020181e-06
54.400000000 8.013969882523e-06
54.410000000 8.013966744864e-06
54.420000000 8.013963607206e-06
54.430000000 8.013960469547e-06
54.440000000 8.013957331889e-06
54.450000000 7.013954194230e-06
54.460000000 7.013951056572e-06
54.470000000 7.013947918914e-06
54.480000000 7.013944781255e-06
54.490000000 7.013941643597e-06
54.500000000 7.013938505938e-06
54.510000000 7.013935368280e-06
54.520000000 7.013932230621e-06
54.530000000 7.013929092963e-06
54.540000000 7.013925955304e-06
54.550000000 7.013922817646e-06
54.560000000 7.013919679987e-06
54.570000000 7.013916542329e-06
54.580000000 7.013913404670e-06
54.590000000 7.013910267012e-06
54.600000000 7.013907129353e-06
54.610000000 6.013903991695e-06
54.620000000 6.013900854036e-06
54.630000000 6.013897716378e-06
54.640000000 6.013894578719e-06
54.650000000 6.013891441061e-06
54.660000000 6.013888303402e-06
54.670000000 6.013885165744e-06
54.680000000 6.013882028085e-06
54.690000000 5.013878890427e-06
54.700000000 5.013875752768e-06
54.710000000 5.013872615110e-06
54.720000000 5.013869477451e-06
54.730000000 5.013866339793e-06
54.740000000 5.013863202134e-06
54.750000000 5.013860064476e-06
54.760000000 5.013856926817e-06
54.770000000 4.013853789159e-06
54.780000000 4.013850651500e-06
54.790000000 4.013847513842e-06
54.800000000 4.013844376184e-06
54.810000000 4.013841238525e-06
54.820000000 4.013838100867e-06
54.830000000 3.013834963208e-06
54.840000000 3.013831825550e-06
54.850000000 3.013828687891e-06
54.860000000 3.013825550233e-06
54.870000000 3.013822412574e-06
54.880000000 3.013819274916e-06
54.890000000 3.013816137257e-06
54.900000000 2.013812999599e-06
54.910000000 2.013809861940e-06
54.920000000 2.013806724282e-06
54.930000000 2.013803586623e-06
54.940000000 2.013800448965e-06
54.950000000 2.013797311306e-06
54.960000000 1.013794173648e-06
54.970000000 1.013791035989e-06
54.980000000 1.013787898331e-06
54.990000000 1.013784760672e-06
55.000000000 1.013781623014e-06
55.010000000 1.013778485355e-06
55.020000000 1.377534769685e-08
55.030000000 1.377221003837e-08
55.040000000 1.376907237988e-08
55.050000000 1.376593472140e-08
55.060000000 1.376279706291e-08
55.070000000 1.375965940443e-08
55.080000000 1.375652174594e-08
55.090000000 -9.862466159125e-07
55.100000000 -9.862497535710e-07
55.110000000 -9.862528912295e-07
55.120000000 -9.862560288880e-07
55.130000000 -9.862591665465e-07
55.140000000 -9.862623042050e-07
55.150000000 -9.862654418634e-07
55.160000000 -1.986268579522e-06
55.170000000 -1.986271717180e-06
55.180000000 -1.986274854839e-06
55.190000000 -1.986277992497e-06
55.200000000 -1.986281130156e-06
55.210000000 -1.986284267814e-06
55.220000000 -1.986287405473e-06
55.230000000 -1.986290543131e-06
55.240000000 -2.986293680790e-06
55.250000000 -1.986296818448e-06
55.260000000 -2.986299956107e-06
55.270000000 -2.986303093765e-06
55.280000000 -2.986306231424e-06
55.290000000 -2.986309369082e-06
55.300000000 -2.986312506741e-06
55.310000000 -2.986315644399e-06
55.320000000 -2.986318782058e-06
55.330000000 -2.986321919716e-06
55.340000000 -2.986325057375e-06
55.350000000 -2.986328195033e-06
55.360000000 -3.986331332692e-06
55.370000000 -3.986334470350e-06
55.380000000 -3.986337608009e-06
55.390000000 -3.986340745667e-06
55.400000000 -3.986343883326e-06
55.410000000 -3.986347020984e-06
55.420000000 -3.986350158643e-06
55.430000000 -3.986353296301e-06
55.440000000 -3.986356433960e-06
55.450000000 -3.986359571618e-06
55.460000000 -3.986362709276e-06
55.470000000 -3.986365846935e-06
55.480000000 -3.986368984593e-06
55.490000000 -3.986372122252e-06
55.500000000 -3.986375259910e-06
55.510000000 -3.986378397569e-06
55.520000000 -4.986381535227e-06
55.530000000 -4.986384672886e-06
55.540000000 -4.986387810544e-06
55.550000000 -4.986390948203e-06
55.560000000 -4.986394085861e-06
55.570000000 -4.986397223520e-06
55.580000000 -4.986400361178e-06
55.590000000 -4.986403498837e-06
55.600000000 -4.986406636495e-06
55.610000000 -4.986409774154e-06
55.620000000 -4.986412911812e-06
55.630000000 -4.986416049471e-06
55.640000000 -4.986419187129e-06
55.650000000 -4.986422324788e-06
55.660000000 -4.986425462446e-06
55.670000000 -4.986428600105e-06
55.680000000 -4.986431737763e-06
55.690000000 -4.986434875422e-06
55.700000000 -4.986438013080e-06
55.710000000 -4.986441150739e-06
55.720000000 -4.986444288397e-06
55.730000000 -4.986447426056e-06
55.740000000 -3.986450563714e-06
55.750000000 -4.986453701373e-06
55.760000000 -3.986456839031e-06
55.770000000 -3.986459976689e-06
55.780000000 -3.986463114348e-06
55.790000000 -3.986466252006e-06
55.800000000 -3.986469389665e-06
55.810000000 -3.986472527323e-06
55.820000000 -3.986475664982e-06
55.830000000 -3.986478802640e-06
55.840000000 -3.986481940299e-06
55.850000000 -3.986485077957e-06
55.860000000 -3.986488215616e-06
55.870000000 -3.986491353274e-06
55.880000000 -3.986494490933e-06
55.890000000 -3.986497628591e-06
55.900000000 -3.986500766250e-06
55.910000000 -2.986503903908e-06
55.920000000 -2.986507041567e-06
55.930000000 -2.986510179225e-06
55.940000000 -2.986513316884e-06
55.950000000 -2.986516454542e-06
55.960000000 -2.986519592201e-06
55.970000000 -2.986522729859e-06
55.980000000 -2.986525867518e-06
55.990000000 -2.986529005176e-06
56.000000000 -2.986532142835e-06
56.010000000 -2.986535280493e-06
56.020000000 -2.986538418152e-06
56.030000000 -2.986541555810e-06
56.040000000 -1.986544693469e-06
56.050000000 -1.986547831127e-06
56.060000000 -1.986550968786e-06
56.070000000 -1.986554106444e-06
56.080000000 -1.986557244103e-06
56.090000000 -1.986560381761e-06
56.100000000 -1.986563519419e-06
56.110000000 -1.986566657078e-06
56.120000000 -1.986569794736e-06
56.130000000 -9.865729323949e-07
56.140000000 -9.865760700534e-07
56.150000000 -9.865792077119e-07
56.160000000 -9.865823453704e-07
56.170000000 -9.865854830289e-07
56.180000000 -9.865886206874e-07
56.190000000 -9.865917583458e-07
56.200000000 -9.865948960043e-07
56.210000000 -9.865980336628e-07
56.220000000 -9.866011713213e-07
56.230000000 -9.866043089798e-07
56.240000000 -9.866074466383e-07
56.250000000 -9.866105842968e-07
56.260000000 1.338627804476e-08
56.270000000 1.338314038628e-08
56.280000000 1.338000272779e-08
56.290000000 1.337686506931e-08
56.300000000 1.337372741082e-08
56.310000000 1.337058975234e-08
56.320000000 1.336745209385e-08
56.330000000 1.336431443537e-08
56.340000000 1.336117677688e-08
56.350000000 1.335803911840e-08
56.360000000 1.013354901460e-06
56.370000000 1.013351763801e-06
56.380000000 1.013348626143e-06
56.390000000 1.013345488484e-06
56.400000000 1.013342350826e-06
56.410000000 1.013339213167e-06
56.420000000 1.013336075509e-06
56.430000000 1.013332937851e-06
56.440000000 1.013329800192e-06
56.450000000 1.013326662534e-06
56.460000000 1.013323524875e-06
56.470000000 2.013320387217e-06
56.480000000 2.013317249558e-06
56.490000000 2.013314111900e-06
56.500000000 2.013310974241e-06
56.510000000 2.013307836583e-06
56.520000000 2.013304698924e-06
56.530000000 2.013301561266e-06
56.540000000 2.013298423607e-06
56.550000000 2.013295285949e-06
56.560000000 2.013292148290e-06
56.570000000 2.013289010632e-06
56.580000000 2.013285872973e-06
56.590000000 2.013282735315e-06
56.600000000 2.013279597656e-06
56.610000000 2.013276459998e-06
56.620000000 2.013273322339e-06
56.630000000 2.013270184681e-06
56.640000000 3.013267047022e-06
56.650000000 2.013263909364e-06
56.660000000 3.013260771705e-06
56.670000000 3.013257634047e-06
56.680000000 3.013254496388e-06
56.690000000 3.013251358730e-06
56.700000000 3.013248221071e-06
56.710000000 3.013245083413e-06
56.720000000 3.013241945754e-06
56.730000000 3.013238808096e-06
56.740000000 3.013235670438e-06
56.750000000 3.013232532779e-06
56.760000000 3.013229395121e-06
56.770000000 3.013226257462e-06
56.780000000 3.013223119804e-06
56.790000000 3.013219982145e-06
56.800000000 3.013216844487e-06
56.810000000 3.013213706828e-06
56.820000000 3.013210569170e-06
56.830000000 3.013207431511e-06
56.840000000 3.013204293853e-06
56.850000000 3.013201156194e-06
56.860000000 3.013198018536e-06
56.870000000 3.013194880877e-06
56.880000000 3.013191743219e-06
56.890000000 3.013188605560e-06
56.900000000 3.013185467902e-06
56.910000000 3.013182330243e-06
56.920000000 3.013179192585e-06
56.930000000 3.013176054926e-06
56.940000000 3.013172917268e-06
56.950000000 3.013169779609e-06
56.960000000 3.013166641951e-06
56.970000000 3.013163504292e-06
56.980000000 3.013160366634e-06
56.990000000 3.013157228975e-06
57.000000000 3.013154091317e-06
57.010000000 3.013150953658e-06
57.020000000 3.013147816000e-06
57.030000000 3.013144678341e-06
57.040000000 3.013141540683e-06
57.050000000 3.013138403024e-06
57.060000000 3.013135265366e-06
57.070000000 3.013132127708e-06
57.080000000 2.013128990049e-06
57.090000000 2.013125852391e-06
57.100000000 2.013122714732e-06
57.110000000 2.013119577074e-06
57.120000000 2.013116439415e-06
57.130000000 2.013113301757e-06
57.140000000 2.013110164098e-06
57.150000000 2.013107026440e-06
57.160000000 2.013103888781e-06
57.170000000 2.013100751123e-06
57.180000000 2.013097613464e-06
57.190000000 2.013094475806e-06
57.200000000 2.013091338147e-06
57.210000000 2.013088200489e-06
57.220000000 2.013085062830e-06
57.230000000 2.013081925172e-06
57.240000000 2.013078787513e-06
57.250000000 2.013075649855e-06
57.260000000 2.013072512196e-06
57.270000000 2.013069374538e-06
57.280000000 1.013066236879e-06
57.290000000 1.013063099221e-06
57.300000000 1.013059961562e-06
57.310000000 1.013056823904e-06
57.320000000 1.013053686245e-06
57.330000000 1.013050548587e-06
57.340000000 1.013047410928e-06
57.350000000 1.013044273270e-06
57.360000000 1.013041135611e-06
57.370000000 1.013037997953e-06
57.380000000 1.013034860294e-06
57.390000000 1.013031722636e-06
57.400000000 1.013028584978e-06
57.410000000 1.013025447319e-06
57.420000000 1.013022309661e-06
57.430000000 1.013019172002e-06
57.440000000 1.301603434358e-08
57.450000000 1.301289668509e-08
57.460000000 1.300975902661e-08
57.470000000 1.300662136812e-08
57.480000000 1.300348370964e-08
57.490000000 1.300034605115e-08
57.500000000 1.299720839267e-08
57.510000000 1.299407073419e-08
57.520000000 1.299093307570e-08
57.530000000 1.298779541722e-08
57.540000000 1.298465775873e-08
57.550000000 1.298152010025e-08
57.560000000 1.297838244176e-08
57.570000000 1.297524478328e-08
57.580000000 1.297210712479e-08
57.590000000 1.296896946631e-08
57.600000000 1.296583180782e-08
57.610000000 1.296269414934e-08
57.620000000 -9.870404435091e-07
57.630000000 -9.870435811676e-07
57.640000000 -9.870467188261e-07
57.650000000 -9.870498564846e-07
57.660000000 -9.870529941431e-07
57.670000000 -9.870561318016e-07
57.680000000 -9.870592694601e-07
57.690000000 -9.870624071185e-07
57.700000000 -9.870655447770e-07
57.710000000 -9.870686824355e-07
57.720000000 -9.870718200940e-07
57.730000000 -9.870749577525e-07
57.740000000 -9.870780954110e-07
57.750000000 -9.870812330694e-07
57.760000000 -9.870843707279e-07
57.770000000 -9.870875083864e-07
57.780000000 -9.870906460449e-07
57.790000000 -9.870937837034e-07
57.800000000 -9.870969213619e-07
57.810000000 -9.871000590204e-07
57.820000000 -9.871031966788e-07
57.830000000 -9.871063343373e-07
57.840000000 -9.871094719958e-07
57.850000000 -9.871126096543e-07
57.860000000 -1.987115747313e-06
57.870000000 -9.871188849713e-07
57.880000000 -1.987122022630e-06
57.890000000 -9.871251602882e-07
57.900000000 -1.987128297947e-06
57.910000000 -9.871314356052e-07
57.920000000 -1.987134573264e-06
57.930000000 -1.987137710922e-06
57.940000000 -1.987140848581e-06
57.950000000 -1.987143986239e-06
57.960000000 -1.987147123898e-06
57.970000000 -1.987150261556e-06
57.980000000 -1.987153399215e-06
57.990000000 -1.987156536873e-06
58.000000000 -1.987159674532e-06
58.010000000 -1.987162812190e-06
58.020000000 -1.987165949849e-06
58.030000000 -1.987169087507e-06
58.040000000 -1.987172225165e-06
58.050000000 -1.987175362824e-06
58.060000000 -1.987178500482e-06
58.070000000 -1.987181638141e-06
58.080000000 -1.987184775799e-06
58.090000000 -1.987187913458e-06
58.100000000 -1.987191051116e-06
58.110000000 -1.987194188775e-06
58.120000000 -1.987197326433e-06
58.130000000 -1.987200464092e-06
58.140000000 -1.987203601750e-06
58.150000000 -1.987206739409e-06
58.160000000 -1.987209877067e-06
58.170000000 -1.987213014726e-06
58.180000000 -1.987216152384e-06
58.190000000 -1.987219290043e-06
58.200000000 -1.987222427701e-06
58.210000000 -9.872255653597e-07
58.220000000 -1.987228703018e-06
58.230000000 -1.987231840677e-06
58.240000000 -1.987234978335e-06
58.250000000 -1.987238115994e-06
58.260000000 -1.987241253652e-06
58.270000000 -1.987244391311e-06
58.280000000 -1.987247528969e-06
58.290000000 -9.872506666276e-07
58.300000000 -1.987253804286e-06
58.310000000 -9.872569419446e-07
58.320000000 -1.987260079603e-06
58.330000000 -9.872632172616e-07
58.340000000 -9.872663549200e-07
58.350000000 -9.872694925785e-07
58.360000000 -9.872726302370e-07
58.370000000 -9.872757678955e-07
58.380000000 -9.872789055540e-07
58.390000000 -9.872820432125e-07
58.400000000 -9.872851808709e-07
58.410000000 -9.872883185294e-07
58.420000000 -9.872914561879e-07
58.430000000 -9.872945938464e-07
58.440000000 -9.872977315049e-07
58.450000000 -9.873008691634e-07
58.460000000 -9.873040068219e-07
58.470000000 -9.873071444803e-07
58.480000000 -9.873102821388e-07
58.490000000 -9.873134197973e-07
58.500000000 -9.873165574558e-07
58.510000000 -9.873196951143e-07
58.520000000 -9.873228327728e-07
58.530000000 -9.873259704312e-07
58.540000000 -9.873291080897e-07
58.550000000 -9.873322457482e-07
58.560000000 -9.873353834067e-07
58.570000000 -9.873385210652e-07
58.580000000 -9.873416587237e-07
58.590000000 -9.873447963822e-07
58.600000000 -9.873479340406e-07
58.610000000 -9.873510716991e-07
58.620000000 -9.873542093576e-07
58.630000000 -9.873573470161e-07
58.640000000 1.263951532543e-08
58.650000000 -9.873636223331e-07
58.660000000 1.263324000846e-08
58.670000000 -9.873698976500e-07
58.680000000 1.262696469149e-08
58.690000000 -9.873761729670e-07
58.700000000 1.262068937452e-08
58.710000000 -9.873824482840e-07
58.720000000 1.261441405755e-08
58.730000000 -9.873887236009e-07
58.740000000 1.260813874058e-08
58.750000000 1.260500108209e-08
58.760000000 1.260186342361e-08
58.770000000 1.259872576513e-08
58.780000000 1.259558810664e-08
58.790000000 1.259245044816e-08
58.800000000 1.258931278967e-08
58.810000000 1.258617513119e-08
58.820000000 1.258303747270e-08
58.830000000 1.257989981422e-08
58.840000000 1.257676215573e-08
58.850000000 1.257362449725e-08
58.860000000 1.257048683876e-08
58.870000000 1.256734918028e-08
58.880000000 1.256421152180e-08
58.890000000 1.256107386331e-08
58.900000000 1.255793620483e-08
58.910000000 1.012554798546e-06
58.920000000 1.012551660888e-06
58.930000000 1.012548523229e-06
58.940000000 1.012545385571e-06
58.950000000 1.012542247912e-06
58.960000000 1.012539110254e-06
58.970000000 1.012535972595e-06
58.980000000 1.012532834937e-06
58.990000000 1.012529697278e-06
59.000000000 1.012526559620e-06
59.010000000 1.012523421961e-06
59.020000000 1.012520284303e-06
59.030000000 1.012517146645e-06
59.040000000 1.012514008986e-06
59.050000000 1.012510871328e-06
59.060000000 1.012507733669e-06
59.070000000 1.012504596011e-06
59.080000000 1.012501458352e-06
59.090000000 1.012498320694e-06
59.100000000 1.012495183035e-06
59.110000000 1.012492045377e-06
59.120000000 1.012488907718e-06
59.130000000 1.012485770060e-06
59.140000000 1.012482632401e-06
59.150000000 2.012479494743e-06
59.160000000 1.012476357084e-06
59.170000000 2.012473219426e-06
59.180000000 1.012470081767e-06
59.190000000 2.012466944109e-06
59.200000000 1.012463806450e-06
59.210000000 2.012460668792e-06
59.220000000 1.012457531133e-06
59.230000000 2.012454393475e-06
59.240000000 1.012451255816e-06
59.250000000 2.012448118158e-06
59.260000000 1.012444980499e-06
59.270000000 2.012441842841e-06
59.280000000 1.012438705182e-06
59.290000000 1.012435567524e-06
59.300000000 1.012432429865e-06
59.310000000 1.012429292207e-06
59.320000000 1.012426154548e-06
59.330000000 1.012423016890e-06
59.340000000 1.012419879232e-06
59.350000000 1.012416741573e-06
59.360000000 1.012413603915e-06
59.370000000 1.012410466256e-06
59.380000000 1.012407328598e-06
59.390000000 1.012404190939e-06
59.400000000 1.012401053281e-06
59.410000000 1.012397915622e-06
59.420000000 1.012394777964e-06
59.430000000 1.012391640305e-06
59.440000000 1.012388502647e-06
59.450000000 1.012385364988e-06
59.460000000 1.012382227330e-06
59.470000000 1.012379089671e-06
59.480000000 1.012375952013e-06
59.490000000 1.012372814354e-06
59.500000000 1.012369676696e-06
59.510000000 1.012366539037e-06
59.520000000 1.012363401379e-06
59.530000000 1.236026372030e-08
59.540000000 1.012357126062e-06
59.550000000 1.235398840333e-08
59.560000000 1.012350850745e-06
59.570000000 1.234771308636e-08
59.580000000 1.012344575428e-06
59.590000000 1.234143776939e-08
59.600000000 1.012338300111e-06
59.610000000 1.233516245242e-08
59.620000000 1.012332024794e-06
59.630000000 1.232888713545e-08
59.640000000 1.012325749477e-06
59.650000000 1.232261181848e-08
59.660000000 1.012319474160e-06
59.670000000 1.231633650151e-08
59.680000000 1.012313198843e-06
59.690000000 1.231006118454e-08
59.700000000 1.012306923526e-06
59.710000000 1.230378586757e-08
59.720000000 1.012300648209e-06
59.730000000 1.229751055060e-08
59.740000000 1.012294372892e-06
59.750000000 1.012291235234e-06
59.760000000 1.012288097575e-06
59.770000000 1.012284959917e-06
59.780000000 1.228182225818e-08
59.790000000 1.012278684600e-06
59.800000000 1.227554694121e-08
59.810000000 1.227240928273e-08
59.820000000 1.226927162424e-08
59.830000000 1.226613396576e-08
59.840000000 1.226299630727e-08
59.850000000 1.225985864879e-08
59.860000000 1.225672099030e-08
59.870000000 1.225358333182e-08
59.880000000 1.225044567333e-08
59.890000000 1.224730801485e-08
59.900000000 1.224417035637e-08
59.910000000 1.224103269788e-08
59.920000000 1.223789503940e-08
59.930000000 1.223475738091e-08
59.940000000 1.223161972243e-08
59.950000000 1.222848206394e-08
59.960000000 1.222534440546e-08
59.970000000 1.222220674697e-08
59.980000000 1.221906908849e-08
59.990000000 1.221593143000e-08
60.000000000 1.221279377152e-08
60.010000000 1.220965611303e-08
60.020000000 1.220651845455e-08
60.030000000 1.220338079607e-08
60.040000000 1.220024313758e-08
60.050000000 1.219710547910e-08
60.060000000 1.219396782061e-08
60.070000000 1.219083016213e-08
60.080000000 1.218769250364e-08
60.090000000 1.218455484516e-08
60.100000000 1.218141718667e-08
60.110000000 1.217827952819e-08
60.120000000 1.217514186970e-08
60.130000000 -9.878279957888e-07
60.140000000 1.216886655274e-08
60.150000000 -9.878342711057e-07
60.160000000 1.216259123577e-08
60.170000000 -9.878405464227e-07
60.180000000 1.215631591880e-08
60.190000000 -9.878468217397e-07
60.200000000 1.215004060183e-08
60.210000000 -9.878530970567e-07
60.220000000 1.214376528486e-08
60.230000000 -9.878593723736e-07
60.240000000 1.213748996789e-08
60.250000000 1.213435230940e-08
60.260000000 -9.878687853491e-07
60.270000000 1.212807699244e-08
60.280000000 -9.878750606660e-07
60.290000000 1.212180167547e-08
60.300000000 -9.878813359830e-07
60.310000000 1.211552635850e-08
60.320000000 -9.878876113000e-07
60.330000000 1.210925104153e-08
60.340000000 -9.878938866170e-07
60.350000000 1.210297572456e-08
60.360000000 -9.879001619339e-07
60.370000000 1.209670040759e-08
60.380000000 -9.879064372509e-07
60.390000000 -9.879095749094e-07
60.400000000 -9.879127125679e-07
60.410000000 -9.879158502263e-07
60.420000000 -9.879189878848e-07
60.430000000 -9.879221255433e-07
60.440000000 -9.879252632018e-07
60.450000000 -9.879284008603e-07
60.460000000 -9.879315385188e-07
60.470000000 -9.879346761773e-07
60.480000000 -9.879378138357e-07
60.490000000 -9.879409514942e-07
60.500000000 -9.879440891527e-07
60.510000000 -9.879472268112e-07
60.520000000 -9.879503644697e-07
60.530000000 -9.879535021282e-07
60.540000000 -9.879566397866e-07
60.550000000 -9.879597774451e-07
60.560000000 -9.879629151036e-07
60.570000000 -9.879660527621e-07
60.580000000 -9.879691904206e-07
60.590000000 -9.879723280791e-07
60.600000000 -9.879754657376e-07
60.610000000 -9.879786033960e-07
60.620000000 -9.879817410545e-07
60.630000000 -9.879848787130e-07
60.640000000 -9.879880163715e-07
60.650000000 -9.879911540300e-07
60.660000000 -9.879942916885e-07
60.670000000 -9.879974293469e-07
60.680000000 -9.880005670054e-07
60.690000000 -9.880037046639e-07
60.700000000 -9.880068423224e-07
60.710000000 -9.880099799809e-07
60.720000000 -9.880131176394e-07
60.730000000 -9.880162552979e-07
60.740000000 -9.880193929563e-07
60.750000000 -9.880225306148e-07
60.760000000 -9.880256682733e-07
60.770000000 -9.880288059318e-07
60.780000000 -9.880319435903e-07
60.790000000 -9.880350812488e-07
60.800000000 -9.880382189072e-07
60.810000000 -9.880413565657e-07
60.820000000 -9.880444942242e-07
60.830000000 -9.880476318827e-07
60.840000000 -9.880507695412e-07
60.850000000 -9.880539071997e-07
60.860000000 -9.880570448582e-07
60.870000000 -9.880601825166e-07
60.880000000 1.193667982487e-08
60.890000000 -9.880664578336e-07
60.900000000 1.193040450791e-08
60.910000000 -9.880727331506e-07
60.920000000 1.192412919094e-08
60.930000000 1.192099153245e-08
60.940000000 1.191785387397e-08
60.950000000 1.191471621548e-08
60.960000000 1.191157855700e-08
60.970000000 -9.880915591015e-07
60.980000000 1.190530324003e-08
60.990000000 -9.880978344185e-07
61.000000000 1.189902792306e-08
61.010000000 -9.881041097354e-07
61.020000000 1.189275260609e-08
61.030000000 -9.881103850524e-07
61.040000000 1.188647728912e-08
61.050000000 1.188333963064e-08
61.060000000 1.188020197215e-08
61.070000000 1.187706431367e-08
61.080000000 1.187392665518e-08
61.090000000 1.187078899670e-08
61.100000000 1.186765133821e-08
61.110000000 1.186451367973e-08
61.120000000 1.186137602124e-08
61.130000000 1.185823836276e-08
61.140000000 1.185510070427e-08
61.150000000 1.185196304579e-08
61.160000000 1.184882538731e-08
61.170000000 1.184568772882e-08
61.180000000 1.184255007034e-08
61.190000000 1.183941241185e-08
61.200000000 1.183627475337e-08
61.210000000 1.183313709488e-08
61.220000000 1.182999943640e-08
61.230000000 1.182686177791e-08
61.240000000 1.182372411943e-08
61.250000000 1.182058646094e-08
61.260000000 1.181744880246e-08
61.270000000 1.181431114398e-08
61.280000000 1.181117348549e-08
61.290000000 1.180803582701e-08
61.300000000 1.180489816852e-08
61.310000000 1.180176051004e-08
61.320000000 1.179862285155e-08
61.330000000 1.179548519307e-08
61.340000000 1.179234753458e-08
61.350000000 1.178920987610e-08
61.360000000 1.178607221761e-08
61.370000000 1.178293455913e-08
61.380000000 1.177979690064e-08
61.390000000 1.177665924216e-08
61.400000000 1.177352158368e-08
61.410000000 1.177038392519e-08
61.420000000 1.176724626671e-08
61.430000000 1.176410860822e-08
61.440000000 1.176097094974e-08
61.450000000 1.175783329125e-08
61.460000000 1.175469563277e-08
61.470000000 1.175155797428e-08
61.480000000 1.174842031580e-08
61.490000000 1.174528265731e-08
61.500000000 1.174214499883e-08
61.510000000 1.173900734034e-08
61.520000000 1.173586968186e-08
61.530000000 1.173273202338e-08
61.540000000 1.172959436489e-08
61.550000000 1.172645670641e-08
61.560000000 1.172331904792e-08
61.570000000 1.011720181389e-06
61.580000000 1.171704373095e-08
61.590000000 1.011713906072e-06
61.600000000 1.171076841398e-08
61.610000000 1.011707630755e-06
61.620000000 1.170449309701e-08
61.630000000 1.011701355439e-06
61.640000000 1.169821778004e-08
61.650000000 1.011695080122e-06
61.660000000 1.169194246308e-08
61.670000000 1.011688804805e-06
61.680000000 1.168566714611e-08
61.690000000 1.011682529488e-06
61.700000000 1.167939182914e-08
61.710000000 1.011676254171e-06
61.720000000 1.167311651217e-08
61.730000000 1.011669978854e-06
61.740000000 1.166684119520e-08
61.750000000 1.011663703537e-06
61.760000000 1.166056587823e-08
61.770000000 1.011657428220e-06
61.780000000 1.165429056126e-08
61.790000000 1.165115290278e-08
61.800000000 1.164801524429e-08
61.810000000 1.164487758581e-08
61.820000000 1.164173992732e-08
61.830000000 1.163860226884e-08
61.840000000 1.163546461035e-08
61.850000000 1.163232695187e-08
61.860000000 1.162918929338e-08
61.870000000 1.162605163490e-08
61.880000000 1.162291397641e-08
61.890000000 1.011619776318e-06
61.900000000 1.161663865945e-08
61.910000000 1.011613501001e-06
61.920000000 1.161036334248e-08
61.930000000 1.011607225684e-06
61.940000000 1.160408802551e-08
61.950000000 1.011600950367e-06
61.960000000 1.159781270854e-08
61.970000000 1.159467505005e-08
61.980000000 1.159153739157e-08
61.990000000 1.158839973308e-08
62.000000000 1.158526207460e-08
62.010000000 1.158212441611e-08
62.020000000 1.157898675763e-08
62.030000000 1.157584909915e-08
62.040000000 1.157271144066e-08
62.050000000 1.156957378218e-08
62.060000000 1.156643612369e-08
62.070000000 1.156329846521e-08
62.080000000 1.156016080672e-08
62.090000000 1.155702314824e-08
62.100000000 1.155388548975e-08
62.110000000 1.155074783127e-08
62.120000000 1.154761017278e-08
62.130000000 1.154447251430e-08
62.140000000 1.154133485581e-08
62.150000000 1.153819719733e-08
62.160000000 1.153505953885e-08
62.170000000 1.153192188036e-08
62.180000000 1.152878422188e-08
62.190000000 1.152564656339e-08
62.200000000 1.152250890491e-08
62.210000000 1.151937124642e-08
62.220000000 1.151623358794e-08
62.230000000 1.151309592945e-08
62.240000000 1.150995827097e-08
62.250000000 1.150682061248e-08
62.260000000 1.150368295400e-08
62.270000000 1.150054529551e-08
62.280000000 1.149740763703e-08
62.290000000 1.149426997855e-08
62.300000000 1.149113232006e-08
62.310000000 1.148799466158e-08
62.320000000 1.148485700309e-08
62.330000000 1.148171934461e-08
62.340000000 1.147858168612e-08
62.350000000 1.147544402764e-08
62.360000000 1.147230636915e-08
62.370000000 1.146916871067e-08
62.380000000 1.146603105218e-08
62.390000000 1.146289339370e-08
62.400000000 1.145975573521e-08
62.410000000 1.145661807673e-08
62.420000000 1.145348041825e-08
62.430000000 1.145034275976e-08
62.440000000 1.144720510128e-08
62.450000000 1.144406744279e-08
62.460000000 1.144092978431e-08
62.470000000 1.143779212582e-08
62.480000000 1.143465446734e-08
62.490000000 1.143151680885e-08
62.500000000 1.142837915037e-08
62.510000000 1.142524149188e-08
62.520000000 1.142210383340e-08
62.530000000 1.141896617492e-08
62.540000000 1.141582851643e-08
62.550000000 1.141269085795e-08
62.560000000 1.140955319946e-08
62.570000000 1.140641554098e-08
62.580000000 1.140327788249e-08
62.590000000 1.140014022401e-08
62.600000000 1.139700256552e-08
62.610000000 1.139386490704e-08
62.620000000 1.139072724855e-08
62.630000000 1.138758959007e-08
62.640000000 1.138445193158e-08
62.650000000 1.138131427310e-08
62.660000000 1.137817661462e-08
62.670000000 1.137503895613e-08
62.680000000 1.137190129765e-08
62.690000000 1.136876363916e-08
62.700000000 1.136562598068e-08
62.710000000 1.136248832219e-08
62.720000000 1.135935066371e-08
62.730000000 1.135621300522e-08
62.740000000 1.135307534674e-08
62.750000000 1.134993768825e-08
62.760000000 1.134680002977e-08
62.770000000 1.134366237128e-08
62.780000000 1.134052471280e-08
62.790000000 1.133738705432e-08
62.800000000 1.133424939583e-08
62.810000000 1.133111173735e-08
62.820000000 1.132797407886e-08
62.830000000 1.132483642038e-08
62.840000000 1.132169876189e-08
62.850000000 1.131856110341e-08
62.860000000 1.131542344492e-08
62.870000000 1.131228578644e-08
62.880000000 1.130914812795e-08
62.890000000 1.130601046947e-08
62.900000000 1.130287281098e-08
62.910000000 1.129973515250e-08
62.920000000 1.129659749402e-08
62.930000000 1.129345983553e-08
62.940000000 1.129032217705e-08
62.950000000 1.128718451856e-08
62.960000000 1.128404686008e-08
62.970000000 1.128090920159e-08
62.980000000 1.127777154311e-08
62.990000000 1.127463388462e-08
63.000000000 1.127149622614e-08
63.010000000 1.126835856765e-08
63.020000000 1.126522090917e-08
63.030000000 1.126208325068e-08
63.040000000 1.125894559220e-08
63.050000000 1.125580793372e-08
63.060000000 1.125267027523e-08
63.070000000 1.124953261675e-08
63.080000000 1.124639495826e-08
63.090000000 1.124325729978e-08
63.100000000 1.124011964129e-08
63.110000000 1.123698198281e-08
63.120000000 1.123384432432e-08
63.130000000 1.123070666584e-08
63.140000000 1.122756900735e-08
63.150000000 1.122443134887e-08
63.160000000 1.122129369039e-08
63.170000000 1.121815603190e-08
63.180000000 1.121501837342e-08
63.190000000 1.121188071493e-08
63.200000000 1.120874305645e-08
63.210000000 1.120560539796e-08
63.220000000 1.120246773948e-08
63.230000000 1.119933008099e-08
63.240000000 1.119619242251e-08
63.250000000 1.119305476402e-08
63.260000000 1.118991710554e-08
63.270000000 1.118677944705e-08
63.280000000 1.118364178857e-08
63.290000000 1.118050413009e-08
63.300000000 1.117736647160e-08
63.310000000 1.117422881312e-08
63.320000000 1.117109115463e-08
63.330000000 1.116795349615e-08
63.340000000 1.116481583766e-08
63.350000000 1.116167817918e-08
63.360000000 1.115854052069e-08
63.370000000 1.115540286221e-08
63.380000000 1.115226520372e-08
63.390000000 1.114912754524e-08
63.400000000 1.114598988675e-08
63.410000000 1.114285222827e-08
63.420000000 1.113971456979e-08
63.430000000 1.113657691130e-08
63.440000000 1.113343925282e-08
63.450000000 1.113030159433e-08
63.460000000 1.112716393585e-08
63.470000000 1.112402627736e-08
63.480000000 1.112088861888e-08
63.490000000 1.111775096039e-08
63.500000000 1.111461330191e-08
63.510000000 1.111147564342e-08
63.520000000 1.110833798494e-08
63.530000000 1.110520032645e-08
63.540000000 1.110206266797e-08
63.550000000 1.109892500949e-08
63.560000000 1.109578735100e-08
63.570000000 1.109264969252e-08
63.580000000 1.108951203403e-08
63.590000000 1.108637437555e-08
63.600000000 1.108323671706e-08
63.610000000 1.108009905858e-08
63.620000000 1.107696140009e-08
63.630000000 1.107382374161e-08
63.640000000 1.107068608312e-08
63.650000000 1.106754842464e-08
63.660000000 1.106441076616e-08
63.670000000 1.106127310767e-08
63.680000000 1.105813544919e-08
63.690000000 1.105499779070e-08
63.700000000 1.105186013222e-08
63.710000000 1.104872247373e-08
63.720000000 1.104558481525e-08
63.730000000 1.104244715676e-08
63.740000000 1.103930949828e-08
63.750000000 1.103617183979e-08
63.760000000 1.103303418131e-08
63.770000000 1.102989652282e-08
63.780000000 1.102675886434e-08
63.790000000 1.102362120586e-08
63.800000000 1.102048354737e-08
63.810000000 1.101734588889e-08
63.820000000 1.101420823040e-08
63.830000000 1.101107057192e-08
63.840000000 1.100793291343e-08
63.850000000 1.100479525495e-08
63.860000000 1.100165759646e-08
63.870000000 1.099851993798e-08
63.880000000 1.099538227949e-08
63.890000000 1.099224462101e-08
63.900000000 1.098910696252e-08
63.910000000 1.098596930404e-08
63.920000000 1.098283164556e-08
63.930000000 1.097969398707e-08
63.940000000 1.097655632859e-08
63.950000000 1.097341867010e-08
63.960000000 1.097028101162e-08
63.970000000 1.096714335313e-08
63.980000000 1.096400569465e-08
63.990000000 1.096086803616e-08
64.000000000 1.095773037768e-08
64.010000000 1.095459271919e-08
64.020000000 1.095145506071e-08
64.030000000 1.094831740222e-08
64.040000000 1.094517974374e-08
64.050000000 1.094204208526e-08
64.060000000 1.093890442677e-08
64.070000000 1.093576676829e-08
64.080000000 1.093262910980e-08
64.090000000 1.092949145132e-08
64.100000000 1.092635379283e-08
64.110000000 1.092321613435e-08
64.120000000 1.092007847586e-08
64.130000000 1.091694081738e-08
64.140000000 1.091380315889e-08
64.150000000 1.091066550041e-08
64.160000000 1.090752784192e-08
64.170000000 1.090439018344e-08
64.180000000 1.090125252496e-08
64.190000000 1.089811486647e-08
64.200000000 1.089497720799e-08
64.210000000 1.089183954950e-08
64.220000000 1.088870189102e-08
64.230000000 1.088556423253e-08
64.240000000 1.088242657405e-08
64.250000000 1.087928891556e-08
64.260000000 1.087615125708e-08
64.270000000 1.087301359859e-08
64.280000000 1.086987594011e-08
64.290000000 1.086673828163e-08
64.300000000 1.086360062314e-08
64.310000000 1.086046296466e-08
64.320000000 1.085732530617e-08
64.330000000 1.085418764769e-08
64.340000000 1.085104998920e-08
64.350000000 1.084791233072e-08
64.360000000 1.084477467223e-08
64.370000000 1.084163701375e-08
64.380000000 1.083849935526e-08
64.390000000 1.083536169678e-08
64.400000000 1.083222403829e-08
64.410000000 1.082908637981e-08
64.420000000 1.082594872133e-08
64.430000000 1.082281106284e-08
64.440000000 1.081967340436e-08
64.450000000 1.081653574587e-08
64.460000000 1.081339808739e-08
64.470000000 1.081026042890e-08
64.480000000 1.080712277042e-08
64.490000000 1.080398511193e-08
64.500000000 1.080084745345e-08
64.510000000 1.079770979496e-08
64.520000000 1.079457213648e-08
64.530000000 1.079143447799e-08
64.540000000 1.078829681951e-08
64.550000000 1.078515916103e-08
64.560000000 1.078202150254e-08
64.570000000 1.077888384406e-08
64.580000000 1.077574618557e-08
64.590000000 1.077260852709e-08
64.600000000 1.076947086860e-08
64.610000000 1.076633321012e-08
64.620000000 1.076319555163e-08
64.630000000 1.076005789315e-08
64.640000000 1.075692023466e-08
64.650000000 1.075378257618e-08
64.660000000 1.075064491769e-08
64.670000000 1.074750725921e-08
64.680000000 1.074436960073e-08
64.690000000 1.074123194224e-08
64.700000000 1.073809428376e-08
64.710000000 1.073495662527e-08
64.720000000 1.073181896679e-08
64.730000000 1.072868130830e-08
64.740000000 1.072554364982e-08
64.750000000 1.072240599133e-08
64.760000000 1.071926833285e-08
64.770000000 1.071613067436e-08
64.780000000 1.071299301588e-08
64.790000000 1.070985535739e-08
64.800000000 1.070671769891e-08
64.810000000 1.070358004043e-08
64.820000000 1.070044238194e-08
64.830000000 1.069730472346e-08
64.840000000 1.069416706497e-08
64.850000000 1.069102940649e-08
64.860000000 1.068789174800e-08
64.870000000 1.068475408952e-08
64.880000000 1.068161643103e-08
64.890000000 1.067847877255e-08
64.900000000 1.067534111406e-08
64.910000000 1.067220345558e-08
64.920000000 1.066906579710e-08
64.930000000 1.066592813861e-08
64.940000000 1.066279048013e-08
64.950000000 1.065965282164e-08
64.960000000 1.065651516316e-08
64.970000000 1.065337750467e-08
64.980000000 1.065023984619e-08
64.990000000 1.064710218770e-08
65.000000000 1.064396452922e-08
65.010000000 1.064082687073e-08
65.020000000 1.063768921225e-08
65.030000000 1.063455155376e-08
65.040000000 1.063141389528e-08
65.050000000 1.062827623680e-08
65.060000000 1.062513857831e-08
65.070000000 1.062200091983e-08
65.080000000 1.061886326134e-08
65.090000000 1.061572560286e-08
65.100000000 1.061258794437e-08
65.110000000 1.060945028589e-08
65.120000000 1.060631262740e-08
65.130000000 1.060317496892e-08
65.140000000 1.060003731043e-08
65.150000000 1.059689965195e-08
65.160000000 1.059376199346e-08
65.170000000 1.059062433498e-08
65.180000000 1.058748667650e-08
65.190000000 1.058434901801e-08
65.200000000 1.058121135953e-08
65.210000000 1.057807370104e-08
65.220000000 1.057493604256e-08
65.230000000 1.057179838407e-08
65.240000000 1.056866072559e-08
65.250000000 1.056552306710e-08
65.260000000 1.056238540862e-08
65.270000000 1.055924775013e-08
65.280000000 1.055611009165e-08
65.290000000 1.055297243316e-08
65.300000000 1.054983477468e-08
65.310000000 1.054669711620e-08
65.320000000 1.054355945771e-08
65.330000000 1.054042179923e-08
65.340000000 1.053728414074e-08
65.350000000 1.053414648226e-08
65.360000000 1.053100882377e-08
65.370000000 1.052787116529e-08
65.380000000 1.052473350680e-08
65.390000000 1.052159584832e-08
65.400000000 1.051845818983e-08
65.410000000 1.051532053135e-08
65.420000000 1.051218287286e-08
65.430000000 1.050904521438e-08
65.440000000 1.050590755590e-08
65.450000000 1.050276989741e-08
65.460000000 1.049963223893e-08
65.470000000 1.049649458044e-08
65.480000000 1.049335692196e-08
65.490000000 1.049021926347e-08
65.500000000 1.048708160499e-08
65.510000000 1.048394394650e-08
65.520000000 1.048080628802e-08
65.530000000 1.047766862953e-08
65.540000000 1.047453097105e-08
65.550000000 1.047139331257e-08
65.560000000 1.046825565408e-08
65.570000000 1.046511799560e-08
65.580000000 1.046198033711e-08
65.590000000 1.045884267863e-08
65.600000000 1.045570502014e-08
65.610000000 1.045256736166e-08
65.620000000 1.044942970317e-08
65.630000000 1.044629204469e-08
65.640000000 1.044315438620e-08
65.650000000 1.044001672772e-08
65.660000000 1.043687906923e-08
65.670000000 1.043374141075e-08
65.680000000 1.043060375227e-08
65.690000000 1.042746609378e-08
65.700000000 1.042432843530e-08
65.710000000 1.042119077681e-08
65.720000000 1.041805311833e-08
65.730000000 1.041491545984e-08
65.740000000 1.041177780136e-08
65.750000000 1.040864014287e-08
65.760000000 1.040550248439e-08
65.770000000 1.040236482590e-08
65.780000000 1.039922716742e-08
65.790000000 1.039608950893e-08
65.800000000 1.039295185045e-08
65.810000000 1.038981419197e-08
65.820000000 1.038667653348e-08
65.830000000 1.038353887500e-08
65.840000000 1.038040121651e-08
65.850000000 1.037726355803e-08
65.860000000 1.037412589954e-08
65.870000000 1.037098824106e-08
65.880000000 1.036785058257e-08
65.890000000 1.036471292409e-08
65.900000000 1.036157526560e-08
65.910000000 1.035843760712e-08
65.920000000 1.035529994863e-08
65.930000000 1.035216229015e-08
65.940000000 1.034902463167e-08
65.950000000 1.034588697318e-08
65.960000000 1.034274931470e-08
65.970000000 1.033961165621e-08
65.980000000 1.033647399773e-08
65.990000000 1.033333633924e-08
66.000000000 1.033019868076e-08
66.010000000 1.032706102227e-08
66.020000000 1.032392336379e-08
66.030000000 1.032078570530e-08
66.040000000 1.031764804682e-08
66.050000000 1.031451038833e-08
66.060000000 1.031137272985e-08
66.070000000 1.030823507137e-08
66.080000000 1.030509741288e-08
66.090000000 1.030195975440e-08
66.100000000 1.029882209591e-08
66.110000000 1.029568443743e-08
66.120000000 1.029254677894e-08
66.130000000 1.028940912046e-08
66.140000000 1.028627146197e-08
66.150000000 1.028313380349e-08
66.160000000 1.027999614500e-08
66.170000000 1.027685848652e-08
66.180000000 1.027372082804e-08
66.190000000 1.027058316955e-08
66.200000000 1.026744551107e-08
66.210000000 1.026430785258e-08
66.220000000 1.026117019410e-08
66.230000000 1.025803253561e-08
66.240000000 1.025489487713e-08
66.250000000 1.025175721864e-08
66.260000000 1.024861956016e-08
66.270000000 1.024548190167e-08
66.280000000 1.024234424319e-08
66.290000000 1.023920658470e-08
66.300000000 1.023606892622e-08
66.310000000 1.023293126774e-08
66.320000000 1.022979360925e-08
66.330000000 1.022665595077e-08
66.340000000 1.022351829228e-08
66.350000000 1.022038063380e-08
66.360000000 1.021724297531e-08
66.370000000 1.021410531683e-08
66.380000000 1.021096765834e-08
66.390000000 1.020782999986e-08
66.400000000 1.020469234137e-08
66.410000000 1.020155468289e-08
66.420000000 1.019841702440e-08
66.430000000 1.019527936592e-08
66.440000000 1.019214170744e-08
66.450000000 1.018900404895e-08
66.460000000 1.018586639047e-08
66.470000000 1.018272873198e-08
66.480000000 1.017959107350e-08
66.490000000 1.017645341501e-08
66.500000000 1.017331575653e-08
66.510000000 1.017017809804e-08
66.520000000 1.016704043956e-08
66.530000000 1.016390278107e-08
66.540000000 1.016076512259e-08
66.550000000 1.015762746410e-08
66.560000000 1.015448980562e-08
66.570000000 1.015135214714e-08
66.580000000 1.014821448865e-08
66.590000000 1.014507683017e-08
66.600000000 1.014193917168e-08
66.610000000 1.013880151320e-08
66.620000000 1.013566385471e-08
66.630000000 1.013252619623e-08
66.640000000 1.012938853774e-08
66.650000000 1.012625087926e-08
66.660000000 1.012311322077e-08
66.670000000 1.011997556229e-08
66.680000000 1.011683790381e-08
66.690000000 1.011370024532e-08
66.700000000 1.011056258684e-08
66.710000000 1.010742492835e-08
66.720000000 1.010428726987e-08
66.730000000 1.010114961138e-08
66.740000000 1.009801195290e-08
66.750000000 1.009487429441e-08
66.760000000 1.009173663593e-08
66.770000000 1.008859897744e-08
66.780000000 1.008546131896e-08
66.790000000 1.008232366047e-08
66.800000000 1.007918600199e-08
66.810000000 1.007604834351e-08
66.820000000 1.007291068502e-08
66.830000000 1.006977302654e-08
66.840000000 1.006663536805e-08
66.850000000 1.006349770957e-08
66.860000000 1.006036005108e-08
66.870000000 1.005722239260e-08
66.880000000 1.005408473411e-08
66.890000000 1.005094707563e-08
66.900000000 1.004780941714e-08
66.910000000 1.004467175866e-08
66.920000000 1.004153410017e-08
66.930000000 1.003839644169e-08
66.940000000 1.003525878321e-08
66.950000000 1.003212112472e-08
66.960000000 1.002898346624e-08
66.970000000 1.002584580775e-08
66.980000000 1.002270814927e-08
66.990000000 1.001957049078e-08
67.000000000 1.001643283230e-08
67.010000000 1.001329517381e-08
67.020000000 1.001015751533e-08
67.030000000 1.000701985684e-08
67.040000000 1.000388219836e-08
67.050000000 1.000074453987e-08
67.060000000 9.997606881390e-09
67.070000000 9.994469222906e-09
67.080000000 9.991331564421e-09
67.090000000 9.988193905936e-09
67.100000000 9.985056247452e-09
67.110000000 9.981918588967e-09
67.120000000 9.978780930482e-09
67.130000000 9.975643271998e-09
67.140000000 9.972505613513e-09
67.150000000 9.969367955029e-09
67.160000000 9.966230296544e-09
67.170000000 9.963092638059e-09
67.180000000 9.959954979575e-09
67.190000000 9.956817321090e-09
67.200000000 9.953679662606e-09
67.210000000 9.950542004121e-09
67.220000000 9.947404345636e-09
67.230000000 9.944266687152e-09
67.240000000 9.941129028667e-09
67.250000000 9.937991370183e-09
67.260000000 9.934853711698e-09
67.270000000 9.931716053213e-09
67.280000000 9.928578394729e-09
67.290000000 9.925440736244e-09
67.300000000 9.922303077760e-09
67.310000000 9.919165419275e-09
67.320000000 9.916027760790e-09
67.330000000 9.912890102306e-09
67.340000000 9.909752443821e-09
67.350000000 9.906614785337e-09
67.360000000 9.903477126852e-09
67.370000000 9.900339468367e-09
67.380000000 9.897201809883e-09
67.390000000 9.894064151398e-09
67.400000000 9.890926492914e-09
67.410000000 9.887788834429e-09
67.420000000 9.884651175944e-09
67.430000000 9.881513517460e-09
67.440000000 9.878375858975e-09
67.450000000 9.875238200491e-09
67.460000000 9.872100542006e-09
67.470000000 9.868962883521e-09
67.480000000 9.865825225037e-09
67.490000000 9.862687566552e-09
67.500000000 9.859549908068e-09
67.510000000 9.856412249583e-09
67.520000000 9.853274591098e-09
67.530000000 9.850136932614e-09
67.540000000 9.846999274129e-09
67.550000000 9.843861615645e-09
67.560000000 9.840723957160e-09
67.570000000 9.837586298675e-09
67.580000000 9.834448640191e-09
67.590000000 9.831310981706e-09
67.600000000 9.828173323222e-09
67.610000000 9.825035664737e-09
67.620000000 9.821898006252e-09
67.630000000 9.818760347768e-09
67.640000000 9.815622689283e-09
67.650000000 9.812485030799e-09
67.660000000 9.809347372314e-09
67.670000000 9.806209713829e-09
67.680000000 9.803072055345e-09
67.690000000 9.799934396860e-09
67.700000000 9.796796738376e-09
67.710000000 9.793659079891e-09
67.720000000 9.790521421406e-09
67.730000000 9.787383762922e-09
67.740000000 9.784246104437e-09
67.750000000 9.781108445953e-09
67.760000000 9.777970787468e-09
67.770000000 9.774833128983e-09
67.780000000 9.771695470499e-09
67.790000000 9.768557812014e-09
67.800000000 9.765420153530e-09
67.810000000 9.762282495045e-09
67.820000000 9.759144836560e-09
67.830000000 9.756007178076e-09
67.840000000 9.752869519591e-09
67.850000000 9.749731861107e-09
67.860000000 9.746594202622e-09
67.870000000 9.743456544137e-09
67.880000000 9.740318885653e-09
67.890000000 9.737181227168e-09
67.900000000 9.734043568683e-09
67.910000000 9.730905910199e-09
67.920000000 9.727768251714e-09
67.930000000 9.724630593230e-09
67.940000000 9.721492934745e-09
67.950000000 9.718355276260e-09
67.960000000 9.715217617776e-09
67.970000000 9.712079959291e-09
67.980000000 9.708942300807e-09
67.990000000 9.705804642322e-09
68.000000000 9.702666983837e-09
68.010000000 9.699529325353e-09
68.020000000 9.696391666868e-09
68.030000000 9.693254008384e-09
68.040000000 9.690116349899e-09
68.050000000 9.686978691414e-09
68.060000000 9.683841032930e-09
68.070000000 9.680703374445e-09
68.080000000 9.677565715961e-09
68.090000000 9.674428057476e-09
68.100000000 9.671290398991e-09
68.110000000 9.668152740507e-09
68.120000000 9.665015082022e-09
68.130000000 9.661877423538e-09
68.140000000 9.658739765053e-09
68.150000000 9.655602106568e-09
68.160000000 9.652464448084e-09
68.170000000 9.649326789599e-09
68.180000000 9.646189131115e-09
68.190000000 9.643051472630e-09
68.200000000 9.639913814145e-09
68.210000000 9.636776155661e-09
68.220000000 9.633638497176e-09
68.230000000 9.630500838692e-09
68.240000000 9.627363180207e-09
68.250000000 9.624225521722e-09
68.260000000 9.621087863238e-09
68.270000000 9.617950204753e-09
68.280000000 9.614812546269e-09
68.290000000 9.611674887784e-09
68.300000000 9.608537229299e-09
68.310000000 9.605399570815e-09
68.320000000 9.602261912330e-09
68.330000000 9.599124253846e-09
68.340000000 9.595986595361e-09
68.350000000 9.592848936876e-09
68.360000000 9.589711278392e-09
68.370000000 9.586573619907e-09
68.380000000 9.583435961423e-09
68.390000000 9.580298302938e-09
68.400000000 9.577160644453e-09
68.410000000 9.574022985969e-09
68.420000000 9.570885327484e-09
68.430000000 9.567747669000e-09
68.440000000 9.564610010515e-09
68.450000000 9.561472352030e-09
68.460000000 9.558334693546e-09
68.470000000 9.555197035061e-09
68.480000000 9.552059376577e-09
68.490000000 9.548921718092e-09
68.500000000 9.545784059607e-09
68.510000000 9.542646401123e-09
68.520000000 9.539508742638e-09
68.530000000 9.536371084154e-09
68.540000000 9.533233425669e-09
68.550000000 9.530095767184e-09
68.560000000 9.526958108700e-09
68.570000000 9.523820450215e-09
68.580000000 9.520682791731e-09
68.590000000 9.517545133246e-09
68.600000000 9.514407474761e-09
68.610000000 9.511269816277e-09
68.620000000 9.508132157792e-09
68.630000000 9.504994499308e-09
68.640000000 9.501856840823e-09
68.650000000 9.498719182338e-09
68.660000000 9.495581523854e-09
68.670000000 9.492443865369e-09
68.680000000 9.489306206884e-09
68.690000000 9.486168548400e-09
68.700000000 9.483030889915e-09
68.710000000 9.479893231431e-09
68.720000000 9.476755572946e-09
68.730000000 9.473617914461e-09
68.740000000 9.470480255977e-09
68.750000000 9.467342597492e-09
68.760000000 9.464204939008e-09
68.770000000 9.461067280523e-09
68.780000000 9.457929622038e-09
68.790000000 9.454791963554e-09
68.800000000 9.451654305069e-09
68.810000000 9.448516646585e-09
68.820000000 9.445378988100e-09
68.830000000 9.442241329615e-09
68.840000000 9.439103671131e-09
68.850000000 9.435966012646e-09
68.860000000 9.432828354162e-09
68.870000000 9.429690695677e-09
68.880000000 9.426553037192e-09
68.890000000 9.423415378708e-09
68.900000000 9.420277720223e-09
68.910000000 9.417140061739e-09
68.920000000 9.414002403254e-09
68.930000000 9.410864744769e-09
68.940000000 9.407727086285e-09
68.950000000 9.404589427800e-09
68.960000000 9.401451769316e-09
68.970000000 9.398314110831e-09
68.980000000 9.395176452346e-09
68.990000000 9.392038793862e-09
69.000000000 9.388901135377e-09
69.010000000 9.385763476893e-09
69.020000000 9.382625818408e-09
69.030000000 9.379488159923e-09
69.040000000 9.376350501439e-09
69.050000000 9.373212842954e-09
69.060000000 9.370075184470e-09
69.070000000 9.366937525985e-09
69.080000000 9.363799867500e-09
69.090000000 9.360662209016e-09
69.100000000 9.357524550531e-09
69.110000000 9.354386892047e-09
69.120000000 9.351249233562e-09
69.130000000 9.348111575077e-09
69.140000000 9.344973916593e-09
69.150000000 9.341836258108e-09
69.160000000 9.338698599624e-09
69.170000000 9.335560941139e-09
69.180000000 9.332423282654e-09
69.190000000 9.329285624170e-09
69.200000000 9.326147965685e-09
69.210000000 9.323010307201e-09
69.220000000 9.319872648716e-09
69.230000000 9.316734990231e-09
69.240000000 9.313597331747e-09
69.250000000 9.310459673262e-09
69.260000000 9.307322014778e-09
69.270000000 9.304184356293e-09
69.280000000 9.301046697808e-09
69.290000000 9.297909039324e-09
69.300000000 9.294771380839e-09
69.310000000 9.291633722355e-09
69.320000000 9.288496063870e-09
69.330000000 9.285358405385e-09
69.340000000 9.282220746901e-09
69.350000000 9.279083088416e-09
69.360000000 9.275945429932e-09
69.370000000 9.272807771447e-09
69.380000000 9.269670112962e-09
69.390000000 9.266532454478e-09
69.400000000 9.263394795993e-09
69.410000000 9.260257137509e-09
69.420000000 9.257119479024e-09
69.430000000 9.253981820539e-09
69.440000000 9.250844162055e-09
69.450000000 9.247706503570e-09
69.460000000 9.244568845085e-09
69.470000000 9.241431186601e-09
69.480000000 9.238293528116e-09
69.490000000 9.235155869632e-09
69.500000000 9.232018211147e-09
69.510000000 9.228880552662e-09
69.520000000 9.225742894178e-09
69.530000000 9.222605235693e-09
69.540000000 9.219467577209e-09
69.550000000 9.216329918724e-09
69.560000000 9.213192260239e-09
69.570000000 9.210054601755e-09
69.580000000 9.206916943270e-09
69.590000000 9.203779284786e-09
69.600000000 9.200641626301e-09
69.610000000 9.197503967816e-09
69.620000000 9.194366309332e-09
69.630000000 9.191228650847e-09
69.640000000 9.188090992363e-09
69.650000000 9.184953333878e-09
69.660000000 9.181815675393e-09
69.670000000 9.178678016909e-09
69.680000000 9.175540358424e-09
69.690000000 9.172402699940e-09
69.700000000 9.169265041455e-09
69.710000000 9.166127382970e-09
69.720000000 9.162989724486e-09
69.730000000 9.159852066001e-09
69.740000000 9.156714407517e-09
69.750000000 9.153576749032e-09
69.760000000 9.150439090547e-09
69.770000000 9.147301432063e-09
69.780000000 9.144163773578e-09
69.790000000 9.141026115094e-09
69.800000000 9.137888456609e-09
69.810000000 9.134750798124e-09
69.820000000 9.131613139640e-09
69.830000000 9.128475481155e-09
69.840000000 9.125337822671e-09
69.850000000 9.122200164186e-09
69.860000000 9.119062505701e-09
69.870000000 9.115924847217e-09
69.880000000 9.112787188732e-09
69.890000000 9.109649530248e-09
69.900000000 9.106511871763e-09
69.910000000 9.103374213278e-09
69.920000000 9.100236554794e-09
69.930000000 9.097098896309e-09
69.940000000 9.093961237825e-09
69.950000000 9.090823579340e-09
69.960000000 9.087685920855e-09
69.970000000 9.084548262371e-09
69.980000000 9.081410603886e-09
69.990000000 9.078272945402e-09
70.000000000 9.075135286917e-09
70.010000000 9.071997628432e-09
70.020000000 9.068859969948e-09
70.030000000 9.065722311463e-09
70.040000000 9.062584652979e-09
70.050000000 9.059446994494e-09
70.060000000 9.056309336009e-09
70.070000000 9.053171677525e-09
70.080000000 9.050034019040e-09
70.090000000 9.046896360556e-09
70.100000000 9.043758702071e-09
70.110000000 9.040621043586e-09
70.120000000 9.037483385102e-09
70.130000000 9.034345726617e-09
70.140000000 9.031208068133e-09
70.150000000 9.028070409648e-09
70.160000000 9.024932751163e-09
70.170000000 9.021795092679e-09
70.180000000 9.018657434194e-09
70.190000000 9.015519775709e-09
70.200000000 9.012382117225e-09
70.210000000 9.009244458740e-09
70.220000000 9.006106800256e-09
70.230000000 9.002969141771e-09
70.240000000 8.999831483286e-09
70.250000000 8.996693824802e-09
70.260000000 8.993556166317e-09
70.270000000 8.990418507833e-09
70.280000000 8.987280849348e-09
70.290000000 8.984143190863e-09
70.300000000 8.981005532379e-09
70.310000000 8.977867873894e-09
70.320000000 8.974730215410e-09
70.330000000 8.971592556925e-09
70.340000000 8.968454898440e-09
70.350000000 8.965317239956e-09
70.360000000 8.962179581471e-09
70.370000000 8.959041922987e-09
70.380000000 8.955904264502e-09
70.390000000 8.952766606017e-09
70.400000000 8.949628947533e-09
70.410000000 8.946491289048e-09
70.420000000 8.943353630564e-09
70.430000000 8.940215972079e-09
70.440000000 8.937078313594e-09
70.450000000 8.933940655110e-09
70.460000000 8.930802996625e-09
70.470000000 8.927665338141e-09
70.480000000 8.924527679656e-09
70.490000000 8.921390021171e-09
70.500000000 8.918252362687e-09
70.510000000 8.915114704202e-09
70.520000000 8.911977045718e-09
70.530000000 8.908839387233e-09
70.540000000 8.905701728748e-09
70.550000000 8.902564070264e-09
70.560000000 8.899426411779e-09
70.570000000 8.896288753295e-09
70.580000000 8.893151094810e-09
70.590000000 8.890013436325e-09
70.600000000 8.886875777841e-09
70.610000000 8.883738119356e-09
70.620000000 8.880600460872e-09
70.630000000 8.877462802387e-09
70.640000000 8.874325143902e-09
70.650000000 8.871187485418e-09
70.660000000 8.868049826933e-09
70.670000000 8.864912168449e-09
70.680000000 8.861774509964e-09
70.690000000 8.858636851479e-09
70.700000000 8.855499192995e-09
70.710000000 8.852361534510e-09
70.720000000 8.849223876026e-09
70.730000000 8.846086217541e-09
70.740000000 8.842948559056e-09
70.750000000 8.839810900572e-09
70.760000000 8.836673242087e-09
70.770000000 8.833535583603e-09
70.780000000 8.830397925118e-09
70.790000000 8.827260266633e-09
70.800000000 8.824122608149e-09
70.810000000 8.820984949664e-09
70.820000000 8.817847291180e-09
70.830000000 8.814709632695e-09
70.840000000 8.811571974210e-09
70.850000000 8.808434315726e-09
70.860000000 8.805296657241e-09
70.870000000 8.802158998757e-09
70.880000000 8.799021340272e-09
70.890000000 8.795883681787e-09
70.900000000 8.792746023303e-09
70.910000000 8.789608364818e-09
70.920000000 8.786470706334e-09
70.930000000 8.783333047849e-09
70.940000000 8.780195389364e-09
70.950000000 8.777057730880e-09
70.960000000 8.773920072395e-09
70.970000000 8.770782413910e-09
70.980000000 8.767644755426e-09
70.990000000 8.764507096941e-09
71.000000000 8.761369438457e-09
71.010000000 8.758231779972e-09
71.020000000 8.755094121487e-09
71.030000000 8.751956463003e-09
71.040000000 8.748818804518e-09
71.050000000 8.745681146034e-09
71.060000000 8.742543487549e-09
71.070000000 8.739405829064e-09
71.080000000 8.736268170580e-09
71.090000000 8.733130512095e-09
71.100000000 8.729992853611e-09
71.110000000 8.726855195126e-09
71.120000000 8.723717536641e-09
71.130000000 8.720579878157e-09
71.140000000 8.717442219672e-09
71.150000000 8.714304561188e-09
71.160000000 8.711166902703e-09
71.170000000 8.708029244218e-09
71.180000000 8.704891585734e-09
71.190000000 8.701753927249e-09
71.200000000 8.698616268765e-09
71.210000000 8.695478610280e-09
71.220000000 8.692340951795e-09
71.230000000 8.689203293311e-09
71.240000000 8.686065634826e-09
71.250000000 8.682927976342e-09
71.260000000 8.679790317857e-09
71.270000000 8.676652659372e-09
71.280000000 8.673515000888e-09
71.290000000 8.670377342403e-09
71.300000000 8.667239683919e-09
71.310000000 8.664102025434e-09
71.320000000 8.660964366949e-09
71.330000000 8.657826708465e-09
71.340000000 8.654689049980e-09
71.350000000 8.651551391496e-09
71.360000000 8.648413733011e-09
71.370000000 8.645276074526e-09
71.380000000 8.642138416042e-09
71.390000000 8.639000757557e-09
71.400000000 8.635863099073e-09
71.410000000 8.632725440588e-09
71.420000000 8.629587782103e-09
71.430000000 8.626450123619e-09
71.440000000 8.623312465134e-09
71.450000000 8.620174806650e-09
71.460000000 8.617037148165e-09
71.470000000 8.613899489680e-09
71.480000000 8.610761831196e-09
71.490000000 8.607624172711e-09
71.500000000 8.604486514227e-09
71.510000000 8.601348855742e-09
71.520000000 8.598211197257e-09
71.530000000 8.595073538773e-09
71.540000000 8.591935880288e-09
71.550000000 8.588798221804e-09
71.560000000 8.585660563319e-09
71.570000000 8.582522904834e-09
71.580000000 8.579385246350e-09
71.590000000 8.576247587865e-09
71.600000000 8.573109929381e-09
71.610000000 8.569972270896e-09
71.620000000 8.566834612411e-09
71.630000000 8.563696953927e-09
71.640000000 8.560559295442e-09
71.650000000 8.557421636958e-09
71.660000000 8.554283978473e-09
71.670000000 8.551146319988e-09
71.680000000 8.548008661504e-09
71.690000000 8.544871003019e-09
71.700000000 8.541733344535e-09
71.710000000 8.538595686050e-09
71.720000000 8.535458027565e-09
71.730000000 8.532320369081e-09
71.740000000 8.529182710596e-09
71.750000000 8.526045052111e-09
71.760000000 8.522907393627e-09
71.770000000 8.519769735142e-09
71.780000000 8.516632076658e-09
71.790000000 8.513494418173e-09
71.800000000 8.510356759688e-09
71.810000000 8.507219101204e-09
71.820000000 8.504081442719e-09
71.830000000 8.500943784235e-09
71.840000000 8.497806125750e-09
71.850000000 8.494668467265e-09
71.860000000 8.491530808781e-09
71.870000000 8.488393150296e-09
71.880000000 8.485255491812e-09
71.890000000 8.482117833327e-09
71.900000000 8.478980174842e-09
71.910000000 8.475842516358e-09
71.920000000 8.472704857873e-09
71.930000000 8.469567199389e-09
71.940000000 8.466429540904e-09
71.950000000 8.463291882419e-09
71.960000000 8.460154223935e-09
71.970000000 8.457016565450e-09
71.980000000 8.453878906966e-09
71.990000000 8.450741248481e-09
72.000000000 8.447603589996e-09
72.010000000 8.444465931512e-09
72.020000000 8.441328273027e-09
72.030000000 8.438190614543e-09
72.040000000 8.435052956058e-09
72.050000000 8.431915297573e-09
72.060000000 8.428777639089e-09
72.070000000 8.425639980604e-09
72.080000000 8.422502322120e-09
72.090000000 8.419364663635e-09
72.100000000 8.416227005150e-09
72.110000000 8.413089346666e-09
72.120000000 8.409951688181e-09
72.130000000 8.406814029697e-09
72.140000000 8.403676371212e-09
72.150000000 8.400538712727e-09
72.160000000 8.397401054243e-09
72.170000000 8.394263395758e-09
72.180000000 8.391125737274e-09
72.190000000 8.387988078789e-09
72.200000000 8.384850420304e-09
72.210000000 8.381712761820e-09
72.220000000 8.378575103335e-09
72.230000000 8.375437444851e-09
72.240000000 8.372299786366e-09
72.250000000 8.369162127881e-09
72.260000000 8.366024469397e-09
72.270000000 8.362886810912e-09
72.280000000 8.359749152428e-09
72.290000000 8.356611493943e-09
72.300000000 8.353473835458e-09
72.310000000 8.350336176974e-09
72.320000000 8.347198518489e-09
72.330000000 8.344060860005e-09
72.340000000 8.340923201520e-09
72.350000000 8.337785543035e-09
72.360000000 8.334647884551e-09
72.370000000 8.331510226066e-09
72.380000000 8.328372567582e-09
72.390000000 8.325234909097e-09
72.400000000 8.322097250612e-09
72.410000000 8.318959592128e-09
72.420000000 8.315821933643e-09
72.430000000 8.312684275159e-09
72.440000000 8.309546616674e-09
72.450000000 8.306408958189e-09
72.460000000 8.303271299705e-09
72.470000000 8.300133641220e-09
72.480000000 8.296995982735e-09
72.490000000 8.293858324251e-09
72.500000000 8.290720665766e-09
72.510000000 8.287583007282e-09
72.520000000 8.284445348797e-09
72.530000000 8.281307690312e-09
72.540000000 8.278170031828e-09
72.550000000 8.275032373343e-09
72.560000000 8.271894714859e-09
72.570000000 8.268757056374e-09
72.580000000 8.265619397889e-09
72.590000000 8.262481739405e-09
72.600000000 8.259344080920e-09
72.610000000 8.256206422436e-09
72.620000000 8.253068763951e-09
72.630000000 8.249931105466e-09
72.640000000 8.246793446982e-09
72.650000000 8.243655788497e-09
72.660000000 8.240518130013e-09
72.670000000 8.237380471528e-09
72.680000000 8.234242813043e-09
72.690000000 8.231105154559e-09
72.700000000 8.227967496074e-09
72.710000000 8.224829837590e-09
72.720000000 8.221692179105e-09
72.730000000 8.218554520620e-09
72.740000000 8.215416862136e-09
72.750000000 8.212279203651e-09
72.760000000 8.209141545167e-09
72.770000000 8.206003886682e-09
72.780000000 8.202866228197e-09
72.790000000 8.199728569713e-09
72.800000000 8.196590911228e-09
72.810000000 8.193453252744e-09
72.820000000 8.190315594259e-09
72.830000000 8.187177935774e-09
72.840000000 8.184040277290e-09
72.850000000 8.180902618805e-09
72.860000000 8.177764960321e-09
72.870000000 8.174627301836e-09
72.880000000 8.171489643351e-09
72.890000000 8.168351984867e-09
72.900000000 8.165214326382e-09
72.910000000 8.162076667898e-09
72.920000000 8.158939009413e-09
72.930000000 8.155801350928e-09
72.940000000 8.152663692444e-09
72.950000000 8.149526033959e-09
72.960000000 8.146388375475e-09
72.970000000 8.143250716990e-09
72.980000000 8.140113058505e-09
72.990000000 8.136975400021e-09
73.000000000 8.133837741536e-09
73.010000000 8.130700083052e-09
73.020000000 8.127562424567e-09
73.030000000 8.124424766082e-09
73.040000000 8.121287107598e-09
73.050000000 8.118149449113e-09
73.060000000 8.115011790629e-09
73.070000000 8.111874132144e-09
73.080000000 8.108736473659e-09
73.090000000 8.105598815175e-09
73.100000000 8.102461156690e-09
73.110000000 8.099323498206e-09
73.120000000 8.096185839721e-09
73.130000000 8.093048181236e-09
73.140000000 8.089910522752e-09
73.150000000 8.086772864267e-09
73.160000000 8.083635205783e-09
73.170000000 8.080497547298e-09
73.180000000 8.077359888813e-09
73.190000000 8.074222230329e-09
73.200000000 8.071084571844e-09
73.210000000 8.067946913360e-09
73.220000000 8.064809254875e-09
73.230000000 8.061671596390e-09
73.240000000 8.058533937906e-09
73.250000000 8.055396279421e-09
73.260000000 8.052258620936e-09
73.270000000 8.049120962452e-09
73.280000000 8.045983303967e-09
73.290000000 8.042845645483e-09
73.300000000 8.039707986998e-09
73.310000000 8.036570328513e-09
73.320000000 8.033432670029e-09
73.330000000 8.030295011544e-09
73.340000000 8.027157353060e-09
73.350000000 8.024019694575e-09
73.360000000 8.020882036090e-09
73.370000000 8.017744377606e-09
73.380000000 8.014606719121e-09
73.390000000 8.011469060637e-09
73.400000000 8.008331402152e-09
73.410000000 8.005193743667e-09
73.420000000 8.002056085183e-09
73.430000000 7.998918426698e-09
73.440000000 7.995780768214e-09
73.450000000 7.992643109729e-09
73.460000000 7.989505451244e-09
73.470000000 7.986367792760e-09
73.480000000 7.983230134275e-09
73.490000000 7.980092475791e-09
73.500000000 7.976954817306e-09
73.510000000 7.973817158821e-09
73.520000000 7.970679500337e-09
73.530000000 7.967541841852e-09
73.540000000 7.964404183368e-09
73.550000000 7.961266524883e-09
73.560000000 7.958128866398e-09
73.570000000 7.954991207914e-09
73.580000000 7.951853549429e-09
73.590000000 7.948715890945e-09
73.600000000 7.945578232460e-09
73.610000000 7.942440573975e-09
73.620000000 7.939302915491e-09
73.630000000 7.936165257006e-09
73.640000000 7.933027598522e-09
73.650000000 7.929889940037e-09
73.660000000 7.926752281552e-09
73.670000000 7.923614623068e-09
73.680000000 7.920476964583e-09
73.690000000 7.917339306099e-09
73.700000000 7.914201647614e-09
73.710000000 7.911063989129e-09
73.720000000 7.907926330645e-09
73.730000000 7.904788672160e-09
73.740000000 7.901651013676e-09
73.750000000 7.898513355191e-09
73.760000000 7.895375696706e-09
73.770000000 7.892238038222e-09
73.780000000 7.889100379737e-09
73.790000000 7.885962721253e-09
73.800000000 7.882825062768e-09
73.810000000 7.879687404283e-09
73.820000000 7.876549745799e-09
73.830000000 7.873412087314e-09
73.840000000 7.870274428830e-09
73.850000000 7.867136770345e-09
73.860000000 7.863999111860e-09
73.870000000 7.860861453376e-09
73.880000000 7.857723794891e-09
73.890000000 7.854586136407e-09
73.900000000 7.851448477922e-09
73.910000000 7.848310819437e-09
73.920000000 7.845173160953e-09
73.930000000 7.842035502468e-09
73.940000000 7.838897843984e-09
73.950000000 7.835760185499e-09
73.960000000 7.832622527014e-09
73.970000000 7.829484868530e-09
73.980000000 7.826347210045e-09
73.990000000 7.823209551561e-09
74.000000000 7.820071893076e-09
74.010000000 7.816934234591e-09
74.020000000 7.813796576107e-09
74.030000000 7.810658917622e-09
74.040000000 7.807521259137e-09
74.050000000 7.804383600653e-09
74.060000000 7.801245942168e-09
74.070000000 7.798108283684e-09
74.080000000 7.794970625199e-09
74.090000000 7.791832966714e-09
74.100000000 7.788695308230e-09
74.110000000 7.785557649745e-09
74.120000000 7.782419991261e-09
74.130000000 7.779282332776e-09
74.140000000 7.776144674291e-09
74.150000000 7.773007015807e-09
74.160000000 7.769869357322e-09
74.170000000 7.766731698838e-09
74.180000000 7.763594040353e-09
74.190000000 7.760456381868e-09
74.200000000 7.757318723384e-09
74.210000000 7.754181064899e-09
74.220000000 7.751043406415e-09
74.230000000 7.747905747930e-09
74.240000000 7.744768089445e-09
74.250000000 7.741630430961e-09
74.260000000 7.738492772476e-09
74.270000000 7.735355113992e-09
74.280000000 7.732217455507e-09
74.290000000 7.729079797022e-09
74.300000000 7.725942138538e-09
74.310000000 7.722804480053e-09
74.320000000 7.719666821569e-09
74.330000000 7.716529163084e-09
74.340000000 7.713391504599e-09
74.350000000 7.710253846115e-09
74.360000000 7.707116187630e-09
74.370000000 7.703978529146e-09
74.380000000 7.700840870661e-09
74.390000000 7.697703212176e-09
74.400000000 7.694565553692e-09
74.410000000 7.691427895207e-09
74.420000000 7.688290236723e-09
74.430000000 7.685152578238e-09
74.440000000 7.682014919753e-09
74.450000000 7.678877261269e-09
74.460000000 7.675739602784e-09
74.470000000 7.672601944300e-09
74.480000000 7.669464285815e-09
74.490000000 7.666326627330e-09
74.500000000 7.663188968846e-09
74.510000000 7.660051310361e-09
74.520000000 7.656913651877e-09
74.530000000 7.653775993392e-09
74.540000000 7.650638334907e-09
74.550000000 7.647500676423e-09
74.560000000 7.644363017938e-09
74.570000000 7.641225359454e-09
74.580000000 7.638087700969e-09
74.590000000 7.634950042484e-09
74.600000000 7.631812384000e-09
74.610000000 7.628674725515e-09
74.620000000 7.625537067031e-09
74.630000000 7.622399408546e-09
74.640000000 7.619261750061e-09
74.650000000 7.616124091577e-09
74.660000000 7.612986433092e-09
74.670000000 7.609848774608e-09
74.680000000 7.606711116123e-09
74.690000000 7.603573457638e-09
74.700000000 7.600435799154e-09
74.710000000 7.597298140669e-09
74.720000000 7.594160482185e-09
74.730000000 7.591022823700e-09
74.740000000 7.587885165215e-09
74.750000000 7.584747506731e-09
74.760000000 7.581609848246e-09
74.770000000 7.578472189761e-09
74.780000000 7.575334531277e-09
74.790000000 7.572196872792e-09
74.800000000 7.569059214308e-09
74.810000000 7.565921555823e-09
74.820000000 7.562783897338e-09
74.830000000 7.559646238854e-09
74.840000000 7.556508580369e-09
74.850000000 7.553370921885e-09
74.860000000 7.550233263400e-09
74.870000000 7.547095604915e-09
74.880000000 7.543957946431e-09
74.890000000 7.540820287946e-09
74.900000000 7.537682629462e-09
74.910000000 7.534544970977e-09
74.920000000 7.531407312492e-09
74.930000000 7.528269654008e-09
74.940000000 7.525131995523e-09
74.950000000 7.521994337039e-09
74.960000000 7.518856678554e-09
74.970000000 7.515719020069e-09
74.980000000 7.512581361585e-09
74.990000000 7.509443703100e-09
75.000000000 7.506306044616e-09
75.010000000 7.503168386131e-09
75.020000000 7.500030727646e-09
75.030000000 7.496893069162e-09
75.040000000 7.493755410677e-09
75.050000000 7.490617752193e-09
75.060000000 7.487480093708e-09
75.070000000 7.484342435223e-09
75.080000000 7.481204776739e-09
75.090000000 7.478067118254e-09
75.100000000 7.474929459770e-09
75.110000000 7.471791801285e-09
75.120000000 7.468654142800e-09
75.130000000 7.465516484316e-09
75.140000000 7.462378825831e-09
75.150000000 7.459241167347e-09
75.160000000 7.456103508862e-09
75.170000000 7.452965850377e-09
75.180000000 7.449828191893e-09
75.190000000 7.446690533408e-09
75.200000000 7.443552874924e-09
75.210000000 7.440415216439e-09
75.220000000 7.437277557954e-09
75.230000000 7.434139899470e-09
75.240000000 7.431002240985e-09
75.250000000 7.427864582501e-09
75.260000000 7.424726924016e-09
75.270000000 7.421589265531e-09
75.280000000 7.418451607047e-09
75.290000000 7.415313948562e-09
75.300000000 7.412176290078e-09
75.310000000 7.409038631593e-09
75.320000000 7.405900973108e-09
75.330000000 7.402763314624e-09
75.340000000 7.399625656139e-09
75.350000000 7.396487997655e-09
75.360000000 7.393350339170e-09
75.370000000 7.390212680685e-09
75.380000000 7.387075022201e-09
75.390000000 7.383937363716e-09
75.400000000 7.380799705232e-09
75.410000000 7.377662046747e-09
75.420000000 7.374524388262e-09
75.430000000 7.371386729778e-09
75.440000000 7.368249071293e-09
75.450000000 7.365111412809e-09
75.460000000 7.361973754324e-09
75.470000000 7.358836095839e-09
75.480000000 7.355698437355e-09
75.490000000 7.352560778870e-09
75.500000000 7.349423120386e-09
75.510000000 7.346285461901e-09
75.520000000 7.343147803416e-09
75.530000000 7.340010144932e-09
75.540000000 7.336872486447e-09
75.550000000 7.333734827962e-09
75.560000000 7.330597169478e-09
75.570000000 7.327459510993e-09
75.580000000 7.324321852509e-09
75.590000000 7.321184194024e-09
75.600000000 7.318046535539e-09
75.610000000 7.314908877055e-09
75.620000000 7.311771218570e-09
75.630000000 7.308633560086e-09
75.640000000 7.305495901601e-09
75.650000000 7.302358243116e-09
75.660000000 7.299220584632e-09
75.670000000 7.296082926147e-09
75.680000000 7.292945267663e-09
75.690000000 7.289807609178e-09
75.700000000 7.286669950693e-09
75.710000000 7.283532292209e-09
75.720000000 7.280394633724e-09
75.730000000 7.277256975240e-09
75.740000000 7.274119316755e-09
75.750000000 7.270981658270e-09
75.760000000 7.267843999786e-09
75.770000000 7.264706341301e-09
75.780000000 7.261568682817e-09
75.790000000 7.258431024332e-09
75.800000000 7.255293365847e-09
75.810000000 7.252155707363e-09
75.820000000 7.249018048878e-09
75.830000000 7.245880390394e-09
75.840000000 7.242742731909e-09
75.850000000 7.239605073424e-09
75.860000000 7.236467414940e-09
75.870000000 7.233329756455e-09
75.880000000 7.230192097971e-09
75.890000000 7.227054439486e-09
75.900000000 7.223916781001e-09
75.910000000 7.220779122517e-09
75.920000000 7.217641464032e-09
75.930000000 7.214503805548e-09
75.940000000 7.211366147063e-09
75.950000000 7.208228488578e-09
75.960000000 7.205090830094e-09
75.970000000 7.201953171609e-09
75.980000000 7.198815513125e-09
75.990000000 7.195677854640e-09
76.000000000 7.192540196155e-09
76.010000000 7.189402537671e-09
76.020000000 7.186264879186e-09
76.030000000 7.183127220702e-09
76.040000000 7.179989562217e-09
76.050000000 7.176851903732e-09
76.060000000 7.173714245248e-09
76.070000000 7.170576586763e-09
76.080000000 7.167438928279e-09
76.090000000 7.164301269794e-09
76.100000000 7.161163611309e-09
76.110000000 7.158025952825e-09
76.120000000 7.154888294340e-09
76.130000000 7.151750635856e-09
76.140000000 7.148612977371e-09
76.150000000 7.145475318886e-09
76.160000000 7.142337660402e-09
76.170000000 7.139200001917e-09
76.180000000 7.136062343433e-09
76.190000000 7.132924684948e-09
76.200000000 7.129787026463e-09
76.210000000 7.126649367979e-09
76.220000000 7.123511709494e-09
76.230000000 7.120374051010e-09
76.240000000 7.117236392525e-09
76.250000000 7.114098734040e-09
76.260000000 7.110961075556e-09
76.270000000 7.107823417071e-09
76.280000000 7.104685758587e-09
76.290000000 7.101548100102e-09
76.300000000 7.098410441617e-09
76.310000000 7.095272783133e-09
76.320000000 7.092135124648e-09
76.330000000 7.088997466163e-09
76.340000000 7.085859807679e-09
76.350000000 7.082722149194e-09
76.360000000 7.079584490710e-09
76.370000000 7.076446832225e-09
76.380000000 7.073309173740e-09
76.390000000 7.070171515256e-09
76.400000000 7.067033856771e-09
76.410000000 7.063896198287e-09
76.420000000 7.060758539802e-09
76.430000000 7.057620881317e-09
76.440000000 7.054483222833e-09
76.450000000 7.051345564348e-09
76.460000000 7.048207905864e-09
76.470000000 7.045070247379e-09
76.480000000 7.041932588894e-09
76.490000000 7.038794930410e-09
76.500000000 7.035657271925e-09
76.510000000 7.032519613441e-09
76.520000000 7.029381954956e-09
76.530000000 7.026244296471e-09
76.540000000 7.023106637987e-09
76.550000000 7.019968979502e-09
76.560000000 7.016831321018e-09
76.570000000 7.013693662533e-09
76.580000000 7.010556004048e-09
76.590000000 7.007418345564e-09
76.600000000 7.004280687079e-09
76.610000000 7.001143028595e-09
76.620000000 6.998005370110e-09
76.630000000 6.994867711625e-09
76.640000000 6.991730053141e-09
76.650000000 6.988592394656e-09
76.660000000 6.985454736172e-09
76.670000000 6.982317077687e-09
76.680000000 6.979179419202e-09
76.690000000 6.976041760718e-09
76.700000000 6.972904102233e-09
76.710000000 6.969766443749e-09
76.720000000 6.966628785264e-09
76.730000000 6.963491126779e-09
76.740000000 6.960353468295e-09
76.750000000 6.957215809810e-09
76.760000000 6.954078151326e-09
76.770000000 6.950940492841e-09
76.780000000 6.947802834356e-09
76.790000000 6.944665175872e-09
76.800000000 6.941527517387e-09
76.810000000 6.938389858903e-09
76.820000000 6.935252200418e-09
76.830000000 6.932114541933e-09
76.840000000 6.928976883449e-09
76.850000000 6.925839224964e-09
76.860000000 6.922701566480e-09
76.870000000 6.919563907995e-09
76.880000000 6.916426249510e-09
76.890000000 6.913288591026e-09
76.900000000 6.910150932541e-09
76.910000000 6.907013274057e-09
76.920000000 6.903875615572e-09
76.930000000 6.900737957087e-09
76.940000000 6.897600298603e-09
76.950000000 6.894462640118e-09
76.960000000 6.891324981634e-09
76.970000000 6.888187323149e-09
76.980000000 6.885049664664e-09
76.990000000 6.881912006180e-09
77.000000000 6.878774347695e-09
77.010000000 6.875636689211e-09
77.020000000 6.872499030726e-09
77.030000000 6.869361372241e-09
77.040000000 6.866223713757e-09
77.050000000 6.863086055272e-09
77.060000000 6.859948396787e-09
77.070000000 6.856810738303e-09
77.080000000 6.853673079818e-09
77.090000000 6.850535421334e-09
77.100000000 6.847397762849e-09
77.110000000 6.844260104364e-09
77.120000000 6.841122445880e-09
77.130000000 6.837984787395e-09
77.140000000 6.834847128911e-09
77.150000000 6.831709470426e-09
77.160000000 6.828571811941e-09
77.170000000 6.825434153457e-09
77.180000000 6.822296494972e-09
77.190000000 6.819158836488e-09
77.200000000 6.816021178003e-09
77.210000000 6.812883519518e-09
77.220000000 6.809745861034e-09
77.230000000 6.806608202549e-09
77.240000000 6.803470544065e-09
77.250000000 6.800332885580e-09
77.260000000 6.797195227095e-09
77.270000000 6.794057568611e-09
77.280000000 6.790919910126e-09
77.290000000 6.787782251642e-09
77.300000000 6.784644593157e-09
77.310000000 6.781506934672e-09
77.320000000 6.778369276188e-09
77.330000000 6.775231617703e-09
77.340000000 6.772093959219e-09
77.350000000 6.768956300734e-09
77.360000000 6.765818642249e-09
77.370000000 6.762680983765e-09
77.380000000 6.759543325280e-09
77.390000000 6.756405666796e-09
77.400000000 6.753268008311e-09
77.410000000 6.750130349826e-09
77.420000000 6.746992691342e-09
77.430000000 6.743855032857e-09
77.440000000 6.740717374373e-09
77.450000000 6.737579715888e-09
77.460000000 6.734442057403e-09
77.470000000 6.731304398919e-09
77.480000000 6.728166740434e-09
77.490000000 6.725029081950e-09
77.500000000 6.721891423465e-09
77.510000000 6.718753764980e-09
77.520000000 6.715616106496e-09
77.530000000 6.712478448011e-09
77.540000000 6.709340789527e-09
77.550000000 6.706203131042e-09
77.560000000 6.703065472557e-09
77.570000000 6.699927814073e-09
77.580000000 6.696790155588e-09
77.590000000 6.693652497104e-09
77.600000000 6.690514838619e-09
77.610000000 6.687377180134e-09
77.620000000 6.684239521650e-09
77.630000000 6.681101863165e-09
77.640000000 6.677964204681e-09
77.650000000 6.674826546196e-09
77.660000000 6.671688887711e-09
77.670000000 6.668551229227e-09
77.680000000 6.665413570742e-09
77.690000000 6.662275912258e-09
77.700000000 6.659138253773e-09
77.710000000 6.656000595288e-09
77.720000000 6.652862936804e-09
77.730000000 6.649725278319e-09
77.740000000 6.646587619835e-09
77.750000000 6.643449961350e-09
77.760000000 6.640312302865e-09
77.770000000 6.637174644381e-09
77.780000000 6.634036985896e-09
77.790000000 6.630899327412e-09
77.800000000 6.627761668927e-09
77.810000000 6.624624010442e-09
77.820000000 6.621486351958e-09
77.830000000 6.618348693473e-09
77.840000000 6.615211034988e-09
77.850000000 6.612073376504e-09
77.860000000 6.608935718019e-09
77.870000000 6.605798059535e-09
77.880000000 6.602660401050e-09
77.890000000 6.599522742565e-09
77.900000000 6.596385084081e-09
77.910000000 6.593247425596e-09
77.920000000 6.590109767112e-09
77.930000000 6.586972108627e-09
77.940000000 6.583834450142e-09
77.950000000 6.580696791658e-09
77.960000000 6.577559133173e-09
77.970000000 6.574421474689e-09
77.980000000 6.571283816204e-09
77.990000000 6.568146157719e-09
78.000000000 6.565008499235e-09
78.010000000 6.561870840750e-09
78.020000000 6.558733182266e-09
78.030000000 6.555595523781e-09
78.040000000 6.552457865296e-09
78.050000000 6.549320206812e-09
78.060000000 6.546182548327e-09
78.070000000 6.543044889843e-09
78.080000000 6.539907231358e-09
78.090000000 6.536769572873e-09
78.100000000 6.533631914389e-09
78.110000000 6.530494255904e-09
78.120000000 6.527356597420e-09
78.130000000 6.524218938935e-09
78.140000000 6.521081280450e-09
78.150000000 6.517943621966e-09
78.160000000 6.514805963481e-09
78.170000000 6.511668304997e-09
78.180000000 6.508530646512e-09
78.190000000 6.505392988027e-09
78.200000000 6.502255329543e-09
78.210000000 6.499117671058e-09
78.220000000 6.495980012574e-09
78.230000000 6.492842354089e-09
78.240000000 6.489704695604e-09
78.250000000 6.486567037120e-09
78.260000000 6.483429378635e-09
78.270000000 6.480291720151e-09
78.280000000 6.477154061666e-09
78.290000000 6.474016403181e-09
78.300000000 6.470878744697e-09
78.310000000 6.467741086212e-09
78.320000000 6.464603427728e-09
78.330000000 6.461465769243e-09
78.340000000 6.458328110758e-09
78.350000000 6.455190452274e-09
78.360000000 6.452052793789e-09
78.370000000 6.448915135305e-09
78.380000000 6.445777476820e-09
78.390000000 6.442639818335e-09
78.400000000 6.439502159851e-09
78.410000000 6.436364501366e-09
78.420000000 6.433226842882e-09
78.430000000 6.430089184397e-09
78.440000000 6.426951525912e-09
78.450000000 6.423813867428e-09
78.460000000 6.420676208943e-09
78.470000000 6.417538550459e-09
78.480000000 6.414400891974e-09
78.490000000 6.411263233489e-09
78.500000000 6.408125575005e-09
78.510000000 6.404987916520e-09
78.520000000 6.401850258036e-09
78.530000000 6.398712599551e-09
78.540000000 6.395574941066e-09
78.550000000 6.392437282582e-09
78.560000000 6.389299624097e-09
78.570000000 6.386161965613e-09
78.580000000 6.383024307128e-09
78.590000000 6.379886648643e-09
78.600000000 6.376748990159e-09
78.610000000 6.373611331674e-09
78.620000000 6.370473673189e-09
78.630000000 6.367336014705e-09
78.640000000 6.364198356220e-09
78.650000000 6.361060697736e-09
78.660000000 6.357923039251e-09
78.670000000 6.354785380766e-09
78.680000000 6.351647722282e-09
78.690000000 6.348510063797e-09
78.700000000 6.345372405313e-09
78.710000000 6.342234746828e-09
78.720000000 6.339097088343e-09
78.730000000 6.335959429859e-09
78.740000000 6.332821771374e-09
78.750000000 6.329684112890e-09
78.760000000 6.326546454405e-09
78.770000000 6.323408795920e-09
78.780000000 6.320271137436e-09
78.790000000 6.317133478951e-09
78.800000000 6.313995820467e-09
78.810000000 6.310858161982e-09
78.820000000 6.307720503497e-09
78.830000000 6.304582845013e-09
78.840000000 6.301445186528e-09
78.850000000 6.298307528044e-09
78.860000000 6.295169869559e-09
78.870000000 6.292032211074e-09
78.880000000 6.288894552590e-09
78.890000000 6.285756894105e-09
78.900000000 6.282619235621e-09
78.910000000 6.279481577136e-09
78.920000000 6.276343918651e-09
78.930000000 6.273206260167e-09
78.940000000 6.270068601682e-09
78.950000000 6.266930943198e-09
78.960000000 6.263793284713e-09
78.970000000 6.260655626228e-09
78.980000000 6.257517967744e-09
78.990000000 6.254380309259e-09
79.000000000 6.251242650775e-09
79.010000000 6.248104992290e-09
79.020000000 6.244967333805e-09
79.030000000 6.241829675321e-09
79.040000000 6.238692016836e-09
79.050000000 6.235554358352e-09
79.060000000 6.232416699867e-09
79.070000000 6.229279041382e-09
79.080000000 6.226141382898e-09
79.090000000 6.223003724413e-09
79.100000000 6.219866065929e-09
79.110000000 6.216728407444e-09
79.120000000 6.213590748959e-09
79.130000000 6.210453090475e-09
79.140000000 6.207315431990e-09
79.150000000 6.204177773506e-09
79.160000000 6.201040115021e-09
79.170000000 6.197902456536e-09
79.180000000 6.194764798052e-09
79.190000000 6.191627139567e-09
79.200000000 6.188489481083e-09
79.210000000 6.185351822598e-09
79.220000000 6.182214164113e-09
79.230000000 6.179076505629e-09
79.240000000 6.175938847144e-09
79.250000000 6.172801188660e-09
79.260000000 6.169663530175e-09
79.270000000 6.166525871690e-09
79.280000000 6.163388213206e-09
79.290000000 6.160250554721e-09
79.300000000 6.157112896237e-09
79.310000000 6.153975237752e-09
79.320000000 6.150837579267e-09
79.330000000 6.147699920783e-09
79.340000000 6.144562262298e-09
79.350000000 6.141424603813e-09
79.360000000 6.138286945329e-09
79.370000000 6.135149286844e-09
79.380000000 6.132011628360e-09
79.390000000 6.128873969875e-09
79.400000000 6.125736311390e-09
79.410000000 6.122598652906e-09
79.420000000 6.119460994421e-09
79.430000000 6.116323335937e-09
79.440000000 6.113185677452e-09
79.450000000 6.110048018967e-09
79.460000000 6.106910360483e-09
79.470000000 6.103772701998e-09
79.480000000 6.100635043514e-09
79.490000000 6.097497385029e-09
79.500000000 6.094359726544e-09
79.510000000 6.091222068060e-09
79.520000000 6.088084409575e-09
79.530000000 6.084946751091e-09
79.540000000 6.081809092606e-09
79.550000000 6.078671434121e-09
79.560000000 6.075533775637e-09
79.570000000 6.072396117152e-09
79.580000000 6.069258458668e-09
79.590000000 6.066120800183e-09
79.600000000 6.062983141698e-09
79.610000000 6.059845483214e-09
79.620000000 6.056707824729e-09
79.630000000 6.053570166245e-09
79.640000000 6.050432507760e-09
79.650000000 6.047294849275e-09
79.660000000 6.044157190791e-09
79.670000000 6.041019532306e-09
79.680000000 6.037881873822e-09
79.690000000 6.034744215337e-09
79.700000000 6.031606556852e-09
79.710000000 6.028468898368e-09
79.720000000 6.025331239883e-09
79.730000000 6.022193581399e-09
79.740000000 6.019055922914e-09
79.750000000 6.015918264429e-09
79.760000000 6.012780605945e-09
79.770000000 6.009642947460e-09
79.780000000 6.006505288976e-09
79.790000000 6.003367630491e-09
79.800000000 6.000229972006e-09
79.810000000 5.997092313522e-09
79.820000000 5.993954655037e-09
79.830000000 5.990816996553e-09
79.840000000 5.987679338068e-09
79.850000000 5.984541679583e-09
79.860000000 5.981404021099e-09
79.870000000 5.978266362614e-09
79.880000000 5.975128704130e-09
79.890000000 5.971991045645e-09
79.900000000 5.968853387160e-09
79.910000000 5.965715728676e-09
79.920000000 5.962578070191e-09
79.930000000 5.959440411707e-09
79.940000000 5.956302753222e-09
79.950000000 5.953165094737e-09
79.960000000 5.950027436253e-09
79.970000000 5.946889777768e-09
79.980000000 5.943752119284e-09
79.990000000 5.940614460799e-09
80.000000000 5.937476802314e-09
80.010000000 5.934339143830e-09
80.020000000 5.931201485345e-09
80.030000000 5.928063826861e-09
80.040000000 5.924926168376e-09
80.050000000 5.921788509891e-09
80.060000000 5.918650851407e-09
80.070000000 5.915513192922e-09
80.080000000 5.912375534438e-09
80.090000000 5.909237875953e-09
80.100000000 5.906100217468e-09
80.110000000 5.902962558984e-09
80.120000000 5.899824900499e-09
80.130000000 5.896687242014e-09
80.140000000 5.893549583530e-09
80.150000000 5.890411925045e-09
80.160000000 5.887274266561e-09
80.170000000 5.884136608076e-09
80.180000000 5.880998949591e-09
80.190000000 5.877861291107e-09
80.200000000 5.874723632622e-09
80.210000000 5.871585974138e-09
80.220000000 5.868448315653e-09
80.230000000 5.865310657168e-09
80.240000000 5.862172998684e-09
80.250000000 5.859035340199e-09
80.260000000 5.855897681715e-09
80.270000000 5.852760023230e-09
80.280000000 5.849622364745e-09
80.290000000 5.846484706261e-09
80.300000000 5.843347047776e-09
80.310000000 5.840209389292e-09
80.320000000 5.837071730807e-09
80.330000000 5.833934072322e-09
80.340000000 5.830796413838e-09
80.350000000 5.827658755353e-09
80.360000000 5.824521096869e-09
80.370000000 5.821383438384e-09
80.380000000 5.818245779899e-09
80.390000000 5.815108121415e-09
80.400000000 5.811970462930e-09
80.410000000 5.808832804446e-09
80.420000000 5.805695145961e-09
80.430000000 5.802557487476e-09
80.440000000 5.799419828992e-09
80.450000000 5.796282170507e-09
80.460000000 5.793144512023e-09
80.470000000 5.790006853538e-09
80.480000000 5.786869195053e-09
80.490000000 5.783731536569e-09
80.500000000 5.780593878084e-09
80.510000000 5.777456219600e-09
80.520000000 5.774318561115e-09
80.530000000 5.771180902630e-09
80.540000000 5.768043244146e-09
80.550000000 5.764905585661e-09
80.560000000 5.761767927177e-09
80.570000000 5.758630268692e-09
80.580000000 5.755492610207e-09
80.590000000 5.752354951723e-09
80.600000000 5.749217293238e-09
80.610000000 5.746079634754e-09
80.620000000 5.742941976269e-09
80.630000000 5.739804317784e-09
80.640000000 5.736666659300e-09
80.650000000 5.733529000815e-09
80.660000000 5.730391342331e-09
80.670000000 5.727253683846e-09
80.680000000 5.724116025361e-09
80.690000000 5.720978366877e-09
80.700000000 5.717840708392e-09
80.710000000 5.714703049908e-09
80.720000000 5.711565391423e-09
80.730000000 5.708427732938e-09
80.740000000 5.705290074454e-09
80.750000000 5.702152415969e-09
80.760000000 5.699014757485e-09
80.770000000 5.695877099000e-09
80.780000000 5.692739440515e-09
80.790000000 5.689601782031e-09
80.800000000 5.686464123546e-09
80.810000000 5.683326465062e-09
80.820000000 5.680188806577e-09
80.830000000 5.677051148092e-09
80.840000000 5.673913489608e-09
80.850000000 5.670775831123e-09
80.860000000 5.667638172639e-09
80.870000000 5.664500514154e-09
80.880000000 5.661362855669e-09
80.890000000 5.658225197185e-09
80.900000000 5.655087538700e-09
80.910000000 5.651949880215e-09
80.920000000 5.648812221731e-09
80.930000000 5.645674563246e-09
80.940000000 5.642536904762e-09
80.950000000 5.639399246277e-09
80.960000000 5.636261587792e-09
80.970000000 5.633123929308e-09
80.980000000 5.629986270823e-09
80.990000000 5.626848612339e-09
81.000000000 5.623710953854e-09
81.010000000 5.620573295369e-09
81.020000000 5.617435636885e-09
81.030000000 5.614297978400e-09
81.040000000 5.611160319916e-09
81.050000000 5.608022661431e-09
81.060000000 5.604885002946e-09
81.070000000 5.601747344462e-09
81.080000000 5.598609685977e-09
81.090000000 5.595472027493e-09
81.100000000 5.592334369008e-09
81.110000000 5.589196710523e-09
81.120000000 5.586059052039e-09
81.130000000 5.582921393554e-09
81.140000000 5.579783735070e-09
81.150000000 5.576646076585e-09
81.160000000 5.573508418100e-09
81.170000000 5.570370759616e-09
81.180000000 5.567233101131e-09
81.190000000 5.564095442647e-09
81.200000000 5.560957784162e-09
81.210000000 5.557820125677e-09
81.220000000 5.554682467193e-09
81.230000000 5.551544808708e-09
81.240000000 5.548407150224e-09
81.250000000 5.545269491739e-09
81.260000000 5.542131833254e-09
81.270000000 5.538994174770e-09
81.280000000 5.535856516285e-09
81.290000000 5.532718857801e-09
81.300000000 5.529581199316e-09
81.310000000 5.526443540831e-09
81.320000000 5.523305882347e-09
81.330000000 5.520168223862e-09
81.340000000 5.517030565378e-09
81.350000000 5.513892906893e-09
81.360000000 5.510755248408e-09
81.370000000 5.507617589924e-09
81.380000000 5.504479931439e-09
81.390000000 5.501342272955e-09
81.400000000 5.498204614470e-09
81.410000000 5.495066955985e-09
81.420000000 5.491929297501e-09
81.430000000 5.488791639016e-09
81.440000000 5.485653980532e-09
81.450000000 5.482516322047e-09
81.460000000 5.479378663562e-09
81.470000000 5.476241005078e-09
81.480000000 5.473103346593e-09
81.490000000 5.469965688109e-09
81.500000000 5.466828029624e-09
81.510000000 5.463690371139e-09
81.520000000 5.460552712655e-09
81.530000000 5.457415054170e-09
81.540000000 5.454277395686e-09
81.550000000 5.451139737201e-09
81.560000000 5.448002078716e-09
81.570000000 5.444864420232e-09
81.580000000 5.441726761747e-09
81.590000000 5.438589103263e-09
81.600000000 5.435451444778e-09
81.610000000 5.432313786293e-09
81.620000000 5.429176127809e-09
81.630000000 5.426038469324e-09
81.640000000 5.422900810839e-09
81.650000000 5.419763152355e-09
81.660000000 5.416625493870e-09
81.670000000 5.413487835386e-09
81.680000000 5.410350176901e-09
81.690000000 5.407212518416e-09
81.700000000 5.404074859932e-09
81.710000000 5.400937201447e-09
81.720000000 5.397799542963e-09
81.730000000 5.394661884478e-09
81.740000000 5.391524225993e-09
81.750000000 5.388386567509e-09
81.760000000 5.385248909024e-09
81.770000000 5.382111250540e-09
81.780000000 5.378973592055e-09
81.790000000 5.375835933570e-09
81.800000000 5.372698275086e-09
81.810000000 5.369560616601e-09
81.820000000 5.366422958117e-09
81.830000000 5.363285299632e-09
81.840000000 5.360147641147e-09
81.850000000 5.357009982663e-09
81.860000000 5.353872324178e-09
81.870000000 5.350734665694e-09
81.880000000 5.347597007209e-09
81.890000000 5.344459348724e-09
81.900000000 5.341321690240e-09
81.910000000 5.338184031755e-09
