0.000000000 1.048991377971e-07
0.010000000 1.048921921757e-07
0.020000000 1.048852465544e-07
0.030000000 1.048783009331e-07
0.040000000 1.048713553117e-07
0.050000000 1.048644096904e-07
0.060000000 1.048574640690e-07
0.070000000 1.048505184477e-07
0.080000000 1.048435728263e-07
0.090000000 1.048366272050e-07
0.100000000 1.048296815837e-07
0.110000000 1.048227359623e-07
0.120000000 1.048157903410e-07
0.130000000 1.048088447196e-07
0.140000000 1.048018990983e-07
0.150000000 1.047949534770e-07
0.160000000 1.047880078556e-07
0.170000000 1.047810622343e-07
0.180000000 1.047741166129e-07
0.190000000 1.047671709916e-07
0.200000000 1.047602253703e-07
0.210000000 1.047532797489e-07
0.220000000 1.047463341276e-07
0.230000000 1.047393885062e-07
0.240000000 1.047324428849e-07
0.250000000 1.036740384909e-07
0.260000000 1.061760596817e-07
0.270000000 1.012742797211e-07
0.280000000 1.098238931022e-07
0.290000000 9.582697424242e-08
0.300000000 1.178431491951e-07
0.310000000 8.349602369206e-08
0.320000000 1.387773619826e-07
0.330000000 3.784021896350e-08
0.340000000 8.547923543205e-07
0.350000000 1.171485754379e-06
0.360000000 1.070548611360e-06
0.370000000 1.125829949651e-06
0.380000000 1.091482824148e-06
0.390000000 1.113498999101e-06
0.400000000 1.099502080241e-06
0.410000000 1.108051693622e-06
0.420000000 1.103149913661e-06
0.430000000 1.105651934852e-06
0.440000000 1.104593530458e-06
0.450000000 1.104586584837e-06
0.460000000 1.104579639215e-06
0.470000000 1.104572693594e-06
0.480000000 1.104565747973e-06
0.490000000 1.104558802351e-06
0.500000000 1.104551856730e-06
0.510000000 1.104544911109e-06
0.520000000 1.104537965487e-06
0.530000000 1.104531019866e-06
0.540000000 1.103472615472e-06
0.550000000 1.105974636663e-06
0.560000000 1.101072856702e-06
0.570000000 1.109622470083e-06
0.580000000 1.095625551224e-06
0.590000000 1.117641726176e-06
0.600000000 1.083294600673e-06
0.610000000 1.138575938964e-06
0.620000000 1.037638795945e-06
0.630000000 1.853539472529e-06
0.640000000 2.172741839400e-06
0.650000000 2.066909862042e-06
0.660000000 2.130747759335e-06
0.670000000 2.082410660593e-06
0.680000000 2.125398497347e-06
0.690000000 2.079570365418e-06
0.700000000 2.138513428372e-06
0.710000000 2.041238010016e-06
0.720000000 2.345398944876e-06
0.730000000 3.185831708846e-06
0.740000000 3.044608092833e-06
0.750000000 3.166243240850e-06
0.760000000 3.011029651599e-06
0.770000000 3.382834818621e-06
0.780000000 4.131520534507e-06
0.790000000 4.126465422019e-06
0.800000000 4.024154249152e-06
0.810000000 4.890654349856e-06
0.820000000 5.086687260713e-06
0.830000000 5.350954860974e-06
0.840000000 6.119647909046e-06
0.850000000 6.311797823244e-06
0.860000000 7.170340477886e-06
0.870000000 7.722451385133e-06
0.880000000 8.949108062249e-06
0.890000000 9.726704171517e-06
0.900000000 1.114952380440e-05
0.910000000 1.233238196692e-05
0.920000000 1.405199460418e-05
0.930000000 1.606711928876e-05
0.940000000 1.829969508953e-05
0.950000000 2.132765820514e-05
0.960000000 2.503035505429e-05
0.970000000 2.923860924540e-05
0.980000000 3.527159877474e-05
0.990000000 4.233858590047e-05
1.000000000 5.063989587077e-05
1.010000000 6.017500093445e-05
1.020000000 6.919418445472e-05
1.030000000 7.676967226987e-05
1.040000000 8.086982340192e-05
1.050000000 8.094180973157e-05
1.060000000 7.989458860326e-05
1.070000000 8.213005201892e-05
1.080000000 9.291558022230e-05
1.090000000 1.143711683644e-04
1.100000000 1.451075143326e-04
1.110000000 1.769734130579e-04
1.120000000 2.001527702534e-04
1.130000000 2.051260022577e-04
1.140000000 1.873732353815e-04
1.150000000 1.480713523934e-04
1.160000000 9.417222513118e-05
1.170000000 3.546519738704e-05
1.180000000 -1.988566172278e-05
1.190000000 -6.415433208626e-05
1.200000000 -9.388020529567e-05
1.210000000 -1.083121299170e-04
1.220000000 -1.102916541560e-04
1.230000000 -1.039781108068e-04
1.240000000 -9.394738766808e-05
1.250000000 -8.423129834249e-05
1.260000000 -7.586196674813e-05
1.270000000 -6.895802352605e-05
1.280000000 -6.219813070415e-05
1.290000000 -5.287977124722e-05
1.300000000 -4.004549960294e-05
1.310000000 -2.204306273265e-05
1.320000000 1.178439315866e-06
1.330000000 2.782787500638e-05
1.340000000 5.795341594628e-05
1.350000000 9.023560336304e-05
1.360000000 1.219358991894e-04
1.370000000 1.521979547177e-04
1.380000000 1.784236084684e-04
1.390000000 1.980277456861e-04
1.400000000 2.089268238997e-04
1.410000000 2.130026961623e-04
1.420000000 2.130527378573e-04
1.430000000 2.082664049886e-04
1.440000000 1.953597554678e-04
1.450000000 1.691752371730e-04
1.460000000 1.274273552243e-04
1.470000000 7.408414743662e-05
1.480000000 1.306945701665e-05
1.490000000 -4.819491289303e-05
1.500000000 -1.068703830059e-04
1.510000000 -1.590971481171e-04
1.520000000 -1.990365821095e-04
1.530000000 -2.191171842044e-04
1.540000000 -2.110308698832e-04
1.550000000 -1.721123052633e-04
1.560000000 -1.120203138052e-04
1.570000000 -4.375050846132e-05
1.580000000 1.871082702800e-05
1.590000000 6.301060207436e-05
1.600000000 8.595655998866e-05
1.610000000 8.798865200067e-05
1.620000000 7.238189111631e-05
1.630000000 4.592939763680e-05
1.640000000 1.417545549957e-05
1.650000000 -1.401446205807e-05
1.660000000 -3.202637782048e-05
1.670000000 -3.210043368610e-05
1.680000000 -1.291188260370e-05
1.690000000 2.323197883622e-05
1.700000000 7.023717200761e-05
1.710000000 1.172410228139e-04
1.720000000 1.559991993171e-04
1.730000000 1.750184638110e-04
1.740000000 1.653877021854e-04
1.750000000 1.192278749989e-04
1.760000000 3.796844455574e-05
1.770000000 -6.770548254008e-05
1.780000000 -1.788815787516e-04
1.790000000 -2.749518869443e-04
1.800000000 -3.399873890846e-04
1.810000000 -3.700234691276e-04
1.820000000 -3.721107837478e-04
1.830000000 -3.571301246144e-04
1.840000000 -3.360680953758e-04
1.850000000 -3.142231060714e-04
1.860000000 -2.970797906874e-04
1.870000000 -2.868934964533e-04
1.880000000 -2.860276885925e-04
1.890000000 -2.955756759423e-04
1.900000000 -3.131186909769e-04
1.910000000 -3.358250057627e-04
1.920000000 -3.568800841555e-04
1.930000000 -3.679491661804e-04
1.940000000 -3.601480963035e-04
1.950000000 -3.269850709982e-04
1.960000000 -2.668583439184e-04
1.970000000 -1.882065486875e-04
1.980000000 -1.052700847331e-04
1.990000000 -3.194612836113e-05
2.000000000 2.420521785995e-05
2.010000000 6.425999674154e-05
2.020000000 9.196599065473e-05
2.030000000 1.100765875321e-04
2.040000000 1.141088837634e-04
2.050000000 9.901679951179e-05
2.060000000 6.216955230418e-05
2.070000000 1.357038251621e-05
2.080000000 -2.884238092219e-05
2.090000000 -4.493506195447e-05
2.100000000 -2.277501060886e-05
2.110000000 4.006245152991e-05
2.120000000 1.349592091345e-04
2.130000000 2.479399750900e-04
2.140000000 3.570802723560e-04
2.150000000 4.412245234424e-04
2.160000000 4.831246906508e-04
2.170000000 4.731397620106e-04
2.180000000 4.181565942466e-04
2.190000000 3.331885240342e-04
2.200000000 2.364701017706e-04
2.210000000 1.469592200118e-04
2.220000000 7.492637693268e-05
2.230000000 2.801371301421e-05
2.240000000 8.871601016707e-06
2.250000000 1.870596932869e-05
2.260000000 5.498510178528e-05
2.270000000 1.107261817357e-04
2.280000000 1.767389472709e-04
2.290000000 2.411964271499e-04
2.300000000 2.941396528860e-04
2.310000000 3.279432233003e-04
2.320000000 3.386981917935e-04
2.330000000 3.329557327737e-04
2.340000000 3.239547166031e-04
2.350000000 3.310133910553e-04
2.360000000 3.730836659638e-04
2.370000000 4.582630899152e-04
2.380000000 5.853187750718e-04
2.390000000 7.425831275393e-04
2.400000000 9.087114186581e-04
2.410000000 1.059696128479e-03
2.420000000 1.172886792185e-03
2.430000000 1.227031928600e-03
2.440000000 1.205645470468e-03
2.450000000 1.102019769402e-03
2.460000000 9.268930756898e-04
2.470000000 7.047021242359e-04
2.480000000 4.713095521484e-04
2.490000000 2.550346358981e-04
2.500000000 7.319439330153e-05
2.510000000 -7.307794931016e-05
2.520000000 -1.930571438787e-04
2.530000000 -2.931214605591e-04
2.540000000 -3.811937061758e-04
2.550000000 -4.630067325465e-04
2.560000000 -5.492152455732e-04
2.570000000 -6.500211108151e-04
2.580000000 -7.636436815128e-04
2.590000000 -8.748162020608e-04
2.600000000 -9.584814295220e-04
2.610000000 -9.909754888051e-04
2.620000000 -9.594594315757e-04
2.630000000 -8.638665738586e-04
2.640000000 -7.113380343046e-04
2.650000000 -5.142055029114e-04
2.660000000 -2.889053111943e-04
2.670000000 -5.341165226063e-05
2.680000000 1.725166660501e-04
2.690000000 3.692434770870e-04
2.700000000 5.233292240154e-04
2.710000000 6.277947506654e-04
2.720000000 6.811170843498e-04
2.730000000 6.837861305278e-04
2.740000000 6.357480603164e-04
2.750000000 5.340273574104e-04
2.760000000 3.825031958688e-04
2.770000000 1.936324930710e-04
2.780000000 -1.175768115681e-05
2.790000000 -2.119917097192e-04
2.800000000 -3.940627804189e-04
2.810000000 -5.551939405103e-04
2.820000000 -6.994702083544e-04
2.830000000 -8.327506588045e-04
2.840000000 -9.566397769055e-04
2.850000000 -1.063492324963e-03
2.860000000 -1.143798756738e-03
2.870000000 -1.183797576578e-03
2.880000000 -1.174850863740e-03
2.890000000 -1.111799606021e-03
2.900000000 -9.915584849759e-04
2.910000000 -8.193380019086e-04
2.920000000 -6.021670069592e-04
2.930000000 -3.553005733228e-04
2.940000000 -9.596146044325e-05
2.950000000 1.544040926890e-04
2.960000000 3.773948228786e-04
2.970000000 5.634335969947e-04
2.980000000 7.143619700556e-04
2.990000000 8.405891465098e-04
3.000000000 9.558017771832e-04
3.010000000 1.065955835008e-03
3.020000000 1.165969891344e-03
3.030000000 1.240748327457e-03
3.040000000 1.270820094009e-03
3.050000000 1.246047444448e-03
3.060000000 1.163592543499e-03
3.070000000 1.030674735942e-03
3.080000000 8.567691494914e-04
3.090000000 6.512774456973e-04
3.100000000 4.262280746373e-04
3.110000000 1.970054499319e-04
3.120000000 -1.612209405979e-05
3.130000000 -1.903936202821e-04
3.140000000 -3.125992201806e-04
3.150000000 -3.854834826680e-04
3.160000000 -4.225332461282e-04
3.170000000 -4.357717992470e-04
3.180000000 -4.335798486303e-04
3.190000000 -4.143520904896e-04
3.200000000 -3.694688700429e-04
3.210000000 -2.917043901510e-04
3.220000000 -1.741570685200e-04
3.230000000 -1.821730868136e-05
3.240000000 1.619289318595e-04
3.250000000 3.431080806371e-04
3.260000000 5.012814452430e-04
3.270000000 6.205403831131e-04
3.280000000 7.040337473679e-04
3.290000000 7.696468547545e-04
3.300000000 8.356337785169e-04
3.310000000 9.126743026481e-04
3.320000000 9.898438749029e-04
3.330000000 1.041749266665e-03
3.340000000 1.037794534609e-03
3.350000000 9.543696448739e-04
3.360000000 7.872619977801e-04
3.370000000 5.529964921906e-04
3.380000000 2.871688971645e-04
3.390000000 3.310581153895e-05
3.400000000 -1.682335861623e-04
3.410000000 -2.980232616665e-04
3.420000000 -3.586944022736e-04
3.430000000 -3.702223582262e-04
3.440000000 -3.527451934332e-04
3.450000000 -3.181103993401e-04
3.460000000 -2.740438378014e-04
3.470000000 -2.302384700447e-04
3.480000000 -2.021697622322e-04
3.490000000 -2.003569159990e-04
3.500000000 -2.212660559296e-04
3.510000000 -2.459259585528e-04
3.520000000 -2.478920890187e-04
3.530000000 -2.080905409394e-04
3.540000000 -1.248754809524e-04
3.550000000 -1.965078320213e-05
3.560000000 7.715388506148e-05
3.570000000 1.380614128795e-04
3.580000000 1.563320923771e-04
3.590000000 1.445197229710e-04
3.600000000 1.287969623676e-04
3.610000000 1.344809109216e-04
3.620000000 1.791268792163e-04
3.630000000 2.642714060314e-04
3.640000000 3.768784472347e-04
3.650000000 4.874142799340e-04
3.660000000 5.577590681439e-04
3.670000000 5.488437748311e-04
3.680000000 4.323383672662e-04
3.690000000 2.046917254224e-04
3.700000000 -1.115802200126e-04
3.710000000 -4.690892896891e-04
3.720000000 -8.122855626909e-04
3.730000000 -1.094178925455e-03
3.740000000 -1.289638660916e-03
3.750000000 -1.398278356211e-03
3.760000000 -1.435262769688e-03
3.770000000 -1.417147118774e-03
3.780000000 -1.359920573300e-03
3.790000000 -1.276934448641e-03
3.800000000 -1.182854763826e-03
3.810000000 -1.099934716614e-03
3.820000000 -1.054706524239e-03
3.830000000 -1.076219009993e-03
3.840000000 -1.187799580587e-03
3.850000000 -1.399317530189e-03
3.860000000 -1.700116166510e-03
3.870000000 -2.051633998475e-03
3.880000000 -2.391087143089e-03
3.890000000 -2.640236407721e-03
3.900000000 -2.727138614705e-03
3.910000000 -2.602877443573e-03
3.920000000 -2.261583818226e-03
3.930000000 -1.743028883221e-03
3.940000000 -1.129034006429e-03
3.950000000 -5.216235617777e-04
3.960000000 -1.394308911435e-05
3.970000000 3.249800940384e-04
3.980000000 4.618073618722e-04
3.990000000 3.993989026740e-04
4.000000000 1.787193085815e-04
4.010000000 -1.255184903181e-04
4.020000000 -4.175675439952e-04
4.030000000 -6.005316506819e-04
4.040000000 -6.051733198682e-04
4.050000000 -4.129535248122e-04
4.060000000 -6.183674877093e-05
4.070000000 3.640879803300e-04
4.080000000 7.600271690451e-04
4.090000000 1.028857815437e-03
4.100000000 1.105869939675e-03
4.110000000 9.772590905812e-04
4.120000000 6.838970761951e-04
4.130000000 3.143563055065e-04
4.140000000 -1.984842355830e-05
4.150000000 -2.154937391723e-04
4.160000000 -2.032746572055e-04
4.170000000 3.792158974176e-05
4.180000000 4.838125757395e-04
4.190000000 1.071870445258e-03
4.200000000 1.714062600807e-03
4.210000000 2.309567072158e-03
4.220000000 2.767226404176e-03
4.230000000 3.019038578550e-03
4.240000000 3.037133684802e-03
4.250000000 2.837237447916e-03
4.260000000 2.474077338697e-03
4.270000000 2.038944418446e-03
4.280000000 1.638873760807e-03
4.290000000 1.370919656909e-03
4.300000000 1.288881145037e-03
4.310000000 1.386563663490e-03
4.320000000 1.602803772538e-03
4.330000000 1.841380762729e-03
4.340000000 1.997842552497e-03
4.350000000 1.982997424015e-03
4.360000000 1.738159643870e-03
4.370000000 1.245626534193e-03
4.380000000 5.309187026339e-04
4.390000000 -3.419042554554e-04
4.400000000 -1.273071362671e-03
4.410000000 -2.132260521936e-03
4.420000000 -2.777683238991e-03
4.430000000 -3.090334037273e-03
4.440000000 -3.012424086477e-03
4.450000000 -2.565693843328e-03
4.460000000 -1.844159524091e-03
4.470000000 -9.914304363331e-04
4.480000000 -1.655537366439e-04
4.490000000 4.909085028299e-04
4.500000000 8.822362745489e-04
4.510000000 9.854220937014e-04
4.520000000 8.572450792757e-04
4.530000000 6.159122993531e-04
4.540000000 4.047196652816e-04
4.550000000 3.457436621177e-04
4.560000000 5.074645549363e-04
4.570000000 8.873046128988e-04
4.580000000 1.410700385745e-03
4.590000000 1.952872507715e-03
4.600000000 2.364172624979e-03
4.610000000 2.514322427804e-03
4.620000000 2.322507624148e-03
4.630000000 1.779212843832e-03
4.640000000 9.428342150890e-04
4.650000000 -7.481674132040e-05
4.660000000 -1.130900308717e-03
4.670000000 -2.078106595748e-03
4.680000000 -2.786865703372e-03
4.690000000 -3.167444952092e-03
4.700000000 -3.186175249370e-03
4.710000000 -2.874509433807e-03
4.720000000 -2.314289778785e-03
4.730000000 -1.614757382744e-03
4.740000000 -8.876357584041e-04
4.750000000 -2.277228353326e-04
4.760000000 3.009115082639e-04
4.770000000 6.723160651488e-04
4.780000000 8.985707147042e-04
4.790000000 1.017206249598e-03
4.800000000 1.083095076971e-03
4.810000000 1.148433294794e-03
4.820000000 1.257718284208e-03
4.830000000 1.431082720498e-03
4.840000000 1.655613360208e-03
4.850000000 1.878285675782e-03
4.860000000 2.020470611384e-03
4.870000000 2.003570448505e-03
4.880000000 1.776922151572e-03
4.890000000 1.337616468599e-03
4.900000000 7.370260640935e-04
4.910000000 6.493392694625e-05
4.920000000 -5.675636753463e-04
4.930000000 -1.059823173470e-03
4.940000000 -1.347126242351e-03
4.950000000 -1.411672255634e-03
4.960000000 -1.278930541571e-03
4.970000000 -1.009635979053e-03
4.980000000 -6.857930942461e-04
4.990000000 -3.996500966988e-04
5.000000000 -2.305593701769e-04
5.010000000 -2.234243507061e-04
5.020000000 -3.788398363331e-04
5.030000000 -6.487790530918e-04
5.040000000 -9.470194840288e-04
5.050000000 -1.168703965649e-03
5.060000000 -1.208759582373e-03
5.070000000 -9.956981146044e-04
5.080000000 -5.152723005552e-04
5.090000000 1.679677842617e-04
5.100000000 9.329744371550e-04
5.110000000 1.635791598254e-03
5.120000000 2.160980752497e-03
5.130000000 2.453361946299e-03
5.140000000 2.525206892676e-03
5.150000000 2.433272196230e-03
5.160000000 2.250856486347e-03
5.170000000 2.037506336276e-03
5.180000000 1.827708190193e-03
5.190000000 1.637980058680e-03
5.200000000 1.481993723180e-03
5.210000000 1.380893940487e-03
5.220000000 1.362698035387e-03
5.230000000 1.442114771551e-03
5.240000000 1.608845856500e-03
5.250000000 1.826692410331e-03
5.260000000 2.044766847664e-03
5.270000000 2.215992868361e-03
5.280000000 2.308984852882e-03
5.290000000 2.325003921743e-03
5.300000000 2.293427289288e-03
5.310000000 2.260977767757e-03
5.320000000 2.270909147851e-03
5.330000000 2.350223476534e-03
5.340000000 2.498479228670e-03
5.350000000 2.684626065812e-03
5.360000000 2.856317395852e-03
5.370000000 2.944808541409e-03
5.380000000 2.881676424760e-03
5.390000000 2.610069289804e-03
5.400000000 2.100665326331e-03
5.410000000 1.368321726101e-03
5.420000000 4.832736160660e-04
5.430000000 -4.453986881439e-04
5.440000000 -1.299356360151e-03
5.450000000 -1.998550995560e-03
5.460000000 -2.521280805392e-03
5.470000000 -2.894570157467e-03
5.480000000 -3.168329995917e-03
5.490000000 -3.379616985767e-03
5.500000000 -3.538531696563e-03
5.510000000 -3.630452230640e-03
5.520000000 -3.631076771656e-03
5.530000000 -3.515143895720e-03
5.540000000 -3.273914688039e-03
5.550000000 -2.923215735871e-03
5.560000000 -2.514280038665e-03
5.570000000 -2.125540047373e-03
5.580000000 -1.835668312164e-03
5.590000000 -1.691537732351e-03
5.600000000 -1.685436684448e-03
5.610000000 -1.760408314847e-03
5.620000000 -1.835834877128e-03
5.630000000 -1.848064367111e-03
5.640000000 -1.778544018786e-03
5.650000000 -1.654934497770e-03
5.660000000 -1.525773865425e-03
5.670000000 -1.421802090080e-03
5.680000000 -1.332657372709e-03
5.690000000 -1.227232852054e-03
5.700000000 -1.088739143378e-03
5.710000000 -9.425835121829e-04
5.720000000 -8.476316595622e-04
5.730000000 -8.619468913782e-04
5.740000000 -1.010766284739e-03
5.750000000 -1.271323108668e-03
5.760000000 -1.581464594504e-03
5.770000000 -1.859779688941e-03
5.780000000 -2.036715763527e-03
5.790000000 -2.065818262871e-03
5.800000000 -1.928675762632e-03
5.810000000 -1.626413376327e-03
5.820000000 -1.181444085222e-03
5.830000000 -6.488916655181e-04
5.840000000 -1.232065488510e-04
5.850000000 2.809986941155e-04
5.860000000 4.743729972258e-04
5.870000000 4.344002135662e-04
5.880000000 2.217132075348e-04
5.890000000 -4.698826273330e-05
5.900000000 -2.509701310129e-04
5.910000000 -3.110341637522e-04
5.920000000 -2.088298812636e-04
5.930000000 3.059254153432e-05
5.940000000 3.603524530200e-04
5.950000000 7.277216885051e-04
5.960000000 1.073666585582e-03
5.970000000 1.328827932476e-03
5.980000000 1.425799140031e-03
5.990000000 1.320469006896e-03
6.000000000 1.023004435566e-03
6.010000000 5.993687839877e-04
6.020000000 1.460103550901e-04
6.030000000 -2.534053614907e-04
6.040000000 -5.565726609067e-04
6.050000000 -7.543851113631e-04
6.060000000 -8.425289670343e-04
6.070000000 -8.094208595178e-04
6.080000000 -6.446374261033e-04
6.090000000 -3.571909968009e-04
6.100000000 1.077070810382e-05
6.110000000 3.849315294920e-04
6.120000000 6.842957889446e-04
6.130000000 8.481057706033e-04
6.140000000 8.551558099169e-04
6.150000000 7.223558845286e-04
6.160000000 4.848367466717e-04
6.170000000 1.826192062777e-04
6.180000000 -1.383261475449e-04
6.190000000 -4.096170812639e-04
6.200000000 -5.437348916575e-04
6.210000000 -4.637013517679e-04
6.220000000 -1.503482915334e-04
6.230000000 3.434765120408e-04
6.240000000 9.065873033882e-04
6.250000000 1.425062517525e-03
6.260000000 1.820506117620e-03
6.270000000 2.061673519820e-03
6.280000000 2.148723447758e-03
6.290000000 2.087836065859e-03
6.300000000 1.882316607300e-03
6.310000000 1.546423207242e-03
6.320000000 1.126318831358e-03
6.330000000 7.119332381432e-04
6.340000000 4.226388567373e-04
6.350000000 3.602835155829e-04
6.360000000 5.658283699088e-04
6.370000000 9.937413328837e-04
6.380000000 1.525422068598e-03
6.390000000 2.005849620344e-03
6.400000000 2.291125788322e-03
6.410000000 2.295871195526e-03
6.420000000 2.026439179277e-03
6.430000000 1.586605571915e-03
6.440000000 1.131232294078e-03
6.450000000 7.984107892995e-04
6.460000000 6.506387755703e-04
6.470000000 6.556454426012e-04
6.480000000 7.060814073667e-04
6.490000000 6.726741401628e-04
6.500000000 4.513719304591e-04
6.510000000 4.047338365567e-07
6.520000000 -6.609151328354e-04
6.530000000 -1.471490264225e-03
6.540000000 -2.359825138128e-03
6.550000000 -3.268405851619e-03
6.560000000 -4.158099120408e-03
6.570000000 -5.005834409719e-03
6.580000000 -5.781315395631e-03
6.590000000 -6.432715557483e-03
6.600000000 -6.885867877187e-03
6.610000000 -7.067032764210e-03
6.620000000 -6.930860266157e-03
6.630000000 -6.476847800564e-03
6.640000000 -5.759893039009e-03
6.650000000 -4.881384961278e-03
6.660000000 -3.978899758213e-03
6.670000000 -3.192713846898e-03
6.680000000 -2.630979410265e-03
6.690000000 -2.328459012095e-03
6.700000000 -2.240085620438e-03
6.710000000 -2.257130661964e-03
6.720000000 -2.247685726655e-03
6.730000000 -2.101079575895e-03
6.740000000 -1.769561673647e-03
6.750000000 -1.292825279367e-03
6.760000000 -7.923533400887e-04
6.770000000 -4.206852692774e-04
6.780000000 -2.967427137895e-04
6.790000000 -4.580210970083e-04
6.800000000 -8.524733332562e-04
6.810000000 -1.375804584775e-03
6.820000000 -1.926346707857e-03
6.830000000 -2.434299346769e-03
6.840000000 -2.857763385171e-03
6.850000000 -3.153218305278e-03
6.860000000 -3.255300620693e-03
6.870000000 -3.097323057018e-03
6.880000000 -2.663435816078e-03
6.890000000 -2.026608363535e-03
6.900000000 -1.329892416352e-03
6.910000000 -7.240023623119e-04
6.920000000 -3.048728798511e-04
6.930000000 -9.011498466170e-05
6.940000000 -2.876061506330e-05
6.950000000 -2.535277145545e-05
6.960000000 3.712210544106e-05
6.970000000 2.779290921777e-04
6.980000000 7.893013841136e-04
6.990000000 1.600458822039e-03
7.000000000 2.650602211197e-03
7.010000000 3.786202779810e-03
7.020000000 4.801039770944e-03
7.030000000 5.500456432432e-03
7.040000000 5.761299054048e-03
7.050000000 5.570573026528e-03
7.060000000 5.026136098923e-03
7.070000000 4.302694098889e-03
7.080000000 3.596442981653e-03
7.090000000 3.054963455845e-03
7.100000000 2.734842772789e-03
7.110000000 2.600520813588e-03
7.120000000 2.565064899161e-03
7.130000000 2.546775194430e-03
7.140000000 2.500078629430e-03
7.150000000 2.415331802568e-03
7.160000000 2.299251903463e-03
7.170000000 2.149839129148e-03
7.180000000 1.949255252882e-03
7.190000000 1.673312342719e-03
7.200000000 1.307835747108e-03
7.210000000 8.557432351776e-04
7.220000000 3.391676861316e-04
7.230000000 -1.960688886898e-04
7.240000000 -6.758819390460e-04
7.250000000 -1.005924422046e-03
7.260000000 -1.104846496137e-03
7.270000000 -9.485248258104e-04
7.280000000 -5.862848456784e-04
7.290000000 -1.101375696642e-04
7.300000000 3.994819567482e-04
7.310000000 9.150345529688e-04
7.320000000 1.462945031450e-03
7.330000000 2.074670004565e-03
7.340000000 2.742438738394e-03
7.350000000 3.412293035257e-03
7.360000000 4.012733139183e-03
7.370000000 4.490886904761e-03
7.380000000 4.829638626887e-03
7.390000000 5.037960478486e-03
7.400000000 5.128684707242e-03
7.410000000 5.121152596804e-03
7.420000000 5.058352177479e-03
7.430000000 5.017208594675e-03
7.440000000 5.093309226552e-03
7.450000000 5.349521282140e-03
7.460000000 5.769072337976e-03
7.470000000 6.241413262888e-03
7.480000000 6.614527127016e-03
7.490000000 6.759836063107e-03
7.500000000 6.608696698970e-03
7.510000000 6.147066214572e-03
7.520000000 5.396601688927e-03
7.530000000 4.397282123673e-03
7.540000000 3.213747469501e-03
7.550000000 1.945123780867e-03
7.560000000 7.313549937752e-04
7.570000000 -2.631041863846e-04
7.580000000 -8.952944532565e-04
7.590000000 -1.091138856365e-03
7.600000000 -8.796984964328e-04
7.610000000 -3.885761221883e-04
7.620000000 1.918369763315e-04
7.630000000 6.493124817630e-04
7.640000000 7.985826021912e-04
7.650000000 5.293889149034e-04
7.660000000 -1.611091390316e-04
7.670000000 -1.162057007552e-03
7.680000000 -2.276122052360e-03
7.690000000 -3.272675705773e-03
7.700000000 -3.962218745566e-03
7.710000000 -4.266956260667e-03
7.720000000 -4.256497797460e-03
7.730000000 -4.100766421653e-03
7.740000000 -3.961964432875e-03
7.750000000 -3.901602279409e-03
7.760000000 -3.881825197777e-03
7.770000000 -3.848983904770e-03
7.780000000 -3.816455962441e-03
7.790000000 -3.871428229682e-03
7.800000000 -4.096583206200e-03
7.810000000 -4.488917047419e-03
7.820000000 -4.939269252065e-03
7.830000000 -5.293436200089e-03
7.840000000 -5.435612833655e-03
7.850000000 -5.322156375113e-03
7.860000000 -4.972327351810e-03
7.870000000 -4.431986120006e-03
7.880000000 -3.763909774969e-03
7.890000000 -3.043728919205e-03
7.900000000 -2.356068593375e-03
7.910000000 -1.758149458882e-03
7.920000000 -1.252026789135e-03
7.930000000 -7.823735364313e-04
7.940000000 -2.668457075622e-04
7.950000000 3.540822310734e-04
7.960000000 1.083054361552e-03
7.970000000 1.862242892899e-03
7.980000000 2.589866080549e-03
7.990000000 3.147898002628e-03
8.000000000 3.419784043684e-03
8.010000000 3.319440641100e-03
8.020000000 2.826771874586e-03
8.030000000 2.022285978448e-03
8.040000000 1.089582493491e-03
8.050000000 2.694141529009e-04
8.060000000 -2.128900336328e-04
8.070000000 -2.130560642448e-04
8.080000000 3.015201374930e-04
8.090000000 1.254165988723e-03
8.100000000 2.471268267377e-03
8.110000000 3.712810850048e-03
8.120000000 4.711935433988e-03
8.130000000 5.250301688672e-03
8.140000000 5.229550070684e-03
8.150000000 4.682428624159e-03
8.160000000 3.729917225984e-03
8.170000000 2.500515779701e-03
8.180000000 1.091382636598e-03
8.190000000 -4.060474985785e-04
8.200000000 -1.870153715638e-03
8.210000000 -3.133147139558e-03
8.220000000 -4.027718507738e-03
8.230000000 -4.447226312841e-03
8.240000000 -4.389105557821e-03
8.250000000 -3.941902272416e-03
8.260000000 -3.237012161874e-03
8.270000000 -2.410367396313e-03
8.280000000 -1.580421560628e-03
8.290000000 -8.537055204590e-04
8.300000000 -3.177725144963e-04
8.310000000 -2.009193059167e-05
8.320000000 4.268399788763e-05
8.330000000 -8.694197920679e-05
8.340000000 -3.559738131063e-04
8.350000000 -7.251610347438e-04
8.360000000 -1.181815653393e-03
8.370000000 -1.727476500632e-03
8.380000000 -2.365552968055e-03
8.390000000 -3.092992858057e-03
8.400000000 -3.891228120216e-03
8.410000000 -4.731854985495e-03
8.420000000 -5.573545166893e-03
8.430000000 -6.342606429005e-03
8.440000000 -6.919998843223e-03
8.450000000 -7.160083341622e-03
8.460000000 -6.949962788537e-03
8.470000000 -6.274679993997e-03
8.480000000 -5.247053596751e-03
8.490000000 -4.074902976491e-03
8.500000000 -2.985160816388e-03
8.510000000 -2.149847956898e-03
8.520000000 -1.644441847486e-03
8.530000000 -1.444045904424e-03
8.540000000 -1.445201831345e-03
8.550000000 -1.498380660461e-03
8.560000000 -1.442994396094e-03
8.570000000 -1.142399334551e-03
8.580000000 -5.265137310166e-04
8.590000000 3.747114624959e-04
8.600000000 1.430113845359e-03
8.610000000 2.451350138871e-03
8.620000000 3.275709956921e-03
8.630000000 3.828577041061e-03
8.640000000 4.141711758267e-03
8.650000000 4.317839745448e-03
8.660000000 4.472226707437e-03
8.670000000 4.679698551971e-03
8.680000000 4.940170633743e-03
8.690000000 5.178195077943e-03
8.700000000 5.275350827128e-03
8.710000000 5.121838353455e-03
8.720000000 4.672869808606e-03
8.730000000 3.973835258031e-03
8.740000000 3.154785349485e-03
8.750000000 2.380943468915e-03
8.760000000 1.794893321063e-03
8.770000000 1.465453538927e-03
8.780000000 1.379936991453e-03
8.790000000 1.459761807101e-03
8.800000000 1.604910893802e-03
8.810000000 1.749209010349e-03
8.820000000 1.900789780502e-03
8.830000000 2.140434375656e-03
8.840000000 2.574334137977e-03
8.850000000 3.271351018701e-03
8.860000000 4.208438473559e-03
8.870000000 5.269016939598e-03
8.880000000 6.250228845207e-03
8.890000000 6.900233277809e-03
8.900000000 6.978326616498e-03
8.910000000 6.341744090245e-03
8.920000000 5.013839834811e-03
8.930000000 3.189084994427e-03
8.940000000 1.167892223068e-03
8.950000000 -7.374938064202e-04
8.960000000 -2.272360070202e-03
8.970000000 -3.274942456867e-03
8.980000000 -3.679342555932e-03
8.990000000 -3.510290057347e-03
9.000000000 -2.878142655860e-03
9.010000000 -1.972062037571e-03
9.020000000 -1.036063280600e-03
9.030000000 -3.233688998890e-04
9.040000000 -2.909619797107e-05
9.050000000 -2.468071178664e-04
9.060000000 -9.441727606165e-04
9.070000000 -1.983122624649e-03
9.080000000 -3.134824579122e-03
9.090000000 -4.120940343314e-03
9.100000000 -4.674701156311e-03
9.110000000 -4.631452885754e-03
9.120000000 -3.996310648787e-03
9.130000000 -2.938461009909e-03
9.140000000 -1.716734796065e-03
9.150000000 -5.741144499033e-04
9.160000000 3.286321367671e-04
9.170000000 9.210372870697e-04
9.180000000 1.186497090267e-03
9.190000000 1.122059664065e-03
9.200000000 7.198259056807e-04
9.210000000 -1.648490264182e-05
9.220000000 -1.041344606031e-03
9.230000000 -2.238806611499e-03
9.240000000 -3.431075199036e-03
9.250000000 -4.419179841472e-03
9.260000000 -5.047561878157e-03
9.270000000 -5.256615274531e-03
9.280000000 -5.111902294948e-03
9.290000000 -4.790584623306e-03
9.300000000 -4.527425042857e-03
9.310000000 -4.526391556671e-03
9.320000000 -4.871196791888e-03
9.330000000 -5.475271382805e-03
9.340000000 -6.106172362429e-03
9.350000000 -6.470482208120e-03
9.360000000 -6.319797233146e-03
9.370000000 -5.527999646150e-03
9.380000000 -4.131745390834e-03
9.390000000 -2.324611322015e-03
9.400000000 -4.143918158237e-04
9.410000000 1.244137246250e-03
9.420000000 2.345742747831e-03
9.430000000 2.704228116991e-03
9.440000000 2.278185004015e-03
9.450000000 1.150255545012e-03
9.460000000 -5.050944434586e-04
9.470000000 -2.440652936120e-03
9.480000000 -4.349311068141e-03
9.490000000 -5.901816746749e-03
9.500000000 -6.814020886281e-03
9.510000000 -6.914179389340e-03
9.520000000 -6.175468276469e-03
9.530000000 -4.702154219338e-03
9.540000000 -2.707283518043e-03
9.550000000 -4.818671113805e-04
9.560000000 1.630236553198e-03
9.570000000 3.282348232948e-03
9.580000000 4.191976976440e-03
9.590000000 4.215126658195e-03
9.600000000 3.389534790547e-03
9.610000000 1.919290215922e-03
9.620000000 1.081186296102e-04
9.630000000 -1.727445252617e-03
9.640000000 -3.317031463265e-03
9.650000000 -4.448495359781e-03
9.660000000 -4.965006941494e-03
9.670000000 -4.778639500764e-03
9.680000000 -3.909130902083e-03
9.690000000 -2.502894945677e-03
9.700000000 -7.968187661529e-04
9.710000000 9.676720521352e-04
9.720000000 2.622387944001e-03
9.730000000 4.093727765705e-03
9.740000000 5.364081754953e-03
9.750000000 6.424213407043e-03
9.760000000 7.246387325318e-03
9.770000000 7.789817178517e-03
9.780000000 8.028485155607e-03
9.790000000 7.965549285889e-03
9.800000000 7.633980616381e-03
9.810000000 7.079674994909e-03
9.820000000 6.347188350948e-03
9.830000000 5.476843069000e-03
9.840000000 4.502149727927e-03
9.850000000 3.453982638287e-03
9.860000000 2.348700568240e-03
9.870000000 1.188837213764e-03
9.880000000 -1.842025426375e-05
9.890000000 -1.229296185319e-03
9.900000000 -2.339964991272e-03
9.910000000 -3.193534226615e-03
9.920000000 -3.630655865562e-03
9.930000000 -3.555921087997e-03
9.940000000 -2.978591988996e-03
9.950000000 -1.994391711591e-03
9.960000000 -7.365078418361e-04
9.970000000 6.513365527069e-04
9.980000000 2.012236903614e-03
9.990000000 3.161800123352e-03
10.000000000 3.913203763809e-03
10.010000000 4.145430934439e-03
10.020000000 3.855556782992e-03
10.030000000 3.178673237390e-03
10.040000000 2.352303965213e-03
10.050000000 1.659409614136e-03
10.060000000 1.360865894737e-03
10.070000000 1.611059633929e-03
10.080000000 2.400733211590e-03
10.090000000 3.540554579659e-03
10.100000000 4.720871089616e-03
10.110000000 5.604385746377e-03
10.120000000 5.906440067536e-03
10.130000000 5.448910080131e-03
10.140000000 4.176231900558e-03
10.150000000 2.154704629653e-03
10.160000000 -4.393054900066e-04
10.170000000 -3.348714932648e-03
10.180000000 -6.276118739796e-03
10.190000000 -8.912115043791e-03
10.200000000 -1.096316859078e-02
10.210000000 -1.216383130501e-02
10.220000000 -1.231399717148e-02
10.230000000 -1.132968418266e-02
10.240000000 -9.295294673555e-03
10.250000000 -6.490998079351e-03
10.260000000 -3.356852887087e-03
10.270000000 -4.100653397020e-04
10.280000000 1.876298766826e-03
10.290000000 3.193970513060e-03
10.300000000 3.490082687297e-03
10.310000000 2.977764210761e-03
10.320000000 2.061580114989e-03
10.330000000 1.193768239101e-03
10.340000000 7.222506872135e-04
10.350000000 7.848311803310e-04
10.360000000 1.276956677826e-03
10.370000000 1.903609416918e-03
10.380000000 2.298172269521e-03
10.390000000 2.168647083119e-03
10.400000000 1.416651560176e-03
10.410000000 1.727818408122e-04
10.420000000 -1.275224821599e-03
10.430000000 -2.617100552989e-03
10.440000000 -3.651776278967e-03
10.450000000 -4.348472843265e-03
10.460000000 -4.803152541177e-03
10.470000000 -5.131450112523e-03
10.480000000 -5.366041759446e-03
10.490000000 -5.432288215939e-03
10.500000000 -5.202512336859e-03
10.510000000 -4.581921376866e-03
10.520000000 -3.570751940289e-03
10.530000000 -2.279068357081e-03
10.540000000 -8.914958004001e-04
10.550000000 3.901284710741e-04
10.560000000 1.414212410580e-03
10.570000000 2.135697579880e-03
10.580000000 2.647838703545e-03
10.590000000 3.154953696731e-03
10.600000000 3.895007696685e-03
10.610000000 5.022082194735e-03
10.620000000 6.509052090410e-03
10.630000000 8.130177724276e-03
10.640000000 9.527794358994e-03
10.650000000 1.033891037074e-02
10.660000000 1.030553723319e-02
10.670000000 9.339415823675e-03
10.680000000 7.520933108768e-03
10.690000000 5.060871636671e-03
10.700000000 2.244332042841e-03
10.710000000 -5.993011133383e-04
10.720000000 -3.126303247251e-03
10.730000000 -5.013836340044e-03
10.740000000 -6.014234683791e-03
10.750000000 -6.020824527395e-03
10.760000000 -5.100728497356e-03
10.770000000 -3.491652142684e-03
10.780000000 -1.557701012557e-03
10.790000000 2.766052281534e-04
10.800000000 1.628654298554e-03
10.810000000 2.264853341335e-03
10.820000000 2.181549355114e-03
10.830000000 1.598938480555e-03
10.840000000 8.826112257519e-04
10.850000000 4.113728707535e-04
10.860000000 4.606348929228e-04
10.870000000 1.117331012501e-03
10.880000000 2.260041437100e-03
10.890000000 3.600571161002e-03
10.900000000 4.769710695759e-03
10.910000000 5.424890024649e-03
10.920000000 5.325480312837e-03
10.930000000 4.368153277371e-03
10.940000000 2.595450922032e-03
10.950000000 1.839110026363e-04
10.960000000 -2.569256057292e-03
10.970000000 -5.279265634204e-03
10.980000000 -7.539760158286e-03
10.990000000 -9.018994965728e-03
11.000000000 -9.569166816753e-03
11.010000000 -9.280534480308e-03
11.020000000 -8.446945349549e-03
11.030000000 -7.435762790406e-03
11.040000000 -6.534385739991e-03
11.050000000 -5.859317466411e-03
11.060000000 -5.356480247602e-03
11.070000000 -4.885354813923e-03
11.080000000 -4.313783631668e-03
11.090000000 -3.579331807313e-03
11.100000000 -2.690587599535e-03
11.110000000 -1.678170809904e-03
11.120000000 -5.413777455957e-04
11.130000000 7.771977490735e-04
11.140000000 2.354540024699e-03
11.150000000 4.235599343731e-03
11.160000000 6.376830079953e-03
11.170000000 8.626232044525e-03
11.180000000 1.072668830363e-02
11.190000000 1.235734107104e-02
11.200000000 1.321285628511e-02
11.210000000 1.310572949428e-02
11.220000000 1.206101972973e-02
11.230000000 1.033919369227e-02
11.240000000 8.368299814633e-03
11.250000000 6.599867285661e-03
11.260000000 5.330861906240e-03
11.270000000 4.606967473885e-03
11.280000000 4.243591724049e-03
11.290000000 3.968941692138e-03
11.300000000 3.578224852497e-03
11.310000000 3.013926310488e-03
11.320000000 2.331892672542e-03
11.330000000 1.614051246491e-03
11.340000000 9.013683679741e-04
11.350000000 1.883975570747e-04
11.360000000 -5.385085957848e-04
11.370000000 -1.275103672157e-03
11.380000000 -2.014542004652e-03
11.390000000 -2.782314260442e-03
11.400000000 -3.633878692413e-03
11.410000000 -4.600932394259e-03
11.420000000 -5.628003115158e-03
11.430000000 -6.553009873851e-03
11.440000000 -7.168891287668e-03
11.450000000 -7.306679660284e-03
11.460000000 -6.902973944252e-03
11.470000000 -6.015785951082e-03
11.480000000 -4.807779321778e-03
11.490000000 -3.499749040393e-03
11.500000000 -2.309498299569e-03
11.510000000 -1.394727280867e-03
11.520000000 -8.222596741916e-04
11.530000000 -5.698418307286e-04
11.540000000 -5.544040278415e-04
11.550000000 -6.766612440426e-04
11.560000000 -8.591557033593e-04
11.570000000 -1.075214484746e-03
11.580000000 -1.347301748467e-03
11.590000000 -1.723204280422e-03
11.600000000 -2.232008222701e-03
11.610000000 -2.858848931911e-03
11.620000000 -3.541710465237e-03
11.630000000 -4.192108991464e-03
11.640000000 -4.712293347545e-03
11.650000000 -5.004634941553e-03
11.660000000 -4.982539574282e-03
11.670000000 -4.584116355903e-03
11.680000000 -3.804576948234e-03
11.690000000 -2.721228452072e-03
11.700000000 -1.498847420154e-03
11.710000000 -3.479661180871e-04
11.720000000 5.459399976047e-04
11.730000000 1.088940935275e-03
11.740000000 1.295881700813e-03
11.750000000 1.259677754167e-03
11.760000000 1.097546933365e-03
11.770000000 9.176304565583e-04
11.780000000 7.985943195245e-04
11.790000000 7.735901333487e-04
11.800000000 8.235870265437e-04
11.810000000 8.876974682245e-04
11.820000000 8.993486881906e-04
11.830000000 8.289255693856e-04
11.840000000 7.026260064153e-04
11.850000000 5.912614418430e-04
11.860000000 5.692516125224e-04
11.870000000 6.651645592428e-04
11.880000000 8.399699753478e-04
11.890000000 1.006497709443e-03
11.900000000 1.086131752509e-03
11.910000000 1.063839890071e-03
11.920000000 1.002786329703e-03
11.930000000 1.020924227871e-03
11.940000000 1.236855060434e-03
11.950000000 1.710942418275e-03
11.960000000 2.409172134721e-03
11.970000000 3.209223469963e-03
11.980000000 3.950630693294e-03
11.990000000 4.497181100461e-03
12.000000000 4.773178903996e-03
12.010000000 4.776267705392e-03
12.020000000 4.567586150651e-03
12.030000000 4.253152874468e-03
12.040000000 3.964031252520e-03
12.050000000 3.822819924985e-03
12.060000000 3.905248000269e-03
12.070000000 4.195498493999e-03
12.080000000 4.559580339406e-03
12.090000000 4.769525358594e-03
12.100000000 4.591772704697e-03
12.110000000 3.884287257885e-03
12.120000000 2.650725105508e-03
12.130000000 1.001967876790e-03
12.140000000 -9.030479579793e-04
12.150000000 -2.887546683568e-03
12.160000000 -4.755987437317e-03
12.170000000 -6.300381750244e-03
12.180000000 -7.351589037754e-03
12.190000000 -7.839678931840e-03
12.200000000 -7.832322935637e-03
12.210000000 -7.530744997118e-03
12.220000000 -7.232403726923e-03
12.230000000 -7.255565131129e-03
12.240000000 -7.849956093614e-03
12.250000000 -9.101395100907e-03
12.260000000 -1.089421042364e-02
12.270000000 -1.293648615325e-02
12.280000000 -1.483046337669e-02
12.290000000 -1.617722945075e-02
12.300000000 -1.667813765080e-02
12.310000000 -1.621834873975e-02
12.320000000 -1.489815805387e-02
12.330000000 -1.299550187429e-02
12.340000000 -1.087462063892e-02
12.350000000 -8.865565126446e-03
12.360000000 -7.171702933016e-03
12.370000000 -5.822340155403e-03
12.380000000 -4.696547907721e-03
12.390000000 -3.615913700985e-03
12.400000000 -2.441639301344e-03
12.410000000 -1.136010323993e-03
12.420000000 2.330048844512e-04
12.430000000 1.541280745187e-03
12.440000000 2.660387961073e-03
12.450000000 3.500951673395e-03
12.460000000 4.013497439898e-03
12.470000000 4.159654289550e-03
12.480000000 3.893263973047e-03
12.490000000 3.182257038820e-03
12.500000000 2.078154747254e-03
12.510000000 7.661238653061e-04
12.520000000 -4.448181545965e-04
12.530000000 -1.217474485963e-03
12.540000000 -1.306264336888e-03
12.550000000 -6.563274149433e-04
12.560000000 5.791213020485e-04
12.570000000 2.113720853505e-03
12.580000000 3.634273699936e-03
12.590000000 4.893615568783e-03
12.600000000 5.739132076589e-03
12.610000000 6.107849588715e-03
12.620000000 6.009329117647e-03
12.630000000 5.512204772099e-03
12.640000000 4.727286249407e-03
12.650000000 3.785306561811e-03
12.660000000 2.820569542783e-03
12.670000000 1.944080327956e-03
12.680000000 1.223400366819e-03
12.690000000 6.759562709024e-04
12.700000000 2.913500609242e-04
12.710000000 5.707790735093e-05
12.720000000 -3.798907169844e-05
12.730000000 -1.519161531765e-05
12.740000000 7.383291864523e-05
12.750000000 1.511669147919e-04
12.760000000 1.246394522923e-04
12.770000000 -8.007046426858e-05
12.780000000 -4.792533469295e-04
12.790000000 -9.995395927983e-04
12.800000000 -1.499467913281e-03
12.810000000 -1.840976583641e-03
12.820000000 -1.950072420449e-03
12.830000000 -1.832713338200e-03
12.840000000 -1.544378180874e-03
12.850000000 -1.171598468412e-03
12.860000000 -8.246072966308e-04
12.870000000 -6.107352829463e-04
12.880000000 -5.813508101744e-04
12.890000000 -6.730343593368e-04
12.900000000 -7.077451905230e-04
12.910000000 -4.556340919754e-04
12.920000000 2.469577836648e-04
12.930000000 1.397389462113e-03
12.940000000 2.780385517623e-03
12.950000000 4.037750563436e-03
12.960000000 4.814656137120e-03
12.970000000 4.898457987295e-03
12.980000000 4.288369015714e-03
12.990000000 3.152769607661e-03
13.000000000 1.738213004905e-03
13.010000000 2.977898871726e-04
13.020000000 -9.352535397646e-04
13.030000000 -1.754136331309e-03
13.040000000 -2.011439015201e-03
13.050000000 -1.680946728403e-03
13.060000000 -9.097530871035e-04
13.070000000 8.394719771103e-06
13.080000000 7.419574387874e-04
13.090000000 1.072415536209e-03
13.100000000 9.852061704061e-04
13.110000000 6.443415706260e-04
13.120000000 2.787302169532e-04
13.130000000 5.309719023261e-05
13.140000000 1.999393525712e-05
13.150000000 1.391854114990e-04
13.160000000 3.281986910463e-04
13.170000000 4.942087234500e-04
13.180000000 5.449694333085e-04
13.190000000 4.128465753030e-04
13.200000000 7.725217708284e-05
13.210000000 -4.199415681506e-04
13.220000000 -9.911159832119e-04
13.230000000 -1.545513418631e-03
13.240000000 -2.026094319806e-03
13.250000000 -2.404574072461e-03
13.260000000 -2.654213432199e-03
13.270000000 -2.732300978913e-03
13.280000000 -2.595261060254e-03
13.290000000 -2.243835679160e-03
13.300000000 -1.739981040246e-03
13.310000000 -1.172472096347e-03
13.320000000 -5.936235015378e-04
13.330000000 1.466299537171e-05
13.340000000 7.049531550905e-04
13.350000000 1.483664951049e-03
13.360000000 2.246930681604e-03
13.370000000 2.782212795581e-03
13.380000000 2.836379757140e-03
13.390000000 2.225798151415e-03
13.400000000 9.356588527465e-04
13.410000000 -8.334909682095e-04
13.420000000 -2.697344598674e-03
13.430000000 -4.198510669858e-03
13.440000000 -4.960219701226e-03
13.450000000 -4.817444393081e-03
13.460000000 -3.874271645056e-03
13.470000000 -2.455509075216e-03
13.480000000 -9.669223796915e-04
13.490000000 2.634463351116e-04
13.500000000 1.104209767444e-03
13.510000000 1.630974333395e-03
13.520000000 2.027894540043e-03
13.530000000 2.441512717995e-03
13.540000000 2.871859041757e-03
13.550000000 3.176231667764e-03
13.560000000 3.169260304455e-03
13.570000000 2.743389415004e-03
13.580000000 1.930275494524e-03
13.590000000 8.892618106283e-04
13.600000000 -1.595258867954e-04
13.610000000 -9.978638551024e-04
13.620000000 -1.448523450249e-03
13.630000000 -1.399547035199e-03
13.640000000 -8.162378512861e-04
13.650000000 2.343580034125e-04
13.660000000 1.579707362306e-03
13.670000000 2.970020299261e-03
13.680000000 4.134187850407e-03
13.690000000 4.839842156916e-03
13.700000000 4.932573227322e-03
13.710000000 4.364223070155e-03
13.720000000 3.206583344645e-03
13.730000000 1.655065973741e-03
13.740000000 -2.220370970843e-06
13.750000000 -1.444606391991e-03
13.760000000 -2.405134070365e-03
13.770000000 -2.737174486568e-03
13.780000000 -2.438015524844e-03
13.790000000 -1.624482564205e-03
13.800000000 -4.570179624381e-04
13.810000000 9.332432845886e-04
13.820000000 2.481521840704e-03
13.830000000 4.168941800966e-03
13.840000000 5.968747085826e-03
13.850000000 7.807053454368e-03
13.860000000 9.544540117316e-03
13.870000000 1.100603948016e-02
13.880000000 1.202937365010e-02
13.890000000 1.251451531437e-02
13.900000000 1.243690856823e-02
13.910000000 1.183390587295e-02
13.920000000 1.076923714232e-02
13.930000000 9.324193620337e-03
13.940000000 7.600522965410e-03
13.950000000 5.719837864655e-03
13.960000000 3.799015893386e-03
13.970000000 1.915666168651e-03
13.980000000 1.059912731442e-04
13.990000000 -1.618991465129e-03
14.000000000 -3.248979228657e-03
14.010000000 -4.767819726078e-03
14.020000000 -6.147815375070e-03
14.030000000 -7.353384807354e-03
14.040000000 -8.338069371934e-03
14.050000000 -9.054864855544e-03
14.060000000 -9.480348166771e-03
14.070000000 -9.626190827768e-03
14.080000000 -9.541347578734e-03
14.090000000 -9.279818246585e-03
14.100000000 -8.863262794904e-03
14.110000000 -8.254290702860e-03
14.120000000 -7.344872224606e-03
14.130000000 -5.996144300875e-03
14.140000000 -4.116659705280e-03
14.150000000 -1.763055680802e-03
14.160000000 8.057647246169e-04
14.170000000 3.170412514526e-03
14.180000000 4.872880961177e-03
14.190000000 5.575229314554e-03
14.200000000 5.171063750127e-03
14.210000000 3.807655848173e-03
14.220000000 1.828014828642e-03
14.230000000 -3.484325783992e-04
14.240000000 -2.330502337238e-03
14.250000000 -3.835990423082e-03
14.260000000 -4.717347309058e-03
14.270000000 -4.957157890830e-03
14.280000000 -4.647592941345e-03
14.290000000 -3.939384356542e-03
14.300000000 -2.988209758364e-03
14.310000000 -1.902238868470e-03
14.320000000 -7.309381522069e-04
14.330000000 4.959718413289e-04
14.340000000 1.717790239975e-03
14.350000000 2.816504541921e-03
14.360000000 3.630767247622e-03
14.370000000 4.011403326554e-03
14.380000000 3.874996072450e-03
14.390000000 3.243250578258e-03
14.400000000 2.248828860819e-03
14.410000000 1.103365990672e-03
14.420000000 3.640978316249e-05
14.430000000 -7.541691556299e-04
14.440000000 -1.136256071030e-03
14.450000000 -1.065566467038e-03
14.460000000 -6.041913843793e-04
14.470000000 7.823694334169e-05
14.480000000 7.412478862293e-04
14.490000000 1.157607583397e-03
14.500000000 1.188888394216e-03
14.510000000 8.174865344416e-04
14.520000000 1.298144703865e-04
14.530000000 -7.258472300843e-04
14.540000000 -1.587822093182e-03
14.550000000 -2.315517128793e-03
14.560000000 -2.823369401611e-03
14.570000000 -3.090844844677e-03
14.580000000 -3.153308953571e-03
14.590000000 -3.077782301393e-03
14.600000000 -2.933067753723e-03
14.610000000 -2.757457381889e-03
14.620000000 -2.548086853177e-03
14.630000000 -2.269735235986e-03
14.640000000 -1.870391277290e-03
14.650000000 -1.299328637874e-03
14.660000000 -5.253719569183e-04
14.670000000 4.483010185987e-04
14.680000000 1.565662438046e-03
14.690000000 2.730062219046e-03
14.700000000 3.837341079709e-03
14.710000000 4.818089534904e-03
14.720000000 5.650517954336e-03
14.730000000 6.343198633394e-03
14.740000000 6.904734509829e-03
14.750000000 7.324025056562e-03
14.760000000 7.564024058329e-03
14.770000000 7.566956387092e-03
14.780000000 7.278520710541e-03
14.790000000 6.678268842589e-03
14.800000000 5.807594202545e-03
14.810000000 4.773777511255e-03
14.820000000 3.730060431212e-03
14.830000000 2.820302578956e-03
14.840000000 2.118774269661e-03
14.850000000 1.598512608411e-03
14.860000000 1.160697808394e-03
14.870000000 7.000868950179e-04
14.880000000 1.808703219087e-04
14.890000000 -3.491767331464e-04
14.900000000 -8.009197589915e-04
14.910000000 -1.100875035797e-03
14.920000000 -1.218809017454e-03
14.930000000 -1.150738347475e-03
14.940000000 -9.088654968681e-04
14.950000000 -5.257137051745e-04
14.960000000 -6.377172831799e-05
14.970000000 3.995674161530e-04
14.980000000 8.005327174372e-04
14.990000000 1.111855320075e-03
15.000000000 1.317346477061e-03
15.010000000 1.388692666799e-03
15.020000000 1.269431666040e-03
15.030000000 9.068143705406e-04
15.040000000 2.852652968520e-04
15.050000000 -5.504200561100e-04
15.060000000 -1.508584171161e-03
15.070000000 -2.479438595212e-03
15.080000000 -3.356051692938e-03
15.090000000 -4.045393684381e-03
15.100000000 -4.461765206628e-03
15.110000000 -4.523178876474e-03
15.120000000 -4.163005895537e-03
15.130000000 -3.364923860104e-03
15.140000000 -2.206004345762e-03
15.150000000 -8.651914400273e-04
15.160000000 4.282472584280e-04
15.170000000 1.478395828602e-03
15.180000000 2.179563306267e-03
15.190000000 2.516568157456e-03
15.200000000 2.510537188750e-03
15.210000000 2.179818981217e-03
15.220000000 1.535279591956e-03
15.230000000 6.122910490772e-04
15.240000000 -5.080437908037e-04
15.250000000 -1.691316774398e-03
15.260000000 -2.766749197853e-03
15.270000000 -3.563767187295e-03
15.280000000 -3.949224506057e-03
15.290000000 -3.851245030656e-03
15.300000000 -3.275167916835e-03
15.310000000 -2.309834023394e-03
15.320000000 -1.112084315608e-03
15.330000000 1.232960707461e-04
15.340000000 1.211672139533e-03
15.350000000 2.032690343465e-03
15.360000000 2.551892373787e-03
15.370000000 2.813019101938e-03
15.380000000 2.909148972092e-03
15.390000000 2.959446155325e-03
15.400000000 3.091473769951e-03
15.410000000 3.414699523996e-03
15.420000000 3.984889106823e-03
15.430000000 4.773934307373e-03
15.440000000 5.675175650323e-03
15.450000000 6.546673323583e-03
15.460000000 7.271980709236e-03
15.470000000 7.776558256815e-03
15.480000000 8.025799083792e-03
15.490000000 8.012514373785e-03
15.500000000 7.758613467315e-03
15.510000000 7.319050546406e-03
15.520000000 6.768518583635e-03
15.530000000 6.164267045363e-03
15.540000000 5.512922110763e-03
15.550000000 4.777366892809e-03
15.560000000 3.918974690624e-03
15.570000000 2.949329869141e-03
15.580000000 1.938542333258e-03
15.590000000 9.721800864154e-04
15.600000000 9.731921368025e-05
15.610000000 -6.953146339989e-04
15.620000000 -1.450329221854e-03
15.630000000 -2.209497613545e-03
15.640000000 -2.987900995323e-03
15.650000000 -3.760262278081e-03
15.660000000 -4.441169801937e-03
15.670000000 -4.883379797184e-03
15.680000000 -4.919844320882e-03
15.690000000 -4.436655160235e-03
15.700000000 -3.452648436838e-03
15.710000000 -2.139926419515e-03
15.720000000 -7.762442343760e-04
15.730000000 3.614020838468e-04
15.740000000 1.103723161851e-03
15.750000000 1.426071331731e-03
15.760000000 1.403306464710e-03
15.770000000 1.114033470827e-03
15.780000000 5.951802114119e-04
15.790000000 -1.212346439899e-04
15.800000000 -9.478304041216e-04
15.810000000 -1.711402953298e-03
15.820000000 -2.209092258554e-03
15.830000000 -2.300223461141e-03
15.840000000 -1.987082297175e-03
15.850000000 -1.424028884390e-03
15.860000000 -8.540445897642e-04
15.870000000 -4.999248741607e-04
15.880000000 -4.767111403008e-04
15.890000000 -7.700911516073e-04
15.900000000 -1.272259897919e-03
15.910000000 -1.848442780522e-03
15.920000000 -2.383989559987e-03
15.930000000 -2.800278923548e-03
15.940000000 -3.054060261632e-03
15.950000000 -3.123104462088e-03
15.960000000 -2.994297691138e-03
15.970000000 -2.643089967828e-03
15.980000000 -2.022962397324e-03
15.990000000 -1.068239720704e-03
16.000000000 2.818800640037e-04
16.010000000 2.041785525010e-03
16.020000000 4.129088554891e-03
16.030000000 6.335075691624e-03
16.040000000 8.352541556194e-03
16.050000000 9.867641155192e-03
16.060000000 1.068988739630e-02
16.070000000 1.084234474608e-02
16.080000000 1.053972357731e-02
16.090000000 1.006210319448e-02
16.100000000 9.585835909683e-03
16.110000000 9.089118249295e-03
16.120000000 8.387266564318e-03
16.130000000 7.273913124539e-03
16.140000000 5.661599447379e-03
16.150000000 3.660606076228e-03
16.160000000 1.545006580333e-03
16.170000000 -3.461471414391e-04
16.180000000 -1.721747053445e-03
16.190000000 -2.424034480970e-03
16.200000000 -2.460858509182e-03
16.210000000 -1.978995698790e-03
16.220000000 -1.200155034876e-03
16.230000000 -3.375318296252e-04
16.240000000 4.575338857978e-04
16.250000000 1.106547423655e-03
16.260000000 1.574523441845e-03
16.270000000 1.828617483264e-03
16.280000000 1.823422679316e-03
16.290000000 1.520072957812e-03
16.300000000 9.247125580093e-04
16.310000000 9.772425911435e-05
16.320000000 -8.578816606440e-04
16.330000000 -1.825677327365e-03
16.340000000 -2.716970087379e-03
16.350000000 -3.514022145897e-03
16.360000000 -4.290987924369e-03
16.370000000 -5.179127980667e-03
16.380000000 -6.275943416388e-03
16.390000000 -7.557080197092e-03
16.400000000 -8.847019148314e-03
16.410000000 -9.871538747069e-03
16.420000000 -1.034678663445e-02
16.430000000 -1.007422750523e-02
16.440000000 -9.010530412898e-03
16.450000000 -7.304193098003e-03
16.460000000 -5.256015524192e-03
16.470000000 -3.224964899818e-03
16.480000000 -1.509920104704e-03
16.490000000 -2.645791956196e-04
16.500000000 5.150778597248e-04
16.510000000 9.331341022045e-04
16.520000000 1.121012001133e-03
16.530000000 1.178739090356e-03
16.540000000 1.161547572825e-03
16.550000000 1.102115944839e-03
16.560000000 1.022523658290e-03
16.570000000 9.319632683429e-04
16.580000000 8.157405126048e-04
16.590000000 6.444090724190e-04
16.600000000 4.001538060696e-04
16.610000000 8.887809795741e-05
16.620000000 -2.608931017958e-04
16.630000000 -6.279554406622e-04
16.640000000 -1.009562462743e-03
16.650000000 -1.418368557701e-03
16.660000000 -1.848576608006e-03
16.670000000 -2.251840924722e-03
16.680000000 -2.541878917603e-03
16.690000000 -2.639715406585e-03
16.700000000 -2.522447313653e-03
16.710000000 -2.252353613469e-03
16.720000000 -1.954983210447e-03
16.730000000 -1.760374801045e-03
16.740000000 -1.743503217107e-03
16.750000000 -1.890505406404e-03
16.760000000 -2.110136263605e-03
16.770000000 -2.271247894766e-03
16.780000000 -2.248755292786e-03
16.790000000 -1.950517789236e-03
16.800000000 -1.337682772482e-03
16.810000000 -4.270852111796e-04
16.820000000 7.151195718920e-04
16.830000000 1.984626597381e-03
16.840000000 3.246920599888e-03
16.850000000 4.330902350238e-03
16.860000000 5.047191051481e-03
16.870000000 5.230197069608e-03
16.880000000 4.800257034247e-03
16.890000000 3.814051703642e-03
16.900000000 2.466342738984e-03
16.910000000 1.049898822923e-03
16.920000000 -1.263970385103e-04
16.930000000 -8.192057653747e-04
16.940000000 -9.075371308395e-04
16.950000000 -3.973588437902e-04
16.960000000 6.106704160687e-04
16.970000000 1.968838828512e-03
16.980000000 3.523355561261e-03
16.990000000 5.131849578385e-03
17.000000000 6.662101047111e-03
17.010000000 7.980239919760e-03
17.020000000 8.947262602881e-03
17.030000000 9.443951618984e-03
17.040000000 9.418779544709e-03
17.050000000 8.926581739613e-03
17.060000000 8.126217711212e-03
17.070000000 7.229201156145e-03
17.080000000 6.422600104666e-03
17.090000000 5.812727247927e-03
17.100000000 5.412455100616e-03
17.110000000 5.171452926870e-03
17.120000000 5.027685104249e-03
17.130000000 4.941494854344e-03
17.140000000 4.898692578714e-03
17.150000000 4.887122050096e-03
17.160000000 4.874676959990e-03
17.170000000 4.808260867037e-03
17.180000000 4.620197351027e-03
17.190000000 4.244670184730e-03
17.200000000 3.635118293693e-03
17.210000000 2.781525213564e-03
17.220000000 1.714918270940e-03
17.230000000 4.966200737223e-04
17.240000000 -7.915833634486e-04
17.250000000 -2.069591485276e-03
17.260000000 -3.273244819116e-03
17.270000000 -4.369150895543e-03
17.280000000 -5.347797757062e-03
17.290000000 -6.203510507133e-03
17.300000000 -6.908859545019e-03
17.310000000 -7.403787746643e-03
17.320000000 -7.607871653626e-03
17.330000000 -7.451702884968e-03
17.340000000 -6.909196241612e-03
17.350000000 -6.024268497507e-03
17.360000000 -4.925265783282e-03
17.370000000 -3.798740364624e-03
17.380000000 -2.835880432547e-03
17.390000000 -2.163239591359e-03
17.400000000 -1.805681341223e-03
17.410000000 -1.696156414561e-03
17.420000000 -1.726966420112e-03
17.430000000 -1.790903433829e-03
17.440000000 -1.812126392173e-03
17.450000000 -1.759339302484e-03
17.460000000 -1.646862650750e-03
17.470000000 -1.531995428392e-03
17.480000000 -1.494763449326e-03
17.490000000 -1.620666135549e-03
17.500000000 -1.966503802367e-03
17.510000000 -2.537206049912e-03
17.520000000 -3.284394885059e-03
17.530000000 -4.114624679394e-03
17.540000000 -4.906960303997e-03
17.550000000 -5.532675889683e-03
17.560000000 -5.878863718933e-03
17.570000000 -5.879389136718e-03
17.580000000 -5.531451861560e-03
17.590000000 -4.885677123209e-03
17.600000000 -4.011527882499e-03
17.610000000 -2.980379780980e-03
17.620000000 -1.877042221853e-03
17.630000000 -8.228555619333e-04
17.640000000 4.076929948111e-05
17.650000000 6.000573493421e-04
17.660000000 8.198527209132e-04
17.670000000 7.477491278712e-04
17.680000000 4.667918316851e-04
17.690000000 4.421800839291e-05
17.700000000 -4.743957558667e-04
17.710000000 -1.027200292672e-03
17.720000000 -1.493263613855e-03
17.730000000 -1.709915497986e-03
17.740000000 -1.549158605305e-03
17.750000000 -1.006448507938e-03
17.760000000 -2.309228844604e-04
17.770000000 5.315746562590e-04
17.780000000 1.046030409543e-03
17.790000000 1.177505221340e-03
17.800000000 9.207979134483e-04
17.810000000 3.706467664704e-04
17.820000000 -3.317573328499e-04
17.830000000 -1.048404345556e-03
17.840000000 -1.673092717321e-03
17.850000000 -2.158185775259e-03
17.860000000 -2.517262181953e-03
17.870000000 -2.816210338317e-03
17.880000000 -3.142095107511e-03
17.890000000 -3.563053852978e-03
17.900000000 -4.087491204263e-03
17.910000000 -4.643988939057e-03
17.920000000 -5.098587798736e-03
17.930000000 -5.286592276109e-03
17.940000000 -5.062176540538e-03
17.950000000 -4.343075807202e-03
17.960000000 -3.129518028608e-03
17.970000000 -1.513824890505e-03
17.980000000 3.431664774776e-04
17.990000000 2.255552339441e-03
18.000000000 4.049920357712e-03
18.010000000 5.572749202017e-03
18.020000000 6.675365804219e-03
18.030000000 7.208690828681e-03
18.040000000 7.061895237784e-03
18.050000000 6.236773783670e-03
18.060000000 4.908843522699e-03
18.070000000 3.406151492148e-03
18.080000000 2.108068197761e-03
18.090000000 1.296249963511e-03
18.100000000 1.044587674588e-03
18.110000000 1.202806513064e-03
18.120000000 1.482451441571e-03
18.130000000 1.584131264678e-03
18.140000000 1.316284923756e-03
18.150000000 6.543991387621e-04
18.160000000 -2.663720912077e-04
18.170000000 -1.208884327250e-03
18.180000000 -1.915173485769e-03
18.190000000 -2.194073363858e-03
18.200000000 -1.995203789913e-03
18.210000000 -1.443824716821e-03
18.220000000 -8.022437575922e-04
18.230000000 -3.708006070416e-04
18.240000000 -3.625445923580e-04
18.250000000 -8.127053480017e-04
18.260000000 -1.577577015871e-03
18.270000000 -2.411718954429e-03
18.280000000 -3.077307448081e-03
18.290000000 -3.434555625772e-03
18.300000000 -3.477295199210e-03
18.310000000 -3.313937291248e-03
18.320000000 -3.103121784609e-03
18.330000000 -2.981471318214e-03
18.340000000 -3.007764717770e-03
18.350000000 -3.147740868298e-03
18.360000000 -3.302901420836e-03
18.370000000 -3.365467453598e-03
18.380000000 -3.262208291880e-03
18.390000000 -2.973511979151e-03
18.400000000 -2.510275994967e-03
18.410000000 -1.885339538650e-03
18.420000000 -1.116043818568e-03
18.430000000 -2.539902467017e-04
18.440000000 5.844800872802e-04
18.450000000 1.228108374415e-03
18.460000000 1.511297042807e-03
18.470000000 1.341196883587e-03
18.480000000 7.366817917736e-04
18.490000000 -1.947880644350e-04
18.500000000 -1.305998139394e-03
18.510000000 -2.459199038883e-03
18.520000000 -3.547640452202e-03
18.530000000 -4.489020062834e-03
18.540000000 -5.218645048691e-03
18.550000000 -5.696648972964e-03
18.560000000 -5.927035030289e-03
18.570000000 -5.969777600634e-03
18.580000000 -5.927707361497e-03
18.590000000 -5.911364753278e-03
18.600000000 -5.996707713827e-03
18.610000000 -6.211934586323e-03
18.620000000 -6.545565669039e-03
18.630000000 -6.969021294714e-03
18.640000000 -7.458047091561e-03
18.650000000 -7.994594284473e-03
18.660000000 -8.557328352851e-03
18.670000000 -9.111585131019e-03
18.680000000 -9.620174707339e-03
18.690000000 -1.005709339419e-02
18.700000000 -1.040807198468e-02
18.710000000 -1.064433164265e-02
18.720000000 -1.069211954446e-02
18.730000000 -1.042639763377e-02
18.740000000 -9.710292705458e-03
18.750000000 -8.470004378272e-03
18.760000000 -6.748550664814e-03
18.770000000 -4.726016491640e-03
18.780000000 -2.684123513732e-03
18.790000000 -9.407711198099e-04
18.800000000 2.359952035809e-04
18.810000000 6.942161021753e-04
18.820000000 4.319861582260e-04
18.830000000 -4.178123358467e-04
18.840000000 -1.629908188546e-03
18.850000000 -2.943313432843e-03
18.860000000 -4.116658461904e-03
18.870000000 -4.977026747539e-03
18.880000000 -5.448565356277e-03
18.890000000 -5.555225574646e-03
18.900000000 -5.377353717204e-03
18.910000000 -4.982455369307e-03
18.920000000 -4.378943329208e-03
18.930000000 -3.517896240214e-03
18.940000000 -2.351209429513e-03
18.950000000 -8.870558151018e-04
18.960000000 7.786482385395e-04
18.970000000 2.469937678055e-03
18.980000000 3.960728700133e-03
18.990000000 5.014819191059e-03
19.000000000 5.437037898950e-03
19.010000000 5.145178470043e-03
19.020000000 4.232765727786e-03
19.030000000 2.994034470580e-03
19.040000000 1.882314340719e-03
19.050000000 1.393299429775e-03
19.060000000 1.912612418872e-03
19.070000000 3.587490275167e-03
19.080000000 6.259461956993e-03
19.090000000 9.500825078007e-03
19.100000000 1.273705894702e-02
19.110000000 1.541451585544e-02
19.120000000 1.714958355561e-02
19.130000000 1.780614821157e-02
19.140000000 1.748375093158e-02
19.150000000 1.644932925684e-02
19.160000000 1.503870942116e-02
19.170000000 1.356026972469e-02
19.180000000 1.223363958541e-02
19.190000000 1.116998899176e-02
19.200000000 1.040098339716e-02
19.210000000 9.917992182256e-03
19.220000000 9.696899864985e-03
19.230000000 9.713121982942e-03
19.240000000 9.945719490746e-03
19.250000000 1.038881905840e-02
19.260000000 1.104633389049e-02
19.270000000 1.191129681653e-02
19.280000000 1.294236453496e-02
19.290000000 1.404656335570e-02
19.300000000 1.508207070135e-02
19.310000000 1.588547423177e-02
19.320000000 1.632485919199e-02
19.330000000 1.636306326094e-02
19.340000000 1.610914580931e-02
19.350000000 1.579979464281e-02
19.360000000 1.571369554048e-02
19.370000000 1.605155563585e-02
19.380000000 1.682741089655e-02
19.390000000 1.785893324966e-02
19.400000000 1.884059184986e-02
19.410000000 1.949352044252e-02
19.420000000 1.969345004348e-02
19.430000000 1.950825667961e-02
19.440000000 1.913074808455e-02
19.450000000 1.874699780594e-02
19.460000000 1.841949254589e-02
19.470000000 1.805116717673e-02
19.480000000 1.743488344831e-02
19.490000000 1.634983517574e-02
19.500000000 1.466061669428e-02
19.510000000 1.236858662108e-02
19.520000000 9.613077598719e-03
19.530000000 6.617079067118e-03
19.540000000 3.624788167291e-03
19.550000000 8.424846323655e-04
19.560000000 -1.593925127704e-03
19.570000000 -3.607884900861e-03
19.580000000 -5.162772739425e-03
19.590000000 -6.241318468174e-03
19.600000000 -6.842041938682e-03
19.610000000 -6.993571907573e-03
19.620000000 -6.776340735405e-03
19.630000000 -6.328131205401e-03
19.640000000 -5.831296334383e-03
19.650000000 -5.479102954531e-03
19.660000000 -5.432154123900e-03
19.670000000 -5.783227700332e-03
19.680000000 -6.534115071322e-03
19.690000000 -7.597083196636e-03
19.700000000 -8.817031095002e-03
19.710000000 -1.001267971631e-02
19.720000000 -1.102988386163e-02
19.730000000 -1.178473772170e-02
19.740000000 -1.227856421048e-02
19.750000000 -1.257692313346e-02
19.760000000 -1.277132689592e-02
19.770000000 -1.295386799457e-02
19.780000000 -1.321217225487e-02
19.790000000 -1.363385685498e-02
19.800000000 -1.430548795554e-02
19.810000000 -1.529753411924e-02
19.820000000 -1.663757310379e-02
19.830000000 -1.829168872909e-02
19.840000000 -2.014609439653e-02
19.850000000 -2.201371963862e-02
19.860000000 -2.365990569883e-02
19.870000000 -2.485012723799e-02
19.880000000 -2.541661232145e-02
19.890000000 -2.531821075375e-02
19.900000000 -2.466338219666e-02
19.910000000 -2.366650231424e-02
19.920000000 -2.255810479207e-02
19.930000000 -2.149521126243e-02
19.940000000 -2.051424749704e-02
19.950000000 -1.954663921635e-02
19.960000000 -1.847581777121e-02
19.970000000 -1.720563210215e-02
19.980000000 -1.572713985759e-02
19.990000000 -1.414887482310e-02
20.000000000 -1.267132281294e-02
20.010000000 -1.150797038969e-02
20.020000000 -1.078822182992e-02
20.030000000 -1.048396157777e-02
20.040000000 -1.041408399065e-02
20.050000000 -1.031360413554e-02
20.060000000 -9.948230698747e-03
20.070000000 -9.201817439514e-03
20.080000000 -8.087882458503e-03
20.090000000 -6.683222720468e-03
20.100000000 -5.039808328300e-03
20.110000000 -3.122922502016e-03
20.120000000 -8.296237847800e-04
20.130000000 1.941848932438e-03
20.140000000 5.202700236242e-03
20.150000000 8.821161450156e-03
20.160000000 1.251353539471e-02
20.170000000 1.590078289842e-02
20.180000000 1.859598558758e-02
20.190000000 2.030332546115e-02
20.200000000 2.090019451859e-02
20.210000000 2.048638237521e-02
20.220000000 1.938754677362e-02
20.230000000 1.808481241168e-02
20.240000000 1.707496384192e-02
20.250000000 1.671482483851e-02
20.260000000 1.710779743885e-02
20.270000000 1.809771589948e-02
20.280000000 1.934414593393e-02
20.290000000 2.045955725433e-02
20.300000000 2.113545563858e-02
20.310000000 2.122778793900e-02
20.320000000 2.076853488025e-02
20.330000000 1.993443129535e-02
20.340000000 1.898605988992e-02
20.350000000 1.821744851897e-02
20.360000000 1.790282726844e-02
20.370000000 1.823337515181e-02
20.380000000 1.926382333470e-02
20.390000000 2.089278896128e-02
20.400000000 2.290070715293e-02
20.410000000 2.501320345986e-02
20.420000000 2.695066165080e-02
20.430000000 2.844900462473e-02
20.440000000 2.926625428347e-02
20.450000000 2.919326746532e-02
20.460000000 2.808260253421e-02
20.470000000 2.587501077439e-02
20.480000000 2.260249816567e-02
20.490000000 1.838689530268e-02
20.500000000 1.344169795727e-02
20.510000000 8.073481769325e-03
20.520000000 2.658766527996e-03
20.530000000 -2.413226971927e-03
20.540000000 -6.805756195734e-03
20.550000000 -1.029181581638e-02
20.560000000 -1.278864470649e-02
20.570000000 -1.437478497757e-02
20.580000000 -1.529011045249e-02
20.590000000 -1.587809228031e-02
20.600000000 -1.648539333729e-02
20.610000000 -1.734847991702e-02
20.620000000 -1.853089759426e-02
20.630000000 -1.995641509699e-02
20.640000000 -2.151186186293e-02
20.650000000 -2.314151684195e-02
20.660000000 -2.486762854435e-02
20.670000000 -2.673409395669e-02
20.680000000 -2.871362809332e-02
20.690000000 -3.066119851523e-02
20.700000000 -3.233193685410e-02
20.710000000 -3.345815691486e-02
20.720000000 -3.381666204833e-02
20.730000000 -3.326105824491e-02
20.740000000 -3.174272430187e-02
20.750000000 -2.931885806068e-02
20.760000000 -2.617528894036e-02
20.770000000 -2.260157410709e-02
20.780000000 -1.893149167041e-02
20.790000000 -1.546641150418e-02
20.800000000 -1.244374974135e-02
20.810000000 -1.006043032467e-02
20.820000000 -8.500985053734e-03
20.830000000 -7.931555695210e-03
20.840000000 -8.440240994771e-03
20.850000000 -9.975205607548e-03
20.860000000 -1.232019845518e-02
20.870000000 -1.511878821669e-02
20.880000000 -1.794355388354e-02
20.890000000 -2.038082179756e-02
20.900000000 -2.210629047631e-02
20.910000000 -2.292339807758e-02
20.920000000 -2.275288999040e-02
20.930000000 -2.160830014791e-02
20.940000000 -1.957928622725e-02
20.950000000 -1.683147931179e-02
20.960000000 -1.360808025896e-02
20.970000000 -1.020352423992e-02
20.980000000 -6.925413211648e-03
20.990000000 -4.066315744484e-03
21.000000000 -1.887383106000e-03
21.010000000 -6.141254918851e-04
21.020000000 -4.003765608724e-04
21.030000000 -1.268821024895e-03
21.040000000 -3.032707277268e-03
21.050000000 -5.260684010670e-03
21.060000000 -7.336096882154e-03
21.070000000 -8.625159814844e-03
21.080000000 -8.686394204900e-03
21.090000000 -7.427917475271e-03
21.100000000 -5.125589879679e-03
21.110000000 -2.271108284105e-03
21.120000000 6.643668386793e-04
21.130000000 3.451057772320e-03
21.140000000 6.178155071374e-03
21.150000000 9.160580268542e-03
21.160000000 1.272508069770e-02
21.170000000 1.700261270234e-02
21.180000000 2.183006243425e-02
21.190000000 2.678641980480e-02
21.200000000 3.131687962806e-02
21.210000000 3.487854760594e-02
21.220000000 3.705810919286e-02
21.230000000 3.765078486026e-02
21.240000000 3.669683757555e-02
21.250000000 3.447584390356e-02
21.260000000 3.146089388773e-02
21.270000000 2.824103543657e-02
21.280000000 2.542064066573e-02
21.290000000 2.349409172872e-02
21.300000000 2.272250762288e-02
21.310000000 2.305733767363e-02
21.320000000 2.414456336891e-02
21.330000000 2.543150577840e-02
21.340000000 2.633188291252e-02
21.350000000 2.639244278038e-02
21.360000000 2.538577008067e-02
21.370000000 2.331797571155e-02
21.380000000 2.037195486698e-02
21.390000000 1.684429754672e-02
21.400000000 1.309977636043e-02
21.410000000 9.527453802120e-03
21.420000000 6.479989827133e-03
21.430000000 4.194017862582e-03
21.440000000 2.736821181660e-03
21.450000000 2.001974351584e-03
21.460000000 1.754851165997e-03
21.470000000 1.704232638198e-03
21.480000000 1.581231498167e-03
21.490000000 1.193034144814e-03
21.500000000 4.425667673549e-04
21.510000000 -6.810327493392e-04
21.520000000 -2.122374546183e-03
21.530000000 -3.755843040106e-03
21.540000000 -5.378361894874e-03
21.550000000 -6.732420962385e-03
21.560000000 -7.574699464811e-03
21.570000000 -7.773728429777e-03
21.580000000 -7.378022319241e-03
21.590000000 -6.615975841683e-03
21.600000000 -5.818895829874e-03
21.610000000 -5.284247520246e-03
21.620000000 -5.150062474783e-03
21.630000000 -5.314018662513e-03
21.640000000 -5.460361559886e-03
21.650000000 -5.178965703223e-03
21.660000000 -4.137610816757e-03
21.670000000 -2.222710704145e-03
21.680000000 4.076930213949e-04
21.690000000 3.382940415616e-03
21.700000000 6.236691501456e-03
21.710000000 8.535984871041e-03
21.720000000 9.980730189081e-03
21.730000000 1.045738024885e-02
21.740000000 1.006971488575e-02
21.750000000 9.119563135848e-03
21.760000000 8.041476102554e-03
21.770000000 7.294571037841e-03
21.780000000 7.235091785756e-03
21.790000000 8.016849342036e-03
21.800000000 9.562112986952e-03
21.810000000 1.160361176704e-02
21.820000000 1.378796086497e-02
21.830000000 1.578321516082e-02
21.840000000 1.734601889915e-02
21.850000000 1.834371413433e-02
21.860000000 1.875302246921e-02
21.870000000 1.866516877630e-02
21.880000000 1.827254330548e-02
21.890000000 1.780450408240e-02
21.900000000 1.742849154843e-02
21.910000000 1.718378067870e-02
21.920000000 1.700852572511e-02
21.930000000 1.684111119603e-02
21.940000000 1.672251661959e-02
21.950000000 1.680749099928e-02
21.960000000 1.729497846754e-02
21.970000000 1.834427624108e-02
21.980000000 2.001953056537e-02
21.990000000 2.228184322497e-02
22.000000000 2.499595258527e-02
22.010000000 2.795165145437e-02
22.020000000 3.089409705515e-02
22.030000000 3.356100309281e-02
22.040000000 3.571531231574e-02
22.050000000 3.717653943681e-02
22.060000000 3.783041108122e-02
22.070000000 3.762393599648e-02
22.080000000 3.652371632449e-02
22.090000000 3.445994291362e-02
22.100000000 3.129460020527e-02
22.110000000 2.685948332173e-02
22.120000000 2.105353614391e-02
22.130000000 1.393925476521e-02
22.140000000 5.785584876632e-03
22.150000000 -2.974606280099e-03
22.160000000 -1.183323964600e-02
22.170000000 -2.029283002441e-02
22.180000000 -2.792846410568e-02
22.190000000 -3.441262961540e-02
22.200000000 -3.952952209794e-02
22.210000000 -4.319088271977e-02
22.220000000 -4.546111535921e-02
22.230000000 -4.656282250417e-02
22.240000000 -4.684011695182e-02
22.250000000 -4.668677476977e-02
22.260000000 -4.644922938211e-02
22.270000000 -4.636284453248e-02
22.280000000 -4.651387410947e-02
22.290000000 -4.685454616884e-02
22.300000000 -4.725584490215e-02
22.310000000 -4.759114746071e-02
22.320000000 -4.781396210889e-02
22.330000000 -4.798943580197e-02
22.340000000 -4.825937916167e-02
22.350000000 -4.876346277705e-02
22.360000000 -4.955501898464e-02
22.370000000 -5.055632229644e-02
22.380000000 -5.158353380079e-02
22.390000000 -5.241912675137e-02
22.400000000 -5.290925823577e-02
22.410000000 -5.303208324432e-02
22.420000000 -5.290625886924e-02
22.430000000 -5.274383616109e-02
22.440000000 -5.275995326321e-02
22.450000000 -5.309480788297e-02
22.460000000 -5.376867427389e-02
22.470000000 -5.469233511329e-02
22.480000000 -5.570827807466e-02
22.490000000 -5.664162367721e-02
22.500000000 -5.732182143451e-02
22.510000000 -5.756335620213e-02
22.520000000 -5.713269456426e-02
22.530000000 -5.575041780231e-02
22.540000000 -5.317049398151e-02
22.550000000 -4.931814367087e-02
22.560000000 -4.439866921358e-02
22.570000000 -3.890756480935e-02
22.580000000 -3.350980015317e-02
22.590000000 -2.885332967341e-02
22.600000000 -2.537447845374e-02
22.610000000 -2.317152589170e-02
22.620000000 -2.197453530226e-02
22.630000000 -2.123623391990e-02
22.640000000 -2.033609712122e-02
22.650000000 -1.881556695759e-02
22.660000000 -1.657071833994e-02
22.670000000 -1.388384397848e-02
22.680000000 -1.128140756669e-02
22.690000000 -9.278833918491e-03
22.700000000 -8.153523071695e-03
22.710000000 -7.872351556955e-03
22.720000000 -8.184573615033e-03
22.730000000 -8.778792729302e-03
22.740000000 -9.376853247842e-03
22.750000000 -9.730712693624e-03
22.760000000 -9.566120942664e-03
22.770000000 -8.574332871002e-03
22.780000000 -6.480066086857e-03
22.790000000 -3.145923193016e-03
22.800000000 1.360239668740e-03
22.810000000 6.777358954442e-03
22.820000000 1.274501930717e-02
22.830000000 1.892999950842e-02
22.840000000 2.511786605452e-02
22.850000000 3.125515313382e-02
22.860000000 3.742200553042e-02
22.870000000 4.375513404544e-02
22.880000000 5.034459920779e-02
22.890000000 5.714239037409e-02
22.900000000 6.392592740508e-02
22.910000000 7.035129200088e-02
22.920000000 7.605769836634e-02
22.930000000 8.077816325061e-02
22.940000000 8.440823865829e-02
22.950000000 8.702272559784e-02
22.960000000 8.884240296342e-02
22.970000000 9.015036449372e-02
22.980000000 9.117004001053e-02
22.990000000 9.195363018553e-02
23.000000000 9.234514084370e-02
23.010000000 9.205769013560e-02
23.020000000 9.082079524176e-02
23.030000000 8.853142901167e-02
23.040000000 8.532855901406e-02
23.050000000 8.155620597488e-02
23.060000000 7.763425089242e-02
23.070000000 7.388644324577e-02
23.080000000 7.042900488513e-02
23.090000000 6.718257938347e-02
23.100000000 6.399022817240e-02
23.110000000 6.076448081566e-02
23.120000000 5.757265785580e-02
23.130000000 5.462717182549e-02
23.140000000 5.218997412063e-02
23.150000000 5.043140834700e-02
23.160000000 4.928851762082e-02
23.170000000 4.840425180250e-02
23.180000000 4.720319307219e-02
23.190000000 4.509673020512e-02
23.200000000 4.172466277446e-02
23.210000000 3.711049527219e-02
23.220000000 3.164766014484e-02
23.230000000 2.592907410633e-02
23.240000000 2.051850505784e-02
23.250000000 1.578118281733e-02
23.260000000 1.182645727043e-02
23.270000000 8.563840176319e-03
23.280000000 5.802685806308e-03
23.290000000 3.349927280746e-03
23.300000000 1.072006819654e-03
23.310000000 -1.090686544554e-03
23.320000000 -3.164156261994e-03
23.330000000 -5.205398623366e-03
23.340000000 -7.361899036257e-03
23.350000000 -9.867804277932e-03
23.360000000 -1.297477145405e-02
23.370000000 -1.681567306967e-02
23.380000000 -2.128848484831e-02
23.390000000 -2.602100845790e-02
23.400000000 -3.046199388931e-02
23.410000000 -3.405144918461e-02
23.420000000 -3.636962216933e-02
23.430000000 -3.721259448357e-02
23.440000000 -3.658189538995e-02
23.450000000 -3.466144933363e-02
23.460000000 -3.179452290382e-02
23.470000000 -2.845751148268e-02
23.480000000 -2.520913709585e-02
23.490000000 -2.261317276467e-02
23.500000000 -2.116486940039e-02
23.510000000 -2.121977704448e-02
23.520000000 -2.293196625690e-02
23.530000000 -2.620908329701e-02
23.540000000 -3.071888013425e-02
23.550000000 -3.597452935712e-02
23.560000000 -4.146735616260e-02
23.570000000 -4.679778813031e-02
23.580000000 -5.173016986342e-02
23.590000000 -5.614856326457e-02
23.600000000 -5.994639457271e-02
23.610000000 -6.293470880571e-02
23.620000000 -6.482570558989e-02
23.630000000 -6.532111857871e-02
23.640000000 -6.425299519654e-02
23.650000000 -6.169625622518e-02
23.660000000 -5.800976217143e-02
23.670000000 -5.378316906139e-02
23.680000000 -4.973457928312e-02
23.690000000 -4.657547496978e-02
23.700000000 -4.485311160553e-02
23.710000000 -4.480413620462e-02
23.720000000 -4.626975093203e-02
23.730000000 -4.872965470243e-02
23.740000000 -5.144539807236e-02
23.750000000 -5.366646000847e-02
23.760000000 -5.480871408458e-02
23.770000000 -5.456022313679e-02
23.780000000 -5.288474394863e-02
23.790000000 -4.995509959999e-02
23.800000000 -4.605242503508e-02
23.810000000 -4.149320335411e-02
23.820000000 -3.660127824544e-02
23.830000000 -3.171571493481e-02
23.840000000 -2.719895736955e-02
23.850000000 -2.340613525345e-02
23.860000000 -2.062567684802e-02
23.870000000 -1.901024977322e-02
23.880000000 -1.854652029457e-02
23.890000000 -1.905813711994e-02
23.900000000 -2.024459810224e-02
23.910000000 -2.171551536414e-02
23.920000000 -2.303035722875e-02
23.930000000 -2.374387667738e-02
23.940000000 -2.346013637113e-02
23.950000000 -2.188423799738e-02
23.960000000 -1.886520548508e-02
23.970000000 -1.441157712382e-02
23.980000000 -8.696562214299e-03
23.990000000 -2.041009493776e-03
24.000000000 5.117518119857e-03
24.010000000 1.227100508566e-02
24.020000000 1.891865873763e-02
24.030000000 2.466876072541e-02
24.040000000 2.935043793102e-02
24.050000000 3.306145391534e-02
24.060000000 3.611945687376e-02
24.070000000 3.889612754088e-02
24.080000000 4.160646903222e-02
24.090000000 4.417193962413e-02
24.100000000 4.622130450271e-02
24.110000000 4.724018125666e-02
24.120000000 4.678706618399e-02
24.130000000 4.470060859239e-02
24.140000000 4.122240203551e-02
24.150000000 3.699198156901e-02
24.160000000 3.290520652749e-02
24.170000000 2.984841563276e-02
24.180000000 2.840816173482e-02
24.190000000 2.868255297009e-02
24.200000000 3.027518916801e-02
24.210000000 3.246605117773e-02
24.220000000 3.448344799221e-02
24.230000000 3.575394098555e-02
24.240000000 3.604166588746e-02
24.250000000 3.544078075344e-02
24.260000000 3.424991987213e-02
24.270000000 3.281647176082e-02
24.280000000 3.141982745326e-02
24.290000000 3.022513131011e-02
24.300000000 2.927031595911e-02
24.310000000 2.847454484142e-02
24.320000000 2.766552415664e-02
24.330000000 2.664359748443e-02
24.340000000 2.527082722320e-02
24.350000000 2.353490056877e-02
24.360000000 2.156083029565e-02
24.370000000 1.956607602076e-02
24.380000000 1.778639013319e-02
24.390000000 1.639873540216e-02
24.400000000 1.546479245272e-02
24.410000000 1.489386355184e-02
24.420000000 1.443297679615e-02
24.430000000 1.371444782486e-02
24.440000000 1.236534451905e-02
24.450000000 1.015802165229e-02
24.460000000 7.124600979077e-03
24.470000000 3.582153049934e-03
24.480000000 3.916925765761e-05
24.490000000 -2.974103276855e-03
24.500000000 -5.076309491284e-03
24.510000000 -6.125124841613e-03
24.520000000 -6.214025400165e-03
24.530000000 -5.585474035974e-03
24.540000000 -4.511122662716e-03
24.550000000 -3.184267022837e-03
24.560000000 -1.667743515571e-03
24.570000000 8.192910111389e-05
24.580000000 2.120450662423e-03
24.590000000 4.404290608494e-03
24.600000000 6.721436548790e-03
24.610000000 8.707440322676e-03
24.620000000 9.933392755910e-03
24.630000000 1.001534520752e-02
24.640000000 8.703380817025e-03
24.650000000 5.917475840773e-03
24.660000000 1.746740181516e-03
24.670000000 -3.585068856863e-03
24.680000000 -9.778205595281e-03
24.690000000 -1.650534777894e-02
24.700000000 -2.345713807375e-02
24.710000000 -3.036114048705e-02
24.720000000 -3.697331802522e-02
24.730000000 -4.304998540971e-02
24.740000000 -4.830702792483e-02
24.750000000 -5.239885600034e-02
24.760000000 -5.494769637369e-02
24.770000000 -5.563752464371e-02
24.780000000 -5.433790506131e-02
24.790000000 -5.120768642551e-02
24.800000000 -4.671381518602e-02
24.810000000 -4.155390691510e-02
24.820000000 -3.649639235508e-02
24.830000000 -3.218559599645e-02
24.840000000 -2.899322503511e-02
24.850000000 -2.696007535768e-02
24.860000000 -2.584671559787e-02
24.870000000 -2.524724927115e-02
24.880000000 -2.473667202626e-02
24.890000000 -2.399963070772e-02
24.900000000 -2.290943749715e-02
24.910000000 -2.153972674477e-02
24.920000000 -2.009859580383e-02
24.930000000 -1.882555832139e-02
24.940000000 -1.788970468049e-02
24.950000000 -1.730705625777e-02
24.960000000 -1.692349612732e-02
24.970000000 -1.645609237576e-02
24.980000000 -1.561045002465e-02
24.990000000 -1.421577641175e-02
25.000000000 -1.232957360731e-02
25.010000000 -1.023953636395e-02
25.020000000 -8.370660913310e-03
25.030000000 -7.106520495631e-03
25.040000000 -6.581146299578e-03
25.050000000 -6.539064776759e-03
25.060000000 -6.347237970717e-03
25.070000000 -5.190966978927e-03
25.080000000 -2.402250250020e-03
25.090000000 2.232132707670e-03
25.100000000 8.329167139288e-03
25.110000000 1.501448790725e-02
25.120000000 2.123995092044e-02
25.130000000 2.616111121447e-02
25.140000000 2.942238269845e-02
25.150000000 3.121943177515e-02
25.160000000 3.215412957216e-02
25.170000000 3.295318523595e-02
25.180000000 3.418214215581e-02
25.190000000 3.605456889966e-02
25.200000000 3.839953382760e-02
25.210000000 4.078401936016e-02
25.220000000 4.272927241534e-02
25.230000000 4.390279920583e-02
25.240000000 4.419000988596e-02
25.250000000 4.362691211056e-02
25.260000000 4.227387601971e-02
25.270000000 4.015873701791e-02
25.280000000 3.732775232959e-02
25.290000000 3.395227819962e-02
25.300000000 3.037376871961e-02
25.310000000 2.704731322025e-02
25.320000000 2.443464440209e-02
25.330000000 2.291738074304e-02
25.340000000 2.278167276288e-02
25.350000000 2.421636380433e-02
25.360000000 2.727193630979e-02
25.370000000 3.177532590048e-02
25.380000000 3.726334108138e-02
25.390000000 4.300882686619e-02
25.400000000 4.817179608432e-02
25.410000000 5.203180734112e-02
25.420000000 5.418606848163e-02
25.430000000 5.462334971485e-02
25.440000000 5.365441929064e-02
25.450000000 5.176137538325e-02
25.460000000 4.944611717085e-02
25.470000000 4.712520424945e-02
25.480000000 4.506111981284e-02
25.490000000 4.331445265606e-02
25.500000000 4.173097537613e-02
25.510000000 3.997992543563e-02
25.520000000 3.765557999132e-02
25.530000000 3.440147619886e-02
25.540000000 3.001996601174e-02
25.550000000 2.451417978724e-02
25.560000000 1.807202543195e-02
25.570000000 1.101175259295e-02
25.580000000 3.724407409131e-03
25.590000000 -3.364897386922e-03
25.600000000 -9.828035679524e-03
25.610000000 -1.529138179964e-02
25.620000000 -1.951650904115e-02
25.630000000 -2.247248602100e-02
25.640000000 -2.434893325411e-02
25.650000000 -2.547764314192e-02
25.660000000 -2.620361677514e-02
25.670000000 -2.676451022599e-02
25.680000000 -2.724057996368e-02
25.690000000 -2.758635222849e-02
25.700000000 -2.771133648071e-02
25.710000000 -2.755747079980e-02
25.720000000 -2.713364091102e-02
25.730000000 -2.649404614844e-02
25.740000000 -2.569553289268e-02
25.750000000 -2.477688845092e-02
25.760000000 -2.377069401306e-02
25.770000000 -2.272995305494e-02
25.780000000 -2.174985209584e-02
25.790000000 -2.096311778834e-02
25.800000000 -2.052185202035e-02
25.810000000 -2.055865413329e-02
25.820000000 -2.112716358415e-02
25.830000000 -2.214673888210e-02
25.840000000 -2.339190372029e-02
25.850000000 -2.455467821719e-02
25.860000000 -2.536735348308e-02
25.870000000 -2.572221470652e-02
25.880000000 -2.571450644789e-02
25.890000000 -2.557606122081e-02
25.900000000 -2.554248218150e-02
25.910000000 -2.575054919861e-02
25.920000000 -2.622673937787e-02
25.930000000 -2.697134148363e-02
25.940000000 -2.803810393088e-02
25.950000000 -2.953075257813e-02
25.960000000 -3.148916151968e-02
25.970000000 -3.376014455081e-02
25.980000000 -3.594674067975e-02
25.990000000 -3.750713388281e-02
26.000000000 -3.796813527041e-02
26.010000000 -3.714398418634e-02
26.020000000 -3.525375590438e-02
26.030000000 -3.287605732717e-02
26.040000000 -3.075236288508e-02
26.050000000 -2.951251036600e-02
26.060000000 -2.945500263732e-02
26.070000000 -3.046410891276e-02
26.080000000 -3.210586583899e-02
26.090000000 -3.383953985179e-02
26.100000000 -3.524091128348e-02
26.110000000 -3.612577268461e-02
26.120000000 -3.654077909685e-02
26.130000000 -3.664870210370e-02
26.140000000 -3.658937144916e-02
26.150000000 -3.639888721141e-02
26.160000000 -3.602448464152e-02
26.170000000 -3.539956200438e-02
26.180000000 -3.453153363544e-02
26.190000000 -3.352800834574e-02
26.200000000 -3.255087366127e-02
26.210000000 -3.174136315986e-02
26.220000000 -3.116023346664e-02
26.230000000 -3.078707987951e-02
26.240000000 -3.057355067833e-02
26.250000000 -3.048518255214e-02
26.260000000 -3.048441358896e-02
26.270000000 -3.046009654417e-02
26.280000000 -3.015873778681e-02
26.290000000 -2.920477913675e-02
26.300000000 -2.721359577036e-02
26.310000000 -2.395034699922e-02
26.320000000 -1.945709361883e-02
26.330000000 -1.407579648817e-02
26.340000000 -8.383553014826e-03
26.350000000 -3.037612049441e-03
26.360000000 1.385601937414e-03
26.370000000 4.549106102113e-03
26.380000000 6.428941160791e-03
26.390000000 7.297642048225e-03
26.400000000 7.594225591159e-03
26.410000000 7.727384555520e-03
26.420000000 7.892395861807e-03
26.430000000 7.991874281227e-03
26.440000000 7.712813614701e-03
26.450000000 6.719864020331e-03
26.460000000 4.881719294285e-03
26.470000000 2.396443420033e-03
26.480000000 -2.461170739103e-04
26.490000000 -2.452922237639e-03
26.500000000 -3.760153733085e-03
26.510000000 -4.002730673534e-03
26.520000000 -3.341285813826e-03
26.530000000 -2.159206226815e-03
26.540000000 -8.886773253000e-04
26.550000000 1.605942078173e-04
26.560000000 9.221400831367e-04
26.570000000 1.584601194942e-03
26.580000000 2.490534107726e-03
26.590000000 3.959529145701e-03
26.600000000 6.131603119079e-03
26.610000000 8.904186085369e-03
26.620000000 1.198662186200e-02
26.630000000 1.501958326840e-02
26.640000000 1.767908413326e-02
26.650000000 1.971479685518e-02
26.660000000 2.093705362945e-02
26.670000000 2.120954944511e-02
26.680000000 2.047880104117e-02
26.690000000 1.881173269470e-02
26.700000000 1.640415180982e-02
26.710000000 1.352427563130e-02
26.720000000 1.043257003979e-02
26.730000000 7.341447165147e-03
26.740000000 4.431831393382e-03
26.750000000 1.893156530685e-03
26.760000000 -6.970746163398e-05
26.770000000 -1.279639767195e-03
26.780000000 -1.651293632510e-03
26.790000000 -1.228338314550e-03
26.800000000 -1.663876507703e-04
26.810000000 1.328284456081e-03
26.820000000 3.084304301242e-03
26.830000000 5.054004929055e-03
26.840000000 7.352404302041e-03
26.850000000 1.021629976533e-02
26.860000000 1.386295632543e-02
26.870000000 1.832434117901e-02
26.880000000 2.335558252828e-02
26.890000000 2.848842761843e-02
26.900000000 3.319624914988e-02
26.910000000 3.706952742964e-02
26.920000000 3.990742750192e-02
26.930000000 4.169962254599e-02
26.940000000 4.252929243357e-02
26.950000000 4.246016391487e-02
26.960000000 4.148140280274e-02
26.970000000 3.953001321390e-02
26.980000000 3.657997549389e-02
26.990000000 3.275396264170e-02
27.000000000 2.838257566339e-02
27.010000000 2.396955114968e-02
27.020000000 2.005038782843e-02
27.030000000 1.699693148514e-02
27.040000000 1.487309863898e-02
27.050000000 1.342978071389e-02
27.060000000 1.225598000509e-02
27.070000000 1.100551445669e-02
27.080000000 9.576443356325e-03
27.090000000 8.137625348312e-03
27.100000000 7.024079736524e-03
27.110000000 6.551867462142e-03
27.120000000 6.867163752389e-03
27.130000000 7.877943819333e-03
27.140000000 9.295403408561e-03
27.150000000 1.075212949384e-02
27.160000000 1.193302826955e-02
27.170000000 1.268458421654e-02
27.180000000 1.303411501030e-02
27.190000000 1.312046750555e-02
27.200000000 1.307476913611e-02
27.210000000 1.291453706461e-02
27.220000000 1.251377199924e-02
27.230000000 1.166890740749e-02
27.240000000 1.019345834645e-02
27.250000000 8.005709105534e-03
27.260000000 5.162629929903e-03
27.270000000 1.852408526410e-03
27.280000000 -1.639220546297e-03
27.290000000 -4.981297550267e-03
27.300000000 -7.862748269608e-03
27.310000000 -1.006227838299e-02
27.320000000 -1.150036709867e-02
27.330000000 -1.225309270985e-02
27.340000000 -1.249682920331e-02
27.350000000 -1.240125243435e-02
27.360000000 -1.201816853617e-02
27.370000000 -1.123060055747e-02
27.380000000 -9.805678132985e-03
27.390000000 -7.521856967380e-03
27.400000000 -4.307062076497e-03
27.410000000 -3.045078588655e-04
27.420000000 4.157092756302e-03
27.430000000 8.679335097577e-03
27.440000000 1.291548437518e-02
27.450000000 1.664803940752e-02
27.460000000 1.979803604679e-02
27.470000000 2.237616174793e-02
27.480000000 2.441232833573e-02
27.490000000 2.589371209651e-02
27.500000000 2.672636771996e-02
27.510000000 2.673647483939e-02
27.520000000 2.570629747231e-02
27.530000000 2.344416286128e-02
27.540000000 1.987809910348e-02
27.550000000 1.513763393242e-02
27.560000000 9.594847394305e-03
27.570000000 3.825337078069e-03
27.580000000 -1.516191823438e-03
27.590000000 -5.865030674215e-03
27.600000000 -8.888724244864e-03
27.610000000 -1.055341167055e-02
27.620000000 -1.108176722528e-02
27.630000000 -1.085605713679e-02
27.640000000 -1.029766979586e-02
27.650000000 -9.759952055908e-03
27.660000000 -9.443384108678e-03
27.670000000 -9.342059759264e-03
27.680000000 -9.245566294859e-03
27.690000000 -8.813295173056e-03
27.700000000 -7.706146641182e-03
27.710000000 -5.727246596511e-03
27.720000000 -2.918591582140e-03
27.730000000 4.254264574630e-04
27.740000000 3.845036918722e-03
27.750000000 6.867839747922e-03
27.760000000 9.177032574961e-03
27.770000000 1.071788927520e-02
27.780000000 1.168095282716e-02
27.790000000 1.237208582665e-02
27.800000000 1.302533616466e-02
27.810000000 1.365757158067e-02
27.820000000 1.404307645657e-02
27.830000000 1.380731294092e-02
27.840000000 1.258781933295e-02
27.850000000 1.015721949594e-02
27.860000000 6.486480616430e-03
27.870000000 1.736750757665e-03
27.880000000 -3.765173681132e-03
27.890000000 -9.552241745268e-03
27.900000000 -1.504447647382e-02
27.910000000 -1.959723253274e-02
27.920000000 -2.259086902004e-02
27.930000000 -2.354413658996e-02
27.940000000 -2.222949505649e-02
27.950000000 -1.873312089329e-02
27.960000000 -1.344154121845e-02
27.970000000 -6.964463341203e-03
27.980000000 -2.142183583242e-05
27.990000000 6.678209184978e-03
28.000000000 1.253606585874e-02
28.010000000 1.712922147421e-02
28.020000000 2.023915964546e-02
28.030000000 2.184461496771e-02
28.040000000 2.208587399805e-02
28.050000000 2.120409455986e-02
28.060000000 1.946588025689e-02
28.070000000 1.709422882913e-02
28.080000000 1.422569602931e-02
28.090000000 1.091122678460e-02
28.100000000 7.157279697577e-03
28.110000000 2.983937355405e-03
28.120000000 -1.515301700186e-03
28.130000000 -6.154775665039e-03
28.140000000 -1.067402210124e-02
28.150000000 -1.479772252758e-02
28.160000000 -1.829621916919e-02
28.170000000 -2.104924788209e-02
28.180000000 -2.307002743160e-02
28.190000000 -2.449152232494e-02
28.200000000 -2.552019736778e-02
28.210000000 -2.636608445038e-02
28.220000000 -2.718649972634e-02
28.230000000 -2.804068926517e-02
28.240000000 -2.887544063079e-02
28.250000000 -2.954950078593e-02
28.260000000 -2.989787030997e-02
28.270000000 -2.981406570238e-02
28.280000000 -2.930812822291e-02
28.290000000 -2.851012779247e-02
28.300000000 -2.761226389396e-02
28.310000000 -2.679086616939e-02
28.320000000 -2.614847458579e-02
28.330000000 -2.570068235104e-02
28.340000000 -2.541678455363e-02
28.350000000 -2.527592441050e-02
28.360000000 -2.531382470944e-02
28.370000000 -2.562106759040e-02
28.380000000 -2.629526772031e-02
28.390000000 -2.738966065946e-02
28.400000000 -2.887954092616e-02
28.410000000 -3.067336823528e-02
28.420000000 -3.265322274066e-02
28.430000000 -3.471843687673e-02
28.440000000 -3.680582165722e-02
28.450000000 -3.887809509538e-02
28.460000000 -4.088230558227e-02
28.470000000 -4.271584351669e-02
28.480000000 -4.421491518865e-02
28.490000000 -4.516438447124e-02
28.500000000 -4.534457101227e-02
28.510000000 -4.457544354932e-02
28.520000000 -4.275416369308e-02
28.530000000 -3.988111829937e-02
28.540000000 -3.606110379432e-02
28.550000000 -3.149179260146e-02
28.560000000 -2.644234721778e-02
28.570000000 -2.123138709210e-02
28.580000000 -1.618604486723e-02
28.590000000 -1.159164304527e-02
28.600000000 -7.637640635687e-03
28.610000000 -4.377979385656e-03
28.620000000 -1.734364680931e-03
28.630000000 4.602049408095e-04
28.640000000 2.399130159358e-03
28.650000000 4.235756953970e-03
28.660000000 6.044232796203e-03
28.670000000 7.808136393311e-03
28.680000000 9.441389033765e-03
28.690000000 1.083442972340e-02
28.700000000 1.190700755911e-02
28.710000000 1.265264855708e-02
28.720000000 1.316137776504e-02
28.730000000 1.360241802193e-02
28.740000000 1.417737812784e-02
28.750000000 1.505135157940e-02
28.760000000 1.627697456489e-02
28.770000000 1.776192808414e-02
28.780000000 1.928911836693e-02
28.790000000 2.060298347073e-02
28.800000000 2.153186053512e-02
28.810000000 2.208775227075e-02
28.820000000 2.248880051235e-02
28.830000000 2.307030197228e-02
28.840000000 2.412469098236e-02
28.850000000 2.574966079836e-02
28.860000000 2.778946068774e-02
28.870000000 2.989928498837e-02
28.880000000 3.170823240254e-02
28.890000000 3.298816109002e-02
28.900000000 3.376944265237e-02
28.910000000 3.433442830725e-02
28.920000000 3.509204359430e-02
28.930000000 3.638833146210e-02
28.940000000 3.833232217925e-02
28.950000000 4.072603217521e-02
28.960000000 4.313179038880e-02
28.970000000 4.503356438380e-02
28.980000000 4.601192320402e-02
28.990000000 4.585586532464e-02
29.000000000 4.456663939534e-02
29.010000000 4.229503059961e-02
29.020000000 3.926615131691e-02
29.030000000 3.574206614105e-02
29.040000000 3.201995604479e-02
29.050000000 2.843530233517e-02
29.060000000 2.534796914425e-02
29.070000000 2.309054336663e-02
29.080000000 2.188654097627e-02
29.090000000 2.176836843380e-02
29.100000000 2.252892510372e-02
29.110000000 2.376732617325e-02
29.120000000 2.501524397480e-02
29.130000000 2.590499227607e-02
29.140000000 2.629834768247e-02
29.150000000 2.629198565016e-02
29.160000000 2.611573040450e-02
29.170000000 2.596457474223e-02
29.180000000 2.587674926527e-02
29.190000000 2.571681279575e-02
29.200000000 2.525669804813e-02
29.210000000 2.429104735301e-02
29.220000000 2.270539056506e-02
29.230000000 2.049069644870e-02
29.240000000 1.772079383651e-02
29.250000000 1.452887911503e-02
29.260000000 1.108927275172e-02
29.270000000 7.612258020376e-03
29.280000000 4.332049336781e-03
29.290000000 1.498745785631e-03
29.300000000 -6.429411004515e-04
29.310000000 -1.883116682842e-03
29.320000000 -2.111346243228e-03
29.330000000 -1.386663320585e-03
29.340000000 2.311953787307e-05
29.350000000 1.681507025981e-03
29.360000000 3.097574355639e-03
29.370000000 3.871002158154e-03
29.380000000 3.793430858385e-03
29.390000000 2.871398022662e-03
29.400000000 1.298317968388e-03
29.410000000 -6.030688816888e-04
29.420000000 -2.435599219239e-03
29.430000000 -3.782569955153e-03
29.440000000 -4.288382797901e-03
29.450000000 -3.748727713155e-03
29.460000000 -2.188454964243e-03
29.470000000 1.211140311975e-04
29.480000000 2.726576585568e-03
29.490000000 5.125194400246e-03
29.500000000 6.904381645352e-03
29.510000000 7.825697798646e-03
29.520000000 7.832958026313e-03
29.530000000 7.010231239761e-03
29.540000000 5.528993448939e-03
29.550000000 3.612580750372e-03
29.560000000 1.503389577454e-03
29.570000000 -5.773512473473e-04
29.580000000 -2.480627606957e-03
29.590000000 -4.162927415230e-03
29.600000000 -5.680881340851e-03
29.610000000 -7.147734545573e-03
29.620000000 -8.665659334679e-03
29.630000000 -1.026022527903e-02
29.640000000 -1.185702279886e-02
29.650000000 -1.330854123867e-02
29.660000000 -1.445163067992e-02
29.670000000 -1.516915908252e-02
29.680000000 -1.543603027642e-02
29.690000000 -1.533096177807e-02
29.700000000 -1.503070104819e-02
29.710000000 -1.477690853873e-02
29.720000000 -1.481287468541e-02
29.730000000 -1.529709243030e-02
29.740000000 -1.622503894639e-02
29.750000000 -1.739302707268e-02
29.760000000 -1.843932023937e-02
29.770000000 -1.897200947400e-02
29.780000000 -1.872597465115e-02
29.790000000 -1.767976126043e-02
29.800000000 -1.606846443678e-02
29.810000000 -1.429129455085e-02
29.820000000 -1.275916652340e-02
29.830000000 -1.175768115774e-02
29.840000000 -1.137768128569e-02
29.850000000 -1.151135632045e-02
29.860000000 -1.191521646234e-02
29.870000000 -1.229158760163e-02
29.880000000 -1.237105013332e-02
29.890000000 -1.196855636562e-02
29.900000000 -1.102306046441e-02
29.910000000 -9.616979120404e-03
29.920000000 -7.961112617111e-03
29.930000000 -6.339645443938e-03
29.940000000 -5.019643340950e-03
29.950000000 -4.167846926574e-03
29.960000000 -3.811881997684e-03
29.970000000 -3.858214509760e-03
29.980000000 -4.140485003986e-03
29.990000000 -4.473276933502e-03
30.000000000 -4.690879200865e-03
30.010000000 -4.669198449146e-03
30.020000000 -4.343887709100e-03
30.030000000 -3.731732329435e-03
30.040000000 -2.939529827489e-03
30.050000000 -2.155847266622e-03
30.060000000 -1.607803165309e-03
30.070000000 -1.506916295029e-03
30.080000000 -1.984355369912e-03
30.090000000 -3.059002897320e-03
30.100000000 -4.619217163594e-03
30.110000000 -6.450512293277e-03
30.120000000 -8.281776422933e-03
30.130000000 -9.851030924986e-03
30.140000000 -1.096043609403e-02
30.150000000 -1.150012085876e-02
30.160000000 -1.145701330551e-02
30.170000000 -1.089500235375e-02
30.180000000 -9.925473762145e-03
30.190000000 -8.668952245087e-03
30.200000000 -7.226303769655e-03
30.210000000 -5.668708856649e-03
30.220000000 -4.049805019939e-03
30.230000000 -2.427987443730e-03
30.240000000 -8.813583422053e-04
30.250000000 4.820608207677e-04
30.260000000 1.534160396370e-03
30.270000000 2.154196585666e-03
30.280000000 2.256212881255e-03
30.290000000 1.813783835079e-03
30.300000000 8.618833853438e-04
30.310000000 -5.090678177148e-04
30.320000000 -2.171759669975e-03
30.330000000 -3.977001979420e-03
30.340000000 -5.775923569279e-03
30.350000000 -7.420049126593e-03
30.360000000 -8.758741307914e-03
30.370000000 -9.629844664610e-03
30.380000000 -9.877747343372e-03
30.390000000 -9.400719514520e-03
30.400000000 -8.204043269303e-03
30.410000000 -6.426103958207e-03
30.420000000 -4.308453994364e-03
30.430000000 -2.121613046108e-03
30.440000000 -7.733982295394e-05
30.450000000 1.721197442465e-03
30.460000000 3.277316968651e-03
30.470000000 4.649466228180e-03
30.480000000 5.882736684378e-03
30.490000000 6.967657506583e-03
30.500000000 7.838673742833e-03
30.510000000 8.410807713760e-03
30.520000000 8.636075222970e-03
30.530000000 8.530742046494e-03
30.540000000 8.173175884716e-03
30.550000000 7.663546741629e-03
30.560000000 7.085261764355e-03
30.570000000 6.492813308000e-03
30.580000000 5.924013880686e-03
30.590000000 5.420547489543e-03
30.600000000 5.021377652333e-03
30.610000000 4.744793062037e-03
30.620000000 4.554712311872e-03
30.630000000 4.364685706508e-03
30.640000000 4.058269621604e-03
30.650000000 3.531173831352e-03
30.660000000 2.723448046150e-03
30.670000000 1.629694366755e-03
30.680000000 2.916341089988e-04
30.690000000 -1.209280866698e-03
30.700000000 -2.746048253859e-03
30.710000000 -4.143289744368e-03
30.720000000 -5.180994116675e-03
30.730000000 -5.639778859414e-03
30.740000000 -5.372376280132e-03
30.750000000 -4.376655409698e-03
30.760000000 -2.816567649079e-03
30.770000000 -9.805941920330e-04
30.780000000 8.062175170642e-04
30.790000000 2.282044671811e-03
30.800000000 3.298171692847e-03
30.810000000 3.811294393666e-03
30.820000000 3.854626382065e-03
30.830000000 3.508931091576e-03
30.840000000 2.889047989707e-03
30.850000000 2.138629960768e-03
30.860000000 1.404035625400e-03
30.870000000 7.925161764674e-04
30.880000000 3.391417732079e-04
30.890000000 3.309175063374e-06
30.900000000 -3.082489025218e-04
30.910000000 -7.003225778445e-04
30.920000000 -1.249560598630e-03
30.930000000 -1.980099633454e-03
30.940000000 -2.860793159277e-03
30.950000000 -3.825146705860e-03
30.960000000 -4.792229643313e-03
30.970000000 -5.674099691667e-03
30.980000000 -6.371902806788e-03
30.990000000 -6.779517584371e-03
31.000000000 -6.812522476328e-03
31.010000000 -6.462767931873e-03
31.020000000 -5.831319061021e-03
31.030000000 -5.124968713983e-03
31.040000000 -4.608854937934e-03
31.050000000 -4.524382506771e-03
31.060000000 -5.018593188297e-03
31.070000000 -6.097114180183e-03
31.080000000 -7.631960639624e-03
31.090000000 -9.398091114549e-03
31.100000000 -1.112403766836e-02
31.110000000 -1.253985266220e-02
31.120000000 -1.342064068360e-02
31.130000000 -1.363698629962e-02
31.140000000 -1.319242687494e-02
31.150000000 -1.223605683482e-02
31.160000000 -1.101270678768e-02
31.170000000 -9.777931052456e-03
31.180000000 -8.722595364774e-03
31.190000000 -7.937263432723e-03
31.200000000 -7.445809748550e-03
31.210000000 -7.248236409233e-03
31.220000000 -7.341513317863e-03
31.230000000 -7.689607699463e-03
31.240000000 -8.168265221010e-03
31.250000000 -8.542525704402e-03
31.260000000 -8.510100263813e-03
31.270000000 -7.796457891489e-03
31.280000000 -6.249534948997e-03
31.290000000 -3.889763293819e-03
31.300000000 -8.992641683405e-04
31.310000000 2.435432731707e-03
31.320000000 5.795493824206e-03
31.330000000 8.889946286426e-03
31.340000000 1.150430888843e-02
31.350000000 1.352445437707e-02
31.360000000 1.494203828906e-02
31.370000000 1.584223664672e-02
31.380000000 1.638080591608e-02
31.390000000 1.674786989655e-02
31.400000000 1.712626143299e-02
31.410000000 1.764891171363e-02
31.420000000 1.836617485798e-02
31.430000000 1.924894372094e-02
31.440000000 2.022125303062e-02
31.450000000 2.121889472529e-02
31.460000000 2.223679641152e-02
31.470000000 2.333945911359e-02
31.480000000 2.462702666745e-02
31.490000000 2.617683367217e-02
31.500000000 2.799623433249e-02
31.510000000 3.000733514489e-02
31.520000000 3.207993888680e-02
31.530000000 3.408313602844e-02
31.540000000 3.591902682600e-02
31.550000000 3.753800571802e-02
31.560000000 3.892543053817e-02
31.570000000 4.008156242875e-02
31.580000000 4.100817857527e-02
31.590000000 4.170843758517e-02
31.600000000 4.218737268910e-02
31.610000000 4.244656705093e-02
31.620000000 4.247328528471e-02
31.630000000 4.221831015452e-02
31.640000000 4.159084635327e-02
31.650000000 4.047911754657e-02
31.660000000 3.879317545169e-02
31.670000000 3.652483128608e-02
31.680000000 3.378456401173e-02
31.690000000 3.079405498560e-02
31.700000000 2.783867019289e-02
31.710000000 2.518875754646e-02
31.720000000 2.303370966099e-02
31.730000000 2.144312266597e-02
31.740000000 2.036429885238e-02
31.750000000 1.965717380735e-02
31.760000000 1.914564402440e-02
31.770000000 1.867302898907e-02
31.780000000 1.813578554768e-02
31.790000000 1.749217277956e-02
31.800000000 1.674387508537e-02
31.810000000 1.590495977567e-02
31.820000000 1.497371282538e-02
31.830000000 1.392733123754e-02
31.840000000 1.273911147803e-02
31.850000000 1.140605532349e-02
31.860000000 9.964303092089e-03
31.870000000 8.482956983709e-03
31.880000000 7.034528787566e-03
31.890000000 5.669312808716e-03
31.900000000 4.399265504290e-03
31.910000000 3.194318089785e-03
31.920000000 1.987765674868e-03
31.930000000 6.867839253777e-04
31.940000000 -7.893212622541e-04
31.950000000 -2.471803889632e-03
31.960000000 -4.303399562666e-03
31.970000000 -6.146488674419e-03
31.980000000 -7.838224598728e-03
31.990000000 -9.259899339226e-03
32.000000000 -1.039406607940e-02
32.010000000 -1.131421828074e-02
32.020000000 -1.213504064733e-02
32.030000000 -1.294221900921e-02
32.040000000 -1.374819631772e-02
32.050000000 -1.449039209251e-02
32.060000000 -1.506952258150e-02
32.070000000 -1.541364309600e-02
32.080000000 -1.552474471759e-02
32.090000000 -1.549320508008e-02
32.100000000 -1.548240350273e-02
32.110000000 -1.567730704158e-02
32.120000000 -1.622988864207e-02
32.130000000 -1.721689949952e-02
32.140000000 -1.862474824476e-02
32.150000000 -2.036741895253e-02
32.160000000 -2.232286779228e-02
32.170000000 -2.436685558135e-02
32.180000000 -2.640006747177e-02
32.190000000 -2.836175246619e-02
32.200000000 -3.022416136013e-02
32.210000000 -3.198744073354e-02
32.220000000 -3.365902795094e-02
32.230000000 -3.524803558207e-02
32.240000000 -3.675677824404e-02
32.250000000 -3.816610821083e-02
32.260000000 -3.941988297300e-02
32.270000000 -4.041568680642e-02
32.280000000 -4.101337382038e-02
32.290000000 -4.106827872051e-02
32.300000000 -4.045863896208e-02
32.310000000 -3.912139862626e-02
32.320000000 -3.707286024739e-02
32.330000000 -3.442649752376e-02
32.340000000 -3.139225764775e-02
32.350000000 -2.824010950897e-02
32.360000000 -2.524239132249e-02
32.370000000 -2.261194840413e-02
32.380000000 -2.047302642908e-02
32.390000000 -1.885255111501e-02
32.400000000 -1.769014131358e-02
32.410000000 -1.686123920213e-02
32.420000000 -1.619837645295e-02
32.430000000 -1.553722009819e-02
32.440000000 -1.476091528856e-02
32.450000000 -1.383409249294e-02
32.460000000 -1.279744606914e-02
32.470000000 -1.172997451740e-02
32.480000000 -1.068727956220e-02
32.490000000 -9.654777603564e-03
32.500000000 -8.540416759465e-03
32.510000000 -7.197307309880e-03
32.520000000 -5.475138214303e-03
32.530000000 -3.281894302438e-03
32.540000000 -6.446017691884e-04
32.550000000 2.260601158420e-03
32.560000000 5.127131913657e-03
32.570000000 7.595695343841e-03
32.580000000 9.365430387226e-03
32.590000000 1.029284546283e-02
32.600000000 1.044386118225e-02
32.610000000 1.006539236532e-02
32.620000000 9.485791997865e-03
32.630000000 8.986037316275e-03
32.640000000 8.702627005104e-03
32.650000000 8.600404798165e-03
32.660000000 8.524272783831e-03
32.670000000 8.280993920374e-03
32.680000000 7.720459749389e-03
32.690000000 6.782281119431e-03
32.700000000 5.487858231222e-03
32.710000000 3.904428738637e-03
32.720000000 2.105723435109e-03
32.730000000 1.547155555765e-04
32.740000000 -1.890577066095e-03
32.750000000 -3.958477818033e-03
32.760000000 -5.953615796139e-03
32.770000000 -7.771316628996e-03
32.780000000 -9.329271830859e-03
32.790000000 -1.060344020973e-02
32.800000000 -1.164076971300e-02
32.810000000 -1.254156636104e-02
32.820000000 -1.341183103055e-02
32.830000000 -1.431293263247e-02
32.840000000 -1.522013350818e-02
32.850000000 -1.601459484053e-02
32.860000000 -1.650982126845e-02
32.870000000 -1.651240606678e-02
32.880000000 -1.590045411724e-02
32.890000000 -1.468727647921e-02
32.900000000 -1.305621799275e-02
32.910000000 -1.133421706537e-02
32.920000000 -9.910494770179e-03
32.930000000 -9.122212100987e-03
32.940000000 -9.147132793542e-03
32.950000000 -9.938372743881e-03
32.960000000 -1.124149824535e-02
32.970000000 -1.267617885519e-02
32.980000000 -1.385729221528e-02
32.990000000 -1.450942902332e-02
33.000000000 -1.453577175820e-02
33.010000000 -1.401975966404e-02
33.020000000 -1.317863910491e-02
33.030000000 -1.228505982046e-02
33.040000000 -1.159254208166e-02
33.050000000 -1.126740149621e-02
33.060000000 -1.135536922651e-02
33.070000000 -1.178679375418e-02
33.080000000 -1.241327362078e-02
33.090000000 -1.306032857116e-02
33.100000000 -1.357436063857e-02
33.110000000 -1.385145265471e-02
33.120000000 -1.384753344739e-02
33.130000000 -1.357283995557e-02
33.140000000 -1.306287280529e-02
33.150000000 -1.234466301137e-02
33.160000000 -1.142307998075e-02
33.170000000 -1.029066562318e-02
33.180000000 -8.960303376255e-03
33.190000000 -7.500443585819e-03
33.200000000 -6.035974979085e-03
33.210000000 -4.722389833051e-03
33.220000000 -3.694850441443e-03
33.230000000 -3.018388054448e-03
33.240000000 -2.654418543410e-03
33.250000000 -2.463576332019e-03
33.260000000 -2.252471564793e-03
33.270000000 -1.842882699006e-03
33.280000000 -1.133367856142e-03
33.290000000 -1.335175684297e-04
33.300000000 1.067691172812e-03
33.310000000 2.346405044468e-03
33.320000000 3.595622641131e-03
33.330000000 4.754474000090e-03
33.340000000 5.821373666293e-03
33.350000000 6.863806347050e-03
33.360000000 8.011371682655e-03
33.370000000 9.423107602856e-03
33.380000000 1.122110088850e-02
33.390000000 1.341705523690e-02
33.400000000 1.588113965650e-02
33.410000000 1.837325094407e-02
33.420000000 2.061608346505e-02
33.430000000 2.239034931495e-02
33.440000000 2.358885357385e-02
33.450000000 2.423148041574e-02
33.460000000 2.443681603113e-02
33.470000000 2.436403843141e-02
33.480000000 2.415900505028e-02
33.490000000 2.390860616939e-02
33.500000000 2.361494476176e-02
33.510000000 2.320350088698e-02
33.520000000 2.256202268598e-02
33.530000000 2.159813097344e-02
33.540000000 2.029193969256e-02
33.550000000 1.872180673191e-02
33.560000000 1.705194684426e-02
33.570000000 1.549945969146e-02
33.580000000 1.428167560399e-02
33.590000000 1.356760868934e-02
33.600000000 1.343675802142e-02
33.610000000 1.385962105786e-02
33.620000000 1.470770552642e-02
33.630000000 1.578655377391e-02
33.640000000 1.688161589113e-02
33.650000000 1.779296156765e-02
33.660000000 1.836976651984e-02
33.670000000 1.852073537344e-02
33.680000000 1.821708934666e-02
33.690000000 1.748500997534e-02
33.700000000 1.639316929840e-02
33.710000000 1.505065870529e-02
33.720000000 1.359652131496e-02
33.730000000 1.218199485169e-02
33.740000000 1.093527450222e-02
33.750000000 9.930589520137e-03
33.760000000 9.169346950626e-03
33.770000000 8.592820226231e-03
33.780000000 8.103331889580e-03
33.790000000 7.591946316708e-03
33.800000000 6.963953415024e-03
33.810000000 6.165799768114e-03
33.820000000 5.212506037440e-03
33.830000000 4.198641371468e-03
33.840000000 3.276240612848e-03
33.850000000 2.612038314300e-03
33.860000000 2.330595596337e-03
33.870000000 2.483516209209e-03
33.880000000 3.041325899407e-03
33.890000000 3.908045817785e-03
33.900000000 4.945713481417e-03
33.910000000 5.994402921236e-03
33.920000000 6.899079166892e-03
33.930000000 7.535726000024e-03
33.940000000 7.832291258426e-03
33.950000000 7.780752880699e-03
33.960000000 7.428252324924e-03
33.970000000 6.850423589181e-03
33.980000000 6.123555798725e-03
33.990000000 5.302181342234e-03
34.000000000 4.413263652719e-03
34.010000000 3.472114107861e-03
34.020000000 2.502884530988e-03
34.030000000 1.564295340512e-03
34.040000000 7.486041166748e-04
34.050000000 1.632137253151e-04
34.060000000 -9.599783642919e-05
34.070000000 2.610438719682e-05
34.080000000 5.282667507758e-04
34.090000000 1.348780408769e-03
34.100000000 2.368902296388e-03
34.110000000 3.433291526377e-03
34.120000000 4.379207335667e-03
34.130000000 5.069070369065e-03
34.140000000 5.422538960524e-03
34.150000000 5.423956281906e-03
34.160000000 5.109925717348e-03
34.170000000 4.536338135448e-03
34.180000000 3.759839014323e-03
34.190000000 2.829061366080e-03
34.200000000 1.804858419400e-03
34.210000000 7.703277431204e-04
34.220000000 -1.793819806571e-04
34.230000000 -9.777590614662e-04
34.240000000 -1.622543547758e-03
34.250000000 -2.182722150862e-03
34.260000000 -2.763139954121e-03
34.270000000 -3.447324041218e-03
34.280000000 -4.251846237062e-03
34.290000000 -5.120976687639e-03
34.300000000 -5.960888893849e-03
34.310000000 -6.689473095989e-03
34.320000000 -7.268210008238e-03
34.330000000 -7.696907854318e-03
34.340000000 -7.987259207780e-03
34.350000000 -8.131408863960e-03
34.360000000 -8.105077014877e-03
34.370000000 -7.896528017389e-03
34.380000000 -7.540188399283e-03
34.390000000 -7.140213750977e-03
34.400000000 -6.850054536410e-03
34.410000000 -6.829362160242e-03
34.420000000 -7.182048155547e-03
34.430000000 -7.909966062956e-03
34.440000000 -8.908401304710e-03
34.450000000 -1.000748430892e-02
34.460000000 -1.104527107131e-02
34.470000000 -1.193414853499e-02
34.480000000 -1.267846486573e-02
34.490000000 -1.334899840709e-02
34.500000000 -1.403370045694e-02
34.510000000 -1.479620434748e-02
34.520000000 -1.565665934500e-02
34.530000000 -1.659443288080e-02
34.540000000 -1.755066306838e-02
34.550000000 -1.844340444764e-02
34.560000000 -1.918638737665e-02
34.570000000 -1.971363678171e-02
34.580000000 -2.000287927385e-02
34.590000000 -2.007750010212e-02
34.600000000 -1.999383225774e-02
34.610000000 -1.980718903104e-02
34.620000000 -1.954119380458e-02
34.630000000 -1.917465365649e-02
34.640000000 -1.866204483537e-02
34.650000000 -1.796145629342e-02
34.660000000 -1.706093753881e-02
34.670000000 -1.597665358353e-02
34.680000000 -1.472979288416e-02
34.690000000 -1.333754653163e-02
34.700000000 -1.181980718438e-02
34.710000000 -1.022633502120e-02
34.720000000 -8.663691466364e-03
34.730000000 -7.280055520035e-03
34.740000000 -6.220433597935e-03
34.750000000 -5.566958052328e-03
34.760000000 -5.305407506149e-03
34.770000000 -5.335040044012e-03
34.780000000 -5.512251037500e-03
34.790000000 -5.703003111429e-03
34.800000000 -5.814940262035e-03
34.810000000 -5.808402408901e-03
34.820000000 -5.685227443466e-03
34.830000000 -5.470772352343e-03
34.840000000 -5.196254020862e-03
34.850000000 -4.886521915524e-03
34.860000000 -4.543851921858e-03
34.870000000 -4.137957702297e-03
34.880000000 -3.605305544368e-03
34.890000000 -2.873365488179e-03
34.900000000 -1.900618697233e-03
34.910000000 -7.168199401519e-04
34.920000000 5.588822680179e-04
34.930000000 1.741076850633e-03
34.940000000 2.629762083288e-03
34.950000000 3.073855512260e-03
34.960000000 3.017846036308e-03
34.970000000 2.513700824509e-03
34.980000000 1.699323077470e-03
34.990000000 7.624429105577e-04
35.000000000 -1.015516360320e-04
35.010000000 -7.094610551789e-04
35.020000000 -9.101287492491e-04
35.030000000 -6.052444419648e-04
35.040000000 2.208368077490e-04
35.050000000 1.479564925371e-03
35.060000000 2.981404308991e-03
35.070000000 4.482369242173e-03
35.080000000 5.746297776578e-03
35.090000000 6.603214499059e-03
35.100000000 6.982004734338e-03
35.110000000 6.906167608678e-03
35.120000000 6.477979019899e-03
35.130000000 5.843787996373e-03
35.140000000 5.151985972221e-03
35.150000000 4.519161353882e-03
35.160000000 3.999525725596e-03
35.170000000 3.585746471265e-03
35.180000000 3.233360092313e-03
35.190000000 2.898355589274e-03
35.200000000 2.571861316402e-03
35.210000000 2.284977170929e-03
35.220000000 2.098234366595e-03
35.230000000 2.065515649311e-03
35.240000000 2.204049624974e-03
35.250000000 2.477931340427e-03
35.260000000 2.798640438777e-03
35.270000000 3.057874261667e-03
35.280000000 3.153275947441e-03
35.290000000 3.019630045017e-03
35.300000000 2.631861681794e-03
35.310000000 1.989468065157e-03
35.320000000 1.106922154039e-03
35.330000000 1.636784248592e-05
35.340000000 -1.220698244908e-03
35.350000000 -2.503633673491e-03
35.360000000 -3.706716666773e-03
35.370000000 -4.711815788393e-03
35.380000000 -5.449636003540e-03
35.390000000 -5.920734435029e-03
35.400000000 -6.192985091096e-03
35.410000000 -6.373793113219e-03
35.420000000 -6.562786130606e-03
35.430000000 -6.815719178333e-03
35.440000000 -7.117094170570e-03
35.450000000 -7.398139131046e-03
35.460000000 -7.575749629885e-03
35.470000000 -7.596345001281e-03
35.480000000 -7.466539019379e-03
35.490000000 -7.254630536082e-03
35.500000000 -7.065740962607e-03
35.510000000 -6.993360562891e-03
35.520000000 -7.075569304805e-03
35.530000000 -7.272667009788e-03
35.540000000 -7.484864970577e-03
35.550000000 -7.601381991193e-03
35.560000000 -7.564617543741e-03
35.570000000 -7.400661951029e-03
35.580000000 -7.198284137497e-03
35.590000000 -7.047148408141e-03
35.600000000 -6.965337354599e-03
35.610000000 -6.873370326172e-03
35.620000000 -6.634667814625e-03
35.630000000 -6.134903200155e-03
35.640000000 -5.350184272979e-03
35.650000000 -4.354057714116e-03
35.660000000 -3.270578939518e-03
35.670000000 -2.205331707526e-03
35.680000000 -1.208804637360e-03
35.690000000 -2.737719058864e-04
35.700000000 6.310395125767e-04
35.710000000 1.525181991774e-03
35.720000000 2.394088215825e-03
35.730000000 3.193506993163e-03
35.740000000 3.883515452389e-03
35.750000000 4.455816549675e-03
35.760000000 4.954655854309e-03
35.770000000 5.456620027614e-03
35.780000000 6.035864022324e-03
35.790000000 6.721052057837e-03
35.800000000 7.472275079857e-03
35.810000000 8.188472214569e-03
35.820000000 8.745959834249e-03
35.830000000 9.055874493297e-03
35.840000000 9.104088503078e-03
35.850000000 8.956543363172e-03
35.860000000 8.713582426876e-03
35.870000000 8.456581874756e-03
35.880000000 8.212126000806e-03
35.890000000 7.950447333632e-03
35.900000000 7.617663949777e-03
35.910000000 7.181253728342e-03
35.920000000 6.655370324901e-03
35.930000000 6.111699171300e-03
35.940000000 5.656222923546e-03
35.950000000 5.397544665292e-03
35.960000000 5.409434344511e-03
35.970000000 5.704725896748e-03
35.980000000 6.245874977009e-03
35.990000000 6.969100707682e-03
36.000000000 7.821938214255e-03
36.010000000 8.786529526297e-03
36.020000000 9.863875918118e-03
36.030000000 1.103558218659e-02
36.040000000 1.223146209870e-02
36.050000000 1.334016074849e-02
36.060000000 1.424585066536e-02
36.070000000 1.488510801263e-02
36.080000000 1.527448362885e-02
36.090000000 1.549731696790e-02
36.100000000 1.565271333201e-02
36.110000000 1.579982523268e-02
36.120000000 1.593489572430e-02
36.130000000 1.600603209094e-02
36.140000000 1.595853417074e-02
36.150000000 1.576991119798e-02
36.160000000 1.545368934475e-02
36.170000000 1.503752715674e-02
36.180000000 1.452762729198e-02
36.190000000 1.390230672780e-02
36.200000000 1.311829788268e-02
36.210000000 1.214470486002e-02
36.220000000 1.097510685935e-02
36.230000000 9.632394421187e-03
36.240000000 8.157883237686e-03
36.250000000 6.596073216512e-03
36.260000000 5.003769307115e-03
36.270000000 3.463239641820e-03
36.280000000 2.082674816032e-03
36.290000000 9.741512931851e-04
36.300000000 2.160850314757e-04
36.310000000 -1.773155661686e-04
36.320000000 -2.626412130495e-04
36.330000000 -1.373880721796e-04
36.340000000 9.614923487293e-05
36.350000000 3.648008867456e-04
36.360000000 6.298841392019e-04
36.370000000 8.788857158314e-04
36.380000000 1.104511381135e-03
36.390000000 1.285169891703e-03
36.400000000 1.381830997118e-03
36.410000000 1.345791851262e-03
36.420000000 1.128454542736e-03
36.430000000 6.908278331963e-04
36.440000000 1.021340133524e-05
36.450000000 -9.103377148784e-04
36.460000000 -2.034978781969e-03
36.470000000 -3.284617803116e-03
36.480000000 -4.552054035341e-03
36.490000000 -5.719078439704e-03
36.500000000 -6.686984460623e-03
36.510000000 -7.399836986714e-03
36.520000000 -7.843243458439e-03
36.530000000 -8.027620460068e-03
36.540000000 -7.961744357362e-03
36.550000000 -7.637649274290e-03
36.560000000 -7.026656480378e-03
36.570000000 -6.100469257739e-03
36.580000000 -4.867686724962e-03
36.590000000 -3.403252755867e-03
36.600000000 -1.852191917335e-03
36.610000000 -3.944475004426e-04
36.620000000 8.088615363417e-04
36.630000000 1.672825639663e-03
36.640000000 2.216859262007e-03
36.650000000 2.554891145603e-03
36.660000000 2.853368940026e-03
36.670000000 3.272919500581e-03
36.680000000 3.919068010123e-03
36.690000000 4.809396681413e-03
36.700000000 5.881115715008e-03
36.710000000 7.016981442669e-03
36.720000000 8.081403291205e-03
36.730000000 8.950192505783e-03
36.740000000 9.525867463914e-03
36.750000000 9.749320161610e-03
36.760000000 9.606434930076e-03
36.770000000 9.131681996545e-03
36.780000000 8.403211343638e-03
36.790000000 7.526611453818e-03
36.800000000 6.619387996452e-03
36.810000000 5.791768179806e-03
36.820000000 5.139222628113e-03
36.830000000 4.733606621778e-03
36.840000000 4.612700328642e-03
36.850000000 4.764233000984e-03
36.860000000 5.121232151370e-03
36.870000000 5.571150058679e-03
36.880000000 5.984564603388e-03
36.890000000 6.253536411125e-03
36.900000000 6.317742891499e-03
36.910000000 6.176184939122e-03
36.920000000 5.883880003360e-03
36.930000000 5.535211486614e-03
36.940000000 5.242184500111e-03
36.950000000 5.110680920710e-03
36.960000000 5.207569828539e-03
36.970000000 5.536990756376e-03
36.980000000 6.035573204748e-03
36.990000000 6.585071847222e-03
37.000000000 7.051968115801e-03
37.010000000 7.326032283841e-03
37.020000000 7.339689353105e-03
37.030000000 7.065719694845e-03
37.040000000 6.505040192098e-03
37.050000000 5.677311514887e-03
37.060000000 4.619580964360e-03
37.070000000 3.382948479763e-03
37.080000000 2.030942082241e-03
37.090000000 6.255531873558e-04
37.100000000 -7.785381318677e-04
37.110000000 -2.136526887066e-03
37.120000000 -3.403720419182e-03
37.130000000 -4.528177272708e-03
37.140000000 -5.455094545465e-03
37.150000000 -6.145313064186e-03
37.160000000 -6.597213951551e-03
37.170000000 -6.854321476846e-03
37.180000000 -7.006813840083e-03
37.190000000 -7.163768419305e-03
37.200000000 -7.421482666145e-03
37.210000000 -7.829607343770e-03
37.220000000 -8.378237424249e-03
37.230000000 -9.004173271362e-03
37.240000000 -9.627357852830e-03
37.250000000 -1.017003807495e-02
37.260000000 -1.057160227561e-02
37.270000000 -1.078363633176e-02
37.280000000 -1.077339158195e-02
37.290000000 -1.053170813579e-02
37.300000000 -1.008141039469e-02
37.310000000 -9.469586135119e-03
37.320000000 -8.751859250192e-03
37.330000000 -7.973306853991e-03
37.340000000 -7.163534631352e-03
37.350000000 -6.346808056909e-03
37.360000000 -5.561763812759e-03
37.370000000 -4.860272472636e-03
37.380000000 -4.301054973842e-03
37.390000000 -3.935232786328e-03
37.400000000 -3.805423281305e-03
37.410000000 -3.948915161514e-03
37.420000000 -4.389615284524e-03
37.430000000 -5.114735493381e-03
37.440000000 -6.052144050135e-03
37.450000000 -7.053169823152e-03
37.460000000 -7.917768230104e-03
37.470000000 -8.440850785313e-03
37.480000000 -8.471031653925e-03
37.490000000 -7.956861305821e-03
37.500000000 -6.961748167400e-03
37.510000000 -5.647494590901e-03
37.520000000 -4.240463136705e-03
37.530000000 -2.986749142867e-03
37.540000000 -2.104883623023e-03
37.550000000 -1.745761995065e-03
37.560000000 -1.959994679558e-03
37.570000000 -2.680451924374e-03
37.580000000 -3.741956036493e-03
37.590000000 -4.919743918207e-03
37.600000000 -5.988755866670e-03
37.610000000 -6.762897474164e-03
37.620000000 -7.113460070504e-03
37.630000000 -6.980001607102e-03
37.640000000 -6.373165800167e-03
37.650000000 -5.381807897864e-03
37.660000000 -4.175398647815e-03
37.670000000 -2.967559991814e-03
37.680000000 -1.961778805871e-03
37.690000000 -1.284859120494e-03
37.700000000 -9.373801006934e-04
37.710000000 -7.945897025276e-04
37.720000000 -6.562701262797e-04
37.730000000 -3.173138281441e-04
37.740000000 3.536777147703e-04
37.750000000 1.361986167533e-03
37.760000000 2.569663321871e-03
37.770000000 3.743976778516e-03
37.780000000 4.629357946405e-03
37.790000000 5.040690830492e-03
37.800000000 4.917904655493e-03
37.810000000 4.322490843181e-03
37.820000000 3.398309339174e-03
37.830000000 2.306643687945e-03
37.840000000 1.179732063274e-03
37.850000000 1.080886808255e-04
37.860000000 -8.587987664465e-04
37.870000000 -1.691159011160e-03
37.880000000 -2.371864798261e-03
37.890000000 -2.894062426144e-03
37.900000000 -3.255569576050e-03
37.910000000 -3.471403804456e-03
37.920000000 -3.575988511184e-03
37.930000000 -3.628892695982e-03
37.940000000 -3.704804731434e-03
37.950000000 -3.870280280573e-03
37.960000000 -4.162329367499e-03
37.970000000 -4.571231410026e-03
37.980000000 -5.049608222075e-03
37.990000000 -5.520251089406e-03
38.000000000 -5.891580317174e-03
38.010000000 -6.073162078567e-03
38.020000000 -5.988994460721e-03
38.030000000 -5.599982328344e-03
38.040000000 -4.919886845494e-03
38.050000000 -4.018149190684e-03
38.060000000 -3.013000589933e-03
38.070000000 -2.046647388307e-03
38.080000000 -1.250185740155e-03
38.090000000 -7.065789151303e-04
38.100000000 -4.263190911512e-04
38.110000000 -3.394943278957e-04
38.120000000 -3.222665954550e-04
38.130000000 -2.453386073433e-04
38.140000000 -2.452301610588e-05
38.150000000 3.487938386278e-04
38.160000000 8.105927378938e-04
38.170000000 1.256728400780e-03
38.180000000 1.598267171730e-03
38.190000000 1.803559639227e-03
38.200000000 1.912224057890e-03
38.210000000 2.018430234443e-03
38.220000000 2.234048134606e-03
38.230000000 2.639334619319e-03
38.240000000 3.249228581951e-03
38.250000000 4.001377528840e-03
38.260000000 4.768716783269e-03
38.270000000 5.403233276696e-03
38.280000000 5.779010704416e-03
38.290000000 5.833158319819e-03
38.300000000 5.592059743571e-03
38.310000000 5.166104960578e-03
38.320000000 4.720733598610e-03
38.330000000 4.413886061647e-03
38.340000000 4.341583247376e-03
38.350000000 4.500104657584e-03
38.360000000 4.790720731589e-03
38.370000000 5.059604787188e-03
38.380000000 5.165601800793e-03
38.390000000 5.044388571344e-03
38.400000000 4.732829176676e-03
38.410000000 4.355934025793e-03
38.420000000 4.079923644430e-03
38.430000000 4.051785740339e-03
38.440000000 4.353381812610e-03
38.450000000 4.963959592267e-03
38.460000000 5.749730153396e-03
38.470000000 6.487458891245e-03
38.480000000 6.922688753140e-03
38.490000000 6.851567232755e-03
38.500000000 6.184574256120e-03
38.510000000 4.968925621368e-03
38.520000000 3.365661460064e-03
38.530000000 1.598217400985e-03
38.540000000 -1.093442899859e-04
38.550000000 -1.577236901552e-03
38.560000000 -2.693989589703e-03
38.570000000 -3.426769691591e-03
38.580000000 -3.818321114524e-03
38.590000000 -3.965021358678e-03
38.600000000 -3.992051433044e-03
38.610000000 -4.008908407110e-03
38.620000000 -4.085271465068e-03
38.630000000 -4.237347254327e-03
38.640000000 -4.438865641236e-03
38.650000000 -4.648854918814e-03
38.660000000 -4.833914066960e-03
38.670000000 -4.982646569667e-03
38.680000000 -5.099755925708e-03
38.690000000 -5.190613294185e-03
38.700000000 -5.248436887228e-03
38.710000000 -5.251543944035e-03
38.720000000 -5.170720743990e-03
38.730000000 -4.987205801338e-03
38.740000000 -4.706075151877e-03
38.750000000 -4.366139325973e-03
38.760000000 -4.034753845476e-03
38.770000000 -3.788404320144e-03
38.780000000 -3.681545854601e-03
38.790000000 -3.727776669536e-03
38.800000000 -3.894646796414e-03
38.810000000 -4.119868450759e-03
38.820000000 -4.336552294157e-03
38.830000000 -4.491714389883e-03
38.840000000 -4.553923604701e-03
38.850000000 -4.512007526318e-03
38.860000000 -4.371076669074e-03
38.870000000 -4.143652047322e-03
38.880000000 -3.846370087625e-03
38.890000000 -3.490741473830e-03
38.900000000 -3.082058966148e-03
38.910000000 -2.618342404410e-03
38.920000000 -2.098908976108e-03
38.930000000 -1.531802232092e-03
38.940000000 -9.427548306902e-04
38.950000000 -3.654965157328e-04
38.960000000 1.622742046065e-04
38.970000000 6.072881813905e-04
38.980000000 9.314931943051e-04
38.990000000 1.086565304383e-03
39.000000000 1.021143807458e-03
39.010000000 7.009688581764e-04
39.020000000 1.347489270665e-04
39.030000000 -6.116140068706e-04
39.040000000 -1.425611398093e-03
39.050000000 -2.178547765660e-03
39.060000000 -2.763001181442e-03
39.070000000 -3.129291578846e-03
39.080000000 -3.298102574019e-03
39.090000000 -3.355566353758e-03
39.100000000 -3.418872594473e-03
39.110000000 -3.590568245045e-03
39.120000000 -3.915782479578e-03
39.130000000 -4.371066903781e-03
39.140000000 -4.877239222590e-03
39.150000000 -5.337258148696e-03
39.160000000 -5.676485717731e-03
39.170000000 -5.853702773184e-03
39.180000000 -5.864738060693e-03
39.190000000 -5.724740306619e-03
39.200000000 -5.456718585053e-03
39.210000000 -5.084751219993e-03
39.220000000 -4.642357779031e-03
39.230000000 -4.171128383247e-03
39.240000000 -3.717444156882e-03
39.250000000 -3.315470370218e-03
39.260000000 -2.973081844393e-03
39.270000000 -2.674851336735e-03
39.280000000 -2.390007409634e-03
39.290000000 -2.092480018306e-03
39.300000000 -1.777301476750e-03
39.310000000 -1.467701396697e-03
39.320000000 -1.211576245941e-03
39.330000000 -1.062032771532e-03
39.340000000 -1.046713883457e-03
39.350000000 -1.146956710180e-03
39.360000000 -1.292002153591e-03
39.370000000 -1.378895673948e-03
39.380000000 -1.305236684595e-03
39.390000000 -1.005849621925e-03
39.400000000 -4.759708717251e-04
39.410000000 2.282969783060e-04
39.420000000 1.005493038402e-03
39.430000000 1.743409556569e-03
39.440000000 2.354909409039e-03
39.450000000 2.796908695607e-03
39.460000000 3.077000114731e-03
39.470000000 3.240143173734e-03
39.480000000 3.342732222134e-03
39.490000000 3.431827935901e-03
39.500000000 3.537051755100e-03
39.510000000 3.678715835343e-03
39.520000000 3.884048716857e-03
39.530000000 4.187522376893e-03
39.540000000 4.618507095705e-03
39.550000000 5.180138084428e-03
39.560000000 5.836840015056e-03
39.570000000 6.517602365393e-03
39.580000000 7.140882843253e-03
39.590000000 7.640460643345e-03
39.600000000 7.981690803565e-03
39.610000000 8.160048506176e-03
39.620000000 8.191203518766e-03
39.630000000 8.094681709373e-03
39.640000000 7.894610471432e-03
39.650000000 7.609772046238e-03
39.660000000 7.256986020359e-03
39.670000000 6.845281782305e-03
39.680000000 6.382788980786e-03
39.690000000 5.889278557364e-03
39.700000000 5.403885243593e-03
39.710000000 4.982672201617e-03
39.720000000 4.678325203196e-03
39.730000000 4.526148217752e-03
39.740000000 4.529069189293e-03
39.750000000 4.671244341472e-03
39.760000000 4.937988057706e-03
39.770000000 5.325253711454e-03
39.780000000 5.836825148281e-03
39.790000000 6.454699876918e-03
39.800000000 7.118111467763e-03
39.810000000 7.725912743031e-03
39.820000000 8.163221256812e-03
39.830000000 8.338228860097e-03
39.840000000 8.213173282699e-03
39.850000000 7.815387119302e-03
39.860000000 7.223859198332e-03
39.870000000 6.556444893605e-03
39.880000000 5.947019157373e-03
39.890000000 5.533477166484e-03
39.900000000 5.429791786393e-03
39.910000000 5.701922557387e-03
39.920000000 6.343163597113e-03
39.930000000 7.273811089589e-03
39.940000000 8.356584718355e-03
39.950000000 9.425652236126e-03
39.960000000 1.031867272485e-02
39.970000000 1.090193517092e-02
39.980000000 1.109093744991e-02
39.990000000 1.085964560524e-02
40.000000000 1.024472508839e-02
40.010000000 9.339667770664e-03
40.020000000 8.275402903041e-03
40.030000000 7.194621468261e-03
40.040000000 6.214651402466e-03
40.050000000 5.398672587683e-03
40.060000000 4.743957657931e-03
40.070000000 4.190485235445e-03
40.080000000 3.649439101063e-03
40.090000000 3.037236838533e-03
40.100000000 2.314976773603e-03
40.110000000 1.498247562427e-03
40.120000000 6.538038953501e-04
40.130000000 -1.340253535193e-04
40.140000000 -7.989116199936e-04
40.150000000 -1.316001351141e-03
40.160000000 -1.710009600423e-03
40.170000000 -2.051979593004e-03
40.180000000 -2.449049320771e-03
40.190000000 -3.013235069316e-03
40.200000000 -3.826083032188e-03
40.210000000 -4.896425988024e-03
40.220000000 -6.141891507496e-03
40.230000000 -7.404694070788e-03
40.240000000 -8.496601762497e-03
40.250000000 -9.260710308231e-03
40.260000000 -9.615752642287e-03
40.270000000 -9.577845309211e-03
40.280000000 -9.240404260704e-03
40.290000000 -8.741659081490e-03
40.300000000 -8.226673613311e-03
40.310000000 -7.817162649239e-03
40.320000000 -7.596162517679e-03
40.330000000 -7.597814221728e-03
40.340000000 -7.816708150598e-03
40.350000000 -8.212935951883e-03
40.360000000 -8.726520461170e-03
40.370000000 -9.283656659175e-03
40.380000000 -9.800417718333e-03
40.390000000 -1.018611926776e-02
40.400000000 -1.035113645659e-02
40.410000000 -1.022474693152e-02
40.420000000 -9.778804508294e-03
40.430000000 -9.043998181716e-03
40.440000000 -8.105874500667e-03
40.450000000 -7.082405351217e-03
40.460000000 -6.085769781323e-03
40.470000000 -5.190449855871e-03
40.480000000 -4.421414086456e-03
40.490000000 -3.764083931727e-03
40.500000000 -3.185652221790e-03
40.510000000 -2.661021944380e-03
40.520000000 -2.178480669842e-03
40.530000000 -1.742663773948e-03
40.540000000 -1.378671887595e-03
40.550000000 -1.130735663341e-03
40.560000000 -1.054824747079e-03
40.570000000 -1.190745020247e-03
40.580000000 -1.534019185698e-03
40.590000000 -2.019250633647e-03
40.600000000 -2.535999447370e-03
40.610000000 -2.968136782981e-03
40.620000000 -3.236365858174e-03
40.630000000 -3.321921320016e-03
40.640000000 -3.265715115095e-03
40.650000000 -3.133626853481e-03
40.660000000 -2.984981086193e-03
40.670000000 -2.846145794786e-03
40.680000000 -2.711504560499e-03
40.690000000 -2.563717926991e-03
40.700000000 -2.392163055566e-03
40.710000000 -2.204993919879e-03
40.720000000 -2.026810812741e-03
40.730000000 -1.886047790036e-03
40.740000000 -1.802503919191e-03
40.750000000 -1.779823318273e-03
40.760000000 -1.803289664043e-03
40.770000000 -1.841589103792e-03
40.780000000 -1.852337270810e-03
40.790000000 -1.788495463132e-03
40.800000000 -1.610726419216e-03
40.810000000 -1.307876194932e-03
40.820000000 -9.054077598865e-04
40.830000000 -4.615772931496e-04
40.840000000 -4.531339319897e-05
40.850000000 2.992247456035e-04
40.860000000 5.643226075156e-04
40.870000000 7.804352126901e-04
40.880000000 9.904113644619e-04
40.890000000 1.222303402319e-03
40.900000000 1.469347216851e-03
40.910000000 1.688205245026e-03
40.920000000 1.823961681529e-03
40.930000000 1.838371901003e-03
40.940000000 1.734114500443e-03
40.950000000 1.560578975577e-03
40.960000000 1.400602124146e-03
40.970000000 1.344117891311e-03
40.980000000 1.458397350346e-03
40.990000000 1.780465833852e-03
41.000000000 2.313752422242e-03
41.010000000 3.044224202579e-03
41.020000000 3.943927505399e-03
41.030000000 4.962870136953e-03
41.040000000 6.021163568277e-03
41.050000000 7.000928989901e-03
41.060000000 7.763727967285e-03
41.070000000 8.188883943289e-03
41.080000000 8.212296466230e-03
41.090000000 7.854202874405e-03
41.100000000 7.215801160280e-03
41.110000000 6.442005756332e-03
41.120000000 5.666757519072e-03
41.130000000 4.974362846555e-03
41.140000000 4.387007594558e-03
41.150000000 3.883028455477e-03
41.160000000 3.425321510905e-03
41.170000000 2.980379856260e-03
41.180000000 2.521248140595e-03
41.190000000 2.016204038753e-03
41.200000000 1.432040489747e-03
41.210000000 7.338661367435e-04
41.220000000 -1.018229681314e-04
41.230000000 -1.078876015177e-03
41.240000000 -2.172966953685e-03
41.250000000 -3.323609576434e-03
41.260000000 -4.440033501554e-03
41.270000000 -5.413140415207e-03
41.280000000 -6.151378085836e-03
41.290000000 -6.601867678340e-03
41.300000000 -6.757038134651e-03
41.310000000 -6.639685691374e-03
41.320000000 -6.274235504513e-03
41.330000000 -5.678580536013e-03
41.340000000 -4.861518685755e-03
41.350000000 -3.846491315035e-03
41.360000000 -2.695528228030e-03
41.370000000 -1.522918350522e-03
41.380000000 -4.829628400753e-04
41.390000000 2.646655393961e-04
41.400000000 6.042381934757e-04
41.410000000 4.994092395313e-04
41.420000000 9.009663226967e-06
41.430000000 -7.271313203845e-04
41.440000000 -1.530610625488e-03
41.450000000 -2.232280499402e-03
41.460000000 -2.715053851589e-03
41.470000000 -2.930238067681e-03
41.480000000 -2.891699401949e-03
41.490000000 -2.646894939467e-03
41.500000000 -2.244616464023e-03
41.510000000 -1.720450421734e-03
41.520000000 -1.092005558685e-03
41.530000000 -3.749699051737e-04
41.540000000 3.973815413666e-04
41.550000000 1.160142345480e-03
41.560000000 1.815947659502e-03
41.570000000 2.253964961141e-03
41.580000000 2.386886954600e-03
41.590000000 2.188703493420e-03
41.600000000 1.710406951973e-03
41.610000000 1.072669662314e-03
41.620000000 4.276535327419e-04
41.630000000 -8.396195970982e-05
41.640000000 -3.684034192930e-04
41.650000000 -3.953301956434e-04
41.660000000 -1.976470689663e-04
41.670000000 1.454327108714e-04
41.680000000 5.324478861377e-04
41.690000000 8.697281815403e-04
41.700000000 1.091853850429e-03
41.710000000 1.167080386660e-03
41.720000000 1.096467938143e-03
41.730000000 9.005763933829e-04
41.740000000 6.222082185250e-04
41.750000000 3.212963140438e-04
41.760000000 6.776532879631e-05
41.770000000 -7.573968642516e-05
41.780000000 -7.396161698797e-05
41.790000000 6.575877069974e-05
41.800000000 2.947515651795e-04
41.810000000 5.355495250941e-04
41.820000000 7.118875933306e-04
41.830000000 7.736589253046e-04
41.840000000 7.128053273344e-04
41.850000000 5.717797818364e-04
41.860000000 4.258975594351e-04
41.870000000 3.539888789022e-04
41.880000000 4.112127834741e-04
41.890000000 6.047414327698e-04
41.900000000 8.910605395175e-04
41.910000000 1.193204189688e-03
41.920000000 1.428037931541e-03
41.930000000 1.530035693589e-03
41.940000000 1.461828241117e-03
41.950000000 1.212069198765e-03
41.960000000 7.921235348222e-04
41.970000000 2.466440706537e-04
41.980000000 -3.436136391330e-04
41.990000000 -8.688817448238e-04
42.000000000 -1.213101335413e-03
42.010000000 -1.295164964672e-03
42.020000000 -1.099493153513e-03
42.030000000 -6.773406755063e-04
42.040000000 -1.300409035502e-04
42.050000000 4.308582886504e-04
42.060000000 9.150378570173e-04
42.070000000 1.274308801935e-03
42.080000000 1.499371156636e-03
42.090000000 1.618082036999e-03
42.100000000 1.682194654393e-03
42.110000000 1.752789586243e-03
42.120000000 1.884693959260e-03
42.130000000 2.113782194602e-03
42.140000000 2.456217360947e-03
42.150000000 2.907916056953e-03
42.160000000 3.450942211330e-03
42.170000000 4.055432417161e-03
42.180000000 4.687593467558e-03
42.190000000 5.309996343866e-03
42.200000000 5.882286697905e-03
42.210000000 6.354588000199e-03
42.220000000 6.676261503106e-03
42.230000000 6.814328623049e-03
42.240000000 6.765120824579e-03
42.250000000 6.557968232969e-03
42.260000000 6.242576076630e-03
42.270000000 5.863363865366e-03
42.280000000 5.449952129059e-03
42.290000000 5.014694283063e-03
42.300000000 4.564331633427e-03
42.310000000 4.114848531984e-03
42.320000000 3.698890849739e-03
42.330000000 3.360229423970e-03
42.340000000 3.135687719450e-03
42.350000000 3.039988558239e-03
42.360000000 3.059338031738e-03
42.370000000 3.159303975187e-03
42.380000000 3.298134539427e-03
42.390000000 3.435623487952e-03
42.400000000 3.531147415988e-03
42.410000000 3.542658324476e-03
42.420000000 3.420945510980e-03
42.430000000 3.121669264299e-03
42.440000000 2.613718708311e-03
42.450000000 1.891118414874e-03
42.460000000 9.720713800859e-04
42.470000000 -1.016797597052e-04
42.480000000 -1.269528820709e-03
42.490000000 -2.453649072088e-03
42.500000000 -3.568990448657e-03
42.510000000 -4.532324128392e-03
42.520000000 -5.281740978061e-03
42.530000000 -5.783599051787e-03
42.540000000 -6.031770351865e-03
42.550000000 -6.045648228901e-03
42.560000000 -5.867025876385e-03
42.570000000 -5.564964529619e-03
42.580000000 -5.233086274545e-03
42.590000000 -4.974493482682e-03
42.600000000 -4.881268713833e-03
42.610000000 -5.004130425014e-03
42.620000000 -5.343111796792e-03
42.630000000 -5.852300817849e-03
42.640000000 -6.460449152319e-03
42.650000000 -7.089019531142e-03
42.660000000 -7.666175117543e-03
42.670000000 -8.128514777965e-03
42.680000000 -8.424376684618e-03
42.690000000 -8.525874775518e-03
42.700000000 -8.441703459677e-03
42.710000000 -8.225729988353e-03
42.720000000 -7.967815011787e-03
42.730000000 -7.765619967034e-03
42.740000000 -7.698795341943e-03
42.750000000 -7.797783914611e-03
42.760000000 -8.035859965213e-03
42.770000000 -8.334413187081e-03
42.780000000 -8.586226010809e-03
42.790000000 -8.686606749919e-03
42.800000000 -8.556561457165e-03
42.810000000 -8.164113036400e-03
42.820000000 -7.532884140988e-03
42.830000000 -6.734841972149e-03
42.840000000 -5.877603673901e-03
42.850000000 -5.079394519519e-03
42.860000000 -4.442050789340e-03
42.870000000 -4.020010124649e-03
42.880000000 -3.812357092378e-03
42.890000000 -3.763567058913e-03
42.900000000 -3.780711661318e-03
42.910000000 -3.757362052231e-03
42.920000000 -3.597517802622e-03
42.930000000 -3.240670296888e-03
42.940000000 -2.669568379383e-03
42.950000000 -1.919221145582e-03
42.960000000 -1.066016093875e-03
42.970000000 -2.065670873016e-04
42.980000000 5.709397529505e-04
42.990000000 1.201457400285e-03
43.000000000 1.654502256822e-03
43.010000000 1.931476192331e-03
43.020000000 2.053577698680e-03
43.030000000 2.053304356038e-03
43.040000000 1.958321614484e-03
43.050000000 1.788595340292e-03
43.060000000 1.560121697464e-03
43.070000000 1.294116087678e-03
43.080000000 1.033991656115e-03
43.090000000 8.478779046972e-04
43.100000000 8.128315325368e-04
43.110000000 9.836342438790e-04
43.120000000 1.371208414269e-03
43.130000000 1.930517098131e-03
43.140000000 2.577156995689e-03
43.150000000 3.215603518824e-03
43.160000000 3.760077665507e-03
43.170000000 4.149616595330e-03
43.180000000 4.345025915998e-03
43.190000000 4.326074964103e-03
43.200000000 4.084224953251e-03
43.210000000 3.628480371195e-03
43.220000000 2.989281504195e-03
43.230000000 2.228113051432e-03
43.240000000 1.436356334559e-03
43.250000000 7.230123496348e-04
43.260000000 1.855267617921e-04
43.270000000 -1.233335478684e-04
43.280000000 -2.105475062456e-04
43.290000000 -1.403519494194e-04
43.300000000 -1.040555143503e-05
43.310000000 8.380604547142e-05
43.320000000 7.435473487542e-05
43.330000000 -6.859995910354e-05
43.340000000 -3.424633934669e-04
43.350000000 -7.249029027719e-04
43.360000000 -1.183241940990e-03
43.370000000 -1.679071510688e-03
43.380000000 -2.169550026673e-03
43.390000000 -2.608322840839e-03
43.400000000 -2.947288406149e-03
43.410000000 -3.148344989931e-03
43.420000000 -3.192234258755e-03
43.430000000 -3.090430629364e-03
43.440000000 -2.879681959416e-03
43.450000000 -2.608012785331e-03
43.460000000 -2.312696951442e-03
43.470000000 -1.999318131299e-03
43.480000000 -1.633315082727e-03
43.490000000 -1.156634823698e-03
43.500000000 -5.231015347876e-04
43.510000000 2.621392081783e-04
43.520000000 1.130936867691e-03
43.530000000 1.967841104029e-03
43.540000000 2.653684488496e-03
43.550000000 3.111477618805e-03
43.560000000 3.321668702965e-03
43.570000000 3.323706843169e-03
43.580000000 3.182698326985e-03
43.590000000 2.971184496810e-03
43.600000000 2.747934806083e-03
43.610000000 2.549663008810e-03
43.620000000 2.399103663289e-03
43.630000000 2.303660362851e-03
43.640000000 2.260468916354e-03
43.650000000 2.256521786451e-03
43.660000000 2.276230888395e-03
43.670000000 2.306183918625e-03
43.680000000 2.346299060940e-03
43.690000000 2.410245350499e-03
43.700000000 2.515152282319e-03
43.710000000 2.675037630518e-03
43.720000000 2.892630391473e-03
43.730000000 3.160949529058e-03
43.740000000 3.461700548554e-03
43.750000000 3.770904188621e-03
43.760000000 4.060791487176e-03
43.770000000 4.309830659787e-03
43.780000000 4.510855382074e-03
43.790000000 4.675133836412e-03
43.800000000 4.826253817598e-03
43.810000000 4.987062598361e-03
43.820000000 5.172290426734e-03
43.830000000 5.386130865921e-03
43.840000000 5.630813257074e-03
43.850000000 5.907639401521e-03
43.860000000 6.210775166224e-03
43.870000000 6.516949722035e-03
43.880000000 6.786852129526e-03
43.890000000 6.976095473550e-03
43.900000000 7.049040498089e-03
43.910000000 6.994611605926e-03
43.920000000 6.829539771786e-03
43.930000000 6.589460142637e-03
43.940000000 6.317532406539e-03
43.950000000 6.048275093980e-03
43.960000000 5.803015623397e-03
43.970000000 5.580287905608e-03
43.980000000 5.360074232550e-03
43.990000000 5.108348798432e-03
44.000000000 4.791159490233e-03
44.010000000 4.390450221598e-03
44.020000000 3.912197954207e-03
44.030000000 3.390911622247e-03
44.040000000 2.873066465477e-03
44.050000000 2.391365840283e-03
44.060000000 1.947481953456e-03
44.070000000 1.503995667845e-03
44.080000000 1.002741154335e-03
44.090000000 3.898171343463e-04
44.100000000 -3.615911119368e-04
44.110000000 -1.234184813543e-03
44.120000000 -2.167546274101e-03
44.130000000 -3.066599140982e-03
44.140000000 -3.831454496054e-03
44.150000000 -4.384130044773e-03
44.160000000 -4.702587238281e-03
44.170000000 -4.827942758030e-03
44.180000000 -4.849832340852e-03
44.190000000 -4.870097627706e-03
44.200000000 -4.971216807525e-03
44.210000000 -5.191107251826e-03
44.220000000 -5.517810912635e-03
44.230000000 -5.902097004060e-03
44.240000000 -6.272641327924e-03
44.250000000 -6.558732430138e-03
44.260000000 -6.706100635053e-03
44.270000000 -6.682158393697e-03
44.280000000 -6.483213651104e-03
44.290000000 -6.126458582189e-03
44.300000000 -5.629806312623e-03
44.310000000 -5.000291878786e-03
44.320000000 -4.233704557850e-03
44.330000000 -3.322862624317e-03
44.340000000 -2.288197919332e-03
44.350000000 -1.191450201631e-03
44.360000000 -1.392569412161e-04
44.370000000 7.328927195672e-04
44.380000000 1.294511103235e-03
44.390000000 1.455403530624e-03
44.400000000 1.192344307128e-03
44.410000000 5.623470933380e-04
44.420000000 -3.119608257395e-04
44.430000000 -1.276668238998e-03
44.440000000 -2.179745621675e-03
44.450000000 -2.910144590107e-03
44.460000000 -3.410365213921e-03
44.470000000 -3.676382939751e-03
44.480000000 -3.743398640627e-03
44.490000000 -3.663613103425e-03
44.500000000 -3.494062300483e-03
44.510000000 -3.280924908832e-03
44.520000000 -3.059530439078e-03
44.530000000 -2.852118049418e-03
44.540000000 -2.665616000565e-03
44.550000000 -2.493834220621e-03
44.560000000 -2.315731664413e-03
44.570000000 -2.104789751555e-03
44.580000000 -1.835540044989e-03
44.590000000 -1.498314880320e-03
44.600000000 -1.106403745000e-03
44.610000000 -6.909260983539e-04
44.620000000 -2.951744209282e-04
44.630000000 4.387732494300e-05
44.640000000 3.038186797398e-04
44.650000000 4.898530489909e-04
44.660000000 6.369479441369e-04
44.670000000 7.958009711593e-04
44.680000000 1.015348718349e-03
44.690000000 1.324571304156e-03
44.700000000 1.718382045072e-03
44.710000000 2.160944247880e-03
44.720000000 2.597403118611e-03
44.730000000 2.968833449548e-03
44.740000000 3.228320828548e-03
44.750000000 3.351785229478e-03
44.760000000 3.345330103079e-03
44.770000000 3.242114737320e-03
44.780000000 3.089069721200e-03
44.790000000 2.928718600297e-03
44.800000000 2.789260718700e-03
44.810000000 2.673778827182e-03
44.820000000 2.564848108230e-03
44.830000000 2.438504879329e-03
44.840000000 2.280322822371e-03
44.850000000 2.105905353721e-03
44.860000000 1.961964201163e-03
44.870000000 1.917043960885e-03
44.880000000 2.033115757527e-03
44.890000000 2.338427489495e-03
44.900000000 2.810047400051e-03
44.910000000 3.383056147291e-03
44.920000000 3.966513971773e-03
44.930000000 4.474376239181e-03
44.940000000 4.841924423203e-03
44.950000000 5.034217861676e-03
44.960000000 5.045949274411e-03
44.970000000 4.888206994419e-03
44.980000000 4.576000230544e-03
44.990000000 4.119768686133e-03
45.000000000 3.530051844827e-03
45.010000000 2.830199118486e-03
45.020000000 2.067764778337e-03
45.030000000 1.316325694443e-03
45.040000000 6.693944175511e-04
45.050000000 2.194110418113e-04
45.060000000 3.348305737060e-05
45.070000000 1.285668297258e-04
45.080000000 4.587245171751e-04
45.090000000 9.252861928536e-04
45.100000000 1.409982008675e-03
45.110000000 1.813444573190e-03
45.120000000 2.087148968599e-03
45.130000000 2.230174593987e-03
45.140000000 2.263381898983e-03
45.150000000 2.196744465198e-03
45.160000000 2.011413471929e-03
45.170000000 1.675541857565e-03
45.180000000 1.178941897869e-03
45.190000000 5.602323532152e-04
45.200000000 -9.329017955683e-05
45.210000000 -6.673555752902e-04
45.220000000 -1.063346583175e-03
45.230000000 -1.228531539788e-03
45.240000000 -1.168441078097e-03
45.250000000 -9.396916591509e-04
45.260000000 -6.273318806897e-04
45.270000000 -3.267754371394e-04
45.280000000 -1.214903507234e-04
45.290000000 -6.881376367274e-05
45.300000000 -1.911564707783e-04
45.310000000 -4.793075781536e-04
45.320000000 -8.952359460944e-04
45.330000000 -1.378321436046e-03
45.340000000 -1.856533088083e-03
45.350000000 -2.264062075857e-03
45.360000000 -2.555820829075e-03
45.370000000 -2.724861616573e-03
45.380000000 -2.792934683444e-03
45.390000000 -2.798861505518e-03
45.400000000 -2.770004230931e-03
45.410000000 -2.707421027001e-03
45.420000000 -2.587983445326e-03
45.430000000 -2.379651762286e-03
45.440000000 -2.070481681496e-03
45.450000000 -1.688991844905e-03
45.460000000 -1.302878868883e-03
45.470000000 -1.003510937334e-03
45.480000000 -8.763210921163e-04
45.490000000 -9.808426363089e-04
45.500000000 -1.328666200584e-03
45.510000000 -1.880958631014e-03
45.520000000 -2.552716317117e-03
45.530000000 -3.234169357494e-03
45.540000000 -3.818921162653e-03
45.550000000 -4.229404469702e-03
45.560000000 -4.437244843140e-03
45.570000000 -4.459769639426e-03
45.580000000 -4.343960525460e-03
45.590000000 -4.142516471482e-03
45.600000000 -3.887556478119e-03
45.610000000 -3.581389266480e-03
45.620000000 -3.206579383798e-03
45.630000000 -2.749046897782e-03
45.640000000 -2.217415544821e-03
45.650000000 -1.646656119657e-03
45.660000000 -1.091555502004e-03
45.670000000 -6.075136014618e-04
45.680000000 -2.356266990710e-04
45.690000000 4.076362287612e-06
45.700000000 1.153731813828e-04
45.710000000 1.262593555296e-04
45.720000000 7.676218055605e-05
45.730000000 6.920911231210e-06
45.740000000 -5.529504176963e-05
45.750000000 -1.052407621018e-04
45.760000000 -1.553835954405e-04
45.770000000 -2.173172397961e-04
45.780000000 -2.923510078005e-04
45.790000000 -3.662679843087e-04
45.800000000 -4.184444699140e-04
45.810000000 -4.404431694700e-04
45.820000000 -4.449874800333e-04
45.830000000 -4.688602261187e-04
45.840000000 -5.541035900444e-04
45.850000000 -7.333667635157e-04
45.860000000 -1.002448686286e-03
45.870000000 -1.318996761171e-03
45.880000000 -1.609120741293e-03
45.890000000 -1.792076980951e-03
45.900000000 -1.810629779965e-03
45.910000000 -1.646715628961e-03
45.920000000 -1.324495311804e-03
45.930000000 -8.929333240364e-04
45.940000000 -4.084603744521e-04
45.950000000 8.156542781434e-05
45.960000000 5.445242079813e-04
45.970000000 9.608616926242e-04
45.980000000 1.319372726481e-03
45.990000000 1.620902490210e-03
46.000000000 1.874355539625e-03
46.010000000 2.096826874322e-03
46.020000000 2.301012606248e-03
46.030000000 2.490108611165e-03
46.040000000 2.653446817080e-03
46.050000000 2.765344918093e-03
46.060000000 2.789875512558e-03
46.070000000 2.691790878835e-03
46.080000000 2.451804723765e-03
46.090000000 2.092223662484e-03
46.100000000 1.683582005122e-03
46.110000000 1.326242279074e-03
46.120000000 1.118236139727e-03
46.130000000 1.106283051834e-03
46.140000000 1.267011830024e-03
46.150000000 1.518348686408e-03
46.160000000 1.752123110346e-03
46.170000000 1.872917692139e-03
46.180000000 1.823879546823e-03
46.190000000 1.595739101680e-03
46.200000000 1.223771324794e-03
46.210000000 7.826553933407e-04
46.220000000 3.623910208713e-04
46.230000000 5.039327825040e-05
46.240000000 -9.077081407646e-05
46.250000000 -3.462653098313e-05
46.260000000 2.108268415441e-04
46.270000000 6.082558131912e-04
46.280000000 1.105198965088e-03
46.290000000 1.633160904404e-03
46.300000000 2.114953847892e-03
46.310000000 2.468192279352e-03
46.320000000 2.620700961119e-03
46.330000000 2.526976673761e-03
46.340000000 2.178254076534e-03
46.350000000 1.601587161924e-03
46.360000000 8.492304669342e-04
46.370000000 -1.725122959800e-05
46.380000000 -9.385719061260e-04
46.390000000 -1.861271913139e-03
46.400000000 -2.735040790155e-03
46.410000000 -3.512251194470e-03
46.420000000 -4.152366276914e-03
46.430000000 -4.633872515170e-03
46.440000000 -4.960207309135e-03
46.450000000 -5.163494658820e-03
46.460000000 -5.298605225368e-03
46.470000000 -5.429496243185e-03
46.480000000 -5.610810597080e-03
46.490000000 -5.875150740998e-03
46.500000000 -6.221523953088e-03
46.510000000 -6.616614056902e-03
46.520000000 -7.011908332770e-03
46.530000000 -7.363684109111e-03
46.540000000 -7.646803709857e-03
46.550000000 -7.864514587387e-03
46.560000000 -8.042885125031e-03
46.570000000 -8.213339342423e-03
46.580000000 -8.405118526826e-03
46.590000000 -8.633093015914e-03
46.600000000 -8.894137248206e-03
46.610000000 -9.168782506214e-03
46.620000000 -9.429250855015e-03
46.630000000 -9.649362700797e-03
46.640000000 -9.811096733467e-03
46.650000000 -9.913800300695e-03
46.660000000 -9.976077936269e-03
46.670000000 -1.002991629048e-02
46.680000000 -1.011179792954e-02
46.690000000 -1.024721392791e-02
46.700000000 -1.044412309362e-02
46.710000000 -1.068946529088e-02
46.720000000 -1.095558033071e-02
46.730000000 -1.121230869050e-02
46.740000000 -1.143615582573e-02
46.750000000 -1.161140914645e-02
46.760000000 -1.172343103071e-02
46.770000000 -1.175142837349e-02
46.780000000 -1.166705406159e-02
46.790000000 -1.143692910697e-02
46.800000000 -1.102990460152e-02
46.810000000 -1.042448815425e-02
46.820000000 -9.614016134474e-03
46.830000000 -8.614633962010e-03
46.840000000 -7.468065365516e-03
46.850000000 -6.242312440861e-03
46.860000000 -5.030225469988e-03
46.870000000 -3.937469373685e-03
46.880000000 -3.058132747852e-03
46.890000000 -2.444427484442e-03
46.900000000 -2.088033422871e-03
46.910000000 -1.917345969144e-03
46.920000000 -1.826173035630e-03
46.930000000 -1.709460263802e-03
46.940000000 -1.489333491761e-03
46.950000000 -1.126426924635e-03
46.960000000 -6.144757659410e-04
46.970000000 2.978659525987e-05
46.980000000 7.774436601386e-04
46.990000000 1.592515549214e-03
47.000000000 2.435962184806e-03
47.010000000 3.272920738833e-03
47.020000000 4.075498442624e-03
47.030000000 4.828104314187e-03
47.040000000 5.527939400462e-03
47.050000000 6.187450326008e-03
47.060000000 6.823608713579e-03
47.070000000 7.447848681012e-03
47.080000000 8.058737507585e-03
47.090000000 8.635749435334e-03
47.100000000 9.147893808725e-03
47.110000000 9.562184600174e-03
47.120000000 9.858736639497e-03
47.130000000 1.003490480769e-02
47.140000000 1.011495794157e-02
47.150000000 1.014372365685e-02
47.160000000 1.017277975054e-02
47.170000000 1.024034604334e-02
47.180000000 1.035841061416e-02
47.190000000 1.050754555435e-02
47.200000000 1.065055774369e-02
47.210000000 1.074861012192e-02
47.220000000 1.078044390674e-02
47.230000000 1.074249690192e-02
47.240000000 1.064342737042e-02
47.250000000 1.049294466066e-02
47.260000000 1.029112887235e-02
47.270000000 1.003717147541e-02
47.280000000 9.737493261164e-03
47.290000000 9.419229992364e-03
47.300000000 9.132659398298e-03
47.310000000 8.945840968437e-03
47.320000000 8.922776701786e-03
47.330000000 9.095260706704e-03
47.340000000 9.436274814694e-03
47.350000000 9.858378263091e-03
47.360000000 1.023495536451e-02
47.370000000 1.044173004862e-02
47.380000000 1.039736690126e-02
47.390000000 1.009076570149e-02
47.400000000 9.579419997316e-03
47.410000000 8.971839606915e-03
47.420000000 8.383312048765e-03
47.430000000 7.900685925398e-03
47.440000000 7.553570778893e-03
47.450000000 7.316343322603e-03
47.460000000 7.127865927916e-03
47.470000000 6.926477034839e-03
47.480000000 6.675260342958e-03
47.490000000 6.363684669790e-03
47.500000000 6.000317823891e-03
47.510000000 5.592343552778e-03
47.520000000 5.140993209731e-03
47.530000000 4.650141000299e-03
47.540000000 4.134223147717e-03
47.550000000 3.625128404647e-03
47.560000000 3.158904758964e-03
47.570000000 2.768121992730e-03
47.580000000 2.469194456349e-03
47.590000000 2.257902611061e-03
47.600000000 2.114052697101e-03
47.610000000 2.001314979429e-03
47.620000000 1.876999149762e-03
47.630000000 1.698135057636e-03
47.640000000 1.435214300176e-03
47.650000000 1.079119138769e-03
47.660000000 6.498483344851e-04
47.670000000 1.936226289673e-04
47.680000000 -2.252701312063e-04
47.690000000 -5.432262750777e-04
47.700000000 -7.184414351495e-04
47.710000000 -7.415341637014e-04
47.720000000 -6.417473207506e-04
47.730000000 -4.752945259959e-04
47.740000000 -3.056198213280e-04
47.750000000 -1.867283849966e-04
47.760000000 -1.480855834409e-04
47.770000000 -1.888418718114e-04
47.780000000 -2.767912147286e-04
47.790000000 -3.593180389068e-04
47.800000000 -3.817244940622e-04
47.810000000 -3.058104113072e-04
47.820000000 -1.247436756692e-04
47.830000000 1.393841238808e-04
47.840000000 4.397755039761e-04
47.850000000 7.179001774108e-04
47.860000000 9.148342140055e-04
47.870000000 9.850579721158e-04
47.880000000 9.068956093776e-04
47.890000000 6.898153496915e-04
47.900000000 3.757488280935e-04
47.910000000 2.171173298975e-05
47.920000000 -3.165736558015e-04
47.930000000 -6.022559105787e-04
47.940000000 -8.203374147344e-04
47.950000000 -9.673642780224e-04
47.960000000 -1.043621954495e-03
47.970000000 -1.044259035347e-03
47.980000000 -9.656892068562e-04
47.990000000 -8.153280897124e-04
48.000000000 -6.194017077313e-04
48.010000000 -4.222544471076e-04
48.020000000 -2.708677926775e-04
48.030000000 -1.990291985613e-04
48.040000000 -2.119955744358e-04
48.050000000 -2.866314724984e-04
48.060000000 -3.816499878066e-04
48.070000000 -4.542327543617e-04
48.080000000 -4.749081447444e-04
48.090000000 -4.353353686514e-04
48.100000000 -3.465092968591e-04
48.110000000 -2.293413872626e-04
48.120000000 -1.016148989229e-04
48.130000000 2.757370646777e-05
48.140000000 1.602396005078e-04
48.150000000 3.028723039653e-04
48.160000000 4.596741164602e-04
48.170000000 6.285823665694e-04
48.180000000 8.026942478266e-04
48.190000000 9.696392406929e-04
48.200000000 1.121693365415e-03
48.210000000 1.258931657405e-03
48.220000000 1.398559467510e-03
48.230000000 1.569668791681e-03
48.240000000 1.804072646691e-03
48.250000000 2.121433420041e-03
48.260000000 2.512834462393e-03
48.270000000 2.945821307780e-03
48.280000000 3.369624076479e-03
48.290000000 3.730988246957e-03
48.300000000 3.984744673828e-03
48.310000000 4.096894866784e-03
48.320000000 4.047047226875e-03
48.330000000 3.828831081018e-03
48.340000000 3.450716107430e-03
48.350000000 2.938413563514e-03
48.360000000 2.333924254483e-03
48.370000000 1.689383559084e-03
48.380000000 1.060905074811e-03
48.390000000 4.967728227395e-04
48.400000000 3.500633644741e-05
48.410000000 -2.985064580881e-04
48.420000000 -4.868273955049e-04
48.430000000 -5.231403118015e-04
48.440000000 -4.202961040681e-04
48.450000000 -2.218208447659e-04
48.460000000 5.549007988692e-07
48.470000000 1.600738617198e-04
48.480000000 1.893043711753e-04
48.490000000 6.349478925709e-05
48.500000000 -1.892286709312e-04
48.510000000 -4.973419718520e-04
48.520000000 -7.716255975362e-04
48.530000000 -9.344903878568e-04
48.540000000 -9.434146166608e-04
48.550000000 -8.101464868550e-04
48.560000000 -5.961441244441e-04
48.570000000 -3.974425855429e-04
48.580000000 -3.111646500260e-04
48.590000000 -4.030969267461e-04
48.600000000 -6.896112674446e-04
48.610000000 -1.134361850994e-03
48.620000000 -1.663282026039e-03
48.630000000 -2.190393859541e-03
48.640000000 -2.645607433283e-03
48.650000000 -2.986045453253e-03
48.660000000 -3.205539907620e-03
48.670000000 -3.331285699153e-03
48.680000000 -3.406132629452e-03
48.690000000 -3.478432063556e-03
48.700000000 -3.582991734390e-03
48.710000000 -3.723732375401e-03
48.720000000 -3.868976048246e-03
48.730000000 -3.953940788828e-03
48.740000000 -3.898779493724e-03
48.750000000 -3.632448174743e-03
48.760000000 -3.119709797830e-03
48.770000000 -2.375337479411e-03
48.780000000 -1.464648139576e-03
48.790000000 -4.940834797131e-04
48.800000000 4.144084076306e-04
48.810000000 1.146230450006e-03
48.820000000 1.614192295519e-03
48.830000000 1.773484019551e-03
48.840000000 1.623459872415e-03
48.850000000 1.214266755270e-03
48.860000000 6.366606336661e-04
48.870000000 4.122466692977e-06
48.880000000 -5.730614229364e-04
48.890000000 -1.019651870797e-03
48.900000000 -1.311035000412e-03
48.910000000 -1.473159937330e-03
48.920000000 -1.555512038386e-03
48.930000000 -1.610634425247e-03
48.940000000 -1.670008105980e-03
48.950000000 -1.742558258609e-03
48.960000000 -1.822405380718e-03
48.970000000 -1.899320048955e-03
48.980000000 -1.960497668628e-03
48.990000000 -1.994202151944e-03
49.000000000 -1.993133582883e-03
49.010000000 -1.952789008379e-03
49.020000000 -1.874784874185e-03
49.030000000 -1.767660437001e-03
49.040000000 -1.642967946930e-03
49.050000000 -1.521035708215e-03
49.060000000 -1.426552203489e-03
49.070000000 -1.386334310834e-03
49.080000000 -1.428636678728e-03
49.090000000 -1.580135957931e-03
49.100000000 -1.859213725229e-03
49.110000000 -2.277367759528e-03
49.120000000 -2.827412265748e-03
49.130000000 -3.483220722099e-03
49.140000000 -4.199377716380e-03
49.150000000 -4.915217768138e-03
49.160000000 -5.574483581046e-03
49.170000000 -6.135978717395e-03
49.180000000 -6.586447358636e-03
49.190000000 -6.937195669252e-03
49.200000000 -7.213986039853e-03
49.210000000 -7.441989895543e-03
49.220000000 -7.630289557637e-03
49.230000000 -7.768028001248e-03
49.240000000 -7.819792586630e-03
49.250000000 -7.743751027249e-03
49.260000000 -7.505898538099e-03
49.270000000 -7.096272439866e-03
49.280000000 -6.533183608643e-03
49.290000000 -5.865358207853e-03
49.300000000 -5.165048954208e-03
49.310000000 -4.515846532017e-03
49.320000000 -3.997973342861e-03
49.330000000 -3.662522481432e-03
49.340000000 -3.514381500368e-03
49.350000000 -3.511907902749e-03
49.360000000 -3.576829304045e-03
49.370000000 -3.624366977862e-03
49.380000000 -3.584404358892e-03
49.390000000 -3.418570505457e-03
49.400000000 -3.122875144407e-03
49.410000000 -2.721821600050e-03
49.420000000 -2.252083176137e-03
49.430000000 -1.754536917601e-03
49.440000000 -1.263344797138e-03
49.450000000 -8.003319024398e-04
49.460000000 -3.715873200795e-04
49.470000000 2.778449165017e-05
49.480000000 4.078868147407e-04
49.490000000 7.802954050639e-04
49.500000000 1.154911791506e-03
49.510000000 1.541356477650e-03
49.520000000 1.947330210361e-03
49.530000000 2.369475640052e-03
49.540000000 2.790629529764e-03
49.550000000 3.178635283053e-03
49.560000000 3.498888866039e-03
49.570000000 3.729720575580e-03
49.580000000 3.869779638188e-03
49.590000000 3.938103290665e-03
49.600000000 3.966677627253e-03
49.610000000 3.988072767795e-03
49.620000000 4.025994679207e-03
49.630000000 4.086078632534e-03
49.640000000 4.156209542929e-03
49.650000000 4.205154448280e-03
49.660000000 4.194591486551e-03
49.670000000 4.092439811834e-03
49.680000000 3.883348538627e-03
49.690000000 3.567283640208e-03
49.700000000 3.154010027876e-03
49.710000000 2.652720639978e-03
49.720000000 2.076293317090e-03
49.730000000 1.446264262990e-03
49.740000000 7.994176757168e-04
49.750000000 1.845387196188e-04
49.760000000 -3.484053320037e-04
49.770000000 -7.608083290732e-04
49.780000000 -1.037067923429e-03
49.790000000 -1.186597908157e-03
49.800000000 -1.240788911835e-03
49.810000000 -1.239710340873e-03
49.820000000 -1.224296976190e-03
49.830000000 -1.221562300573e-03
49.840000000 -1.250005996929e-03
49.850000000 -1.319569048421e-03
49.860000000 -1.438108971328e-03
49.870000000 -1.610035262197e-03
49.880000000 -1.831295800857e-03
49.890000000 -2.088062171585e-03
49.900000000 -2.354132695849e-03
49.910000000 -2.599316954384e-03
49.920000000 -2.793290708370e-03
49.930000000 -2.916285680465e-03
49.940000000 -2.958008623183e-03
49.950000000 -2.920681886323e-03
49.960000000 -2.809880298296e-03
49.970000000 -2.637926613900e-03
49.980000000 -2.419570969619e-03
49.990000000 -2.173870636356e-03
50.000000000 -1.927316260317e-03
50.010000000 -1.701510079325e-03
50.020000000 -1.512448347018e-03
50.030000000 -1.356888290473e-03
50.040000000 -1.221596222977e-03
50.050000000 -1.084362240817e-03
50.060000000 -9.249894619186e-04
50.070000000 -7.286383709875e-04
50.080000000 -4.834597430292e-04
50.090000000 -1.795451117628e-04
50.100000000 1.929079691105e-04
50.110000000 6.419703290054e-04
50.120000000 1.165168489909e-03
50.130000000 1.744409215955e-03
50.140000000 2.344161154014e-03
50.150000000 2.913163376900e-03
50.160000000 3.399328558635e-03
50.170000000 3.757453300002e-03
50.180000000 3.960581224662e-03
50.190000000 4.006452078405e-03
50.200000000 3.908334698477e-03
50.210000000 3.699641640695e-03
50.220000000 3.417437773677e-03
50.230000000 3.102085701749e-03
50.240000000 2.788462771096e-03
50.250000000 2.509266758179e-03
50.260000000 2.292983086550e-03
50.270000000 2.165626283650e-03
50.280000000 2.151232627519e-03
50.290000000 2.265956982575e-03
50.300000000 2.520343047414e-03
50.310000000 2.912552102876e-03
50.320000000 3.431054513004e-03
50.330000000 4.051602976923e-03
50.340000000 4.738786059249e-03
50.350000000 5.445764341033e-03
50.360000000 6.117136045469e-03
50.370000000 6.694817452519e-03
50.380000000 7.124393312915e-03
50.390000000 7.362704002169e-03
50.400000000 7.386735994157e-03
50.410000000 7.192567568408e-03
50.420000000 6.803122325855e-03
50.430000000 6.259855902314e-03
50.440000000 5.621150043084e-03
50.450000000 4.956625070947e-03
50.460000000 4.331499796964e-03
50.470000000 3.804922861888e-03
50.480000000 3.415039262083e-03
50.490000000 3.173794215547e-03
50.500000000 3.062831063313e-03
50.510000000 3.035349673440e-03
50.520000000 3.031980138949e-03
50.530000000 2.993970793133e-03
50.540000000 2.881442714354e-03
50.550000000 2.678732270003e-03
50.560000000 2.390768520246e-03
50.570000000 2.032821611681e-03
50.580000000 1.618752103075e-03
50.590000000 1.152387241336e-03
50.600000000 6.360863589601e-04
50.610000000 8.118726973390e-05
50.620000000 -4.856256138903e-04
50.630000000 -1.020862739533e-03
50.640000000 -1.477265500017e-03
50.650000000 -1.813684637415e-03
50.660000000 -2.005575970650e-03
50.670000000 -2.042376203078e-03
50.680000000 -1.929013617574e-03
50.690000000 -1.682924455804e-03
50.700000000 -1.337285008824e-03
50.710000000 -9.419686537581e-04
50.720000000 -5.591120375711e-04
50.730000000 -2.488610761756e-04
50.740000000 -5.694880032287e-05
50.750000000 -5.746699311782e-06
50.760000000 -9.259865262865e-05
50.770000000 -3.034672960600e-04
50.780000000 -6.176467639447e-04
50.790000000 -1.011672150939e-03
50.800000000 -1.456187735502e-03
50.810000000 -1.913724513687e-03
50.820000000 -2.345928693735e-03
50.830000000 -2.715613707130e-03
50.840000000 -2.998858147253e-03
50.850000000 -3.187400900523e-03
50.860000000 -3.289238277566e-03
50.870000000 -3.323239556985e-03
50.880000000 -3.309514409040e-03
50.890000000 -3.260035046135e-03
50.900000000 -3.171939116525e-03
50.910000000 -3.032824283728e-03
50.920000000 -2.827168625756e-03
50.930000000 -2.551298709569e-03
50.940000000 -2.216258525238e-03
50.950000000 -1.849790203850e-03
50.960000000 -1.489488611893e-03
50.970000000 -1.172528653390e-03
50.980000000 -9.352559007588e-04
50.990000000 -8.031724633675e-04
51.000000000 -7.849160474736e-04
51.010000000 -8.643986147675e-04
51.020000000 -1.005829586504e-03
51.030000000 -1.166754542969e-03
51.040000000 -1.312021686261e-03
51.050000000 -1.426054711790e-03
51.060000000 -1.506644415540e-03
51.070000000 -1.553848783175e-03
51.080000000 -1.563062282840e-03
51.090000000 -1.519389718732e-03
51.100000000 -1.409205889187e-03
51.110000000 -1.223508699866e-03
51.120000000 -9.599823531212e-04
51.130000000 -6.231114490016e-04
51.140000000 -2.187786079318e-04
51.150000000 2.442333427482e-04
51.160000000 7.527501707782e-04
51.170000000 1.292707347193e-03
51.180000000 1.848933367669e-03
51.190000000 2.406605242178e-03
51.200000000 2.949446751986e-03
51.210000000 3.454834651756e-03
51.220000000 3.893561640952e-03
51.230000000 4.235557044204e-03
51.240000000 4.459422337972e-03
51.250000000 4.560731145767e-03
51.260000000 4.555748117760e-03
51.270000000 4.474911164432e-03
51.280000000 4.354479608420e-03
51.290000000 4.218432513098e-03
51.300000000 4.070577459334e-03
51.310000000 3.896496029722e-03
51.320000000 3.676252888637e-03
51.330000000 3.395274206758e-03
51.340000000 3.050995090522e-03
51.350000000 2.651824638131e-03
51.360000000 2.212507378882e-03
51.370000000 1.742471566280e-03
51.380000000 1.248297131220e-03
51.390000000 7.419602586663e-04
51.400000000 2.451988922498e-04
51.410000000 -2.080943106174e-04
51.420000000 -5.851525227113e-04
51.430000000 -8.664765158067e-04
51.440000000 -1.058649695648e-03
51.450000000 -1.189313286945e-03
51.460000000 -1.295647976044e-03
51.470000000 -1.404610834679e-03
51.480000000 -1.530661445022e-03
51.490000000 -1.676395229575e-03
51.500000000 -1.844408304342e-03
51.510000000 -2.046366458048e-03
51.520000000 -2.302279760686e-03
51.530000000 -2.628792701578e-03
51.540000000 -3.028548180844e-03
51.550000000 -3.481120921373e-03
51.560000000 -3.945210579863e-03
51.570000000 -4.364971665747e-03
51.580000000 -4.684850294307e-03
51.590000000 -4.866534436578e-03
51.600000000 -4.900714723691e-03
51.610000000 -4.821573357553e-03
51.620000000 -4.701954091733e-03
51.630000000 -4.633100323561e-03
51.640000000 -4.705437550763e-03
51.650000000 -4.977518814420e-03
51.660000000 -5.465730103679e-03
51.670000000 -6.142311288452e-03
51.680000000 -6.945791769296e-03
51.690000000 -7.796914006979e-03
51.700000000 -8.618317341357e-03
51.710000000 -9.345060807161e-03
51.720000000 -9.928731378951e-03
51.730000000 -1.033612778699e-02
51.740000000 -1.054427081508e-02
51.750000000 -1.053476613147e-02
51.760000000 -1.029445498927e-02
51.770000000 -9.817073436419e-03
51.780000000 -9.110705976537e-03
51.790000000 -8.204674932674e-03
51.800000000 -7.149452089487e-03
51.810000000 -6.018198470084e-03
51.820000000 -4.901559963222e-03
51.830000000 -3.890802129231e-03
51.840000000 -3.068598606883e-03
51.850000000 -2.487375256423e-03
51.860000000 -2.162870955018e-03
51.870000000 -2.073304845990e-03
51.880000000 -2.165525389172e-03
51.890000000 -2.369511676647e-03
51.900000000 -2.615846409825e-03
51.910000000 -2.844086387757e-03
51.920000000 -3.010604166604e-03
51.930000000 -3.083302656010e-03
51.940000000 -3.038447892545e-03
51.950000000 -2.857002380795e-03
51.960000000 -2.526668443311e-03
51.970000000 -2.048169615258e-03
51.980000000 -1.442949428355e-03
51.990000000 -7.539825265808e-04
52.000000000 -3.992154922188e-05
52.010000000 6.334976867165e-04
52.020000000 1.216834044052e-03
52.030000000 1.681975717057e-03
52.040000000 2.033005993352e-03
52.050000000 2.300545257998e-03
52.060000000 2.525473387591e-03
52.070000000 2.750097541050e-03
52.080000000 3.002866646897e-03
52.090000000 3.297052699860e-03
52.100000000 3.629163056995e-03
52.110000000 3.985681078082e-03
52.120000000 4.352740256820e-03
52.130000000 4.722782676147e-03
52.140000000 5.096037214628e-03
52.150000000 5.478208629578e-03
52.160000000 5.869428117589e-03
52.170000000 6.261100454460e-03
52.180000000 6.635265750960e-03
52.190000000 6.965108533711e-03
52.200000000 7.223258189724e-03
52.210000000 7.385585063238e-03
52.220000000 7.437105853619e-03
52.230000000 7.374497349502e-03
52.240000000 7.208065265481e-03
52.250000000 6.959767038648e-03
52.260000000 6.657871078782e-03
52.270000000 6.333066735441e-03
52.280000000 6.010968868282e-03
52.290000000 5.713571934368e-03
52.300000000 5.456983694888e-03
52.310000000 5.254248600067e-03
52.320000000 5.115614360151e-03
52.330000000 5.049455706020e-03
52.340000000 5.061672967354e-03
52.350000000 5.151987967223e-03
52.360000000 5.311316210645e-03
52.370000000 5.518464492239e-03
52.380000000 5.732904056396e-03
52.390000000 5.908657544186e-03
52.400000000 5.993131064424e-03
52.410000000 5.946349838852e-03
52.420000000 5.745426726025e-03
52.430000000 5.389410271511e-03
52.440000000 4.907363377772e-03
52.450000000 4.350470486794e-03
52.460000000 3.785759845069e-03
52.470000000 3.282318178396e-03
52.480000000 2.890847721803e-03
52.490000000 2.634222166886e-03
52.500000000 2.496235150581e-03
52.510000000 2.432224789066e-03
52.520000000 2.377331627955e-03
52.530000000 2.269270764203e-03
52.540000000 2.067377273730e-03
52.550000000 1.763509333813e-03
52.560000000 1.379389043825e-03
52.570000000 9.505338060552e-04
52.580000000 5.084829625832e-04
52.590000000 6.786505661584e-05
52.600000000 -3.740157297583e-04
52.610000000 -8.243143988736e-04
52.620000000 -1.278740751893e-03
52.630000000 -1.714689622140e-03
52.640000000 -2.088077134479e-03
52.650000000 -2.348864696418e-03
52.660000000 -2.456938038856e-03
52.670000000 -2.402026885993e-03
52.680000000 -2.207804113663e-03
52.690000000 -1.928330784770e-03
52.700000000 -1.632945642535e-03
52.710000000 -1.389789965149e-03
52.720000000 -1.248519132483e-03
52.730000000 -1.226620020384e-03
52.740000000 -1.317355885457e-03
52.750000000 -1.492532247161e-03
52.760000000 -1.718641293203e-03
52.770000000 -1.963642576456e-03
52.780000000 -2.200934186663e-03
52.790000000 -2.409619532075e-03
52.800000000 -2.571919329512e-03
52.810000000 -2.675201448316e-03
52.820000000 -2.717086462524e-03
52.830000000 -2.704321724439e-03
52.840000000 -2.656594672821e-03
52.850000000 -2.597287273591e-03
52.860000000 -2.547867154862e-03
52.870000000 -2.516089508893e-03
52.880000000 -2.498357898398e-03
52.890000000 -2.482340202318e-03
52.900000000 -2.456442445363e-03
52.910000000 -2.421617060348e-03
52.920000000 -2.394569278512e-03
52.930000000 -2.402673199844e-03
52.940000000 -2.472722326604e-03
52.950000000 -2.620628265642e-03
52.960000000 -2.841015866898e-03
52.970000000 -3.107159062059e-03
52.980000000 -3.375430117976e-03
52.990000000 -3.597286483421e-03
53.000000000 -3.729547261026e-03
53.010000000 -3.750914000333e-03
53.020000000 -3.669925827323e-03
53.030000000 -3.525790518652e-03
53.040000000 -3.370955900686e-03
53.050000000 -3.249732958239e-03
53.060000000 -3.180174806382e-03
53.070000000 -3.148137768466e-03
53.080000000 -3.110861386053e-03
53.090000000 -3.018175323955e-03
53.100000000 -2.832975457571e-03
53.110000000 -2.549234633343e-03
53.120000000 -2.204833031712e-03
53.130000000 -1.870364745980e-03
53.140000000 -1.624224429620e-03
53.150000000 -1.523464799435e-03
53.160000000 -1.581059660293e-03
53.170000000 -1.763757520705e-03
53.180000000 -2.002928974952e-03
53.190000000 -2.219589679421e-03
53.200000000 -2.344532001074e-03
53.210000000 -2.335789435135e-03
53.220000000 -2.187770520827e-03
53.230000000 -1.928553471713e-03
53.240000000 -1.604871026639e-03
53.250000000 -1.271701551034e-03
53.260000000 -9.737971907789e-04
53.270000000 -7.373673605200e-04
53.280000000 -5.633044678471e-04
53.290000000 -4.321408133474e-04
53.300000000 -3.093544480470e-04
53.310000000 -1.585276253543e-04
53.320000000 5.108283076547e-05
53.330000000 3.332557774507e-04
53.340000000 6.795278580687e-04
53.350000000 1.065356378832e-03
53.360000000 1.452079439683e-03
53.370000000 1.801211704812e-03
53.380000000 2.077213252023e-03
53.390000000 2.253403398625e-03
53.400000000 2.312396836636e-03
53.410000000 2.249157948323e-03
53.420000000 2.070436451273e-03
53.430000000 1.797608100605e-03
53.440000000 1.461446854528e-03
53.450000000 1.102929952866e-03
53.460000000 7.678733556370e-04
53.470000000 5.023705871346e-04
53.480000000 3.484207687339e-04
53.490000000 3.293713048551e-04
53.500000000 4.492378580777e-04
53.510000000 6.838809787734e-04
53.520000000 9.882596308908e-04
53.530000000 1.304611801771e-03
53.540000000 1.572776584710e-03
53.550000000 1.741861172192e-03
53.560000000 1.778527788716e-03
53.570000000 1.674943492554e-03
53.580000000 1.445655482907e-03
53.590000000 1.123580612929e-03
53.600000000 7.574053185274e-04
53.610000000 3.975867991562e-04
53.620000000 9.028647310336e-05
53.630000000 -1.249716192972e-04
53.640000000 -2.243467888639e-04
53.650000000 -2.011898586368e-04
53.660000000 -6.236588616135e-05
53.670000000 1.680734161057e-04
53.680000000 4.641166212848e-04
53.690000000 8.046496717211e-04
53.700000000 1.175935860051e-03
53.710000000 1.565752825706e-03
53.720000000 1.952892500899e-03
53.730000000 2.300128798038e-03
53.740000000 2.558277116276e-03
53.750000000 2.681254837984e-03
53.760000000 2.639503116752e-03
53.770000000 2.432675016643e-03
53.780000000 2.087448899128e-03
53.790000000 1.650901477711e-03
53.800000000 1.180613064690e-03
53.810000000 7.282343086109e-04
53.820000000 3.338288510950e-04
53.830000000 1.889013376963e-05
53.840000000 -2.120824680628e-04
53.850000000 -3.645983190182e-04
53.860000000 -4.491531597011e-04
53.870000000 -4.775167974147e-04
53.880000000 -4.642338034970e-04
53.890000000 -4.296978482488e-04
53.900000000 -3.977167204564e-04
53.910000000 -3.933460260802e-04
53.920000000 -4.383907487827e-04
53.930000000 -5.511103664340e-04
53.940000000 -7.422522991701e-04
53.950000000 -1.015275380501e-03
53.960000000 -1.366472452721e-03
53.970000000 -1.780348337418e-03
53.980000000 -2.228114416689e-03
53.990000000 -2.667519900449e-03
54.000000000 -3.052239762002e-03
54.010000000 -3.341311945369e-03
54.020000000 -3.513204269239e-03
54.030000000 -3.573476754025e-03
54.040000000 -3.550632559015e-03
54.050000000 -3.487987696155e-03
54.060000000 -3.427732209354e-03
54.070000000 -3.399765581834e-03
54.080000000 -3.419420367051e-03
54.090000000 -3.482669369881e-03
54.100000000 -3.570738609967e-03
54.110000000 -3.655510232919e-03
54.120000000 -3.704858270805e-03
54.130000000 -3.689118925537e-03
54.140000000 -3.594259686446e-03
54.150000000 -3.423685705733e-03
54.160000000 -3.197512926888e-03
54.170000000 -2.944738880815e-03
54.180000000 -2.682636957414e-03
54.190000000 -2.404374539681e-03
54.200000000 -2.081279270552e-03
54.210000000 -1.674109262747e-03
54.220000000 -1.152583148511e-03
54.230000000 -5.156030836574e-04
54.240000000 2.085903979835e-04
54.250000000 9.667861597555e-04
54.260000000 1.693284754185e-03
54.270000000 2.329244403405e-03
54.280000000 2.831209328449e-03
54.290000000 3.189398759746e-03
54.300000000 3.428770353468e-03
54.310000000 3.599225513886e-03
54.320000000 3.756465639206e-03
54.330000000 3.943168716281e-03
54.340000000 4.173853495832e-03
54.350000000 4.442722114003e-03
54.360000000 4.727740165809e-03
54.370000000 5.011076752287e-03
54.380000000 5.287814323880e-03
54.390000000 5.564904057599e-03
54.400000000 5.857944366759e-03
54.410000000 6.179954863753e-03
54.420000000 6.532590980413e-03
54.430000000 6.901951693150e-03
54.440000000 7.258755382351e-03
54.450000000 7.567310703701e-03
54.460000000 7.791356052856e-03
54.470000000 7.903902296456e-03
54.480000000 7.895242496739e-03
54.490000000 7.776434914073e-03
54.500000000 7.574988040396e-03
54.510000000 7.326835464562e-03
54.520000000 7.070763295451e-03
54.530000000 6.833620286910e-03
54.540000000 6.630193784286e-03
54.550000000 6.456301332905e-03
54.560000000 6.297933587762e-03
54.570000000 6.138113168484e-03
54.580000000 5.963093663860e-03
54.590000000 5.772260968010e-03
54.600000000 5.578348487215e-03
54.610000000 5.396356963490e-03
54.620000000 5.241226592567e-03
54.630000000 5.114312529215e-03
54.640000000 4.999093958419e-03
54.650000000 4.866243823747e-03
54.660000000 4.686159249865e-03
54.670000000 4.443012212290e-03
54.680000000 4.145755708170e-03
54.690000000 3.831526296983e-03
54.700000000 3.551930822881e-03
54.710000000 3.352809514820e-03
54.720000000 3.262645025750e-03
54.730000000 3.281971510556e-03
54.740000000 3.389219853728e-03
54.750000000 3.545688636977e-03
54.760000000 3.713033208215e-03
54.770000000 3.855147886734e-03
54.780000000 3.939443782562e-03
54.790000000 3.940796439038e-03
54.800000000 3.833995042938e-03
54.810000000 3.601437877179e-03
54.820000000 3.230324385997e-03
54.830000000 2.720111701270e-03
54.840000000 2.084184042865e-03
54.850000000 1.352233819824e-03
54.860000000 5.691877595197e-04
54.870000000 -2.025102150316e-04
54.880000000 -8.921093603594e-04
54.890000000 -1.429789473262e-03
54.900000000 -1.762276162740e-03
54.910000000 -1.865253821551e-03
54.920000000 -1.753602521018e-03
54.930000000 -1.483391885684e-03
54.940000000 -1.139246825942e-03
54.950000000 -8.155315261087e-04
54.960000000 -5.939276426824e-04
54.970000000 -5.245703465146e-04
54.980000000 -6.202124468057e-04
54.990000000 -8.624745125496e-04
55.000000000 -1.215291506884e-03
55.010000000 -1.637546804507e-03
55.020000000 -2.100268766357e-03
55.030000000 -2.585173549555e-03
55.040000000 -3.084550683752e-03
55.050000000 -3.593613602211e-03
55.060000000 -4.104326266527e-03
55.070000000 -4.601534415619e-03
55.080000000 -5.063613807758e-03
55.090000000 -5.466860017088e-03
55.100000000 -5.790661545025e-03
55.110000000 -6.019424149145e-03
55.120000000 -6.144397289571e-03
55.130000000 -6.162518529110e-03
55.140000000 -6.074841675609e-03
55.150000000 -5.888134724205e-03
55.160000000 -5.613283248915e-03
55.170000000 -5.270324809525e-03
55.180000000 -4.887821340074e-03
55.190000000 -4.500596218469e-03
55.200000000 -4.141101406253e-03
55.210000000 -3.828160030207e-03
55.220000000 -3.559805189771e-03
55.230000000 -3.314037779734e-03
55.240000000 -3.055982091880e-03
55.250000000 -2.756835118845e-03
55.260000000 -2.404862599198e-03
55.270000000 -2.010409269062e-03
55.280000000 -1.603696269183e-03
55.290000000 -1.222563360404e-03
55.300000000 -8.982970601494e-04
55.310000000 -6.491114378466e-04
55.320000000 -4.778923141707e-04
55.330000000 -3.790994636537e-04
55.340000000 -3.431069254507e-04
55.350000000 -3.621919679500e-04
55.360000000 -4.283323237369e-04
55.370000000 -5.267146025728e-04
55.380000000 -6.434156489744e-04
55.390000000 -7.619400465530e-04
55.400000000 -8.703633041547e-04
55.410000000 -9.575337681386e-04
55.420000000 -1.015091489498e-03
55.430000000 -1.029612378673e-03
55.440000000 -9.842657816847e-04
55.450000000 -8.632450043592e-04
55.460000000 -6.629622253825e-04
55.470000000 -3.970283385270e-04
55.480000000 -9.719421134758e-05
55.490000000 1.943872825865e-04
55.500000000 4.384451221882e-04
55.510000000 6.087742112101e-04
55.520000000 6.990187343466e-04
55.530000000 7.197530715159e-04
55.540000000 6.939476420293e-04
55.550000000 6.430761389094e-04
55.560000000 5.775309584831e-04
55.570000000 4.918612965325e-04
55.580000000 3.708142019954e-04
55.590000000 2.020191116841e-04
55.600000000 -1.020071527749e-05
55.610000000 -2.453359106235e-04
55.620000000 -4.755448692438e-04
55.630000000 -6.805783022349e-04
55.640000000 -8.605712771344e-04
55.650000000 -1.032099579757e-03
55.660000000 -1.223821321421e-03
55.670000000 -1.455841455127e-03
55.680000000 -1.733547817465e-03
55.690000000 -2.038997855842e-03
55.700000000 -2.341094027960e-03
55.710000000 -2.604505037043e-03
55.720000000 -2.806271455735e-03
55.730000000 -2.941601913199e-03
55.740000000 -3.022748920228e-03
55.750000000 -3.070550138469e-03
55.760000000 -3.099489769363e-03
55.770000000 -3.113534700014e-03
55.780000000 -3.103560294010e-03
55.790000000 -3.055697388700e-03
55.800000000 -2.962913835566e-03
55.810000000 -2.828884961555e-03
55.820000000 -2.672282189482e-03
55.830000000 -2.517667478860e-03
55.840000000 -2.394354799775e-03
55.850000000 -2.328360937789e-03
55.860000000 -2.338710294423e-03
55.870000000 -2.429619501180e-03
55.880000000 -2.587890637811e-03
55.890000000 -2.789618397489e-03
55.900000000 -3.005181817270e-03
55.910000000 -3.210140251130e-03
55.920000000 -3.382297984420e-03
55.930000000 -3.500464974620e-03
55.940000000 -3.538540236053e-03
55.950000000 -3.468180291641e-03
55.960000000 -3.273864480687e-03
55.970000000 -2.969781204750e-03
55.980000000 -2.605453917094e-03
55.990000000 -2.256146610234e-03
56.000000000 -2.001177919895e-03
56.010000000 -1.900281540928e-03
56.020000000 -1.974462321424e-03
56.030000000 -2.206357132466e-03
56.040000000 -2.550583692131e-03
56.050000000 -2.944291857963e-03
56.060000000 -3.322473525456e-03
56.070000000 -3.629408367414e-03
56.080000000 -3.828756453049e-03
56.090000000 -3.910002687670e-03
56.100000000 -3.891453636210e-03
56.110000000 -3.814355837118e-03
56.120000000 -3.729435403763e-03
56.130000000 -3.679010821665e-03
56.140000000 -3.687049972454e-03
56.150000000 -3.757175310261e-03
56.160000000 -3.879103484978e-03
56.170000000 -4.035091225541e-03
56.180000000 -4.212948092401e-03
56.190000000 -4.396348100005e-03
56.200000000 -4.569495151154e-03
56.210000000 -4.712828749378e-03
56.220000000 -4.808988975302e-03
56.230000000 -4.846207025706e-03
56.240000000 -4.821021984942e-03
56.250000000 -4.739564711905e-03
56.260000000 -4.609166280194e-03
56.270000000 -4.436466821751e-03
56.280000000 -4.218287762337e-03
56.290000000 -3.946182247044e-03
56.300000000 -3.607914656736e-03
56.310000000 -3.197093482553e-03
56.320000000 -2.719648646084e-03
56.330000000 -2.198610462886e-03
56.340000000 -1.672906763658e-03
56.350000000 -1.188472719772e-03
56.360000000 -7.879316234735e-04
56.370000000 -5.041450867806e-04
56.380000000 -3.503118641700e-04
56.390000000 -3.194206729295e-04
56.400000000 -3.795542100696e-04
56.410000000 -4.797628999290e-04
56.420000000 -5.640729020277e-04
56.430000000 -5.835892981332e-04
56.440000000 -5.149476449610e-04
56.450000000 -3.640209835847e-04
56.460000000 -1.587379497900e-04
56.470000000 6.554172144191e-05
56.480000000 2.769544197515e-04
56.490000000 4.542689456628e-04
56.500000000 5.903791626257e-04
56.510000000 6.964423465873e-04
56.520000000 7.957342214901e-04
56.530000000 9.229426449124e-04
56.540000000 1.107451639659e-03
56.550000000 1.359665771045e-03
56.560000000 1.666770063004e-03
56.570000000 1.997597349878e-03
56.580000000 2.316876913482e-03
56.590000000 2.603092590025e-03
56.600000000 2.852705621377e-03
56.610000000 3.071994018401e-03
56.620000000 3.269555144638e-03
56.630000000 3.448651743424e-03
56.640000000 3.604750736459e-03
56.650000000 3.729892260115e-03
56.660000000 3.815173749469e-03
56.670000000 3.857654016774e-03
56.680000000 3.859745990607e-03
56.690000000 3.830848796454e-03
56.700000000 3.780232029513e-03
56.710000000 3.712320932105e-03
56.720000000 3.620875940171e-03
56.730000000 3.492078135993e-03
56.740000000 3.314467418006e-03
56.750000000 3.092630342594e-03
56.760000000 2.858335398358e-03
56.770000000 2.667952961723e-03
56.780000000 2.586957594095e-03
56.790000000 2.662041073287e-03
56.800000000 2.903897871580e-03
56.810000000 3.277940201142e-03
56.820000000 3.719418107989e-03
56.830000000 4.151778192130e-03
56.840000000 4.514876031237e-03
56.850000000 4.778498522129e-03
56.860000000 4.941785696711e-03
56.870000000 5.026898015132e-03
56.880000000 5.065233540884e-03
56.890000000 5.079143189159e-03
56.900000000 5.078260252196e-03
56.910000000 5.054475286879e-03
56.920000000 4.989235037537e-03
56.930000000 4.861189752200e-03
56.940000000 4.658062913477e-03
56.950000000 4.382049874636e-03
56.960000000 4.042945106035e-03
56.970000000 3.658533811228e-03
56.980000000 3.247511286194e-03
56.990000000 2.831262474925e-03
57.000000000 2.430884064062e-03
57.010000000 2.068558540671e-03
57.020000000 1.758871317009e-03
57.030000000 1.512496391329e-03
57.040000000 1.332593419544e-03
57.050000000 1.214269603518e-03
57.060000000 1.141571676820e-03
57.070000000 1.091075861572e-03
57.080000000 1.036938412077e-03
57.090000000 9.584555652979e-04
57.100000000 8.468924438499e-04
57.110000000 7.090468022254e-04
57.120000000 5.634651644279e-04
57.130000000 4.361045344998e-04
57.140000000 3.509443372997e-04
57.150000000 3.214115954569e-04
57.160000000 3.465516202513e-04
57.170000000 4.090961107387e-04
57.180000000 4.827759673851e-04
57.190000000 5.415297013116e-04
57.200000000 5.737003327724e-04
57.210000000 5.830606663626e-04
57.220000000 5.920589172355e-04
57.230000000 6.223019339238e-04
57.240000000 6.903932972574e-04
57.250000000 7.896384347136e-04
57.260000000 8.985556942973e-04
57.270000000 9.838506278091e-04
57.280000000 1.012281676404e-03
57.290000000 9.588704242360e-04
57.300000000 8.172597116359e-04
57.310000000 6.003984960533e-04
57.320000000 3.371507315056e-04
57.330000000 6.225192589661e-05
57.340000000 -1.961841215333e-04
57.350000000 -4.233482040329e-04
57.360000000 -6.151814497050e-04
57.370000000 -7.705579015726e-04
57.380000000 -8.826308313970e-04
57.390000000 -9.414200815619e-04
57.400000000 -9.303034829968e-04
57.410000000 -8.410499816369e-04
57.420000000 -6.779876477789e-04
57.430000000 -4.632773562627e-04
57.440000000 -2.365585135317e-04
57.450000000 -4.787476485956e-05
57.460000000 5.091446629773e-05
57.470000000 1.930477322851e-05
57.480000000 -1.591227763377e-04
57.490000000 -4.770128381632e-04
57.500000000 -8.995777684946e-04
57.510000000 -1.380606986884e-03
57.520000000 -1.864670106928e-03
57.530000000 -2.299892137586e-03
57.540000000 -2.640955437514e-03
57.550000000 -2.854946939436e-03
57.560000000 -2.921931521267e-03
57.570000000 -2.839562075319e-03
57.580000000 -2.618542635945e-03
57.590000000 -2.281863903337e-03
57.600000000 -1.858544482454e-03
57.610000000 -1.377133895953e-03
57.620000000 -8.658232733545e-04
57.630000000 -3.444897039108e-04
57.640000000 1.720199228758e-04
57.650000000 6.770748254692e-04
57.660000000 1.161800736509e-03
57.670000000 1.616021970436e-03
57.680000000 2.023836094516e-03
57.690000000 2.366723843478e-03
57.700000000 2.628879972187e-03
57.710000000 2.805801789537e-03
57.720000000 2.906854598129e-03
57.730000000 2.954320080097e-03
57.740000000 2.976506853447e-03
57.750000000 2.997170833843e-03
57.760000000 3.024044631957e-03
57.770000000 3.046914011162e-03
57.780000000 3.039326287343e-03
57.790000000 2.972829830793e-03
57.800000000 2.828327017908e-03
57.810000000 2.607584398120e-03
57.820000000 2.328983308505e-03
57.830000000 2.021711312720e-03
57.840000000 1.710560193913e-03
57.850000000 1.411348294327e-03
57.860000000 1.125433295070e-03
57.870000000 8.492502238912e-04
57.880000000 5.752473635668e-04
57.890000000 3.017336397826e-04
57.900000000 3.362838778524e-05
57.910000000 -2.171313052640e-04
57.920000000 -4.342961676282e-04
57.930000000 -6.003216016567e-04
57.940000000 -7.015508503588e-04
57.950000000 -7.334398879533e-04
57.960000000 -7.038373732325e-04
57.970000000 -6.338005082957e-04
57.980000000 -5.544052795040e-04
57.990000000 -5.025870602828e-04
58.000000000 -5.096644989534e-04
58.010000000 -5.962292224479e-04
58.020000000 -7.670767210260e-04
58.030000000 -1.012266430362e-03
58.040000000 -1.310279278625e-03
58.050000000 -1.634438031804e-03
58.060000000 -1.960553366977e-03
58.070000000 -2.270596291942e-03
58.080000000 -2.561130949877e-03
58.090000000 -2.835415396362e-03
58.100000000 -3.099798157025e-03
58.110000000 -3.354616870495e-03
58.120000000 -3.591503182851e-03
58.130000000 -3.795332094884e-03
58.140000000 -3.948470205525e-03
58.150000000 -4.037213556859e-03
58.160000000 -4.059983175532e-03
58.170000000 -4.030987980684e-03
58.180000000 -3.981083760353e-03
58.190000000 -3.955146000520e-03
58.200000000 -3.998903657525e-03
58.210000000 -4.139161552867e-03
58.220000000 -4.373276756184e-03
58.230000000 -4.662360449783e-03
58.240000000 -4.944486996591e-03
58.250000000 -5.154374445250e-03
58.260000000 -5.246924681011e-03
58.270000000 -5.208552029692e-03
58.280000000 -5.054627598039e-03
58.290000000 -4.818094915366e-03
58.300000000 -4.534834548376e-03
58.310000000 -4.237216238479e-03
58.320000000 -3.947234485131e-03
58.330000000 -3.682470589588e-03
58.340000000 -3.453412259493e-03
58.350000000 -3.266485080094e-03
58.360000000 -3.125446457802e-03
58.370000000 -3.029415250223e-03
58.380000000 -2.978947485309e-03
58.390000000 -2.975633560000e-03
58.400000000 -3.020619609110e-03
58.410000000 -3.110791426507e-03
58.420000000 -3.235604077811e-03
58.430000000 -3.376143216462e-03
58.440000000 -3.508764018340e-03
58.450000000 -3.611648902239e-03
58.460000000 -3.664089601793e-03
58.470000000 -3.650935066182e-03
58.480000000 -3.563022801030e-03
58.490000000 -3.400091057874e-03
58.500000000 -3.172786132852e-03
58.510000000 -2.899083182529e-03
58.520000000 -2.601448328366e-03
58.530000000 -2.297343648943e-03
58.540000000 -1.997583504023e-03
58.550000000 -1.705250086694e-03
58.560000000 -1.422135468627e-03
58.570000000 -1.152885754561e-03
58.580000000 -9.070302278742e-04
58.590000000 -6.979366863217e-04
58.600000000 -5.378539658979e-04
58.610000000 -4.324820843444e-04
58.620000000 -3.747811541212e-04
58.630000000 -3.427908067070e-04
58.640000000 -3.058607416138e-04
58.650000000 -2.367882030009e-04
58.660000000 -1.180492901555e-04
58.670000000 4.889824948562e-05
58.680000000 2.447687281119e-04
58.690000000 4.396674109759e-04
58.700000000 6.059788391859e-04
58.710000000 7.277367906304e-04
58.720000000 8.097474724655e-04
58.730000000 8.750951692014e-04
58.740000000 9.542603363015e-04
58.750000000 1.075686086229e-03
58.760000000 1.258033540147e-03
58.770000000 1.509259486950e-03
58.780000000 1.828462078412e-03
58.790000000 2.210074793174e-03
58.800000000 2.640672922179e-03
58.810000000 3.102183276353e-03
58.820000000 3.570034727578e-03
58.830000000 4.016862467888e-03
58.840000000 4.415336269981e-03
58.850000000 4.742356531871e-03
58.860000000 4.986496131810e-03
58.870000000 5.151432975755e-03
58.880000000 5.258260900644e-03
58.890000000 5.339760959583e-03
58.900000000 5.428751390472e-03
58.910000000 5.547054892337e-03
58.920000000 5.699433611746e-03
58.930000000 5.873500163048e-03
58.940000000 6.045372278284e-03
58.950000000 6.185279282604e-03
58.960000000 6.269509304558e-03
58.970000000 6.283964280860e-03
58.980000000 6.230050115817e-03
58.990000000 6.122450137620e-03
59.000000000 5.989447443363e-03
59.010000000 5.862194051190e-03
59.020000000 5.770340096903e-03
59.030000000 5.732188425648e-03
59.040000000 5.749319534568e-03
59.050000000 5.805497814805e-03
59.060000000 5.875532738899e-03
59.070000000 5.931768556245e-03
59.080000000 5.948684046097e-03
59.090000000 5.908337389304e-03
59.100000000 5.799647610968e-03
59.110000000 5.619484896690e-03
59.120000000 5.373471129255e-03
59.130000000 5.076932992343e-03
59.140000000 4.755522925492e-03
59.150000000 4.440030233767e-03
59.160000000 4.160573682028e-03
59.170000000 3.936860193237e-03
59.180000000 3.767846176093e-03
59.190000000 3.637027107675e-03
59.200000000 3.509010452605e-03
59.210000000 3.344979080220e-03
59.220000000 3.109331386885e-03
59.230000000 2.774004250559e-03
59.240000000 2.324890680910e-03
59.250000000 1.762623119943e-03
59.260000000 1.110548595439e-03
59.270000000 4.144623503838e-04
59.280000000 -2.654985228953e-04
59.290000000 -8.659995489262e-04
59.300000000 -1.337509278865e-03
59.310000000 -1.655572234019e-03
59.320000000 -1.820471512551e-03
59.330000000 -1.853165390699e-03
59.340000000 -1.783999828407e-03
59.350000000 -1.644994818622e-03
59.360000000 -1.468562957021e-03
59.370000000 -1.282280273376e-03
59.380000000 -1.117372212496e-03
59.390000000 -9.989369186254e-04
59.400000000 -9.467742821207e-04
59.410000000 -9.730952362150e-04
59.420000000 -1.070352701269e-03
59.430000000 -1.215145312204e-03
59.440000000 -1.364397938100e-03
59.450000000 -1.469194667980e-03
59.460000000 -1.481613913779e-03
59.470000000 -1.370296939149e-03
59.480000000 -1.131094679854e-03
59.490000000 -7.893877036323e-04
59.500000000 -3.952917091869e-04
59.510000000 -1.393211833027e-05
59.520000000 2.971203457606e-04
59.530000000 5.040022855839e-04
59.540000000 6.053419128320e-04
59.550000000 6.286126786164e-04
59.560000000 6.171979384252e-04
59.570000000 6.106178281613e-04
59.580000000 6.350777094152e-04
59.590000000 6.967234130595e-04
59.600000000 7.872481243809e-04
59.610000000 8.911146844195e-04
59.620000000 9.936784499829e-04
59.630000000 1.091829636829e-03
59.640000000 1.191373278427e-03
59.650000000 1.305753508286e-03
59.660000000 1.447086855323e-03
59.670000000 1.620537962726e-03
59.680000000 1.817626522182e-03
59.690000000 2.018716882045e-03
59.700000000 2.196049282786e-03
59.710000000 2.319796653532e-03
59.720000000 2.369836954911e-03
59.730000000 2.342002533113e-03
59.740000000 2.249534242790e-03
59.750000000 2.116678628443e-03
59.760000000 1.972257367845e-03
59.770000000 1.835597164861e-03
59.780000000 1.718151814952e-03
59.790000000 1.623406250827e-03
59.800000000 1.549201440041e-03
59.810000000 1.497047710638e-03
59.820000000 1.469169471654e-03
59.830000000 1.463765812606e-03
59.840000000 1.473702335370e-03
59.850000000 1.484538634735e-03
59.860000000 1.476362643204e-03
59.870000000 1.429185341112e-03
59.880000000 1.329308419935e-03
59.890000000 1.170510507196e-03
59.900000000 9.562476390150e-04
59.910000000 6.962968308740e-04
59.920000000 4.118826544602e-04
59.930000000 1.306602825968e-04
59.940000000 -1.113591523359e-04
59.950000000 -2.804240822004e-04
59.960000000 -3.537104015916e-04
59.970000000 -3.286137595110e-04
59.980000000 -2.248339026404e-04
59.990000000 -7.818379521541e-05
60.000000000 7.472945414785e-05
60.010000000 2.092911474053e-04
60.020000000 3.207849412326e-04
60.030000000 4.177476513930e-04
60.040000000 5.140961853206e-04
60.050000000 6.124233184582e-04
60.060000000 6.983933058895e-04
60.070000000 7.391657438799e-04
60.080000000 6.957937850873e-04
60.090000000 5.369551137360e-04
60.100000000 2.508167729044e-04
60.110000000 -1.485988081477e-04
60.120000000 -6.209655879874e-04
60.130000000 -1.111124786426e-03
60.140000000 -1.561663261854e-03
60.150000000 -1.922081011165e-03
60.160000000 -2.157970016139e-03
60.170000000 -2.252137456329e-03
60.180000000 -2.204061370629e-03
60.190000000 -2.032969707091e-03
60.200000000 -1.770601713295e-03
60.210000000 -1.458573668531e-03
60.220000000 -1.145041380288e-03
60.230000000 -8.697403167022e-04
60.240000000 -6.645775994007e-04
60.250000000 -5.447039594653e-04
60.260000000 -5.096363277474e-04
60.270000000 -5.432049643535e-04
60.280000000 -6.182694654084e-04
60.290000000 -7.023794250452e-04
60.300000000 -7.668893564511e-04
60.310000000 -7.935557116894e-04
60.320000000 -7.823462116963e-04
60.330000000 -7.509130599117e-04
60.340000000 -7.282252524989e-04
60.350000000 -7.462383640308e-04
60.360000000 -8.322667040441e-04
60.370000000 -1.003231230125e-03
60.380000000 -1.260904026721e-03
60.390000000 -1.591993298755e-03
60.400000000 -1.971047610331e-03
60.410000000 -2.366284974361e-03
60.420000000 -2.742974585783e-03
60.430000000 -3.068016819467e-03
60.440000000 -3.307959341817e-03
60.450000000 -3.430123324913e-03
60.460000000 -3.405436214431e-03
60.470000000 -3.217858670462e-03
60.480000000 -2.872693506269e-03
60.490000000 -2.404397332151e-03
60.500000000 -1.871769448769e-03
60.510000000 -1.347702792608e-03
60.520000000 -8.994478020834e-04
60.530000000 -5.769249808654e-04
60.540000000 -4.029887762023e-04
60.550000000 -3.717110262935e-04
60.560000000 -4.545957381819e-04
60.570000000 -6.099817726236e-04
60.580000000 -7.921761068598e-04
60.590000000 -9.676117084808e-04
60.600000000 -1.114437452636e-03
60.610000000 -1.224916206484e-03
60.620000000 -1.302888028799e-03
60.630000000 -1.351582889788e-03
60.640000000 -1.375074947619e-03
60.650000000 -1.373027991629e-03
60.660000000 -1.348187494612e-03
60.670000000 -1.305950807614e-03
60.680000000 -1.256352123675e-03
60.690000000 -1.212687269542e-03
60.700000000 -1.185871654951e-03
60.710000000 -1.188034906903e-03
60.720000000 -1.225407924312e-03
60.730000000 -1.302277238130e-03
60.740000000 -1.419663328532e-03
60.750000000 -1.576861627729e-03
60.760000000 -1.767624707988e-03
60.770000000 -1.976458417461e-03
60.780000000 -2.179542257051e-03
60.790000000 -2.349074374383e-03
60.800000000 -2.463955472197e-03
60.810000000 -2.521679350472e-03
60.820000000 -2.537191145506e-03
60.830000000 -2.538944051058e-03
60.840000000 -2.555813082020e-03
60.850000000 -2.605536140375e-03
60.860000000 -2.690880785372e-03
60.870000000 -2.804468963797e-03
60.880000000 -2.934879027111e-03
60.890000000 -3.073160223269e-03
60.900000000 -3.215752758465e-03
60.910000000 -3.363618373207e-03
60.920000000 -3.515918523831e-03
60.930000000 -3.671921235091e-03
60.940000000 -3.820904417143e-03
60.950000000 -3.951017424916e-03
60.960000000 -4.049408734710e-03
60.970000000 -4.111857788598e-03
60.980000000 -4.145826005905e-03
60.990000000 -4.172049565449e-03
61.000000000 -4.215430240372e-03
61.010000000 -4.299111086933e-03
61.020000000 -4.432240672529e-03
61.030000000 -4.606591002814e-03
61.040000000 -4.791947075957e-03
61.050000000 -4.946712477885e-03
61.060000000 -5.028144957308e-03
61.070000000 -5.006191221460e-03
61.080000000 -4.876138344746e-03
61.090000000 -4.651214266450e-03
61.100000000 -4.357856215195e-03
61.110000000 -4.022159978698e-03
61.120000000 -3.659083121953e-03
61.130000000 -3.274549634366e-03
61.140000000 -2.865281497873e-03
61.150000000 -2.428056122260e-03
61.160000000 -1.965261070344e-03
61.170000000 -1.487529789582e-03
61.180000000 -1.016414553076e-03
61.190000000 -5.832228528267e-04
61.200000000 -2.196976122612e-04
61.210000000 4.579463439265e-05
61.220000000 2.034739714883e-04
61.230000000 2.599280559631e-04
61.240000000 2.436418405849e-04
61.250000000 1.960733496519e-04
61.260000000 1.620538747872e-04
61.270000000 1.768702435354e-04
61.280000000 2.601099921111e-04
61.290000000 4.082048774179e-04
61.300000000 5.998924171781e-04
61.310000000 8.033035608702e-04
61.320000000 9.869554625533e-04
61.330000000 1.127752517836e-03
61.340000000 1.213303337193e-03
61.350000000 1.243804401561e-03
61.360000000 1.229066977785e-03
61.370000000 1.186011842893e-03
61.380000000 1.135058792943e-03
61.390000000 1.090385935913e-03
61.400000000 1.062101899450e-03
61.410000000 1.052854219760e-03
61.420000000 1.060783399677e-03
61.430000000 1.078903721929e-03
61.440000000 1.104810847976e-03
61.450000000 1.139593748107e-03
61.460000000 1.186675648708e-03
61.470000000 1.252947587452e-03
61.480000000 1.343611534119e-03
61.490000000 1.455200123981e-03
61.500000000 1.577330541980e-03
61.510000000 1.693210321785e-03
61.520000000 1.785274763896e-03
61.530000000 1.838940390296e-03
61.540000000 1.850289584068e-03
61.550000000 1.827062345977e-03
61.560000000 1.783123629989e-03
61.570000000 1.736279277284e-03
61.580000000 1.699226887721e-03
61.590000000 1.675941408381e-03
61.600000000 1.662072309555e-03
61.610000000 1.652050574292e-03
61.620000000 1.642307440353e-03
61.630000000 1.637483354394e-03
61.640000000 1.648258126997e-03
61.650000000 1.685655811870e-03
61.660000000 1.750760534843e-03
61.670000000 1.831874757147e-03
61.680000000 1.905168526475e-03
61.690000000 1.937955991648e-03
61.700000000 1.901068582019e-03
61.710000000 1.770174127272e-03
61.720000000 1.534880043140e-03
61.730000000 1.201585454427e-03
61.740000000 7.954138155201e-04
61.750000000 3.557397770799e-04
61.760000000 -7.245329759535e-05
61.770000000 -4.465313103231e-04
61.780000000 -7.366989261861e-04
61.790000000 -9.285206648743e-04
61.800000000 -1.024974140397e-03
61.810000000 -1.041630240350e-03
61.820000000 -1.001695602362e-03
61.830000000 -9.300739686413e-04
61.840000000 -8.444216426265e-04
61.850000000 -7.542313501582e-04
61.860000000 -6.603353284696e-04
61.870000000 -5.599426233896e-04
61.880000000 -4.564474259630e-04
61.890000000 -3.627100787794e-04
61.900000000 -3.014048691779e-04
61.910000000 -2.906426953129e-04
61.920000000 -3.379708633940e-04
61.930000000 -4.317006691579e-04
61.940000000 -5.440980443127e-04
61.950000000 -6.447783943085e-04
61.960000000 -7.109910274246e-04
61.970000000 -7.378918452895e-04
61.980000000 -7.382658357391e-04
61.990000000 -7.350898351408e-04
62.000000000 -7.463472976152e-04
62.010000000 -7.797066854537e-04
62.020000000 -8.242810613814e-04
62.030000000 -8.613977824571e-04
62.040000000 -8.714503020062e-04
62.050000000 -8.460655952958e-04
62.060000000 -7.902313802043e-04
62.070000000 -7.220560887119e-04
62.080000000 -6.625098773574e-04
62.090000000 -6.263880567917e-04
62.100000000 -6.146951824054e-04
62.110000000 -6.142127919317e-04
62.120000000 -6.034516064738e-04
62.130000000 -5.576862747569e-04
62.140000000 -4.615013349903e-04
62.150000000 -3.088156175961e-04
62.160000000 -1.071195386463e-04
62.170000000 1.332318863405e-04
62.180000000 4.008094937865e-04
62.190000000 6.867965098401e-04
62.200000000 9.801206594760e-04
62.210000000 1.267128072244e-03
62.220000000 1.529527050581e-03
62.230000000 1.749491837054e-03
62.240000000 1.916639429091e-03
62.250000000 2.026921679675e-03
62.260000000 2.085001836311e-03
62.270000000 2.101832508513e-03
62.280000000 2.091381195588e-03
62.290000000 2.061942066604e-03
62.300000000 2.013696414279e-03
62.310000000 1.940086153308e-03
62.320000000 1.832084857786e-03
62.330000000 1.688019004402e-03
62.340000000 1.517660448909e-03
62.350000000 1.338710951514e-03
62.360000000 1.175466925647e-03
62.370000000 1.048461541375e-03
62.380000000 9.730969573880e-04
62.390000000 9.610219842935e-04
62.400000000 1.016747868306e-03
62.410000000 1.139463795905e-03
62.420000000 1.321420770988e-03
62.430000000 1.549408583347e-03
62.440000000 1.801909722823e-03
62.450000000 2.054322415501e-03
62.460000000 2.279609366103e-03
62.470000000 2.456453346770e-03
62.480000000 2.573504219751e-03
62.490000000 2.634800991480e-03
62.500000000 2.653713284270e-03
62.510000000 2.649869331798e-03
62.520000000 2.638269495835e-03
62.530000000 2.625481876202e-03
62.540000000 2.609469351617e-03
62.550000000 2.585276189730e-03
62.560000000 2.546542863807e-03
62.570000000 2.490066423418e-03
62.580000000 2.416520373517e-03
62.590000000 2.332472953717e-03
62.600000000 2.248665646999e-03
62.610000000 2.175218706250e-03
62.620000000 2.116608946892e-03
62.630000000 2.068409029766e-03
62.640000000 2.016350942854e-03
62.650000000 1.941451803500e-03
62.660000000 1.829299477542e-03
62.670000000 1.673781350437e-03
62.680000000 1.483839448235e-03
62.690000000 1.281077381456e-03
62.700000000 1.096459347206e-03
62.710000000 9.597424201233e-04
62.720000000 8.946190999085e-04
62.730000000 9.094974275817e-04
62.740000000 9.953769876033e-04
62.750000000 1.134286334849e-03
62.760000000 1.301275899457e-03
62.770000000 1.472827072493e-03
62.780000000 1.630693822120e-03
62.790000000 1.761676390892e-03
62.800000000 1.862692131138e-03
62.810000000 1.935795867142e-03
62.820000000 1.995871755465e-03
62.830000000 2.063035853331e-03
62.840000000 2.159363422147e-03
62.850000000 2.300667667547e-03
62.860000000 2.488390771158e-03
62.870000000 2.707420409946e-03
62.880000000 2.927652764188e-03
62.890000000 3.111697272169e-03
62.900000000 3.223972980621e-03
62.910000000 3.241089576472e-03
62.920000000 3.158313692998e-03
62.930000000 2.991789880943e-03
62.940000000 2.774585054601e-03
62.950000000 2.547179929538e-03
62.960000000 2.348412985807e-03
62.970000000 2.203338982289e-03
62.980000000 2.122722964739e-03
62.990000000 2.099335755991e-03
63.000000000 2.114523503294e-03
63.010000000 2.143652258672e-03
63.020000000 2.158605181346e-03
63.030000000 2.132112395294e-03
63.040000000 2.038967896713e-03
63.050000000 1.859949276674e-03
63.060000000 1.584369987388e-03
63.070000000 1.217447170095e-03
63.080000000 7.809900976546e-04
63.090000000 3.137079562526e-04
63.100000000 -1.330477744846e-04
63.110000000 -5.093135948582e-04
63.120000000 -7.751977691288e-04
63.130000000 -9.093981476069e-04
63.140000000 -9.167914308771e-04
63.150000000 -8.265028463006e-04
63.160000000 -6.839799463390e-04
63.170000000 -5.410951674649e-04
63.180000000 -4.457914526101e-04
63.190000000 -4.306915464557e-04
63.200000000 -5.075655604162e-04
63.210000000 -6.685847389881e-04
63.220000000 -8.887404523309e-04
63.230000000 -1.131575803198e-03
63.240000000 -1.363779851913e-03
63.250000000 -1.560950324987e-03
63.260000000 -1.714118314127e-03
63.270000000 -1.830801255135e-03
63.280000000 -1.927949490969e-03
63.290000000 -2.024266890369e-03
63.300000000 -2.131251167816e-03
63.310000000 -2.245233554533e-03
63.320000000 -2.351001137791e-03
63.330000000 -2.427295236385e-03
63.340000000 -2.458960060207e-03
63.350000000 -2.448751613680e-03
63.360000000 -2.417876142623e-03
63.370000000 -2.397928071704e-03
63.380000000 -2.414802507482e-03
63.390000000 -2.481467135970e-03
63.400000000 -2.591611240351e-03
63.410000000 -2.729636012222e-03
63.420000000 -2.880328696126e-03
63.430000000 -3.036485725856e-03
63.440000000 -3.197402168948e-03
63.450000000 -3.361926081351e-03
63.460000000 -3.521735809257e-03
63.470000000 -3.654606937997e-03
63.480000000 -3.731317858085e-03
63.490000000 -3.717939024428e-03
63.500000000 -3.590181162383e-03
63.510000000 -3.341012228032e-03
63.520000000 -2.985760180127e-03
63.530000000 -2.560329708120e-03
63.540000000 -2.110977038003e-03
63.550000000 -1.685826988039e-03
63.560000000 -1.320529986880e-03
63.570000000 -1.035748395616e-03
63.580000000 -8.364439532086e-04
63.590000000 -7.174091242960e-04
63.600000000 -6.637762107302e-04
63.610000000 -6.556745595073e-04
63.620000000 -6.669307205373e-04
63.630000000 -6.648702545870e-04
63.640000000 -6.154446339415e-04
63.650000000 -4.933079527402e-04
63.660000000 -2.889083518262e-04
63.670000000 -1.134093247877e-05
63.680000000 3.098976961424e-04
63.690000000 6.349350940379e-04
63.700000000 9.243743793020e-04
63.710000000 1.148024126921e-03
63.720000000 1.294511421905e-03
63.730000000 1.370704105298e-03
63.740000000 1.397372901971e-03
63.750000000 1.397596589738e-03
63.760000000 1.389026783417e-03
63.770000000 1.381158344174e-03
63.780000000 1.376025708705e-03
63.790000000 1.373700045547e-03
63.800000000 1.375972635252e-03
63.810000000 1.385824008749e-03
63.820000000 1.407439375050e-03
63.830000000 1.445328637838e-03
63.840000000 1.504536062449e-03
63.850000000 1.589968264145e-03
63.860000000 1.707802223391e-03
63.870000000 1.860751516916e-03
63.880000000 2.046162603411e-03
63.890000000 2.252364591491e-03
63.900000000 2.462335678585e-03
63.910000000 2.658558471983e-03
63.920000000 2.827799400070e-03
63.930000000 2.961480821828e-03
63.940000000 3.056821373954e-03
63.950000000 3.115627828411e-03
63.960000000 3.141057017617e-03
63.970000000 3.139329915789e-03
63.980000000 3.111844450081e-03
63.990000000 3.056006570893e-03
64.000000000 2.962828698012e-03
64.010000000 2.821821342421e-03
64.020000000 2.628593558298e-03
64.030000000 2.388510154292e-03
64.040000000 2.116353654875e-03
64.050000000 1.828367622108e-03
64.060000000 1.541389774841e-03
64.070000000 1.266109313248e-03
64.080000000 1.012071666201e-03
64.090000000 7.862744863085e-04
64.100000000 5.936025855637e-04
64.110000000 4.331402239381e-04
64.120000000 2.989716600564e-04
64.130000000 1.815560886335e-04
64.140000000 7.180445652920e-05
64.150000000 -3.227078042066e-05
64.160000000 -1.298663493671e-04
64.170000000 -2.215594387002e-04
64.180000000 -3.108930119882e-04
64.190000000 -4.093444974438e-04
64.200000000 -5.297956996370e-04
64.210000000 -6.789211712650e-04
64.220000000 -8.548532507120e-04
64.230000000 -1.047804615499e-03
64.240000000 -1.244818775163e-03
64.250000000 -1.438127909462e-03
64.260000000 -1.621178599072e-03
64.270000000 -1.789346323568e-03
64.280000000 -1.936448915938e-03
64.290000000 -2.050202285605e-03
64.300000000 -2.118020103919e-03
64.310000000 -2.131020894055e-03
64.320000000 -2.092172858393e-03
64.330000000 -2.018198036017e-03
64.340000000 -1.938173024406e-03
64.350000000 -1.882889156619e-03
64.360000000 -1.874828402021e-03
64.370000000 -1.922720756136e-03
64.380000000 -2.020040442225e-03
64.390000000 -2.151013374313e-03
64.400000000 -2.292983214267e-03
64.410000000 -2.422383603041e-03
64.420000000 -2.516803376263e-03
64.430000000 -2.563305147325e-03
64.440000000 -2.561095231746e-03
64.450000000 -2.520139588039e-03
64.460000000 -2.459083371557e-03
64.470000000 -2.394172909500e-03
64.480000000 -2.338263371880e-03
64.490000000 -2.294754336644e-03
64.500000000 -2.264685487701e-03
64.510000000 -2.245067189349e-03
64.520000000 -2.238343822475e-03
64.530000000 -2.248444645290e-03
64.540000000 -2.278463445276e-03
64.550000000 -2.327409484324e-03
64.560000000 -2.388607317093e-03
64.570000000 -2.454946600497e-03
64.580000000 -2.518930301554e-03
64.590000000 -2.580623230329e-03
64.600000000 -2.644016984470e-03
64.610000000 -2.716542858040e-03
64.620000000 -2.799864997409e-03
64.630000000 -2.891619507049e-03
64.640000000 -2.986332256085e-03
64.650000000 -3.080136367843e-03
64.660000000 -3.171915593447e-03
64.670000000 -3.265745965099e-03
64.680000000 -3.364369684684e-03
64.690000000 -3.468341999439e-03
64.700000000 -3.571088421484e-03
64.710000000 -3.661319233135e-03
64.720000000 -3.726123653415e-03
64.730000000 -3.753275539472e-03
64.740000000 -3.737641603682e-03
64.750000000 -3.681982337481e-03
64.760000000 -3.593076659794e-03
64.770000000 -3.477713244518e-03
64.780000000 -3.339816331327e-03
64.790000000 -3.178614668946e-03
64.800000000 -2.991533363593e-03
64.810000000 -2.775371249193e-03
64.820000000 -2.531140515723e-03
64.830000000 -2.263484283972e-03
64.840000000 -1.979195076135e-03
64.850000000 -1.691139422953e-03
64.860000000 -1.414742273911e-03
64.870000000 -1.161704138210e-03
64.880000000 -9.388521947576e-04
64.890000000 -7.443303910802e-04
64.900000000 -5.723479608463e-04
64.910000000 -4.186154313192e-04
64.920000000 -2.834356419116e-04
64.930000000 -1.715722628227e-04
64.940000000 -8.556163618399e-05
64.950000000 -2.461320080916e-05
64.960000000 2.007194433808e-05
64.970000000 5.893328293318e-05
64.980000000 9.763481308615e-05
64.990000000 1.347297870707e-04
65.000000000 1.618014001254e-04
65.010000000 1.670763648150e-04
65.020000000 1.392517512383e-04
65.030000000 6.904451267405e-05
65.040000000 -4.755385013984e-05
65.050000000 -2.088218425790e-04
65.060000000 -4.060062947150e-04
65.070000000 -6.223544030510e-04
65.080000000 -8.355397956346e-04
65.090000000 -1.021450352735e-03
65.100000000 -1.158778401952e-03
65.110000000 -1.232641437745e-03
65.120000000 -1.233728949239e-03
65.130000000 -1.164620796647e-03
65.140000000 -1.034715314181e-03
65.150000000 -8.654464928820e-04
65.160000000 -6.832480520851e-04
65.170000000 -5.171975857235e-04
65.180000000 -3.895470035939e-04
65.190000000 -3.079890406588e-04
65.200000000 -2.661682523055e-04
65.210000000 -2.433912515289e-04
65.220000000 -2.169396562184e-04
65.230000000 -1.651025341629e-04
65.240000000 -7.428013286629e-05
65.250000000 5.890389342172e-05
65.260000000 2.322381024757e-04
65.270000000 4.383884094238e-04
65.280000000 6.675374197219e-04
65.290000000 9.043754734658e-04
65.300000000 1.132256417906e-03
65.310000000 1.327686472309e-03
65.320000000 1.471312364849e-03
65.330000000 1.548653810523e-03
65.340000000 1.557106484410e-03
65.350000000 1.505591290525e-03
65.360000000 1.410445068530e-03
65.370000000 1.287029934332e-03
65.380000000 1.150055962737e-03
65.390000000 1.012058346390e-03
65.400000000 8.832845084994e-04
65.410000000 7.784296238403e-04
65.420000000 7.173572056708e-04
65.430000000 7.183650267872e-04
65.440000000 7.960969475501e-04
65.450000000 9.540379539620e-04
65.460000000 1.183182363265e-03
65.470000000 1.467412359318e-03
65.480000000 1.783742478909e-03
65.490000000 2.114745433783e-03
65.500000000 2.443336056104e-03
65.510000000 2.754084834752e-03
65.520000000 3.031600203244e-03
65.530000000 3.255888504507e-03
65.540000000 3.404790945184e-03
65.550000000 3.463651366579e-03
65.560000000 3.425972256011e-03
65.570000000 3.301810913612e-03
65.580000000 3.118338551794e-03
65.590000000 2.914908122177e-03
65.600000000 2.734083938732e-03
65.610000000 2.614731333853e-03
65.620000000 2.579567680756e-03
65.630000000 2.633855646129e-03
65.640000000 2.765865769545e-03
65.650000000 2.948124728196e-03
65.660000000 3.147680275121e-03
65.670000000 3.331981313729e-03
65.680000000 3.475272605523e-03
65.690000000 3.559458350617e-03
65.700000000 3.579302273230e-03
65.710000000 3.537834230382e-03
65.720000000 3.448819315195e-03
65.730000000 3.332622613860e-03
65.740000000 3.215435757296e-03
65.750000000 3.119290429080e-03
65.760000000 3.053422937404e-03
65.770000000 3.011364501524e-03
65.780000000 2.969638937801e-03
65.790000000 2.900527199683e-03
65.800000000 2.781388885921e-03
65.810000000 2.605249492307e-03
65.820000000 2.381784940416e-03
65.830000000 2.134332839202e-03
65.840000000 1.890909228899e-03
65.850000000 1.674849683366e-03
65.860000000 1.501241755825e-03
65.870000000 1.373400933930e-03
65.880000000 1.284618670835e-03
65.890000000 1.222239473104e-03
65.900000000 1.173747302193e-03
65.910000000 1.129825792145e-03
65.920000000 1.088864597462e-03
65.930000000 1.054892579535e-03
65.940000000 1.032747822701e-03
65.950000000 1.024884374153e-03
65.960000000 1.027035557571e-03
65.970000000 1.029455300859e-03
65.980000000 1.020086367527e-03
65.990000000 9.881479015421e-04
66.000000000 9.287898997139e-04
66.010000000 8.460053404143e-04
66.020000000 7.487866815257e-04
66.030000000 6.480777955382e-04
66.040000000 5.541105323780e-04
66.050000000 4.690957119322e-04
66.060000000 3.925158367688e-04
66.070000000 3.218836415379e-04
66.080000000 2.565539926973e-04
66.090000000 2.024151409043e-04
66.100000000 1.692493782039e-04
66.110000000 1.703849171870e-04
66.120000000 2.196362671368e-04
66.130000000 3.264924021956e-04
66.140000000 4.937727346618e-04
66.150000000 7.158817714283e-04
66.160000000 9.742194407355e-04
66.170000000 1.243510709714e-03
66.180000000 1.495591433709e-03
66.190000000 1.704927876775e-03
66.200000000 1.854094570378e-03
66.210000000 1.931968513937e-03
66.220000000 1.933589492786e-03
66.230000000 1.860368980347e-03
66.240000000 1.715193757631e-03
66.250000000 1.504263691876e-03
66.260000000 1.236204588038e-03
66.270000000 9.141005178099e-04
66.280000000 5.444891773776e-04
66.290000000 1.355524838782e-04
66.300000000 -2.997836999346e-04
66.310000000 -7.382517740959e-04
66.320000000 -1.156997875755e-03
66.330000000 -1.530547347093e-03
66.340000000 -1.839349146328e-03
66.350000000 -2.071497380386e-03
66.360000000 -2.226001359407e-03
66.370000000 -2.311865472094e-03
66.380000000 -2.342576722673e-03
66.390000000 -2.336519199054e-03
66.400000000 -2.309444458014e-03
66.410000000 -2.272434654798e-03
66.420000000 -2.232135373278e-03
66.430000000 -2.190330757682e-03
66.440000000 -2.147799365571e-03
66.450000000 -2.105148414920e-03
66.460000000 -2.064346035024e-03
66.470000000 -2.025864516424e-03
66.480000000 -1.990785927019e-03
66.490000000 -1.959933127283e-03
66.500000000 -1.934770769487e-03
66.510000000 -1.916704919030e-03
66.520000000 -1.906651480371e-03
66.530000000 -1.905408627427e-03
66.540000000 -1.912703888021e-03
66.550000000 -1.932742284233e-03
66.560000000 -1.969171869441e-03
66.570000000 -2.028939066268e-03
66.580000000 -2.115616520257e-03
66.590000000 -2.223078540953e-03
66.600000000 -2.338162859995e-03
66.610000000 -2.438105574487e-03
66.620000000 -2.504217838120e-03
66.630000000 -2.520745106007e-03
66.640000000 -2.484792446561e-03
66.650000000 -2.404383412197e-03
66.660000000 -2.295994194192e-03
66.670000000 -2.180412675986e-03
66.680000000 -2.072249680558e-03
66.690000000 -1.974376346631e-03
66.700000000 -1.877522304866e-03
66.710000000 -1.766696168453e-03
66.720000000 -1.624478114894e-03
66.730000000 -1.444155429859e-03
66.740000000 -1.225318359624e-03
66.750000000 -9.760705967379e-04
66.760000000 -7.059721143515e-04
66.770000000 -4.267093193343e-04
66.780000000 -1.479526236768e-04
66.790000000 1.190480507819e-04
66.800000000 3.602057864572e-04
66.810000000 5.592897324274e-04
66.820000000 7.036947911160e-04
66.830000000 7.879891259447e-04
66.840000000 8.164093030297e-04
66.850000000 8.026534944737e-04
66.860000000 7.671586257080e-04
66.870000000 7.300908853379e-04
66.880000000 7.063232206559e-04
66.890000000 7.006593351957e-04
66.900000000 7.119314609483e-04
66.910000000 7.369556968658e-04
66.920000000 7.748634171424e-04
66.930000000 8.299817791076e-04
66.940000000 9.058327464200e-04
66.950000000 1.003325792621e-03
66.960000000 1.114037484785e-03
66.970000000 1.222232012588e-03
66.980000000 1.311084274768e-03
66.990000000 1.363440043702e-03
67.000000000 1.371231321403e-03
67.010000000 1.333476588367e-03
67.020000000 1.261760063570e-03
67.030000000 1.172993711853e-03
67.040000000 1.087908076507e-03
67.050000000 1.023255010731e-03
67.060000000 9.859443519583e-04
67.070000000 9.709144718962e-04
67.080000000 9.628693495263e-04
67.090000000 9.421981409897e-04
67.100000000 8.961376996159e-04
67.110000000 8.216711683741e-04
67.120000000 7.280468702948e-04
67.130000000 6.340105100970e-04
67.140000000 5.589960233153e-04
67.150000000 5.181373667329e-04
67.160000000 5.138288051793e-04
67.170000000 5.341124723498e-04
67.180000000 5.599987583483e-04
67.190000000 5.699394725617e-04
67.200000000 5.531985567471e-04
67.210000000 5.148131480892e-04
67.220000000 4.681650061462e-04
67.230000000 4.325601423523e-04
67.240000000 4.204802517301e-04
67.250000000 4.376299240702e-04
67.260000000 4.767277602605e-04
67.270000000 5.189156738480e-04
67.280000000 5.398338142682e-04
67.290000000 5.108636400202e-04
67.300000000 4.089113682409e-04
67.310000000 2.210466838428e-04
67.320000000 -5.589541016491e-05
67.330000000 -4.162585129941e-04
67.340000000 -8.464640550983e-04
67.350000000 -1.330272784200e-03
67.360000000 -1.841640766675e-03
67.370000000 -2.343315750737e-03
67.380000000 -2.791137411418e-03
67.390000000 -3.146447214332e-03
67.400000000 -3.387918578075e-03
67.410000000 -3.518023265882e-03
67.420000000 -3.562099612748e-03
67.430000000 -3.557617929920e-03
67.440000000 -3.538138934443e-03
67.450000000 -3.528253462098e-03
67.460000000 -3.537481437146e-03
67.470000000 -3.566032936486e-03
67.480000000 -3.610129893760e-03
67.490000000 -3.664330165193e-03
67.500000000 -3.724462640022e-03
67.510000000 -3.784970304701e-03
67.520000000 -3.836131953264e-03
67.530000000 -3.865189040973e-03
67.540000000 -3.859319464986e-03
67.550000000 -3.809965630747e-03
67.560000000 -3.717173090386e-03
67.570000000 -3.590271738115e-03
67.580000000 -3.446463793258e-03
67.590000000 -3.305598063677e-03
67.600000000 -3.181519573848e-03
67.610000000 -3.083129034004e-03
67.620000000 -3.011381257317e-03
67.630000000 -2.959481626508e-03
67.640000000 -2.914300508298e-03
67.650000000 -2.858346299418e-03
67.660000000 -2.772368740143e-03
67.670000000 -2.644155111037e-03
67.680000000 -2.469300179611e-03
67.690000000 -2.256702980510e-03
67.700000000 -2.020784141193e-03
67.710000000 -1.779694868661e-03
67.720000000 -1.550544318861e-03
67.730000000 -1.344416787244e-03
67.740000000 -1.167300265816e-03
67.750000000 -1.014237837758e-03
67.760000000 -8.705747709012e-04
67.770000000 -7.129477485634e-04
67.780000000 -5.169627215220e-04
67.790000000 -2.621095231599e-04
67.800000000 6.434876768748e-05
67.810000000 4.615741319867e-04
67.820000000 9.193951668186e-04
67.830000000 1.417777560118e-03
67.840000000 1.930820494710e-03
67.850000000 2.432144714991e-03
67.860000000 2.900022435095e-03
67.870000000 3.315273153186e-03
67.880000000 3.672174744904e-03
67.890000000 3.969734910437e-03
67.900000000 4.216893928786e-03
67.910000000 4.423925876853e-03
67.920000000 4.602790429381e-03
67.930000000 4.763032802720e-03
67.940000000 4.910175475786e-03
67.950000000 5.049116264194e-03
67.960000000 5.177572463853e-03
67.970000000 5.286684315451e-03
67.980000000 5.363775671725e-03
67.990000000 5.394995403556e-03
68.000000000 5.369688360486e-03
68.010000000 5.282976067678e-03
68.020000000 5.138777970533e-03
68.030000000 4.946906908184e-03
68.040000000 4.727948227385e-03
68.050000000 4.503782646092e-03
68.060000000 4.291425275526e-03
68.070000000 4.098367154765e-03
68.080000000 3.920941601076e-03
68.090000000 3.743362480652e-03
68.100000000 3.547985915360e-03
68.110000000 3.321833012827e-03
68.120000000 3.061886068786e-03
68.130000000 2.777752848376e-03
68.140000000 2.488921779933e-03
68.150000000 2.220376485462e-03
68.160000000 1.993845077509e-03
68.170000000 1.827078222946e-03
68.180000000 1.728748015002e-03
68.190000000 1.696615579939e-03
68.200000000 1.720960776921e-03
68.210000000 1.778469165365e-03
68.220000000 1.836287034747e-03
68.230000000 1.858349016633e-03
68.240000000 1.815256115594e-03
68.250000000 1.696720125729e-03
68.260000000 1.513652507650e-03
68.270000000 1.294353639221e-03
68.280000000 1.074237542399e-03
68.290000000 8.823374954857e-04
68.300000000 7.324343594604e-04
68.310000000 6.199378363497e-04
68.320000000 5.264179961615e-04
68.330000000 4.263744696632e-04
68.340000000 2.955210103503e-04
68.350000000 1.233672930645e-04
68.360000000 -8.518050019053e-05
68.370000000 -3.161414070681e-04
68.380000000 -5.511554330281e-04
68.390000000 -7.759544005770e-04
68.400000000 -9.813528455080e-04
68.410000000 -1.159431447353e-03
68.420000000 -1.301290297628e-03
68.430000000 -1.394495451961e-03
68.440000000 -1.432727504129e-03
68.450000000 -1.417457746914e-03
68.460000000 -1.360381355509e-03
68.470000000 -1.284599068385e-03
68.480000000 -1.210536234609e-03
68.490000000 -1.153210168130e-03
68.500000000 -1.116005477004e-03
68.510000000 -1.088322068130e-03
68.520000000 -1.049947744214e-03
68.530000000 -9.807328812761e-04
68.540000000 -8.707797059238e-04
68.550000000 -7.258137064659e-04
68.560000000 -5.676070518185e-04
68.570000000 -4.284767433408e-04
68.580000000 -3.367125584616e-04
68.590000000 -3.092942348228e-04
68.600000000 -3.482238439319e-04
68.610000000 -4.437216488184e-04
68.620000000 -5.788183620089e-04
68.630000000 -7.339571132742e-04
68.640000000 -8.923637269946e-04
68.650000000 -1.035372672542e-03
68.660000000 -1.145191853326e-03
68.670000000 -1.206477828961e-03
68.680000000 -1.209603883653e-03
68.690000000 -1.152994104593e-03
68.700000000 -1.043727707129e-03
68.710000000 -8.925092281113e-04
68.720000000 -7.101568438535e-04
68.730000000 -5.044814659898e-04
68.740000000 -2.863149530230e-04
68.750000000 -6.752081993822e-05
68.760000000 1.396679541345e-04
68.770000000 3.260700443531e-04
68.780000000 4.916577839715e-04
68.790000000 6.450349016908e-04
68.800000000 7.987569344246e-04
68.810000000 9.640664442855e-04
68.820000000 1.150104243952e-03
68.830000000 1.361059289742e-03
68.840000000 1.595128905790e-03
68.850000000 1.845104221918e-03
68.860000000 2.096668716382e-03
68.870000000 2.331718723617e-03
68.880000000 2.527608773259e-03
68.890000000 2.666111076952e-03
68.900000000 2.733974561104e-03
68.910000000 2.724745188076e-03
68.920000000 2.641626062794e-03
68.930000000 2.500641979148e-03
68.940000000 2.326622519250e-03
68.950000000 2.145857898579e-03
68.960000000 1.979975427484e-03
68.970000000 1.838526389116e-03
68.980000000 1.723573931854e-03
68.990000000 1.633455065219e-03
69.000000000 1.571378841262e-03
69.010000000 1.545297148506e-03
69.020000000 1.564424254271e-03
69.030000000 1.639476779165e-03
69.040000000 1.775645846708e-03
69.050000000 1.972873241534e-03
69.060000000 2.222321792176e-03
69.070000000 2.500521647674e-03
69.080000000 2.764792071810e-03
69.090000000 2.966930092277e-03
69.100000000 3.065059640169e-03
69.110000000 3.042455988929e-03
69.120000000 2.910950419918e-03
69.130000000 2.703167507066e-03
69.140000000 2.459675907841e-03
69.150000000 2.212663157513e-03
69.160000000 1.980917822616e-03
69.170000000 1.770838602906e-03
69.180000000 1.578123673879e-03
69.190000000 1.391177202817e-03
69.200000000 1.199637726701e-03
69.210000000 9.972137625099e-04
69.220000000 7.866165788393e-04
69.230000000 5.753448224766e-04
69.240000000 3.739603346174e-04
69.250000000 1.874308068774e-04
69.260000000 1.488599445260e-05
69.270000000 -1.491455898600e-04
69.280000000 -3.120791674984e-04
69.290000000 -4.824666735293e-04
69.300000000 -6.652217430917e-04
69.310000000 -8.638803800501e-04
69.320000000 -1.073026423936e-03
69.330000000 -1.280099094912e-03
69.340000000 -1.464583937661e-03
69.350000000 -1.605239910400e-03
69.360000000 -1.686062957638e-03
69.370000000 -1.701098145985e-03
69.380000000 -1.655137512299e-03
69.390000000 -1.558545806510e-03
69.400000000 -1.431379466365e-03
69.410000000 -1.297559937765e-03
69.420000000 -1.187975530295e-03
69.430000000 -1.134320335534e-03
69.440000000 -1.163128951383e-03
69.450000000 -1.291048600986e-03
69.460000000 -1.520121317387e-03
69.470000000 -1.839070907860e-03
69.480000000 -2.223249685538e-03
69.490000000 -2.637729705413e-03
69.500000000 -3.043331449286e-03
69.510000000 -3.403518633732e-03
69.520000000 -3.690499583289e-03
69.530000000 -3.887486048098e-03
69.540000000 -3.991842889036e-03
69.550000000 -4.015451240651e-03
69.560000000 -3.978467694488e-03
69.570000000 -3.907290475348e-03
69.580000000 -3.826907227802e-03
69.590000000 -3.759134404467e-03
69.600000000 -3.715894701776e-03
69.610000000 -3.702609551808e-03
69.620000000 -3.721069327454e-03
69.630000000 -3.769002039620e-03
69.640000000 -3.842007349565e-03
69.650000000 -3.932746125941e-03
69.660000000 -4.029149476787e-03
69.670000000 -4.119027085381e-03
69.680000000 -4.189557278473e-03
69.690000000 -4.231231157049e-03
69.700000000 -4.240179283603e-03
69.710000000 -4.217020089274e-03
69.720000000 -4.171052970254e-03
69.730000000 -4.114005016302e-03
69.740000000 -4.060997564375e-03
69.750000000 -4.023060255448e-03
69.760000000 -4.003622776728e-03
69.770000000 -3.999839022541e-03
69.780000000 -4.006509042570e-03
69.790000000 -4.019229580855e-03
69.800000000 -4.037458209534e-03
69.810000000 -4.062938718289e-03
69.820000000 -4.095448686940e-03
69.830000000 -4.130583851047e-03
69.840000000 -4.156567649673e-03
69.850000000 -4.158856816131e-03
69.860000000 -4.119838865104e-03
69.870000000 -4.023887314514e-03
69.880000000 -3.858816995881e-03
69.890000000 -3.620634490992e-03
69.900000000 -3.312851731096e-03
69.910000000 -2.944009451441e-03
69.920000000 -2.532965868629e-03
69.930000000 -2.105956536748e-03
69.940000000 -1.695362016531e-03
69.950000000 -1.333526198794e-03
69.960000000 -1.051295952399e-03
69.970000000 -8.658697701587e-04
69.980000000 -7.780521242268e-04
69.990000000 -7.735168298518e-04
70.000000000 -8.272574239243e-04
70.010000000 -9.083570426193e-04
70.020000000 -9.903902520378e-04
70.030000000 -1.054096638088e-03
70.040000000 -1.089584141145e-03
70.050000000 -1.096745722936e-03
70.060000000 -1.083306121929e-03
70.070000000 -1.059225435943e-03
70.080000000 -1.034126231658e-03
70.090000000 -1.013433406350e-03
70.100000000 -9.942891483065e-04
70.110000000 -9.696378617804e-04
70.120000000 -9.305649348575e-04
70.130000000 -8.660672858003e-04
70.140000000 -7.701119098493e-04
70.150000000 -6.452233622669e-04
70.160000000 -5.008873564323e-04
70.170000000 -3.519549677368e-04
70.180000000 -2.160626736054e-04
70.190000000 -1.069141113902e-04
70.200000000 -3.367438495284e-05
70.210000000 3.273916559129e-07
70.220000000 -4.528316917461e-06
70.230000000 -3.876820291574e-05
70.240000000 -9.100157089666e-05
70.250000000 -1.462359661493e-04
70.260000000 -1.906841076917e-04
70.270000000 -2.165901195544e-04
70.280000000 -2.251856034692e-04
70.290000000 -2.218239094799e-04
70.300000000 -2.149404577551e-04
70.310000000 -2.153112187845e-04
70.320000000 -2.311469147839e-04
70.330000000 -2.689466675861e-04
70.340000000 -3.291072266264e-04
70.350000000 -4.057570034155e-04
70.360000000 -4.839414235331e-04
70.370000000 -5.458569745390e-04
70.380000000 -5.745122234314e-04
70.390000000 -5.548646702955e-04
70.400000000 -4.763690725143e-04
70.410000000 -3.357769817268e-04
70.420000000 -1.364129469033e-04
70.430000000 1.106979162112e-04
70.440000000 3.863491106285e-04
70.450000000 6.680592488848e-04
70.460000000 9.338430313289e-04
70.470000000 1.167056752728e-03
70.480000000 1.358871352377e-03
70.490000000 1.504383793878e-03
70.500000000 1.609959749873e-03
70.510000000 1.688187026766e-03
70.520000000 1.756898213792e-03
70.530000000 1.834173759290e-03
70.540000000 1.932328165848e-03
70.550000000 2.056853147205e-03
70.560000000 2.201492465383e-03
70.570000000 2.355832968778e-03
70.580000000 2.508031951837e-03
70.590000000 2.647775946052e-03
70.600000000 2.766259795633e-03
70.610000000 2.857376832957e-03
70.620000000 2.917208698351e-03
70.630000000 2.943578080870e-03
70.640000000 2.939584134382e-03
70.650000000 2.912998024067e-03
70.660000000 2.874346397348e-03
70.670000000 2.835164558760e-03
70.680000000 2.804797727733e-03
70.690000000 2.787847046667e-03
70.700000000 2.783209899601e-03
70.710000000 2.786149522990e-03
70.720000000 2.792873888868e-03
70.730000000 2.799075518206e-03
70.740000000 2.801903878619e-03
70.750000000 2.795194664985e-03
70.760000000 2.774260855307e-03
70.770000000 2.734571406244e-03
70.780000000 2.676571535319e-03
70.790000000 2.607201007563e-03
70.800000000 2.537726529947e-03
70.810000000 2.480856299472e-03
70.820000000 2.451538515076e-03
70.830000000 2.461727047233e-03
70.840000000 2.521726774062e-03
70.850000000 2.634878132588e-03
70.860000000 2.788937456515e-03
70.870000000 2.959335955698e-03
70.880000000 3.111223046919e-03
70.890000000 3.211892027102e-03
70.900000000 3.243044948741e-03
70.910000000 3.206412011140e-03
70.920000000 3.120383618653e-03
70.930000000 3.015846339298e-03
70.940000000 2.922092240752e-03
70.950000000 2.860579854204e-03
70.960000000 2.843736055227e-03
70.970000000 2.869923530061e-03
70.980000000 2.928094228237e-03
70.990000000 3.004063742016e-03
71.000000000 3.083192548386e-03
71.010000000 3.157027963553e-03
71.020000000 3.221308867929e-03
71.030000000 3.277489672794e-03
71.040000000 3.324642239550e-03
71.050000000 3.357865367981e-03
71.060000000 3.367710313789e-03
71.070000000 3.340857661968e-03
71.080000000 3.263941826861e-03
71.090000000 3.127853838605e-03
71.100000000 2.932108605876e-03
71.110000000 2.684913827756e-03
71.120000000 2.406613804829e-03
71.130000000 2.123571196314e-03
71.140000000 1.863166235340e-03
71.150000000 1.644321001092e-03
71.160000000 1.469971998359e-03
71.170000000 1.331284713468e-03
71.180000000 1.209470420884e-03
71.190000000 1.086303201989e-03
71.200000000 9.483459536620e-04
71.210000000 7.883262855084e-04
71.220000000 6.056960588341e-04
71.230000000 4.005506466345e-04
71.240000000 1.744388130157e-04
71.250000000 -7.147580255671e-05
71.260000000 -3.376864863215e-04
71.270000000 -6.189507424666e-04
71.280000000 -9.087214672311e-04
71.290000000 -1.195186775342e-03
71.300000000 -1.466792109163e-03
71.310000000 -1.713075498384e-03
71.320000000 -1.928082499702e-03
71.330000000 -2.110480124022e-03
71.340000000 -2.259291969672e-03
71.350000000 -2.372389355126e-03
71.360000000 -2.452840381984e-03
71.370000000 -2.507174714068e-03
71.380000000 -2.550417905716e-03
71.390000000 -2.602210979262e-03
71.400000000 -2.680862053492e-03
71.410000000 -2.795815186255e-03
71.420000000 -2.944231689202e-03
71.430000000 -3.110531900652e-03
71.440000000 -3.275291726888e-03
71.450000000 -3.412296724818e-03
71.460000000 -3.498638215428e-03
71.470000000 -3.515052635236e-03
71.480000000 -3.452781670267e-03
71.490000000 -3.315401657793e-03
71.500000000 -3.115773182995e-03
71.510000000 -2.874981817290e-03
71.520000000 -2.613309803299e-03
71.530000000 -2.348424306284e-03
71.540000000 -2.090232548738e-03
71.550000000 -1.842302208711e-03
71.560000000 -1.602225427519e-03
71.570000000 -1.365858675648e-03
71.580000000 -1.132614638434e-03
71.590000000 -9.055982405687e-04
71.600000000 -6.948675315794e-04
71.610000000 -5.085639710131e-04
71.620000000 -3.503520016237e-04
71.630000000 -2.186092709172e-04
71.640000000 -1.029544363857e-04
71.650000000 5.329898412144e-06
71.660000000 1.140410979546e-04
71.670000000 2.223158723460e-04
71.680000000 3.268512196848e-04
71.690000000 4.209433330918e-04
71.700000000 4.992060182964e-04
71.710000000 5.611122550817e-04
71.720000000 6.108601058526e-04
71.730000000 6.556593819743e-04
71.740000000 7.050903783206e-04
71.750000000 7.690887885221e-04
71.760000000 8.549084542864e-04
71.770000000 9.649045215260e-04
71.780000000 1.096503551373e-03
71.790000000 1.242238010686e-03
71.800000000 1.390382284143e-03
71.810000000 1.530561396223e-03
71.820000000 1.654413849989e-03
71.830000000 1.757600267622e-03
71.840000000 1.842920709738e-03
71.850000000 1.916511582731e-03
71.860000000 1.983908452755e-03
71.870000000 2.042049955089e-03
71.880000000 2.077874996193e-03
71.890000000 2.070918936432e-03
71.900000000 2.000925894568e-03
71.910000000 1.851352417431e-03
71.920000000 1.619154360609e-03
71.930000000 1.313574073531e-03
71.940000000 9.566130186172e-04
71.950000000 5.815513444429e-04
71.960000000 2.231979389454e-04
71.970000000 -8.862712638240e-05
71.980000000 -3.371278043343e-04
71.990000000 -5.251150961348e-04
72.000000000 -6.728679570882e-04
72.010000000 -8.112368588446e-04
72.020000000 -9.717510923658e-04
72.030000000 -1.172955372261e-03
72.040000000 -1.420233064692e-03
72.050000000 -1.700026872195e-03
72.060000000 -1.991282265116e-03
72.070000000 -2.268545759535e-03
72.080000000 -2.509527031678e-03
72.090000000 -2.698745047647e-03
72.100000000 -2.826854958794e-03
72.110000000 -2.895707552752e-03
72.120000000 -2.911606013122e-03
72.130000000 -2.886458356031e-03
72.140000000 -2.829366015355e-03
72.150000000 -2.748075758180e-03
72.160000000 -2.648387793054e-03
72.170000000 -2.540868960990e-03
72.180000000 -2.441797957730e-03
72.190000000 -2.373779743520e-03
72.200000000 -2.355393827938e-03
72.210000000 -2.394333605360e-03
72.220000000 -2.483408918217e-03
72.230000000 -2.602606992670e-03
72.240000000 -2.729735324216e-03
72.250000000 -2.845689060786e-03
72.260000000 -2.947011367931e-03
72.270000000 -3.039250253568e-03
72.280000000 -3.135949307957e-03
72.290000000 -3.246071405896e-03
72.300000000 -3.366469488381e-03
72.310000000 -3.484624056466e-03
72.320000000 -3.577507880579e-03
72.330000000 -3.627523320187e-03
72.340000000 -3.623707781524e-03
72.350000000 -3.563953081492e-03
72.360000000 -3.456666698032e-03
72.370000000 -3.313546622780e-03
72.380000000 -3.147681652360e-03
72.390000000 -2.968815923127e-03
72.400000000 -2.781798792005e-03
72.410000000 -2.582694394157e-03
72.420000000 -2.364370178736e-03
72.430000000 -2.118747981857e-03
72.440000000 -1.847496928528e-03
72.450000000 -1.556440306021e-03
72.460000000 -1.256439455877e-03
72.470000000 -9.543205650020e-04
72.480000000 -6.511070482817e-04
72.490000000 -3.444479853936e-04
72.500000000 -3.421783520459e-05
72.510000000 2.708441673318e-04
72.520000000 5.580850964803e-04
72.530000000 8.142723426541e-04
72.540000000 1.037100406981e-03
72.550000000 1.233296193738e-03
72.560000000 1.419892729194e-03
72.570000000 1.609364020649e-03
72.580000000 1.807176157685e-03
72.590000000 2.004043242467e-03
72.600000000 2.185978822654e-03
72.610000000 2.338033514689e-03
72.620000000 2.452016087813e-03
72.630000000 2.534322073483e-03
72.640000000 2.601048137747e-03
72.650000000 2.673417918436e-03
72.660000000 2.767885641969e-03
72.670000000 2.890437713567e-03
72.680000000 3.035523669552e-03
72.690000000 3.187421218171e-03
72.700000000 3.328553387463e-03
72.710000000 3.440441640946e-03
72.720000000 3.512895466631e-03
72.730000000 3.541752635422e-03
72.740000000 3.525071811012e-03
72.750000000 3.463064992564e-03
72.760000000 3.352034228169e-03
72.770000000 3.187828855225e-03
72.780000000 2.964695451580e-03
72.790000000 2.682649392143e-03
72.800000000 2.351308455457e-03
72.810000000 1.988696301161e-03
72.820000000 1.621120869787e-03
72.830000000 1.272523034689e-03
72.840000000 9.621133698394e-04
72.850000000 7.013733310191e-04
72.860000000 5.010838589515e-04
72.870000000 3.716892786197e-04
72.880000000 3.228583810916e-04
72.890000000 3.635359939438e-04
72.900000000 4.912860029223e-04
72.910000000 6.907099510672e-04
72.920000000 9.334994663310e-04
72.930000000 1.181499106746e-03
72.940000000 1.397881921679e-03
72.950000000 1.552628994585e-03
72.960000000 1.627146843062e-03
72.970000000 1.616995739291e-03
72.980000000 1.527977650867e-03
72.990000000 1.372914426392e-03
73.000000000 1.171501132125e-03
73.010000000 9.442453656884e-04
73.020000000 7.122876979776e-04
73.030000000 4.930725977150e-04
73.040000000 2.989837046220e-04
73.050000000 1.363097695341e-04
73.060000000 4.536082439393e-06
73.070000000 -1.004193142024e-04
73.080000000 -1.869494293360e-04
73.090000000 -2.621344892302e-04
73.100000000 -3.316852806726e-04
73.110000000 -4.001938587568e-04
73.120000000 -4.662645318647e-04
73.130000000 -5.291645995665e-04
73.140000000 -5.825057444483e-04
73.150000000 -6.221932394536e-04
73.160000000 -6.435538754718e-04
73.170000000 -6.431013188093e-04
73.180000000 -6.181746301166e-04
73.190000000 -5.676561761674e-04
73.200000000 -4.930903864783e-04
73.210000000 -3.968540338225e-04
73.220000000 -2.819687386131e-04
73.230000000 -1.538906245933e-04
73.240000000 -1.922186588824e-05
73.250000000 1.151933457266e-04
73.260000000 2.421730117958e-04
73.270000000 3.550524055813e-04
73.280000000 4.484131159474e-04
73.290000000 5.184167433159e-04
73.300000000 5.608159336266e-04
73.310000000 5.745553729385e-04
73.320000000 5.584704777107e-04
73.330000000 5.141936678803e-04
73.340000000 4.473814800246e-04
73.350000000 3.633592083770e-04
73.360000000 2.721183023304e-04
73.370000000 1.838625404042e-04
73.380000000 1.081248662854e-04
73.390000000 5.272612156962e-05
73.400000000 2.173517074319e-05
73.410000000 1.855363286280e-05
73.420000000 4.162698145011e-05
73.430000000 8.968130715419e-05
73.440000000 1.579256650907e-04
73.450000000 2.405889478221e-04
73.460000000 3.338275426525e-04
73.470000000 4.320163388949e-04
73.480000000 5.298952118818e-04
73.490000000 6.250708263638e-04
73.500000000 7.131734100510e-04
73.510000000 7.930818700943e-04
73.520000000 8.631507049329e-04
73.530000000 9.225598287098e-04
73.540000000 9.710557477802e-04
73.550000000 1.007310748402e-03
73.560000000 1.032428520100e-03
73.570000000 1.045237680361e-03
73.580000000 1.044293695625e-03
73.590000000 1.029275557191e-03
73.600000000 9.996334298550e-04
73.610000000 9.552327581360e-04
73.620000000 8.962866536080e-04
73.630000000 8.224263211580e-04
73.640000000 7.352222438050e-04
73.650000000 6.357264030436e-04
73.660000000 5.260163107781e-04
73.670000000 4.093197435473e-04
73.680000000 2.894105117431e-04
73.690000000 1.688818868381e-04
73.700000000 5.297481991292e-05
73.710000000 -5.506724435302e-05
73.720000000 -1.519789191240e-04
73.730000000 -2.352503725914e-04
73.740000000 -3.051683772029e-04
73.750000000 -3.599224022542e-04
73.760000000 -4.019533429016e-04
73.770000000 -4.313008509900e-04
73.780000000 -4.503691533217e-04
73.790000000 -4.619105705096e-04
73.800000000 -4.678833859028e-04
73.810000000 -4.720380997825e-04
73.820000000 -4.761011206343e-04
73.830000000 -4.820820745321e-04
73.840000000 -4.907958384389e-04
73.850000000 -5.049015328373e-04
73.860000000 -5.232475686688e-04
73.870000000 -5.456474067268e-04
73.880000000 -5.710821332894e-04
73.890000000 -5.989199015265e-04
73.900000000 -6.269789490971e-04
73.910000000 -6.548582602087e-04
73.920000000 -6.802177751245e-04
73.930000000 -7.022909397572e-04
73.940000000 -7.207204099731e-04
73.950000000 -7.348846482546e-04
73.960000000 -7.438546445924e-04
73.970000000 -7.477917123768e-04
73.980000000 -7.471080502770e-04
73.990000000 -7.419987523779e-04
74.000000000 -7.330414748434e-04
74.010000000 -7.206399768865e-04
74.020000000 -7.056614908533e-04
74.030000000 -6.880939605819e-04
74.040000000 -6.698101239723e-04
74.050000000 -6.500557870682e-04
74.060000000 -6.298193592448e-04
74.070000000 -6.080114876221e-04
74.080000000 -5.860097441339e-04
74.090000000 -5.631809511310e-04
74.100000000 -5.380159706077e-04
74.110000000 -5.118673221083e-04
74.120000000 -4.831394078502e-04
74.130000000 -4.527185748227e-04
74.140000000 -4.204507845712e-04
74.150000000 -3.866434815520e-04
74.160000000 -3.519715118336e-04
74.170000000 -3.171602396581e-04
74.180000000 -2.830332295871e-04
74.190000000 -2.508409529914e-04
74.200000000 -2.198929705006e-04
74.210000000 -1.922517682020e-04
74.220000000 -1.679079692627e-04
74.230000000 -1.462340996460e-04
74.240000000 -1.278798534737e-04
74.250000000 -1.129222489299e-04
74.260000000 -1.010409290606e-04
74.270000000 -9.159915655769e-05
74.280000000 -8.508180713251e-05
74.290000000 -8.072961061436e-05
74.300000000 -7.800580270088e-05
74.310000000 -7.781993523425e-05
74.320000000 -7.877227427402e-05
74.330000000 -8.108339586036e-05
74.340000000 -8.548781648602e-05
74.350000000 -9.152560919815e-05
74.360000000 -9.904065783160e-05
74.370000000 -1.088328379931e-04
74.380000000 -1.197130751693e-04
74.390000000 -1.329601350003e-04
74.400000000 -1.490764197475e-04
74.410000000 -1.669320761388e-04
74.420000000 -1.877917772518e-04
74.430000000 -2.106912311095e-04
74.440000000 -2.360964933740e-04
74.450000000 -2.630990587256e-04
74.460000000 -2.917327726742e-04
74.470000000 -3.220495094964e-04
74.480000000 -3.518173690854e-04
74.490000000 -3.827299267578e-04
74.500000000 -4.129917530366e-04
74.510000000 -4.429547998211e-04
74.520000000 -4.723380378635e-04
74.530000000 -5.008312372578e-04
74.540000000 -5.269963616450e-04
74.550000000 -5.528607025151e-04
74.560000000 -5.768084446324e-04
74.570000000 -5.990893240721e-04
74.580000000 -6.200844428849e-04
74.590000000 -6.398234556889e-04
74.600000000 -6.573758447356e-04
74.610000000 -6.733923412595e-04
74.620000000 -6.878099405343e-04
74.630000000 -7.001323555939e-04
74.640000000 -7.109140229175e-04
74.650000000 -7.190282487977e-04
74.660000000 -7.262164659703e-04
74.670000000 -7.309082988555e-04
74.680000000 -7.328699017743e-04
74.690000000 -7.329212501414e-04
74.700000000 -7.302065115365e-04
74.710000000 -7.255859425534e-04
74.720000000 -7.182392535371e-04
74.730000000 -7.082421026230e-04
74.740000000 -6.951032182588e-04
74.750000000 -6.800741997211e-04
74.760000000 -6.609300823867e-04
74.770000000 -6.389416691144e-04
74.780000000 -6.140578383328e-04
74.790000000 -5.851339563924e-04
74.800000000 -5.540557504264e-04
74.810000000 -5.189244204989e-04
74.820000000 -4.809128953953e-04
74.830000000 -4.401739891347e-04
74.840000000 -3.971109928537e-04
74.850000000 -3.520852694602e-04
74.860000000 -3.052997137819e-04
74.870000000 -2.573489842354e-04
74.880000000 -2.085930345924e-04
74.890000000 -1.599872946204e-04
74.900000000 -1.112192980064e-04
74.910000000 -6.282346677500e-05
74.920000000 -1.515998513935e-05
74.930000000 3.119846055319e-05
74.940000000 7.617903963299e-05
74.950000000 1.198816883839e-04
74.960000000 1.621701110660e-04
74.970000000 2.032571680119e-04
74.980000000 2.421492480789e-04
74.990000000 2.799553041944e-04
75.000000000 3.159295136279e-04
75.010000000 3.501850245944e-04
75.020000000 3.831981700288e-04
75.030000000 4.149136380894e-04
75.040000000 4.449771769734e-04
75.050000000 4.731063801709e-04
75.060000000 5.009599417572e-04
75.070000000 5.269514795516e-04
75.080000000 5.516176835952e-04
75.090000000 5.749607664045e-04
75.100000000 5.969403257741e-04
75.110000000 6.171589793336e-04
75.120000000 6.362519463103e-04
75.130000000 6.538177648089e-04
75.140000000 6.703022714343e-04
75.150000000 6.849241459597e-04
75.160000000 6.978911740350e-04
75.170000000 7.093625282803e-04
75.180000000 7.181129930341e-04
75.190000000 7.260132040380e-04
75.200000000 7.312875147491e-04
75.210000000 7.342017266422e-04
75.220000000 7.352851224663e-04
75.230000000 7.340395198079e-04
75.240000000 7.299490122125e-04
75.250000000 7.240447239250e-04
75.260000000 7.152694579962e-04
75.270000000 7.042389714991e-04
75.280000000 6.910737773271e-04
75.290000000 6.748809631624e-04
75.300000000 6.572492839061e-04
75.310000000 6.380043694909e-04
75.320000000 6.160975293798e-04
75.330000000 5.934560349601e-04
75.340000000 5.694435803103e-04
75.350000000 5.440839154367e-04
75.360000000 5.180789343895e-04
75.370000000 4.920529656700e-04
75.380000000 4.654621872710e-04
75.390000000 4.379561096481e-04
75.400000000 4.110168927290e-04
75.410000000 3.843477585375e-04
75.420000000 3.579443295566e-04
75.430000000 3.320894370914e-04
75.440000000 3.061320218353e-04
75.450000000 2.820858646603e-04
75.460000000 2.579208264764e-04
75.470000000 2.349729918884e-04
75.480000000 2.130153743073e-04
75.490000000 1.912149990884e-04
75.500000000 1.709145592680e-04
75.510000000 1.519582144176e-04
75.520000000 1.340219071326e-04
75.530000000 1.161987794070e-04
75.540000000 9.992788387067e-05
75.550000000 8.492874358047e-05
75.560000000 7.106182711915e-05
75.570000000 5.761327970602e-05
75.580000000 4.570174155843e-05
75.590000000 3.493714751859e-05
75.600000000 2.524380487868e-05
75.610000000 1.688011083549e-05
75.620000000 9.959610079631e-06
75.630000000 4.131027295689e-06
75.640000000 2.404058073900e-07
75.650000000 -2.822793450540e-06
75.660000000 -4.154071008827e-06
75.670000000 -3.761071366490e-06
75.680000000 -2.025743609811e-06
75.690000000 1.312241978806e-07
75.700000000 4.256573672103e-06
75.710000000 9.180298959320e-06
75.720000000 1.574661302142e-05
75.730000000 2.268599139517e-05
75.740000000 3.027488816382e-05
75.750000000 3.901482897588e-05
75.760000000 4.796902674377e-05
75.770000000 5.735449162073e-05
75.780000000 6.697481401451e-05
75.790000000 7.690046466347e-05
75.800000000 8.588878713870e-05
75.810000000 9.621464103120e-05
75.820000000 1.057159013640e-04
75.830000000 1.151254616504e-04
75.840000000 1.241288932021e-04
75.850000000 1.327199879733e-04
75.860000000 1.412369472668e-04
75.870000000 1.487651938645e-04
75.880000000 1.559074193538e-04
75.890000000 1.620561747414e-04
75.900000000 1.681562933010e-04
75.910000000 1.731559885131e-04
75.920000000 1.770598391685e-04
75.930000000 1.809244513882e-04
75.940000000 1.831224953489e-04
75.950000000 1.848875361037e-04
75.960000000 1.851590608480e-04
75.970000000 1.848338366188e-04
75.980000000 1.838775011998e-04
75.990000000 1.814721029558e-04
76.000000000 1.780678179219e-04
76.010000000 1.740985137551e-04
76.020000000 1.694315885004e-04
76.030000000 1.639328454523e-04
76.040000000 1.567302239968e-04
76.050000000 1.499586917522e-04
76.060000000 1.413554380819e-04
76.070000000 1.328661028139e-04
76.080000000 1.230757718953e-04
76.090000000 1.131515419739e-04
76.100000000 1.021216614976e-04
76.110000000 9.074265873913e-05
76.120000000 7.920251836851e-05
76.130000000 6.631557012364e-05
76.140000000 5.380201004188e-05
76.150000000 4.034994748789e-05
76.160000000 2.710299318632e-05
76.170000000 1.304389176285e-05
76.180000000 -9.473832778435e-07
76.190000000 -1.492610229557e-05
76.200000000 -2.898765226286e-05
76.210000000 -4.286659384104e-05
76.220000000 -5.772614034042e-05
76.230000000 -7.197377652014e-05
76.240000000 -8.600092699007e-05
76.250000000 -9.969780925366e-05
76.260000000 -1.129290091696e-04
76.270000000 -1.262785901403e-04
76.280000000 -1.391955360011e-04
76.290000000 -1.520472027957e-04
76.300000000 -1.638958719680e-04
76.310000000 -1.760338654032e-04
76.320000000 -1.877347679327e-04
76.330000000 -1.982212802848e-04
76.340000000 -2.090659861928e-04
76.350000000 -2.182233982646e-04
76.360000000 -2.272357132771e-04
76.370000000 -2.360545182017e-04
76.380000000 -2.437442261965e-04
76.390000000 -2.507107384465e-04
76.400000000 -2.570972368738e-04
76.410000000 -2.626800891799e-04
76.420000000 -2.673264874749e-04
76.430000000 -2.717703898554e-04
76.440000000 -2.747493882740e-04
76.450000000 -2.769877848455e-04
76.460000000 -2.790323822458e-04
76.470000000 -2.800595315447e-04
76.480000000 -2.799532583569e-04
76.490000000 -2.797947879156e-04
76.500000000 -2.786843017716e-04
76.510000000 -2.770969981294e-04
76.520000000 -2.741942698983e-04
76.530000000 -2.712643994143e-04
76.540000000 -2.679939783753e-04
76.550000000 -2.639668417967e-04
76.560000000 -2.597919794513e-04
76.570000000 -2.546357431868e-04
76.580000000 -2.498008566071e-04
76.590000000 -2.439252707293e-04
76.600000000 -2.386826036981e-04
76.610000000 -2.330361287753e-04
76.620000000 -2.268962683516e-04
76.630000000 -2.209980881605e-04
76.640000000 -2.148815023908e-04
76.650000000 -2.091835986230e-04
76.660000000 -2.040456317209e-04
76.670000000 -1.978415671472e-04
76.680000000 -1.922267985807e-04
76.690000000 -1.869662997410e-04
76.700000000 -1.816032806653e-04
76.710000000 -1.767624289994e-04
76.720000000 -1.716065247373e-04
76.730000000 -1.669538951864e-04
76.740000000 -1.627444014508e-04
76.750000000 -1.577916744489e-04
76.760000000 -1.542471729219e-04
76.770000000 -1.509445299181e-04
76.780000000 -1.471181106851e-04
76.790000000 -1.442383230183e-04
76.800000000 -1.416353555095e-04
76.810000000 -1.388938048147e-04
76.820000000 -1.369786651303e-04
76.830000000 -1.348827380119e-04
76.840000000 -1.331594506695e-04
76.850000000 -1.321944561154e-04
76.860000000 -1.312069955262e-04
76.870000000 -1.306461718124e-04
76.880000000 -1.299033300922e-04
76.890000000 -1.299503445917e-04
76.900000000 -1.299553789022e-04
76.910000000 -1.298997146991e-04
76.920000000 -1.306566427897e-04
76.930000000 -1.311973687825e-04
76.940000000 -1.322296408632e-04
76.950000000 -1.329853557730e-04
76.960000000 -1.335656547527e-04
76.970000000 -1.349746286464e-04
76.980000000 -1.362601493683e-04
76.990000000 -1.371516375381e-04
77.000000000 -1.382697724483e-04
77.010000000 -1.389584054265e-04
77.020000000 -1.396170103300e-04
77.030000000 -1.402828365447e-04
77.040000000 -1.409740171125e-04
77.050000000 -1.409548111750e-04
77.060000000 -1.409427171994e-04
77.070000000 -1.409926409780e-04
77.080000000 -1.407619841714e-04
77.090000000 -1.396693930802e-04
77.100000000 -1.387557203352e-04
77.110000000 -1.370106252781e-04
77.120000000 -1.349156483195e-04
77.130000000 -1.330212743223e-04
77.140000000 -1.307335496512e-04
77.150000000 -1.277260514966e-04
77.160000000 -1.240312173584e-04
77.170000000 -1.199034590270e-04
77.180000000 -1.160312312497e-04
77.190000000 -1.117260792790e-04
77.200000000 -1.067346427837e-04
77.210000000 -1.010198723792e-04
77.220000000 -9.491915510198e-05
77.230000000 -8.900558939288e-05
77.240000000 -8.276573977319e-05
77.250000000 -7.565594578088e-05
77.260000000 -6.828606953414e-05
77.270000000 -6.095553999189e-05
77.280000000 -5.301688855050e-05
77.290000000 -4.469675782414e-05
77.300000000 -3.592491955516e-05
77.310000000 -2.729264021088e-05
77.320000000 -1.815103856327e-05
77.330000000 -9.256043480216e-06
77.340000000 -1.481983068083e-08
77.350000000 1.012538473188e-05
77.360000000 1.979054674801e-05
77.370000000 2.899070074732e-05
77.380000000 3.907440384513e-05
77.390000000 4.904289768886e-05
77.400000000 5.904707225469e-05
77.410000000 6.907023292717e-05
77.420000000 7.901775510910e-05
77.430000000 8.912829328656e-05
77.440000000 9.878979357802e-05
77.450000000 1.080274332442e-04
77.460000000 1.178966573483e-04
77.470000000 1.267488966127e-04
77.480000000 1.358729874825e-04
77.490000000 1.440991461423e-04
77.500000000 1.520301543191e-04
77.510000000 1.601089625826e-04
77.520000000 1.678579265099e-04
77.530000000 1.747837013473e-04
77.540000000 1.813487065725e-04
77.550000000 1.881438509932e-04
77.560000000 1.933466152584e-04
77.570000000 1.987931814545e-04
77.580000000 2.038451781961e-04
77.590000000 2.081506059956e-04
77.600000000 2.118410965309e-04
77.610000000 2.148029527720e-04
77.620000000 2.178330494923e-04
77.630000000 2.201693801454e-04
77.640000000 2.213118287618e-04
77.650000000 2.223606252270e-04
77.660000000 2.230960447222e-04
77.670000000 2.230802833910e-04
77.680000000 2.228806667320e-04
77.690000000 2.217708588484e-04
77.700000000 2.203596703998e-04
77.710000000 2.191348691227e-04
77.720000000 2.163526493253e-04
77.730000000 2.137815826166e-04
77.740000000 2.108557938880e-04
77.750000000 2.071128636616e-04
77.760000000 2.030211029925e-04
77.770000000 1.991121040449e-04
77.780000000 1.948515913140e-04
77.790000000 1.897827748368e-04
77.800000000 1.848295914839e-04
77.810000000 1.797783640283e-04
77.820000000 1.743535916556e-04
77.830000000 1.690988098120e-04
77.840000000 1.630311460926e-04
77.850000000 1.570703588638e-04
77.860000000 1.510355801943e-04
77.870000000 1.450711547986e-04
77.880000000 1.390244996062e-04
77.890000000 1.330900194099e-04
77.900000000 1.269767742001e-04
77.910000000 1.218083362235e-04
77.920000000 1.161017389062e-04
77.930000000 1.100363597553e-04
77.940000000 1.040213740539e-04
77.950000000 9.874122407002e-05
77.960000000 9.332344944928e-05
77.970000000 8.828255813328e-05
77.980000000 8.330112181370e-05
77.990000000 7.829868937946e-05
78.000000000 7.377314248324e-05
78.010000000 6.896767826497e-05
78.020000000 6.511639308997e-05
78.030000000 6.094023139669e-05
78.040000000 5.734291585952e-05
78.050000000 5.403072868798e-05
78.060000000 5.076724638414e-05
78.070000000 4.774364144750e-05
78.080000000 4.505908331407e-05
78.090000000 4.280180193494e-05
78.100000000 4.000415071954e-05
78.110000000 3.800163480710e-05
78.120000000 3.680626988315e-05
78.130000000 3.505352330399e-05
78.140000000 3.375444338695e-05
78.150000000 3.275340104588e-05
78.160000000 3.205518554455e-05
78.170000000 3.130642326113e-05
78.180000000 3.101541335664e-05
78.190000000 3.035512091306e-05
78.200000000 2.993668423670e-05
78.210000000 3.012316817834e-05
78.220000000 2.996681965212e-05
78.230000000 3.029051080406e-05
78.240000000 3.114784232195e-05
78.250000000 3.093907616823e-05
78.260000000 3.134379960388e-05
78.270000000 3.204855594130e-05
78.280000000 3.225804967684e-05
78.290000000 3.315970135109e-05
78.300000000 3.295156454356e-05
78.310000000 3.381253936229e-05
78.320000000 3.412763433414e-05
78.330000000 3.397523148088e-05
78.340000000 3.479654990495e-05
78.350000000 3.514173613037e-05
78.360000000 3.497549663639e-05
78.370000000 3.516092911926e-05
78.380000000 3.425463364217e-05
78.390000000 3.406715856730e-05
78.400000000 3.382322728244e-05
78.410000000 3.299816543221e-05
78.420000000 3.242266704107e-05
78.430000000 3.121007831369e-05
78.440000000 3.041951483683e-05
78.450000000 2.900692551500e-05
78.460000000 2.730625368889e-05
78.470000000 2.611127914746e-05
78.480000000 2.404092168401e-05
78.490000000 2.203986327962e-05
78.500000000 2.011376727740e-05
78.510000000 1.730132412644e-05
78.520000000 1.501438199588e-05
78.530000000 1.240691986104e-05
78.540000000 9.227536247353e-06
78.550000000 6.394813308856e-06
78.560000000 3.041041464969e-06
78.570000000 -2.606008365503e-07
78.580000000 -3.644874086163e-06
78.590000000 -6.883686138320e-06
78.600000000 -1.102556807471e-05
78.610000000 -1.468939351001e-05
78.620000000 -1.788924721903e-05
78.630000000 -2.197265002655e-05
78.640000000 -2.594085874821e-05
78.650000000 -2.994315026229e-05
78.660000000 -3.397025167977e-05
78.670000000 -3.789690232520e-05
78.680000000 -4.218157242889e-05
78.690000000 -4.704371976282e-05
78.700000000 -5.087498519328e-05
78.710000000 -5.504968937852e-05
78.720000000 -5.817125471000e-05
78.730000000 -6.192084680971e-05
78.740000000 -6.593684434873e-05
78.750000000 -7.001818385979e-05
78.760000000 -7.318656251887e-05
78.770000000 -7.693461197792e-05
78.780000000 -8.027121591447e-05
78.790000000 -8.318375922427e-05
78.800000000 -8.668997119830e-05
78.810000000 -8.926466001060e-05
78.820000000 -9.194549726482e-05
78.830000000 -9.467308704585e-05
78.840000000 -9.704277962880e-05
78.850000000 -9.890262136280e-05
78.860000000 -1.009933082310e-04
78.870000000 -1.029183896396e-04
78.880000000 -1.050072494192e-04
78.890000000 -1.062485704381e-04
78.900000000 -1.076799195515e-04
78.910000000 -1.087267595211e-04
78.920000000 -1.096799334428e-04
78.930000000 -1.102485982206e-04
78.940000000 -1.110072910929e-04
78.950000000 -1.109184452046e-04
78.960000000 -1.109923262284e-04
78.970000000 -1.109052136771e-04
78.980000000 -1.110369305744e-04
78.990000000 -1.106832122428e-04
79.000000000 -1.099281949865e-04
79.010000000 -1.097922000116e-04
79.020000000 -1.086469130816e-04
79.030000000 -1.077526253184e-04
79.040000000 -1.066495372387e-04
79.050000000 -1.052845558263e-04
79.060000000 -1.039383577632e-04
79.070000000 -1.021639092283e-04
79.080000000 -1.010643177298e-04
79.090000000 -9.884483690637e-05
79.100000000 -9.722642443603e-05
79.110000000 -9.600507437655e-05
79.120000000 -9.392273691905e-05
79.130000000 -9.197459482228e-05
79.140000000 -8.992825253449e-05
79.150000000 -8.797867648746e-05
79.160000000 -8.591191414274e-05
79.170000000 -8.402035638599e-05
79.180000000 -8.169876815159e-05
79.190000000 -7.888432498305e-05
79.200000000 -7.698421066729e-05
79.210000000 -7.492787787023e-05
79.220000000 -7.296473396254e-05
79.230000000 -7.093782295325e-05
79.240000000 -6.895932497234e-05
79.250000000 -6.693929435254e-05
79.260000000 -6.496132441873e-05
79.270000000 -6.293198731789e-05
79.280000000 -6.097685299977e-05
79.290000000 -5.889200657545e-05
79.300000000 -5.768464648921e-05
79.310000000 -5.604026622366e-05
79.320000000 -5.386304616095e-05
79.330000000 -5.219672565009e-05
79.340000000 -5.104028706052e-05
79.350000000 -4.885074993851e-05
79.360000000 -4.772598647361e-05
79.370000000 -4.597586405159e-05
79.380000000 -4.460090014302e-05
79.390000000 -4.329124387976e-05
79.400000000 -4.194544612905e-05
79.410000000 -4.061667536549e-05
79.420000000 -3.928509402514e-05
79.430000000 -3.794347815518e-05
79.440000000 -3.663013920616e-05
79.450000000 -3.574683073478e-05
79.460000000 -3.415237821805e-05
79.470000000 -3.327264534049e-05
79.480000000 -3.195030466062e-05
79.490000000 -3.062796398075e-05
79.500000000 -2.974823110320e-05
79.510000000 -2.815377858646e-05
79.520000000 -2.727047011509e-05
79.530000000 -2.595713116607e-05
79.540000000 -2.461551529610e-05
79.550000000 -2.328393395575e-05
79.560000000 -2.195516319220e-05
79.570000000 -2.061041690026e-05
79.580000000 -1.929720021141e-05
79.590000000 -1.792964010400e-05
79.600000000 -1.616606628863e-05
79.610000000 -1.506384935597e-05
79.620000000 -1.283829914015e-05
79.630000000 -1.173822385104e-05
79.640000000 -9.983326335154e-06
79.650000000 -7.959815786941e-06
79.660000000 -5.902699812651e-06
79.670000000 -4.686783167408e-06
79.680000000 -3.034608718183e-06
79.690000000 -8.976723725940e-07
79.700000000 1.000292283422e-06
79.710000000 3.102313736163e-06
79.720000000 4.965363499332e-06
79.730000000 7.814485352935e-06
79.740000000 1.009578711434e-05
79.750000000 1.204355208314e-05
79.760000000 1.401252254346e-05
79.770000000 1.626909214276e-05
79.780000000 1.915187467617e-05
79.790000000 2.095314564875e-05
79.800000000 2.330790027085e-05
79.810000000 2.612586424389e-05
79.820000000 2.797306107824e-05
79.830000000 3.079102505128e-05
79.840000000 3.314577967337e-05
79.850000000 3.494705064595e-05
79.860000000 3.782983317937e-05
79.870000000 4.008640277867e-05
79.880000000 4.205537323898e-05
79.890000000 4.400313820779e-05
79.900000000 4.678575016326e-05
79.910000000 4.913105285598e-05
79.920000000 5.100255787907e-05
79.930000000 5.308967043043e-05
79.940000000 5.501256748622e-05
79.950000000 5.711088047210e-05
79.960000000 5.882234266921e-05
79.970000000 5.994549253766e-05
79.980000000 6.216363895234e-05
79.990000000 6.376110331864e-05
80.000000000 6.504174675967e-05
80.010000000 6.637646381634e-05
80.020000000 6.775857351497e-05
80.030000000 6.883587797383e-05
80.040000000 6.977041258886e-05
80.050000000 7.083824995012e-05
80.060000000 7.175342649978e-05
80.070000000 7.238634434192e-05
80.080000000 7.302708130662e-05
80.090000000 7.328540025328e-05
80.100000000 7.412433588811e-05
80.110000000 7.402214721160e-05
80.120000000 7.405854374231e-05
80.130000000 7.406709335570e-05
80.140000000 7.401179812616e-05
80.150000000 7.413850499882e-05
80.160000000 7.376337111061e-05
80.170000000 7.306257678814e-05
80.180000000 7.281625963575e-05
80.190000000 7.200727461298e-05
80.200000000 7.139730351133e-05
80.210000000 7.074590908296e-05
80.220000000 6.983981378096e-05
80.230000000 6.877196252845e-05
80.240000000 6.782726742451e-05
80.250000000 6.677197219498e-05
80.260000000 6.535166504966e-05
80.270000000 6.407972748589e-05
80.280000000 6.268560749103e-05
80.290000000 6.142341537344e-05
80.300000000 5.999404466009e-05
80.310000000 5.831465200303e-05
80.320000000 5.707227952529e-05
80.330000000 5.523502371504e-05
80.340000000 5.418427652549e-05
80.350000000 5.191725801934e-05
80.360000000 5.085793910256e-05
80.370000000 4.903906311204e-05
80.380000000 4.726358884825e-05
80.390000000 4.615124501873e-05
80.400000000 4.395814021186e-05
80.410000000 4.229548270264e-05
80.420000000 4.114653532207e-05
80.430000000 3.893588011638e-05
80.440000000 3.785017129179e-05
80.450000000 3.603295304697e-05
80.460000000 3.478202401022e-05
80.470000000 3.310147859532e-05
80.480000000 3.168253742962e-05
80.490000000 3.040042510900e-05
80.500000000 2.903813632721e-05
80.510000000 2.721659803734e-05
80.520000000 2.638641429890e-05
80.530000000 2.503435499004e-05
80.540000000 2.374092235280e-05
80.550000000 2.282471731834e-05
80.560000000 2.128315332675e-05
80.570000000 2.030508662644e-05
80.580000000 1.929650795359e-05
80.590000000 1.829294058238e-05
80.600000000 1.730996062392e-05
80.610000000 1.627456203964e-05
80.620000000 1.583865867223e-05
80.630000000 1.471988818041e-05
80.640000000 1.406610980127e-05
80.650000000 1.333698201502e-05
80.660000000 1.280766871867e-05
80.670000000 1.173874520550e-05
80.680000000 1.105645044324e-05
80.690000000 1.082758414816e-05
80.700000000 9.975080931352e-06
80.710000000 9.443996104625e-06
80.720000000 8.648876039053e-06
80.730000000 8.133766740711e-06
80.740000000 7.747182079318e-06
80.750000000 7.078341466272e-06
80.760000000 6.784945694257e-06
80.770000000 6.048799354225e-06
80.780000000 5.312653014193e-06
80.790000000 5.019257242178e-06
80.800000000 4.350416629132e-06
80.810000000 3.963831967739e-06
80.820000000 3.448722669396e-06
80.830000000 2.653602603825e-06
80.840000000 2.122517777098e-06
80.850000000 1.270014560289e-06
80.860000000 1.040096806438e-06
80.870000000 3.603110109892e-07
80.880000000 -7.135073365244e-07
80.890000000 -1.234264073869e-06
80.900000000 -1.977381833357e-06
80.910000000 -2.609137091920e-06
80.920000000 -3.263040487100e-06
80.930000000 -4.141405339083e-06
80.940000000 -5.282628955096e-06
80.950000000 -5.941403467651e-06
80.960000000 -6.638700040830e-06
80.970000000 -7.733589591659e-06
80.980000000 -8.678308253368e-06
80.990000000 -9.718702971062e-06
81.000000000 -1.068374828164e-05
81.010000000 -1.171976832108e-05
81.020000000 -1.267687852781e-05
81.030000000 -1.373706859169e-05
81.040000000 -1.463258491433e-05
81.050000000 -1.595285263121e-05
81.060000000 -1.726466508817e-05
81.070000000 -1.817229839540e-05
81.080000000 -1.921360365170e-05
81.090000000 -2.020129353801e-05
81.100000000 -2.168924215962e-05
81.110000000 -2.273054741592e-05
81.120000000 -2.363818072314e-05
81.130000000 -2.494999318010e-05
81.140000000 -2.626920943822e-05
81.150000000 -2.716828618644e-05
81.160000000 -2.822107244916e-05
81.170000000 -2.919163404924e-05
81.180000000 -3.020510755643e-05
81.190000000 -3.120616596083e-05
81.200000000 -3.219019737807e-05
81.210000000 -3.322454450357e-05
81.220000000 -3.416426703186e-05
81.230000000 -3.527563372253e-05
81.240000000 -3.594286349501e-05
81.250000000 -3.665049620779e-05
81.260000000 -3.771252090767e-05
81.270000000 -3.823327764501e-05
81.280000000 -3.898924051091e-05
81.290000000 -3.959063988533e-05
81.300000000 -4.031343629029e-05
81.310000000 -4.092082068383e-05
81.320000000 -4.117559309614e-05
81.330000000 -4.205741580333e-05
81.340000000 -4.184941598632e-05
81.350000000 -4.222600738257e-05
81.360000000 -4.300465732309e-05
81.370000000 -4.292941891656e-05
81.380000000 -4.296582933851e-05
81.390000000 -4.294640500563e-05
81.400000000 -4.295498367849e-05
81.410000000 -4.295499062411e-05
81.420000000 -4.294642584250e-05
81.430000000 -4.296481260785e-05
81.440000000 -4.293197650272e-05
81.450000000 -4.299982499935e-05
81.460000000 -4.223358888464e-05
81.470000000 -4.183697381420e-05
81.480000000 -4.207715724070e-05
81.490000000 -4.114503271648e-05
81.500000000 -4.096975606153e-05
81.510000000 -4.022214260632e-05
81.520000000 -3.989174559469e-05
81.530000000 -3.933218183386e-05
81.540000000 -3.857828106067e-05
81.550000000 -3.799588168414e-05
81.560000000 -3.723004174173e-05
81.570000000 -3.671180786244e-05
81.580000000 -3.565479318723e-05
81.590000000 -3.493423585122e-05
81.600000000 -3.428904309056e-05
81.610000000 -3.314229865248e-05
81.620000000 -3.276064600145e-05
81.630000000 -3.162048773545e-05
81.640000000 -3.096172711414e-05
81.650000000 -3.026339297343e-05
81.660000000 -2.916997482188e-05
81.670000000 -2.822288418389e-05
81.680000000 -2.718616508210e-05
81.690000000 -2.621570024853e-05
81.700000000 -2.568798598297e-05
81.710000000 -2.471857260817e-05
81.720000000 -2.367934453957e-05
81.730000000 -2.273714873591e-05
81.740000000 -2.163412256659e-05
81.750000000 -2.095333882471e-05
81.760000000 -2.026515128167e-05
81.770000000 -1.917278458889e-05
81.780000000 -1.821408984519e-05
81.790000000 -1.720072827273e-05
81.800000000 -1.669118586115e-05
81.810000000 -1.572759628311e-05
81.820000000 -1.464378614934e-05
81.830000000 -1.394055717429e-05
81.840000000 -1.328430551979e-05
81.850000000 -1.214309579502e-05
81.860000000 -1.176249460276e-05
81.870000000 -1.061218973910e-05
81.880000000 -9.975452238357e-06
81.890000000 -9.238934542200e-06
81.900000000 -8.209361233567e-06
81.910000000 -7.647609160235e-06
81.920000000 -6.949613524702e-06
81.930000000 -6.260457398153e-06
81.940000000 -5.689610185922e-06
81.950000000 -4.669660063295e-06
81.960000000 -3.920297260723e-06
81.970000000 -3.305343916897e-06
81.980000000 -2.605836057244e-06
81.990000000 -1.959553111808e-06
82.000000000 -1.280832666375e-06
82.010000000 -6.208983261195e-07
82.020000000 4.898261033002e-08
82.030000000 7.142516624221e-07
82.040000000 1.381589803829e-06
82.050000000 2.047910314693e-06
82.060000000 2.714230825558e-06
82.070000000 3.381568966965e-06
82.080000000 4.047889477829e-06
82.090000000 4.714209988694e-06
82.100000000 5.382599588873e-06
82.110000000 6.045359674153e-06
82.120000000 6.719083986169e-06
82.130000000 7.374022193007e-06
82.140000000 8.059328810528e-06
82.150000000 8.697040028731e-06
82.160000000 9.408341536024e-06
82.170000000 1.000401968975e-05
82.180000000 1.029874211274e-05
82.190000000 1.108911138667e-05
82.200000000 1.169219334155e-05
82.210000000 1.239109491427e-05
82.220000000 1.304779223913e-05
82.230000000 1.370554102276e-05
82.240000000 1.440088216990e-05
82.250000000 1.501136792593e-05
82.260000000 1.578933726529e-05
82.270000000 1.610304579494e-05
82.280000000 1.667116611477e-05
82.290000000 1.742287056237e-05
82.300000000 1.799839468336e-05
82.310000000 1.879640158815e-05
82.320000000 1.910155355879e-05
82.330000000 1.966852112078e-05
82.340000000 2.043065511603e-05
82.350000000 2.098520757521e-05
82.360000000 2.131729592459e-05
82.370000000 2.206741834661e-05
82.380000000 2.223505737070e-05
82.390000000 2.318180121434e-05
82.400000000 2.291688562574e-05
82.410000000 2.385505774215e-05
82.420000000 2.404107658596e-05
82.430000000 2.425704576317e-05
82.440000000 2.515974336566e-05
82.450000000 2.494315793018e-05
82.460000000 2.531722646837e-05
82.470000000 2.611038053800e-05
82.480000000 2.600463143590e-05
82.490000000 2.609631625052e-05
82.500000000 2.597210445344e-05
82.510000000 2.680513341626e-05
82.520000000 2.711034580989e-05
82.530000000 2.701796522587e-05
82.540000000 2.706584276301e-05
82.550000000 2.703889943866e-05
82.560000000 2.705130759584e-05
82.570000000 2.705130065022e-05
82.580000000 2.703887860180e-05
82.590000000 2.706580803491e-05
82.600000000 2.701791660652e-05
82.610000000 2.711028329930e-05
82.620000000 2.680505701442e-05
82.630000000 2.597096270159e-05
82.640000000 2.609872103302e-05
82.650000000 2.599961852600e-05
82.660000000 2.611880513019e-05
82.670000000 2.530309063709e-05
82.680000000 2.496502130146e-05
82.690000000 2.512522954524e-05
82.700000000 2.431214651530e-05
82.710000000 2.393889350677e-05
82.720000000 2.417405174038e-05
82.730000000 2.322741047280e-05
82.740000000 2.309169344601e-05
82.750000000 2.227015240027e-05
82.760000000 2.206484447512e-05
82.770000000 2.128831825404e-05
82.780000000 2.105084061064e-05
82.790000000 2.080096303266e-05
82.800000000 2.003737532605e-05
82.810000000 1.931718934617e-05
82.820000000 1.901428685546e-05
82.830000000 1.835151563481e-05
82.840000000 1.796003613908e-05
82.850000000 1.744992297415e-05
82.860000000 1.664821673650e-05
82.870000000 1.612465217823e-05
82.880000000 1.576312301589e-05
82.890000000 1.504732688250e-05
82.900000000 1.433153074911e-05
82.910000000 1.397000158677e-05
82.920000000 1.344643702851e-05
82.930000000 1.264473079085e-05
82.940000000 1.213461762592e-05
82.950000000 1.174313813019e-05
82.960000000 1.108036690954e-05
82.970000000 1.077746441883e-05
82.980000000 1.005832989772e-05
82.990000000 9.291181765526e-06
83.000000000 9.049759447478e-06
83.010000000 8.296062708623e-06
83.020000000 8.047236589423e-06
83.030000000 7.297100276153e-06
83.040000000 7.046171239408e-06
83.050000000 6.299595351722e-06
83.060000000 6.041262513826e-06
83.070000000 5.308138019482e-06
83.080000000 5.027258649345e-06
83.090000000 4.829354525339e-06
83.100000000 3.995413545033e-06
83.110000000 3.879734083669e-06
83.120000000 2.901974556622e-06
83.130000000 3.184939531680e-06
83.140000000 2.235789297294e-06
83.150000000 2.058211822160e-06
83.160000000 1.832620735935e-06
83.170000000 9.438992154397e-07
83.180000000 1.139499097877e-06
83.190000000 2.969891462114e-07
83.200000000 -4.631352892883e-08
83.210000000 1.528467790934e-07
83.220000000 -7.443300013260e-07
83.230000000 -9.539607273976e-07
83.240000000 -1.158979569112e-06
83.250000000 -2.063560150682e-06
83.260000000 -1.851999908091e-06
83.270000000 -2.214288689888e-06
83.280000000 -3.029240807665e-06
83.290000000 -2.874043865529e-06
83.300000000 -3.200319553513e-06
83.310000000 -4.037818203531e-06
83.320000000 -3.869169868054e-06
83.330000000 -4.703108092487e-06
83.340000000 -5.036787581623e-06
83.350000000 -4.869190704918e-06
83.360000000 -5.703128929351e-06
83.370000000 -6.036808418487e-06
83.380000000 -5.869211541782e-06
83.390000000 -6.703149766215e-06
83.400000000 -7.036829255351e-06
83.410000000 -6.869232378646e-06
83.420000000 -7.703170603079e-06
83.430000000 -8.036850092215e-06
83.440000000 -7.869253215510e-06
83.450000000 -8.703191439943e-06
83.460000000 -9.036870929079e-06
83.470000000 -8.869274052374e-06
83.480000000 -9.703212276807e-06
83.490000000 -1.003689176594e-05
83.500000000 -9.869294889238e-06
83.510000000 -1.070323311367e-05
83.520000000 -1.103691260281e-05
83.530000000 -1.086931572610e-05
83.540000000 -1.170430540931e-05
83.550000000 -1.203442447286e-05
83.560000000 -1.187423139731e-05
83.570000000 -1.219551095187e-05
83.580000000 -1.304948674173e-05
83.590000000 -1.285077160556e-05
83.600000000 -1.323225783614e-05
83.610000000 -1.399055757002e-05
83.620000000 -1.395715605405e-05
83.630000000 -1.390859663877e-05
83.640000000 -1.418447887718e-05
83.650000000 -1.504059631059e-05
83.660000000 -1.489385187250e-05
83.670000000 -1.501194048618e-05
83.680000000 -1.487073076141e-05
83.690000000 -1.521447910691e-05
83.700000000 -1.601150886715e-05
83.710000000 -1.592769873338e-05
83.720000000 -1.596410915534e-05
83.730000000 -1.595430800846e-05
83.740000000 -1.594094643601e-05
83.750000000 -1.598225169230e-05
83.760000000 -1.589093645830e-05
83.770000000 -1.670049868375e-05
83.780000000 -1.702460977620e-05
83.790000000 -1.691407850665e-05
83.800000000 -1.698336370942e-05
83.810000000 -1.692700735459e-05
83.820000000 -1.698337760066e-05
83.830000000 -1.691410628913e-05
83.840000000 -1.702465144993e-05
83.850000000 -1.670055424872e-05
83.860000000 -1.589100591451e-05
83.870000000 -1.598233503976e-05
83.880000000 -1.594209513348e-05
83.890000000 -1.595191017159e-05
83.900000000 -1.596912901086e-05
83.910000000 -1.591928108681e-05
83.920000000 -1.602670310284e-05
83.930000000 -1.519011371443e-05
83.940000000 -1.491014636178e-05
83.950000000 -1.494934157943e-05
83.960000000 -1.500647144496e-05
83.970000000 -1.470698993855e-05
83.980000000 -1.389484976227e-05
83.990000000 -1.396596960105e-05
84.000000000 -1.398593361492e-05
84.010000000 -1.373531030873e-05
84.020000000 -1.285001880850e-05
84.030000000 -1.304979929469e-05
84.040000000 -1.269609613137e-05
84.050000000 -1.187457173275e-05
84.060000000 -1.203477869955e-05
84.070000000 -1.170467352724e-05
84.080000000 -1.086969773528e-05
84.090000000 -1.103835996200e-05
84.100000000 -1.070113393852e-05
84.110000000 -9.874613406479e-06
84.120000000 -1.002982423986e-05
84.130000000 -9.214886013323e-06
84.140000000 -8.853662581542e-06
84.150000000 -9.061676289791e-06
84.160000000 -8.164513400614e-06
84.170000000 -7.946057056801e-06
84.180000000 -7.758986754213e-06
84.190000000 -6.825810771224e-06
84.200000000 -7.081348270945e-06
84.210000000 -6.148172287955e-06
84.220000000 -5.961101985367e-06
84.230000000 -5.742645641554e-06
84.240000000 -4.845482752378e-06
84.250000000 -5.053496460627e-06
84.260000000 -4.692273028846e-06
84.270000000 -3.877334802311e-06
84.280000000 -4.033597094462e-06
84.290000000 -3.203516136838e-06
84.300000000 -2.873693914512e-06
84.310000000 -3.028904747890e-06
84.320000000 -2.217526946941e-06
84.330000000 -1.847848255235e-06
84.340000000 -2.071822323638e-06
84.350000000 -1.148269526654e-06
84.360000000 -9.708224100713e-07
84.370000000 -7.208026349405e-07
84.380000000 1.131216982502e-07
84.390000000 2.915675306472e-08
84.400000000 1.776446642708e-08
84.410000000 7.631117945968e-07
84.420000000 1.149580267360e-06
84.430000000 9.533602067520e-07
84.440000000 1.797431137614e-06
84.450000000 2.137682907594e-06
84.460000000 1.945306222552e-06
84.470000000 2.326778561898e-06
84.480000000 3.078712062155e-06
84.490000000 3.058748048285e-06
84.500000000 2.986576750740e-06
84.510000000 3.300967158534e-06
84.520000000 4.095812565904e-06
84.530000000 4.047239259373e-06
84.540000000 3.995105527258e-06
84.550000000 4.293535574897e-06
84.560000000 5.103188584571e-06
84.570000000 5.037603459113e-06
84.580000000 5.009067718011e-06
84.590000000 5.272536130610e-06
84.600000000 6.134992015155e-06
84.610000000 5.987182227055e-06
84.620000000 6.101413573921e-06
84.630000000 5.969797975683e-06
84.640000000 6.797292225188e-06
84.650000000 7.120967313810e-06
84.660000000 6.993195091139e-06
84.670000000 7.101378845814e-06
84.680000000 6.963715655386e-06
84.690000000 7.309937276249e-06
84.700000000 8.098909465129e-06
84.710000000 8.028552001686e-06
84.720000000 8.044598325756e-06
84.730000000 8.066996992204e-06
84.740000000 7.989540477798e-06
84.750000000 8.787607805578e-06
84.760000000 9.121414323642e-06
84.770000000 9.001592373045e-06
84.780000000 9.081405798722e-06
84.790000000 9.011667034564e-06
84.800000000 9.088971493429e-06
84.810000000 8.974044377171e-06
84.820000000 9.299294336233e-06
84.830000000 1.011135163725e-05
84.840000000 1.001292346104e-05
84.850000000 1.006715334056e-05
84.860000000 1.003280621506e-05
84.870000000 1.005482239001e-05
84.880000000 1.004082547115e-05
84.890000000 1.004937508453e-05
84.900000000 1.004447330457e-05
84.910000000 1.004697532576e-05
84.920000000 1.004591692137e-05
84.930000000 1.004590997575e-05
84.940000000 1.004590303013e-05
84.950000000 1.004589608450e-05
84.960000000 1.004588913888e-05
84.970000000 1.004588219326e-05
84.980000000 1.004587524764e-05
84.990000000 1.004586830202e-05
85.000000000 1.004586135640e-05
85.010000000 1.004585441078e-05
85.020000000 1.004689892393e-05
85.030000000 1.004438301149e-05
85.040000000 1.004927090021e-05
85.050000000 1.004070739559e-05
85.060000000 1.005469042321e-05
85.070000000 1.003266035701e-05
85.080000000 1.006699359127e-05
85.090000000 1.001274982051e-05
85.100000000 1.011116410547e-05
85.110000000 9.799351648512e-06
85.120000000 8.973829062910e-06
85.130000000 9.088742287924e-06
85.140000000 9.011423937817e-06
85.150000000 9.081148810732e-06
85.160000000 9.001321493813e-06
85.170000000 9.121129553167e-06
85.180000000 8.787309143860e-06
85.190000000 7.989227924838e-06
85.200000000 8.066670548001e-06
85.210000000 8.044257990310e-06
85.220000000 8.028197774998e-06
85.230000000 8.098541347198e-06
85.240000000 7.310606725848e-06
85.250000000 6.960810788157e-06
85.260000000 7.105863888494e-06
85.270000000 6.984214849234e-06
85.280000000 7.134519712904e-06
85.290000000 6.274558903928e-06
85.300000000 6.003672798935e-06
85.310000000 6.045646042136e-06
85.320000000 6.087619285337e-06
85.330000000 5.817784639117e-06
85.340000000 4.955314863329e-06
85.350000000 5.109463102565e-06
85.360000000 4.981766471115e-06
85.370000000 5.135914710351e-06
85.380000000 4.273444934564e-06
85.390000000 4.003610288343e-06
85.400000000 4.045583531544e-06
85.410000000 4.087556774745e-06
85.420000000 3.817722128524e-06
85.430000000 2.955252352737e-06
85.440000000 3.109400591973e-06
85.450000000 2.981703960523e-06
85.460000000 3.135852199759e-06
85.470000000 2.273382423972e-06
85.480000000 2.003547777751e-06
85.490000000 2.045521020952e-06
85.500000000 2.087494264153e-06
85.510000000 1.816608159160e-06
85.520000000 9.576988089572e-07
85.530000000 1.104443247042e-06
85.540000000 9.901980089334e-07
85.550000000 1.121799715928e-06
85.560000000 7.945503104789e-07
85.570000000 -2.939740468370e-08
85.580000000 9.836092674463e-08
85.590000000 -9.836719173282e-09
85.600000000 1.278125800120e-07
85.610000000 -2.184229320935e-07
85.620000000 -1.007409012216e-06
85.630000000 -9.370654400165e-07
85.640000000 -9.520741965560e-07
85.650000000 -9.780471798317e-07
85.660000000 -8.932007555175e-07
85.670000000 -1.704733367881e-06
85.680000000 -2.016007244947e-06
85.690000000 -1.932212279405e-06
85.700000000 -1.955676295869e-06
85.710000000 -1.974528427975e-06
85.720000000 -1.898137263585e-06
85.730000000 -2.195959747309e-06
85.740000000 -3.030038891913e-06
85.750000000 -2.910230832559e-06
85.760000000 -2.990058149479e-06
85.770000000 -2.920333276564e-06
85.780000000 -2.997651626671e-06
85.790000000 -2.881686942884e-06
85.800000000 -3.709718495298e-06
85.810000000 -4.016636117921e-06
85.820000000 -3.926778391959e-06
85.830000000 -3.967032189481e-06
85.840000000 -3.954722075795e-06
85.850000000 -3.942411962109e-06
85.860000000 -3.983717218403e-06
85.870000000 -3.891350525629e-06
85.880000000 -4.702370259117e-06
85.890000000 -5.024095484043e-06
85.900000000 -4.917225939155e-06
85.910000000 -4.981077727690e-06
85.920000000 -4.932754520192e-06
85.930000000 -4.976807706961e-06
85.940000000 -4.928484499462e-06
85.950000000 -4.992336287998e-06
85.960000000 -4.886518201882e-06
85.970000000 -5.205734459996e-06
85.980000000 -6.021649027823e-06
85.990000000 -5.920725776047e-06
86.000000000 -5.976021005580e-06
86.010000000 -5.941687771319e-06
86.020000000 -5.963717837515e-06
86.030000000 -5.949734809898e-06
86.040000000 -5.958298314522e-06
86.050000000 -5.953410425804e-06
86.060000000 -5.955926338237e-06
86.070000000 -5.953830366313e-06
86.080000000 -5.956346278747e-06
86.090000000 -5.951458390029e-06
86.100000000 -5.960021894652e-06
86.110000000 -5.946038867035e-06
86.120000000 -5.968068933231e-06
86.130000000 -5.934787157743e-06
86.140000000 -5.987573420464e-06
86.150000000 -5.891545003027e-06
86.160000000 -6.699954470624e-06
86.170000000 -7.030651735164e-06
86.180000000 -6.907705362814e-06
86.190000000 -6.997340772229e-06
86.200000000 -6.907719254057e-06
86.210000000 -7.030679517650e-06
86.220000000 -6.699996144352e-06
86.230000000 -5.891600567998e-06
86.240000000 -5.987642876678e-06
86.250000000 -5.934870505199e-06
86.260000000 -5.968166171930e-06
86.270000000 -5.946149996977e-06
86.280000000 -5.960146915837e-06
86.290000000 -5.951597302455e-06
86.300000000 -5.957550541189e-06
86.310000000 -5.952539553186e-06
86.320000000 -5.958492791919e-06
86.330000000 -5.949943178538e-06
86.340000000 -5.963940097398e-06
86.350000000 -5.941923922445e-06
86.360000000 -5.976271047948e-06
86.370000000 -5.920989709658e-06
86.380000000 -6.022978311449e-06
86.390000000 -5.203517209280e-06
86.400000000 -4.891718643561e-06
86.410000000 -4.984099227577e-06
86.420000000 -4.942807862525e-06
86.430000000 -4.955131867454e-06
86.440000000 -4.967455872383e-06
86.450000000 -4.926164507331e-06
86.460000000 -5.019596550120e-06
86.470000000 -4.705289017588e-06
86.480000000 -3.890722749759e-06
86.490000000 -3.984154792548e-06
86.500000000 -3.942863427496e-06
86.510000000 -3.955187432425e-06
86.520000000 -3.968562896126e-06
86.530000000 -3.924762564262e-06
86.540000000 -4.022037982618e-06
86.550000000 -3.201424122598e-06
86.560000000 -2.896211728965e-06
86.570000000 -2.976177210183e-06
86.580000000 -2.955236051774e-06
86.590000000 -2.935346352138e-06
86.600000000 -3.011751407771e-06
86.610000000 -2.713942815290e-06
86.620000000 -1.879877561928e-06
86.630000000 -1.999699512525e-06
86.640000000 -1.919886086848e-06
86.650000000 -1.990676309778e-06
86.660000000 -1.910862884101e-06
86.670000000 -2.030684834698e-06
86.680000000 -1.196619581336e-06
86.690000000 -8.988109888549e-07
86.700000000 -9.752160444877e-07
86.710000000 -9.553263448516e-07
86.720000000 -9.343851864429e-07
86.730000000 -1.014350667661e-06
86.740000000 -7.091382740279e-07
86.750000000 1.114755859923e-07
86.760000000 1.420016763644e-08
86.770000000 5.800049950067e-08
86.780000000 4.462503579898e-08
86.790000000 3.230103086997e-08
86.800000000 7.359239592205e-08
86.810000000 -1.983964686722e-08
86.820000000 7.947266209626e-07
86.830000000 1.109034153494e-06
86.840000000 1.015602110705e-06
86.850000000 1.056893475757e-06
86.860000000 1.044569470828e-06
86.870000000 1.032245465899e-06
86.880000000 1.073536830951e-06
86.890000000 9.811562469347e-07
86.900000000 1.792162089180e-06
86.910000000 2.113873422863e-06
86.920000000 2.006989986732e-06
86.930000000 2.070827884025e-06
86.940000000 2.022490785283e-06
86.950000000 2.066530080810e-06
86.960000000 2.018192982069e-06
86.970000000 2.082030879362e-06
86.980000000 1.976198902003e-06
86.990000000 2.295401268874e-06
87.000000000 3.111301945459e-06
87.010000000 3.010364802440e-06
87.020000000 3.065646140730e-06
87.030000000 3.031299015227e-06
87.040000000 3.052263731407e-06
87.050000000 3.040775779360e-06
87.060000000 3.044430558401e-06
87.070000000 3.048085337443e-06
87.080000000 3.036597385396e-06
87.090000000 3.057562101576e-06
87.100000000 3.023214976073e-06
87.110000000 3.078496314363e-06
87.120000000 2.977559171344e-06
87.130000000 3.794511306701e-06
87.140000000 4.111204706760e-06
87.150000000 4.010267563741e-06
87.160000000 4.065548902031e-06
87.170000000 4.031201776528e-06
87.180000000 4.053217951481e-06
87.190000000 4.039221032621e-06
87.200000000 4.047770646002e-06
87.210000000 4.042868866042e-06
87.220000000 4.045370887233e-06
87.230000000 4.044312482839e-06
87.240000000 4.044305537217e-06
87.250000000 4.044298591596e-06
87.260000000 4.044291645975e-06
87.270000000 4.044284700353e-06
87.280000000 4.044277754732e-06
87.290000000 4.044270809111e-06
87.300000000 4.044263863489e-06
87.310000000 4.044256917868e-06
87.320000000 4.044249972247e-06
87.330000000 4.044243026625e-06
87.340000000 4.044236081004e-06
87.350000000 4.044229135383e-06
87.360000000 4.044222189761e-06
87.370000000 4.044215244140e-06
87.380000000 4.044208298519e-06
87.390000000 4.044201352897e-06
87.400000000 4.044194407276e-06
87.410000000 4.044187461654e-06
87.420000000 4.044180516033e-06
87.430000000 4.044173570412e-06
87.440000000 4.044166624790e-06
87.450000000 4.044159679169e-06
87.460000000 4.044152733548e-06
87.470000000 4.045197246699e-06
87.480000000 4.042681334266e-06
87.490000000 4.047569222984e-06
87.500000000 4.039005718360e-06
87.510000000 4.052988745977e-06
87.520000000 4.030958679781e-06
87.530000000 4.065291914042e-06
87.540000000 4.009996684509e-06
87.550000000 4.110919936285e-06
87.560000000 3.794212644983e-06
87.570000000 2.977246618384e-06
87.580000000 3.078169870160e-06
87.590000000 3.022874640627e-06
87.600000000 3.057207874887e-06
87.610000000 3.036229267465e-06
87.620000000 3.047703328270e-06
87.630000000 3.044034657985e-06
87.640000000 3.040365987700e-06
87.650000000 3.051840048505e-06
87.660000000 3.030861441083e-06
87.670000000 3.065194675343e-06
87.680000000 3.009899445810e-06
87.690000000 3.110822697586e-06
87.700000000 2.794115406285e-06
87.710000000 1.977149379685e-06
87.720000000 2.079124090234e-06
87.730000000 2.021319893889e-06
87.740000000 2.060547962488e-06
87.750000000 2.029961337290e-06
87.760000000 2.057934338146e-06
87.770000000 2.027347712948e-06
87.780000000 2.066575781548e-06
87.790000000 2.008771585202e-06
87.800000000 2.110746295752e-06
87.810000000 1.794039004450e-06
87.820000000 9.770729778502e-07
87.830000000 1.079047688399e-06
87.840000000 1.021243492054e-06
87.850000000 1.060471560654e-06
87.860000000 1.029884935456e-06
87.870000000 1.057857936311e-06
87.880000000 1.027271311113e-06
87.890000000 1.066499379713e-06
87.900000000 1.008695183368e-06
87.910000000 1.110669893917e-06
87.920000000 7.939626026151e-07
87.930000000 -2.300342398456e-08
87.940000000 7.791982779183e-08
87.950000000 2.367605703131e-08
87.960000000 5.550032447957e-08
87.970000000 3.836509262344e-08
87.980000000 4.379156123805e-08
87.990000000 4.921802985266e-08
88.000000000 3.208279799654e-08
88.010000000 6.390706544479e-08
88.020000000 9.663294684269e-09
88.030000000 1.105865464607e-07
88.040000000 -7.063794801390e-07
88.050000000 -1.023086771441e-06
88.060000000 -9.221635196643e-07
88.070000000 -9.774587491975e-07
88.080000000 -9.431255149371e-07
88.090000000 -9.641041223598e-07
88.100000000 -9.526300615548e-07
88.110000000 -9.562987318394e-07
88.120000000 -9.599674021239e-07
88.130000000 -9.484933413190e-07
88.140000000 -9.694719487417e-07
88.150000000 -9.351387144813e-07
88.160000000 -9.904339440145e-07
88.170000000 -8.895106922381e-07
88.180000000 -1.706476718838e-06
88.190000000 -2.023184010139e-06
88.200000000 -1.922260758363e-06
88.210000000 -1.977555987896e-06
88.220000000 -1.943222753636e-06
88.230000000 -1.965252819831e-06
88.240000000 -1.951269792214e-06
88.250000000 -1.959833296838e-06
88.260000000 -1.954945408120e-06
88.270000000 -1.957461320554e-06
88.280000000 -1.956416807402e-06
88.290000000 -1.956423753024e-06
88.300000000 -1.956430698645e-06
88.310000000 -1.956437644266e-06
88.320000000 -1.955393131115e-06
88.330000000 -1.957909043548e-06
88.340000000 -1.953021154830e-06
88.350000000 -1.961584659454e-06
88.360000000 -1.947601631837e-06
88.370000000 -1.969631698033e-06
88.380000000 -1.935298463772e-06
88.390000000 -1.990593693305e-06
88.400000000 -1.889670441529e-06
88.410000000 -2.206377732831e-06
88.420000000 -2.523085024132e-06
88.430000000 -2.922420507654e-06
88.440000000 -2.977715737187e-06
88.450000000 -2.943382502927e-06
88.460000000 -2.965412569122e-06
88.470000000 -2.951429541505e-06
88.480000000 -2.959993046129e-06
88.490000000 -2.955105157411e-06
88.500000000 -2.957621069844e-06
88.510000000 -2.956576556693e-06
88.520000000 -2.956583502314e-06
88.530000000 -2.956590447936e-06
88.540000000 -2.956597393557e-06
88.550000000 -2.956604339178e-06
88.560000000 -2.956611284800e-06
88.570000000 -2.957669689194e-06
88.580000000 -2.955167668003e-06
88.590000000 -2.960069447964e-06
88.600000000 -2.951519834582e-06
88.610000000 -2.965516753442e-06
88.620000000 -2.943500578489e-06
88.630000000 -2.977847703993e-06
88.640000000 -2.922566365702e-06
88.650000000 -3.023503508721e-06
88.660000000 -2.706810108662e-06
88.670000000 -1.889857973305e-06
88.680000000 -1.990795116324e-06
88.690000000 -1.935513778034e-06
88.700000000 -1.969860903537e-06
88.710000000 -1.947844728584e-06
88.720000000 -1.961841647444e-06
88.730000000 -1.953292034063e-06
88.740000000 -1.958193814023e-06
88.750000000 -1.955691792833e-06
88.760000000 -1.956750197227e-06
88.770000000 -1.956757142848e-06
88.780000000 -1.956764088469e-06
88.790000000 -1.956771034091e-06
88.800000000 -1.956777979712e-06
88.810000000 -1.956784925333e-06
88.820000000 -1.957843329727e-06
88.830000000 -1.955341308536e-06
88.840000000 -1.960243088497e-06
88.850000000 -1.951693475116e-06
88.860000000 -1.965690393976e-06
88.870000000 -1.943674219023e-06
88.880000000 -1.978021344526e-06
88.890000000 -1.922740006236e-06
88.900000000 -2.023677149255e-06
88.910000000 -1.706983749196e-06
88.920000000 -8.900316138387e-07
88.930000000 -9.909687568578e-07
88.940000000 -9.356874185673e-07
88.950000000 -9.700345440703e-07
88.960000000 -9.480183691176e-07
88.970000000 -9.620152879774e-07
88.980000000 -9.534656745962e-07
88.990000000 -9.594189133295e-07
89.000000000 -9.544079253266e-07
89.010000000 -9.603611640599e-07
89.020000000 -9.518115506788e-07
89.030000000 -9.658084695385e-07
89.040000000 -9.437922945858e-07
89.050000000 -9.781394200889e-07
89.060000000 -9.228580817984e-07
89.070000000 -1.023795224817e-06
89.080000000 -7.071018247585e-07
89.090000000 1.098503105985e-07
89.100000000 8.913167579430e-09
89.110000000 6.419450586995e-08
89.120000000 2.984738036686e-08
89.130000000 5.186355531959e-08
89.140000000 3.786663645982e-08
89.150000000 4.641624984096e-08
89.160000000 4.151446988033e-08
89.170000000 4.401649107114e-08
89.180000000 4.190662790444e-08
89.190000000 4.440864909525e-08
89.200000000 3.950686913462e-08
89.210000000 4.805648251576e-08
89.220000000 3.405956365599e-08
89.230000000 5.607573860872e-08
89.240000000 2.172861310563e-08
89.250000000 7.700995139615e-08
89.260000000 -2.392719162293e-08
89.270000000 7.930249437341e-07
89.280000000 1.109718343793e-06
89.290000000 1.008781200774e-06
89.300000000 1.064062539064e-06
89.310000000 1.029715413561e-06
89.320000000 1.051731588514e-06
89.330000000 1.037734669654e-06
89.340000000 1.046284283035e-06
89.350000000 1.041382503075e-06
89.360000000 1.043884524266e-06
89.370000000 1.042826119872e-06
89.380000000 1.042819174250e-06
89.390000000 1.042812228629e-06
89.400000000 1.042805283008e-06
89.410000000 1.042798337386e-06
89.420000000 1.042791391765e-06
89.430000000 1.042784446144e-06
89.440000000 1.042777500522e-06
89.450000000 1.041719096128e-06
89.460000000 1.044221117319e-06
89.470000000 1.039319337358e-06
89.480000000 1.047868950740e-06
89.490000000 1.033872031880e-06
89.500000000 1.055888206833e-06
89.510000000 1.021541081329e-06
89.520000000 1.076822419620e-06
89.530000000 9.758852766009e-07
89.540000000 1.792837411958e-06
89.550000000 2.109530812017e-06
89.560000000 2.008593668998e-06
89.570000000 2.063875007288e-06
89.580000000 2.029527881785e-06
89.590000000 2.051544056738e-06
89.600000000 2.037547137878e-06
89.610000000 2.046096751259e-06
89.620000000 2.041194971299e-06
89.630000000 2.043696992489e-06
89.640000000 2.042638588095e-06
89.650000000 2.042631642474e-06
89.660000000 2.042624696853e-06
89.670000000 2.042617751231e-06
89.680000000 2.042610805610e-06
89.690000000 2.042603859989e-06
89.700000000 2.042596914367e-06
89.710000000 2.042589968746e-06
89.720000000 2.042583023125e-06
89.730000000 2.042576077503e-06
89.740000000 2.042569131882e-06
89.750000000 2.042562186261e-06
89.760000000 2.042555240639e-06
89.770000000 2.042548295018e-06
89.780000000 2.042541349397e-06
89.790000000 2.042534403775e-06
89.800000000 2.043578916927e-06
89.810000000 2.041063004493e-06
89.820000000 2.045950893211e-06
89.830000000 2.037387388587e-06
89.840000000 2.051370416204e-06
89.850000000 2.029340350009e-06
89.860000000 2.063673584269e-06
89.870000000 2.008378354736e-06
89.880000000 2.109301606513e-06
89.890000000 1.792594315211e-06
89.900000000 1.475887023909e-06
89.910000000 1.076551540388e-06
89.920000000 1.021256310854e-06
89.930000000 1.055589545115e-06
89.940000000 1.033559478919e-06
89.950000000 1.047542506537e-06
89.960000000 1.038979001913e-06
89.970000000 1.043866890631e-06
89.980000000 1.041350978197e-06
89.990000000 1.042395491348e-06
90.000000000 1.042388545727e-06
90.010000000 1.042381600106e-06
90.020000000 1.042374654484e-06
90.030000000 1.042367708863e-06
90.040000000 1.042360763242e-06
90.050000000 1.042353817620e-06
90.060000000 1.042346871999e-06
90.070000000 1.042339926378e-06
90.080000000 1.042332980756e-06
90.090000000 1.042326035135e-06
90.100000000 1.042319089514e-06
90.110000000 1.043363602665e-06
90.120000000 1.040847690232e-06
90.130000000 1.045735578950e-06
90.140000000 1.037172074326e-06
90.150000000 1.051155101943e-06
90.160000000 1.029125035747e-06
90.170000000 1.063458270008e-06
90.180000000 1.008163040475e-06
90.190000000 1.109086292251e-06
90.200000000 7.923790009493e-07
90.210000000 4.756717096477e-07
90.220000000 5.765949614241e-07
90.230000000 5.212997318909e-07
90.240000000 5.537423085327e-08
90.250000000 3.334416465785e-08
90.260000000 4.732719227495e-08
90.270000000 3.876368765112e-08
90.280000000 4.365157636907e-08
90.290000000 4.113566393558e-08
90.300000000 4.218017708692e-08
90.310000000 4.217323146557e-08
90.320000000 4.216628584423e-08
90.330000000 4.215934022289e-08
90.340000000 4.215239460155e-08
90.350000000 4.214544898021e-08
90.360000000 4.213850335887e-08
90.370000000 4.213155773753e-08
90.380000000 4.212461211619e-08
90.390000000 4.211766649485e-08
90.400000000 4.211072087350e-08
90.410000000 4.210377525216e-08
90.420000000 4.209682963082e-08
90.430000000 4.314134278216e-08
90.440000000 4.062543034867e-08
90.450000000 4.551331906661e-08
90.460000000 3.694981444279e-08
90.470000000 5.093284205989e-08
90.480000000 2.890277586447e-08
90.490000000 6.323601012487e-08
90.500000000 7.940780591676e-09
90.510000000 1.088640323681e-07
90.520000000 -2.078432589336e-07
90.530000000 -1.024809285533e-06
90.540000000 -9.238860337569e-07
90.550000000 -9.791812632901e-07
90.560000000 -9.448480290296e-07
90.570000000 -9.668780952251e-07
90.580000000 -9.528950676080e-07
90.590000000 -9.614585722318e-07
90.600000000 -9.565706835138e-07
90.610000000 -9.590865959473e-07
90.620000000 -9.580420827960e-07
90.630000000 -9.580490284173e-07
90.640000000 -9.580559740387e-07
90.650000000 -9.580629196600e-07
90.660000000 -9.580698652814e-07
90.670000000 -9.580768109027e-07
90.680000000 -9.580837565240e-07
90.690000000 -9.580907021454e-07
90.700000000 -9.580976477667e-07
90.710000000 -9.581045933881e-07
90.720000000 -9.581115390094e-07
90.730000000 -9.581184846308e-07
90.740000000 -9.581254302521e-07
90.750000000 -9.581323758734e-07
90.760000000 -9.581393214948e-07
90.770000000 -9.581462671161e-07
90.780000000 -9.581532127375e-07
90.790000000 -9.581601583588e-07
90.800000000 -9.581671039801e-07
90.810000000 -9.581740496015e-07
90.820000000 -9.581809952228e-07
90.830000000 -9.581879408442e-07
90.840000000 -9.581948864655e-07
90.850000000 -9.582018320868e-07
90.860000000 -9.582087777082e-07
90.870000000 -9.582157233295e-07
90.880000000 -9.582226689509e-07
90.890000000 -9.582296145722e-07
90.900000000 -9.582365601936e-07
90.910000000 -9.582435058149e-07
90.920000000 -9.582504514362e-07
90.930000000 -9.582573970576e-07
90.940000000 -9.582643426789e-07
90.950000000 -9.582712883003e-07
90.960000000 -9.582782339216e-07
90.970000000 -9.582851795429e-07
90.980000000 -9.582921251643e-07
90.990000000 -9.582990707856e-07
91.000000000 -9.583060164070e-07
91.010000000 -9.583129620283e-07
91.020000000 -9.583199076496e-07
91.030000000 -9.583268532710e-07
91.040000000 -9.583337988923e-07
91.050000000 -9.583407445137e-07
91.060000000 -9.583476901350e-07
91.070000000 -9.583546357563e-07
91.080000000 -9.583615813777e-07
91.090000000 -9.583685269990e-07
91.100000000 -9.583754726204e-07
91.110000000 -9.583824182417e-07
91.120000000 -9.583893638631e-07
91.130000000 -9.583963094844e-07
91.140000000 -9.594547138784e-07
91.150000000 -9.569526926876e-07
91.160000000 -9.618544726482e-07
91.170000000 -9.533048592671e-07
91.180000000 -9.673017781269e-07
91.190000000 -9.452856031741e-07
91.200000000 -9.796327286772e-07
91.210000000 -9.243513903867e-07
91.220000000 -1.025288533406e-06
91.230000000 -7.085951333468e-07
91.240000000 -3.919017332879e-07
91.250000000 -4.928388763069e-07
91.260000000 -4.375575380164e-07
91.270000000 -4.719046635195e-07
91.280000000 -4.498884885668e-07
91.290000000 -4.638854074266e-07
91.300000000 -4.553357940454e-07
91.310000000 -4.602375740060e-07
91.320000000 -4.577355528152e-07
91.330000000 -4.587939572092e-07
91.340000000 -4.588009028306e-07
91.350000000 -4.588078484519e-07
91.360000000 4.144394122476e-08
91.370000000 4.143699560342e-08
91.380000000 4.143004998208e-08
91.390000000 4.142310436074e-08
91.400000000 4.141615873939e-08
91.410000000 4.140921311805e-08
91.420000000 4.140226749671e-08
91.430000000 4.139532187537e-08
91.440000000 4.138837625403e-08
91.450000000 4.138143063269e-08
91.460000000 4.137448501135e-08
91.470000000 4.136753939001e-08
91.480000000 4.136059376867e-08
91.490000000 4.135364814732e-08
91.500000000 4.134670252598e-08
91.510000000 4.133975690464e-08
91.520000000 4.133281128330e-08
91.530000000 4.132586566196e-08
91.540000000 4.131892004062e-08
91.550000000 4.131197441928e-08
91.560000000 4.130502879794e-08
91.570000000 4.129808317660e-08
91.580000000 4.129113755525e-08
91.590000000 4.128419193391e-08
91.600000000 4.127724631257e-08
91.610000000 4.127030069123e-08
91.620000000 4.126335506989e-08
91.630000000 4.125640944855e-08
91.640000000 4.124946382721e-08
91.650000000 4.124251820587e-08
91.660000000 4.123557258453e-08
91.670000000 4.122862696318e-08
91.680000000 4.122168134184e-08
91.690000000 4.121473572050e-08
91.700000000 4.120779009916e-08
91.710000000 4.120084447782e-08
91.720000000 4.119389885648e-08
91.730000000 4.118695323514e-08
91.740000000 4.118000761380e-08
91.750000000 4.117306199246e-08
91.760000000 4.116611637111e-08
91.770000000 4.115917074977e-08
91.780000000 4.115222512843e-08
91.790000000 4.114527950709e-08
91.800000000 4.113833388575e-08
91.810000000 4.113138826441e-08
91.820000000 4.112444264307e-08
91.830000000 5.413762323198e-07
91.840000000 5.413692866984e-07
91.850000000 5.413623410771e-07
91.860000000 5.403039366831e-07
91.870000000 5.428059578739e-07
91.880000000 5.379041779132e-07
91.890000000 5.464537912944e-07
91.900000000 5.324568724346e-07
91.910000000 5.544730473873e-07
91.920000000 5.201259218842e-07
91.930000000 5.754072601748e-07
91.940000000 4.744701171557e-07
91.950000000 7.911635172146e-07
91.960000000 1.107856917274e-06
91.970000000 1.006919774255e-06
91.980000000 1.062201112545e-06
91.990000000 1.027853987042e-06
92.000000000 1.049870161995e-06
92.010000000 1.035873243135e-06
92.020000000 1.044422856516e-06
92.030000000 1.039521076555e-06
92.040000000 1.042023097746e-06
92.050000000 1.040964693352e-06
92.060000000 1.040957747731e-06
92.070000000 1.040950802110e-06
92.080000000 1.040943856488e-06
92.090000000 1.040936910867e-06
92.100000000 1.040929965246e-06
92.110000000 1.040923019624e-06
92.120000000 1.040916074003e-06
92.130000000 1.040909128381e-06
92.140000000 1.040902182760e-06
92.150000000 1.040895237139e-06
92.160000000 1.040888291517e-06
92.170000000 1.040881345896e-06
92.180000000 1.040874400275e-06
92.190000000 1.040867454653e-06
92.200000000 1.040860509032e-06
92.210000000 1.040853563411e-06
92.220000000 1.040846617789e-06
92.230000000 1.040839672168e-06
92.240000000 1.040832726547e-06
92.250000000 1.040825780925e-06
92.260000000 1.040818835304e-06
92.270000000 1.040811889683e-06
92.280000000 1.040804944061e-06
92.290000000 1.041849457213e-06
92.300000000 1.039333544779e-06
92.310000000 1.044221433497e-06
92.320000000 1.035657928873e-06
92.330000000 1.049640956490e-06
92.340000000 1.027610890295e-06
92.350000000 1.061944124555e-06
92.360000000 1.006648895022e-06
92.370000000 1.107572146799e-06
92.380000000 7.908648554970e-07
92.390000000 4.741575641953e-07
92.400000000 5.750808159717e-07
92.410000000 1.952685114050e-08
92.420000000 5.386008540091e-08
92.430000000 3.183001920549e-08
92.440000000 4.581304682259e-08
92.450000000 3.724954219876e-08
92.460000000 4.213743091671e-08
92.470000000 3.962151848322e-08
92.480000000 4.066603163456e-08
92.490000000 4.065908601321e-08
92.500000000 4.065214039187e-08
92.510000000 4.064519477053e-08
92.520000000 4.063824914919e-08
92.530000000 4.063130352785e-08
92.540000000 4.062435790651e-08
92.550000000 4.061741228517e-08
92.560000000 4.061046666383e-08
92.570000000 4.060352104249e-08
92.580000000 4.059657542114e-08
92.590000000 4.058962979980e-08
92.600000000 4.058268417846e-08
92.610000000 4.057573855712e-08
92.620000000 4.056879293578e-08
92.630000000 4.056184731444e-08
92.640000000 4.055490169310e-08
92.650000000 4.054795607176e-08
92.660000000 4.054101045042e-08
92.670000000 4.053406482907e-08
92.680000000 4.052711920773e-08
92.690000000 4.052017358639e-08
92.700000000 4.051322796505e-08
92.710000000 4.050628234371e-08
92.720000000 4.049933672237e-08
92.730000000 4.049239110103e-08
92.740000000 4.048544547969e-08
92.750000000 4.047849985835e-08
92.760000000 4.047155423700e-08
92.770000000 4.046460861566e-08
92.780000000 4.045766299432e-08
92.790000000 4.045071737298e-08
92.800000000 4.044377175164e-08
92.810000000 4.043682613030e-08
92.820000000 4.042988050896e-08
92.830000000 4.042293488762e-08
92.840000000 4.041598926628e-08
92.850000000 4.040904364493e-08
92.860000000 4.040209802359e-08
92.870000000 4.039515240225e-08
92.880000000 4.038820678091e-08
92.890000000 4.038126115957e-08
92.900000000 4.037431553823e-08
92.910000000 4.036736991689e-08
92.920000000 4.036042429555e-08
92.930000000 4.035347867421e-08
92.940000000 4.034653305286e-08
92.950000000 4.033958743152e-08
92.960000000 4.033264181018e-08
92.970000000 4.032569618884e-08
92.980000000 4.031875056750e-08
92.990000000 4.031180494616e-08
93.000000000 4.030485932482e-08
93.010000000 4.029791370348e-08
93.020000000 4.029096808214e-08
93.030000000 4.028402246079e-08
93.040000000 4.027707683945e-08
93.050000000 4.027013121811e-08
93.060000000 4.026318559677e-08
93.070000000 4.025623997543e-08
93.080000000 4.024929435409e-08
93.090000000 4.024234873275e-08
93.100000000 4.023540311141e-08
93.110000000 4.022845749007e-08
93.120000000 4.022151186872e-08
93.130000000 4.021456624738e-08
93.140000000 4.020762062604e-08
93.150000000 4.020067500470e-08
93.160000000 4.019372938336e-08
93.170000000 4.018678376202e-08
93.180000000 4.017983814068e-08
93.190000000 4.017289251934e-08
93.200000000 4.016594689800e-08
93.210000000 4.015900127665e-08
93.220000000 4.015205565531e-08
93.230000000 4.014511003397e-08
93.240000000 4.013816441263e-08
93.250000000 4.013121879129e-08
93.260000000 4.012427316995e-08
93.270000000 4.011732754861e-08
93.280000000 4.011038192727e-08
93.290000000 4.010343630593e-08
93.300000000 4.009649068458e-08
93.310000000 4.008954506324e-08
93.320000000 4.008259944190e-08
93.330000000 4.007565382056e-08
93.340000000 4.006870819922e-08
93.350000000 4.006176257788e-08
93.360000000 4.005481695654e-08
93.370000000 4.004787133520e-08
93.380000000 4.004092571386e-08
93.390000000 4.003398009251e-08
93.400000000 4.002703447117e-08
93.410000000 4.002008884983e-08
93.420000000 4.001314322849e-08
93.430000000 4.000619760715e-08
93.440000000 3.999925198581e-08
93.450000000 3.999230636447e-08
93.460000000 3.998536074313e-08
93.470000000 3.997841512179e-08
93.480000000 3.997146950044e-08
93.490000000 3.996452387910e-08
93.500000000 3.995757825776e-08
93.510000000 3.995063263642e-08
93.520000000 3.994368701508e-08
93.530000000 3.993674139374e-08
93.540000000 3.992979577240e-08
93.550000000 3.992285015106e-08
93.560000000 3.991590452972e-08
93.570000000 3.990895890837e-08
93.580000000 3.990201328703e-08
93.590000000 3.989506766569e-08
93.600000000 3.988812204435e-08
93.610000000 3.988117642301e-08
93.620000000 3.987423080167e-08
93.630000000 3.986728518033e-08
93.640000000 3.986033955899e-08
93.650000000 3.985339393765e-08
93.660000000 3.984644831630e-08
93.670000000 3.983950269496e-08
93.680000000 3.983255707362e-08
93.690000000 3.982561145228e-08
93.700000000 3.981866583094e-08
93.710000000 3.981172020960e-08
93.720000000 3.980477458826e-08
93.730000000 3.979782896692e-08
93.740000000 3.979088334558e-08
93.750000000 3.978393772424e-08
93.760000000 3.977699210289e-08
93.770000000 3.977004648155e-08
93.780000000 3.976310086021e-08
93.790000000 3.975615523887e-08
93.800000000 3.974920961753e-08
93.810000000 3.974226399619e-08
93.820000000 3.973531837485e-08
93.830000000 3.972837275351e-08
93.840000000 3.972142713217e-08
93.850000000 3.971448151082e-08
93.860000000 3.970753588948e-08
93.870000000 3.970059026814e-08
93.880000000 3.969364464680e-08
93.890000000 3.968669902546e-08
93.900000000 3.967975340412e-08
93.910000000 3.967280778278e-08
93.920000000 3.966586216144e-08
93.930000000 3.965891654010e-08
93.940000000 3.965197091875e-08
93.950000000 3.964502529741e-08
93.960000000 3.963807967607e-08
93.970000000 3.963113405473e-08
93.980000000 3.962418843339e-08
93.990000000 3.961724281205e-08
94.000000000 3.961029719071e-08
94.010000000 3.960335156937e-08
94.020000000 3.959640594803e-08
94.030000000 3.958946032668e-08
94.040000000 3.958251470534e-08
94.050000000 3.957556908400e-08
94.060000000 3.956862346266e-08
94.070000000 3.956167784132e-08
94.080000000 3.955473221998e-08
94.090000000 3.954778659864e-08
94.100000000 3.954084097730e-08
94.110000000 3.953389535596e-08
94.120000000 3.952694973461e-08
94.130000000 3.952000411327e-08
94.140000000 3.951305849193e-08
94.150000000 3.950611287059e-08
94.160000000 3.949916724925e-08
94.170000000 3.949222162791e-08
94.180000000 3.948527600657e-08
94.190000000 3.947833038523e-08
94.200000000 3.947138476389e-08
94.210000000 3.946443914254e-08
94.220000000 3.945749352120e-08
94.230000000 3.945054789986e-08
94.240000000 3.944360227852e-08
94.250000000 3.943665665718e-08
94.260000000 3.942971103584e-08
94.270000000 3.942276541450e-08
94.280000000 3.941581979316e-08
94.290000000 3.940887417182e-08
94.300000000 3.940192855047e-08
94.310000000 3.939498292913e-08
94.320000000 3.938803730779e-08
94.330000000 3.938109168645e-08
94.340000000 3.937414606511e-08
94.350000000 3.936720044377e-08
94.360000000 3.936025482243e-08
94.370000000 3.935330920109e-08
94.380000000 3.934636357975e-08
94.390000000 3.933941795840e-08
94.400000000 3.933247233706e-08
94.410000000 3.932552671572e-08
94.420000000 3.931858109438e-08
94.430000000 3.931163547304e-08
94.440000000 3.930468985170e-08
94.450000000 3.929774423036e-08
94.460000000 3.929079860902e-08
94.470000000 3.928385298768e-08
94.480000000 3.927690736633e-08
94.490000000 3.926996174499e-08
94.500000000 3.926301612365e-08
94.510000000 3.925607050231e-08
94.520000000 3.924912488097e-08
94.530000000 3.924217925963e-08
94.540000000 3.923523363829e-08
94.550000000 3.922828801695e-08
94.560000000 3.922134239561e-08
94.570000000 3.921439677426e-08
94.580000000 3.920745115292e-08
94.590000000 3.920050553158e-08
94.600000000 3.919355991024e-08
94.610000000 3.918661428890e-08
94.620000000 3.917966866756e-08
94.630000000 3.917272304622e-08
94.640000000 3.916577742488e-08
94.650000000 3.915883180354e-08
94.660000000 3.915188618219e-08
94.670000000 3.914494056085e-08
94.680000000 3.913799493951e-08
94.690000000 3.913104931817e-08
94.700000000 3.912410369683e-08
94.710000000 3.911715807549e-08
94.720000000 3.911021245415e-08
94.730000000 3.910326683281e-08
94.740000000 3.909632121147e-08
94.750000000 3.908937559012e-08
94.760000000 3.908242996878e-08
94.770000000 3.907548434744e-08
94.780000000 3.906853872610e-08
94.790000000 3.906159310476e-08
94.800000000 3.905464748342e-08
94.810000000 3.904770186208e-08
94.820000000 3.904075624074e-08
94.830000000 3.903381061940e-08
94.840000000 3.902686499805e-08
94.850000000 3.901991937671e-08
94.860000000 3.901297375537e-08
94.870000000 3.900602813403e-08
94.880000000 3.899908251269e-08
94.890000000 3.899213689135e-08
94.900000000 3.898519127001e-08
94.910000000 3.897824564867e-08
94.920000000 3.897130002733e-08
94.930000000 3.896435440598e-08
94.940000000 3.895740878464e-08
94.950000000 3.895046316330e-08
94.960000000 3.894351754196e-08
94.970000000 3.893657192062e-08
94.980000000 3.892962629928e-08
94.990000000 3.892268067794e-08
95.000000000 3.891573505660e-08
95.010000000 3.890878943526e-08
95.020000000 3.890184381391e-08
95.030000000 3.889489819257e-08
95.040000000 3.888795257123e-08
95.050000000 3.888100694989e-08
95.060000000 3.887406132855e-08
95.070000000 3.886711570721e-08
95.080000000 3.886017008587e-08
95.090000000 3.885322446453e-08
95.100000000 3.884627884319e-08
95.110000000 3.883933322184e-08
95.120000000 3.883238760050e-08
95.130000000 3.882544197916e-08
95.140000000 3.881849635782e-08
95.150000000 3.881155073648e-08
95.160000000 3.880460511514e-08
95.170000000 3.879765949380e-08
95.180000000 3.879071387246e-08
95.190000000 3.878376825112e-08
95.200000000 3.877682262978e-08
95.210000000 3.876987700843e-08
95.220000000 3.876293138709e-08
95.230000000 3.875598576575e-08
95.240000000 3.874904014441e-08
95.250000000 3.874209452307e-08
95.260000000 3.873514890173e-08
95.270000000 3.872820328039e-08
95.280000000 3.872125765905e-08
95.290000000 3.871431203771e-08
95.300000000 3.870736641636e-08
95.310000000 3.870042079502e-08
95.320000000 3.869347517368e-08
95.330000000 3.868652955234e-08
95.340000000 3.867958393100e-08
95.350000000 3.867263830966e-08
95.360000000 3.866569268832e-08
95.370000000 3.865874706698e-08
95.380000000 3.865180144564e-08
95.390000000 3.864485582429e-08
95.400000000 3.863791020295e-08
95.410000000 3.863096458161e-08
95.420000000 3.862401896027e-08
95.430000000 3.861707333893e-08
95.440000000 3.861012771759e-08
95.450000000 3.860318209625e-08
95.460000000 3.859623647491e-08
95.470000000 3.858929085357e-08
95.480000000 3.858234523222e-08
95.490000000 3.857539961088e-08
95.500000000 3.856845398954e-08
95.510000000 3.856150836820e-08
95.520000000 3.855456274686e-08
95.530000000 3.854761712552e-08
95.540000000 3.854067150418e-08
95.550000000 3.853372588284e-08
95.560000000 3.852678026150e-08
95.570000000 3.851983464015e-08
95.580000000 3.851288901881e-08
95.590000000 3.850594339747e-08
95.600000000 3.849899777613e-08
95.610000000 3.849205215479e-08
95.620000000 3.848510653345e-08
95.630000000 3.847816091211e-08
95.640000000 3.847121529077e-08
95.650000000 3.846426966943e-08
95.660000000 3.845732404808e-08
95.670000000 3.845037842674e-08
95.680000000 3.844343280540e-08
95.690000000 3.843648718406e-08
95.700000000 3.842954156272e-08
95.710000000 3.842259594138e-08
95.720000000 3.841565032004e-08
95.730000000 3.840870469870e-08
95.740000000 3.840175907736e-08
95.750000000 3.839481345601e-08
95.760000000 3.838786783467e-08
95.770000000 3.838092221333e-08
95.780000000 3.837397659199e-08
95.790000000 3.836703097065e-08
95.800000000 3.836008534931e-08
95.810000000 3.835313972797e-08
95.820000000 3.834619410663e-08
95.830000000 3.833924848529e-08
95.840000000 3.833230286394e-08
95.850000000 3.832535724260e-08
95.860000000 3.831841162126e-08
95.870000000 3.831146599992e-08
95.880000000 3.830452037858e-08
95.890000000 3.829757475724e-08
95.900000000 3.829062913590e-08
95.910000000 3.828368351456e-08
95.920000000 3.827673789322e-08
95.930000000 3.826979227187e-08
95.940000000 3.826284665053e-08
95.950000000 3.825590102919e-08
95.960000000 3.824895540785e-08
95.970000000 3.824200978651e-08
95.980000000 3.823506416517e-08
95.990000000 3.822811854383e-08
96.000000000 3.822117292249e-08
96.010000000 3.821422730115e-08
96.020000000 3.820728167980e-08
96.030000000 3.820033605846e-08
96.040000000 3.819339043712e-08
96.050000000 3.818644481578e-08
96.060000000 3.817949919444e-08
96.070000000 3.817255357310e-08
96.080000000 3.816560795176e-08
96.090000000 3.815866233042e-08
96.100000000 3.815171670908e-08
96.110000000 3.814477108773e-08
96.120000000 3.813782546639e-08
96.130000000 3.813087984505e-08
96.140000000 3.812393422371e-08
96.150000000 3.811698860237e-08
96.160000000 3.811004298103e-08
96.170000000 3.810309735969e-08
96.180000000 3.809615173835e-08
96.190000000 3.808920611701e-08
96.200000000 3.808226049566e-08
96.210000000 3.807531487432e-08
96.220000000 3.806836925298e-08
96.230000000 3.806142363164e-08
96.240000000 3.805447801030e-08
96.250000000 3.804753238896e-08
96.260000000 3.804058676762e-08
96.270000000 3.803364114628e-08
96.280000000 3.802669552494e-08
96.290000000 3.801974990359e-08
96.300000000 3.801280428225e-08
96.310000000 3.800585866091e-08
96.320000000 3.799891303957e-08
96.330000000 3.799196741823e-08
96.340000000 3.798502179689e-08
96.350000000 3.797807617555e-08
96.360000000 3.797113055421e-08
96.370000000 3.796418493287e-08
96.380000000 3.795723931152e-08
96.390000000 3.795029369018e-08
96.400000000 3.794334806884e-08
96.410000000 3.793640244750e-08
96.420000000 3.792945682616e-08
96.430000000 3.792251120482e-08
96.440000000 3.791556558348e-08
96.450000000 3.790861996214e-08
96.460000000 3.790167434080e-08
96.470000000 3.789472871945e-08
96.480000000 3.788778309811e-08
96.490000000 3.788083747677e-08
96.500000000 3.787389185543e-08
96.510000000 3.786694623409e-08
96.520000000 3.786000061275e-08
96.530000000 3.785305499141e-08
96.540000000 3.784610937007e-08
96.550000000 3.783916374873e-08
96.560000000 3.783221812739e-08
96.570000000 3.782527250604e-08
96.580000000 3.781832688470e-08
96.590000000 3.781138126336e-08
96.600000000 3.780443564202e-08
96.610000000 3.779749002068e-08
96.620000000 3.779054439934e-08
96.630000000 3.778359877800e-08
96.640000000 3.777665315666e-08
96.650000000 3.776970753532e-08
96.660000000 3.776276191397e-08
96.670000000 3.775581629263e-08
96.680000000 3.774887067129e-08
96.690000000 3.774192504995e-08
96.700000000 3.773497942861e-08
96.710000000 3.772803380727e-08
96.720000000 3.772108818593e-08
96.730000000 3.771414256459e-08
96.740000000 3.770719694325e-08
96.750000000 3.770025132190e-08
96.760000000 3.769330570056e-08
96.770000000 3.768636007922e-08
96.780000000 3.767941445788e-08
96.790000000 3.767246883654e-08
96.800000000 3.766552321520e-08
96.810000000 3.765857759386e-08
96.820000000 3.765163197252e-08
96.830000000 3.764468635118e-08
96.840000000 3.763774072983e-08
96.850000000 3.763079510849e-08
96.860000000 3.762384948715e-08
96.870000000 3.761690386581e-08
96.880000000 3.760995824447e-08
96.890000000 3.760301262313e-08
96.900000000 3.759606700179e-08
96.910000000 3.758912138045e-08
96.920000000 3.758217575911e-08
96.930000000 3.757523013776e-08
96.940000000 3.756828451642e-08
96.950000000 3.756133889508e-08
96.960000000 3.755439327374e-08
96.970000000 3.754744765240e-08
96.980000000 3.754050203106e-08
96.990000000 3.753355640972e-08
97.000000000 3.752661078838e-08
97.010000000 3.751966516704e-08
97.020000000 3.751271954569e-08
97.030000000 3.750577392435e-08
97.040000000 3.749882830301e-08
97.050000000 3.749188268167e-08
97.060000000 3.748493706033e-08
97.070000000 3.747799143899e-08
97.080000000 3.747104581765e-08
97.090000000 3.746410019631e-08
97.100000000 3.745715457497e-08
97.110000000 3.745020895362e-08
97.120000000 3.744326333228e-08
97.130000000 3.743631771094e-08
97.140000000 3.742937208960e-08
97.150000000 3.742242646826e-08
97.160000000 3.741548084692e-08
97.170000000 3.740853522558e-08
97.180000000 3.740158960424e-08
97.190000000 3.739464398290e-08
97.200000000 3.738769836155e-08
97.210000000 3.738075274021e-08
97.220000000 3.737380711887e-08
97.230000000 3.736686149753e-08
97.240000000 3.735991587619e-08
97.250000000 3.735297025485e-08
97.260000000 3.734602463351e-08
97.270000000 3.733907901217e-08
97.280000000 3.733213339083e-08
97.290000000 3.732518776948e-08
97.300000000 3.731824214814e-08
97.310000000 3.731129652680e-08
97.320000000 3.730435090546e-08
97.330000000 3.729740528412e-08
97.340000000 3.729045966278e-08
97.350000000 3.728351404144e-08
97.360000000 3.727656842010e-08
97.370000000 3.726962279876e-08
97.380000000 3.726267717741e-08
97.390000000 3.725573155607e-08
97.400000000 3.724878593473e-08
97.410000000 3.724184031339e-08
97.420000000 3.723489469205e-08
97.430000000 3.722794907071e-08
97.440000000 3.722100344937e-08
97.450000000 3.721405782803e-08
97.460000000 3.720711220669e-08
97.470000000 3.720016658534e-08
97.480000000 3.719322096400e-08
97.490000000 3.718627534266e-08
97.500000000 3.717932972132e-08
97.510000000 3.717238409998e-08
97.520000000 3.716543847864e-08
97.530000000 3.715849285730e-08
97.540000000 3.715154723596e-08
97.550000000 3.714460161462e-08
97.560000000 3.713765599327e-08
97.570000000 3.713071037193e-08
97.580000000 3.712376475059e-08
97.590000000 3.711681912925e-08
97.600000000 3.710987350791e-08
97.610000000 3.710292788657e-08
97.620000000 3.709598226523e-08
97.630000000 3.708903664389e-08
97.640000000 3.708209102255e-08
97.650000000 3.707514540120e-08
97.660000000 3.706819977986e-08
97.670000000 3.706125415852e-08
97.680000000 3.705430853718e-08
97.690000000 3.704736291584e-08
97.700000000 3.704041729450e-08
97.710000000 3.703347167316e-08
97.720000000 3.702652605182e-08
97.730000000 3.701958043048e-08
97.740000000 3.701263480913e-08
97.750000000 3.700568918779e-08
97.760000000 3.699874356645e-08
97.770000000 3.699179794511e-08
97.780000000 3.698485232377e-08
97.790000000 3.697790670243e-08
97.800000000 3.697096108109e-08
97.810000000 3.696401545975e-08
97.820000000 3.695706983841e-08
97.830000000 3.695012421706e-08
97.840000000 3.694317859572e-08
97.850000000 3.693623297438e-08
97.860000000 3.692928735304e-08
97.870000000 3.692234173170e-08
97.880000000 3.691539611036e-08
97.890000000 3.690845048902e-08
97.900000000 3.690150486768e-08
97.910000000 3.689455924634e-08
97.920000000 3.688761362499e-08
97.930000000 3.688066800365e-08
97.940000000 3.687372238231e-08
97.950000000 3.686677676097e-08
97.960000000 3.685983113963e-08
97.970000000 3.685288551829e-08
97.980000000 3.684593989695e-08
97.990000000 3.683899427561e-08
98.000000000 3.683204865427e-08
98.010000000 3.682510303293e-08
98.020000000 3.681815741158e-08
98.030000000 3.681121179024e-08
98.040000000 3.680426616890e-08
98.050000000 3.679732054756e-08
98.060000000 3.679037492622e-08
98.070000000 3.678342930488e-08
98.080000000 3.677648368354e-08
98.090000000 3.676953806220e-08
98.100000000 3.676259244086e-08
98.110000000 3.675564681951e-08
98.120000000 3.674870119817e-08
98.130000000 3.674175557683e-08
98.140000000 3.673480995549e-08
98.150000000 3.672786433415e-08
98.160000000 3.672091871281e-08
98.170000000 3.671397309147e-08
98.180000000 3.670702747013e-08
98.190000000 3.670008184879e-08
98.200000000 3.669313622744e-08
98.210000000 3.668619060610e-08
98.220000000 3.667924498476e-08
98.230000000 3.667229936342e-08
98.240000000 3.666535374208e-08
98.250000000 3.665840812074e-08
98.260000000 3.665146249940e-08
98.270000000 3.664451687806e-08
98.280000000 3.663757125672e-08
98.290000000 3.663062563537e-08
98.300000000 3.662368001403e-08
98.310000000 3.661673439269e-08
98.320000000 3.660978877135e-08
98.330000000 3.660284315001e-08
98.340000000 3.659589752867e-08
98.350000000 3.658895190733e-08
98.360000000 3.658200628599e-08
98.370000000 3.657506066465e-08
98.380000000 3.656811504330e-08
98.390000000 3.656116942196e-08
98.400000000 3.655422380062e-08
98.410000000 3.654727817928e-08
98.420000000 3.654033255794e-08
98.430000000 3.653338693660e-08
98.440000000 3.652644131526e-08
98.450000000 3.651949569392e-08
98.460000000 3.651255007258e-08
98.470000000 3.650560445123e-08
98.480000000 3.649865882989e-08
98.490000000 3.649171320855e-08
98.500000000 3.648476758721e-08
98.510000000 3.647782196587e-08
98.520000000 3.647087634453e-08
98.530000000 3.646393072319e-08
98.540000000 3.645698510185e-08
98.550000000 3.645003948051e-08
98.560000000 3.644309385916e-08
98.570000000 3.643614823782e-08
98.580000000 3.642920261648e-08
98.590000000 3.642225699514e-08
98.600000000 3.641531137380e-08
98.610000000 3.640836575246e-08
98.620000000 3.640142013112e-08
98.630000000 3.639447450978e-08
98.640000000 3.638752888844e-08
98.650000000 3.638058326709e-08
98.660000000 3.637363764575e-08
98.670000000 3.636669202441e-08
98.680000000 3.635974640307e-08
98.690000000 3.635280078173e-08
98.700000000 3.634585516039e-08
98.710000000 3.633890953905e-08
98.720000000 3.633196391771e-08
98.730000000 3.632501829637e-08
98.740000000 3.631807267502e-08
98.750000000 3.631112705368e-08
98.760000000 3.630418143234e-08
98.770000000 3.629723581100e-08
98.780000000 3.629029018966e-08
98.790000000 3.628334456832e-08
98.800000000 3.627639894698e-08
98.810000000 3.626945332564e-08
98.820000000 3.626250770430e-08
98.830000000 3.625556208295e-08
98.840000000 3.624861646161e-08
98.850000000 3.624167084027e-08
98.860000000 3.623472521893e-08
98.870000000 3.622777959759e-08
98.880000000 3.622083397625e-08
98.890000000 3.621388835491e-08
98.900000000 3.620694273357e-08
98.910000000 3.619999711223e-08
98.920000000 3.619305149088e-08
98.930000000 3.618610586954e-08
98.940000000 3.617916024820e-08
98.950000000 3.617221462686e-08
98.960000000 3.616526900552e-08
98.970000000 3.615832338418e-08
98.980000000 3.615137776284e-08
98.990000000 3.614443214150e-08
99.000000000 3.613748652016e-08
99.010000000 3.613054089881e-08
99.020000000 3.612359527747e-08
99.030000000 3.611664965613e-08
99.040000000 3.610970403479e-08
99.050000000 3.610275841345e-08
99.060000000 3.609581279211e-08
99.070000000 3.608886717077e-08
99.080000000 3.608192154943e-08
99.090000000 3.607497592809e-08
99.100000000 3.606803030674e-08
99.110000000 3.606108468540e-08
99.120000000 3.605413906406e-08
99.130000000 3.604719344272e-08
99.140000000 3.604024782138e-08
99.150000000 3.603330220004e-08
99.160000000 3.602635657870e-08
99.170000000 3.601941095736e-08
99.180000000 3.601246533602e-08
99.190000000 3.600551971467e-08
99.200000000 3.599857409333e-08
99.210000000 3.599162847199e-08
99.220000000 3.598468285065e-08
99.230000000 3.597773722931e-08
99.240000000 3.597079160797e-08
99.250000000 3.596384598663e-08
99.260000000 3.595690036529e-08
99.270000000 3.594995474395e-08
99.280000000 3.594300912260e-08
99.290000000 3.593606350126e-08
99.300000000 3.592911787992e-08
99.310000000 3.592217225858e-08
99.320000000 3.591522663724e-08
99.330000000 3.590828101590e-08
99.340000000 3.590133539456e-08
99.350000000 3.589438977322e-08
99.360000000 3.588744415188e-08
99.370000000 3.588049853054e-08
99.380000000 3.587355290919e-08
99.390000000 3.586660728785e-08
99.400000000 3.585966166651e-08
99.410000000 3.585271604517e-08
99.420000000 3.584577042383e-08
99.430000000 3.583882480249e-08
99.440000000 3.583187918115e-08
99.450000000 3.582493355981e-08
99.460000000 3.581798793847e-08
99.470000000 3.581104231712e-08
99.480000000 3.580409669578e-08
99.490000000 3.579715107444e-08
99.500000000 3.579020545310e-08
99.510000000 3.578325983176e-08
99.520000000 3.577631421042e-08
99.530000000 3.576936858908e-08
99.540000000 3.576242296774e-08
99.550000000 3.575547734640e-08
99.560000000 3.574853172505e-08
99.570000000 3.574158610371e-08
99.580000000 3.573464048237e-08
99.590000000 3.572769486103e-08
99.600000000 3.572074923969e-08
99.610000000 3.571380361835e-08
99.620000000 3.570685799701e-08
99.630000000 3.569991237567e-08
99.640000000 3.569296675433e-08
99.650000000 3.568602113298e-08
99.660000000 3.567907551164e-08
99.670000000 3.567212989030e-08
99.680000000 3.566518426896e-08
99.690000000 3.565823864762e-08
99.700000000 3.565129302628e-08
99.710000000 3.564434740494e-08
99.720000000 3.563740178360e-08
99.730000000 3.563045616226e-08
99.740000000 3.562351054091e-08
99.750000000 3.561656491957e-08
99.760000000 3.560961929823e-08
99.770000000 3.560267367689e-08
99.780000000 3.559572805555e-08
99.790000000 3.558878243421e-08
99.800000000 3.558183681287e-08
99.810000000 3.557489119153e-08
99.820000000 3.556794557019e-08
99.830000000 3.556099994884e-08
99.840000000 3.555405432750e-08
99.850000000 3.554710870616e-08
99.860000000 3.554016308482e-08
99.870000000 3.553321746348e-08
99.880000000 3.552627184214e-08
99.890000000 3.551932622080e-08
99.900000000 3.551238059946e-08
99.910000000 3.550543497812e-08
99.920000000 3.549848935677e-08
99.930000000 3.549154373543e-08
99.940000000 3.548459811409e-08
99.950000000 3.547765249275e-08
99.960000000 3.547070687141e-08
99.970000000 3.546376125007e-08
99.980000000 3.545681562873e-08
99.990000000 3.544987000739e-08
100.000000000 3.544292438605e-08
100.010000000 3.543597876470e-08
100.020000000 3.542903314336e-08
100.030000000 3.542208752202e-08
100.040000000 3.541514190068e-08
100.050000000 3.540819627934e-08
100.060000000 3.540125065800e-08
100.070000000 3.539430503666e-08
100.080000000 3.538735941532e-08
100.090000000 3.538041379398e-08
100.100000000 3.537346817263e-08
100.110000000 3.536652255129e-08
100.120000000 3.535957692995e-08
100.130000000 3.535263130861e-08
100.140000000 3.534568568727e-08
100.150000000 3.533874006593e-08
100.160000000 3.533179444459e-08
100.170000000 3.532484882325e-08
100.180000000 3.531790320191e-08
100.190000000 3.531095758056e-08
100.200000000 3.530401195922e-08
100.210000000 3.529706633788e-08
100.220000000 3.529012071654e-08
100.230000000 3.528317509520e-08
100.240000000 3.527622947386e-08
100.250000000 3.526928385252e-08
100.260000000 3.526233823118e-08
100.270000000 3.525539260984e-08
100.280000000 3.524844698849e-08
100.290000000 3.524150136715e-08
100.300000000 3.523455574581e-08
100.310000000 3.522761012447e-08
100.320000000 3.522066450313e-08
100.330000000 3.521371888179e-08
100.340000000 3.520677326045e-08
100.350000000 3.519982763911e-08
100.360000000 3.519288201777e-08
100.370000000 3.518593639642e-08
100.380000000 3.517899077508e-08
100.390000000 3.517204515374e-08
100.400000000 3.516509953240e-08
100.410000000 3.515815391106e-08
100.420000000 3.515120828972e-08
100.430000000 3.514426266838e-08
100.440000000 3.513731704704e-08
100.450000000 3.513037142570e-08
100.460000000 3.512342580435e-08
100.470000000 3.511648018301e-08
100.480000000 3.510953456167e-08
100.490000000 3.510258894033e-08
100.500000000 3.509564331899e-08
100.510000000 3.508869769765e-08
100.520000000 3.508175207631e-08
100.530000000 3.507480645497e-08
100.540000000 3.506786083363e-08
100.550000000 3.506091521228e-08
100.560000000 3.505396959094e-08
100.570000000 3.504702396960e-08
100.580000000 3.504007834826e-08
100.590000000 3.503313272692e-08
100.600000000 3.502618710558e-08
100.610000000 3.501924148424e-08
100.620000000 3.501229586290e-08
100.630000000 3.500535024156e-08
100.640000000 3.499840462021e-08
100.650000000 3.499145899887e-08
100.660000000 3.498451337753e-08
100.670000000 3.497756775619e-08
100.680000000 3.497062213485e-08
100.690000000 3.496367651351e-08
100.700000000 3.495673089217e-08
100.710000000 3.494978527083e-08
100.720000000 3.494283964949e-08
100.730000000 3.493589402815e-08
100.740000000 3.492894840680e-08
100.750000000 3.492200278546e-08
100.760000000 3.491505716412e-08
100.770000000 3.490811154278e-08
100.780000000 3.490116592144e-08
100.790000000 3.489422030010e-08
100.800000000 3.488727467876e-08
100.810000000 3.488032905742e-08
100.820000000 3.487338343608e-08
100.830000000 3.486643781473e-08
100.840000000 3.485949219339e-08
100.850000000 3.485254657205e-08
100.860000000 3.484560095071e-08
100.870000000 3.483865532937e-08
100.880000000 3.483170970803e-08
100.890000000 3.482476408669e-08
100.900000000 3.481781846535e-08
100.910000000 3.481087284401e-08
100.920000000 3.480392722266e-08
100.930000000 3.479698160132e-08
100.940000000 3.479003597998e-08
100.950000000 3.478309035864e-08
100.960000000 3.477614473730e-08
100.970000000 3.476919911596e-08
100.980000000 3.476225349462e-08
100.990000000 3.475530787328e-08
101.000000000 3.474836225194e-08
101.010000000 3.474141663059e-08
101.020000000 3.473447100925e-08
101.030000000 3.472752538791e-08
101.040000000 3.472057976657e-08
101.050000000 3.471363414523e-08
101.060000000 3.470668852389e-08
101.070000000 3.469974290255e-08
101.080000000 3.469279728121e-08
101.090000000 3.468585165987e-08
101.100000000 3.467890603852e-08
101.110000000 3.467196041718e-08
101.120000000 3.466501479584e-08
101.130000000 3.465806917450e-08
101.140000000 3.465112355316e-08
101.150000000 3.464417793182e-08
101.160000000 3.463723231048e-08
101.170000000 3.463028668914e-08
101.180000000 3.462334106780e-08
101.190000000 3.461639544645e-08
101.200000000 3.460944982511e-08
101.210000000 3.460250420377e-08
101.220000000 3.459555858243e-08
101.230000000 3.458861296109e-08
101.240000000 3.458166733975e-08
101.250000000 3.457472171841e-08
101.260000000 3.456777609707e-08
101.270000000 3.456083047573e-08
101.280000000 3.455388485438e-08
101.290000000 3.454693923304e-08
101.300000000 3.453999361170e-08
101.310000000 3.453304799036e-08
101.320000000 3.452610236902e-08
101.330000000 3.451915674768e-08
101.340000000 3.451221112634e-08
101.350000000 3.450526550500e-08
101.360000000 3.449831988366e-08
101.370000000 3.449137426231e-08
101.380000000 3.448442864097e-08
101.390000000 3.447748301963e-08
101.400000000 3.447053739829e-08
101.410000000 3.446359177695e-08
101.420000000 3.445664615561e-08
101.430000000 3.444970053427e-08
101.440000000 3.444275491293e-08
101.450000000 3.443580929159e-08
101.460000000 3.442886367024e-08
101.470000000 3.442191804890e-08
101.480000000 3.441497242756e-08
101.490000000 3.440802680622e-08
101.500000000 3.440108118488e-08
101.510000000 3.439413556354e-08
101.520000000 3.438718994220e-08
101.530000000 3.438024432086e-08
101.540000000 3.437329869952e-08
101.550000000 3.436635307817e-08
101.560000000 3.435940745683e-08
101.570000000 3.435246183549e-08
101.580000000 3.434551621415e-08
101.590000000 3.433857059281e-08
101.600000000 3.433162497147e-08
101.610000000 3.432467935013e-08
101.620000000 3.431773372879e-08
101.630000000 3.431078810745e-08
101.640000000 3.430384248610e-08
101.650000000 3.429689686476e-08
101.660000000 3.428995124342e-08
101.670000000 3.428300562208e-08
101.680000000 3.427606000074e-08
101.690000000 3.426911437940e-08
101.700000000 3.426216875806e-08
101.710000000 3.425522313672e-08
101.720000000 3.424827751538e-08
101.730000000 3.424133189403e-08
101.740000000 3.423438627269e-08
101.750000000 3.422744065135e-08
101.760000000 3.422049503001e-08
101.770000000 3.421354940867e-08
101.780000000 3.420660378733e-08
101.790000000 3.419965816599e-08
101.800000000 3.419271254465e-08
101.810000000 3.418576692331e-08
101.820000000 3.417882130196e-08
101.830000000 3.417187568062e-08
101.840000000 3.416493005928e-08
101.850000000 3.415798443794e-08
101.860000000 3.415103881660e-08
101.870000000 3.414409319526e-08
101.880000000 3.413714757392e-08
101.890000000 3.413020195258e-08
101.900000000 3.412325633124e-08
101.910000000 3.411631070989e-08
101.920000000 3.410936508855e-08
101.930000000 3.410241946721e-08
101.940000000 3.409547384587e-08
101.950000000 3.408852822453e-08
101.960000000 3.408158260319e-08
101.970000000 3.407463698185e-08
101.980000000 3.406769136051e-08
101.990000000 3.406074573917e-08
102.000000000 3.405380011782e-08
102.010000000 3.404685449648e-08
102.020000000 3.403990887514e-08
102.030000000 3.403296325380e-08
102.040000000 3.402601763246e-08
102.050000000 3.401907201112e-08
102.060000000 3.401212638978e-08
102.070000000 3.400518076844e-08
102.080000000 3.399823514710e-08
102.090000000 3.399128952575e-08
102.100000000 3.398434390441e-08
102.110000000 3.397739828307e-08
102.120000000 3.397045266173e-08
102.130000000 3.396350704039e-08
102.140000000 3.395656141905e-08
102.150000000 3.394961579771e-08
102.160000000 3.394267017637e-08
102.170000000 3.393572455503e-08
102.180000000 3.392877893369e-08
102.190000000 3.392183331234e-08
102.200000000 3.391488769100e-08
102.210000000 3.390794206966e-08
102.220000000 3.390099644832e-08
102.230000000 3.389405082698e-08
102.240000000 3.388710520564e-08
102.250000000 3.388015958430e-08
102.260000000 3.387321396296e-08
102.270000000 3.386626834162e-08
102.280000000 3.385932272027e-08
102.290000000 3.385237709893e-08
102.300000000 3.384543147759e-08
102.310000000 3.383848585625e-08
102.320000000 3.383154023491e-08
102.330000000 3.382459461357e-08
102.340000000 3.381764899223e-08
102.350000000 3.381070337089e-08
102.360000000 3.380375774955e-08
102.370000000 3.379681212820e-08
102.380000000 3.378986650686e-08
102.390000000 3.378292088552e-08
102.400000000 3.377597526418e-08
102.410000000 3.376902964284e-08
102.420000000 3.376208402150e-08
102.430000000 3.375513840016e-08
102.440000000 3.374819277882e-08
102.450000000 3.374124715748e-08
102.460000000 3.373430153613e-08
102.470000000 3.372735591479e-08
102.480000000 3.372041029345e-08
102.490000000 3.371346467211e-08
102.500000000 3.370651905077e-08
102.510000000 3.369957342943e-08
102.520000000 3.369262780809e-08
102.530000000 3.368568218675e-08
102.540000000 3.367873656541e-08
102.550000000 3.367179094406e-08
102.560000000 3.366484532272e-08
102.570000000 3.365789970138e-08
102.580000000 3.365095408004e-08
102.590000000 3.364400845870e-08
102.600000000 3.363706283736e-08
102.610000000 3.363011721602e-08
102.620000000 3.362317159468e-08
102.630000000 3.361622597334e-08
102.640000000 3.360928035199e-08
102.650000000 3.360233473065e-08
102.660000000 3.359538910931e-08
102.670000000 3.358844348797e-08
102.680000000 3.358149786663e-08
102.690000000 3.357455224529e-08
102.700000000 3.356760662395e-08
102.710000000 3.356066100261e-08
102.720000000 3.355371538127e-08
102.730000000 3.354676975992e-08
102.740000000 3.353982413858e-08
102.750000000 3.353287851724e-08
102.760000000 3.352593289590e-08
102.770000000 3.351898727456e-08
102.780000000 3.351204165322e-08
102.790000000 3.350509603188e-08
102.800000000 3.349815041054e-08
102.810000000 3.349120478920e-08
102.820000000 3.348425916785e-08
102.830000000 3.347731354651e-08
102.840000000 3.347036792517e-08
102.850000000 3.346342230383e-08
102.860000000 3.345647668249e-08
102.870000000 3.344953106115e-08
102.880000000 3.344258543981e-08
102.890000000 3.343563981847e-08
102.900000000 3.342869419713e-08
102.910000000 3.342174857578e-08
102.920000000 3.341480295444e-08
102.930000000 3.340785733310e-08
102.940000000 3.340091171176e-08
102.950000000 3.339396609042e-08
102.960000000 3.338702046908e-08
102.970000000 3.338007484774e-08
102.980000000 3.337312922640e-08
102.990000000 3.336618360506e-08
103.000000000 3.335923798371e-08
103.010000000 3.335229236237e-08
103.020000000 3.334534674103e-08
103.030000000 3.333840111969e-08
103.040000000 3.333145549835e-08
103.050000000 3.332450987701e-08
103.060000000 3.331756425567e-08
103.070000000 3.331061863433e-08
103.080000000 3.330367301299e-08
103.090000000 3.329672739164e-08
103.100000000 3.328978177030e-08
103.110000000 3.328283614896e-08
103.120000000 3.327589052762e-08
103.130000000 3.326894490628e-08
103.140000000 3.326199928494e-08
103.150000000 3.325505366360e-08
103.160000000 3.324810804226e-08
103.170000000 3.324116242092e-08
103.180000000 3.323421679957e-08
103.190000000 3.322727117823e-08
103.200000000 3.322032555689e-08
103.210000000 3.321337993555e-08
103.220000000 3.320643431421e-08
103.230000000 3.319948869287e-08
103.240000000 3.319254307153e-08
103.250000000 3.318559745019e-08
103.260000000 3.317865182885e-08
103.270000000 3.317170620750e-08
103.280000000 3.316476058616e-08
103.290000000 3.315781496482e-08
103.300000000 3.315086934348e-08
103.310000000 3.314392372214e-08
103.320000000 3.313697810080e-08
103.330000000 3.313003247946e-08
103.340000000 3.312308685812e-08
103.350000000 3.311614123678e-08
103.360000000 3.310919561543e-08
103.370000000 3.310224999409e-08
103.380000000 3.309530437275e-08
103.390000000 3.308835875141e-08
103.400000000 3.308141313007e-08
103.410000000 3.307446750873e-08
103.420000000 3.306752188739e-08
103.430000000 3.306057626605e-08
103.440000000 3.305363064471e-08
103.450000000 3.304668502336e-08
103.460000000 3.303973940202e-08
103.470000000 3.303279378068e-08
103.480000000 3.302584815934e-08
103.490000000 3.301890253800e-08
103.500000000 3.301195691666e-08
103.510000000 3.300501129532e-08
103.520000000 3.299806567398e-08
103.530000000 3.299112005264e-08
103.540000000 3.298417443130e-08
103.550000000 3.297722880995e-08
103.560000000 3.297028318861e-08
103.570000000 3.296333756727e-08
103.580000000 3.295639194593e-08
103.590000000 3.294944632459e-08
103.600000000 3.294250070325e-08
103.610000000 3.293555508191e-08
103.620000000 3.292860946057e-08
103.630000000 3.292166383923e-08
103.640000000 3.291471821788e-08
103.650000000 3.290777259654e-08
103.660000000 3.290082697520e-08
103.670000000 3.289388135386e-08
103.680000000 3.288693573252e-08
103.690000000 3.287999011118e-08
103.700000000 3.287304448984e-08
103.710000000 3.286609886850e-08
103.720000000 3.285915324716e-08
103.730000000 3.285220762581e-08
103.740000000 3.284526200447e-08
103.750000000 3.283831638313e-08
103.760000000 3.283137076179e-08
103.770000000 3.282442514045e-08
103.780000000 3.281747951911e-08
103.790000000 3.281053389777e-08
103.800000000 3.280358827643e-08
103.810000000 3.279664265509e-08
103.820000000 3.278969703374e-08
103.830000000 3.278275141240e-08
103.840000000 3.277580579106e-08
103.850000000 3.276886016972e-08
103.860000000 3.276191454838e-08
103.870000000 3.275496892704e-08
103.880000000 3.274802330570e-08
103.890000000 3.274107768436e-08
103.900000000 3.273413206302e-08
103.910000000 3.272718644167e-08
103.920000000 3.272024082033e-08
103.930000000 3.271329519899e-08
103.940000000 3.270634957765e-08
103.950000000 3.269940395631e-08
103.960000000 3.269245833497e-08
103.970000000 3.268551271363e-08
103.980000000 3.267856709229e-08
103.990000000 3.267162147095e-08
104.000000000 3.266467584960e-08
104.010000000 3.265773022826e-08
104.020000000 3.265078460692e-08
104.030000000 3.264383898558e-08
104.040000000 3.263689336424e-08
104.050000000 3.262994774290e-08
104.060000000 3.262300212156e-08
104.070000000 3.261605650022e-08
104.080000000 3.260911087888e-08
104.090000000 3.260216525753e-08
104.100000000 3.259521963619e-08
104.110000000 3.258827401485e-08
104.120000000 3.258132839351e-08
104.130000000 3.257438277217e-08
104.140000000 3.256743715083e-08
104.150000000 3.256049152949e-08
104.160000000 3.255354590815e-08
104.170000000 3.254660028681e-08
104.180000000 3.253965466546e-08
104.190000000 3.253270904412e-08
104.200000000 3.252576342278e-08
104.210000000 3.251881780144e-08
104.220000000 3.251187218010e-08
104.230000000 3.250492655876e-08
104.240000000 3.249798093742e-08
104.250000000 3.249103531608e-08
104.260000000 3.248408969474e-08
104.270000000 3.247714407339e-08
104.280000000 3.247019845205e-08
104.290000000 3.246325283071e-08
104.300000000 3.245630720937e-08
104.310000000 3.244936158803e-08
104.320000000 3.244241596669e-08
104.330000000 3.243547034535e-08
104.340000000 3.242852472401e-08
104.350000000 3.242157910267e-08
104.360000000 3.241463348132e-08
104.370000000 3.240768785998e-08
104.380000000 3.240074223864e-08
104.390000000 3.239379661730e-08
104.400000000 3.238685099596e-08
104.410000000 3.237990537462e-08
104.420000000 3.237295975328e-08
104.430000000 3.236601413194e-08
104.440000000 3.235906851060e-08
104.450000000 3.235212288925e-08
104.460000000 3.234517726791e-08
104.470000000 3.338969041925e-08
104.480000000 3.087377798576e-08
104.490000000 3.576166670371e-08
104.500000000 2.719816207988e-08
104.510000000 4.118118969698e-08
104.520000000 1.809966472889e-08
104.530000000 5.494186580144e-08
104.540000000 -5.248198071048e-09
104.550000000 1.042316127078e-07
104.560000000 -2.264656518323e-07
104.570000000 -5.211498225598e-07
104.580000000 -4.545667506652e-07
104.590000000 -4.545736962865e-07
104.600000000 -5.211706594238e-07
104.610000000 -2.265003799390e-07
104.620000000 1.041829933584e-07
104.630000000 -5.310708663118e-09
104.640000000 5.486546396669e-08
104.650000000 1.800937165145e-08
104.660000000 4.107700537686e-08
104.670000000 2.708008651708e-08
104.680000000 3.562969989822e-08
104.690000000 3.072791993760e-08
104.700000000 3.322994112840e-08
104.710000000 3.217153673439e-08
104.720000000 3.216459111304e-08
104.730000000 3.215764549170e-08
104.740000000 3.215069987036e-08
104.750000000 3.214375424902e-08
104.760000000 3.213680862768e-08
104.770000000 3.212986300634e-08
104.780000000 3.212291738500e-08
104.790000000 3.211597176366e-08
104.800000000 3.210902614232e-08
104.810000000 3.210208052097e-08
104.820000000 3.209513489963e-08
104.830000000 3.208818927829e-08
104.840000000 3.208124365695e-08
104.850000000 3.207429803561e-08
104.860000000 3.206735241427e-08
104.870000000 3.206040679293e-08
104.880000000 3.205346117159e-08
104.890000000 3.204651555025e-08
104.900000000 3.203956992890e-08
104.910000000 3.203262430756e-08
104.920000000 3.097421991355e-08
104.930000000 3.347624110435e-08
104.940000000 2.857446114373e-08
104.950000000 3.712407452487e-08
104.960000000 2.312715566509e-08
104.970000000 4.514333061782e-08
104.980000000 1.079620511474e-08
104.990000000 6.607754340525e-08
105.000000000 -3.380814084115e-08
105.010000000 2.803762924057e-07
105.020000000 6.019645268039e-07
105.030000000 4.924708247824e-07
105.040000000 5.617421363113e-07
105.050000000 5.053718902341e-07
105.060000000 5.617282450686e-07
105.070000000 4.924430422970e-07
105.080000000 6.019228530759e-07
105.090000000 2.803207274349e-07
105.100000000 -3.387759705456e-08
105.110000000 6.599419594916e-08
105.120000000 1.069896641596e-08
105.130000000 4.503220067637e-08
105.140000000 2.300213448095e-08
105.150000000 3.698516209804e-08
105.160000000 2.842165747422e-08
105.170000000 3.330954619217e-08
105.180000000 3.079363375868e-08
105.190000000 3.183814691001e-08
105.200000000 3.183120128867e-08
105.210000000 3.182425566733e-08
105.220000000 3.181731004599e-08
105.230000000 3.181036442465e-08
105.240000000 3.180341880331e-08
105.250000000 3.179647318197e-08
105.260000000 3.178952756063e-08
105.270000000 3.178258193928e-08
105.280000000 3.177563631794e-08
105.290000000 3.176869069660e-08
105.300000000 3.176174507526e-08
105.310000000 3.175479945392e-08
105.320000000 3.174785383258e-08
105.330000000 3.174090821124e-08
105.340000000 3.173396258990e-08
105.350000000 3.172701696856e-08
105.360000000 3.172007134721e-08
105.370000000 3.171312572587e-08
105.380000000 3.170618010453e-08
105.390000000 3.169923448319e-08
105.400000000 3.169228886185e-08
105.410000000 3.168534324051e-08
105.420000000 3.167839761917e-08
105.430000000 3.167145199783e-08
105.440000000 3.166450637649e-08
105.450000000 3.165756075514e-08
105.460000000 3.165061513380e-08
105.470000000 3.164366951246e-08
105.480000000 3.163672389112e-08
105.490000000 3.162977826978e-08
105.500000000 3.162283264844e-08
105.510000000 3.161588702710e-08
105.520000000 3.160894140576e-08
105.530000000 3.160199578442e-08
105.540000000 3.159505016307e-08
105.550000000 3.158810454173e-08
105.560000000 3.158115892039e-08
105.570000000 3.157421329905e-08
105.580000000 3.156726767771e-08
105.590000000 3.156032205637e-08
105.600000000 3.155337643503e-08
105.610000000 3.154643081369e-08
105.620000000 3.153948519235e-08
105.630000000 3.153253957100e-08
105.640000000 3.152559394966e-08
105.650000000 3.151864832832e-08
105.660000000 3.151170270698e-08
105.670000000 3.150475708564e-08
105.680000000 3.149781146430e-08
105.690000000 3.149086584296e-08
105.700000000 3.148392022162e-08
105.710000000 3.147697460028e-08
105.720000000 3.147002897893e-08
105.730000000 3.146308335759e-08
105.740000000 3.145613773625e-08
105.750000000 3.144919211491e-08
105.760000000 3.144224649357e-08
105.770000000 3.143530087223e-08
105.780000000 3.142835525089e-08
105.790000000 3.142140962955e-08
105.800000000 3.141446400821e-08
105.810000000 3.140751838686e-08
105.820000000 3.140057276552e-08
105.830000000 3.139362714418e-08
105.840000000 3.138668152284e-08
105.850000000 3.137973590150e-08
105.860000000 3.137279028016e-08
105.870000000 3.136584465882e-08
105.880000000 3.135889903748e-08
105.890000000 3.135195341614e-08
105.900000000 3.134500779479e-08
105.910000000 3.133806217345e-08
105.920000000 3.133111655211e-08
105.930000000 3.132417093077e-08
105.940000000 3.131722530943e-08
105.950000000 3.131027968809e-08
105.960000000 3.130333406675e-08
105.970000000 3.129638844541e-08
105.980000000 3.128944282407e-08
105.990000000 3.128249720272e-08
106.000000000 3.127555158138e-08
106.010000000 3.126860596004e-08
106.020000000 3.126166033870e-08
106.030000000 3.125471471736e-08
106.040000000 3.124776909602e-08
106.050000000 3.124082347468e-08
106.060000000 3.123387785334e-08
106.070000000 3.122693223200e-08
106.080000000 3.121998661065e-08
106.090000000 3.121304098931e-08
106.100000000 3.120609536797e-08
106.110000000 3.119914974663e-08
106.120000000 3.119220412529e-08
106.130000000 3.118525850395e-08
106.140000000 3.117831288261e-08
106.150000000 3.117136726127e-08
106.160000000 3.116442163993e-08
106.170000000 3.115747601858e-08
106.180000000 3.115053039724e-08
106.190000000 3.114358477590e-08
106.200000000 3.113663915456e-08
106.210000000 3.112969353322e-08
106.220000000 3.112274791188e-08
106.230000000 3.111580229054e-08
106.240000000 3.110885666920e-08
106.250000000 3.110191104786e-08
106.260000000 3.109496542651e-08
106.270000000 3.108801980517e-08
106.280000000 3.108107418383e-08
106.290000000 3.107412856249e-08
106.300000000 3.106718294115e-08
106.310000000 3.106023731981e-08
106.320000000 3.105329169847e-08
106.330000000 3.104634607713e-08
106.340000000 3.103940045579e-08
106.350000000 3.103245483445e-08
106.360000000 3.102550921310e-08
106.370000000 3.101856359176e-08
106.380000000 3.101161797042e-08
106.390000000 3.100467234908e-08
106.400000000 3.099772672774e-08
106.410000000 3.099078110640e-08
106.420000000 3.098383548506e-08
106.430000000 3.097688986372e-08
106.440000000 3.096994424238e-08
106.450000000 3.096299862103e-08
106.460000000 3.095605299969e-08
106.470000000 3.094910737835e-08
106.480000000 3.094216175701e-08
106.490000000 3.093521613567e-08
106.500000000 3.092827051433e-08
106.510000000 3.092132489299e-08
106.520000000 3.091437927165e-08
106.530000000 3.090743365031e-08
106.540000000 3.090048802896e-08
106.550000000 3.089354240762e-08
106.560000000 3.088659678628e-08
106.570000000 3.087965116494e-08
106.580000000 3.087270554360e-08
106.590000000 3.086575992226e-08
106.600000000 3.085881430092e-08
106.610000000 3.085186867958e-08
106.620000000 3.084492305824e-08
106.630000000 3.083797743689e-08
106.640000000 3.083103181555e-08
106.650000000 3.082408619421e-08
106.660000000 3.081714057287e-08
106.670000000 3.081019495153e-08
106.680000000 3.080324933019e-08
106.690000000 3.079630370885e-08
106.700000000 3.078935808751e-08
106.710000000 3.078241246617e-08
106.720000000 3.077546684482e-08
106.730000000 3.076852122348e-08
106.740000000 3.076157560214e-08
106.750000000 3.075462998080e-08
106.760000000 3.074768435946e-08
106.770000000 3.074073873812e-08
106.780000000 3.073379311678e-08
106.790000000 3.072684749544e-08
106.800000000 3.071990187410e-08
106.810000000 3.071295625275e-08
106.820000000 3.070601063141e-08
106.830000000 3.069906501007e-08
106.840000000 3.069211938873e-08
106.850000000 3.068517376739e-08
106.860000000 3.067822814605e-08
106.870000000 3.067128252471e-08
106.880000000 3.066433690337e-08
106.890000000 3.065739128203e-08
106.900000000 3.065044566068e-08
106.910000000 3.064350003934e-08
106.920000000 3.063655441800e-08
106.930000000 3.062960879666e-08
106.940000000 3.062266317532e-08
106.950000000 3.061571755398e-08
106.960000000 3.060877193264e-08
106.970000000 3.060182631130e-08
106.980000000 3.059488068996e-08
106.990000000 3.058793506861e-08
107.000000000 3.058098944727e-08
107.010000000 3.057404382593e-08
107.020000000 3.056709820459e-08
107.030000000 3.056015258325e-08
107.040000000 3.055320696191e-08
107.050000000 3.054626134057e-08
107.060000000 3.053931571923e-08
107.070000000 3.053237009789e-08
107.080000000 3.052542447654e-08
107.090000000 3.051847885520e-08
107.100000000 3.051153323386e-08
107.110000000 3.050458761252e-08
107.120000000 3.049764199118e-08
107.130000000 3.049069636984e-08
107.140000000 3.048375074850e-08
107.150000000 3.047680512716e-08
107.160000000 3.046985950582e-08
107.170000000 3.046291388447e-08
107.180000000 3.045596826313e-08
107.190000000 3.044902264179e-08
107.200000000 3.044207702045e-08
107.210000000 3.043513139911e-08
107.220000000 3.042818577777e-08
107.230000000 3.042124015643e-08
107.240000000 3.041429453509e-08
107.250000000 3.040734891375e-08
107.260000000 3.040040329240e-08
107.270000000 3.039345767106e-08
107.280000000 3.038651204972e-08
107.290000000 3.037956642838e-08
107.300000000 3.037262080704e-08
107.310000000 3.036567518570e-08
107.320000000 3.035872956436e-08
107.330000000 3.035178394302e-08
107.340000000 3.034483832168e-08
107.350000000 3.033789270033e-08
107.360000000 3.033094707899e-08
107.370000000 3.032400145765e-08
107.380000000 3.031705583631e-08
107.390000000 2.925865144230e-08
107.400000000 3.176067263310e-08
107.410000000 2.685889267247e-08
107.420000000 3.540850605361e-08
107.430000000 2.141158719384e-08
107.440000000 4.342776214657e-08
107.450000000 1.013209541616e-08
107.460000000 6.290446689453e-08
107.470000000 -3.313784178526e-08
107.480000000 2.749989992712e-07
107.490000000 6.056823725686e-07
107.500000000 4.827221089755e-07
107.510000000 5.723436271477e-07
107.520000000 4.827082177328e-07
107.530000000 6.056545900832e-07
107.540000000 2.749573255432e-07
107.550000000 -3.319340675599e-08
107.560000000 6.283501068112e-08
107.570000000 1.004874796007e-08
107.580000000 4.333052344780e-08
107.590000000 2.130045725238e-08
107.600000000 3.528348486947e-08
107.610000000 2.671998024565e-08
107.620000000 3.160786896360e-08
107.630000000 2.909195653011e-08
107.640000000 3.013646968144e-08
107.650000000 3.012952406010e-08
107.660000000 3.012257843876e-08
107.670000000 3.011563281742e-08
107.680000000 3.010868719608e-08
107.690000000 3.010174157474e-08
107.700000000 3.009479595340e-08
107.710000000 3.008785033205e-08
107.720000000 3.008090471071e-08
107.730000000 3.007395908937e-08
107.740000000 3.006701346803e-08
107.750000000 3.006006784669e-08
107.760000000 3.005312222535e-08
107.770000000 3.004617660401e-08
107.780000000 3.003923098267e-08
107.790000000 3.003228536133e-08
107.800000000 3.002533973999e-08
107.810000000 3.001839411864e-08
107.820000000 3.001144849730e-08
107.830000000 3.000450287596e-08
107.840000000 2.999755725462e-08
107.850000000 2.999061163328e-08
107.860000000 2.998366601194e-08
107.870000000 2.997672039060e-08
107.880000000 2.996977476926e-08
107.890000000 2.996282914792e-08
107.900000000 2.995588352657e-08
107.910000000 2.994893790523e-08
107.920000000 2.994199228389e-08
107.930000000 2.993504666255e-08
107.940000000 2.992810104121e-08
107.950000000 2.992115541987e-08
107.960000000 2.991420979853e-08
107.970000000 2.990726417719e-08
107.980000000 2.990031855585e-08
107.990000000 2.989337293450e-08
108.000000000 2.988642731316e-08
108.010000000 2.987948169182e-08
108.020000000 2.987253607048e-08
108.030000000 2.986559044914e-08
108.040000000 2.985864482780e-08
108.050000000 2.985169920646e-08
108.060000000 2.984475358512e-08
108.070000000 2.983780796378e-08
108.080000000 2.983086234243e-08
108.090000000 2.982391672109e-08
108.100000000 2.981697109975e-08
108.110000000 2.981002547841e-08
108.120000000 2.980307985707e-08
108.130000000 2.979613423573e-08
108.140000000 2.978918861439e-08
108.150000000 2.978224299305e-08
108.160000000 2.977529737171e-08
108.170000000 2.976835175036e-08
108.180000000 2.976140612902e-08
108.190000000 2.975446050768e-08
108.200000000 2.974751488634e-08
108.210000000 2.974056926500e-08
108.220000000 2.973362364366e-08
108.230000000 2.972667802232e-08
108.240000000 2.971973240098e-08
108.250000000 2.971278677964e-08
108.260000000 2.970584115829e-08
108.270000000 2.969889553695e-08
108.280000000 2.969194991561e-08
108.290000000 2.968500429427e-08
108.300000000 2.967805867293e-08
108.310000000 2.967111305159e-08
108.320000000 2.966416743025e-08
108.330000000 2.965722180891e-08
108.340000000 2.965027618757e-08
108.350000000 2.964333056622e-08
108.360000000 2.963638494488e-08
108.370000000 2.962943932354e-08
108.380000000 2.962249370220e-08
108.390000000 2.961554808086e-08
108.400000000 2.960860245952e-08
108.410000000 2.960165683818e-08
108.420000000 2.959471121684e-08
108.430000000 2.958776559550e-08
108.440000000 2.958081997415e-08
108.450000000 2.957387435281e-08
108.460000000 2.956692873147e-08
108.470000000 2.955998311013e-08
108.480000000 2.955303748879e-08
108.490000000 2.954609186745e-08
108.500000000 2.953914624611e-08
108.510000000 2.953220062477e-08
108.520000000 2.952525500343e-08
108.530000000 2.951830938208e-08
108.540000000 2.951136376074e-08
108.550000000 2.950441813940e-08
108.560000000 2.949747251806e-08
108.570000000 2.949052689672e-08
108.580000000 2.948358127538e-08
108.590000000 2.947663565404e-08
108.600000000 2.946969003270e-08
108.610000000 2.946274441136e-08
108.620000000 2.945579879001e-08
108.630000000 2.944885316867e-08
108.640000000 2.944190754733e-08
108.650000000 2.943496192599e-08
108.660000000 2.942801630465e-08
108.670000000 2.942107068331e-08
108.680000000 3.046558383464e-08
108.690000000 2.794967140115e-08
108.700000000 3.283756011910e-08
108.710000000 2.427405549528e-08
108.720000000 3.825708311237e-08
108.730000000 1.622701691696e-08
108.740000000 5.056025117736e-08
108.750000000 -4.734978355838e-09
108.760000000 9.618827342056e-08
108.770000000 -2.205190178811e-07
108.780000000 -5.382777679554e-07
108.790000000 -4.348455493669e-07
108.800000000 -4.950356132393e-07
108.810000000 -4.521458199765e-07
108.820000000 -4.881658594103e-07
108.830000000 -4.521597112191e-07
108.840000000 -4.940119369520e-07
108.850000000 -4.363447311344e-07
108.860000000 -5.348960066263e-07
108.870000000 -2.257077067972e-07
108.880000000 1.049756665002e-07
108.890000000 -1.798459709292e-08
108.900000000 7.163692107934e-08
108.910000000 -1.799848833560e-08
108.920000000 1.049478840149e-07
108.930000000 -2.257493805252e-07
108.940000000 -5.339001128244e-07
108.950000000 -4.378716953873e-07
108.960000000 -4.906579581083e-07
108.970000000 -4.584276413933e-07
108.980000000 -4.779487407765e-07
108.990000000 -4.688605474987e-07
109.000000000 -4.688674931201e-07
109.010000000 -4.779695776406e-07
109.020000000 -4.584623695000e-07
109.030000000 -4.917580362304e-07
109.040000000 -4.364766979399e-07
109.050000000 -5.374138409589e-07
109.060000000 -2.207204409000e-07
109.070000000 9.597295915898e-08
109.080000000 -4.964183860094e-09
109.090000000 5.031715443042e-08
109.100000000 1.597002892734e-08
109.110000000 3.798620388007e-08
109.120000000 2.398928502029e-08
109.130000000 3.253889840143e-08
109.140000000 2.763711844080e-08
109.150000000 3.013913963161e-08
109.160000000 2.908073523760e-08
109.170000000 2.907378961625e-08
109.180000000 2.906684399491e-08
109.190000000 2.905989837357e-08
109.200000000 2.905295275223e-08
109.210000000 2.904600713089e-08
109.220000000 2.903906150955e-08
109.230000000 2.903211588821e-08
109.240000000 2.902517026687e-08
109.250000000 2.901822464553e-08
109.260000000 2.901127902418e-08
109.270000000 2.900433340284e-08
109.280000000 2.899738778150e-08
109.290000000 2.899044216016e-08
109.300000000 2.898349653882e-08
109.310000000 2.897655091748e-08
109.320000000 2.896960529614e-08
109.330000000 2.896265967480e-08
109.340000000 2.895571405346e-08
109.350000000 2.894876843211e-08
109.360000000 2.894182281077e-08
109.370000000 2.893487718943e-08
109.380000000 2.892793156809e-08
109.390000000 2.892098594675e-08
109.400000000 2.891404032541e-08
109.410000000 2.890709470407e-08
109.420000000 2.784869031005e-08
109.430000000 3.035071150086e-08
109.440000000 2.544893154023e-08
109.450000000 3.399854492137e-08
109.460000000 2.000162606159e-08
109.470000000 4.201780101433e-08
109.480000000 7.670675511241e-09
109.490000000 6.295201380176e-08
109.500000000 -3.798512921732e-08
109.510000000 2.787082708416e-07
109.520000000 5.954016709006e-07
109.530000000 4.944645278815e-07
109.540000000 5.497458661720e-07
109.550000000 5.153987406690e-07
109.560000000 5.374149156217e-07
109.570000000 5.244694555346e-07
109.580000000 5.305101021036e-07
109.590000000 5.305031564822e-07
109.600000000 5.244486186706e-07
109.610000000 5.373801875150e-07
109.620000000 5.153501213196e-07
109.630000000 5.496833555800e-07
109.640000000 4.943881260468e-07
109.650000000 5.953113778232e-07
109.660000000 2.786040865215e-07
109.670000000 -3.810320478012e-08
109.680000000 6.282004699628e-08
109.690000000 7.524817463078e-09
109.700000000 4.185805172348e-08
109.710000000 1.982798552807e-08
109.720000000 3.381101314516e-08
109.730000000 2.524750852134e-08
109.740000000 3.013539723928e-08
109.750000000 2.761948480579e-08
109.760000000 2.866399795713e-08
109.770000000 2.865705233579e-08
109.780000000 2.865010671445e-08
109.790000000 2.864316109311e-08
109.800000000 2.863621547176e-08
109.810000000 2.862926985042e-08
109.820000000 2.862232422908e-08
109.830000000 2.861537860774e-08
109.840000000 2.860843298640e-08
109.850000000 2.860148736506e-08
109.860000000 2.859454174372e-08
109.870000000 2.858759612238e-08
109.880000000 2.858065050104e-08
109.890000000 2.857370487969e-08
109.900000000 2.856675925835e-08
109.910000000 2.855981363701e-08
109.920000000 2.855286801567e-08
109.930000000 2.854592239433e-08
109.940000000 2.853897677299e-08
109.950000000 2.853203115165e-08
109.960000000 2.852508553031e-08
109.970000000 2.851813990897e-08
109.980000000 2.851119428762e-08
109.990000000 2.850424866628e-08
110.000000000 2.849730304494e-08
110.010000000 2.849035742360e-08
110.020000000 2.848341180226e-08
110.030000000 2.847646618092e-08
110.040000000 2.846952055958e-08
110.050000000 2.846257493824e-08
110.060000000 2.845562931690e-08
110.070000000 2.844868369555e-08
110.080000000 2.844173807421e-08
110.090000000 2.843479245287e-08
110.100000000 2.842784683153e-08
110.110000000 2.842090121019e-08
110.120000000 2.841395558885e-08
110.130000000 2.840700996751e-08
110.140000000 2.840006434617e-08
110.150000000 2.839311872483e-08
110.160000000 2.838617310348e-08
110.170000000 2.837922748214e-08
110.180000000 2.837228186080e-08
110.190000000 2.836533623946e-08
110.200000000 2.835839061812e-08
110.210000000 2.835144499678e-08
110.220000000 2.834449937544e-08
110.230000000 2.833755375410e-08
110.240000000 2.833060813276e-08
110.250000000 2.832366251141e-08
110.260000000 2.831671689007e-08
110.270000000 2.830977126873e-08
110.280000000 2.830282564739e-08
110.290000000 2.829588002605e-08
110.300000000 2.828893440471e-08
110.310000000 2.828198878337e-08
110.320000000 2.827504316203e-08
110.330000000 2.826809754069e-08
110.340000000 2.826115191934e-08
110.350000000 2.825420629800e-08
110.360000000 2.824726067666e-08
110.370000000 2.824031505532e-08
110.380000000 2.823336943398e-08
110.390000000 2.822642381264e-08
110.400000000 2.821947819130e-08
110.410000000 2.821253256996e-08
110.420000000 2.820558694862e-08
110.430000000 2.819864132727e-08
110.440000000 2.819169570593e-08
110.450000000 2.818475008459e-08
110.460000000 2.817780446325e-08
110.470000000 2.817085884191e-08
110.480000000 2.816391322057e-08
110.490000000 2.815696759923e-08
110.500000000 2.815002197789e-08
110.510000000 2.814307635655e-08
110.520000000 2.813613073521e-08
110.530000000 2.812918511386e-08
110.540000000 2.812223949252e-08
110.550000000 2.811529387118e-08
110.560000000 2.810834824984e-08
110.570000000 2.810140262850e-08
110.580000000 2.809445700716e-08
110.590000000 2.808751138582e-08
110.600000000 2.808056576448e-08
110.610000000 2.807362014314e-08
110.620000000 2.806667452179e-08
110.630000000 2.805972890045e-08
110.640000000 2.805278327911e-08
110.650000000 2.804583765777e-08
110.660000000 2.803889203643e-08
110.670000000 2.803194641509e-08
110.680000000 2.802500079375e-08
110.690000000 2.801805517241e-08
110.700000000 2.801110955107e-08
110.710000000 2.800416392972e-08
110.720000000 2.799721830838e-08
110.730000000 2.799027268704e-08
110.740000000 2.798332706570e-08
110.750000000 2.797638144436e-08
110.760000000 2.796943582302e-08
110.770000000 2.796249020168e-08
110.780000000 2.795554458034e-08
110.790000000 2.794859895900e-08
110.800000000 2.794165333765e-08
110.810000000 2.793470771631e-08
110.820000000 2.792776209497e-08
110.830000000 2.792081647363e-08
110.840000000 2.791387085229e-08
110.850000000 2.790692523095e-08
110.860000000 2.789997960961e-08
110.870000000 2.789303398827e-08
110.880000000 2.788608836693e-08
110.890000000 2.787914274558e-08
110.900000000 2.787219712424e-08
110.910000000 2.786525150290e-08
110.920000000 2.785830588156e-08
110.930000000 2.785136026022e-08
110.940000000 2.784441463888e-08
110.950000000 2.783746901754e-08
110.960000000 2.783052339620e-08
110.970000000 2.782357777486e-08
110.980000000 2.781663215351e-08
110.990000000 2.780968653217e-08
111.000000000 2.780274091083e-08
111.010000000 2.779579528949e-08
111.020000000 2.778884966815e-08
111.030000000 2.778190404681e-08
111.040000000 2.777495842547e-08
111.050000000 2.776801280413e-08
111.060000000 2.776106718279e-08
111.070000000 2.775412156144e-08
111.080000000 2.774717594010e-08
111.090000000 2.774023031876e-08
111.100000000 2.773328469742e-08
111.110000000 2.772633907608e-08
111.120000000 2.771939345474e-08
111.130000000 2.876390660607e-08
111.140000000 2.624799417258e-08
111.150000000 3.113588289053e-08
111.160000000 2.257237826671e-08
111.170000000 3.655540588380e-08
111.180000000 1.452533968839e-08
111.190000000 4.885857394879e-08
111.200000000 -6.436655584408e-09
111.210000000 9.343513741931e-08
111.220000000 -2.207631870702e-07
111.230000000 -5.423653127111e-07
111.240000000 -4.328855019322e-07
111.250000000 -5.021707047039e-07
111.260000000 -4.458143498694e-07
111.270000000 -5.021845959466e-07
111.280000000 -4.329132844176e-07
111.290000000 -5.424069864392e-07
111.300000000 -2.208187520409e-07
111.310000000 9.336568120590e-08
111.320000000 -6.520003040501e-09
111.330000000 4.876133525001e-08
111.340000000 1.441420974693e-08
111.350000000 3.643038469966e-08
111.360000000 2.243346583989e-08
111.370000000 3.098307922103e-08
111.380000000 2.608129926040e-08
111.390000000 2.858332045120e-08
111.400000000 2.752491605719e-08
111.410000000 2.751797043585e-08
111.420000000 2.751102481451e-08
111.430000000 2.750407919316e-08
111.440000000 2.749713357182e-08
111.450000000 2.749018795048e-08
111.460000000 2.748324232914e-08
111.470000000 2.747629670780e-08
111.480000000 2.746935108646e-08
111.490000000 2.746240546512e-08
111.500000000 2.745545984378e-08
111.510000000 2.744851422244e-08
111.520000000 2.744156860109e-08
111.530000000 2.743462297975e-08
111.540000000 2.742767735841e-08
111.550000000 2.742073173707e-08
111.560000000 2.741378611573e-08
111.570000000 2.740684049439e-08
111.580000000 2.739989487305e-08
111.590000000 2.634149047903e-08
111.600000000 2.884351166984e-08
111.610000000 2.394173170921e-08
111.620000000 3.249134509035e-08
111.630000000 1.849442623057e-08
111.640000000 4.051060118331e-08
111.650000000 6.163475680221e-09
111.660000000 6.144481397074e-08
111.670000000 -3.949232904834e-08
111.680000000 2.772010710106e-07
111.690000000 5.938944710696e-07
111.700000000 4.929573280505e-07
111.710000000 5.482386663410e-07
111.720000000 5.138915408379e-07
111.730000000 5.359077157907e-07
111.740000000 5.219107969309e-07
111.750000000 5.304604103120e-07
111.760000000 5.255586303514e-07
111.770000000 5.280606515422e-07
111.780000000 5.270022471482e-07
111.790000000 5.269953015269e-07
111.800000000 5.269883559055e-07
111.810000000 5.269814102842e-07
111.820000000 5.269744646628e-07
111.830000000 5.269675190415e-07
111.840000000 5.280120321928e-07
111.850000000 5.254961197593e-07
111.860000000 5.303840084773e-07
111.870000000 5.207690450808e-07
111.880000000 5.372610395100e-07
111.890000000 5.103361389753e-07
111.900000000 5.532259322382e-07
111.910000000 4.839407294666e-07
111.920000000 6.068871018170e-07
111.930000000 2.558396306337e-07
111.940000000 -5.579376756129e-09
111.950000000 -5.586322377471e-09
111.960000000 2.558187937696e-07
111.970000000 6.068523737103e-07
111.980000000 4.849435688899e-07
111.990000000 5.517059136067e-07
112.000000000 5.136970634404e-07
112.010000000 5.320515137299e-07
112.020000000 5.295356012964e-07
112.030000000 5.171135528762e-07
112.040000000 5.465519527973e-07
112.050000000 4.937656900762e-07
112.060000000 5.936374830800e-07
112.070000000 2.769301917783e-07
112.080000000 -3.977709952332e-08
112.090000000 6.114615225307e-08
112.100000000 5.850922719872e-09
112.110000000 4.018415698028e-08
112.120000000 1.815409078486e-08
112.130000000 3.213711840195e-08
112.140000000 2.357361377813e-08
112.150000000 2.846150249608e-08
112.160000000 2.594559006259e-08
112.170000000 2.699010321392e-08
112.180000000 2.698315759258e-08
112.190000000 2.697621197124e-08
112.200000000 2.696926634990e-08
112.210000000 2.696232072856e-08
112.220000000 2.695537510722e-08
112.230000000 2.694842948588e-08
112.240000000 2.694148386454e-08
112.250000000 2.693453824319e-08
112.260000000 2.692759262185e-08
112.270000000 2.692064700051e-08
112.280000000 2.691370137917e-08
112.290000000 2.690675575783e-08
112.300000000 2.689981013649e-08
112.310000000 2.689286451515e-08
112.320000000 2.688591889381e-08
112.330000000 2.687897327247e-08
112.340000000 2.687202765112e-08
112.350000000 2.791654080246e-08
112.360000000 2.540062836897e-08
112.370000000 3.028851708692e-08
112.380000000 2.067355369042e-08
112.390000000 3.716554811966e-08
112.400000000 1.024064758496e-08
112.410000000 5.313044084784e-08
112.420000000 -1.615476192379e-08
112.430000000 1.067916104267e-07
112.440000000 -2.442558607567e-07
112.450000000 -5.056748681465e-07
112.460000000 -5.056818137678e-07
112.470000000 -2.442766976207e-07
112.480000000 1.067568823200e-07
112.490000000 -1.620338127318e-08
112.500000000 5.306793025577e-08
112.510000000 1.016424575020e-08
112.520000000 3.707525504223e-08
112.530000000 2.056936937030e-08
112.540000000 3.017044152412e-08
112.550000000 2.526866156349e-08
112.560000000 2.777068275430e-08
112.570000000 2.671227836028e-08
112.580000000 2.670533273894e-08
112.590000000 2.669838711760e-08
112.600000000 2.669144149626e-08
112.610000000 2.668449587491e-08
112.620000000 2.667755025357e-08
112.630000000 2.667060463223e-08
112.640000000 2.666365901089e-08
112.650000000 2.665671338955e-08
112.660000000 2.664976776821e-08
112.670000000 2.664282214687e-08
112.680000000 2.663587652553e-08
112.690000000 2.662893090419e-08
112.700000000 2.662198528284e-08
112.710000000 2.661503966150e-08
112.720000000 2.660809404016e-08
112.730000000 2.660114841882e-08
112.740000000 2.659420279748e-08
112.750000000 2.658725717614e-08
112.760000000 2.658031155480e-08
112.770000000 2.657336593346e-08
112.780000000 2.656642031212e-08
112.790000000 2.655947469077e-08
112.800000000 2.655252906943e-08
112.810000000 2.654558344809e-08
112.820000000 2.653863782675e-08
112.830000000 2.653169220541e-08
112.840000000 2.652474658407e-08
112.850000000 2.651780096273e-08
112.860000000 2.651085534139e-08
112.870000000 2.650390972005e-08
112.880000000 2.649696409870e-08
112.890000000 2.649001847736e-08
112.900000000 2.648307285602e-08
112.910000000 2.647612723468e-08
112.920000000 2.646918161334e-08
112.930000000 2.646223599200e-08
112.940000000 2.645529037066e-08
112.950000000 2.644834474932e-08
112.960000000 2.644139912798e-08
112.970000000 2.643445350663e-08
112.980000000 2.642750788529e-08
112.990000000 2.642056226395e-08
113.000000000 2.641361664261e-08
113.010000000 2.640667102127e-08
113.020000000 2.639972539993e-08
113.030000000 2.639277977859e-08
113.040000000 2.638583415725e-08
113.050000000 2.637888853591e-08
113.060000000 2.637194291456e-08
113.070000000 2.636499729322e-08
113.080000000 2.635805167188e-08
113.090000000 2.635110605054e-08
113.100000000 2.634416042920e-08
113.110000000 2.633721480786e-08
113.120000000 2.633026918652e-08
113.130000000 2.632332356518e-08
113.140000000 2.736783671651e-08
113.150000000 2.485192428302e-08
113.160000000 2.973981300097e-08
113.170000000 2.012484960447e-08
113.180000000 3.661684403371e-08
113.190000000 9.691943499010e-09
113.200000000 5.258173676189e-08
113.210000000 -1.670346600974e-08
113.220000000 1.062429063407e-07
113.230000000 -2.448045648427e-07
113.240000000 -5.062235722324e-07
113.250000000 -5.062305178538e-07
113.260000000 -2.448254017067e-07
113.270000000 1.062081782340e-07
113.280000000 -1.675208535913e-08
113.290000000 5.251922616982e-08
113.300000000 9.615541664257e-09
113.310000000 3.652655095628e-08
113.320000000 2.002066528435e-08
113.330000000 2.962173743817e-08
113.340000000 2.471995747754e-08
113.350000000 2.722197866835e-08
113.360000000 2.616357427433e-08
113.370000000 2.615662865299e-08
113.380000000 2.614968303165e-08
113.390000000 2.614273741031e-08
113.400000000 2.613579178897e-08
113.410000000 2.612884616763e-08
113.420000000 2.612190054629e-08
113.430000000 2.611495492494e-08
113.440000000 2.610800930360e-08
113.450000000 2.610106368226e-08
113.460000000 2.609411806092e-08
113.470000000 2.608717243958e-08
113.480000000 2.608022681824e-08
113.490000000 2.607328119690e-08
113.500000000 2.606633557556e-08
113.510000000 2.605938995422e-08
113.520000000 2.605244433287e-08
113.530000000 2.604549871153e-08
113.540000000 2.603855309019e-08
113.550000000 2.603160746885e-08
113.560000000 2.602466184751e-08
113.570000000 2.601771622617e-08
113.580000000 2.601077060483e-08
113.590000000 2.600382498349e-08
113.600000000 2.599687936215e-08
113.610000000 2.598993374080e-08
113.620000000 2.598298811946e-08
113.630000000 2.597604249812e-08
113.640000000 2.596909687678e-08
113.650000000 2.596215125544e-08
113.660000000 2.595520563410e-08
113.670000000 2.594826001276e-08
113.680000000 2.594131439142e-08
113.690000000 2.593436877008e-08
113.700000000 2.592742314873e-08
113.710000000 2.592047752739e-08
113.720000000 2.591353190605e-08
113.730000000 2.590658628471e-08
113.740000000 2.589964066337e-08
113.750000000 2.589269504203e-08
113.760000000 2.588574942069e-08
113.770000000 2.587880379935e-08
113.780000000 2.587185817801e-08
113.790000000 2.586491255666e-08
113.800000000 2.585796693532e-08
113.810000000 2.585102131398e-08
113.820000000 2.584407569264e-08
113.830000000 2.583713007130e-08
113.840000000 2.583018444996e-08
113.850000000 2.582323882862e-08
113.860000000 2.581629320728e-08
113.870000000 2.580934758594e-08
113.880000000 2.580240196459e-08
113.890000000 2.579545634325e-08
113.900000000 2.578851072191e-08
113.910000000 2.578156510057e-08
113.920000000 2.577461947923e-08
113.930000000 2.576767385789e-08
113.940000000 2.576072823655e-08
113.950000000 2.575378261521e-08
113.960000000 2.574683699387e-08
113.970000000 2.573989137252e-08
113.980000000 2.573294575118e-08
113.990000000 2.572600012984e-08
114.000000000 2.571905450850e-08
114.010000000 2.571210888716e-08
114.020000000 2.570516326582e-08
114.030000000 2.569821764448e-08
114.040000000 2.569127202314e-08
114.050000000 2.568432640180e-08
114.060000000 2.567738078045e-08
114.070000000 2.567043515911e-08
114.080000000 2.566348953777e-08
114.090000000 2.565654391643e-08
114.100000000 2.564959829509e-08
114.110000000 2.564265267375e-08
114.120000000 2.563570705241e-08
114.130000000 2.562876143107e-08
114.140000000 2.562181580973e-08
114.150000000 2.561487018838e-08
114.160000000 2.560792456704e-08
114.170000000 2.560097894570e-08
114.180000000 2.559403332436e-08
114.190000000 2.558708770302e-08
114.200000000 2.558014208168e-08
114.210000000 2.557319646034e-08
114.220000000 2.451479206632e-08
114.230000000 2.701681325713e-08
114.240000000 2.211503329650e-08
114.250000000 3.066464667764e-08
114.260000000 1.666772781786e-08
114.270000000 3.868390277060e-08
114.280000000 4.336777267511e-09
114.290000000 5.961811555803e-08
114.300000000 -4.131902746105e-08
114.310000000 2.753743725979e-07
114.320000000 5.920677726569e-07
114.330000000 4.911306296378e-07
114.340000000 5.464119679283e-07
114.350000000 5.120648424252e-07
114.360000000 5.351324761506e-07
114.370000000 5.186265904787e-07
114.380000000 5.320710381991e-07
114.390000000 5.186126992360e-07
114.400000000 5.351046936653e-07
114.410000000 5.120231686972e-07
114.420000000 5.463564029576e-07
114.430000000 4.910611734244e-07
114.440000000 5.919844252008e-07
114.450000000 2.752771338991e-07
114.460000000 -4.143015740251e-08
114.470000000 5.949309437389e-08
114.480000000 4.197864840689e-09
114.490000000 3.853109910109e-08
114.500000000 1.650103290568e-08
114.510000000 3.048406052277e-08
114.520000000 2.192055589895e-08
114.530000000 2.680844461690e-08
114.540000000 2.429253218341e-08
114.550000000 2.533704533474e-08
114.560000000 2.533009971340e-08
114.570000000 2.532315409206e-08
114.580000000 2.531620847072e-08
114.590000000 2.530926284938e-08
114.600000000 2.530231722803e-08
114.610000000 2.529537160669e-08
114.620000000 2.528842598535e-08
114.630000000 2.528148036401e-08
114.640000000 2.527453474267e-08
114.650000000 2.526758912133e-08
114.660000000 2.526064349999e-08
114.670000000 2.525369787865e-08
114.680000000 2.524675225731e-08
114.690000000 2.523980663596e-08
114.700000000 2.523286101462e-08
114.710000000 2.522591539328e-08
114.720000000 2.521896977194e-08
114.730000000 2.521202415060e-08
114.740000000 2.520507852926e-08
114.750000000 2.519813290792e-08
114.760000000 2.519118728658e-08
114.770000000 2.518424166524e-08
114.780000000 2.517729604390e-08
114.790000000 2.517035042255e-08
114.800000000 2.516340480121e-08
114.810000000 2.515645917987e-08
114.820000000 2.514951355853e-08
114.830000000 2.514256793719e-08
114.840000000 2.513562231585e-08
114.850000000 2.512867669451e-08
114.860000000 2.512173107317e-08
114.870000000 2.511478545183e-08
114.880000000 2.510783983048e-08
114.890000000 2.510089420914e-08
114.900000000 2.509394858780e-08
114.910000000 2.508700296646e-08
114.920000000 2.508005734512e-08
114.930000000 2.507311172378e-08
114.940000000 2.506616610244e-08
114.950000000 2.505922048110e-08
114.960000000 2.505227485976e-08
114.970000000 2.504532923841e-08
114.980000000 2.503838361707e-08
114.990000000 2.503143799573e-08
115.000000000 2.502449237439e-08
115.010000000 2.501754675305e-08
115.020000000 2.501060113171e-08
115.030000000 2.500365551037e-08
115.040000000 2.499670988903e-08
115.050000000 2.498976426769e-08
115.060000000 2.498281864634e-08
115.070000000 2.497587302500e-08
115.080000000 2.496892740366e-08
115.090000000 2.496198178232e-08
115.100000000 2.495503616098e-08
115.110000000 2.494809053964e-08
115.120000000 2.494114491830e-08
115.130000000 2.493419929696e-08
115.140000000 2.492725367562e-08
115.150000000 2.492030805427e-08
115.160000000 2.491336243293e-08
115.170000000 2.490641681159e-08
115.180000000 2.489947119025e-08
115.190000000 2.489252556891e-08
115.200000000 2.488557994757e-08
115.210000000 2.487863432623e-08
115.220000000 2.487168870489e-08
115.230000000 2.486474308355e-08
115.240000000 2.485779746220e-08
115.250000000 2.485085184086e-08
115.260000000 2.484390621952e-08
115.270000000 2.483696059818e-08
115.280000000 2.483001497684e-08
115.290000000 2.482306935550e-08
115.300000000 2.481612373416e-08
115.310000000 2.480917811282e-08
115.320000000 2.480223249148e-08
115.330000000 2.479528687013e-08
115.340000000 2.478834124879e-08
115.350000000 2.478139562745e-08
115.360000000 2.477445000611e-08
115.370000000 2.476750438477e-08
115.380000000 2.476055876343e-08
115.390000000 2.475361314209e-08
115.400000000 2.474666752075e-08
115.410000000 2.473972189941e-08
115.420000000 2.473277627806e-08
115.430000000 2.472583065672e-08
115.440000000 2.471888503538e-08
115.450000000 2.471193941404e-08
115.460000000 2.470499379270e-08
115.470000000 2.469804817136e-08
115.480000000 2.469110255002e-08
115.490000000 2.468415692868e-08
115.500000000 2.467721130734e-08
115.510000000 2.467026568599e-08
115.520000000 2.466332006465e-08
115.530000000 2.465637444331e-08
115.540000000 2.464942882197e-08
115.550000000 2.464248320063e-08
115.560000000 2.463553757929e-08
115.570000000 2.462859195795e-08
115.580000000 2.462164633661e-08
115.590000000 2.461470071527e-08
115.600000000 2.460775509392e-08
115.610000000 2.460080947258e-08
115.620000000 2.459386385124e-08
115.630000000 2.458691822990e-08
115.640000000 2.457997260856e-08
115.650000000 2.457302698722e-08
115.660000000 2.456608136588e-08
115.670000000 2.455913574454e-08
115.680000000 2.455219012320e-08
115.690000000 2.454524450185e-08
115.700000000 2.453829888051e-08
115.710000000 2.453135325917e-08
115.720000000 2.452440763783e-08
115.730000000 2.451746201649e-08
115.740000000 2.451051639515e-08
115.750000000 2.450357077381e-08
115.760000000 2.449662515247e-08
115.770000000 2.448967953113e-08
115.780000000 2.448273390978e-08
115.790000000 2.447578828844e-08
115.800000000 2.446884266710e-08
115.810000000 2.446189704576e-08
115.820000000 2.445495142442e-08
115.830000000 2.444800580308e-08
115.840000000 2.444106018174e-08
115.850000000 2.443411456040e-08
115.860000000 2.442716893906e-08
115.870000000 2.442022331771e-08
115.880000000 2.441327769637e-08
115.890000000 2.440633207503e-08
115.900000000 2.439938645369e-08
115.910000000 2.439244083235e-08
115.920000000 2.438549521101e-08
115.930000000 2.437854958967e-08
115.940000000 2.437160396833e-08
115.950000000 2.436465834699e-08
115.960000000 2.435771272564e-08
115.970000000 2.435076710430e-08
115.980000000 2.434382148296e-08
115.990000000 2.433687586162e-08
116.000000000 2.432993024028e-08
116.010000000 2.432298461894e-08
116.020000000 2.431603899760e-08
116.030000000 2.430909337626e-08
116.040000000 2.430214775492e-08
116.050000000 2.429520213357e-08
116.060000000 2.428825651223e-08
116.070000000 2.428131089089e-08
116.080000000 2.532582404223e-08
116.090000000 2.280991160874e-08
116.100000000 2.769780032668e-08
116.110000000 1.913429570286e-08
116.120000000 3.311732331996e-08
116.130000000 1.108725712454e-08
116.140000000 4.542049138494e-08
116.150000000 -9.874738148254e-09
116.160000000 9.104851362814e-08
116.170000000 -2.256587776735e-07
116.180000000 -5.423660689751e-07
116.190000000 -4.414428171988e-07
116.200000000 -4.967380467320e-07
116.210000000 -4.624048124715e-07
116.220000000 -4.844348786670e-07
116.230000000 -4.704518510499e-07
116.240000000 -4.790153556737e-07
116.250000000 -4.741274669557e-07
116.260000000 -4.766433793892e-07
116.270000000 -4.766503250106e-07
116.280000000 -4.741483038198e-07
116.290000000 -4.790500837804e-07
116.300000000 -4.705004703993e-07
116.310000000 -4.844973892590e-07
116.320000000 -4.624812143063e-07
116.330000000 -4.968283398094e-07
116.340000000 -4.415470015189e-07
116.350000000 -5.424841445379e-07
116.360000000 -2.257907444790e-07
116.370000000 9.090265557998e-08
116.380000000 -1.003448743910e-08
116.390000000 4.524685085142e-08
116.400000000 1.089972534833e-08
116.410000000 3.291590030106e-08
116.420000000 1.891898144129e-08
116.430000000 2.746859482243e-08
116.440000000 2.256681486180e-08
116.450000000 2.506883605261e-08
116.460000000 2.401043165859e-08
116.470000000 2.400348603725e-08
116.480000000 2.399654041591e-08
116.490000000 2.398959479457e-08
116.500000000 2.398264917323e-08
116.510000000 2.397570355188e-08
116.520000000 2.396875793054e-08
116.530000000 2.396181230920e-08
116.540000000 2.395486668786e-08
116.550000000 2.394792106652e-08
116.560000000 2.288951667250e-08
116.570000000 2.539153786331e-08
116.580000000 2.048975790268e-08
116.590000000 2.903937128382e-08
116.600000000 1.504245242405e-08
116.610000000 3.705862737678e-08
116.620000000 2.711501873693e-09
116.630000000 5.799284016421e-08
116.640000000 -4.294430285487e-08
116.650000000 2.737490972041e-07
116.660000000 5.904424972631e-07
116.670000000 4.895053542440e-07
116.680000000 5.447866925345e-07
116.690000000 5.104395670314e-07
116.700000000 5.324557419841e-07
116.710000000 5.184588231244e-07
116.720000000 5.270084365055e-07
116.730000000 5.221066565449e-07
116.740000000 5.246086777357e-07
116.750000000 5.235502733417e-07
116.760000000 5.235433277203e-07
116.770000000 5.235363820990e-07
116.780000000 5.235294364776e-07
116.790000000 5.235224908563e-07
116.800000000 5.235155452350e-07
116.810000000 5.235085996136e-07
116.820000000 5.235016539923e-07
116.830000000 5.234947083709e-07
116.840000000 5.234877627496e-07
116.850000000 5.234808171283e-07
116.860000000 5.234738715069e-07
116.870000000 5.234669258856e-07
116.880000000 5.234599802642e-07
116.890000000 5.234530346429e-07
116.900000000 5.234460890216e-07
116.910000000 5.234391434002e-07
116.920000000 5.234321977789e-07
116.930000000 5.234252521575e-07
116.940000000 5.234183065362e-07
116.950000000 5.234113609148e-07
116.960000000 5.234044152935e-07
116.970000000 5.233974696722e-07
116.980000000 5.233905240508e-07
116.990000000 5.233835784295e-07
117.000000000 5.244280915808e-07
117.010000000 5.219121791473e-07
117.020000000 5.268000678653e-07
117.030000000 5.182365632415e-07
117.040000000 5.322195908585e-07
117.050000000 5.101895246631e-07
117.060000000 5.445227589235e-07
117.070000000 4.892275293903e-07
117.080000000 5.901507811667e-07
117.090000000 2.734434898651e-07
117.100000000 -4.326380143656e-08
117.110000000 5.765945033984e-08
117.120000000 2.364220806638e-09
117.130000000 3.669745506704e-08
117.140000000 1.466738887163e-08
117.150000000 2.865041648872e-08
117.160000000 2.008691186490e-08
117.170000000 2.497480058284e-08
117.180000000 2.245888814936e-08
117.190000000 2.350340130069e-08
117.200000000 2.349645567935e-08
117.210000000 2.348951005801e-08
117.220000000 2.348256443667e-08
117.230000000 2.347561881532e-08
117.240000000 2.346867319398e-08
117.250000000 2.346172757264e-08
117.260000000 2.345478195130e-08
117.270000000 2.344783632996e-08
117.280000000 2.344089070862e-08
117.290000000 2.343394508728e-08
117.300000000 2.447845823861e-08
117.310000000 2.196254580512e-08
117.320000000 2.685043452307e-08
117.330000000 1.828692989925e-08
117.340000000 3.226995751634e-08
117.350000000 1.023989132093e-08
117.360000000 4.457312558133e-08
117.370000000 -1.072210395187e-08
117.380000000 9.020114782452e-08
117.390000000 -2.265061434771e-07
117.400000000 -5.432134347788e-07
117.410000000 -4.422901830024e-07
117.420000000 -4.986368713082e-07
117.430000000 -4.617946702357e-07
117.440000000 -4.887195707704e-07
117.450000000 -4.661799841508e-07
117.460000000 -4.887334620131e-07
117.470000000 -4.618224527211e-07
117.480000000 -4.986785450363e-07
117.490000000 -4.423457479731e-07
117.500000000 -5.432828909922e-07
117.510000000 -2.265894909332e-07
117.520000000 9.010390912575e-08
117.530000000 -1.083323389333e-08
117.540000000 4.444810439719e-08
117.550000000 1.010097889410e-08
117.560000000 3.211715384684e-08
117.570000000 1.812023498706e-08
117.580000000 2.666984836820e-08
117.590000000 2.176806840757e-08
117.600000000 2.427008959838e-08
117.610000000 2.321168520436e-08
117.620000000 2.320473958302e-08
117.630000000 2.319779396168e-08
117.640000000 2.319084834034e-08
117.650000000 2.318390271900e-08
117.660000000 2.317695709766e-08
117.670000000 2.317001147632e-08
117.680000000 2.316306585498e-08
117.690000000 2.315612023363e-08
117.700000000 2.314917461229e-08
117.710000000 2.314222899095e-08
117.720000000 2.313528336961e-08
117.730000000 2.312833774827e-08
117.740000000 2.312139212693e-08
117.750000000 2.311444650559e-08
117.760000000 2.310750088425e-08
117.770000000 2.310055526291e-08
117.780000000 2.309360964156e-08
117.790000000 2.308666402022e-08
117.800000000 2.307971839888e-08
117.810000000 2.307277277754e-08
117.820000000 2.306582715620e-08
117.830000000 2.305888153486e-08
117.840000000 2.305193591352e-08
117.850000000 2.304499029218e-08
117.860000000 2.303804467084e-08
117.870000000 2.303109904949e-08
117.880000000 2.302415342815e-08
117.890000000 2.301720780681e-08
117.900000000 2.301026218547e-08
117.910000000 2.300331656413e-08
117.920000000 2.299637094279e-08
117.930000000 2.298942532145e-08
117.940000000 2.298247970011e-08
117.950000000 2.297553407877e-08
117.960000000 2.296858845742e-08
117.970000000 2.296164283608e-08
117.980000000 2.295469721474e-08
117.990000000 2.294775159340e-08
118.000000000 2.294080597206e-08
118.010000000 2.293386035072e-08
118.020000000 2.292691472938e-08
118.030000000 2.291996910804e-08
118.040000000 2.291302348670e-08
118.050000000 2.290607786535e-08
118.060000000 2.289913224401e-08
118.070000000 2.289218662267e-08
118.080000000 2.288524100133e-08
118.090000000 2.287829537999e-08
118.100000000 2.287134975865e-08
118.110000000 2.286440413731e-08
118.120000000 2.285745851597e-08
118.130000000 2.285051289463e-08
118.140000000 2.284356727328e-08
118.150000000 2.283662165194e-08
118.160000000 2.282967603060e-08
118.170000000 2.282273040926e-08
118.180000000 2.281578478792e-08
118.190000000 2.280883916658e-08
118.200000000 2.280189354524e-08
118.210000000 2.279494792390e-08
118.220000000 2.278800230256e-08
118.230000000 2.278105668121e-08
118.240000000 2.277411105987e-08
118.250000000 2.276716543853e-08
118.260000000 2.276021981719e-08
118.270000000 2.275327419585e-08
118.280000000 2.274632857451e-08
118.290000000 2.273938295317e-08
118.300000000 2.273243733183e-08
118.310000000 2.272549171049e-08
118.320000000 2.271854608914e-08
118.330000000 2.271160046780e-08
118.340000000 2.270465484646e-08
118.350000000 2.269770922512e-08
118.360000000 2.269076360378e-08
118.370000000 2.268381798244e-08
118.380000000 2.267687236110e-08
118.390000000 2.266992673976e-08
118.400000000 2.266298111842e-08
118.410000000 2.265603549707e-08
118.420000000 2.264908987573e-08
118.430000000 2.264214425439e-08
118.440000000 2.263519863305e-08
118.450000000 2.262825301171e-08
118.460000000 2.262130739037e-08
118.470000000 2.261436176903e-08
118.480000000 2.260741614769e-08
118.490000000 2.260047052635e-08
118.500000000 2.259352490500e-08
118.510000000 2.258657928366e-08
118.520000000 2.257963366232e-08
118.530000000 2.257268804098e-08
118.540000000 2.256574241964e-08
118.550000000 2.255879679830e-08
118.560000000 2.255185117696e-08
118.570000000 2.254490555562e-08
118.580000000 2.253795993428e-08
118.590000000 2.253101431293e-08
118.600000000 2.252406869159e-08
118.610000000 2.251712307025e-08
118.620000000 2.251017744891e-08
118.630000000 2.250323182757e-08
118.640000000 2.249628620623e-08
118.650000000 2.248934058489e-08
118.660000000 2.248239496355e-08
118.670000000 2.247544934221e-08
118.680000000 2.246850372086e-08
118.690000000 2.246155809952e-08
118.700000000 2.245461247818e-08
118.710000000 2.244766685684e-08
118.720000000 2.244072123550e-08
118.730000000 2.243377561416e-08
118.740000000 2.242682999282e-08
118.750000000 2.241988437148e-08
118.760000000 2.241293875014e-08
118.770000000 2.240599312879e-08
118.780000000 2.239904750745e-08
118.790000000 2.239210188611e-08
118.800000000 2.238515626477e-08
118.810000000 2.237821064343e-08
118.820000000 2.237126502209e-08
118.830000000 2.236431940075e-08
118.840000000 2.235737377941e-08
118.850000000 2.235042815807e-08
118.860000000 2.234348253672e-08
118.870000000 2.233653691538e-08
118.880000000 2.232959129404e-08
118.890000000 2.232264567270e-08
118.900000000 2.231570005136e-08
118.910000000 2.230875443002e-08
118.920000000 2.230180880868e-08
118.930000000 2.229486318734e-08
118.940000000 2.228791756600e-08
118.950000000 2.228097194466e-08
118.960000000 2.227402632331e-08
118.970000000 2.226708070197e-08
118.980000000 2.226013508063e-08
118.990000000 2.225318945929e-08
119.000000000 2.224624383795e-08
119.010000000 2.223929821661e-08
119.020000000 2.223235259527e-08
119.030000000 2.222540697393e-08
119.040000000 2.221846135259e-08
119.050000000 2.221151573124e-08
119.060000000 2.220457010990e-08
119.070000000 2.219762448856e-08
119.080000000 2.219067886722e-08
119.090000000 2.218373324588e-08
119.100000000 2.217678762454e-08
119.110000000 2.216984200320e-08
119.120000000 2.216289638186e-08
119.130000000 2.215595076052e-08
119.140000000 2.214900513917e-08
119.150000000 2.214205951783e-08
119.160000000 2.213511389649e-08
119.170000000 2.212816827515e-08
119.180000000 2.212122265381e-08
119.190000000 2.211427703247e-08
119.200000000 2.210733141113e-08
119.210000000 2.210038578979e-08
119.220000000 2.209344016845e-08
119.230000000 2.208649454710e-08
119.240000000 2.207954892576e-08
119.250000000 2.207260330442e-08
119.260000000 2.206565768308e-08
119.270000000 2.205871206174e-08
119.280000000 2.205176644040e-08
119.290000000 2.204482081906e-08
119.300000000 2.203787519772e-08
119.310000000 2.203092957638e-08
119.320000000 2.202398395503e-08
119.330000000 2.201703833369e-08
119.340000000 2.201009271235e-08
119.350000000 2.200314709101e-08
119.360000000 2.199620146967e-08
119.370000000 2.198925584833e-08
119.380000000 2.198231022699e-08
119.390000000 2.197536460565e-08
119.400000000 2.196841898431e-08
119.410000000 2.196147336296e-08
119.420000000 2.195452774162e-08
119.430000000 2.194758212028e-08
119.440000000 2.194063649894e-08
119.450000000 2.193369087760e-08
119.460000000 2.192674525626e-08
119.470000000 2.191979963492e-08
119.480000000 2.191285401358e-08
119.490000000 2.190590839224e-08
119.500000000 2.189896277089e-08
119.510000000 2.189201714955e-08
119.520000000 2.188507152821e-08
119.530000000 2.187812590687e-08
119.540000000 2.187118028553e-08
119.550000000 2.186423466419e-08
119.560000000 2.185728904285e-08
119.570000000 2.185034342151e-08
119.580000000 2.184339780017e-08
119.590000000 2.288791095150e-08
119.600000000 2.037199851801e-08
119.610000000 2.525988723596e-08
119.620000000 1.669638261213e-08
119.630000000 3.067941022923e-08
119.640000000 8.649344033813e-09
119.650000000 4.298257829422e-08
119.660000000 -1.231265123898e-08
119.670000000 8.861060053741e-08
119.680000000 -2.280966907642e-07
119.690000000 -5.448039820659e-07
119.700000000 -4.438807302895e-07
119.710000000 -4.991759598227e-07
119.720000000 -4.648427255623e-07
119.730000000 -4.868727917577e-07
119.740000000 -4.728897641406e-07
119.750000000 -4.814532687644e-07
119.760000000 -4.765653800465e-07
119.770000000 -4.801327512526e-07
119.780000000 -4.765792712892e-07
119.790000000 -4.814810512498e-07
119.800000000 -4.729314378686e-07
119.810000000 -4.869283567284e-07
119.820000000 -4.649121817757e-07
119.830000000 -4.992593072788e-07
119.840000000 -4.439779689883e-07
119.850000000 -5.449151120073e-07
119.860000000 -2.282217119484e-07
119.870000000 8.847168811059e-08
119.880000000 -1.246545490849e-08
119.890000000 4.281588338203e-08
119.900000000 8.468757878944e-09
119.910000000 3.048493283168e-08
119.920000000 1.648801397190e-08
119.930000000 2.503762735304e-08
119.940000000 2.013584739241e-08
119.950000000 2.263786858322e-08
119.960000000 2.157946418920e-08
119.970000000 2.157251856786e-08
119.980000000 2.156557294652e-08
119.990000000 2.155862732518e-08
120.000000000 2.155168170384e-08
120.010000000 2.154473608250e-08
120.020000000 2.153779046116e-08
120.030000000 2.153084483982e-08
120.040000000 2.152389921847e-08
120.050000000 2.151695359713e-08
120.060000000 2.151000797579e-08
120.070000000 2.150306235445e-08
120.080000000 2.149611673311e-08
120.090000000 2.148917111177e-08
120.100000000 2.148222549043e-08
120.110000000 2.147527986909e-08
120.120000000 2.146833424775e-08
120.130000000 2.146138862640e-08
120.140000000 2.145444300506e-08
120.150000000 2.144749738372e-08
120.160000000 2.144055176238e-08
120.170000000 2.143360614104e-08
120.180000000 2.142666051970e-08
120.190000000 2.141971489836e-08
120.200000000 2.141276927702e-08
120.210000000 2.140582365568e-08
120.220000000 2.034741926166e-08
120.230000000 2.284944045247e-08
120.240000000 1.794766049184e-08
120.250000000 2.649727387298e-08
120.260000000 1.250035501320e-08
120.270000000 3.556798873861e-08
120.280000000 -1.288103576623e-09
120.290000000 5.888806905318e-08
120.300000000 -5.060563296838e-08
120.310000000 2.800777403290e-07
120.320000000 5.747480198139e-07
120.330000000 5.081510566766e-07
120.340000000 5.081441110552e-07
120.350000000 5.747271829499e-07
120.360000000 2.800430122223e-07
120.370000000 -5.065425231776e-08
120.380000000 5.882555846111e-08
120.390000000 -1.364505411375e-09
120.400000000 3.547769566118e-08
120.410000000 1.239617069309e-08
120.420000000 2.637919831018e-08
120.430000000 1.781569368636e-08
120.440000000 2.270358240430e-08
120.450000000 2.018766997081e-08
120.460000000 2.123218312215e-08
120.470000000 2.122523750081e-08
120.480000000 2.121829187947e-08
120.490000000 2.121134625813e-08
120.500000000 2.120440063678e-08
120.510000000 2.119745501544e-08
120.520000000 2.119050939410e-08
120.530000000 2.118356377276e-08
120.540000000 2.117661815142e-08
120.550000000 2.116967253008e-08
120.560000000 2.116272690874e-08
120.570000000 2.115578128740e-08
120.580000000 2.114883566606e-08
120.590000000 2.114189004471e-08
120.600000000 2.113494442337e-08
120.610000000 2.112799880203e-08
120.620000000 2.112105318069e-08
120.630000000 2.111410755935e-08
120.640000000 2.110716193801e-08
120.650000000 2.110021631667e-08
120.660000000 2.109327069533e-08
120.670000000 2.108632507399e-08
120.680000000 2.107937945264e-08
120.690000000 2.107243383130e-08
120.700000000 2.106548820996e-08
120.710000000 2.105854258862e-08
120.720000000 2.105159696728e-08
120.730000000 2.104465134594e-08
120.740000000 1.998624695192e-08
120.750000000 2.248826814273e-08
120.760000000 1.758648818210e-08
120.770000000 2.613610156324e-08
120.780000000 1.213918270346e-08
120.790000000 3.415535765620e-08
120.800000000 -1.917678468881e-10
120.810000000 5.508957044363e-08
120.820000000 -4.584757257545e-08
120.830000000 2.708458274835e-07
120.840000000 5.875392275425e-07
120.850000000 4.866020845234e-07
120.860000000 5.418834228139e-07
120.870000000 5.075362973108e-07
120.880000000 5.295524722636e-07
120.890000000 5.155555534038e-07
120.900000000 5.241051667849e-07
120.910000000 5.192033868243e-07
120.920000000 5.217054080151e-07
120.930000000 5.206470036211e-07
120.940000000 5.216915167724e-07
120.950000000 5.191756043389e-07
120.960000000 5.240634930569e-07
120.970000000 5.154999884331e-07
120.980000000 5.294830160501e-07
120.990000000 5.074529498547e-07
121.000000000 5.417861841151e-07
121.010000000 4.864909545819e-07
121.020000000 5.874142063583e-07
121.030000000 2.707069150567e-07
121.040000000 -4.600037624495e-08
121.050000000 5.492287553144e-08
121.060000000 -3.723540017567e-10
121.070000000 3.396088025865e-08
121.080000000 1.193081406323e-08
121.090000000 2.591384168033e-08
121.100000000 1.735033705650e-08
121.110000000 2.223822577445e-08
121.120000000 1.972231334096e-08
121.130000000 2.076682649229e-08
121.140000000 2.075988087095e-08
121.150000000 2.075293524961e-08
121.160000000 2.074598962827e-08
121.170000000 2.073904400693e-08
121.180000000 2.073209838559e-08
121.190000000 2.072515276425e-08
121.200000000 2.176966591558e-08
121.210000000 1.925375348209e-08
121.220000000 2.414164220004e-08
121.230000000 1.557813757622e-08
121.240000000 2.956116519331e-08
121.250000000 7.531098997895e-09
121.260000000 4.186433325830e-08
121.270000000 -1.343089627490e-08
121.280000000 8.749235550149e-08
121.290000000 -2.292149358001e-07
121.300000000 -5.459222271018e-07
121.310000000 -4.449989753254e-07
121.320000000 -5.002942048586e-07
121.330000000 -4.659609705982e-07
121.340000000 -4.879910367936e-07
121.350000000 -4.740080091765e-07
121.360000000 -4.836229725730e-07
121.370000000 -4.762261170429e-07
121.380000000 -4.836368638157e-07
121.390000000 -4.740357916619e-07
121.400000000 -4.880327105217e-07
121.410000000 -4.660165355689e-07
121.420000000 -5.003636610720e-07
121.430000000 -4.450823227815e-07
121.440000000 -5.460194658006e-07
121.450000000 -2.293260657416e-07
121.460000000 8.736733431735e-08
121.470000000 -1.356980870172e-08
121.480000000 4.171152958879e-08
121.490000000 7.364404085709e-09
121.500000000 2.938057903844e-08
121.510000000 1.538366017867e-08
121.520000000 2.393327355981e-08
121.530000000 1.903149359918e-08
121.540000000 2.153351478998e-08
121.550000000 2.047511039597e-08
121.560000000 2.046816477463e-08
121.570000000 2.046121915329e-08
121.580000000 2.045427353194e-08
121.590000000 2.044732791060e-08
121.600000000 2.044038228926e-08
121.610000000 2.043343666792e-08
121.620000000 2.042649104658e-08
121.630000000 2.041954542524e-08
121.640000000 2.041259980390e-08
121.650000000 2.040565418256e-08
121.660000000 2.039870856122e-08
121.670000000 2.039176293987e-08
121.680000000 2.038481731853e-08
121.690000000 2.037787169719e-08
121.700000000 2.037092607585e-08
121.710000000 2.036398045451e-08
121.720000000 2.035703483317e-08
121.730000000 2.035008921183e-08
121.740000000 2.034314359049e-08
121.750000000 2.033619796915e-08
121.760000000 2.032925234781e-08
121.770000000 2.032230672646e-08
121.780000000 2.031536110512e-08
121.790000000 2.030841548378e-08
121.800000000 2.030146986244e-08
121.810000000 2.029452424110e-08
121.820000000 2.028757861976e-08
121.830000000 2.028063299842e-08
121.840000000 2.027368737708e-08
121.850000000 2.026674175574e-08
121.860000000 2.025979613439e-08
121.870000000 2.025285051305e-08
121.880000000 2.024590489171e-08
121.890000000 2.023895927037e-08
121.900000000 2.023201364903e-08
121.910000000 2.022506802769e-08
121.920000000 2.021812240635e-08
121.930000000 2.021117678501e-08
121.940000000 2.020423116367e-08
121.950000000 2.019728554232e-08
121.960000000 2.019033992098e-08
121.970000000 2.018339429964e-08
121.980000000 2.017644867830e-08
121.990000000 2.016950305696e-08
122.000000000 2.016255743562e-08
122.010000000 2.015561181428e-08
122.020000000 2.014866619294e-08
122.030000000 2.014172057160e-08
122.040000000 2.013477495025e-08
122.050000000 2.012782932891e-08
122.060000000 2.012088370757e-08
122.070000000 2.011393808623e-08
122.080000000 2.010699246489e-08
122.090000000 2.010004684355e-08
122.100000000 2.009310122221e-08
122.110000000 2.008615560087e-08
122.120000000 2.007920997953e-08
122.130000000 2.007226435818e-08
122.140000000 2.006531873684e-08
122.150000000 2.005837311550e-08
122.160000000 2.005142749416e-08
122.170000000 2.004448187282e-08
122.180000000 2.003753625148e-08
122.190000000 2.003059063014e-08
122.200000000 2.002364500880e-08
122.210000000 2.001669938746e-08
122.220000000 2.000975376611e-08
122.230000000 2.000280814477e-08
122.240000000 1.999586252343e-08
122.250000000 1.998891690209e-08
122.260000000 1.998197128075e-08
122.270000000 1.997502565941e-08
122.280000000 1.996808003807e-08
122.290000000 1.996113441673e-08
122.300000000 1.995418879539e-08
122.310000000 1.994724317404e-08
122.320000000 1.994029755270e-08
122.330000000 1.993335193136e-08
122.340000000 1.992640631002e-08
122.350000000 1.991946068868e-08
122.360000000 1.991251506734e-08
122.370000000 1.990556944600e-08
122.380000000 1.989862382466e-08
122.390000000 1.989167820332e-08
122.400000000 1.988473258197e-08
122.410000000 1.987778696063e-08
122.420000000 1.987084133929e-08
122.430000000 1.986389571795e-08
122.440000000 1.985695009661e-08
122.450000000 1.985000447527e-08
122.460000000 1.984305885393e-08
122.470000000 1.983611323259e-08
122.480000000 1.982916761125e-08
122.490000000 2.087368076258e-08
122.500000000 1.835776832909e-08
122.510000000 2.324565704704e-08
122.520000000 1.468215242321e-08
122.530000000 2.866518004031e-08
122.540000000 6.635113844893e-09
122.550000000 4.096834810530e-08
122.560000000 -1.432688142790e-08
122.570000000 8.659637034849e-08
122.580000000 -2.301109209532e-07
122.590000000 -5.478696710275e-07
122.600000000 -4.444374524389e-07
122.610000000 -5.046275163114e-07
122.620000000 -4.617377230485e-07
122.630000000 -4.977577624824e-07
122.640000000 -4.617516142912e-07
122.650000000 -5.046552987968e-07
122.660000000 -4.444791261670e-07
122.670000000 -5.479252359982e-07
122.680000000 -2.301803771666e-07
122.690000000 8.651302289240e-08
122.700000000 -1.442412012668e-08
122.710000000 4.085721816384e-08
122.720000000 6.510092660753e-09
122.730000000 2.852626761349e-08
122.740000000 1.452934875371e-08
122.750000000 2.307896213485e-08
122.760000000 1.817718217422e-08
122.770000000 2.067920336503e-08
122.780000000 1.962079897101e-08
122.790000000 1.961385334967e-08
122.800000000 1.960690772833e-08
122.810000000 1.959996210699e-08
122.820000000 1.959301648565e-08
122.830000000 1.958607086431e-08
122.840000000 1.957912524297e-08
122.850000000 1.957217962162e-08
122.860000000 1.956523400028e-08
122.870000000 1.955828837894e-08
122.880000000 1.955134275760e-08
122.890000000 1.954439713626e-08
122.900000000 1.953745151492e-08
122.910000000 1.953050589358e-08
122.920000000 1.952356027224e-08
122.930000000 1.951661465090e-08
122.940000000 1.950966902955e-08
122.950000000 1.950272340821e-08
122.960000000 1.949577778687e-08
122.970000000 1.948883216553e-08
122.980000000 1.948188654419e-08
122.990000000 1.947494092285e-08
123.000000000 1.946799530151e-08
123.010000000 1.946104968017e-08
123.020000000 1.945410405883e-08
123.030000000 1.944715843748e-08
123.040000000 1.944021281614e-08
123.050000000 1.943326719480e-08
123.060000000 1.942632157346e-08
123.070000000 1.941937595212e-08
123.080000000 1.941243033078e-08
123.090000000 1.940548470944e-08
123.100000000 1.939853908810e-08
123.110000000 1.939159346676e-08
123.120000000 1.938464784542e-08
123.130000000 1.937770222407e-08
123.140000000 1.937075660273e-08
123.150000000 1.936381098139e-08
123.160000000 1.935686536005e-08
123.170000000 1.934991973871e-08
123.180000000 1.934297411737e-08
123.190000000 1.933602849603e-08
123.200000000 1.932908287469e-08
123.210000000 1.932213725335e-08
123.220000000 1.931519163200e-08
123.230000000 1.930824601066e-08
123.240000000 1.930130038932e-08
123.250000000 1.929435476798e-08
123.260000000 1.928740914664e-08
123.270000000 1.928046352530e-08
123.280000000 1.927351790396e-08
123.290000000 1.926657228262e-08
123.300000000 1.925962666128e-08
123.310000000 1.925268103993e-08
123.320000000 1.924573541859e-08
123.330000000 1.923878979725e-08
123.340000000 1.923184417591e-08
123.350000000 1.922489855457e-08
123.360000000 1.921795293323e-08
123.370000000 1.921100731189e-08
123.380000000 1.920406169055e-08
123.390000000 1.919711606921e-08
123.400000000 1.919017044786e-08
123.410000000 1.918322482652e-08
123.420000000 1.917627920518e-08
123.430000000 1.916933358384e-08
123.440000000 1.916238796250e-08
123.450000000 1.915544234116e-08
123.460000000 1.914849671982e-08
123.470000000 1.914155109848e-08
123.480000000 2.018606424981e-08
123.490000000 1.767015181632e-08
123.500000000 2.255804053427e-08
123.510000000 1.399453591045e-08
123.520000000 2.797756352754e-08
123.530000000 5.947497332124e-09
123.540000000 4.028073159253e-08
123.550000000 -1.501449794067e-08
123.560000000 8.590875383572e-08
123.570000000 -2.307985374659e-07
123.580000000 -5.475058287676e-07
123.590000000 -4.465825769912e-07
123.600000000 -5.018778065244e-07
123.610000000 -4.675445722640e-07
123.620000000 -4.895746384594e-07
123.630000000 -4.755916108423e-07
123.640000000 -4.841551154661e-07
123.650000000 -4.792672267482e-07
123.660000000 -4.817831391816e-07
123.670000000 -4.807386260303e-07
123.680000000 -4.807455716517e-07
123.690000000 -4.807525172730e-07
123.700000000 -4.807594628943e-07
123.710000000 -4.807664085157e-07
123.720000000 -4.807733541370e-07
123.730000000 -4.807802997584e-07
123.740000000 -4.807872453797e-07
123.750000000 -4.807941910010e-07
123.760000000 -4.808011366224e-07
123.770000000 -4.818595410164e-07
123.780000000 -4.793575198256e-07
123.790000000 -4.842592997862e-07
123.800000000 -4.757096864051e-07
123.810000000 -4.897066052649e-07
123.820000000 -4.676904303121e-07
123.830000000 -5.020375558152e-07
123.840000000 -4.467562175247e-07
123.850000000 -5.476933605438e-07
123.860000000 -2.309999604848e-07
123.870000000 8.569343957415e-08
123.880000000 -1.524370344493e-08
123.890000000 4.003763484559e-08
123.900000000 5.690509342503e-09
123.910000000 2.770668429524e-08
123.920000000 1.370976543546e-08
123.930000000 2.225937881660e-08
123.940000000 1.735759885597e-08
123.950000000 1.985962004678e-08
123.960000000 1.880121565276e-08
123.970000000 1.879427003142e-08
123.980000000 1.878732441008e-08
123.990000000 1.878037878874e-08
124.000000000 1.877343316740e-08
124.010000000 1.876648754606e-08
124.020000000 1.875954192472e-08
124.030000000 1.875259630337e-08
124.040000000 1.874565068203e-08
124.050000000 1.873870506069e-08
124.060000000 1.873175943935e-08
124.070000000 1.872481381801e-08
124.080000000 1.871786819667e-08
124.090000000 1.871092257533e-08
124.100000000 1.870397695399e-08
124.110000000 1.869703133265e-08
124.120000000 1.869008571130e-08
124.130000000 1.868314008996e-08
124.140000000 1.867619446862e-08
124.150000000 1.866924884728e-08
124.160000000 1.866230322594e-08
124.170000000 1.760389883192e-08
124.180000000 2.010592002273e-08
124.190000000 1.520414006210e-08
124.200000000 2.375375344324e-08
124.210000000 9.756834583466e-09
124.220000000 3.177300953620e-08
124.230000000 -2.574115966886e-09
124.240000000 5.270722232363e-08
124.250000000 -4.822992069545e-08
124.260000000 2.684634793635e-07
124.270000000 5.851568794225e-07
124.280000000 4.842197364034e-07
124.290000000 5.395010746939e-07
124.300000000 5.051539491908e-07
124.310000000 5.271701241436e-07
124.320000000 5.131732052838e-07
124.330000000 5.217228186649e-07
124.340000000 5.168210387043e-07
124.350000000 5.193230598951e-07
124.360000000 5.182646555011e-07
124.370000000 5.182577098797e-07
124.380000000 5.182507642584e-07
124.390000000 5.182438186371e-07
124.400000000 5.182368730157e-07
124.410000000 5.182299273944e-07
124.420000000 5.182229817730e-07
124.430000000 5.182160361517e-07
124.440000000 5.182090905304e-07
124.450000000 5.182021449090e-07
124.460000000 5.181951992877e-07
124.470000000 5.181882536663e-07
124.480000000 5.181813080450e-07
124.490000000 5.181743624237e-07
124.500000000 5.181674168023e-07
124.510000000 5.181604711810e-07
124.520000000 5.181535255596e-07
124.530000000 5.181465799383e-07
124.540000000 5.191910930896e-07
124.550000000 5.166751806561e-07
124.560000000 5.215630693741e-07
124.570000000 5.129995647503e-07
124.580000000 5.269825923674e-07
124.590000000 5.049525261719e-07
124.600000000 5.392857604323e-07
124.610000000 4.839905308991e-07
124.620000000 5.849137826755e-07
124.630000000 2.682064913739e-07
124.640000000 -4.850079992775e-08
124.650000000 5.242245184864e-08
124.660000000 -2.872777684554e-09
124.670000000 3.146045657585e-08
124.680000000 9.430390380434e-09
124.690000000 2.341341799753e-08
124.700000000 1.484991337371e-08
124.710000000 1.973780209165e-08
124.720000000 1.722188965816e-08
124.730000000 1.826640280950e-08
124.740000000 1.825945718816e-08
124.750000000 1.825251156682e-08
124.760000000 1.824556594547e-08
124.770000000 1.823862032413e-08
124.780000000 1.823167470279e-08
124.790000000 1.822472908145e-08
124.800000000 1.821778346011e-08
124.810000000 1.821083783877e-08
124.820000000 1.820389221743e-08
124.830000000 1.819694659609e-08
124.840000000 1.819000097475e-08
124.850000000 1.818305535340e-08
124.860000000 1.817610973206e-08
124.870000000 1.816916411072e-08
124.880000000 1.816221848938e-08
124.890000000 1.815527286804e-08
124.900000000 1.814832724670e-08
124.910000000 1.814138162536e-08
124.920000000 1.813443600402e-08
124.930000000 1.812749038268e-08
124.940000000 1.812054476133e-08
124.950000000 1.811359913999e-08
124.960000000 1.810665351865e-08
124.970000000 1.809970789731e-08
124.980000000 1.809276227597e-08
124.990000000 1.808581665463e-08
125.000000000 1.807887103329e-08
125.010000000 1.807192541195e-08
125.020000000 1.806497979061e-08
125.030000000 1.805803416926e-08
125.040000000 1.805108854792e-08
125.050000000 1.804414292658e-08
125.060000000 1.803719730524e-08
125.070000000 1.803025168390e-08
125.080000000 1.802330606256e-08
125.090000000 1.801636044122e-08
125.100000000 1.800941481988e-08
125.110000000 1.800246919854e-08
125.120000000 1.799552357719e-08
125.130000000 1.798857795585e-08
125.140000000 1.798163233451e-08
125.150000000 1.902614548585e-08
125.160000000 1.651023305236e-08
125.170000000 2.139812177030e-08
125.180000000 1.283461714648e-08
125.190000000 2.681764476358e-08
125.200000000 4.787578568160e-09
125.210000000 3.912081282856e-08
125.220000000 -1.617441670463e-08
125.230000000 8.474883507176e-08
125.240000000 -2.319584562299e-07
125.250000000 -5.486657475315e-07
125.260000000 -4.477424957551e-07
125.270000000 -5.040891840610e-07
125.280000000 -4.672469829885e-07
125.290000000 -4.941718835232e-07
125.300000000 -4.716322969036e-07
125.310000000 -4.941857747658e-07
125.320000000 -4.672747654738e-07
125.330000000 -5.041308577891e-07
125.340000000 -4.477980607259e-07
125.350000000 -5.487352037449e-07
125.360000000 -2.320418036860e-07
125.370000000 8.465159637298e-08
125.380000000 -1.628554664609e-08
125.390000000 3.899579164442e-08
125.400000000 4.648666141338e-09
125.410000000 2.666484109407e-08
125.420000000 1.266792223429e-08
125.430000000 2.121753561544e-08
125.440000000 1.631575565481e-08
125.450000000 1.881777684561e-08
125.460000000 1.775937245160e-08
125.470000000 1.775242683026e-08
125.480000000 1.774548120891e-08
125.490000000 1.773853558757e-08
125.500000000 1.773158996623e-08
125.510000000 1.772464434489e-08
125.520000000 1.771769872355e-08
125.530000000 1.771075310221e-08
125.540000000 1.770380748087e-08
125.550000000 1.769686185953e-08
125.560000000 1.768991623819e-08
125.570000000 1.768297061684e-08
125.580000000 1.767602499550e-08
125.590000000 1.661762060149e-08
125.600000000 1.911964179229e-08
125.610000000 1.526932060434e-08
125.620000000 2.130996717333e-08
125.630000000 1.220788265284e-08
125.640000000 2.566749860310e-08
125.650000000 4.258887565771e-09
125.660000000 4.002607209436e-08
125.670000000 -3.146572538226e-08
125.680000000 2.384959497673e-07
125.690000000 6.421295739856e-07
125.700000000 2.465152058603e-07
125.710000000 -4.924398141125e-08
125.720000000 7.367883316793e-08
125.730000000 -6.303244000107e-08
125.740000000 2.789060010405e-07
125.750000000 5.735762805254e-07
125.760000000 4.957242496439e-07
125.770000000 5.229348751700e-07
125.780000000 5.267713051153e-07
125.790000000 4.909902293440e-07
125.800000000 5.789749666546e-07
125.810000000 2.708242343555e-07
125.820000000 -5.077789128547e-08
125.830000000 5.265432730307e-08
125.840000000 -3.692361002804e-09
125.850000000 3.064087325760e-08
125.860000000 8.610807062184e-09
125.870000000 2.259383467928e-08
125.880000000 1.403033005546e-08
125.890000000 1.891821877340e-08
125.900000000 1.640230633991e-08
125.910000000 1.744681949125e-08
125.920000000 1.743987386991e-08
125.930000000 1.743292824857e-08
125.940000000 1.742598262722e-08
125.950000000 1.741903700588e-08
125.960000000 1.741209138454e-08
125.970000000 1.740514576320e-08
125.980000000 1.739820014186e-08
125.990000000 1.739125452052e-08
126.000000000 1.633285012650e-08
126.010000000 1.883487131731e-08
126.020000000 1.498455012936e-08
126.030000000 2.102519669835e-08
126.040000000 1.192311217786e-08
126.050000000 2.538272812811e-08
126.060000000 3.974117090785e-09
126.070000000 3.974130161937e-08
126.080000000 -3.175049585724e-08
126.090000000 2.382111792923e-07
126.100000000 6.418448035106e-07
126.110000000 2.472818941580e-07
126.120000000 -5.098625992570e-08
126.130000000 7.577993022009e-08
126.140000000 -6.697893513925e-08
126.150000000 2.840546448015e-07
126.160000000 5.652583627147e-07
126.170000000 5.077565384766e-07
126.180000000 5.017020006649e-07
126.190000000 5.721284481261e-07
126.200000000 2.749353105864e-07
126.210000000 -5.471049518097e-08
126.220000000 5.476931559791e-08
126.230000000 -5.420748274580e-09
126.240000000 3.142145279797e-08
126.250000000 8.339927829881e-09
126.260000000 2.232295544698e-08
126.270000000 1.375945082315e-08
126.280000000 1.864733954110e-08
126.290000000 1.613142710761e-08
126.300000000 1.717594025894e-08
126.310000000 1.716899463760e-08
126.320000000 1.716204901626e-08
126.330000000 1.715510339492e-08
126.340000000 1.714815777358e-08
126.350000000 1.714121215224e-08
126.360000000 1.713426653090e-08
126.370000000 1.712732090956e-08
126.380000000 1.712037528822e-08
126.390000000 1.711342966687e-08
126.400000000 1.710648404553e-08
126.410000000 1.709953842419e-08
126.420000000 1.709259280285e-08
126.430000000 1.708564718151e-08
126.440000000 1.707870156017e-08
126.450000000 1.707175593883e-08
126.460000000 1.706481031749e-08
126.470000000 1.705786469615e-08
126.480000000 1.705091907480e-08
126.490000000 1.809543222614e-08
126.500000000 1.557951979265e-08
126.510000000 2.046740851060e-08
126.520000000 1.190390388677e-08
126.530000000 2.588693150387e-08
126.540000000 3.856865308452e-09
126.550000000 3.819009956886e-08
126.560000000 -1.710512996434e-08
126.570000000 8.381812181205e-08
126.580000000 -2.328891694896e-07
126.590000000 -5.495964607912e-07
126.600000000 -4.486732090148e-07
126.610000000 -5.039684385480e-07
126.620000000 -4.696352042876e-07
126.630000000 -4.916652704831e-07
126.640000000 -4.776822428660e-07
126.650000000 -4.862457474898e-07
126.660000000 -4.813578587718e-07
126.670000000 -4.838737712053e-07
126.680000000 -4.828292580540e-07
126.690000000 -4.828362036753e-07
126.700000000 -4.828431492967e-07
126.710000000 -4.828500949180e-07
126.720000000 -4.828570405394e-07
126.730000000 -4.828639861607e-07
126.740000000 -4.828709317820e-07
126.750000000 -4.828778774034e-07
126.760000000 -4.828848230247e-07
126.770000000 -4.839432274187e-07
126.780000000 -4.814412062279e-07
126.790000000 -4.863429861886e-07
126.800000000 -4.777933728074e-07
126.810000000 -4.917902916672e-07
126.820000000 -4.697741167145e-07
126.830000000 -5.041212422175e-07
126.840000000 -4.488399039270e-07
126.850000000 -5.497770469461e-07
126.860000000 -2.330836468871e-07
126.870000000 8.360975317182e-08
126.880000000 -1.732738984726e-08
126.890000000 3.795394844326e-08
126.900000000 3.606822940172e-09
126.910000000 2.562299789291e-08
126.920000000 1.162607903313e-08
126.930000000 2.017569241427e-08
126.940000000 1.527391245364e-08
126.950000000 1.777593364445e-08
126.960000000 1.671752925043e-08
126.970000000 1.671058362909e-08
126.980000000 1.670363800775e-08
126.990000000 1.669669238641e-08
127.000000000 1.668974676507e-08
127.010000000 1.668280114373e-08
127.020000000 1.667585552238e-08
127.030000000 1.666890990104e-08
127.040000000 1.666196427970e-08
127.050000000 1.560355988569e-08
127.060000000 1.810558107649e-08
127.070000000 1.320380111586e-08
127.080000000 2.175341449700e-08
127.090000000 8.807954409903e-09
127.100000000 2.726370377781e-08
127.110000000 3.203794261634e-10
127.120000000 4.215032437491e-08
127.130000000 -3.624028640325e-08
127.140000000 2.444400198432e-07
127.150000000 6.174967203580e-07
127.160000000 4.269311135453e-07
127.170000000 6.384309331454e-07
127.180000000 1.875047233370e-07
127.190000000 2.070119314776e-07
127.200000000 6.155403900351e-07
127.210000000 4.593149631042e-07
127.220000000 5.580316201756e-07
127.230000000 4.821472203365e-07
127.240000000 5.514420896367e-07
127.250000000 4.746517866353e-07
127.260000000 5.865174649413e-07
127.270000000 2.673012068275e-07
127.280000000 -5.440221789179e-08
127.290000000 5.945954835036e-08
127.300000000 -1.785880175691e-08
127.310000000 5.081461238524e-08
127.320000000 -2.650373772204e-08
127.330000000 8.840948729279e-08
127.340000000 -2.368543630113e-07
127.350000000 -5.486668199737e-07
127.360000000 -4.502525350094e-07
127.370000000 -5.044963057700e-07
127.380000000 -4.701630715096e-07
127.390000000 -4.921931377050e-07
127.400000000 -4.782101100879e-07
127.410000000 -4.867736147117e-07
127.420000000 -4.818857259938e-07
127.430000000 -4.844016384272e-07
127.440000000 -4.833571252759e-07
127.450000000 -4.833640708973e-07
127.460000000 -4.833710165186e-07
127.470000000 -4.833779621399e-07
127.480000000 -4.833849077613e-07
127.490000000 -4.833918533826e-07
127.500000000 -4.833987990040e-07
127.510000000 -4.834057446253e-07
127.520000000 -4.834126902466e-07
127.530000000 -4.834196358680e-07
127.540000000 -4.834265814893e-07
127.550000000 -4.834335271107e-07
127.560000000 -4.834404727320e-07
127.570000000 -4.834474183533e-07
127.580000000 -4.834543639747e-07
127.590000000 -4.834613095960e-07
127.600000000 -4.845197139900e-07
127.610000000 -4.820176927992e-07
127.620000000 -4.869194727599e-07
127.630000000 -4.783698593787e-07
127.640000000 -4.923667782385e-07
127.650000000 -4.703506032858e-07
127.660000000 -5.046977287889e-07
127.670000000 -4.494163904983e-07
127.680000000 -5.503535335174e-07
127.690000000 -2.347115922311e-07
127.700000000 8.449077463998e-08
127.710000000 -2.134120271838e-08
127.720000000 4.249669457461e-08
127.730000000 -5.840404166908e-09
127.740000000 3.819889135990e-08
127.750000000 -1.013820738162e-08
127.760000000 5.369968991138e-08
127.770000000 -5.213228744699e-08
127.780000000 2.670700794241e-07
127.790000000 5.827120207104e-07
127.800000000 4.828263364640e-07
127.810000000 5.355987079424e-07
127.820000000 5.061464167786e-07
127.830000000 5.196060327288e-07
127.840000000 5.195990871075e-07
127.850000000 5.061255799146e-07
127.860000000 5.355639798357e-07
127.870000000 4.827777171146e-07
127.880000000 5.815980513457e-07
127.890000000 2.673997268562e-07
127.900000000 -5.420239878476e-08
127.910000000 5.527741199411e-08
127.920000000 -1.400779077752e-08
127.930000000 4.234856405696e-08
127.940000000 -1.402168202020e-08
127.950000000 5.524962950875e-08
127.960000000 -5.424407251281e-08
127.970000000 2.673441618854e-07
127.980000000 5.815285951322e-07
127.990000000 4.816429108858e-07
128.000000000 5.369242491764e-07
128.010000000 5.025771236733e-07
128.020000000 5.245932986260e-07
128.030000000 5.105963797662e-07
128.040000000 5.191459931474e-07
128.050000000 5.142442131867e-07
128.060000000 5.167462343776e-07
128.070000000 5.156878299835e-07
128.080000000 5.156808843622e-07
128.090000000 5.156739387409e-07
128.100000000 5.156669931195e-07
128.110000000 5.156600474982e-07
128.120000000 5.156531018768e-07
128.130000000 5.156461562555e-07
128.140000000 5.156392106342e-07
128.150000000 5.156322650128e-07
128.160000000 5.156253193915e-07
128.170000000 5.156183737701e-07
128.180000000 5.156114281488e-07
128.190000000 5.156044825274e-07
128.200000000 5.155975369061e-07
128.210000000 5.166420500574e-07
128.220000000 5.141261376239e-07
128.230000000 5.190140263419e-07
128.240000000 5.104505217181e-07
128.250000000 5.244335493352e-07
128.260000000 5.024034831398e-07
128.270000000 5.367367174002e-07
128.280000000 4.814414878670e-07
128.290000000 5.823647396434e-07
128.300000000 2.656574483417e-07
128.310000000 -5.104984295993e-08
128.320000000 4.987340881646e-08
128.330000000 -5.421820716739e-09
128.340000000 2.891141354367e-08
128.350000000 6.881347348249e-09
128.360000000 2.086437496534e-08
128.370000000 1.230087034152e-08
128.380000000 1.718875905947e-08
128.390000000 1.467284662598e-08
128.400000000 1.676881854999e-08
128.410000000 1.425290611650e-08
128.420000000 1.914079483445e-08
128.430000000 9.525831437948e-09
128.440000000 2.601782586719e-08
128.450000000 -9.070746675138e-10
128.460000000 4.198271859537e-08
128.470000000 -2.730248417626e-08
128.480000000 9.564388817421e-08
128.490000000 -2.554035830092e-07
128.500000000 -5.168225903990e-07
128.510000000 -5.168295360203e-07
128.520000000 -2.554244198732e-07
128.530000000 9.560916006750e-08
128.540000000 -2.735110352565e-08
128.550000000 4.192020800330e-08
128.560000000 -9.834765022660e-10
128.570000000 2.592753278976e-08
128.580000000 9.421647117831e-09
128.590000000 1.902271927165e-08
128.600000000 1.412093931102e-08
128.610000000 1.662296050182e-08
128.620000000 1.556455610781e-08
128.630000000 1.555761048647e-08
128.640000000 1.555066486513e-08
128.650000000 1.554371924378e-08
128.660000000 1.448531484977e-08
128.670000000 1.698733604058e-08
128.680000000 1.208555607995e-08
128.690000000 2.063516946109e-08
128.700000000 6.638250601311e-09
128.710000000 2.865442555404e-08
128.720000000 -5.692699949042e-09
128.730000000 4.958863834147e-08
128.740000000 -5.134850467760e-08
128.750000000 2.653448953814e-07
128.760000000 5.830897542130e-07
128.770000000 4.785921856091e-07
128.780000000 5.412773250510e-07
128.790000000 4.934788062062e-07
128.800000000 5.380415133998e-07
128.810000000 4.880315007276e-07
128.820000000 5.529444145645e-07
128.830000000 4.584141708103e-07
128.840000000 6.171346733107e-07
128.850000000 1.984457258386e-07
128.860000000 1.984387802173e-07
128.870000000 6.160623776740e-07
128.880000000 4.598369507431e-07
128.890000000 5.494584689153e-07
128.900000000 4.930882228382e-07
128.910000000 5.290943710293e-07
128.920000000 5.065408931671e-07
128.930000000 5.199853408875e-07
128.940000000 5.125745941147e-07
128.950000000 5.161280740782e-07
128.960000000 5.150696696842e-07
128.970000000 5.150627240628e-07
128.980000000 5.150557784415e-07
128.990000000 5.150488328202e-07
129.000000000 5.150418871988e-07
129.010000000 5.150349415775e-07
129.020000000 5.150279959561e-07
129.030000000 5.150210503348e-07
129.040000000 5.150141047135e-07
129.050000000 5.150071590921e-07
129.060000000 5.150002134708e-07
129.070000000 5.149932678494e-07
129.080000000 5.149863222281e-07
129.090000000 5.149793766067e-07
129.100000000 5.149724309854e-07
129.110000000 5.149654853641e-07
129.120000000 5.160099985154e-07
129.130000000 5.134940860819e-07
129.140000000 5.183819747999e-07
129.150000000 5.098184701760e-07
129.160000000 5.238014977931e-07
129.170000000 5.017714315977e-07
129.180000000 5.361046658581e-07
129.190000000 4.808094363249e-07
129.200000000 5.827841468740e-07
129.210000000 2.635678887602e-07
129.220000000 -4.824456820216e-08
129.230000000 4.412212457175e-08
129.240000000 2.816868276990e-09
129.250000000 1.512698196332e-08
129.260000000 2.743709564965e-08
129.270000000 -1.386816064511e-08
129.280000000 7.849853212880e-08
129.290000000 -2.333139248336e-07
129.300000000 -5.525301829473e-07
129.310000000 -4.505554723983e-07
129.320000000 -5.058507019315e-07
129.330000000 -4.715174676711e-07
129.340000000 -4.935475338665e-07
129.350000000 -4.795645062494e-07
129.360000000 -4.881280108732e-07
129.370000000 -4.832401221553e-07
129.380000000 -4.857560345888e-07
129.390000000 -4.847115214374e-07
129.400000000 -4.847184670588e-07
129.410000000 -4.847254126801e-07
129.420000000 -4.847323583014e-07
129.430000000 -4.847393039228e-07
129.440000000 -4.847462495441e-07
129.450000000 -4.847531951655e-07
129.460000000 -4.847601407868e-07
129.470000000 -4.847670864082e-07
129.480000000 -4.847740320295e-07
129.490000000 -4.847809776508e-07
129.500000000 -4.847879232722e-07
129.510000000 -4.847948688935e-07
129.520000000 -4.848018145149e-07
129.530000000 -4.848087601362e-07
129.540000000 -4.848157057575e-07
129.550000000 -4.848226513789e-07
129.560000000 -4.848295970002e-07
129.570000000 -4.848365426216e-07
129.580000000 -4.848434882429e-07
129.590000000 -4.848504338642e-07
129.600000000 -4.848573794856e-07
129.610000000 -4.848643251069e-07
129.620000000 -4.848712707283e-07
129.630000000 -4.848782163496e-07
129.640000000 -4.848851619710e-07
129.650000000 -4.848921075923e-07
129.660000000 -4.848990532136e-07
129.670000000 -4.849059988350e-07
129.680000000 -4.849129444563e-07
129.690000000 -4.849198900777e-07
129.700000000 -4.849268356990e-07
129.710000000 -4.849337813203e-07
129.720000000 -4.849407269417e-07
129.730000000 -4.849476725630e-07
129.740000000 -4.849546181844e-07
129.750000000 -4.849615638057e-07
129.760000000 -4.849685094270e-07
129.770000000 -4.849754550484e-07
129.780000000 -4.849824006697e-07
129.790000000 -4.849893462911e-07
129.800000000 -4.849962919124e-07
129.810000000 -4.850032375338e-07
129.820000000 -4.850101831551e-07
129.830000000 -4.860685875491e-07
129.840000000 -4.835665663583e-07
129.850000000 -4.884683463189e-07
129.860000000 -4.799187329378e-07
129.870000000 -4.928641930249e-07
129.880000000 -4.733569848843e-07
129.890000000 -5.028092760481e-07
129.900000000 -4.560844967601e-07
129.910000000 -5.430316665407e-07
129.920000000 -2.483613870558e-07
129.930000000 1.026721928849e-07
129.940000000 -5.355323404605e-08
129.950000000 1.026583016422e-07
129.960000000 -2.483891695412e-07
129.970000000 -5.430733402688e-07
129.980000000 -4.561400617308e-07
129.990000000 -5.028787322615e-07
130.000000000 -4.734403323404e-07
130.010000000 -4.929614317237e-07
130.020000000 -4.800298628792e-07
130.030000000 -4.885933675031e-07
130.040000000 -4.837054787851e-07
130.050000000 -4.862213912186e-07
130.060000000 -4.851768780673e-07
130.070000000 -4.851838236886e-07
130.080000000 -4.862422280826e-07
130.090000000 -4.837402068918e-07
130.100000000 -4.886419868525e-07
130.110000000 -4.800923734713e-07
130.120000000 -4.940892923311e-07
130.130000000 -4.720731173784e-07
130.140000000 -5.064202428814e-07
130.150000000 -4.511389045909e-07
130.160000000 -5.520760476100e-07
130.170000000 -2.353826475510e-07
130.180000000 8.131075250791e-08
130.190000000 -1.962639051116e-08
130.200000000 3.565494777935e-08
130.210000000 1.307822276267e-09
130.220000000 2.332399722900e-08
130.230000000 9.327078369224e-09
130.240000000 1.787669175036e-08
130.250000000 1.297491178974e-08
130.260000000 1.442547420787e-08
130.270000000 1.587603662600e-08
130.280000000 1.097425666537e-08
130.290000000 1.952387004651e-08
130.300000000 5.526951186734e-09
130.310000000 2.649166736679e-08
130.320000000 -5.346491324146e-09
130.330000000 4.504001262708e-08
130.340000000 -4.734057138951e-08
130.350000000 2.553628554310e-07
130.360000000 5.940793760640e-07
130.370000000 4.588020531632e-07
130.380000000 5.693716753656e-07
130.390000000 4.340943524648e-07
130.400000000 7.728108730978e-07
130.410000000 1.075514299918e-06
130.420000000 9.831337159017e-07
130.430000000 1.033520219853e-06
130.440000000 1.001682061162e-06
130.450000000 1.022646777342e-06
130.460000000 1.008649858482e-06
130.470000000 1.017199471863e-06
130.480000000 1.012297691903e-06
130.490000000 1.014799713094e-06
130.500000000 1.013741308700e-06
130.510000000 1.013734363078e-06
130.520000000 1.013727417457e-06
130.530000000 1.013720471836e-06
130.540000000 1.013713526214e-06
130.550000000 1.013706580593e-06
130.560000000 1.013699634972e-06
130.570000000 1.013692689350e-06
130.580000000 1.013685743729e-06
130.590000000 1.013678798108e-06
130.600000000 1.013671852486e-06
130.610000000 1.013664906865e-06
130.620000000 1.014709420016e-06
130.630000000 1.012193507583e-06
130.640000000 1.017081396301e-06
130.650000000 1.008517891677e-06
130.660000000 1.022500919294e-06
130.670000000 1.000470853099e-06
130.680000000 1.034804087359e-06
130.690000000 9.795088578257e-07
130.700000000 1.080432109602e-06
130.710000000 7.637248183005e-07
130.720000000 4.470175269988e-07
130.730000000 5.479407787752e-07
130.740000000 4.926455492420e-07
130.750000000 5.269787835024e-07
130.760000000 5.060001760797e-07
130.770000000 5.174742368846e-07
130.780000000 5.138055666001e-07
130.790000000 5.101368963156e-07
130.800000000 5.216109571205e-07
130.810000000 5.006323496978e-07
130.820000000 5.349655839582e-07
130.830000000 4.786188956523e-07
130.840000000 5.820511142408e-07
130.850000000 2.604489885999e-07
130.860000000 -4.665028492657e-08
130.870000000 3.777402679924e-08
130.880000000 9.396752179401e-09
130.890000000 8.332475555783e-10
130.900000000 4.808143851045e-08
130.910000000 -6.088885184426e-08
130.920000000 2.815881690940e-07
130.930000000 5.489395783530e-07
130.940000000 5.439146991074e-07
130.950000000 2.884419848296e-07
130.960000000 -7.116204535630e-08
130.970000000 6.577430023260e-08
130.980000000 -2.553402311310e-08
130.990000000 5.169595003153e-08
131.000000000 -3.051723441503e-08
131.010000000 8.690495741194e-08
131.020000000 -2.394103516649e-07
131.030000000 -5.512228086272e-07
131.040000000 -4.528085236630e-07
131.050000000 -5.070522944235e-07
131.060000000 -4.727190601631e-07
131.070000000 -4.958005851312e-07
131.080000000 -4.793085907019e-07
131.090000000 -4.927669296650e-07
131.100000000 -4.793224819446e-07
131.110000000 -4.958283676165e-07
131.120000000 -4.727607338911e-07
131.130000000 -5.071078593942e-07
131.140000000 -4.528779798764e-07
131.150000000 -5.513061560833e-07
131.160000000 -2.395075903636e-07
131.170000000 8.574236869781e-08
131.180000000 -3.023620633238e-08
131.190000000 4.957721934436e-08
131.200000000 -2.400492037976e-08
131.210000000 6.185609748732e-08
131.220000000 -6.706099200863e-08
131.230000000 2.802120876269e-07
131.240000000 5.576704734648e-07
131.250000000 5.145305811697e-07
131.260000000 4.678302632898e-07
131.270000000 7.501834834671e-07
131.280000000 1.088900004100e-06
131.290000000 9.739728878426e-07
131.300000000 1.037810785136e-06
131.310000000 9.985688252932e-07
131.320000000 1.023093967058e-06
131.330000000 1.008045589426e-06
131.340000000 1.016595202807e-06
131.350000000 1.011693422846e-06
131.360000000 1.014195444037e-06
131.370000000 1.013137039643e-06
131.380000000 1.013130094022e-06
131.390000000 1.013123148400e-06
131.400000000 1.013116202779e-06
131.410000000 1.013109257158e-06
131.420000000 1.014153770309e-06
131.430000000 1.011637857875e-06
131.440000000 1.016525746593e-06
131.450000000 1.009013700742e-06
131.460000000 1.020487761547e-06
131.470000000 1.003352529691e-06
131.480000000 1.030180663722e-06
131.490000000 9.863664406147e-07
131.500000000 1.070161406156e-06
131.510000000 7.792377357340e-07
131.520000000 4.222835925316e-07
131.530000000 5.996049543195e-07
131.540000000 2.668443933270e-07
131.550000000 -7.936756100723e-08
131.560000000 1.144527408313e-07
131.570000000 -2.655759817179e-07
131.580000000 -5.221594722585e-07
131.590000000 -4.926013318561e-07
131.600000000 -4.379943243774e-07
131.610000000 -7.229717016878e-07
131.620000000 -1.065363838227e-06
131.630000000 -9.400210655583e-07
131.640000000 -1.022335549083e-06
131.650000000 -9.536621349411e-07
131.660000000 -1.024932892858e-06
131.670000000 -9.229581823090e-07
131.680000000 -1.226198912039e-06
131.690000000 -1.571300090110e-06
131.700000000 -1.420106488046e-06
131.710000000 -1.570385621865e-06
131.720000000 -1.227908600927e-06
131.730000000 -9.192483482039e-07
131.740000000 -1.028218638559e-06
131.750000000 -9.471536793888e-07
131.760000000 -1.031894254464e-06
131.770000000 -9.114568489262e-07
131.780000000 -1.241102654694e-06
131.790000000 -1.549253386993e-06
131.800000000 -1.453224969556e-06
131.810000000 -1.506011232277e-06
131.820000000 -1.472729456789e-06
131.830000000 -1.494759522984e-06
131.840000000 -1.480776495367e-06
131.850000000 -1.489339999991e-06
131.860000000 -1.484452111273e-06
131.870000000 -1.486968023707e-06
131.880000000 -1.485923510555e-06
131.890000000 -1.485930456177e-06
131.900000000 -1.485937401798e-06
131.910000000 -1.485944347419e-06
131.920000000 -1.485951293041e-06
131.930000000 -1.485958238662e-06
131.940000000 -1.485965184283e-06
131.950000000 -1.485972129905e-06
131.960000000 -1.485979075526e-06
131.970000000 -1.485986021147e-06
131.980000000 -1.485992966769e-06
131.990000000 -1.485999912390e-06
132.000000000 -1.486006858011e-06
132.010000000 -1.486013803633e-06
132.020000000 -1.486020749254e-06
132.030000000 -1.486027694875e-06
132.040000000 -1.486034640497e-06
132.050000000 -1.486041586118e-06
132.060000000 -1.486048531739e-06
132.070000000 -1.486055477361e-06
132.080000000 -1.487113881755e-06
132.090000000 -1.484611860564e-06
132.100000000 -1.489513640525e-06
132.110000000 -1.482015485916e-06
132.120000000 -1.493503437964e-06
132.130000000 -1.476382097350e-06
132.140000000 -1.502172663851e-06
132.150000000 -1.461932757572e-06
132.160000000 -1.538337813204e-06
132.170000000 -1.260879427366e-06
132.180000000 -8.803411843932e-07
132.190000000 -1.097249956821e-06
132.200000000 -7.007361854640e-07
132.210000000 -4.576179795079e-07
132.220000000 -4.726871590385e-07
132.230000000 -5.463159646226e-07
132.240000000 -2.344345236415e-07
132.250000000 6.755594958263e-08
132.260000000 5.531249709840e-09
132.270000000 -2.405595016509e-08
132.280000000 2.394124624344e-07
132.290000000 6.026610704537e-07
132.300000000 4.523423155417e-07
132.310000000 5.714684967466e-07
132.320000000 4.312963395065e-07
132.330000000 7.725218269517e-07
132.340000000 1.074173795000e-06
132.350000000 9.817932109829e-07
132.360000000 1.032179714934e-06
132.370000000 1.000341556243e-06
132.380000000 1.021306272423e-06
132.390000000 1.007309353563e-06
132.400000000 1.015858966945e-06
132.410000000 1.009905728211e-06
132.420000000 1.014916716214e-06
132.430000000 1.008963477481e-06
132.440000000 1.017513090862e-06
132.450000000 1.003516172002e-06
132.460000000 1.025532346955e-06
132.470000000 9.922366802247e-07
132.480000000 1.045009051703e-06
132.490000000 9.489667430232e-07
132.500000000 1.257103584080e-06
132.510000000 1.587786957377e-06
132.520000000 1.465878152557e-06
132.530000000 1.552990703917e-06
132.540000000 1.468250128841e-06
132.550000000 1.582639942189e-06
132.560000000 1.265932650887e-06
132.570000000 9.357587980142e-07
132.580000000 1.066127395333e-06
132.590000000 9.580528487001e-07
132.600000000 1.092264821586e-06
132.610000000 7.535344097099e-07
132.620000000 4.508170916467e-07
132.630000000 5.442352431933e-07
132.640000000 4.913258811872e-07
132.650000000 5.280449829748e-07
132.660000000 4.985098165495e-07
132.670000000 5.264828174051e-07
132.680000000 4.958961922072e-07
132.690000000 5.351242608069e-07
132.700000000 4.773200644615e-07
132.710000000 5.792947750106e-07
132.720000000 2.625874837089e-07
132.730000000 -5.411980759270e-08
132.740000000 4.680344418369e-08
132.750000000 -8.491785349506e-09
132.760000000 2.584144891090e-08
132.770000000 3.811382715482e-09
132.780000000 1.779441033258e-08
132.790000000 9.230905708753e-09
132.800000000 1.411879442670e-08
132.810000000 1.160288199321e-08
132.820000000 1.264739514454e-08
132.830000000 1.264044952320e-08
132.840000000 1.263350390186e-08
132.850000000 1.262655828052e-08
132.860000000 1.261961265918e-08
132.870000000 1.261266703784e-08
132.880000000 1.260572141650e-08
132.890000000 1.259877579516e-08
132.900000000 1.259183017382e-08
132.910000000 1.258488455248e-08
132.920000000 1.257793893113e-08
132.930000000 1.257099330979e-08
132.940000000 1.256404768845e-08
132.950000000 1.255710206711e-08
132.960000000 1.255015644577e-08
132.970000000 1.149175205175e-08
132.980000000 1.399377324256e-08
132.990000000 1.014345205461e-08
133.000000000 1.618409862360e-08
133.010000000 7.082014103110e-09
133.020000000 2.054163005336e-08
133.030000000 1.844777887115e-10
133.040000000 3.344269550515e-08
133.050000000 -3.315426763218e-08
133.060000000 2.282508485149e-07
133.070000000 6.458744459716e-07
133.080000000 2.282369572722e-07
133.090000000 -3.318205011754e-08
133.100000000 3.340102177711e-08
133.110000000 1.289128179827e-10
133.120000000 2.047217383995e-08
133.130000000 6.998666647017e-09
133.140000000 1.608685992482e-08
133.150000000 1.003232211315e-08
133.160000000 1.386875205842e-08
133.170000000 1.135283962493e-08
133.180000000 1.239735277627e-08
133.190000000 1.239040715492e-08
133.200000000 1.238346153358e-08
133.210000000 1.237651591224e-08
133.220000000 1.236957029090e-08
133.230000000 1.236262466956e-08
133.240000000 1.130422027554e-08
133.250000000 1.380624146635e-08
133.260000000 8.904461505721e-09
133.270000000 1.745407488686e-08
133.280000000 3.457156027085e-09
133.290000000 2.547333097982e-08
133.300000000 -8.873794523267e-09
133.310000000 4.640754376725e-08
133.320000000 -5.452959925183e-08
133.330000000 2.621638008071e-07
133.340000000 5.788572008661e-07
133.350000000 4.779200578470e-07
133.360000000 5.332013961375e-07
133.370000000 4.988542706344e-07
133.380000000 5.219219043599e-07
133.390000000 5.054160186879e-07
133.400000000 5.188604664084e-07
133.410000000 5.054021274453e-07
133.420000000 5.218941218745e-07
133.430000000 4.988125969064e-07
133.440000000 5.331458311668e-07
133.450000000 4.778506016336e-07
133.460000000 5.787738534100e-07
133.470000000 2.620665621084e-07
133.480000000 -5.464072919328e-08
133.490000000 4.523106381043e-08
133.500000000 -7.555198910616e-09
133.510000000 2.188320101050e-08
133.520000000 8.409693817565e-09
133.530000000 8.402748196224e-09
133.540000000 2.186236414648e-08
133.550000000 -7.589927017322e-09
133.560000000 4.518244446105e-08
133.570000000 -5.470323978535e-08
133.580000000 2.619901602736e-07
133.590000000 5.797350191052e-07
133.600000000 4.762889092740e-07
133.610000000 5.364650819038e-07
133.620000000 4.935613973983e-07
133.630000000 5.295675455894e-07
133.640000000 4.935475061556e-07
133.650000000 5.364372994185e-07
133.660000000 4.762472355460e-07
133.670000000 5.796794541345e-07
133.680000000 2.619207040602e-07
133.690000000 -5.478658724145e-08
133.700000000 4.613666453495e-08
133.710000000 -9.158564998252e-09
133.720000000 2.517466926215e-08
133.730000000 3.144603066736e-09
133.740000000 1.712763068383e-08
133.750000000 8.564126060007e-09
133.760000000 1.345201477795e-08
133.770000000 1.093610234447e-08
133.780000000 1.198061549580e-08
133.790000000 1.197366987446e-08
133.800000000 1.196672425312e-08
133.810000000 1.090831985910e-08
133.820000000 1.341034104991e-08
133.830000000 8.508561089279e-09
133.840000000 1.705817447042e-08
133.850000000 3.061255610643e-09
133.860000000 2.612888933605e-08
133.870000000 -1.072720297918e-08
133.880000000 4.944896965062e-08
133.890000000 -6.004473237094e-08
133.900000000 2.706386409265e-07
133.910000000 5.653089204113e-07
133.920000000 4.987119572740e-07
133.930000000 4.987050116527e-07
133.940000000 5.652880835473e-07
133.950000000 2.706039128198e-07
133.960000000 -6.009335172032e-08
133.970000000 4.938645905855e-08
133.980000000 -1.080360481393e-08
133.990000000 2.709005503129e-08
134.000000000 1.499563251053e-09
134.010000000 2.037742520744e-08
134.020000000 3.257361581131e-09
134.030000000 2.213522353751e-08
134.040000000 -2.403809470051e-09
134.050000000 3.298088356303e-08
134.060000000 -2.231434597017e-08
134.070000000 7.860890580622e-08
134.080000000 -2.380983854954e-07
134.090000000 -5.537542180244e-07
134.100000000 -4.553399330601e-07
134.110000000 -5.057403282541e-07
134.120000000 -4.799636529961e-07
134.130000000 -4.880037459531e-07
134.140000000 -4.960438389101e-07
134.150000000 -4.702671636522e-07
134.160000000 -5.206675588461e-07
134.170000000 -4.222532738818e-07
134.180000000 -7.379091064108e-07
134.190000000 -1.054616397712e-06
134.200000000 -9.536931459360e-07
134.210000000 -1.008988375469e-06
134.220000000 -9.746551412088e-07
134.230000000 -9.977366661769e-07
134.240000000 -9.812446717477e-07
134.250000000 -9.947030107108e-07
134.260000000 -9.812585629904e-07
134.270000000 -9.977644486623e-07
134.280000000 -9.746968149369e-07
134.290000000 -1.009043940440e-06
134.300000000 -9.537626021495e-07
134.310000000 -1.054699745169e-06
134.320000000 -7.380063451096e-07
134.330000000 -4.202614862779e-07
134.340000000 -5.237075961092e-07
134.350000000 -4.635314234794e-07
134.360000000 -5.064351079849e-07
134.370000000 -4.704289597938e-07
134.380000000 -5.075004580003e-07
134.390000000 -4.621016979253e-07
134.400000000 -5.271865961370e-07
134.410000000 -4.151978185460e-07
134.420000000 -7.458950830861e-07
134.430000000 -1.043088220626e-06
134.440000000 -9.716103143919e-07
134.450000000 -9.801738190157e-07
134.460000000 -1.031729350142e-06
134.470000000 -7.615911580432e-07
134.480000000 -3.916727705248e-07
134.490000000 -5.650113154607e-07
134.500000000 -3.899149721947e-07
134.510000000 -7.654945307643e-07
134.520000000 -1.024787062837e-06
134.530000000 -9.941935269841e-07
134.540000000 -9.374930333049e-07
134.550000000 -1.229649813403e-06
134.560000000 -1.557314699464e-06
134.570000000 -1.457442906461e-06
134.580000000 -1.500323033195e-06
134.590000000 -1.492926177665e-06
134.600000000 -1.467071761100e-06
134.610000000 -1.544410913105e-06
134.620000000 -1.250264045287e-06
134.630000000 -9.066526903150e-07
134.640000000 -1.044438980028e-06
134.650000000 -9.328178990530e-07
134.660000000 -1.068095221954e-06
134.670000000 -7.293787013207e-07
134.680000000 -4.266752745002e-07
134.690000000 -5.190558585168e-07
134.700000000 -4.676178957929e-07
134.710000000 -5.030164800687e-07
134.720000000 -4.746479627372e-07
134.730000000 -5.020962749387e-07
134.740000000 -4.710001293167e-07
134.750000000 -5.129664618625e-07
134.760000000 -4.515921734037e-07
134.770000000 -5.471738759306e-07
134.780000000 -3.834572400126e-07
134.790000000 -8.125757351382e-07
134.800000000 -7.954543945248e-07
134.810000000 -4.046658767200e-07
134.820000000 -5.170840261654e-07
134.830000000 -5.112644191561e-07
134.840000000 -2.767179404322e-07
134.850000000 1.172868641127e-07
134.860000000 -8.510388797095e-08
134.870000000 2.659890094599e-07
134.880000000 5.951752536249e-07
134.890000000 4.214004261791e-07
134.900000000 7.734458437995e-07
134.910000000 1.072912181982e-06
134.920000000 9.751133519590e-07
134.930000000 1.040936804397e-06
134.940000000 9.797545992422e-07
134.950000000 1.052164223768e-06
134.960000000 9.397460743222e-07
134.970000000 1.263944574611e-06
134.980000000 1.575743140331e-06
134.990000000 1.477314964124e-06
135.000000000 1.531544843642e-06
135.010000000 1.497197718138e-06
135.020000000 1.519213893091e-06
135.030000000 1.505216974231e-06
135.040000000 1.513766587613e-06
135.050000000 1.507813348879e-06
135.060000000 1.512824336882e-06
135.070000000 1.506871098149e-06
135.080000000 1.515420711530e-06
135.090000000 1.501423792670e-06
135.100000000 1.523439967623e-06
135.110000000 1.489092842120e-06
135.120000000 1.544374180410e-06
135.130000000 1.442385578619e-06
135.140000000 1.761587945490e-06
135.150000000 2.073386511209e-06
135.160000000 1.981005927193e-06
135.170000000 2.022297292245e-06
135.180000000 2.009973287316e-06
135.190000000 1.997649282387e-06
135.200000000 2.038940647439e-06
135.210000000 1.947611522195e-06
135.220000000 2.256901121103e-06
135.230000000 2.582049781086e-06
135.240000000 2.468995653479e-06
135.250000000 2.544213258120e-06
135.260000000 2.476777486228e-06
135.270000000 2.553070107413e-06
135.280000000 2.450696258253e-06
135.290000000 2.613401056491e-06
135.300000000 2.206982426135e-06
135.310000000 2.039535485351e-06
135.320000000 1.750290362528e-06
135.330000000 1.505008605591e-06
135.340000000 1.282273380896e-06
135.350000000 9.671617619317e-07
135.360000000 8.340550010297e-07
135.370000000 3.761914623278e-07
135.380000000 6.312698989614e-07
135.390000000 2.261856773592e-07
135.400000000 -3.624516771033e-08
135.410000000 3.158943767736e-08
135.420000000 -3.769525505442e-09
135.430000000 1.949818294033e-08
135.440000000 3.414409856880e-09
135.450000000 1.488847066183e-08
135.460000000 7.376424810679e-09
135.470000000 1.331577230130e-08
135.480000000 8.290893055664e-09
135.490000000 1.423024054629e-08
135.500000000 5.666735922463e-09
135.510000000 1.964976353956e-08
135.520000000 -1.328843883184e-09
135.530000000 3.049542356507e-08
135.540000000 -1.990497162884e-08
135.550000000 7.246172114507e-08
135.560000000 -2.302555969181e-07
135.570000000 -5.689860087939e-07
135.580000000 -4.326711183630e-07
135.590000000 -5.457635986202e-07
135.600000000 -4.056053326228e-07
135.610000000 -7.528923035010e-07
135.620000000 -1.041619648326e-06
135.630000000 -9.712760761259e-07
135.640000000 -9.873362914381e-07
135.650000000 -1.010800307902e-06
135.660000000 -9.308487179267e-07
135.670000000 -1.233566035990e-06
135.680000000 -1.559881345067e-06
135.690000000 -1.451554292139e-06
135.700000000 -1.515304781596e-06
135.710000000 -1.468854562748e-06
135.720000000 -1.510820895294e-06
135.730000000 -1.463749221289e-06
135.740000000 -1.526589172144e-06
135.750000000 -1.433324353126e-06
135.760000000 -1.589995450417e-06
135.770000000 -1.187434086869e-06
135.780000000 -1.017492070516e-06
135.790000000 -7.282608389356e-07
135.800000000 -4.855019400539e-07
135.810000000 -2.568343134890e-07
135.820000000 4.719788841759e-08
135.830000000 2.002270244273e-07
135.840000000 6.260394842705e-07
135.850000000 4.216631770415e-07
135.860000000 7.457603782519e-07
135.870000000 1.149932582367e-06
135.880000000 6.985018832239e-07
135.890000000 5.377976673405e-07
135.900000000 2.643464219976e-07
135.910000000 -2.338388002698e-08
135.920000000 -1.524361556629e-07
135.930000000 -7.967778296330e-07
135.940000000 -1.063642902889e-06
135.950000000 -8.823550662494e-07
135.960000000 -1.314588316600e-06
135.970000000 -1.296215442494e-06
135.980000000 -9.064623201399e-07
135.990000000 -1.018464988974e-06
136.000000000 -1.011412272288e-06
136.010000000 -7.805275182275e-07
136.020000000 -3.788850828229e-07
136.030000000 -5.936909377055e-07
136.040000000 -2.211963748586e-07
136.050000000 7.326719792906e-08
136.060000000 -3.153174447357e-08
136.070000000 5.543988671521e-08
136.080000000 -5.729090394469e-08
136.090000000 2.555591205477e-07
136.100000000 5.926027272499e-07
136.110000000 4.487772348881e-07
136.120000000 5.915373772346e-07
136.130000000 2.569888461018e-07
136.140000000 -5.971844519988e-08
136.150000000 5.904604640768e-08
136.160000000 -3.808607369561e-08
136.170000000 8.477742339343e-08
136.180000000 -2.399630152438e-07
136.190000000 -5.608600783145e-07
136.200000000 -4.427097646613e-07
136.210000000 -5.354599293013e-07
136.220000000 -4.222196182173e-07
136.230000000 -7.315046845505e-07
136.240000000 -1.078444760711e-06
136.250000000 -9.050841368897e-07
136.260000000 -1.239096231375e-06
136.270000000 -1.577197297067e-06
136.280000000 -1.412429202376e-06
136.290000000 -1.600485842377e-06
136.300000000 -1.185592251292e-06
136.310000000 -1.012740955745e-06
136.320000000 -7.452498947562e-07
136.330000000 -4.571714210267e-07
136.340000000 -3.100885781290e-07
136.350000000 1.463035612907e-07
136.360000000 -1.193414135242e-07
136.370000000 3.101379049366e-07
136.380000000 5.317610374245e-07
136.390000000 5.306818311323e-07
136.400000000 4.479684194399e-07
136.410000000 7.671707863110e-07
136.420000000 1.059694161931e-06
136.430000000 1.023674122497e-06
136.440000000 8.089952295585e-07
136.450000000 3.902595398942e-07
136.460000000 6.281260828808e-07
136.470000000 2.239607894214e-07
136.480000000 -2.406614211672e-08
136.490000000 8.640844072887e-09
136.500000000 4.875163141393e-08
136.510000000 -2.088833178994e-07
136.520000000 -5.990586381203e-07
136.530000000 -3.832152157078e-07
136.540000000 -7.676107254904e-07
136.550000000 -1.036526443568e-06
136.560000000 -9.741252524168e-07
136.570000000 -9.923559293648e-07
136.580000000 -1.000919433989e-06
136.590000000 -9.627663819329e-07
136.600000000 -1.053273977298e-06
136.610000000 -7.415767106570e-07
136.620000000 -4.248833105981e-07
136.630000000 -5.187214026541e-07
136.640000000 -4.788875456415e-07
136.650000000 -4.863167162313e-07
136.660000000 -5.071972801627e-07
136.670000000 -4.519159418722e-07
136.680000000 -5.663196464629e-07
136.690000000 -2.201809008615e-07
136.700000000 4.373318209777e-08
136.710000000 4.267477770375e-08
136.720000000 -2.176927709134e-07
136.730000000 -5.712492089089e-07
136.740000000 -4.434080022191e-07
136.750000000 -5.212497639933e-07
136.760000000 -4.654214562646e-07
136.770000000 -5.118605105612e-07
136.780000000 -4.659231705895e-07
136.790000000 -5.233213176681e-07
136.800000000 -4.289842379787e-07
136.810000000 -7.321236686304e-07
136.820000000 -1.071054155226e-06
136.830000000 -9.347788858886e-07
136.840000000 -1.057915666431e-06
136.850000000 -7.611585327223e-07
136.860000000 -3.781113229368e-07
136.870000000 -6.192136775747e-07
136.880000000 -1.699205891179e-07
136.890000000 -3.193288511933e-08
136.900000000 2.806558757898e-07
136.910000000 5.044286680153e-07
136.920000000 7.507479924818e-07
136.930000000 1.036418798478e-06
136.940000000 1.211255649170e-06
136.950000000 1.604208994942e-06
136.960000000 1.464036837702e-06
136.970000000 1.531435160580e-06
136.980000000 1.508982981796e-06
136.990000000 1.491671232991e-06
137.000000000 1.564101659414e-06
137.010000000 1.273501325938e-06
137.020000000 9.263156541387e-07
137.030000000 1.068982886948e-06
137.040000000 9.487913557280e-07
137.050000000 1.096993301852e-06
137.060000000 7.387487362143e-07
137.070000000 4.654767636935e-07
137.080000000 5.111117315581e-07
137.090000000 5.466001017508e-07
137.100000000 2.862561109049e-07
137.110000000 -9.065785641913e-08
137.120000000 8.704875273736e-08
137.130000000 -8.921423962234e-08
137.140000000 2.838424608924e-07
137.150000000 5.502201526859e-07
137.160000000 5.056227523514e-07
137.170000000 4.734404548157e-07
137.180000000 7.273997882232e-07
137.190000000 1.116386659144e-06
137.200000000 9.064756386005e-07
137.210000000 1.278457322571e-06
137.220000000 1.569905681648e-06
137.230000000 1.471477505441e-06
137.240000000 1.546057591602e-06
137.250000000 1.464978741189e-06
137.260000000 1.584081737973e-06
137.270000000 1.253384473433e-06
137.280000000 9.490771167007e-07
137.290000000 1.036548975135e-06
137.300000000 9.967012268800e-07
137.310000000 1.010468848606e-06
137.320000000 1.017884127953e-06
137.330000000 9.851354306606e-07
137.340000000 1.062460691423e-06
137.350000000 7.751803218472e-07
137.360000000 4.167290495124e-07
137.370000000 5.825486029758e-07
137.380000000 4.112817440338e-07
137.390000000 7.868474113607e-07
137.400000000 1.042282676625e-06
137.410000000 1.019180349758e-06
137.420000000 9.509849584101e-07
137.430000000 1.260256133501e-06
137.440000000 1.562123507440e-06
137.450000000 1.503536133867e-06
137.460000000 1.467495292535e-06
137.470000000 1.742444711561e-06
137.480000000 2.088565033345e-06
137.490000000 1.965081358085e-06
137.500000000 2.040400261804e-06
137.510000000 1.984030015727e-06
137.520000000 2.034338778371e-06
137.530000000 1.977992090065e-06
137.540000000 2.065448780270e-06
137.550000000 1.778186834511e-06
137.560000000 1.408700226110e-06
137.570000000 1.609502216511e-06
137.580000000 1.238558100070e-06
137.590000000 9.536820218383e-07
137.600000000 1.037476987380e-06
137.610000000 9.876151720827e-07
137.620000000 1.027381820579e-06
137.630000000 9.882234681488e-07
137.640000000 1.035089167608e-06
137.650000000 9.697798710330e-07
137.660000000 1.080492791488e-06
137.670000000 7.527199743717e-07
137.680000000 4.510541150812e-07
137.690000000 5.299542462835e-07
137.700000000 5.089991966321e-07
137.710000000 4.880441469806e-07
137.720000000 5.669442781829e-07
137.730000000 2.642269601197e-07
137.740000000 -6.103689018441e-08
137.750000000 4.478119593127e-08
137.760000000 -1.197154164140e-08
137.770000000 2.090418457953e-08
137.780000000 3.768952723404e-09
137.790000000 9.195421338017e-09
137.800000000 1.462188995263e-08
137.810000000 -2.513341903499e-09
137.820000000 2.931092554476e-08
137.830000000 -2.493284521577e-08
137.840000000 7.599040656063e-08
137.850000000 -2.407168847410e-07
137.860000000 -5.574241760427e-07
137.870000000 -4.554494654936e-07
137.880000000 -5.132536618389e-07
137.890000000 -4.740255932392e-07
137.900000000 -5.046122184371e-07
137.910000000 -4.766392175816e-07
137.920000000 -5.072258427795e-07
137.930000000 -4.679977741798e-07
137.940000000 -5.258019705252e-07
137.950000000 -4.238272599761e-07
137.960000000 -7.405345512777e-07
137.970000000 -1.057241842579e-06
137.980000000 -9.563185908030e-07
137.990000000 -1.011613820336e-06
138.000000000 -9.772805860758e-07
138.010000000 -9.993106522712e-07
138.020000000 -9.853276246541e-07
138.030000000 -9.938911292779e-07
138.040000000 -9.879517817873e-07
138.050000000 -9.929766610329e-07
138.060000000 -9.870373135423e-07
138.070000000 -9.956008181661e-07
138.080000000 -9.805663317764e-07
138.090000000 -1.005105364784e-06
138.100000000 -9.658772961842e-07
138.110000000 -1.028677625947e-06
138.120000000 -9.162733677446e-07
138.130000000 -1.250108945281e-06
138.140000000 -1.539981156931e-06
138.150000000 -1.482865182640e-06
138.160000000 -1.454358501010e-06
138.170000000 -1.709890532778e-06
138.180000000 -2.092428222139e-06
138.190000000 -1.894764544734e-06
138.200000000 -2.247024091259e-06
138.210000000 -2.570689513352e-06
138.220000000 -2.407886171909e-06
138.230000000 -2.741981141655e-06
138.240000000 -3.072116268528e-06
138.250000000 -2.910665759655e-06
138.260000000 -3.234776852108e-06
138.270000000 -3.594999581579e-06
138.280000000 -3.243885882250e-06
138.290000000 -2.891179388379e-06
138.300000000 -3.106498122137e-06
138.310000000 -2.685290914675e-06
138.320000000 -2.512323151819e-06
138.330000000 -2.248953282425e-06
138.340000000 -1.940343183586e-06
138.350000000 -1.981195983996e-06
138.360000000 -2.062941544328e-06
138.370000000 -1.703692400276e-06
138.380000000 -1.511625964270e-06
138.390000000 -1.228879605699e-06
138.400000000 -9.940412876583e-07
138.410000000 -7.437621203170e-07
138.420000000 -4.776238919002e-07
138.430000000 -2.645105762224e-07
138.440000000 5.216202193831e-08
138.450000000 1.901681497538e-07
138.460000000 6.344734943344e-07
138.470000000 4.143636033962e-07
138.480000000 6.201627255237e-07
138.490000000 2.222610330766e-07
138.500000000 -1.951233172483e-08
138.510000000 -5.294636636978e-09
138.520000000 6.853414327697e-08
138.530000000 -2.466143409068e-07
138.540000000 -5.390285084848e-07
138.550000000 -5.089686534056e-07
138.560000000 -2.829551759129e-07
138.570000000 1.167805158526e-07
138.580000000 -9.249062571562e-08
138.590000000 2.687488693870e-07
138.600000000 5.838438412352e-07
138.610000000 4.298661175332e-07
138.620000000 7.535176483838e-07
138.630000000 1.094820877136e-06
138.640000000 9.211473487687e-07
138.650000000 1.262763218735e-06
138.660000000 1.583201218719e-06
138.670000000 1.452113667587e-06
138.680000000 1.570716437125e-06
138.690000000 1.413498868912e-06
138.700000000 1.795103738888e-06
138.710000000 2.010866941549e-06
138.720000000 2.217006958205e-06
138.730000000 2.609877428716e-06
138.740000000 2.435810761954e-06
138.750000000 2.590970838869e-06
138.760000000 2.260273574329e-06
138.770000000 1.918857678692e-06
138.780000000 2.101826320289e-06
138.790000000 1.740896270890e-06
138.800000000 1.452582866358e-06
138.810000000 1.535043423145e-06
138.820000000 1.490177741266e-06
138.830000000 1.520849250863e-06
138.840000000 1.495157460004e-06
138.850000000 1.520621494048e-06
138.860000000 1.491086327622e-06
138.870000000 1.530314396222e-06
138.880000000 1.472510199877e-06
138.890000000 1.574484910426e-06
138.900000000 1.257777619124e-06
138.910000000 9.410703278224e-07
138.920000000 1.041993579599e-06
138.930000000 9.866983500656e-07
138.940000000 1.021031584326e-06
138.950000000 1.000052976903e-06
138.960000000 1.011527037708e-06
138.970000000 1.008909826196e-06
138.980000000 1.003783647872e-06
138.990000000 1.017643576204e-06
139.000000000 9.940547028912e-07
139.010000000 1.032363843348e-06
139.020000000 9.714213340064e-07
139.030000000 1.082051379200e-06
139.040000000 7.473204312920e-07
139.050000000 4.731167404799e-07
139.060000000 3.620303442789e-07
139.070000000 -3.336237074066e-07
139.080000000 -4.914418285170e-07
139.090000000 -6.492599496273e-07
139.100000000 -1.345965460085e-06
139.110000000 -1.454542889474e-06
139.120000000 -1.734692873398e-06
139.130000000 -2.058358295492e-06
139.140000000 -1.966613057876e-06
139.150000000 -1.998027346414e-06
139.160000000 -2.005539392265e-06
139.170000000 -1.957763154204e-06
139.180000000 -2.068108077337e-06
139.190000000 -1.720130433646e-06
139.200000000 -1.476397817299e-06
139.210000000 -1.297483761332e-06
139.220000000 -8.691623346765e-07
139.230000000 -1.104318396202e-06
139.240000000 -7.128225584697e-07
139.250000000 -4.395644771916e-07
139.260000000 -5.174270408639e-07
139.270000000 -4.695495037248e-07
139.280000000 -5.099593896481e-07
139.290000000 -4.681058869280e-07
139.300000000 -5.208921496491e-07
139.310000000 -4.355383769897e-07
139.320000000 -7.202913559367e-07
139.330000000 -1.094672798677e-06
139.340000000 -8.853142492734e-07
139.350000000 -1.271299797725e-06
139.360000000 -1.531643788571e-06
139.370000000 -1.487083837251e-06
139.380000000 -1.473100809633e-06
139.390000000 -1.548254331773e-06
139.400000000 -1.248689217949e-06
139.410000000 -9.205148114639e-07
139.420000000 -1.028957054713e-06
139.430000000 -9.698323408556e-07
139.440000000 -1.004179466359e-06
139.450000000 -9.860066669726e-07
139.460000000 -9.914470268299e-07
139.470000000 -9.968873866872e-07
139.480000000 -9.797660460737e-07
139.490000000 -1.011604204765e-06
139.500000000 -9.584257840195e-07
139.510000000 -1.056853960226e-06
139.520000000 -7.450553945068e-07
139.530000000 -4.198054354453e-07
139.540000000 -5.357840104755e-07
139.550000000 -4.559705847988e-07
139.560000000 -5.295527245229e-07
139.570000000 -4.436917066558e-07
139.580000000 -5.715573373791e-07
139.590000000 -2.267932245557e-07
139.600000000 5.555999562150e-08
139.610000000 2.812085551269e-09
139.620000000 -2.738929227804e-08
139.630000000 2.269945142131e-07
139.640000000 6.111167405425e-07
139.650000000 4.209650740228e-07
139.660000000 6.188218151022e-07
139.670000000 2.086030633474e-07
139.680000000 4.804789732539e-09
139.690000000 -6.346857535938e-08
139.700000000 2.913096045059e-07
139.710000000 4.906969664016e-07
139.720000000 7.583111266749e-07
139.730000000 1.019026473647e-06
139.740000000 1.228296413758e-06
139.750000000 1.556845534821e-06
139.760000000 1.673439464429e-06
139.770000000 2.154363691235e-06
139.780000000 1.864931183477e-06
139.790000000 2.326341256521e-06
139.800000000 2.485319046138e-06
139.810000000 2.740117188300e-06
139.820000000 3.081097080106e-06
139.830000000 2.975770090598e-06
139.840000000 3.017600035546e-06
139.850000000 3.017593089925e-06
139.860000000 2.974697794961e-06
139.870000000 3.081468401266e-06
139.880000000 2.737037291918e-06
139.890000000 2.488395949989e-06
139.900000000 2.318024561781e-06
139.910000000 1.875699270645e-06
139.920000000 2.133916020275e-06
139.930000000 1.705557144605e-06
139.940000000 1.492468290336e-06
139.950000000 1.461881665138e-06
139.960000000 1.743223047635e-06
139.970000000 2.080682134949e-06
139.980000000 1.969614457580e-06
139.990000000 2.025311276482e-06
140.000000000 2.003395317100e-06
140.010000000 1.997217680003e-06
140.020000000 2.033936781791e-06
140.030000000 1.957669890456e-06
140.040000000 2.102028461013e-06
140.050000000 1.710518732038e-06
140.060000000 1.528030359243e-06
140.070000000 1.256964981427e-06
140.080000000 9.858996036114e-07
140.090000000 8.044626895892e-07
140.100000000 4.114954525743e-07
140.110000000 5.582398906588e-07
140.120000000 4.783112746610e-07
140.130000000 5.215152494571e-07
140.140000000 5.047954982127e-07
140.150000000 5.000914324771e-07
140.160000000 5.262835883467e-07
140.170000000 4.748477977018e-07
140.180000000 5.745136161591e-07
140.190000000 2.567944871777e-07
140.200000000 -4.485057021458e-08
140.210000000 -1.113673136006e-07
140.220000000 -8.773746389803e-07
140.230000000 -9.235411757230e-07
140.240000000 -1.272969416797e-06
140.250000000 -1.493195674681e-06
140.260000000 -1.710107102619e-06
140.270000000 -2.076684431826e-06
140.280000000 -1.952486525983e-06
140.290000000 -2.010392021406e-06
140.300000000 -1.994023126262e-06
140.310000000 -1.970778975588e-06
140.320000000 -2.050728393484e-06
140.330000000 -1.747609486051e-06
140.340000000 -1.419023499769e-06
140.350000000 -1.533535135414e-06
140.360000000 -1.457266072001e-06
140.370000000 -1.524701843893e-06
140.380000000 -1.449460681480e-06
140.390000000 -1.549325563829e-06
140.400000000 -1.391515599930e-06
140.410000000 -1.790429130056e-06
140.420000000 -1.969357077266e-06
140.430000000 -2.241473913855e-06
140.440000000 -2.512539291671e-06
140.450000000 -2.693976205693e-06
140.460000000 -3.087994901480e-06
140.470000000 -2.938741496584e-06
140.480000000 -3.024616405694e-06
140.490000000 -2.971398363855e-06
140.500000000 -3.003442497093e-06
140.510000000 -2.986022143176e-06
140.520000000 -2.992199780273e-06
140.530000000 -2.994816991784e-06
140.540000000 -2.984394389752e-06
140.550000000 -3.002864030363e-06
140.560000000 -2.973425630442e-06
140.570000000 -3.021215759745e-06
140.580000000 -2.931773514395e-06
140.590000000 -3.231352519462e-06
140.600000000 -3.573843431643e-06
140.610000000 -3.431621869193e-06
140.620000000 -3.566875634322e-06
140.630000000 -3.247673267451e-06
140.640000000 -2.902609538394e-06
140.650000000 -3.081930346570e-06
140.660000000 -2.732495194840e-06
140.670000000 -2.424275478522e-06
140.680000000 -2.537529680849e-06
140.690000000 -2.444793407451e-06
140.700000000 -2.564009071120e-06
140.710000000 -2.241668391252e-06
140.720000000 -1.920379170158e-06
140.730000000 -2.037085867014e-06
140.740000000 -1.951347345501e-06
140.750000000 -2.052078513974e-06
140.760000000 -1.765129472761e-06
140.770000000 -1.382504375564e-06
140.780000000 -1.613079784284e-06
140.790000000 -1.188617796517e-06
140.800000000 -1.006988799191e-06
140.810000000 -7.656816714637e-07
140.820000000 -4.286984877526e-07
140.830000000 -3.779651894466e-07
140.840000000 3.887806901596e-07
140.850000000 4.480857156979e-07
140.860000000 7.666890796812e-07
140.870000000 1.042942175703e-06
140.880000000 1.152763147168e-06
140.890000000 1.849438703062e-06
140.900000000 2.006827452318e-06
140.910000000 2.162347113737e-06
140.920000000 2.864157965655e-06
140.930000000 2.963749464187e-06
140.940000000 3.256401958746e-06
140.950000000 3.561673669869e-06
140.960000000 3.497761458342e-06
140.970000000 3.472801311054e-06
140.980000000 3.726646537649e-06
140.990000000 4.108259797166e-06
141.000000000 3.924593003655e-06
141.010000000 4.109703413963e-06
141.020000000 3.722129970091e-06
141.030000000 3.478284919296e-06
141.040000000 3.486855334575e-06
141.050000000 3.575387041324e-06
141.060000000 3.232836811653e-06
141.070000000 2.997545563987e-06
141.080000000 2.794706984549e-06
141.090000000 2.414154850333e-06
141.100000000 2.554313116330e-06
141.110000000 2.474485799411e-06
141.120000000 2.523860465682e-06
141.130000000 2.493273840484e-06
141.140000000 2.512151702441e-06
141.150000000 2.501079231005e-06
141.160000000 2.507018578495e-06
141.170000000 2.504502666062e-06
141.180000000 2.505547179213e-06
141.190000000 2.505540233592e-06
141.200000000 2.506584746743e-06
141.210000000 2.504068834310e-06
141.220000000 2.508956723028e-06
141.230000000 2.501444677177e-06
141.240000000 2.512918737981e-06
141.250000000 2.496834964898e-06
141.260000000 2.520102673344e-06
141.270000000 2.484743710161e-06
141.280000000 2.552578315549e-06
141.290000000 2.289096011707e-06
141.300000000 1.886520756916e-06
141.310000000 2.136704359211e-06
141.320000000 1.688448838284e-06
141.330000000 1.538843137331e-06
141.340000000 1.250649473281e-06
141.350000000 9.850175097011e-07
141.360000000 8.090140099149e-07
141.370000000 3.989184866652e-07
141.380000000 5.774941378192e-07
141.390000000 4.422772379096e-07
141.400000000 5.878689181429e-07
141.410000000 2.520629536910e-07
141.420000000 -6.673119183429e-08
141.430000000 5.851817278190e-08
141.440000000 -4.862801436334e-08
141.450000000 8.902128482193e-08
141.460000000 -2.572142272836e-07
141.470000000 -5.459415721084e-07
141.480000000 -4.745465411358e-07
141.490000000 -4.931157232602e-07
141.500000000 -5.116849053845e-07
141.510000000 -4.392384156393e-07
141.520000000 -7.304747272762e-07
141.530000000 -1.072866863815e-06
141.540000000 -9.402136980475e-07
141.550000000 -1.040773713106e-06
141.560000000 -9.240960757219e-07
141.570000000 -1.231096573606e-06
141.580000000 -1.586177728158e-06
141.590000000 -1.396019150982e-06
141.600000000 -1.759359391551e-06
141.610000000 -2.051193600575e-06
141.620000000 -1.947623217688e-06
141.630000000 -2.171409901157e-06
141.640000000 -2.831813234359e-06
141.650000000 -2.969734710212e-06
141.660000000 -3.219305014559e-06
141.670000000 -3.580841350886e-06
141.680000000 -3.438072818999e-06
141.690000000 -3.541174789985e-06
141.700000000 -3.442981544581e-06
141.710000000 -3.570855066330e-06
141.720000000 -3.236773987826e-06
141.730000000 -2.942647921906e-06
141.740000000 -2.875093610990e-06
141.750000000 -2.103052584662e-06
141.760000000 -2.069838453628e-06
141.770000000 -1.699452441995e-06
141.780000000 -1.511071288424e-06
141.790000000 -1.243780302156e-06
141.800000000 -9.695905025866e-07
141.810000000 -7.910919272310e-07
141.820000000 -3.944768567956e-07
141.830000000 -5.461300204619e-07
141.840000000 -4.588114945554e-07
141.850000000 -5.141463451816e-07
141.860000000 -4.785556776021e-07
141.870000000 -5.033937239131e-07
141.880000000 -4.837785847173e-07
141.890000000 -5.037217966890e-07
141.900000000 -4.791966549242e-07
141.910000000 -5.145952391999e-07
141.920000000 -4.593139009094e-07
141.930000000 -5.613025027012e-07
141.940000000 -2.421001358301e-07
141.950000000 6.969842988962e-08
141.960000000 -2.268215412697e-08
141.970000000 1.966066969778e-08
141.980000000 4.827697956622e-09
141.990000000 -2.601472633102e-09
142.000000000 3.013333341650e-08
142.010000000 -4.825727736166e-08
142.020000000 2.415181677839e-07
142.030000000 5.940092557641e-07
142.040000000 4.392413368727e-07
142.050000000 5.905580382216e-07
142.060000000 2.480671260407e-07
142.070000000 -6.060701792529e-08
142.080000000 4.834938118674e-08
142.090000000 -3.272946922572e-08
142.100000000 5.199721460725e-08
142.110000000 -6.740262340107e-08
142.120000000 2.597203243115e-07
142.130000000 5.727519997073e-07
142.140000000 4.681531320250e-07
142.150000000 5.349154767418e-07
142.160000000 4.795966894373e-07
142.170000000 5.359530442718e-07
142.180000000 4.666678415002e-07
142.190000000 5.771991110517e-07
142.200000000 2.530880185986e-07
142.210000000 -5.621547155158e-08
142.220000000 3.509976244966e-08
142.230000000 -6.205493845103e-09
142.240000000 6.104619841226e-09
142.250000000 1.841473352755e-08
142.260000000 -2.289052276721e-08
142.270000000 6.947617000670e-08
142.280000000 -2.423362869557e-07
142.290000000 -5.615525450694e-07
142.300000000 -4.595778345204e-07
142.310000000 -5.138216052809e-07
142.320000000 -4.819973378326e-07
142.330000000 -4.991325696888e-07
142.340000000 -4.937061010742e-07
142.350000000 -4.882796324595e-07
142.360000000 -5.054148643157e-07
142.370000000 -4.735905968674e-07
142.380000000 -5.278343676279e-07
142.390000000 -4.279625746242e-07
142.400000000 -7.421608991137e-07
142.410000000 -1.063763024755e-06
142.420000000 -9.553346727484e-07
142.430000000 -1.022110908708e-06
142.440000000 -9.706493882127e-07
142.450000000 -1.018463075287e-06
142.460000000 -9.631817369969e-07
142.470000000 -1.050652318444e-06
142.480000000 -7.634042639279e-07
142.490000000 -3.939315467692e-07
142.500000000 -5.947474284133e-07
142.510000000 -2.238172032152e-07
142.520000000 6.104498377416e-08
142.530000000 -2.381533178281e-08
142.540000000 2.854155908390e-08
142.550000000 -1.718527376710e-08
142.560000000 3.302471323505e-08
142.570000000 -3.168822627204e-08
142.580000000 6.167789182483e-08
142.590000000 -9.248423865371e-08
142.600000000 3.040295327033e-07
142.610000000 4.844010967101e-07
142.620000000 7.554525832832e-07
142.630000000 1.026504069856e-06
142.640000000 1.207927092636e-06
142.650000000 1.601931897181e-06
142.660000000 1.453716059814e-06
142.670000000 1.537068110869e-06
142.680000000 1.488731012127e-06
142.690000000 1.513256153892e-06
142.700000000 1.508354373932e-06
142.710000000 1.494880866739e-06
142.720000000 1.527111183454e-06
142.730000000 1.468277328542e-06
142.740000000 1.577244260445e-06
142.750000000 1.247070407572e-06
142.760000000 9.507133229138e-07
142.770000000 1.018371411352e-06
142.780000000 1.029666199335e-06
142.790000000 8.025873718271e-07
142.800000000 3.629267625537e-07
142.810000000 7.945403332488e-07
142.820000000 1.047388890393e-06
142.830000000 9.867382203681e-07
142.840000000 1.014978504460e-06
142.850000000 1.000567645308e-06
142.860000000 1.006522161028e-06
142.870000000 1.008901082934e-06
142.880000000 9.978134432680e-07
142.890000000 1.019746742959e-06
142.900000000 9.809504534767e-07
142.910000000 1.058799125906e-06
142.920000000 7.753805557137e-07
142.930000000 4.058939473124e-07
142.940000000 6.028525621472e-07
142.950000000 2.394135459362e-07
142.960000000 -5.694353872211e-08
142.970000000 4.397971305428e-08
142.980000000 -3.166572312223e-08
142.990000000 4.939923604755e-08
143.000000000 -6.866619320631e-08
143.010000000 2.595082132789e-07
143.020000000 5.697479718808e-07
143.030000000 4.711966963888e-07
143.040000000 5.299153609792e-07
143.050000000 4.855541684341e-07
143.060000000 5.264551509646e-07
143.070000000 4.818785525282e-07
143.080000000 5.398097778022e-07
143.090000000 4.550876265435e-07
143.100000000 5.977548593531e-07
143.110000000 2.161512663645e-07
143.120000000 1.436414569898e-08
143.130000000 -2.234360687790e-07
143.140000000 -5.610914641108e-07
143.150000000 -4.811163163645e-07
143.160000000 -4.575044690740e-07
143.170000000 -7.248301484828e-07
143.180000000 -1.074626086173e-06
143.190000000 -9.499231924797e-07
143.200000000 -1.024840506830e-06
143.210000000 -9.695195474466e-07
143.220000000 -1.018590667840e-06
143.230000000 -9.643211672296e-07
143.240000000 -1.036729514768e-06
143.250000000 -9.169214554136e-07
143.260000000 -1.259212292874e-06
143.270000000 -1.538018978709e-06
143.280000000 -1.497278845184e-06
143.290000000 -1.444138777090e-06
143.300000000 -1.737986894936e-06
143.310000000 -2.060640479349e-06
143.320000000 -1.969001908402e-06
143.330000000 -1.996450220603e-06
143.340000000 -2.028624128597e-06
143.350000000 -1.782284002233e-06
143.360000000 -1.378132600016e-06
143.370000000 -1.614340120315e-06
143.380000000 -1.196165291331e-06
143.390000000 -9.952281147896e-07
143.400000000 -7.907305126634e-07
143.410000000 -3.774505180191e-07
143.420000000 -6.051014793152e-07
143.430000000 -2.159915091096e-07
143.440000000 5.488070464131e-08
143.450000000 -1.652821757388e-08
143.460000000 1.881685436624e-08
143.470000000 -1.955778510073e-09
143.480000000 9.219268991410e-09
143.490000000 6.287875946263e-09
143.500000000 -2.039426837070e-10
143.510000000 1.691739792974e-08
143.520000000 -1.492076076120e-08
143.530000000 3.930911875664e-08
143.540000000 -6.162802426243e-08
143.550000000 2.550653757965e-07
143.560000000 5.707073170828e-07
143.570000000 4.722791408759e-07
143.580000000 5.226656448271e-07
143.590000000 4.958236195538e-07
143.600000000 5.063587880803e-07
143.610000000 5.094901554553e-07
143.620000000 4.922561479572e-07
143.630000000 5.286526786700e-07
143.640000000 4.532990818098e-07
143.650000000 7.320918764022e-07
143.660000000 1.108968394712e-06
143.670000000 8.985444952930e-07
143.680000000 1.284516152502e-06
143.690000000 1.544846252105e-06
143.700000000 1.500272409542e-06
143.710000000 1.486275490682e-06
143.720000000 1.561415121579e-06
143.730000000 1.261836116513e-06
143.740000000 9.336478187847e-07
143.750000000 1.042076170791e-06
143.760000000 9.818861069184e-07
143.770000000 1.019779766764e-06
143.780000000 9.941892749834e-07
143.790000000 1.013067136940e-06
143.800000000 9.959470733135e-07
143.810000000 1.014824935270e-06
143.820000000 9.902859022623e-07
143.830000000 1.025670595295e-06
143.840000000 9.703753657622e-07
143.850000000 1.072350076311e-06
143.860000000 7.531338181974e-07
143.870000000 4.413213612351e-07
143.880000000 5.336880540090e-07
143.890000000 4.934342564869e-07
143.900000000 5.032354033611e-07
143.910000000 5.204403513867e-07
143.920000000 4.705785360895e-07
143.930000000 5.769352021018e-07
143.940000000 2.430996245654e-07
143.950000000 -4.177645366665e-08
143.960000000 4.909972970556e-09
143.970000000 5.054494083509e-08
143.980000000 -2.318221705848e-07
143.990000000 -5.705525824605e-07
144.000000000 -4.556393574457e-07
144.010000000 -5.194911459814e-07
144.020000000 -4.802630773817e-07
144.030000000 -5.048021103892e-07
144.040000000 -4.897676239995e-07
144.050000000 -4.972796698506e-07
144.060000000 -4.949007479448e-07
144.070000000 -4.925218260390e-07
144.080000000 -5.010853306628e-07
144.090000000 -4.845933362336e-07
144.100000000 -5.115182367683e-07
144.110000000 -4.686284435054e-07
144.120000000 -5.379136462771e-07
144.130000000 -4.149672739266e-07
144.140000000 -7.649632863373e-07
144.150000000 -1.028891260539e-06
144.160000000 -1.024003371821e-06
144.170000000 -7.711548146767e-07
144.180000000 -4.061312614975e-07
144.190000000 -5.511146456648e-07
144.200000000 -4.475031542541e-07
144.210000000 -5.446436638988e-07
144.220000000 -4.193114240212e-07
144.230000000 -7.486742798068e-07
144.240000000 -1.061821145524e-06
144.250000000 -9.566975891874e-07
144.260000000 -1.022950413480e-06
144.270000000 -9.693184313490e-07
144.280000000 -1.024613660882e-06
144.290000000 -9.450920745218e-07
144.300000000 -1.212558674102e-06
144.310000000 -1.630196162801e-06
144.320000000 -1.206524973154e-06
144.330000000 -9.580583714729e-07
144.340000000 -1.002632214036e-06
144.350000000 -1.004765634974e-06
144.360000000 -9.673255365148e-07
144.370000000 -1.059690952302e-06
144.380000000 -7.435361321393e-07
144.390000000 -4.347851131284e-07
144.400000000 -5.175425111400e-07
144.410000000 -4.940923859191e-07
144.420000000 -4.742026862830e-07
144.430000000 -5.531167087280e-07
144.440000000 -2.504132819075e-07
144.450000000 7.483667715397e-08
144.460000000 -3.099530020439e-08
144.470000000 2.679500489827e-08
144.480000000 -8.603579377487e-09
144.490000000 1.341259557525e-08
144.500000000 -5.843232845300e-10
144.510000000 7.965290096610e-09
144.520000000 3.063510135982e-09
144.530000000 5.565531326788e-09
144.540000000 4.507126932772e-09
144.550000000 4.500181311431e-09
144.560000000 4.493235690090e-09
144.570000000 4.486290068749e-09
144.580000000 4.479344447408e-09
144.590000000 4.472398826067e-09
144.600000000 4.465453204725e-09
144.610000000 3.407048810709e-09
144.620000000 5.909070001516e-09
144.630000000 1.007290040887e-09
144.640000000 9.556903422027e-09
144.650000000 -5.491474210424e-09
144.660000000 1.903366755446e-08
144.670000000 -2.020829228792e-08
144.680000000 4.362960500508e-08
144.690000000 -7.024605247975e-08
144.700000000 2.659615013411e-07
144.710000000 5.532095558576e-07
144.720000000 4.990041377479e-07
144.730000000 4.673452518792e-07
144.740000000 7.276753514823e-07
144.750000000 1.100732051997e-06
144.760000000 9.305166518277e-07
144.770000000 1.095284746518e-06
144.780000000 7.393424409958e-07
144.790000000 4.471672370803e-07
144.800000000 5.330490568456e-07
144.810000000 4.863103863149e-07
144.820000000 5.157487862360e-07
144.830000000 4.962276868528e-07
144.840000000 5.091592556972e-07
144.850000000 5.005957510734e-07
144.860000000 5.054836397913e-07
144.870000000 5.029677273578e-07
144.880000000 5.040122405091e-07
144.890000000 5.050567536605e-07
144.900000000 5.025408412270e-07
144.910000000 5.074287299449e-07
144.920000000 4.988652253211e-07
144.930000000 5.117967941655e-07
144.940000000 4.922756947823e-07
144.950000000 5.217140947034e-07
144.960000000 4.749754241727e-07
144.970000000 5.619087027106e-07
144.980000000 2.672245319831e-07
144.990000000 -8.382293920033e-08
145.000000000 7.238859648792e-08
145.010000000 -8.383683044301e-08
145.020000000 2.671967494977e-07
145.030000000 5.618670289826e-07
145.040000000 4.759713179746e-07
145.050000000 5.201871304505e-07
145.060000000 4.956296736260e-07
145.070000000 5.065803227641e-07
145.080000000 5.076248359154e-07
145.090000000 4.941513287225e-07
145.100000000 5.235897286436e-07
145.110000000 4.708034659226e-07
145.120000000 5.706752589263e-07
145.130000000 2.539679676246e-07
145.140000000 -6.273932367701e-08
145.150000000 3.818392809938e-08
145.160000000 -1.711130143382e-08
145.170000000 1.722193282659e-08
145.180000000 -4.808133368827e-09
145.190000000 9.174894248267e-09
145.200000000 6.113896244443e-10
145.210000000 5.499278342391e-09
145.220000000 2.983365908902e-09
145.230000000 4.027879060236e-09
145.240000000 4.020933438895e-09
145.250000000 4.013987817554e-09
145.260000000 4.007042196213e-09
145.270000000 4.000096574872e-09
145.280000000 3.993150953530e-09
145.290000000 3.986205332189e-09
145.300000000 3.979259710848e-09
145.310000000 3.972314089507e-09
145.320000000 3.965368468166e-09
145.330000000 3.958422846825e-09
145.340000000 3.951477225484e-09
145.350000000 3.944531604143e-09
145.360000000 3.937585982802e-09
145.370000000 3.930640361460e-09
145.380000000 3.923694740119e-09
145.390000000 3.916749118778e-09
145.400000000 3.909803497437e-09
145.410000000 3.902857876096e-09
145.420000000 3.895912254755e-09
145.430000000 3.888966633414e-09
145.440000000 3.882021012073e-09
145.450000000 3.875075390732e-09
145.460000000 3.868129769391e-09
145.470000000 3.861184148049e-09
145.480000000 3.854238526708e-09
145.490000000 3.847292905367e-09
145.500000000 3.840347284026e-09
145.510000000 3.833401662685e-09
145.520000000 3.826456041344e-09
145.530000000 3.819510420003e-09
145.540000000 3.812564798662e-09
145.550000000 3.805619177321e-09
145.560000000 3.798673555980e-09
145.570000000 3.791727934638e-09
145.580000000 3.784782313297e-09
145.590000000 3.777836691956e-09
145.600000000 3.770891070615e-09
145.610000000 3.763945449274e-09
145.620000000 3.756999827933e-09
145.630000000 3.750054206592e-09
145.640000000 3.743108585251e-09
145.650000000 3.736162963910e-09
145.660000000 3.729217342569e-09
145.670000000 3.722271721227e-09
145.680000000 3.715326099886e-09
145.690000000 3.708380478545e-09
145.700000000 3.701434857204e-09
145.710000000 3.694489235863e-09
145.720000000 3.687543614522e-09
145.730000000 3.680597993181e-09
145.740000000 2.622193599165e-09
145.750000000 5.124214789971e-09
145.760000000 2.224348293425e-10
145.770000000 8.772048210483e-09
145.780000000 -5.224870649293e-09
145.790000000 1.679130430344e-08
145.800000000 -1.755582119965e-08
145.810000000 3.877697586355e-08
145.820000000 -6.466913396768e-08
145.830000000 2.569191004306e-07
145.840000000 5.650559414870e-07
145.850000000 4.781087717064e-07
145.860000000 5.113669894228e-07
145.870000000 5.113600438015e-07
145.880000000 4.780879348424e-07
145.890000000 5.650212133803e-07
145.900000000 2.568704810812e-07
145.910000000 -6.473164455975e-08
145.920000000 3.870057402879e-08
145.930000000 -1.764611427708e-08
145.940000000 1.668711998332e-08
145.950000000 -5.342946212092e-09
145.960000000 8.640081405002e-09
145.970000000 7.657678117934e-11
145.980000000 4.964465499126e-09
145.990000000 2.448553065637e-09
146.000000000 3.493066216971e-09
146.010000000 3.486120595630e-09
146.020000000 3.479174974289e-09
146.030000000 3.472229352948e-09
146.040000000 3.465283731607e-09
146.050000000 3.458338110265e-09
146.060000000 3.451392488924e-09
146.070000000 3.444446867583e-09
146.080000000 3.437501246242e-09
146.090000000 3.430555624901e-09
146.100000000 3.423610003560e-09
146.110000000 3.416664382219e-09
146.120000000 3.409718760878e-09
146.130000000 3.402773139537e-09
146.140000000 3.395827518196e-09
146.150000000 3.388881896854e-09
146.160000000 3.381936275513e-09
146.170000000 3.374990654172e-09
146.180000000 3.368045032831e-09
146.190000000 3.361099411490e-09
146.200000000 3.354153790149e-09
146.210000000 3.347208168808e-09
146.220000000 3.340262547467e-09
146.230000000 3.333316926126e-09
146.240000000 3.326371304785e-09
146.250000000 3.319425683443e-09
146.260000000 3.312480062102e-09
146.270000000 3.305534440761e-09
146.280000000 3.298588819420e-09
146.290000000 3.291643198079e-09
146.300000000 3.284697576738e-09
146.310000000 3.277751955397e-09
146.320000000 3.270806334056e-09
146.330000000 3.263860712715e-09
146.340000000 3.256915091373e-09
146.350000000 3.249969470032e-09
146.360000000 3.243023848691e-09
146.370000000 3.236078227350e-09
146.380000000 3.229132606009e-09
146.390000000 3.222186984668e-09
146.400000000 3.215241363327e-09
146.410000000 3.208295741986e-09
146.420000000 3.201350120645e-09
146.430000000 3.194404499304e-09
146.440000000 3.187458877962e-09
146.450000000 4.231972029296e-09
146.460000000 1.716059595808e-09
146.470000000 6.603948313754e-09
146.480000000 -1.959556310068e-09
146.490000000 1.202347130703e-08
146.500000000 -1.000659488839e-08
146.510000000 2.432663937201e-08
146.520000000 -3.096859016118e-08
146.530000000 6.995466161521e-08
146.540000000 -2.467526296864e-07
146.550000000 -5.634599209881e-07
146.560000000 -4.625366692117e-07
146.570000000 -5.178318987449e-07
146.580000000 -4.834986644845e-07
146.590000000 -5.055287306799e-07
146.600000000 -4.925971618355e-07
146.610000000 -4.986516996471e-07
146.620000000 -4.986586452685e-07
146.630000000 -4.926179986995e-07
146.640000000 -5.055634587866e-07
146.650000000 -4.835472838339e-07
146.660000000 -5.178944093370e-07
146.670000000 -4.626130710464e-07
146.680000000 -5.635502140655e-07
146.690000000 -2.468568140066e-07
146.700000000 6.983658605241e-08
146.710000000 -3.110055696667e-08
146.720000000 2.418078132385e-08
146.730000000 -1.016634417924e-08
146.740000000 1.184983077350e-08
146.750000000 -3.198546858953e-09
146.760000000 7.860033334335e-09
146.770000000 -1.936580965582e-09
146.780000000 9.121999227706e-09
146.790000000 -4.874919632070e-09
146.800000000 1.463228850852e-08
146.810000000 -1.482000265528e-08
146.820000000 3.190477663275e-08
146.830000000 -5.504239314789e-08
146.840000000 2.396278863370e-07
146.850000000 5.906614662777e-07
146.860000000 4.344360393468e-07
146.870000000 5.906475750350e-07
146.880000000 2.396001038516e-07
146.890000000 -5.508406687593e-08
146.900000000 3.184921166202e-08
146.910000000 -1.594091764137e-08
146.920000000 1.600644909190e-08
146.930000000 -8.409484630660e-09
146.940000000 1.307864321624e-08
146.950000000 -8.423375873342e-09
146.960000000 1.597866660653e-08
146.970000000 -1.598259136942e-08
146.980000000 3.179364669129e-08
146.990000000 -5.515352308935e-08
147.000000000 2.395167563955e-07
147.010000000 5.905503363362e-07
147.020000000 4.343249094053e-07
147.030000000 5.905364450936e-07
147.040000000 2.394889739102e-07
147.050000000 -5.519519681739e-08
147.060000000 3.173808172057e-08
147.070000000 -1.500058881015e-08
147.080000000 1.443781111097e-08
147.090000000 -5.083288272303e-09
147.100000000 7.848280572116e-09
147.110000000 -7.152240517064e-10
147.120000000 4.172664666240e-09
147.130000000 1.656752232751e-09
147.140000000 2.701265384085e-09
147.150000000 2.694319762744e-09
147.160000000 2.687374141403e-09
147.170000000 2.680428520062e-09
147.180000000 2.673482898721e-09
147.190000000 2.666537277380e-09
147.200000000 2.659591656039e-09
147.210000000 2.652646034698e-09
147.220000000 2.645700413356e-09
147.230000000 2.638754792015e-09
147.240000000 2.631809170674e-09
147.250000000 2.624863549333e-09
147.260000000 1.566459155317e-09
147.270000000 4.068480346123e-09
147.280000000 -8.332996145052e-10
147.290000000 7.716313766635e-09
147.300000000 -6.280605093141e-09
147.310000000 1.678702863227e-08
147.320000000 -2.006906368297e-08
147.330000000 4.010710894684e-08
147.340000000 -6.938659307472e-08
147.350000000 2.612967802227e-07
147.360000000 5.570185184802e-07
147.370000000 4.879125885308e-07
147.380000000 4.928004772487e-07
147.390000000 5.508269901409e-07
147.400000000 2.701327926517e-07
147.410000000 -8.258759246241e-08
147.420000000 6.123239819821e-08
147.430000000 -5.424594958614e-08
147.440000000 8.352644888415e-08
147.450000000 -2.562554217642e-07
147.460000000 -5.589727398274e-07
147.470000000 -4.676575058262e-07
147.480000000 -5.155489342080e-07
147.490000000 -4.886195010990e-07
147.500000000 -5.010415495193e-07
147.510000000 -5.010484951406e-07
147.520000000 -4.875888791904e-07
147.530000000 -5.170411703542e-07
147.540000000 -4.642687988758e-07
147.550000000 -5.641544831222e-07
147.560000000 -2.464096242906e-07
147.570000000 6.777480895626e-08
147.580000000 -2.826749972353e-08
147.590000000 1.845727956451e-08
147.600000000 -1.899872700143e-09
147.610000000 -1.906818321484e-09
147.620000000 1.843644270048e-08
147.630000000 -2.830222783023e-08
147.640000000 6.667473083420e-08
147.650000000 -2.450146268431e-07
147.660000000 -5.676682112568e-07
147.670000000 -4.581884004779e-07
147.680000000 -5.274736032495e-07
147.690000000 -4.711172484150e-07
147.700000000 -5.274874944922e-07
147.710000000 -4.592676417359e-07
147.720000000 -5.662523769453e-07
147.730000000 -2.495589768864e-07
147.740000000 7.318201536293e-08
147.750000000 -4.069364212191e-08
147.760000000 3.661081674268e-08
147.770000000 -3.207648864215e-08
147.780000000 4.627942899512e-08
147.790000000 -7.115665407454e-08
147.800000000 2.589881393262e-07
147.810000000 5.622301460434e-07
147.820000000 4.777919430749e-07
147.830000000 5.099987020187e-07
147.840000000 5.099917563973e-07
147.850000000 4.767196474382e-07
147.860000000 5.636529259761e-07
147.870000000 2.555021936770e-07
147.880000000 -6.609993196394e-08
147.890000000 3.733228662460e-08
147.900000000 -1.901440168128e-08
147.910000000 1.531883257913e-08
147.920000000 -6.711233616290e-09
147.930000000 7.271794000805e-09
147.940000000 -1.291710623018e-09
147.950000000 3.596178094928e-09
147.960000000 1.080265661440e-09
147.970000000 2.124778812774e-09
147.980000000 2.117833191433e-09
147.990000000 2.110887570091e-09
148.000000000 2.103941948750e-09
148.010000000 2.096996327409e-09
148.020000000 2.090050706068e-09
148.030000000 2.083105084727e-09
148.040000000 2.076159463386e-09
148.050000000 2.069213842045e-09
148.060000000 2.062268220704e-09
148.070000000 2.055322599363e-09
148.080000000 2.048376978022e-09
148.090000000 2.041431356680e-09
148.100000000 2.034485735339e-09
148.110000000 3.078998886673e-09
148.120000000 5.630864531845e-10
148.130000000 5.450975171131e-09
148.140000000 -3.112529452691e-09
148.150000000 1.087049816440e-08
148.160000000 -1.115956803101e-08
148.170000000 2.317366622939e-08
148.180000000 -3.212156330381e-08
148.190000000 6.880168847259e-08
148.200000000 -2.479056028291e-07
148.210000000 -5.646128941307e-07
148.220000000 -4.647411011270e-07
148.230000000 -5.175273638480e-07
148.240000000 -4.880889639269e-07
148.250000000 -5.015624711198e-07
148.260000000 -5.015694167412e-07
148.270000000 -4.881098007909e-07
148.280000000 -5.175620919547e-07
148.290000000 -4.647897204764e-07
148.300000000 -5.646754047228e-07
148.310000000 -2.479820046638e-07
148.320000000 6.871139539515e-08
148.330000000 -3.222574762392e-08
148.340000000 2.305559066659e-08
148.350000000 -1.129153483649e-08
148.360000000 1.072464011624e-08
148.370000000 -3.272278743537e-09
148.380000000 5.277334637603e-09
148.390000000 3.755546769748e-10
148.400000000 2.877575867781e-09
148.410000000 7.677127010900e-10
148.420000000 3.269733891897e-09
148.430000000 -1.632046068732e-09
148.440000000 7.969026085083e-09
148.450000000 -8.536859586841e-09
148.460000000 1.837414970518e-08
148.470000000 -2.452953480039e-08
148.480000000 4.474177672856e-08
148.490000000 -7.821848686459e-08
148.500000000 2.728150930761e-07
148.510000000 5.342202092232e-07
148.520000000 5.342132636019e-07
148.530000000 2.727942562121e-07
148.540000000 -7.825321497129e-08
148.550000000 4.469315737918e-08
148.560000000 -2.459204539246e-08
148.570000000 1.829774787043e-08
148.580000000 -8.627152664275e-09
148.590000000 7.864841764967e-09
148.600000000 -1.750121631531e-09
148.610000000 3.137767086416e-09
148.620000000 6.218546529268e-10
148.630000000 1.666367804261e-09
148.640000000 1.659422182920e-09
148.650000000 1.652476561579e-09
148.660000000 1.645530940238e-09
148.670000000 1.638585318896e-09
148.680000000 1.631639697555e-09
148.690000000 1.624694076214e-09
148.700000000 1.617748454873e-09
148.710000000 1.610802833532e-09
148.720000000 1.603857212191e-09
148.730000000 1.596911590850e-09
148.740000000 1.589965969509e-09
148.750000000 1.583020348168e-09
148.760000000 1.576074726827e-09
148.770000000 1.569129105485e-09
148.780000000 1.562183484144e-09
148.790000000 1.555237862803e-09
148.800000000 1.548292241462e-09
148.810000000 1.541346620121e-09
148.820000000 1.534400998780e-09
148.830000000 1.527455377439e-09
148.840000000 1.520509756098e-09
148.850000000 1.513564134757e-09
148.860000000 1.506618513415e-09
148.870000000 1.499672892074e-09
148.880000000 1.492727270733e-09
148.890000000 1.485781649392e-09
148.900000000 1.478836028051e-09
148.910000000 1.471890406710e-09
148.920000000 1.464944785369e-09
148.930000000 1.457999164028e-09
148.940000000 1.451053542687e-09
148.950000000 1.444107921346e-09
148.960000000 1.437162300004e-09
148.970000000 1.430216678663e-09
148.980000000 1.423271057322e-09
148.990000000 1.416325435981e-09
149.000000000 1.409379814640e-09
149.010000000 1.402434193299e-09
149.020000000 1.395488571958e-09
149.030000000 1.388542950617e-09
149.040000000 3.301385566005e-10
149.050000000 2.832159747407e-09
149.060000000 -2.069620213222e-09
149.070000000 6.479993167919e-09
149.080000000 -7.516925691858e-09
149.090000000 1.449924926088e-08
149.100000000 -1.984787624221e-08
149.110000000 3.648492082098e-08
149.120000000 -6.696118901024e-08
149.130000000 2.546270453880e-07
149.140000000 5.627638864445e-07
149.150000000 4.758167166638e-07
149.160000000 5.090749343803e-07
149.170000000 5.090679887589e-07
149.180000000 4.757958797998e-07
149.190000000 5.627291583378e-07
149.200000000 2.545784260386e-07
149.210000000 -6.702369960231e-08
149.220000000 3.640851898623e-08
149.230000000 -1.993816931964e-08
149.240000000 1.439506494076e-08
149.250000000 -7.635001254656e-09
149.260000000 6.348026362438e-09
149.270000000 -2.215478261385e-09
149.280000000 2.672410456562e-09
149.290000000 1.564980230729e-10
149.300000000 1.201011174407e-09
149.310000000 1.194065553066e-09
149.320000000 1.187119931725e-09
149.330000000 1.180174310384e-09
149.340000000 1.173228689043e-09
149.350000000 1.166283067701e-09
149.360000000 1.159337446360e-09
149.370000000 1.152391825019e-09
149.380000000 1.145446203678e-09
149.390000000 1.138500582337e-09
149.400000000 1.131554960996e-09
149.410000000 1.124609339655e-09
149.420000000 6.620494563860e-11
149.430000000 2.568226136445e-09
149.440000000 -1.282095051508e-09
149.450000000 4.758551517484e-09
149.460000000 -4.343533003004e-09
149.470000000 9.116082947248e-09
149.480000000 -1.124106931740e-08
149.490000000 2.201714839904e-08
149.500000000 -4.457981473829e-08
149.510000000 2.168253014088e-07
149.520000000 6.344488988655e-07
149.530000000 2.168114101661e-07
149.540000000 -4.460759722366e-08
149.550000000 2.197547467099e-08
149.560000000 -1.129663428813e-08
149.570000000 9.046626733837e-09
149.580000000 -5.478339231773e-09
149.590000000 6.118820858181e-09
149.600000000 -4.830551292781e-09
149.610000000 7.562437654972e-09
149.620000000 -8.943448016952e-09
149.630000000 1.517564448113e-08
149.640000000 -2.168044783410e-08
149.650000000 3.849572479570e-08
149.660000000 -7.099797722586e-08
149.670000000 2.596853960715e-07
149.680000000 5.543556755564e-07
149.690000000 4.877587124191e-07
149.700000000 4.888032255704e-07
149.710000000 5.528773306529e-07
149.720000000 2.630879942646e-07
149.730000000 -7.616582927791e-08
149.740000000 4.730395473940e-08
149.750000000 -3.490922970716e-08
149.760000000 3.627315124714e-08
149.770000000 -4.209665763281e-08
149.780000000 7.281656738202e-08
149.790000000 -2.524472829221e-07
149.800000000 -5.642597398845e-07
149.810000000 -4.658454549202e-07
149.820000000 -5.200892256807e-07
149.830000000 -4.857559914203e-07
149.840000000 -5.077860576158e-07
149.850000000 -4.948544887713e-07
149.860000000 -5.009090265830e-07
149.870000000 -5.009159722043e-07
149.880000000 -4.948753256354e-07
149.890000000 -5.088722444951e-07
149.900000000 -4.843471027303e-07
149.910000000 -5.235890625726e-07
149.920000000 -4.597511652796e-07
149.930000000 -5.746782815371e-07
149.940000000 -2.359617609041e-07
149.950000000 4.639145927311e-08
149.960000000 1.794058938569e-09
149.970000000 -4.636376698080e-08
149.980000000 2.408842875357e-07
149.990000000 5.710442491663e-07
150.000000000 4.701071061472e-07
150.010000000 5.119218828661e-07
150.020000000 5.070201029055e-07
150.030000000 4.762569607585e-07
150.040000000 5.621387805238e-07
150.050000000 2.539880482246e-07
150.060000000 -6.761407741631e-08
150.070000000 3.581814117224e-08
150.080000000 -2.052854713364e-08
150.090000000 1.380468712677e-08
150.100000000 -8.225379068650e-09
150.110000000 5.757648548444e-09
150.120000000 -2.805856075378e-09
150.130000000 2.082032642568e-09
150.140000000 -4.338797909208e-10
150.150000000 6.106333604132e-10
150.160000000 6.036877390721e-10
150.170000000 5.967421177310e-10
150.180000000 5.897964963899e-10
150.190000000 5.828508750488e-10
150.200000000 5.759052537077e-10
150.210000000 5.689596323666e-10
150.220000000 5.620140110255e-10
150.230000000 5.550683896844e-10
150.240000000 5.481227683433e-10
150.250000000 5.411771470022e-10
150.260000000 -5.172272470141e-10
150.270000000 1.984793943793e-09
150.280000000 -2.916986016836e-09
150.290000000 6.684086136979e-09
150.300000000 -9.821799534945e-09
150.310000000 1.708920975708e-08
150.320000000 -2.581447474849e-08
150.330000000 4.345683678046e-08
150.340000000 -7.950342681269e-08
150.350000000 2.715301531280e-07
150.360000000 5.329352692751e-07
150.370000000 5.329283236538e-07
150.380000000 2.715093162640e-07
150.390000000 -7.953815491940e-08
150.400000000 4.340821743107e-08
150.410000000 -2.587698534056e-08
150.420000000 1.701280792232e-08
150.430000000 -9.912092612379e-09
150.440000000 6.579901816863e-09
150.450000000 -3.035061579635e-09
150.460000000 1.852827138312e-09
150.470000000 -6.630852951772e-10
150.480000000 3.814278561568e-10
150.490000000 3.744822348157e-10
150.500000000 3.675366134746e-10
150.510000000 3.605909921335e-10
150.520000000 3.536453707924e-10
150.530000000 3.466997494513e-10
150.540000000 3.397541281102e-10
150.550000000 3.328085067691e-10
150.560000000 3.258628854280e-10
150.570000000 3.189172640869e-10
150.580000000 3.119716427458e-10
150.590000000 3.050260214046e-10
150.600000000 2.980804000636e-10
150.610000000 2.911347787224e-10
150.620000000 2.841891573813e-10
150.630000000 2.772435360402e-10
150.640000000 2.702979146991e-10
150.650000000 2.633522933580e-10
150.660000000 2.564066720169e-10
150.670000000 2.494610506758e-10
150.680000000 2.425154293347e-10
150.690000000 2.355698079936e-10
150.700000000 2.286241866525e-10
150.710000000 2.216785653114e-10
150.720000000 2.147329439703e-10
150.730000000 2.077873226292e-10
150.740000000 2.008417012881e-10
150.750000000 1.938960799470e-10
150.760000000 1.869504586059e-10
150.770000000 1.800048372648e-10
150.780000000 1.730592159237e-10
150.790000000 1.661135945826e-10
150.800000000 1.591679732415e-10
150.810000000 1.522223519004e-10
150.820000000 1.452767305593e-10
150.830000000 1.383311092182e-10
150.840000000 1.313854878771e-10
150.850000000 1.244398665360e-10
150.860000000 1.174942451949e-10
150.870000000 1.105486238538e-10
150.880000000 1.036030025127e-10
150.890000000 9.665738117156e-11
150.900000000 8.971175983045e-11
150.910000000 8.276613848935e-11
150.920000000 7.582051714825e-11
150.930000000 6.887489580713e-11
150.940000000 6.192927446604e-11
150.950000000 5.498365312494e-11
150.960000000 4.803803178382e-11
150.970000000 4.109241044274e-11
150.980000000 3.414678910163e-11
150.990000000 2.720116776052e-11
151.000000000 2.025554641942e-11
151.010000000 1.330992507832e-11
151.020000000 6.364303737214e-12
151.030000000 -5.813176038968e-13
151.040000000 -7.526938944985e-12
151.050000000 -1.447256028610e-11
151.060000000 -2.141818162720e-11
151.070000000 -2.836380296829e-11
151.080000000 -3.530942430941e-11
151.090000000 -4.225504565051e-11
151.100000000 -4.920066699161e-11
151.110000000 -5.614628833272e-11
151.120000000 -6.309190967383e-11
151.130000000 -7.003753101492e-11
151.140000000 -7.698315235602e-11
151.150000000 -8.392877369714e-11
151.160000000 -1.142333167713e-09
151.170000000 1.359688023093e-09
151.180000000 -3.542091937535e-09
151.190000000 5.007521443605e-09
151.200000000 -8.989397416171e-09
151.210000000 1.407823630924e-08
151.220000000 -2.277785600600e-08
151.230000000 3.739831662381e-08
151.240000000 -7.209538539775e-08
151.250000000 2.585879878996e-07
151.260000000 5.532582673845e-07
151.270000000 4.866613042472e-07
151.280000000 4.866543586259e-07
151.290000000 5.521859717478e-07
151.300000000 2.600107678324e-07
151.310000000 -7.558133104695e-08
151.320000000 4.245503873440e-08
151.330000000 -3.172499837652e-08
151.340000000 2.714032327011e-08
151.350000000 -3.028138157973e-08
151.360000000 3.898992994922e-08
151.370000000 -7.050377207233e-08
151.380000000 2.510844623259e-07
151.390000000 5.652688955727e-07
151.400000000 4.653832113263e-07
151.410000000 5.206645496168e-07
151.420000000 4.863174241138e-07
151.430000000 5.083335990665e-07
151.440000000 4.953881389794e-07
151.450000000 5.014287855484e-07
151.460000000 5.014218399270e-07
151.470000000 4.953673021154e-07
151.480000000 5.093503297325e-07
151.490000000 4.848112967249e-07
151.500000000 5.240393653246e-07
151.510000000 4.601875767889e-07
151.520000000 5.751008018037e-07
151.530000000 2.353189311553e-07
151.540000000 -4.348775467973e-08
151.550000000 -5.256587966629e-09
151.560000000 5.382977323968e-08
151.570000000 -2.510838704211e-07
151.580000000 -5.538011884843e-07
151.590000000 -4.952512639253e-07
151.600000000 -4.694745886674e-07
151.610000000 -5.864650013773e-07
151.620000000 -1.933734913068e-07
151.630000000 -1.783390049171e-07
151.640000000 -6.045330526189e-07
151.650000000 -4.434266825914e-07
151.660000000 -5.355710588185e-07
151.670000000 -4.792147039840e-07
151.680000000 -5.127257766057e-07
151.690000000 -4.950810243254e-07
151.700000000 -4.999828042860e-07
151.710000000 -5.065759219944e-07
151.720000000 -4.881201726265e-07
151.730000000 -5.214158393569e-07
151.740000000 -4.661345010664e-07
151.750000000 -5.670716440854e-07
151.760000000 -2.503782440265e-07
151.770000000 6.631515603247e-08
151.780000000 -3.462198698660e-08
151.790000000 2.065935130391e-08
151.800000000 -1.368777419917e-08
151.810000000 8.328400753559e-09
151.820000000 -5.668518106217e-09
151.830000000 2.881095274923e-09
151.840000000 -2.020684685706e-09
151.850000000 4.813365051008e-10
151.860000000 -5.770678889155e-10
151.870000000 -5.840135102566e-10
151.880000000 -5.909591315977e-10
151.890000000 -5.979047529388e-10
151.900000000 -6.048503742799e-10
151.910000000 -6.117959956210e-10
151.920000000 -6.187416169621e-10
151.930000000 -6.256872383032e-10
151.940000000 -6.326328596443e-10
151.950000000 -6.395784809854e-10
151.960000000 -6.465241023265e-10
151.970000000 -6.534697236676e-10
151.980000000 -6.604153450087e-10
151.990000000 -6.673609663498e-10
152.000000000 -6.743065876909e-10
152.010000000 -6.812522090320e-10
152.020000000 -6.881978303731e-10
152.030000000 -6.951434517142e-10
152.040000000 -7.020890730553e-10
152.050000000 -7.090346943964e-10
152.060000000 -7.159803157375e-10
152.070000000 -7.229259370786e-10
152.080000000 -7.298715584197e-10
152.090000000 -7.368171797608e-10
152.100000000 -7.437628011019e-10
152.110000000 -7.507084224430e-10
152.120000000 -7.576540437841e-10
152.130000000 -7.645996651252e-10
152.140000000 -7.715452864663e-10
152.150000000 -7.784909078075e-10
152.160000000 -7.854365291485e-10
152.170000000 -7.923821504896e-10
152.180000000 -7.993277718308e-10
152.190000000 -8.062733931719e-10
152.200000000 -8.132190145130e-10
152.210000000 -8.201646358541e-10
152.220000000 -8.271102571952e-10
152.230000000 -8.340558785363e-10
152.240000000 -8.410014998774e-10
152.250000000 -8.479471212185e-10
152.260000000 -8.548927425596e-10
152.270000000 -8.618383639007e-10
152.280000000 -8.687839852418e-10
152.290000000 -8.757296065829e-10
152.300000000 -8.826752279240e-10
152.310000000 -8.896208492651e-10
152.320000000 -8.965664706062e-10
152.330000000 1.479466807278e-10
152.340000000 -2.367965752761e-09
152.350000000 2.519922965185e-09
152.360000000 -6.043581658637e-09
152.370000000 7.939445958457e-09
152.380000000 -1.409062023696e-08
152.390000000 2.024261402345e-08
152.400000000 -3.505261550975e-08
152.410000000 6.587063626664e-08
152.420000000 -2.508366550350e-07
152.430000000 -5.675439463366e-07
152.440000000 -4.666206945603e-07
152.450000000 -5.219159240934e-07
152.460000000 -4.875826898330e-07
152.470000000 -5.096127560285e-07
152.480000000 -4.956297284114e-07
152.490000000 -5.041932330352e-07
152.500000000 -4.993053443172e-07
152.510000000 -5.018212567507e-07
152.520000000 -5.007767435994e-07
152.530000000 -5.018351479934e-07
152.540000000 -4.993331268026e-07
152.550000000 -5.042349067632e-07
152.560000000 -4.956852933821e-07
152.570000000 -5.107336710145e-07
152.580000000 -4.862085292497e-07
152.590000000 -5.254504890920e-07
152.600000000 -4.616125917990e-07
152.610000000 -5.765397080566e-07
152.620000000 -2.378231874235e-07
152.630000000 4.453003275370e-08
152.640000000 -1.118826353521e-09
152.650000000 -4.676768546074e-08
152.660000000 2.355855347165e-07
152.670000000 5.743020553495e-07
152.680000000 4.593749390920e-07
152.690000000 5.242642951577e-07
152.700000000 4.825133685032e-07
152.710000000 5.119333446073e-07
152.720000000 4.883284079724e-07
152.730000000 5.108679945920e-07
152.740000000 4.839430940573e-07
152.750000000 5.207852951298e-07
152.760000000 4.644386068239e-07
152.770000000 5.664133173730e-07
152.780000000 2.471970592592e-07
152.790000000 -6.461539770314e-08
152.800000000 2.775129507077e-08
152.810000000 -1.355396122399e-08
152.820000000 -1.243847537661e-09
152.830000000 1.001480737599e-08
152.840000000 -2.878148210662e-08
152.850000000 5.869037632800e-08
152.860000000 -2.445655216319e-07
152.870000000 -5.777717529841e-07
152.880000000 -4.537739218610e-07
152.890000000 -5.434093312759e-07
152.900000000 -4.537878131036e-07
152.910000000 -5.767480766968e-07
152.920000000 -2.460647033994e-07
152.930000000 6.207213765709e-08
152.940000000 -3.397017102270e-08
152.950000000 1.880220045567e-08
152.960000000 -1.449346627474e-08
152.970000000 7.522708677991e-09
152.980000000 -6.474210181785e-09
152.990000000 2.075403199355e-09
153.000000000 -2.826376761274e-09
153.010000000 -3.243555704672e-10
153.020000000 -3.313011918083e-10
153.030000000 -2.847213625297e-09
153.040000000 2.040675092649e-09
153.050000000 -6.522829531173e-09
153.060000000 7.460198085921e-09
153.070000000 -1.456986810949e-08
153.080000000 1.871190737823e-08
153.090000000 -3.407435534282e-08
153.100000000 6.195406209429e-08
153.110000000 -2.461966702049e-07
153.120000000 -5.768939347449e-07
153.130000000 -4.549990211672e-07
153.140000000 -5.421254637700e-07
153.150000000 -4.573987799370e-07
153.160000000 -5.718024845276e-07
153.170000000 -2.551090844687e-07
153.180000000 7.505087716187e-08
153.190000000 -5.533161139967e-08
153.200000000 5.272904399056e-08
153.210000000 -8.149682013759e-08
153.220000000 2.572197004954e-07
153.230000000 5.599231273160e-07
153.240000000 4.685940020721e-07
153.250000000 5.164715392111e-07
153.260000000 4.895282148595e-07
153.270000000 5.019363720371e-07
153.280000000 5.019294264157e-07
153.290000000 4.884559192228e-07
153.300000000 5.178943191439e-07
153.310000000 4.651080564229e-07
153.320000000 5.649798494266e-07
153.330000000 2.482725581249e-07
153.340000000 -6.843473317671e-08
153.350000000 3.248851859968e-08
153.360000000 -2.280671093352e-08
153.370000000 1.152652332688e-08
153.380000000 -1.050354286853e-08
153.390000000 3.479484748562e-09
153.400000000 -5.084019875260e-09
153.410000000 -1.961311573138e-10
153.420000000 -2.712043590803e-09
153.430000000 -1.667530439469e-09
153.440000000 -1.674476060810e-09
153.450000000 -1.681421682151e-09
153.460000000 -1.688367303492e-09
153.470000000 -2.746771697508e-09
153.480000000 -2.447505067016e-10
153.490000000 -5.146530467330e-09
153.500000000 3.403082913810e-09
153.510000000 -1.059383594597e-08
153.520000000 1.247379777944e-08
153.530000000 -2.438229453579e-08
153.540000000 3.579387809401e-08
153.550000000 -7.264836515487e-08
153.560000000 2.555260413304e-07
153.570000000 5.550911551546e-07
153.580000000 4.799376330147e-07
153.590000000 4.939206606318e-07
153.600000000 5.384806119524e-07
153.610000000 2.781366211066e-07
153.620000000 -1.078489273453e-07
153.630000000 1.015096220586e-07
153.640000000 -2.728718206821e-07
153.650000000 -5.576247996291e-07
153.660000000 -4.712195681970e-07
153.670000000 -5.265147977302e-07
153.680000000 -4.787150018982e-07
153.690000000 -5.301904136360e-07
153.700000000 -4.634280689192e-07
153.710000000 -5.718703121681e-07
153.720000000 -2.502820777699e-07
153.730000000 6.390235547694e-08
153.740000000 -3.598332876946e-08
153.750000000 1.929800952106e-08
153.760000000 -1.504911598203e-08
153.770000000 6.967058970703e-09
153.780000000 -7.029859889074e-09
153.790000000 1.519753492067e-09
153.800000000 -3.382026468562e-09
153.810000000 -8.800052777554e-10
153.820000000 -1.938409671772e-09
153.830000000 -1.945355293113e-09
153.840000000 -1.952300914454e-09
153.850000000 -1.959246535795e-09
153.860000000 -1.966192157136e-09
153.870000000 -1.973137778477e-09
153.880000000 -9.286246271432e-10
153.890000000 -4.495995833307e-09
153.900000000 2.900859696787e-09
153.910000000 -1.055747926632e-08
153.920000000 1.198210735325e-08
153.930000000 -2.403793208060e-08
153.940000000 3.231842275388e-08
153.950000000 -5.731698666106e-08
153.960000000 9.889454902719e-08
153.970000000 -3.187429396722e-07
153.980000000 -3.187498852935e-07
153.990000000 9.887371216316e-08
154.000000000 -5.840317354044e-08
154.010000000 3.372731144396e-08
154.020000000 -2.753776897248e-08
154.030000000 1.702493822117e-08
154.040000000 -1.951851287953e-08
154.050000000 1.594905541498e-08
154.060000000 -2.580187123954e-08
154.070000000 3.303989263579e-08
154.080000000 -6.789725038328e-08
154.090000000 2.462871828635e-07
154.100000000 5.678754172618e-07
154.110000000 4.583817152402e-07
154.120000000 5.276530267692e-07
154.130000000 4.712827806920e-07
154.140000000 5.276391355265e-07
154.150000000 4.583539327549e-07
154.160000000 5.678337435337e-07
154.170000000 2.462316178928e-07
154.180000000 -6.901816536937e-08
154.190000000 3.336259444650e-08
154.200000000 -2.682746942599e-08
154.210000000 1.606232383690e-08
154.220000000 -1.995771559695e-08
154.230000000 1.709989136689e-08
154.240000000 -2.831275995082e-08
154.250000000 3.675824701827e-08
154.260000000 -7.524442181544e-08
154.270000000 2.564904102546e-07
154.280000000 5.511606897395e-07
154.290000000 4.845637266022e-07
154.300000000 4.845567809808e-07
154.310000000 5.511398528755e-07
154.320000000 2.564556821479e-07
154.330000000 -7.424158239215e-08
154.340000000 3.523822838672e-08
154.350000000 -2.600329425844e-08
154.360000000 1.334787362626e-08
154.370000000 -1.462848568112e-08
154.380000000 8.962559711135e-09
154.390000000 -1.609988496327e-08
154.400000000 1.570595866804e-08
154.410000000 -2.970669264968e-08
154.420000000 4.061607765195e-08
154.430000000 -8.234418594120e-08
154.440000000 2.686893939995e-07
154.450000000 5.300945101466e-07
154.460000000 5.300875645253e-07
154.470000000 2.686685571355e-07
154.480000000 -8.237891404791e-08
154.490000000 4.056745830256e-08
154.500000000 -2.871774446907e-08
154.510000000 1.417204879381e-08
154.520000000 -1.275285174089e-08
154.530000000 3.739142688352e-09
154.540000000 -5.875820708146e-09
154.550000000 -9.879319901996e-10
154.560000000 -3.503844423688e-09
154.570000000 -2.459331272354e-09
154.580000000 -2.466276893696e-09
154.590000000 -2.473222515037e-09
154.600000000 -2.480168136378e-09
154.610000000 -2.487113757719e-09
154.620000000 -2.494059379060e-09
154.630000000 -2.501005000401e-09
154.640000000 -2.507950621742e-09
154.650000000 -2.514896243083e-09
154.660000000 -2.521841864424e-09
154.670000000 -2.528787485765e-09
154.680000000 -2.535733107107e-09
154.690000000 -2.542678728448e-09
154.700000000 -2.549624349789e-09
154.710000000 -2.556569971130e-09
154.720000000 -2.563515592471e-09
154.730000000 -2.570461213812e-09
154.740000000 -2.577406835153e-09
154.750000000 -2.584352456494e-09
154.760000000 -2.591298077835e-09
154.770000000 -2.598243699176e-09
154.780000000 -1.553730547842e-09
154.790000000 -4.069642981331e-09
154.800000000 8.182457366152e-10
154.810000000 -7.745258887207e-09
154.820000000 6.237768729887e-09
154.830000000 -1.579229746553e-08
154.840000000 1.854093679487e-08
154.850000000 -3.780575151100e-08
154.860000000 6.562646707754e-08
154.870000000 -2.559756585634e-07
154.880000000 -5.641263908625e-07
154.890000000 -4.771931123246e-07
154.900000000 -5.104652212837e-07
154.910000000 -5.104721669051e-07
154.920000000 -4.772139491886e-07
154.930000000 -5.641611189693e-07
154.940000000 -2.560242779128e-07
154.950000000 6.556395648547e-08
154.960000000 -3.788215334575e-08
154.970000000 1.845064371744e-08
154.980000000 -1.589648178565e-08
154.990000000 6.119693167088e-09
155.000000000 -7.877225692688e-09
155.010000000 6.723876884520e-10
155.020000000 -4.229392272177e-09
155.030000000 -1.727371081370e-09
155.040000000 -2.785775475386e-09
155.050000000 -2.792721096727e-09
155.060000000 -2.799666718068e-09
155.070000000 -2.806612339410e-09
155.080000000 -2.813557960751e-09
155.090000000 -2.820503582092e-09
155.100000000 -2.827449203433e-09
155.110000000 -2.834394824774e-09
155.120000000 -2.841340446115e-09
155.130000000 -3.899744840131e-09
155.140000000 -1.397723649325e-09
155.150000000 -6.299503609953e-09
155.160000000 2.250109771187e-09
155.170000000 -1.174680908859e-08
155.180000000 1.026936586414e-08
155.190000000 -2.302630086627e-08
155.200000000 2.974607061210e-08
155.210000000 -6.629623806769e-08
155.220000000 2.418406029888e-07
155.230000000 5.725239762862e-07
155.240000000 4.485122539204e-07
155.250000000 5.406427389048e-07
155.260000000 4.461124951505e-07
155.270000000 5.786668852762e-07
155.280000000 2.314706806855e-07
155.290000000 -4.976209670029e-08
155.300000000 3.369581852585e-09
155.310000000 1.986157628183e-08
155.320000000 -6.980996620225e-08
155.330000000 2.592004931644e-07
155.340000000 5.345955825499e-07
155.350000000 5.260320779261e-07
155.360000000 2.695079048756e-07
155.370000000 -8.404853311994e-08
155.380000000 3.994929800320e-08
155.390000000 -2.933590476843e-08
155.400000000 1.355388849445e-08
155.410000000 -1.337101204025e-08
155.420000000 3.120982388993e-09
155.430000000 -6.493981007504e-09
155.440000000 -1.606092289558e-09
155.450000000 -4.122004723047e-09
155.460000000 -3.077491571713e-09
155.470000000 -3.084437193054e-09
155.480000000 -3.091382814395e-09
155.490000000 -3.098328435736e-09
155.500000000 -3.105274057077e-09
155.510000000 -3.112219678418e-09
155.520000000 -3.119165299759e-09
155.530000000 -3.126110921100e-09
155.540000000 -2.081597769766e-09
155.550000000 -4.597510203255e-09
155.560000000 2.903785146914e-10
155.570000000 -8.273126109131e-09
155.580000000 5.709901507963e-09
155.590000000 -1.737162346013e-08
155.600000000 1.947057761242e-08
155.610000000 -4.071948626006e-08
155.620000000 6.876032451881e-08
155.630000000 -2.619369400213e-07
155.640000000 -5.566211107488e-07
155.650000000 -4.900380388542e-07
155.660000000 -4.900449844755e-07
155.670000000 -5.566419476129e-07
155.680000000 -2.619716681280e-07
155.690000000 6.871170516942e-08
155.700000000 -4.078199685213e-08
155.710000000 1.939417577767e-08
155.720000000 -1.746191653756e-08
155.730000000 5.605717187846e-09
155.740000000 -8.391201671930e-09
155.750000000 1.584117092104e-10
155.760000000 -4.743368251418e-09
155.770000000 -2.241347060612e-09
155.780000000 -3.299751454628e-09
155.790000000 -3.306697075969e-09
155.800000000 -3.313642697310e-09
155.810000000 -3.320588318651e-09
155.820000000 -3.327533939992e-09
155.830000000 -3.334479561333e-09
155.840000000 -3.341425182675e-09
155.850000000 -3.348370804016e-09
155.860000000 -3.355316425357e-09
155.870000000 -3.362262046698e-09
155.880000000 -3.369207668039e-09
155.890000000 -3.376153289380e-09
155.900000000 -3.383098910721e-09
155.910000000 -3.390044532062e-09
155.920000000 -3.396990153403e-09
155.930000000 -3.403935774744e-09
155.940000000 -3.410881396086e-09
155.950000000 -3.417827017427e-09
155.960000000 -3.424772638768e-09
155.970000000 -3.431718260109e-09
155.980000000 -3.438663881450e-09
155.990000000 -3.445609502791e-09
156.000000000 -3.452555124132e-09
156.010000000 -3.459500745473e-09
156.020000000 -3.466446366814e-09
156.030000000 -3.473391988155e-09
156.040000000 -3.480337609497e-09
156.050000000 -3.487283230838e-09
156.060000000 -2.442770079504e-09
156.070000000 -4.958682512992e-09
156.080000000 -7.079379504601e-11
156.090000000 -8.634298418869e-09
156.100000000 5.348729198226e-09
156.110000000 -1.773279576987e-08
156.120000000 1.910940530269e-08
156.130000000 -4.108065856980e-08
156.140000000 6.839915220907e-08
156.150000000 -2.622981123310e-07
156.160000000 -5.569822830586e-07
156.170000000 -4.893477523912e-07
156.180000000 -4.918636648247e-07
156.190000000 -5.535657936228e-07
156.200000000 -2.674520731404e-07
156.210000000 7.722127339546e-08
156.220000000 -5.429554920018e-08
156.230000000 4.022080331137e-08
156.240000000 -5.192357291572e-08
156.250000000 7.102279943475e-08
156.260000000 -2.571654982932e-07
156.270000000 -5.702110649316e-07
156.280000000 -4.656260884920e-07
156.290000000 -5.324023244515e-07
156.300000000 -4.770974283897e-07
156.310000000 -5.334676744669e-07
156.320000000 -4.641963629379e-07
156.330000000 -5.736900649595e-07
156.340000000 -2.521018305612e-07
156.350000000 6.208260268557e-08
156.360000000 -3.780308156083e-08
156.370000000 1.747825672969e-08
156.380000000 -1.686886877340e-08
156.390000000 5.147306179334e-09
156.400000000 -8.849612680443e-09
156.410000000 -2.999992993024e-10
156.420000000 -5.201779259931e-09
156.430000000 -2.699758069124e-09
156.440000000 -3.758162463141e-09
156.450000000 -3.765108084482e-09
156.460000000 -3.772053705823e-09
156.470000000 -3.778999327164e-09
156.480000000 -3.785944948505e-09
156.490000000 -3.792890569846e-09
156.500000000 -3.799836191187e-09
156.510000000 -3.806781812528e-09
156.520000000 -3.813727433870e-09
156.530000000 -3.820673055211e-09
156.540000000 -3.827618676552e-09
156.550000000 -3.834564297893e-09
156.560000000 -3.841509919234e-09
156.570000000 -3.848455540575e-09
156.580000000 -3.855401161916e-09
156.590000000 -3.862346783257e-09
156.600000000 -3.869292404598e-09
156.610000000 -3.876238025939e-09
156.620000000 -3.883183647281e-09
156.630000000 -3.890129268622e-09
156.640000000 -3.897074889963e-09
156.650000000 -3.904020511304e-09
156.660000000 -3.910966132645e-09
156.670000000 -3.917911753986e-09
156.680000000 -3.924857375327e-09
156.690000000 -3.931802996668e-09
156.700000000 -3.938748618009e-09
156.710000000 -3.945694239350e-09
156.720000000 -3.952639860692e-09
156.730000000 -3.959585482033e-09
156.740000000 -5.017989876049e-09
156.750000000 -2.515968685242e-09
156.760000000 -7.417748645871e-09
156.770000000 1.131864735269e-09
156.780000000 -1.181359535183e-08
156.790000000 7.693612788754e-09
156.800000000 -2.175867837504e-08
156.810000000 2.496610091299e-08
156.820000000 -6.198106886765e-08
156.830000000 2.326892106172e-07
156.840000000 5.837227905579e-07
156.850000000 4.274973636270e-07
156.860000000 5.837088993153e-07
156.870000000 2.326614281319e-07
156.880000000 -6.202274259570e-08
156.890000000 2.491053594226e-08
156.900000000 -2.182813458846e-08
156.910000000 7.610265332661e-09
156.920000000 -1.191083405061e-08
156.930000000 1.020734793812e-09
156.940000000 -7.542769830011e-09
156.950000000 -2.654881112064e-09
156.960000000 -5.170793545553e-09
156.970000000 -4.126280394219e-09
156.980000000 -4.133226015560e-09
156.990000000 -4.140171636901e-09
157.000000000 -4.147117258242e-09
157.010000000 -4.154062879584e-09
157.020000000 -4.161008500925e-09
157.030000000 -4.167954122266e-09
157.040000000 -4.174899743607e-09
157.050000000 -4.181845364948e-09
157.060000000 -4.188790986289e-09
157.070000000 -4.195736607630e-09
157.080000000 -4.202682228971e-09
157.090000000 -4.209627850312e-09
157.100000000 -4.216573471654e-09
157.110000000 -4.223519092995e-09
157.120000000 -4.230464714336e-09
157.130000000 -4.237410335677e-09
157.140000000 -4.244355957018e-09
157.150000000 -4.251301578359e-09
157.160000000 -4.258247199700e-09
157.170000000 -4.265192821041e-09
157.180000000 -4.272138442382e-09
157.190000000 -4.279084063723e-09
157.200000000 -4.286029685065e-09
157.210000000 -3.241516533731e-09
157.220000000 -6.808887739894e-09
157.230000000 5.879677901997e-10
157.240000000 -1.287037117291e-08
157.250000000 9.669215446665e-09
157.260000000 -2.635082398719e-08
157.270000000 3.000553084729e-08
157.280000000 -5.962987856765e-08
157.290000000 9.658165712060e-08
157.300000000 -3.210558315788e-07
157.310000000 -3.210627772001e-07
157.320000000 9.656082025658e-08
157.330000000 -5.966460667436e-08
157.340000000 2.995691149790e-08
157.350000000 -2.641333457926e-08
157.360000000 9.592813611913e-09
157.370000000 -1.296066425034e-08
157.380000000 4.837834700832e-10
157.390000000 -6.926963302693e-09
157.400000000 -3.373483339211e-09
157.410000000 -4.431887733228e-09
157.420000000 -4.438833354569e-09
157.430000000 -4.445778975910e-09
157.440000000 -4.452724597251e-09
157.450000000 -4.459670218592e-09
157.460000000 -4.466615839933e-09
157.470000000 -4.473561461274e-09
157.480000000 -4.480507082615e-09
157.490000000 -4.487452703957e-09
157.500000000 -4.494398325298e-09
157.510000000 -4.501343946639e-09
157.520000000 -4.508289567980e-09
157.530000000 -4.515235189321e-09
157.540000000 -4.522180810662e-09
157.550000000 -4.529126432003e-09
157.560000000 -4.536072053344e-09
157.570000000 -4.543017674685e-09
157.580000000 -4.549963296026e-09
157.590000000 -4.556908917368e-09
157.600000000 -4.563854538709e-09
157.610000000 -4.570800160050e-09
157.620000000 -4.577745781391e-09
157.630000000 -4.584691402732e-09
157.640000000 -4.591637024073e-09
157.650000000 -4.598582645414e-09
157.660000000 -4.605528266755e-09
157.670000000 -4.612473888096e-09
157.680000000 -4.619419509438e-09
157.690000000 -4.626365130779e-09
157.700000000 -4.633310752120e-09
157.710000000 -4.640256373461e-09
157.720000000 -4.647201994802e-09
157.730000000 -4.654147616143e-09
157.740000000 -4.661093237484e-09
157.750000000 -4.668038858825e-09
157.760000000 -4.674984480166e-09
157.770000000 -4.681930101507e-09
157.780000000 -4.688875722849e-09
157.790000000 -4.695821344190e-09
157.800000000 -4.702766965531e-09
157.810000000 -4.709712586872e-09
157.820000000 -4.716658208213e-09
157.830000000 -4.723603829554e-09
157.840000000 -4.730549450895e-09
157.850000000 -4.737495072236e-09
157.860000000 -4.744440693577e-09
157.870000000 -4.751386314918e-09
157.880000000 -4.758331936260e-09
157.890000000 -4.765277557601e-09
157.900000000 -4.772223178942e-09
157.910000000 -4.779168800283e-09
157.920000000 -4.786114421624e-09
157.930000000 -4.793060042965e-09
157.940000000 -4.800005664306e-09
157.950000000 -4.806951285647e-09
157.960000000 -4.813896906988e-09
157.970000000 -4.820842528329e-09
157.980000000 -4.827788149671e-09
157.990000000 -4.834733771012e-09
158.000000000 -4.841679392353e-09
158.010000000 -4.848625013694e-09
158.020000000 -4.855570635035e-09
158.030000000 -4.862516256376e-09
158.040000000 -4.869461877717e-09
158.050000000 -4.876407499058e-09
158.060000000 -4.883353120399e-09
158.070000000 -4.890298741741e-09
158.080000000 -4.897244363082e-09
158.090000000 -4.904189984423e-09
158.100000000 -4.911135605764e-09
158.110000000 -4.918081227105e-09
158.120000000 -4.925026848446e-09
158.130000000 -4.931972469787e-09
158.140000000 -4.938918091128e-09
158.150000000 -4.945863712469e-09
158.160000000 -4.952809333810e-09
158.170000000 -4.959754955152e-09
158.180000000 -4.966700576493e-09
158.190000000 -4.973646197834e-09
158.200000000 -4.980591819175e-09
158.210000000 -4.987537440516e-09
158.220000000 -4.994483061857e-09
158.230000000 -5.001428683198e-09
158.240000000 -5.008374304539e-09
158.250000000 -5.015319925880e-09
158.260000000 -5.022265547221e-09
158.270000000 -5.029211168563e-09
158.280000000 -5.036156789904e-09
158.290000000 -5.043102411245e-09
158.300000000 -5.050048032586e-09
158.310000000 -4.005534881252e-09
158.320000000 -6.521447314741e-09
158.330000000 -1.633558596794e-09
158.340000000 -1.124852199329e-08
158.350000000 5.243472435950e-09
158.360000000 -2.168142809875e-08
158.370000000 2.120836516413e-08
158.380000000 -4.807683760750e-08
158.390000000 7.486953474297e-08
158.400000000 -2.761779364404e-07
158.410000000 -5.375969438302e-07
158.420000000 -5.376038894515e-07
158.430000000 -2.761987733044e-07
158.440000000 7.483480663626e-08
158.450000000 -4.812545695689e-08
158.460000000 2.114585457206e-08
158.470000000 -2.175782993351e-08
158.480000000 5.153179358516e-09
158.490000000 -1.135270631341e-08
158.500000000 -1.751634159593e-09
158.510000000 -6.653414120222e-09
158.520000000 -4.151392929415e-09
158.530000000 -5.209797323431e-09
158.540000000 -5.216742944772e-09
158.550000000 -5.223688566113e-09
158.560000000 -5.230634187455e-09
158.570000000 -5.237579808796e-09
158.580000000 -5.244525430137e-09
158.590000000 -5.251471051478e-09
158.600000000 -5.258416672819e-09
158.610000000 -5.265362294160e-09
158.620000000 -5.272307915501e-09
158.630000000 -5.279253536842e-09
158.640000000 -5.286199158183e-09
158.650000000 -5.293144779525e-09
158.660000000 -5.300090400866e-09
158.670000000 -5.307036022207e-09
158.680000000 -5.313981643548e-09
158.690000000 -5.320927264889e-09
158.700000000 -5.327872886230e-09
158.710000000 -5.334818507571e-09
158.720000000 -5.341764128912e-09
158.730000000 -5.348709750253e-09
158.740000000 -5.355655371594e-09
158.750000000 -5.362600992936e-09
158.760000000 -5.369546614277e-09
158.770000000 -5.376492235618e-09
158.780000000 -5.383437856959e-09
158.790000000 -5.390383478300e-09
158.800000000 -5.397329099641e-09
158.810000000 -5.404274720982e-09
158.820000000 -5.411220342323e-09
158.830000000 -5.418165963664e-09
158.840000000 -5.425111585005e-09
158.850000000 -5.432057206347e-09
158.860000000 -5.439002827688e-09
158.870000000 -5.445948449029e-09
158.880000000 -5.452894070370e-09
158.890000000 -5.459839691711e-09
158.900000000 -5.466785313052e-09
158.910000000 -5.473730934393e-09
158.920000000 -5.480676555734e-09
158.930000000 -5.487622177075e-09
158.940000000 -5.494567798416e-09
158.950000000 -5.501513419758e-09
158.960000000 -5.508459041099e-09
158.970000000 -5.515404662440e-09
158.980000000 -5.522350283781e-09
158.990000000 -5.529295905122e-09
159.000000000 -5.536241526463e-09
159.010000000 -5.543187147804e-09
159.020000000 -5.550132769145e-09
159.030000000 -5.557078390486e-09
159.040000000 -5.564024011828e-09
159.050000000 -5.570969633169e-09
159.060000000 -5.577915254510e-09
159.070000000 -5.584860875851e-09
159.080000000 -5.591806497192e-09
159.090000000 -5.598752118533e-09
159.100000000 -5.605697739874e-09
159.110000000 -5.612643361215e-09
159.120000000 -5.619588982556e-09
159.130000000 -5.626534603897e-09
159.140000000 -5.633480225239e-09
159.150000000 -5.640425846580e-09
159.160000000 -5.647371467921e-09
159.170000000 -5.654317089262e-09
159.180000000 -5.661262710603e-09
159.190000000 -5.668208331944e-09
159.200000000 -5.675153953285e-09
159.210000000 -5.682099574626e-09
159.220000000 -5.689045195967e-09
159.230000000 -5.695990817308e-09
159.240000000 -5.702936438650e-09
159.250000000 -5.709882059991e-09
159.260000000 -5.716827681332e-09
159.270000000 -5.723773302673e-09
159.280000000 -5.730718924014e-09
159.290000000 -5.737664545355e-09
159.300000000 -5.744610166696e-09
159.310000000 -5.751555788037e-09
159.320000000 -5.758501409378e-09
159.330000000 -5.765447030720e-09
159.340000000 -5.772392652061e-09
159.350000000 -5.779338273402e-09
159.360000000 -5.786283894743e-09
159.370000000 -5.793229516084e-09
159.380000000 -5.800175137425e-09
159.390000000 -5.807120758766e-09
159.400000000 -5.814066380107e-09
159.410000000 -5.821012001448e-09
159.420000000 -5.827957622789e-09
159.430000000 -5.834903244131e-09
159.440000000 -5.841848865472e-09
159.450000000 -5.848794486813e-09
159.460000000 -5.855740108154e-09
159.470000000 -5.862685729495e-09
159.480000000 -5.869631350836e-09
159.490000000 -5.876576972177e-09
159.500000000 -5.883522593518e-09
159.510000000 -5.890468214859e-09
159.520000000 -5.897413836200e-09
159.530000000 -5.904359457542e-09
159.540000000 -5.911305078883e-09
159.550000000 -5.918250700224e-09
159.560000000 -5.925196321565e-09
159.570000000 -5.932141942906e-09
159.580000000 -5.939087564247e-09
159.590000000 -5.946033185588e-09
159.600000000 -5.952978806929e-09
159.610000000 -5.959924428270e-09
159.620000000 -5.966870049612e-09
159.630000000 -5.973815670953e-09
159.640000000 -5.980761292294e-09
159.650000000 -5.987706913635e-09
159.660000000 -5.994652534976e-09
159.670000000 -6.001598156317e-09
159.680000000 -6.008543777658e-09
159.690000000 -6.015489398999e-09
159.700000000 -6.022435020340e-09
159.710000000 -6.029380641681e-09
159.720000000 -6.036326263023e-09
159.730000000 -6.043271884364e-09
159.740000000 -6.050217505705e-09
159.750000000 -6.057163127046e-09
159.760000000 -6.064108748387e-09
159.770000000 -6.071054369728e-09
159.780000000 -6.077999991069e-09
159.790000000 -6.084945612410e-09
159.800000000 -6.091891233751e-09
159.810000000 -6.098836855092e-09
159.820000000 -6.105782476434e-09
159.830000000 -6.112728097775e-09
159.840000000 -6.119673719116e-09
159.850000000 -6.126619340457e-09
159.860000000 -6.133564961798e-09
159.870000000 -6.140510583139e-09
159.880000000 -6.147456204480e-09
159.890000000 -6.154401825821e-09
159.900000000 -6.161347447162e-09
159.910000000 -6.168293068503e-09
159.920000000 -6.175238689845e-09
159.930000000 -6.182184311186e-09
159.940000000 -6.189129932527e-09
159.950000000 -6.196075553868e-09
159.960000000 -6.203021175209e-09
159.970000000 -6.209966796550e-09
159.980000000 -6.216912417891e-09
159.990000000 -6.223858039232e-09
160.000000000 -6.230803660573e-09
160.010000000 -6.237749281915e-09
160.020000000 -6.244694903256e-09
160.030000000 -6.251640524597e-09
160.040000000 -6.258586145938e-09
160.050000000 -6.265531767279e-09
160.060000000 -6.272477388620e-09
160.070000000 -6.279423009961e-09
160.080000000 -6.286368631302e-09
160.090000000 -6.293314252643e-09
160.100000000 -6.300259873984e-09
160.110000000 -6.307205495326e-09
160.120000000 -6.314151116667e-09
160.130000000 -6.321096738008e-09
160.140000000 -6.328042359349e-09
160.150000000 -6.334987980690e-09
160.160000000 -6.341933602031e-09
160.170000000 -6.348879223372e-09
160.180000000 -6.355824844713e-09
160.190000000 -6.362770466054e-09
160.200000000 -6.369716087395e-09
160.210000000 -6.376661708737e-09
160.220000000 -6.383607330078e-09
160.230000000 -6.390552951419e-09
160.240000000 -6.397498572760e-09
160.250000000 -6.404444194101e-09
160.260000000 -6.411389815442e-09
160.270000000 -6.418335436783e-09
160.280000000 -6.425281058124e-09
160.290000000 -6.432226679465e-09
160.300000000 -6.439172300807e-09
160.310000000 -6.446117922148e-09
160.320000000 -6.453063543489e-09
160.330000000 -6.460009164830e-09
160.340000000 -6.466954786171e-09
160.350000000 -6.473900407512e-09
160.360000000 -6.480846028853e-09
160.370000000 -6.487791650194e-09
160.380000000 -6.494737271535e-09
160.390000000 -6.501682892876e-09
160.400000000 -6.508628514218e-09
160.410000000 -6.515574135559e-09
160.420000000 -6.522519756900e-09
160.430000000 -6.529465378241e-09
160.440000000 -6.536410999582e-09
160.450000000 -6.543356620923e-09
160.460000000 -6.550302242264e-09
160.470000000 -6.557247863605e-09
160.480000000 -6.564193484946e-09
160.490000000 -6.571139106287e-09
160.500000000 -6.578084727629e-09
160.510000000 -6.585030348970e-09
160.520000000 -6.591975970311e-09
160.530000000 -6.598921591652e-09
160.540000000 -6.605867212993e-09
160.550000000 -6.612812834334e-09
160.560000000 -6.619758455675e-09
160.570000000 -6.626704077016e-09
160.580000000 -6.633649698357e-09
160.590000000 -6.640595319699e-09
160.600000000 -6.647540941040e-09
160.610000000 -6.654486562381e-09
160.620000000 -6.661432183722e-09
160.630000000 -6.668377805063e-09
160.640000000 -6.675323426404e-09
160.650000000 -6.682269047745e-09
160.660000000 -6.689214669086e-09
160.670000000 -6.696160290427e-09
160.680000000 -6.703105911768e-09
160.690000000 -6.710051533110e-09
160.700000000 -6.716997154451e-09
160.710000000 -6.723942775792e-09
160.720000000 -6.730888397133e-09
160.730000000 -6.737834018474e-09
160.740000000 -6.744779639815e-09
160.750000000 -6.751725261156e-09
160.760000000 -6.758670882497e-09
160.770000000 -6.765616503838e-09
160.780000000 -6.772562125179e-09
160.790000000 -6.779507746521e-09
160.800000000 -6.786453367862e-09
160.810000000 -6.793398989203e-09
160.820000000 -6.800344610544e-09
160.830000000 -6.807290231885e-09
160.840000000 -6.814235853226e-09
160.850000000 -6.821181474567e-09
160.860000000 -6.828127095908e-09
160.870000000 -6.835072717249e-09
160.880000000 -6.842018338590e-09
160.890000000 -6.848963959932e-09
160.900000000 -6.855909581273e-09
160.910000000 -6.862855202614e-09
160.920000000 -6.869800823955e-09
160.930000000 -6.876746445296e-09
160.940000000 -6.883692066637e-09
160.950000000 -6.890637687978e-09
160.960000000 -6.897583309319e-09
160.970000000 -6.904528930660e-09
160.980000000 -6.911474552002e-09
160.990000000 -6.918420173343e-09
161.000000000 -6.925365794684e-09
161.010000000 -6.932311416025e-09
161.020000000 -6.939257037366e-09
161.030000000 -6.946202658707e-09
161.040000000 -6.953148280048e-09
161.050000000 -6.960093901389e-09
161.060000000 -6.967039522730e-09
161.070000000 -6.973985144071e-09
161.080000000 -6.980930765413e-09
161.090000000 -6.987876386754e-09
161.100000000 -6.994822008095e-09
161.110000000 -7.001767629436e-09
161.120000000 -7.008713250777e-09
161.130000000 -7.015658872118e-09
161.140000000 -7.022604493459e-09
161.150000000 -7.029550114800e-09
161.160000000 -7.036495736141e-09
161.170000000 -7.043441357482e-09
161.180000000 -7.050386978824e-09
161.190000000 -7.057332600165e-09
161.200000000 -7.064278221506e-09
161.210000000 -7.071223842847e-09
161.220000000 -7.078169464188e-09
161.230000000 -7.085115085529e-09
161.240000000 -7.092060706870e-09
161.250000000 -7.099006328211e-09
161.260000000 -7.105951949552e-09
161.270000000 -7.112897570894e-09
161.280000000 -7.119843192235e-09
161.290000000 -7.126788813576e-09
161.300000000 -7.133734434917e-09
161.310000000 -7.140680056258e-09
161.320000000 -7.147625677599e-09
161.330000000 -7.154571298940e-09
161.340000000 -7.161516920281e-09
161.350000000 -7.168462541622e-09
161.360000000 -7.175408162963e-09
161.370000000 -7.182353784305e-09
161.380000000 -7.189299405646e-09
161.390000000 -7.196245026987e-09
161.400000000 -7.203190648328e-09
161.410000000 -7.210136269669e-09
161.420000000 -7.217081891010e-09
161.430000000 -7.224027512351e-09
161.440000000 -7.230973133692e-09
161.450000000 -7.237918755033e-09
161.460000000 -7.244864376374e-09
161.470000000 -7.251809997716e-09
161.480000000 -7.258755619057e-09
161.490000000 -7.265701240398e-09
161.500000000 -7.272646861739e-09
161.510000000 -7.279592483080e-09
161.520000000 -7.286538104421e-09
161.530000000 -7.293483725762e-09
161.540000000 -7.300429347103e-09
161.550000000 -7.307374968444e-09
161.560000000 -7.314320589786e-09
161.570000000 -7.321266211127e-09
161.580000000 -7.328211832468e-09
161.590000000 -7.335157453809e-09
161.600000000 -7.342103075150e-09
161.610000000 -7.349048696491e-09
161.620000000 -7.355994317832e-09
161.630000000 -7.362939939173e-09
161.640000000 -7.369885560514e-09
161.650000000 -7.376831181855e-09
161.660000000 -7.383776803197e-09
161.670000000 -7.390722424538e-09
161.680000000 -7.397668045879e-09
161.690000000 -7.404613667220e-09
161.700000000 -7.411559288561e-09
161.710000000 -7.418504909902e-09
161.720000000 -7.425450531243e-09
161.730000000 -7.432396152584e-09
161.740000000 -7.439341773925e-09
161.750000000 -7.446287395266e-09
161.760000000 -7.453233016608e-09
161.770000000 -7.460178637949e-09
161.780000000 -7.467124259290e-09
161.790000000 -7.474069880631e-09
161.800000000 -7.481015501972e-09
161.810000000 -7.487961123313e-09
161.820000000 -7.494906744654e-09
161.830000000 -7.501852365995e-09
161.840000000 -7.508797987336e-09
161.850000000 -7.515743608677e-09
161.860000000 -7.522689230019e-09
161.870000000 -7.529634851360e-09
161.880000000 -7.536580472701e-09
161.890000000 -7.543526094042e-09
161.900000000 -7.550471715383e-09
161.910000000 -7.557417336724e-09
161.920000000 -7.564362958065e-09
161.930000000 -7.571308579406e-09
161.940000000 -7.578254200747e-09
161.950000000 -7.585199822089e-09
161.960000000 -7.592145443430e-09
161.970000000 -7.599091064771e-09
161.980000000 -7.606036686112e-09
161.990000000 -7.612982307453e-09
162.000000000 -7.619927928794e-09
162.010000000 -7.626873550135e-09
162.020000000 -7.633819171476e-09
162.030000000 -7.640764792817e-09
162.040000000 -7.647710414158e-09
162.050000000 -7.654656035500e-09
162.060000000 -7.661601656841e-09
162.070000000 -7.668547278182e-09
162.080000000 -7.675492899523e-09
162.090000000 -7.682438520864e-09
162.100000000 -7.689384142205e-09
162.110000000 -7.696329763546e-09
162.120000000 -7.703275384887e-09
162.130000000 -7.710221006228e-09
162.140000000 -7.717166627569e-09
162.150000000 -7.724112248911e-09
162.160000000 -7.731057870252e-09
162.170000000 -7.738003491593e-09
162.180000000 -7.744949112934e-09
162.190000000 -7.751894734275e-09
162.200000000 -7.758840355616e-09
162.210000000 -7.765785976957e-09
162.220000000 -7.772731598298e-09
162.230000000 -7.779677219639e-09
162.240000000 -7.786622840981e-09
162.250000000 -7.793568462322e-09
162.260000000 -7.800514083663e-09
162.270000000 -7.807459705004e-09
162.280000000 -7.814405326345e-09
162.290000000 -7.821350947686e-09
162.300000000 -7.828296569027e-09
162.310000000 -7.835242190368e-09
162.320000000 -7.842187811709e-09
162.330000000 -7.849133433050e-09
162.340000000 -7.856079054392e-09
162.350000000 -7.863024675733e-09
162.360000000 -7.869970297074e-09
162.370000000 -7.876915918415e-09
162.380000000 -7.883861539756e-09
162.390000000 -7.890807161097e-09
162.400000000 -7.897752782438e-09
162.410000000 -7.904698403779e-09
162.420000000 -7.911644025120e-09
162.430000000 -7.918589646461e-09
162.440000000 -7.925535267803e-09
162.450000000 -7.932480889144e-09
162.460000000 -7.939426510485e-09
162.470000000 -7.946372131826e-09
162.480000000 -7.953317753167e-09
162.490000000 -7.960263374508e-09
162.500000000 -7.967208995849e-09
162.510000000 -7.974154617190e-09
162.520000000 -7.981100238531e-09
162.530000000 -7.988045859873e-09
162.540000000 -7.994991481214e-09
162.550000000 -8.001937102555e-09
162.560000000 -8.008882723896e-09
162.570000000 -8.015828345237e-09
162.580000000 -8.022773966578e-09
162.590000000 -8.029719587919e-09
162.600000000 -8.036665209260e-09
162.610000000 -8.043610830601e-09
162.620000000 -8.050556451942e-09
162.630000000 -8.057502073284e-09
162.640000000 -8.064447694625e-09
162.650000000 -8.071393315966e-09
162.660000000 -8.078338937307e-09
162.670000000 -8.085284558648e-09
162.680000000 -8.092230179989e-09
162.690000000 -8.099175801330e-09
162.700000000 -8.106121422671e-09
162.710000000 -8.113067044012e-09
162.720000000 -8.120012665353e-09
162.730000000 -8.126958286695e-09
162.740000000 -8.133903908036e-09
162.750000000 -8.140849529377e-09
162.760000000 -8.147795150718e-09
162.770000000 -8.154740772059e-09
162.780000000 -8.161686393400e-09
162.790000000 -8.168632014741e-09
162.800000000 -8.175577636082e-09
162.810000000 -8.182523257423e-09
162.820000000 -8.189468878765e-09
162.830000000 -8.196414500106e-09
162.840000000 -8.203360121447e-09
162.850000000 -8.210305742788e-09
162.860000000 -8.217251364129e-09
162.870000000 -8.224196985470e-09
162.880000000 -8.231142606811e-09
162.890000000 -8.238088228152e-09
162.900000000 -8.245033849493e-09
162.910000000 -8.251979470834e-09
162.920000000 -8.258925092176e-09
162.930000000 -8.265870713517e-09
162.940000000 -8.272816334858e-09
162.950000000 -8.279761956199e-09
162.960000000 -8.286707577540e-09
162.970000000 -8.293653198881e-09
162.980000000 -8.300598820222e-09
162.990000000 -8.307544441563e-09
163.000000000 -8.314490062904e-09
163.010000000 -8.321435684245e-09
163.020000000 -8.328381305587e-09
163.030000000 -8.335326926928e-09
163.040000000 -8.342272548269e-09
163.050000000 -8.349218169610e-09
163.060000000 -8.356163790951e-09
163.070000000 -8.363109412292e-09
163.080000000 -8.370055033633e-09
163.090000000 -8.377000654974e-09
163.100000000 -8.383946276315e-09
163.110000000 -8.390891897657e-09
163.120000000 -8.397837518998e-09
163.130000000 -8.404783140339e-09
163.140000000 -8.411728761680e-09
163.150000000 -8.418674383021e-09
163.160000000 -8.425620004362e-09
163.170000000 -8.432565625703e-09
163.180000000 -8.439511247044e-09
163.190000000 -8.446456868385e-09
163.200000000 -8.453402489726e-09
163.210000000 -8.460348111068e-09
163.220000000 -8.467293732409e-09
163.230000000 -8.474239353750e-09
163.240000000 -8.481184975091e-09
163.250000000 -8.488130596432e-09
163.260000000 -8.495076217773e-09
163.270000000 -8.502021839114e-09
163.280000000 -8.508967460455e-09
163.290000000 -8.515913081796e-09
163.300000000 -8.522858703137e-09
163.310000000 -8.529804324479e-09
163.320000000 -8.536749945820e-09
163.330000000 -8.543695567161e-09
163.340000000 -8.550641188502e-09
163.350000000 -8.557586809843e-09
163.360000000 -8.564532431184e-09
163.370000000 -8.571478052525e-09
163.380000000 -8.578423673866e-09
163.390000000 -8.585369295207e-09
163.400000000 -8.592314916549e-09
163.410000000 -8.599260537890e-09
163.420000000 -8.606206159231e-09
163.430000000 -8.613151780572e-09
163.440000000 -8.620097401913e-09
163.450000000 -8.627043023254e-09
163.460000000 -8.633988644595e-09
163.470000000 -8.640934265936e-09
163.480000000 -8.647879887277e-09
163.490000000 -8.654825508618e-09
163.500000000 -8.661771129960e-09
163.510000000 -8.668716751301e-09
163.520000000 -8.675662372642e-09
163.530000000 -8.682607993983e-09
163.540000000 -8.689553615324e-09
163.550000000 -8.696499236665e-09
163.560000000 -8.703444858006e-09
163.570000000 -8.710390479347e-09
163.580000000 -8.717336100688e-09
163.590000000 -8.724281722029e-09
163.600000000 -8.731227343371e-09
163.610000000 -8.738172964712e-09
163.620000000 -8.745118586053e-09
163.630000000 -8.752064207394e-09
163.640000000 -8.759009828735e-09
163.650000000 -8.765955450076e-09
163.660000000 -8.772901071417e-09
163.670000000 -8.779846692758e-09
163.680000000 -8.786792314099e-09
163.690000000 -8.793737935440e-09
163.700000000 -8.800683556782e-09
163.710000000 -8.807629178123e-09
163.720000000 -8.814574799464e-09
163.730000000 -8.821520420805e-09
163.740000000 -8.828466042146e-09
163.750000000 -8.835411663487e-09
163.760000000 -8.842357284828e-09
163.770000000 -8.849302906169e-09
163.780000000 -8.856248527510e-09
163.790000000 -8.863194148852e-09
163.800000000 -8.870139770193e-09
163.810000000 -8.877085391534e-09
163.820000000 -8.884031012875e-09
163.830000000 -8.890976634216e-09
