0.000000000 3.442029807375e-06
0.010000000 3.463954202119e-06
0.020000000 3.429515296408e-06
0.030000000 3.484704854490e-06
0.040000000 3.383675931263e-06
0.050000000 3.700277551113e-06
0.060000000 4.516086447489e-06
0.070000000 4.417566491074e-06
0.080000000 4.467861214817e-06
0.090000000 4.441978868108e-06
0.100000000 4.449913289614e-06
0.110000000 4.457847711120e-06
0.120000000 4.431965364411e-06
0.130000000 4.482260088154e-06
0.140000000 4.382688672966e-06
0.150000000 4.700747800856e-06
0.160000000 5.512713321665e-06
0.170000000 5.420240957441e-06
0.180000000 5.461440542284e-06
0.190000000 5.449024757147e-06
0.200000000 5.436608972010e-06
0.210000000 5.476757098081e-06
0.220000000 5.386793700668e-06
0.230000000 5.693605651840e-06
0.240000000 6.521531532803e-06
0.250000000 6.405461177565e-06
0.260000000 6.481622397448e-06
0.270000000 6.415352278667e-06
0.280000000 6.487670122984e-06
0.290000000 6.381207785521e-06
0.300000000 7.191583267661e-06
0.310000000 7.527822140559e-06
0.320000000 7.390067169922e-06
0.330000000 7.508050112146e-06
0.340000000 7.357639577026e-06
0.350000000 8.221055140135e-06
0.360000000 8.484431772526e-06
0.370000000 8.454752792443e-06
0.380000000 8.392636312362e-06
0.390000000 8.694535005377e-06
0.400000000 9.505531942676e-06
0.410000000 9.434320323695e-06
0.420000000 9.414264529617e-06
0.430000000 1.016505479089e-05
0.440000000 1.054999577562e-05
0.450000000 1.034907205044e-05
0.460000000 1.070624385914e-05
0.470000000 1.151922121763e-05
0.480000000 1.137488283078e-05
0.490000000 1.167745485630e-05
0.500000000 1.255585706209e-05
0.510000000 1.232031020706e-05
0.520000000 1.326089951007e-05
0.530000000 1.341141976679e-05
0.540000000 1.420541377450e-05
0.550000000 1.445518568102e-05
0.560000000 1.516125295695e-05
0.570000000 1.550922505450e-05
0.580000000 1.607120600194e-05
0.590000000 1.680140183568e-05
0.600000000 1.743161747252e-05
0.610000000 1.811380656333e-05
0.620000000 1.878116939184e-05
0.630000000 1.943152726958e-05
0.640000000 2.013205655902e-05
0.650000000 2.122787672895e-05
0.660000000 2.216403445928e-05
0.670000000 2.272254926542e-05
0.680000000 2.365355477394e-05
0.690000000 2.524762642702e-05
0.700000000 2.609483002437e-05
0.710000000 2.748622465055e-05
0.720000000 2.867476198005e-05
0.730000000 3.043096331334e-05
0.740000000 3.172610130447e-05
0.750000000 3.335547145709e-05
0.760000000 3.547488872293e-05
0.770000000 3.742947615914e-05
0.780000000 3.940835947494e-05
0.790000000 4.163132046251e-05
0.800000000 4.470849588996e-05
0.810000000 4.767404991340e-05
0.820000000 5.066649165851e-05
0.830000000 5.434460351796e-05
0.840000000 5.850427699747e-05
0.850000000 6.230038913421e-05
0.860000000 6.736360469920e-05
0.870000000 7.339494516794e-05
0.880000000 7.960587979805e-05
0.890000000 8.663311274930e-05
0.900000000 9.493768534346e-05
0.910000000 1.045778682647e-04
0.920000000 1.162469726846e-04
0.930000000 1.293681043756e-04
0.940000000 1.457088777125e-04
0.950000000 1.653152039636e-04
0.960000000 1.885391859333e-04
0.970000000 2.172186602245e-04
0.980000000 2.520316743132e-04
0.990000000 2.947035669315e-04
1.000000000 3.454125779614e-04
1.010000000 4.033267131390e-04
1.020000000 4.664022689609e-04
1.030000000 5.297839052731e-04
1.040000000 5.887563998583e-04
1.050000000 6.397802502846e-04
1.060000000 6.826221454712e-04
1.070000000 7.164429868511e-04
1.080000000 7.434305809746e-04
1.090000000 7.643799346552e-04
1.100000000 7.802251041776e-04
1.110000000 7.924802780140e-04
1.120000000 8.016808456131e-04
1.130000000 8.085881710475e-04
1.140000000 8.137855267489e-04
1.150000000 8.185355312912e-04
1.160000000 8.223836779407e-04
1.170000000 8.271830092912e-04
1.180000000 8.316583185952e-04
1.190000000 8.373822582914e-04
1.200000000 8.434424422438e-04
1.210000000 8.500468126658e-04
1.220000000 8.580797779271e-04
1.230000000 8.673976520117e-04
1.240000000 8.775961432034e-04
1.250000000 8.894491396660e-04
1.260000000 9.014268904573e-04
1.270000000 9.137020503225e-04
1.280000000 9.266339318202e-04
1.290000000 9.376419028457e-04
1.300000000 9.466909130806e-04
1.310000000 9.529334357340e-04
1.320000000 9.544150938456e-04
1.330000000 9.495787125819e-04
1.340000000 9.374171973586e-04
1.350000000 9.157220118403e-04
1.360000000 8.845267979918e-04
1.370000000 8.424449038142e-04
1.380000000 7.903838230163e-04
1.390000000 7.293538319981e-04
1.400000000 6.626708225084e-04
1.410000000 5.935553713825e-04
1.420000000 5.234184558716e-04
1.430000000 4.566290900167e-04
1.440000000 3.945282427978e-04
1.450000000 3.381445323018e-04
1.460000000 2.875545612826e-04
1.470000000 2.423090232438e-04
1.480000000 2.041476424308e-04
1.490000000 1.715971974127e-04
1.500000000 1.469268354104e-04
1.510000000 1.302230683209e-04
1.520000000 1.222519311651e-04
1.530000000 1.222677635256e-04
1.540000000 1.301195870608e-04
1.550000000 1.441774154336e-04
1.560000000 1.635116230025e-04
1.570000000 1.888548376621e-04
1.580000000 2.202738045700e-04
1.590000000 2.575441077239e-04
1.600000000 3.012763009331e-04
1.610000000 3.506788649544e-04
1.620000000 4.023974686593e-04
1.630000000 4.523075413719e-04
1.640000000 4.946951871454e-04
1.650000000 5.254129816030e-04
1.660000000 5.397556058708e-04
1.670000000 5.345138030724e-04
1.680000000 5.078581617753e-04
1.690000000 4.597201744720e-04
1.700000000 3.915691863442e-04
1.710000000 3.085603572358e-04
1.720000000 2.147724193802e-04
1.730000000 1.177118139173e-04
1.740000000 2.225899964729e-05
1.750000000 -6.668370378172e-05
1.760000000 -1.464264502484e-04
1.770000000 -2.167196652451e-04
1.780000000 -2.787833089179e-04
1.790000000 -3.350521084690e-04
1.800000000 -3.869125682957e-04
1.810000000 -4.364377360589e-04
1.820000000 -4.826154692702e-04
1.830000000 -5.237798133157e-04
1.840000000 -5.575894225594e-04
1.850000000 -5.794419793294e-04
1.860000000 -5.868793491146e-04
1.870000000 -5.781506523015e-04
1.880000000 -5.531752788875e-04
1.890000000 -5.150198572498e-04
1.900000000 -4.659992375974e-04
1.910000000 -4.099041179534e-04
1.920000000 -3.472262723015e-04
1.930000000 -2.776988513904e-04
1.940000000 -1.988377364360e-04
1.950000000 -1.092256094037e-04
1.960000000 -8.086452810163e-06
1.970000000 9.986776546829e-05
1.980000000 2.079828486856e-04
1.990000000 3.049590665490e-04
2.000000000 3.799373184822e-04
2.010000000 4.228259768819e-04
2.020000000 4.270822479833e-04
2.030000000 3.898872477443e-04
2.040000000 3.129093019027e-04
2.050000000 2.026890906480e-04
2.060000000 6.536398010119e-05
2.070000000 -8.880669561339e-05
2.080000000 -2.479157804826e-04
2.090000000 -4.010615009248e-04
2.100000000 -5.371967395870e-04
2.110000000 -6.454330456500e-04
2.120000000 -7.165943946265e-04
2.130000000 -7.389858880505e-04
2.140000000 -7.048023316852e-04
2.150000000 -6.058432061320e-04
2.160000000 -4.380751404896e-04
2.170000000 -2.026501313650e-04
2.180000000 9.618254749648e-05
2.190000000 4.495066362825e-04
2.200000000 8.475888538258e-04
2.210000000 1.279091622717e-03
2.220000000 1.732941880138e-03
2.230000000 2.198106554573e-03
2.240000000 2.663702453821e-03
2.250000000 3.117938588675e-03
2.260000000 3.552093832381e-03
2.270000000 3.955511861887e-03
2.280000000 4.317604712096e-03
2.290000000 4.627604188576e-03
2.300000000 4.875591627858e-03
2.310000000 5.050967370297e-03
2.320000000 5.145865202857e-03
2.330000000 5.156974733526e-03
2.340000000 5.086809299304e-03
2.350000000 4.944519186104e-03
2.360000000 4.744028180890e-03
2.370000000 4.505347379665e-03
2.380000000 4.247040220493e-03
2.390000000 3.983335059747e-03
2.400000000 3.720963178666e-03
2.410000000 3.458126973512e-03
2.420000000 3.187177555899e-03
2.430000000 2.897790333355e-03
2.440000000 2.581539801617e-03
2.450000000 2.236486065313e-03
2.460000000 1.868689081394e-03
2.470000000 1.490856950962e-03
2.480000000 1.123092572501e-03
2.490000000 7.881929168119e-04
2.500000000 5.006348848511e-04
2.510000000 2.727108156355e-04
2.520000000 1.044828649652e-04
2.530000000 -1.033672018587e-05
2.540000000 -8.232983024585e-05
2.550000000 -1.266109602245e-04
2.560000000 -1.559164349619e-04
2.570000000 -1.778595069579e-04
2.580000000 -1.922783586844e-04
2.590000000 -1.920441720564e-04
2.600000000 -1.664676956992e-04
2.610000000 -1.055289269700e-04
2.620000000 -7.140500124307e-06
2.630000000 1.218816660735e-04
2.640000000 2.628244771374e-04
2.650000000 3.861571611404e-04
2.660000000 4.608040377927e-04
2.670000000 4.596087691953e-04
2.680000000 3.685592004972e-04
2.690000000 1.910911391242e-04
2.700000000 -4.926027652300e-05
2.710000000 -3.112040678496e-04
2.720000000 -5.439573123895e-04
2.730000000 -6.976901854944e-04
2.740000000 -7.345097340161e-04
2.750000000 -6.373523141096e-04
2.760000000 -4.125408460050e-04
2.770000000 -8.813606594773e-05
2.780000000 2.978204117257e-04
2.790000000 7.049407225271e-04
2.800000000 1.095575995165e-03
2.810000000 1.441602991188e-03
2.820000000 1.725936882516e-03
2.830000000 1.943294149738e-03
2.840000000 2.096247767538e-03
2.850000000 2.194419498622e-03
2.860000000 2.245701477168e-03
2.870000000 2.258668385042e-03
2.880000000 2.238374080586e-03
2.890000000 2.184748945118e-03
2.900000000 2.097465641632e-03
2.910000000 1.975397899638e-03
2.920000000 1.815608086420e-03
2.930000000 1.614783441402e-03
2.940000000 1.370529394273e-03
2.950000000 1.081444812512e-03
2.960000000 7.453079598277e-04
2.970000000 3.626175977335e-04
2.980000000 -6.367023395627e-05
2.990000000 -5.309595121263e-04
3.000000000 -1.033974689236e-03
3.010000000 -1.569447958760e-03
3.020000000 -2.131291352994e-03
3.030000000 -2.711777215311e-03
3.040000000 -3.301035197586e-03
3.050000000 -3.886331071672e-03
3.060000000 -4.448652029002e-03
3.070000000 -4.970716171847e-03
3.080000000 -5.431175891463e-03
3.090000000 -5.811680765841e-03
3.100000000 -6.095435679114e-03
3.110000000 -6.271219187764e-03
3.120000000 -6.336333762482e-03
3.130000000 -6.297176824687e-03
3.140000000 -6.169181765326e-03
3.150000000 -5.973968699596e-03
3.160000000 -5.734812736198e-03
3.170000000 -5.472129376284e-03
3.180000000 -5.204207113949e-03
3.190000000 -4.948168208724e-03
3.200000000 -4.714501116218e-03
3.210000000 -4.510096292748e-03
3.220000000 -4.332181225798e-03
3.230000000 -4.169311435147e-03
3.240000000 -4.002320030032e-03
3.250000000 -3.809378451200e-03
3.260000000 -3.565713870084e-03
3.270000000 -3.252397371624e-03
3.280000000 -2.856040247985e-03
3.290000000 -2.373186293440e-03
3.300000000 -1.803295783064e-03
3.310000000 -1.147868643922e-03
3.320000000 -4.058452974239e-04
3.330000000 4.254593555073e-04
3.340000000 1.343412423124e-03
3.350000000 2.337845034820e-03
3.360000000 3.383374133795e-03
3.370000000 4.441954564902e-03
3.380000000 5.460037715214e-03
3.390000000 6.379636129496e-03
3.400000000 7.137807195092e-03
3.410000000 7.679044967431e-03
3.420000000 7.961465843200e-03
3.430000000 7.965600366451e-03
3.440000000 7.696625659758e-03
3.450000000 7.183900149481e-03
3.460000000 6.475560431016e-03
3.470000000 5.630825288839e-03
3.480000000 4.711536632680e-03
3.490000000 3.774071752449e-03
3.500000000 2.861508636704e-03
3.510000000 2.002161786184e-03
3.520000000 1.203835765651e-03
3.530000000 4.585576945866e-04
3.540000000 -2.529122069531e-04
3.550000000 -9.580145811847e-04
3.560000000 -1.680989456544e-03
3.570000000 -2.436132159940e-03
3.580000000 -3.224220869103e-03
3.590000000 -4.031485611848e-03
3.600000000 -4.834256618527e-03
3.610000000 -5.606676170346e-03
3.620000000 -6.323868563479e-03
3.630000000 -6.964086794319e-03
3.640000000 -7.505514108277e-03
3.650000000 -7.925826252853e-03
3.660000000 -8.196733021255e-03
3.670000000 -8.288794835466e-03
3.680000000 -8.174651142177e-03
3.690000000 -7.843175257748e-03
3.700000000 -7.308081724756e-03
3.710000000 -6.605645372290e-03
3.720000000 -5.793194635198e-03
3.730000000 -4.936541137764e-03
3.740000000 -4.095953194183e-03
3.750000000 -3.316317318407e-03
3.760000000 -2.624047255391e-03
3.770000000 -2.029761070519e-03
3.780000000 -1.531239061168e-03
3.790000000 -1.123870297938e-03
3.800000000 -7.996680758590e-04
3.810000000 -5.456506331010e-04
3.820000000 -3.442687709506e-04
3.830000000 -1.721724158015e-04
3.840000000 -2.684761980122e-06
3.850000000 1.887322742118e-04
3.860000000 4.174801738428e-04
3.870000000 6.946335060041e-04
3.880000000 1.023060294353e-03
3.890000000 1.407468278928e-03
3.900000000 1.857405632863e-03
3.910000000 2.393477936588e-03
3.920000000 3.039182650924e-03
3.930000000 3.815468151329e-03
3.940000000 4.727004823949e-03
3.950000000 5.757545883746e-03
3.960000000 6.865101186594e-03
3.970000000 7.988061446395e-03
3.980000000 9.055564902648e-03
3.990000000 9.994746850210e-03
4.000000000 1.074172448805e-02
4.010000000 1.124601137919e-02
4.020000000 1.147785361133e-02
4.030000000 1.142876716859e-02
4.040000000 1.111851231794e-02
4.050000000 1.059430397503e-02
4.060000000 9.925971452317e-03
4.070000000 9.198464489696e-03
4.080000000 8.489843249428e-03
4.090000000 7.862085278592e-03
4.100000000 7.344966725878e-03
4.110000000 6.930736400582e-03
4.120000000 6.581115929604e-03
4.130000000 6.229705608394e-03
4.140000000 5.798729855800e-03
4.150000000 5.216839605754e-03
4.160000000 4.433507219965e-03
4.170000000 3.433593081726e-03
4.180000000 2.242056543999e-03
4.190000000 9.194643844000e-04
4.200000000 -4.508554039505e-04
4.210000000 -1.774983996240e-03
4.220000000 -2.963814412992e-03
4.230000000 -3.933534774126e-03
4.240000000 -4.609818453451e-03
4.250000000 -4.926009544597e-03
4.260000000 -4.828109631146e-03
4.270000000 -4.283672116436e-03
4.280000000 -3.289645197676e-03
4.290000000 -1.879939520021e-03
4.300000000 -1.281081181682e-04
4.310000000 1.859220125910e-03
4.320000000 3.947321823544e-03
4.330000000 5.989178190765e-03
4.340000000 7.835829715795e-03
4.350000000 9.352033699086e-03
4.360000000 1.043137327811e-02
4.370000000 1.100746281304e-02
4.380000000 1.106488387761e-02
4.390000000 1.063247917340e-02
4.400000000 9.773810607135e-03
4.410000000 8.571126602039e-03
4.420000000 7.111489226668e-03
4.430000000 5.478311757961e-03
4.440000000 3.752459785722e-03
4.450000000 2.013613796505e-03
4.460000000 3.407600673534e-04
4.470000000 -1.189924171407e-03
4.480000000 -2.510013556534e-03
4.490000000 -3.559622808547e-03
4.500000000 -4.295365734464e-03
4.510000000 -4.687056702932e-03
4.520000000 -4.726690932999e-03
4.530000000 -4.424406630558e-03
4.540000000 -3.812157532631e-03
4.550000000 -2.937644897856e-03
4.560000000 -1.865949194013e-03
4.570000000 -6.768795154075e-04
4.580000000 5.375460547830e-04
4.590000000 1.681043646121e-03
4.600000000 2.655592014751e-03
4.610000000 3.376152331117e-03
4.620000000 3.775678390341e-03
4.630000000 3.811514486365e-03
4.640000000 3.469098116646e-03
4.650000000 2.761374546069e-03
4.660000000 1.728894433958e-03
4.670000000 4.323699375123e-04
4.680000000 -1.054846857506e-03
4.690000000 -2.656483704088e-03
4.700000000 -4.299871921014e-03
4.710000000 -5.916170614625e-03
4.720000000 -7.439131885829e-03
4.730000000 -8.804114765566e-03
4.740000000 -9.949845380150e-03
4.750000000 -1.082248950645e-02
4.760000000 -1.137691359590e-02
4.770000000 -1.158225601782e-02
4.780000000 -1.142441627951e-02
4.790000000 -1.090492332380e-02
4.800000000 -1.004533583981e-02
4.810000000 -8.884745003086e-03
4.820000000 -7.472639092360e-03
4.830000000 -5.869326823819e-03
4.840000000 -4.138021605823e-03
4.850000000 -2.347121237668e-03
4.860000000 -5.676345105200e-04
4.870000000 1.133546918961e-03
4.880000000 2.693476066065e-03
4.890000000 4.061702501700e-03
4.900000000 5.199531586913e-03
4.910000000 6.081820613322e-03
4.920000000 6.689638463443e-03
4.930000000 7.016837447228e-03
4.940000000 7.059670080304e-03
4.950000000 6.819359969737e-03
4.960000000 6.296948585393e-03
4.970000000 5.495170906149e-03
4.980000000 4.419489940890e-03
4.990000000 3.090613958679e-03
5.000000000 1.549499631544e-03
5.010000000 -1.370529117590e-04
5.020000000 -1.879173529733e-03
5.030000000 -3.577788491411e-03
5.040000000 -5.133349497584e-03
5.050000000 -6.459349444864e-03
5.060000000 -7.489287485495e-03
5.070000000 -8.178427897704e-03
5.080000000 -8.511880708865e-03
5.090000000 -8.500930425859e-03
5.100000000 -8.189048562778e-03
5.110000000 -7.643607701952e-03
5.120000000 -6.951691748653e-03
5.130000000 -6.201154699551e-03
5.140000000 -5.474980831257e-03
5.150000000 -4.836588846294e-03
5.160000000 -4.326133125267e-03
5.170000000 -3.962391053908e-03
5.180000000 -3.745631963108e-03
5.190000000 -3.663837626961e-03
5.200000000 -3.694183472294e-03
5.210000000 -3.806548781236e-03
5.220000000 -3.966589027861e-03
5.230000000 -4.140578472207e-03
5.240000000 -4.296034062034e-03
5.250000000 -4.408114147197e-03
5.260000000 -4.453912691923e-03
5.270000000 -4.423926015749e-03
5.280000000 -4.325743731687e-03
5.290000000 -4.188519607533e-03
5.300000000 -4.063873677629e-03
5.310000000 -4.013628318579e-03
5.320000000 -4.094801898367e-03
5.330000000 -4.342305314252e-03
5.340000000 -4.760562159397e-03
5.350000000 -5.319294222779e-03
5.360000000 -5.961439999546e-03
5.370000000 -6.612424531667e-03
5.380000000 -7.189759990605e-03
5.390000000 -7.616330552662e-03
5.400000000 -7.827912567920e-03
5.410000000 -7.781947856884e-03
5.420000000 -7.463126858072e-03
5.430000000 -6.881417717244e-03
5.440000000 -6.070252488054e-03
5.450000000 -5.085059359234e-03
5.460000000 -3.992828686399e-03
5.470000000 -2.867377126689e-03
5.480000000 -1.781368977674e-03
5.490000000 -7.910143542381e-04
5.500000000 6.332657043499e-05
5.510000000 7.658592355203e-04
5.520000000 1.317539431101e-03
5.530000000 1.731453699975e-03
5.540000000 2.031494080954e-03
5.550000000 2.246929072996e-03
5.560000000 2.412580247198e-03
5.570000000 2.564432715467e-03
5.580000000 2.736084962503e-03
5.590000000 2.959840969626e-03
5.600000000 3.263022310969e-03
5.610000000 3.662659962511e-03
5.620000000 4.165849631344e-03
5.630000000 4.760117156145e-03
5.640000000 5.412611906071e-03
5.650000000 6.076682163081e-03
5.660000000 6.697784436666e-03
5.670000000 7.234371998864e-03
5.680000000 7.659864325805e-03
5.690000000 7.969783140012e-03
5.700000000 8.168349301534e-03
5.710000000 8.270329263820e-03
5.720000000 8.289795141931e-03
5.730000000 8.242777827665e-03
5.740000000 8.142048069412e-03
5.750000000 7.994504114117e-03
5.760000000 7.798843877492e-03
5.770000000 7.543620218970e-03
5.780000000 7.205773925872e-03
5.790000000 6.753543765921e-03
5.800000000 6.151747277060e-03
5.810000000 5.374641525761e-03
5.820000000 4.419031581899e-03
5.830000000 3.314463611152e-03
5.840000000 2.130943365721e-03
5.850000000 9.594142333618e-04
5.860000000 -9.894355344531e-05
5.870000000 -9.592828161961e-04
5.880000000 -1.573839401448e-03
5.890000000 -1.938607535876e-03
5.900000000 -2.091578342151e-03
5.910000000 -2.099190254867e-03
5.920000000 -2.037015741052e-03
5.930000000 -1.970023846394e-03
5.940000000 -1.935937302240e-03
5.950000000 -1.945508806042e-03
5.960000000 -1.989028477797e-03
5.970000000 -2.054795380823e-03
5.980000000 -2.140543827882e-03
5.990000000 -2.263589965889e-03
6.000000000 -2.458242418019e-03
6.010000000 -2.768356755033e-03
6.020000000 -3.232482682053e-03
6.030000000 -3.877784966440e-03
6.040000000 -4.710064647447e-03
6.050000000 -5.716596417957e-03
6.060000000 -6.863721737868e-03
6.070000000 -8.099489611768e-03
6.080000000 -9.353308847021e-03
6.090000000 -1.053939611730e-02
6.100000000 -1.156725806348e-02
6.110000000 -1.234974778728e-02
6.120000000 -1.282069085372e-02
6.130000000 -1.294285270697e-02
6.140000000 -1.271366006426e-02
6.150000000 -1.216833499807e-02
6.160000000 -1.136768813756e-02
6.170000000 -1.038294573121e-02
6.180000000 -9.280448985195e-03
6.190000000 -8.108075064438e-03
6.200000000 -6.887690006707e-03
6.210000000 -5.621784403704e-03
6.220000000 -4.303187645713e-03
6.230000000 -2.924040035155e-03
6.240000000 -1.482943442773e-03
6.250000000 1.184714732517e-05
6.260000000 1.547268173813e-03
6.270000000 3.100870265266e-03
6.280000000 4.644741468646e-03
6.290000000 6.141001208194e-03
6.300000000 7.544299258194e-03
6.310000000 8.797237372502e-03
6.320000000 9.826533807301e-03
6.330000000 1.054524180676e-02
6.340000000 1.085566724104e-02
6.350000000 1.066381582278e-02
6.360000000 9.895181222265e-03
6.370000000 8.513615599950e-03
6.380000000 6.531815111639e-03
6.390000000 4.017932539757e-03
6.400000000 1.088772052200e-03
6.410000000 -2.099617476631e-03
6.420000000 -5.370919937603e-03
6.430000000 -8.542467355511e-03
6.440000000 -1.144105788272e-02
6.450000000 -1.391693204469e-02
6.460000000 -1.584963019509e-02
6.470000000 -1.715833888467e-02
6.480000000 -1.780783928703e-02
6.490000000 -1.781170213197e-02
6.500000000 -1.723173810418e-02
6.510000000 -1.616368875798e-02
6.520000000 -1.472600517329e-02
6.530000000 -1.304165628378e-02
6.540000000 -1.122412433423e-02
6.550000000 -9.369542193943e-03
6.560000000 -7.548236862831e-03
6.570000000 -5.804252624265e-03
6.580000000 -4.157340909208e-03
6.590000000 -2.615630835897e-03
6.600000000 -1.181266578789e-03
6.610000000 1.360389832655e-04
6.620000000 1.327949162139e-03
6.630000000 2.390009067989e-03
6.640000000 3.333767216249e-03
6.650000000 4.187186486639e-03
6.660000000 4.986580412463e-03
6.670000000 5.764129026752e-03
6.680000000 6.535490613441e-03
6.690000000 7.298315829622e-03
6.700000000 8.037012661042e-03
6.710000000 8.734723405692e-03
6.720000000 9.384530929153e-03
6.730000000 9.985653198840e-03
6.740000000 1.054192049657e-02
6.750000000 1.105885736042e-02
6.760000000 1.154368694523e-02
6.770000000 1.201090323074e-02
6.780000000 1.248438696866e-02
6.790000000 1.299741562922e-02
6.800000000 1.358907035141e-02
6.810000000 1.429298239396e-02
6.820000000 1.512856809514e-02
6.830000000 1.608940458169e-02
6.840000000 1.713638130925e-02
6.850000000 1.820052078247e-02
6.860000000 1.919184042641e-02
6.870000000 2.001270311289e-02
6.880000000 2.057779581245e-02
6.890000000 2.083076064872e-02
6.900000000 2.075400924415e-02
6.910000000 2.037756099838e-02
6.920000000 1.977356351709e-02
6.930000000 1.904666315356e-02
6.940000000 1.832532889092e-02
6.950000000 1.774120127545e-02
6.960000000 1.741629402731e-02
6.970000000 1.744207556604e-02
6.980000000 1.786211401835e-02
6.990000000 1.866854912912e-02
7.000000000 1.980213015160e-02
7.010000000 2.116232572261e-02
7.020000000 2.263039014873e-02
7.030000000 2.407894324847e-02
7.040000000 2.538990687878e-02
7.050000000 2.646039401948e-02
7.060000000 2.721124341610e-02
7.070000000 2.759661279214e-02
7.080000000 2.761529099080e-02
7.090000000 2.730818061371e-02
7.100000000 2.675982499070e-02
7.110000000 2.607803608320e-02
7.120000000 2.536708771254e-02
7.130000000 2.470759265560e-02
7.140000000 2.413990700044e-02
7.150000000 2.366416924035e-02
7.160000000 2.325594004762e-02
7.170000000 2.289362647530e-02
7.180000000 2.257461733446e-02
7.190000000 2.232203637986e-02
7.200000000 2.217242074230e-02
7.210000000 2.215443566508e-02
7.220000000 2.227614329695e-02
7.230000000 2.250876544116e-02
7.240000000 2.278999038892e-02
7.250000000 2.302472987255e-02
7.260000000 2.309610115180e-02
7.270000000 2.287926860827e-02
7.280000000 2.226095190276e-02
7.290000000 2.115474530866e-02
7.300000000 1.951369385961e-02
7.310000000 1.733551044596e-02
7.320000000 1.465527045369e-02
7.330000000 1.153636734008e-02
7.340000000 8.062096782642e-03
7.350000000 4.322124290769e-03
7.360000000 4.086858014607e-04
7.370000000 -3.586661355313e-03
7.380000000 -7.579311966261e-03
7.390000000 -1.149104199662e-02
7.400000000 -1.525662338907e-02
7.410000000 -1.883174557215e-02
7.420000000 -2.219587527136e-02
7.430000000 -2.535727436059e-02
7.440000000 -2.834177248351e-02
7.450000000 -3.118348616718e-02
7.460000000 -3.389923565759e-02
7.470000000 -3.646988131825e-02
7.480000000 -3.883598956086e-02
7.490000000 -4.089875214237e-02
7.500000000 -4.254916042490e-02
7.510000000 -4.369282883578e-02
7.520000000 -4.427369141911e-02
7.530000000 -4.428764292489e-02
7.540000000 -4.377480735054e-02
7.550000000 -4.280023720323e-02
7.560000000 -4.143522423788e-02
7.570000000 -3.974193172435e-02
7.580000000 -3.777355016252e-02
7.590000000 -3.559005965203e-02
7.600000000 -3.326773871647e-02
7.610000000 -3.090441998301e-02
7.620000000 -2.861394699512e-02
7.630000000 -2.650234848475e-02
7.640000000 -2.464765376946e-02
7.650000000 -2.308106239714e-02
7.660000000 -2.178547146014e-02
7.670000000 -2.070745589057e-02
7.680000000 -1.977979484321e-02
7.690000000 -1.893705209793e-02
7.700000000 -1.813251134691e-02
7.710000000 -1.734920392423e-02
7.720000000 -1.659378610444e-02
7.730000000 -1.589064090697e-02
7.740000000 -1.526656616352e-02
7.750000000 -1.473254822491e-02
7.760000000 -1.426852588055e-02
7.770000000 -1.382018994305e-02
7.780000000 -1.330660960509e-02
7.790000000 -1.262904914980e-02
7.800000000 -1.168418107146e-02
7.810000000 -1.037395739166e-02
7.820000000 -8.619291457345e-03
7.830000000 -6.376268381751e-03
7.840000000 -3.652377907433e-03
7.850000000 -5.232119723314e-04
7.860000000 2.864712923038e-03
7.870000000 6.300627809544e-03
7.880000000 9.534722893288e-03
7.890000000 1.231184649679e-02
7.900000000 1.440790899543e-02
7.910000000 1.566512919430e-02
7.920000000 1.601552325395e-02
7.930000000 1.549198368551e-02
7.940000000 1.422553204817e-02
7.950000000 1.242384351192e-02
7.960000000 1.033759436494e-02
7.970000000 8.220222030503e-03
7.980000000 6.287552227902e-03
7.990000000 4.689270179228e-03
8.000000000 3.499099101717e-03
8.010000000 2.712942441320e-03
8.020000000 2.266944478746e-03
8.030000000 2.057125038869e-03
8.040000000 1.963918857508e-03
8.050000000 1.876390787645e-03
8.060000000 1.708983972750e-03
8.070000000 1.407963411391e-03
8.080000000 9.545140775023e-04
8.090000000 3.604409241557e-04
8.100000000 -3.434730101507e-04
8.110000000 -1.122882142728e-03
8.120000000 -1.950905441396e-03
8.130000000 -2.822812928985e-03
8.140000000 -3.755910026831e-03
8.150000000 -4.781769432344e-03
8.160000000 -5.935041302966e-03
8.170000000 -7.235064189893e-03
8.180000000 -8.674401240206e-03
8.190000000 -1.021772954341e-02
8.200000000 -1.180588761643e-02
8.210000000 -1.336897427655e-02
8.220000000 -1.484112106084e-02
8.230000000 -1.617789549055e-02
8.240000000 -1.736568281621e-02
8.250000000 -1.842501275492e-02
8.260000000 -1.941156751587e-02
8.270000000 -2.040310875087e-02
8.280000000 -2.148815626087e-02
8.290000000 -2.273986220966e-02
8.300000000 -2.420329254464e-02
8.310000000 -2.588618951279e-02
8.320000000 -2.775756603713e-02
8.330000000 -2.976146626480e-02
8.340000000 -3.182218306783e-02
8.350000000 -3.385960006782e-02
8.360000000 -3.579861167949e-02
8.370000000 -3.757837611087e-02
8.380000000 -3.916330535429e-02
8.390000000 -4.054331137121e-02
8.400000000 -4.172535885042e-02
8.410000000 -4.271965185094e-02
8.420000000 -4.352586213442e-02
8.430000000 -4.412759939467e-02
8.440000000 -4.449382508120e-02
8.450000000 -4.458828336142e-02
8.460000000 -4.437326990312e-02
8.470000000 -4.382228675037e-02
8.480000000 -4.292379605529e-02
8.490000000 -4.168760831817e-02
8.500000000 -4.014506056776e-02
8.510000000 -3.833773155169e-02
8.520000000 -3.630739588206e-02
8.530000000 -3.408153340876e-02
8.540000000 -3.167018145756e-02
8.550000000 -2.906736704911e-02
8.560000000 -2.624948480214e-02
8.570000000 -2.318392795950e-02
8.580000000 -1.983382147017e-02
8.590000000 -1.617103359623e-02
8.600000000 -1.218568186747e-02
8.610000000 -7.895484063469e-03
8.620000000 -3.344560863991e-03
8.630000000 1.398371942670e-03
8.640000000 6.250222013214e-03
8.650000000 1.111409614798e-02
8.660000000 1.587973083266e-02
8.670000000 2.042690141666e-02
8.680000000 2.462936925905e-02
8.690000000 2.836549853972e-02
8.700000000 3.153450345492e-02
8.710000000 3.406418881019e-02
8.720000000 3.591732445611e-02
8.730000000 3.708707708059e-02
8.740000000 3.759996485267e-02
8.750000000 3.751351067644e-02
8.760000000 3.691527032252e-02
8.770000000 3.591194700765e-02
8.780000000 3.461990431395e-02
8.790000000 3.315055687939e-02
8.800000000 3.159996791130e-02
8.810000000 3.004653645398e-02
8.820000000 2.855005493979e-02
8.830000000 2.715691816545e-02
8.840000000 2.590337839628e-02
8.850000000 2.481403845931e-02
8.860000000 2.390639277269e-02
8.870000000 2.318594653142e-02
8.880000000 2.264832059767e-02
8.890000000 2.228197899666e-02
8.900000000 2.206733077956e-02
8.910000000 2.197579727448e-02
8.920000000 2.196617863518e-02
8.930000000 2.197921135138e-02
8.940000000 2.192717442515e-02
8.950000000 2.169787760022e-02
8.960000000 2.116433841483e-02
8.970000000 2.021111686694e-02
8.980000000 1.876195870363e-02
8.990000000 1.680329902653e-02
9.000000000 1.439826305230e-02
9.010000000 1.168253589493e-02
9.020000000 8.846216750838e-03
9.030000000 6.100428232516e-03
9.040000000 3.632855426600e-03
9.050000000 1.573927346573e-03
9.060000000 -3.534205413889e-05
9.070000000 -1.242509775918e-03
9.080000000 -2.172484328381e-03
9.090000000 -2.993550628169e-03
9.100000000 -3.873406196852e-03
9.110000000 -4.943403696742e-03
9.120000000 -6.272443302464e-03
9.130000000 -7.851641828201e-03
9.140000000 -9.602754488461e-03
9.150000000 -1.139428937862e-02
9.160000000 -1.306921580038e-02
9.170000000 -1.446943421160e-02
9.180000000 -1.546127452840e-02
9.190000000 -1.594617925249e-02
9.200000000 -1.587271305785e-02
9.210000000 -1.523534577927e-02
9.220000000 -1.407401203883e-02
9.230000000 -1.246404671072e-02
9.240000000 -1.049838215864e-02
9.250000000 -8.271184744393e-03
9.260000000 -5.867574075173e-03
9.270000000 -3.357111281487e-03
9.280000000 -7.992118347907e-04
9.290000000 1.749437502148e-03
9.300000000 4.231095727849e-03
9.310000000 6.585500099197e-03
9.320000000 8.748981087800e-03
9.330000000 1.065417356703e-02
9.340000000 1.224298865300e-02
9.350000000 1.347208127907e-02
9.360000000 1.432874934782e-02
9.370000000 1.484263397707e-02
9.380000000 1.508438338853e-02
9.390000000 1.516244004693e-02
9.400000000 1.520696041195e-02
9.410000000 1.534952823386e-02
9.420000000 1.570448715916e-02
9.430000000 1.634814582613e-02
9.440000000 1.731524045440e-02
9.450000000 1.860619225320e-02
9.460000000 2.020152365420e-02
9.470000000 2.208800876262e-02
9.480000000 2.427332532005e-02
9.490000000 2.678579122381e-02
9.500000000 2.965673372254e-02
9.510000000 3.288863998602e-02
9.520000000 3.642592468541e-02
9.530000000 4.013895309563e-02
9.540000000 4.382993747126e-02
9.550000000 4.725549621874e-02
9.560000000 5.017290418762e-02
9.570000000 5.237366090036e-02
9.580000000 5.371735152118e-02
9.590000000 5.414252058108e-02
9.600000000 5.366279979502e-02
9.610000000 5.235687488463e-02
9.620000000 5.035142976806e-02
9.630000000 4.780941160492e-02
9.640000000 4.492259011404e-02
9.650000000 4.190178834665e-02
9.660000000 3.896205164985e-02
9.670000000 3.630146706303e-02
9.680000000 3.406627184092e-02
9.690000000 3.232446206849e-02
9.700000000 3.104963536363e-02
9.710000000 3.012397664434e-02
9.720000000 2.937172733867e-02
9.730000000 2.860294367122e-02
9.740000000 2.766669103606e-02
9.750000000 2.648500704656e-02
9.760000000 2.506184855052e-02
9.770000000 2.346038747266e-02
9.780000000 2.176002880086e-02
9.790000000 2.002500997395e-02
9.800000000 1.827523149518e-02
9.810000000 1.648684222663e-02
9.820000000 1.460775043882e-02
9.830000000 1.257609145887e-02
9.840000000 1.033541385724e-02
9.850000000 7.859570204411e-03
9.860000000 5.166360306819e-03
9.870000000 2.327798010254e-03
9.880000000 -5.370616024515e-04
9.890000000 -3.284366592094e-03
9.900000000 -5.783664086419e-03
9.910000000 -7.949927281225e-03
9.920000000 -9.760281208510e-03
9.930000000 -1.125420522828e-02
9.940000000 -1.251383492153e-02
9.950000000 -1.363994549024e-02
9.960000000 -1.472497742316e-02
9.970000000 -1.583138822063e-02
9.980000000 -1.698861438622e-02
9.990000000 -1.819788356536e-02
10.000000000 -1.944924507855e-02
10.010000000 -2.073185455537e-02
10.020000000 -2.204348126433e-02
10.030000000 -2.338245390242e-02
10.040000000 -2.474295903192e-02
10.050000000 -2.610959718194e-02
10.060000000 -2.745401089161e-02
10.070000000 -2.873188518620e-02
10.080000000 -2.987965161361e-02
10.090000000 -3.081523916646e-02
10.100000000 -3.144737946407e-02
10.110000000 -3.169698561916e-02
10.120000000 -3.152385773662e-02
10.130000000 -3.094810451813e-02
10.140000000 -3.005021579617e-02
10.150000000 -2.896045716111e-02
10.160000000 -2.782744508632e-02
10.170000000 -2.678978796482e-02
10.180000000 -2.594901789826e-02
10.190000000 -2.535746510574e-02
10.200000000 -2.501333721802e-02
10.210000000 -2.487539809458e-02
10.220000000 -2.487913892218e-02
10.230000000 -2.495429509944e-02
10.240000000 -2.504089660373e-02
10.250000000 -2.509100622302e-02
10.260000000 -2.507246179295e-02
10.270000000 -2.496249015442e-02
10.280000000 -2.475034338443e-02
10.290000000 -2.444236797355e-02
10.300000000 -2.406684591922e-02
10.310000000 -2.367970268045e-02
10.320000000 -2.335198539075e-02
10.330000000 -2.315361547265e-02
10.340000000 -2.313260056299e-02
10.350000000 -2.329950062608e-02
10.360000000 -2.362428644513e-02
10.370000000 -2.404500411041e-02
10.380000000 -2.448372104970e-02
10.390000000 -2.486377096458e-02
10.400000000 -2.512271160453e-02
10.410000000 -2.520712759880e-02
10.420000000 -2.506759608879e-02
10.430000000 -2.465073119310e-02
10.440000000 -2.389273580563e-02
10.450000000 -2.273807401025e-02
10.460000000 -2.115593765466e-02
10.470000000 -1.916541104119e-02
10.480000000 -1.685271026606e-02
10.490000000 -1.437581391723e-02
10.500000000 -1.194822668813e-02
10.510000000 -9.798339147484e-03
10.520000000 -8.123502326820e-03
10.530000000 -7.042925286611e-03
10.540000000 -6.574870894266e-03
10.550000000 -6.635312535695e-03
10.560000000 -7.070173358720e-03
10.570000000 -7.693063029843e-03
10.580000000 -8.327836054017e-03
10.590000000 -8.840165969949e-03
10.600000000 -9.152224925728e-03
10.610000000 -9.239320794734e-03
10.620000000 -9.118250604373e-03
10.630000000 -8.828692428747e-03
10.640000000 -8.410763212847e-03
10.650000000 -7.889386567597e-03
10.660000000 -7.265908004504e-03
10.670000000 -6.525228641630e-03
10.680000000 -5.652255534752e-03
10.690000000 -4.645455621487e-03
10.700000000 -3.525792013991e-03
10.710000000 -2.331845845470e-03
10.720000000 -1.105803506893e-03
10.730000000 1.100231033437e-04
10.740000000 1.279457502187e-03
10.750000000 2.366637667394e-03
10.760000000 3.333028263367e-03
10.770000000 4.128447959787e-03
10.780000000 4.696331772423e-03
10.790000000 4.976244387637e-03
10.800000000 4.919773477250e-03
10.810000000 4.507874658441e-03
10.820000000 3.770003997133e-03
10.830000000 2.787415634815e-03
10.840000000 1.687880046391e-03
10.850000000 6.250531855588e-04
10.860000000 -2.490806074152e-04
10.870000000 -8.096302751337e-04
10.880000000 -9.781391405591e-04
10.890000000 -7.315040705356e-04
10.900000000 -9.786993069593e-05
10.910000000 8.447005714646e-04
10.920000000 1.989135418749e-03
10.930000000 3.213746553404e-03
10.940000000 4.403992136214e-03
10.950000000 5.466856774145e-03
10.960000000 6.339389986724e-03
10.970000000 6.994285232910e-03
10.980000000 7.431731034547e-03
10.990000000 7.675048802976e-03
11.000000000 7.749035352141e-03
11.010000000 7.664121658340e-03
11.020000000 7.394592572656e-03
11.030000000 6.872188164787e-03
11.040000000 5.989938940026e-03
11.050000000 4.624736389731e-03
11.060000000 2.668797711573e-03
11.070000000 6.002044201993e-05
11.080000000 -3.198816739519e-03
11.090000000 -7.032787824272e-03
11.100000000 -1.130585310194e-02
11.110000000 -1.584069748585e-02
11.120000000 -2.045612403397e-02
11.130000000 -2.499715355094e-02
11.140000000 -2.936516047741e-02
11.150000000 -3.352426949258e-02
11.160000000 -3.748998102370e-02
11.170000000 -4.130560894564e-02
11.180000000 -4.500455627350e-02
11.190000000 -4.858336782162e-02
11.200000000 -5.198302586740e-02
11.210000000 -5.508587305958e-02
11.220000000 -5.772903333955e-02
11.230000000 -5.973332550821e-02
11.240000000 -6.093301436474e-02
11.250000000 -6.121381958107e-02
11.260000000 -6.054136242981e-02
11.270000000 -5.898039847249e-02
11.280000000 -5.669612679990e-02
11.290000000 -5.393590340340e-02
11.300000000 -5.099487974537e-02
11.310000000 -4.816689134474e-02
11.320000000 -4.569763706002e-02
11.330000000 -4.375178903277e-02
11.340000000 -4.239874503435e-02
11.350000000 -4.161880733974e-02
11.360000000 -4.131305241561e-02
11.370000000 -4.132004860416e-02
11.380000000 -4.143165191208e-02
11.390000000 -4.140883123835e-02
11.400000000 -4.100222149497e-02
11.410000000 -3.997572945460e-02
11.420000000 -3.813412406738e-02
11.430000000 -3.534870121405e-02
11.440000000 -3.157493036457e-02
11.450000000 -2.686678741240e-02
11.460000000 -2.136864371371e-02
11.470000000 -1.529347116225e-02
11.480000000 -8.884400373250e-03
11.490000000 -2.376184639725e-03
11.500000000 4.041511052772e-03
11.510000000 1.023965727715e-02
11.520000000 1.615043338487e-02
11.530000000 2.174574430763e-02
11.540000000 2.702575380583e-02
11.550000000 3.200054579238e-02
11.560000000 3.668743086977e-02
11.570000000 4.111137725908e-02
11.580000000 4.530180943259e-02
11.590000000 4.929614453694e-02
11.600000000 5.312809213742e-02
11.610000000 5.681621761039e-02
11.620000000 6.034390326903e-02
11.630000000 6.364070942097e-02
11.640000000 6.657370719910e-02
11.650000000 6.896002036592e-02
11.660000000 7.059606263633e-02
11.670000000 7.130136805540e-02
11.680000000 7.096424707015e-02
11.690000000 6.956414024399e-02
11.700000000 6.718005059885e-02
11.710000000 6.396391286837e-02
11.720000000 6.010741917564e-02
11.730000000 5.580638853561e-02
11.740000000 5.124058023674e-02
11.750000000 4.657163651427e-02
11.760000000 4.195205085440e-02
11.770000000 3.754321442585e-02
11.780000000 3.351439836784e-02
11.790000000 3.003412206492e-02
11.800000000 2.724806640124e-02
11.810000000 2.526016343472e-02
11.820000000 2.411805959957e-02
11.830000000 2.380717404006e-02
11.840000000 2.426175176912e-02
11.850000000 2.537096972148e-02
11.860000000 2.699087711307e-02
11.870000000 2.895388347078e-02
11.880000000 3.107126542577e-02
11.890000000 3.314480656904e-02
11.900000000 3.497789563822e-02
11.910000000 3.638967801318e-02
11.920000000 3.722971729622e-02
11.930000000 3.738741504879e-02
11.940000000 3.679763316091e-02
11.950000000 3.544195594242e-02
11.960000000 3.334500149479e-02
11.970000000 3.056348200427e-02
11.980000000 2.717054290579e-02
11.990000000 2.324617523633e-02
12.000000000 1.886722866387e-02
12.010000000 1.410682969289e-02
12.020000000 9.042706267851e-03
12.030000000 3.760796638420e-03
12.040000000 -1.635543863647e-03
12.050000000 -7.028877242196e-03
12.060000000 -1.228962165009e-02
12.070000000 -1.728511262127e-02
12.080000000 -2.188513795282e-02
12.090000000 -2.597020615995e-02
12.100000000 -2.944032060821e-02
12.110000000 -3.222329264767e-02
12.120000000 -3.428818257720e-02
12.130000000 -3.565222743990e-02
12.140000000 -3.638791126650e-02
12.150000000 -3.662154055812e-02
12.160000000 -3.651280852564e-02
12.170000000 -3.623556906777e-02
12.180000000 -3.594971683929e-02
12.190000000 -3.578521686154e-02
12.200000000 -3.583484484702e-02
12.210000000 -3.615157253797e-02
12.220000000 -3.675291115099e-02
12.230000000 -3.762468192976e-02
12.240000000 -3.872595363208e-02
12.250000000 -3.998855587296e-02
12.260000000 -4.132077440489e-02
12.270000000 -4.260713940834e-02
12.280000000 -4.372442709531e-02
12.290000000 -4.455214526528e-02
12.300000000 -4.499918925603e-02
12.310000000 -4.501575626771e-02
12.320000000 -4.459573224135e-02
12.330000000 -4.376442662064e-02
12.340000000 -4.255396476011e-02
12.350000000 -4.097991599830e-02
12.360000000 -3.902902987099e-02
12.370000000 -3.666424433530e-02
12.380000000 -3.383783016870e-02
12.390000000 -3.051115443459e-02
12.400000000 -2.666424661159e-02
12.410000000 -2.229923176142e-02
12.420000000 -1.744037985818e-02
12.430000000 -1.212177558202e-02
12.440000000 -6.387825026184e-03
12.450000000 -2.847726932287e-04
12.460000000 6.132029901706e-03
12.470000000 1.278667580993e-02
12.480000000 1.957139149832e-02
12.490000000 2.633411924907e-02
12.500000000 3.288159526103e-02
12.510000000 3.899208326514e-02
12.520000000 4.444418831692e-02
12.530000000 4.904995459126e-02
12.540000000 5.268522800511e-02
12.550000000 5.530020384202e-02
12.560000000 5.691938692317e-02
12.570000000 5.761816077584e-02
12.580000000 5.750009157519e-02
12.590000000 5.667867315384e-02
12.600000000 5.526476490514e-02
12.610000000 5.336809408694e-02
12.620000000 5.109313934065e-02
12.630000000 4.853647684881e-02
12.640000000 4.577462484621e-02
12.650000000 4.285337949141e-02
12.660000000 3.978127304266e-02
12.670000000 3.653547607913e-02
12.680000000 3.307609681179e-02
12.690000000 2.936925489254e-02
12.700000000 2.540338785234e-02
12.710000000 2.120372017000e-02
12.720000000 1.683319672360e-02
12.730000000 1.238325455167e-02
12.740000000 7.958910545708e-03
12.750000000 3.660223998457e-03
12.760000000 -4.312248329973e-04
12.770000000 -4.264123662276e-03
12.780000000 -7.814510876121e-03
12.790000000 -1.107638523333e-02
12.800000000 -1.405176672623e-02
12.810000000 -1.673665595638e-02
12.820000000 -1.911906206626e-02
12.830000000 -2.117551209413e-02
12.840000000 -2.287770099172e-02
12.850000000 -2.420213194333e-02
12.860000000 -2.513714726439e-02
12.870000000 -2.568596409577e-02
12.880000000 -2.586447428952e-02
12.890000000 -2.568943223924e-02
12.900000000 -2.517110369281e-02
12.910000000 -2.430828570084e-02
12.920000000 -2.309260974645e-02
12.930000000 -2.152608218953e-02
12.940000000 -1.963628642064e-02
12.950000000 -1.749210921407e-02
12.960000000 -1.520954829446e-02
12.970000000 -1.294045127740e-02
12.980000000 -1.084858062446e-02
12.990000000 -9.074802670014e-03
13.000000000 -7.711470768548e-03
13.010000000 -6.786518424094e-03
13.020000000 -6.260637601566e-03
13.030000000 -6.041040222190e-03
13.040000000 -5.998044488374e-03
13.050000000 -5.988362447771e-03
13.060000000 -5.877178061026e-03
13.070000000 -5.563308204137e-03
13.080000000 -4.991865027005e-03
13.090000000 -4.167155661207e-03
13.100000000 -3.146174122403e-03
13.110000000 -2.029803258482e-03
13.120000000 -9.345930319620e-04
13.130000000 3.367076626996e-05
13.140000000 8.046474632481e-04
13.150000000 1.357569796235e-03
13.160000000 1.718660690374e-03
13.170000000 1.948886859479e-03
13.180000000 2.121934446311e-03
13.190000000 2.305498481171e-03
13.200000000 2.549351771435e-03
13.210000000 2.880225095823e-03
13.220000000 3.302715488436e-03
13.230000000 3.810590880586e-03
13.240000000 4.390957271891e-03
13.250000000 5.029366334856e-03
13.260000000 5.708077148292e-03
13.270000000 6.403728425320e-03
13.280000000 7.086212042791e-03
13.290000000 7.713611685587e-03
13.300000000 8.236221771343e-03
13.310000000 8.600686517080e-03
13.320000000 8.757693083948e-03
13.330000000 8.673326594750e-03
13.340000000 8.334377328797e-03
13.350000000 7.747972568865e-03
13.360000000 6.943709720313e-03
13.370000000 5.968199737012e-03
13.380000000 4.886131281503e-03
13.390000000 3.779180983590e-03
13.400000000 2.740508526614e-03
13.410000000 1.864253603560e-03
13.420000000 1.233769484205e-03
13.430000000 9.056112260158e-04
13.440000000 8.938109901791e-04
13.450000000 1.169464780277e-03
13.460000000 1.658132729586e-03
13.470000000 2.252498493553e-03
13.480000000 2.833537820572e-03
13.490000000 3.292126277151e-03
13.500000000 3.553033579535e-03
13.510000000 3.582400984774e-03
13.520000000 3.392874892113e-03
13.530000000 3.026755897530e-03
13.540000000 2.540441685928e-03
13.550000000 1.986886762975e-03
13.560000000 1.402536306319e-03
13.570000000 7.955588167616e-04
13.580000000 1.456294413640e-04
13.590000000 -5.905918250440e-04
13.600000000 -1.471352289627e-03
13.610000000 -2.547463342481e-03
13.620000000 -3.845636116445e-03
13.630000000 -5.355899687851e-03
13.640000000 -7.024987951643e-03
13.650000000 -8.768157849173e-03
13.660000000 -1.048415957755e-02
13.670000000 -1.207399668945e-02
13.680000000 -1.345290653081e-02
13.690000000 -1.455986794564e-02
13.700000000 -1.535245382999e-02
13.710000000 -1.580928746053e-02
13.720000000 -1.591994085134e-02
13.730000000 -1.568867966852e-02
13.740000000 -1.513436518391e-02
13.750000000 -1.429093021686e-02
13.760000000 -1.321070003711e-02
13.770000000 -1.195878948493e-02
13.780000000 -1.061087989484e-02
13.790000000 -9.241925735253e-03
13.800000000 -7.916241046886e-03
13.810000000 -6.683207184177e-03
13.820000000 -5.566816279226e-03
13.830000000 -4.572034176017e-03
13.840000000 -3.686546207123e-03
13.850000000 -2.894323352882e-03
13.860000000 -2.180996555662e-03
13.870000000 -1.541588834744e-03
13.880000000 -9.806428313908e-04
13.890000000 -5.112804492249e-04
13.900000000 -1.563836287752e-04
13.910000000 5.138975283489e-05
13.920000000 6.783307762274e-05
13.930000000 -1.540986019734e-04
13.940000000 -6.482702870250e-04
13.950000000 -1.416876906580e-03
13.960000000 -2.414162302613e-03
13.970000000 -3.540923787375e-03
13.980000000 -4.647804996313e-03
13.990000000 -5.554653655790e-03
14.000000000 -6.068657605013e-03
14.010000000 -6.012488183092e-03
14.020000000 -5.250974804734e-03
14.030000000 -3.715026070112e-03
14.040000000 -1.409035159057e-03
14.050000000 1.587237845237e-03
14.060000000 5.141560946553e-03
14.070000000 9.091770542562e-03
14.080000000 1.328181428532e-02
14.090000000 1.757892367147e-02
14.100000000 2.187543034321e-02
14.110000000 2.607490972449e-02
14.120000000 3.007725621952e-02
14.130000000 3.376643849284e-02
14.140000000 3.701610437640e-02
14.150000000 3.970235543020e-02
14.160000000 4.173075555184e-02
14.170000000 4.304761598822e-02
14.180000000 4.365049261736e-02
14.190000000 4.358957808989e-02
14.200000000 4.295710855452e-02
14.210000000 4.188179942179e-02
14.220000000 4.050545508348e-02
14.230000000 3.897397405386e-02
14.240000000 3.741544302778e-02
14.250000000 3.592549486723e-02
14.260000000 3.456180084430e-02
14.270000000 3.334449698497e-02
14.280000000 3.227091531058e-02
14.290000000 3.132987201779e-02
14.300000000 3.051026053041e-02
14.310000000 2.981022138723e-02
14.320000000 2.922869622260e-02
14.330000000 2.875738822455e-02
14.340000000 2.837101365167e-02
14.350000000 2.801931078854e-02
14.360000000 2.763684755966e-02
14.370000000 2.715154069673e-02
14.380000000 2.649762965795e-02
14.390000000 2.562937779132e-02
14.400000000 2.452069054059e-02
14.410000000 2.316494676799e-02
14.420000000 2.156713485206e-02
14.430000000 1.973895586784e-02
14.440000000 1.769398951292e-02
14.450000000 1.544466116730e-02
14.460000000 1.299721356442e-02
14.470000000 1.035425268118e-02
14.480000000 7.521505897498e-03
14.490000000 4.513300811876e-03
14.500000000 1.363719231097e-03
14.510000000 -1.867129766429e-03
14.520000000 -5.095750357763e-03
14.530000000 -8.222959830778e-03
14.540000000 -1.115165450526e-02
14.550000000 -1.379735037893e-02
14.560000000 -1.609594924209e-02
14.570000000 -1.800712607814e-02
14.580000000 -1.950956871065e-02
14.590000000 -2.060627983941e-02
14.600000000 -2.132969618366e-02
14.610000000 -2.174902914485e-02
14.620000000 -2.197205354380e-02
14.630000000 -2.213623239423e-02
14.640000000 -2.238446313794e-02
14.650000000 -2.284062155440e-02
14.660000000 -2.358205834341e-02
14.670000000 -2.462713776911e-02
14.680000000 -2.593907129893e-02
14.690000000 -2.743866580891e-02
14.700000000 -2.902570182405e-02
14.710000000 -3.060109637036e-02
14.720000000 -3.208212623611e-02
14.730000000 -3.340806876293e-02
14.740000000 -3.454123359744e-02
14.750000000 -3.546102152709e-02
14.760000000 -3.615410618107e-02
14.770000000 -3.661136885340e-02
14.780000000 -3.682496182352e-02
14.790000000 -3.679367925928e-02
14.800000000 -3.652201332668e-02
14.810000000 -3.601780258724e-02
14.820000000 -3.528882213132e-02
14.830000000 -3.433772480350e-02
14.840000000 -3.315440979151e-02
14.850000000 -3.170883503671e-02
14.860000000 -2.994993690686e-02
14.870000000 -2.781139622972e-02
14.880000000 -2.522418764485e-02
14.890000000 -2.214011116673e-02
14.900000000 -1.855189314280e-02
14.910000000 -1.450430722452e-02
14.920000000 -1.010458140502e-02
14.930000000 -5.508650620229e-03
14.940000000 -9.043895694738e-04
14.950000000 3.513155728517e-03
14.960000000 7.577834166278e-03
14.970000000 1.117495294251e-02
14.980000000 1.426160502838e-02
14.990000000 1.685722705997e-02
15.000000000 1.903200849650e-02
15.010000000 2.087949739516e-02
15.020000000 2.249437133262e-02
15.030000000 2.395928775418e-02
15.040000000 2.533569737063e-02
15.050000000 2.666282989304e-02
15.060000000 2.795429343541e-02
15.070000000 2.920692687416e-02
15.080000000 3.039872173756e-02
15.090000000 3.150185941877e-02
15.100000000 3.249053788565e-02
15.110000000 3.334497903425e-02
15.120000000 3.405646187930e-02
15.130000000 3.462665515929e-02
15.140000000 3.506097543062e-02
15.150000000 3.536374195443e-02
15.160000000 3.553441676056e-02
15.170000000 3.556863224043e-02
15.180000000 3.545929827547e-02
15.190000000 3.520128909699e-02
15.200000000 3.480041690647e-02
15.210000000 3.427332005344e-02
15.220000000 3.365020566860e-02
15.230000000 3.296326379730e-02
15.240000000 3.223843584251e-02
15.250000000 3.148642049708e-02
15.260000000 3.070441807776e-02
15.270000000 2.987393381149e-02
15.280000000 2.896286832235e-02
15.290000000 2.792985498737e-02
15.300000000 2.672936367566e-02
15.310000000 2.532428928586e-02
15.320000000 2.369527057990e-02
15.330000000 2.184901757927e-02
15.340000000 1.981666743178e-02
15.350000000 1.764497190271e-02
15.360000000 1.538335605382e-02
15.370000000 1.307527750915e-02
15.380000000 1.074871009031e-02
15.390000000 8.417280443130e-03
15.400000000 6.092233249424e-03
15.410000000 3.793442248885e-03
15.420000000 1.561884378267e-03
15.430000000 -5.397013949457e-04
15.440000000 -2.435363919747e-03
15.450000000 -4.057579112554e-03
15.460000000 -5.367036568720e-03
15.470000000 -6.366966216180e-03
15.480000000 -7.103308224077e-03
15.490000000 -7.651585854719e-03
15.500000000 -8.098436216391e-03
15.510000000 -8.520359462726e-03
15.520000000 -8.968634635100e-03
15.530000000 -9.459274144935e-03
15.540000000 -9.973490791564e-03
15.550000000 -1.046531132604e-02
15.560000000 -1.088122564694e-02
15.570000000 -1.118089972446e-02
15.580000000 -1.135119771053e-02
15.590000000 -1.141171969960e-02
15.600000000 -1.141096963524e-02
15.610000000 -1.141781256289e-02
15.620000000 -1.151162722266e-02
15.630000000 -1.176812913456e-02
15.640000000 -1.224887605315e-02
15.650000000 -1.298387398244e-02
15.660000000 -1.395604065602e-02
15.670000000 -1.509117988052e-02
15.680000000 -1.626104842205e-02
15.690000000 -1.729443552686e-02
15.700000000 -1.800114889072e-02
15.710000000 -1.820006469864e-02
15.720000000 -1.774722525168e-02
15.730000000 -1.656201360821e-02
15.740000000 -1.463349445920e-02
15.750000000 -1.202937441747e-02
15.760000000 -8.885303500808e-03
15.770000000 -5.390886583235e-03
15.780000000 -1.773886676493e-03
15.790000000 1.724688839374e-03
15.800000000 4.872639752152e-03
15.810000000 7.473585108160e-03
15.820000000 9.378333332670e-03
15.830000000 1.050016025314e-02
15.840000000 1.081061041274e-02
15.850000000 1.033326796460e-02
15.860000000 9.137059290499e-03
15.870000000 7.330221142614e-03
15.880000000 5.051355177425e-03
15.890000000 2.465845297538e-03
15.900000000 -2.512810421324e-04
15.910000000 -2.927169170888e-03
15.920000000 -5.411197033620e-03
15.930000000 -7.593996779851e-03
15.940000000 -9.410127831592e-03
15.950000000 -1.084391249270e-02
15.960000000 -1.191560931416e-02
15.970000000 -1.266584670229e-02
15.980000000 -1.314079837735e-02
15.990000000 -1.337953308260e-02
16.000000000 -1.341056520191e-02
16.010000000 -1.325555313430e-02
16.020000000 -1.293493993527e-02
16.030000000 -1.247060618613e-02
16.040000000 -1.188570468934e-02
16.050000000 -1.120421497779e-02
16.060000000 -1.044528641805e-02
16.070000000 -9.629289945897e-03
16.080000000 -8.785312829431e-03
16.090000000 -7.951654459574e-03
16.100000000 -7.185081573777e-03
16.110000000 -6.551398938437e-03
16.120000000 -6.116038997790e-03
16.130000000 -5.935312286155e-03
16.140000000 -6.048558822572e-03
16.150000000 -6.468060527305e-03
16.160000000 -7.178607678328e-03
16.170000000 -8.132475363777e-03
16.180000000 -9.252489181781e-03
16.190000000 -1.043682253883e-02
16.200000000 -1.156743355022e-02
16.210000000 -1.252227073245e-02
16.220000000 -1.318718992190e-02
16.230000000 -1.347344596824e-02
16.240000000 -1.333271090020e-02
16.250000000 -1.277185700404e-02
16.260000000 -1.185493021050e-02
16.270000000 -1.068657314678e-02
16.280000000 -9.386869392533e-03
16.290000000 -8.065101023154e-03
16.300000000 -6.797070574826e-03
16.310000000 -5.617744748113e-03
16.320000000 -4.527083707999e-03
16.330000000 -3.502497025184e-03
16.340000000 -2.518141250735e-03
16.350000000 -1.558762716486e-03
16.360000000 -6.257920667604e-04
16.370000000 2.670609933351e-04
16.380000000 1.102121983124e-03
16.390000000 1.866014479325e-03
16.400000000 2.557781622905e-03
16.410000000 3.189351170340e-03
16.420000000 3.779226947850e-03
16.430000000 4.353339189828e-03
16.440000000 4.934495744118e-03
16.450000000 5.543305518243e-03
16.460000000 6.192521340710e-03
16.470000000 6.889901908856e-03
16.480000000 7.637677261554e-03
16.490000000 8.440950430257e-03
16.500000000 9.314523569488e-03
16.510000000 1.028708896676e-02
16.520000000 1.140271735860e-02
16.530000000 1.271142042204e-02
16.540000000 1.426248089740e-02
16.550000000 1.608719997902e-02
16.560000000 1.819074956510e-02
16.570000000 2.054728760026e-02
16.580000000 2.310301328480e-02
16.590000000 2.578714421275e-02
16.600000000 2.852226222066e-02
16.610000000 3.123906312474e-02
16.620000000 3.387803374700e-02
16.630000000 3.639314279951e-02
16.640000000 3.874818347614e-02
16.650000000 4.091050461775e-02
16.660000000 4.284885089335e-02
16.670000000 4.453250803822e-02
16.680000000 4.593176659962e-02
16.690000000 4.701852723599e-02
16.700000000 4.777019102512e-02
16.710000000 4.817028930321e-02
16.720000000 4.820740794489e-02
16.730000000 4.787590138382e-02
16.740000000 4.717005404396e-02
16.750000000 4.608262296065e-02
16.760000000 4.461053612956e-02
16.770000000 4.276339929806e-02
16.780000000 4.058049108956e-02
16.790000000 3.813367951183e-02
16.800000000 3.552804765051e-02
16.810000000 3.288663593054e-02
16.820000000 3.032509631905e-02
16.830000000 2.793088578901e-02
16.840000000 2.574016166278e-02
16.850000000 2.373045652986e-02
16.860000000 2.182189327392e-02
16.870000000 1.988942878884e-02
16.880000000 1.779771260479e-02
16.890000000 1.542335358079e-02
16.900000000 1.268656400197e-02
16.910000000 9.557426717250e-03
16.920000000 6.052199350811e-03
16.930000000 2.230490745666e-03
16.940000000 -1.826667859158e-03
16.950000000 -6.020796964890e-03
16.960000000 -1.024790506001e-02
16.970000000 -1.440923600700e-02
16.980000000 -1.841654785087e-02
16.990000000 -2.220424508827e-02
17.000000000 -2.572852312139e-02
17.010000000 -2.896890287472e-02
17.020000000 -3.192373809787e-02
17.030000000 -3.460409836414e-02
17.040000000 -3.702420296200e-02
17.050000000 -3.919650494463e-02
17.060000000 -4.113335667539e-02
17.070000000 -4.284419086900e-02
17.080000000 -4.433907659552e-02
17.090000000 -4.563323004254e-02
17.100000000 -4.673948632287e-02
17.110000000 -4.766921926976e-02
17.120000000 -4.842461225637e-02
17.130000000 -4.899447594687e-02
17.140000000 -4.935714056625e-02
17.150000000 -4.948719019837e-02
17.160000000 -4.936246191958e-02
17.170000000 -4.897469204685e-02
17.180000000 -4.833067813803e-02
17.190000000 -4.744021162740e-02
17.200000000 -4.630866925340e-02
17.210000000 -4.492629868477e-02
17.220000000 -4.326598159949e-02
17.230000000 -4.129400525946e-02
17.240000000 -3.898310516267e-02
17.250000000 -3.632426895141e-02
17.260000000 -3.333565610673e-02
17.270000000 -3.006404956898e-02
17.280000000 -2.658008639274e-02
17.290000000 -2.296849004398e-02
17.300000000 -1.931836192255e-02
17.310000000 -1.571716997445e-02
17.320000000 -1.224145960459e-02
17.330000000 -8.955406446104e-03
17.340000000 -5.904962666199e-03
17.350000000 -3.115486951970e-03
17.360000000 -5.873433499492e-04
17.370000000 1.699025140589e-03
17.380000000 3.774739794542e-03
17.390000000 5.675585712432e-03
17.400000000 7.434911275434e-03
17.410000000 9.079108839799e-03
17.420000000 1.063047299800e-02
17.430000000 1.210832710283e-02
17.440000000 1.352890026168e-02
17.450000000 1.491101626939e-02
17.460000000 1.627594230422e-02
17.470000000 1.765625799521e-02
17.480000000 1.909996284693e-02
17.490000000 2.066835263860e-02
17.500000000 2.243145962695e-02
17.510000000 2.445298272194e-02
17.520000000 2.677123849800e-02
17.530000000 2.938769159622e-02
17.540000000 3.225790007472e-02
17.550000000 3.529540264879e-02
17.560000000 3.838831025431e-02
17.570000000 4.141476274286e-02
17.580000000 4.426607140651e-02
17.590000000 4.685518555950e-02
17.600000000 4.912350168271e-02
17.610000000 5.103580856862e-02
17.620000000 5.257162861277e-02
17.630000000 5.372151507084e-02
17.640000000 5.448201599542e-02
17.650000000 5.485531572527e-02
17.660000000 5.484887127583e-02
17.670000000 5.447220070891e-02
17.680000000 5.373497698746e-02
17.690000000 5.264039283302e-02
17.700000000 5.119010710261e-02
17.710000000 4.938528836504e-02
17.720000000 4.722876479806e-02
17.730000000 4.473751242835e-02
17.740000000 4.194854606648e-02
17.750000000 3.892236908962e-02
17.760000000 3.573468510757e-02
17.770000000 3.246577834200e-02
17.780000000 2.918004210880e-02
17.790000000 2.591950611133e-02
17.800000000 2.269755875492e-02
17.810000000 1.950563127612e-02
17.820000000 1.632611980160e-02
17.830000000 1.314125844913e-02
17.840000000 9.946793797689e-03
17.850000000 6.754985091855e-03
17.860000000 3.601551466600e-03
17.870000000 5.421938086759e-04
17.880000000 -2.348700260115e-03
17.890000000 -4.990262937557e-03
17.900000000 -7.303850327426e-03
17.910000000 -9.229009149759e-03
17.920000000 -1.073434720629e-02
17.930000000 -1.181994064843e-02
17.940000000 -1.251523887917e-02
17.950000000 -1.286992800849e-02
17.960000000 -1.294302585448e-02
17.970000000 -1.279729144037e-02
17.980000000 -1.249421551628e-02
17.990000000 -1.209804118816e-02
18.000000000 -1.167511326105e-02
18.010000000 -1.129328570640e-02
18.020000000 -1.101564067663e-02
18.030000000 -1.088621584501e-02
18.040000000 -1.092412737831e-02
18.050000000 -1.111977119951e-02
18.060000000 -1.143718560043e-02
18.070000000 -1.182832901363e-02
18.080000000 -1.224157601090e-02
18.090000000 -1.263665934916e-02
18.100000000 -1.299012845510e-02
18.110000000 -1.329411551012e-02
18.120000000 -1.355383309053e-02
18.130000000 -1.378179441102e-02
18.140000000 -1.399483464481e-02
18.150000000 -1.421402504970e-02
18.160000000 -1.445950124769e-02
18.170000000 -1.475109266203e-02
18.180000000 -1.510395640909e-02
18.190000000 -1.552577349158e-02
18.200000000 -1.601691337717e-02
18.210000000 -1.657473776646e-02
18.220000000 -1.719702449243e-02
18.230000000 -1.788804817196e-02
18.240000000 -1.865292229906e-02
18.250000000 -1.949459543930e-02
18.260000000 -2.040774234770e-02
18.270000000 -2.137435724917e-02
18.280000000 -2.237169830371e-02
18.290000000 -2.337302305878e-02
18.300000000 -2.435263323627e-02
18.310000000 -2.529184510003e-02
18.320000000 -2.616951949353e-02
18.330000000 -2.696639758151e-02
18.340000000 -2.765983250907e-02
18.350000000 -2.822490746088e-02
18.360000000 -2.863824894976e-02
18.370000000 -2.888145990453e-02
18.380000000 -2.895146212219e-02
18.390000000 -2.886321674254e-02
18.400000000 -2.864691832628e-02
18.410000000 -2.834403499800e-02
18.420000000 -2.799576111334e-02
18.430000000 -2.763201410081e-02
18.440000000 -2.726534692895e-02
18.450000000 -2.688908551689e-02
18.460000000 -2.647965046896e-02
18.470000000 -2.599799245918e-02
18.480000000 -2.540278842610e-02
18.490000000 -2.465555451097e-02
18.500000000 -2.372868049313e-02
18.510000000 -2.260536175209e-02
18.520000000 -2.127965985342e-02
18.530000000 -1.975004962271e-02
18.540000000 -1.802311720250e-02
18.550000000 -1.611569680504e-02
18.560000000 -1.405965397685e-02
18.570000000 -1.190340505053e-02
18.580000000 -9.709304442381e-03
18.590000000 -7.551230247399e-03
18.600000000 -5.504528084410e-03
18.610000000 -3.643077135981e-03
18.620000000 -2.035297485665e-03
18.630000000 -7.386812288738e-04
18.640000000 2.001361979630e-04
18.650000000 7.517232536771e-04
18.660000000 9.036371370715e-04
18.670000000 6.678870676384e-04
18.680000000 7.474341168634e-05
18.690000000 -8.255463669551e-04
18.700000000 -1.971735116314e-03
18.710000000 -3.303742247889e-03
18.720000000 -4.764973479052e-03
18.730000000 -6.311790528202e-03
18.740000000 -7.906542305665e-03
18.750000000 -9.511793234196e-03
18.760000000 -1.108829366441e-02
18.770000000 -1.259550530496e-02
18.780000000 -1.399690097375e-02
18.790000000 -1.526631809184e-02
18.800000000 -1.638577126019e-02
18.810000000 -1.734997477441e-02
18.820000000 -1.816223177387e-02
18.830000000 -1.882604456132e-02
18.840000000 -1.934648619017e-02
18.850000000 -1.972233006794e-02
18.860000000 -1.995075024446e-02
18.870000000 -2.003405247134e-02
18.880000000 -1.998621164896e-02
18.890000000 -1.983099860334e-02
18.900000000 -1.960072206780e-02
18.910000000 -1.932269373688e-02
18.920000000 -1.901381802312e-02
18.930000000 -1.867269426410e-02
18.940000000 -1.827661719724e-02
18.950000000 -1.779372024437e-02
18.960000000 -1.718463827943e-02
18.970000000 -1.641488912531e-02
18.980000000 -1.545713393467e-02
18.990000000 -1.428927519139e-02
19.000000000 -1.289466508854e-02
19.010000000 -1.125419195949e-02
19.020000000 -9.350944470642e-03
19.030000000 -7.172004834360e-03
19.040000000 -4.712493909393e-03
19.050000000 -1.987082628841e-03
19.060000000 9.654025434544e-04
19.070000000 4.072118461146e-03
19.080000000 7.231384329852e-03
19.090000000 1.031628324255e-02
19.100000000 1.319165401182e-02
19.110000000 1.572620361102e-02
19.120000000 1.780901908147e-02
19.130000000 1.936618105445e-02
19.140000000 2.036780509476e-02
19.150000000 2.083349974267e-02
19.160000000 2.082355709364e-02
19.170000000 2.042295720911e-02
19.180000000 1.972406030676e-02
19.190000000 1.881048673497e-02
19.200000000 1.774744492369e-02
19.210000000 1.657730245062e-02
19.220000000 1.532680039872e-02
19.230000000 1.401845284969e-02
19.240000000 1.267474300199e-02
19.250000000 1.133353134656e-02
19.260000000 1.004507987483e-02
19.270000000 8.876190876527e-03
19.280000000 7.897230188651e-03
19.290000000 7.174661591966e-03
19.300000000 6.753661920731e-03
19.310000000 6.648066967910e-03
19.320000000 6.829845746192e-03
19.330000000 7.233569518862e-03
19.340000000 7.768312542780e-03
19.350000000 8.329404741363e-03
19.360000000 8.819253265473e-03
19.370000000 9.159076847270e-03
19.380000000 9.299886183149e-03
19.390000000 9.218661702350e-03
19.400000000 8.915403003136e-03
19.410000000 8.406816100530e-03
19.420000000 7.716466783806e-03
19.430000000 6.870647308110e-03
19.440000000 5.898465750756e-03
19.450000000 4.828656043419e-03
19.460000000 3.693979557631e-03
19.470000000 2.529520778948e-03
19.480000000 1.374319984717e-03
19.490000000 2.648593152236e-04
19.500000000 -7.631408039518e-04
19.510000000 -1.681901969341e-03
19.520000000 -2.464692939296e-03
19.530000000 -3.084575204135e-03
19.540000000 -3.514720311303e-03
19.550000000 -3.724640573717e-03
19.560000000 -3.687244064797e-03
19.570000000 -3.387198241669e-03
19.580000000 -2.827184540742e-03
19.590000000 -2.037796303807e-03
19.600000000 -1.076633854091e-03
19.610000000 -2.368111465819e-05
19.620000000 1.026367892821e-03
19.630000000 1.976625796381e-03
19.640000000 2.731945251597e-03
19.650000000 3.213587624280e-03
19.660000000 3.361372787481e-03
19.670000000 3.137979253804e-03
19.680000000 2.528976980568e-03
19.690000000 1.542909766664e-03
19.700000000 2.064620965184e-04
19.710000000 -1.437304436434e-03
19.720000000 -3.336013509099e-03
19.730000000 -5.432074787549e-03
19.740000000 -7.665269027324e-03
19.750000000 -9.973678064272e-03
19.760000000 -1.229433650408e-02
19.770000000 -1.456475184020e-02
19.780000000 -1.672976377983e-02
19.790000000 -1.874858994258e-02
19.800000000 -2.059528505845e-02
19.810000000 -2.225933674867e-02
19.820000000 -2.374157490278e-02
19.830000000 -2.504287331061e-02
19.840000000 -2.615938020181e-02
19.850000000 -2.707510405262e-02
19.860000000 -2.775966065267e-02
19.870000000 -2.816941558597e-02
19.880000000 -2.825541514750e-02
19.890000000 -2.796967335734e-02
19.900000000 -2.727688455883e-02
19.910000000 -2.616241777441e-02
19.920000000 -2.463752311124e-02
19.930000000 -2.273625378417e-02
19.940000000 -2.050981015747e-02
19.950000000 -1.801606857007e-02
19.960000000 -1.530877308053e-02
19.970000000 -1.243490832118e-02
19.980000000 -9.435946974126e-03
19.990000000 -6.353641516720e-03
20.000000000 -3.233825314624e-03
20.010000000 -1.295520529813e-04
20.020000000 2.899912752486e-03
20.030000000 5.799214210440e-03
20.040000000 8.521173394018e-03
20.050000000 1.103426663977e-02
20.060000000 1.332574706258e-02
20.070000000 1.540024102627e-02
20.080000000 1.727298767160e-02
20.090000000 1.896689420504e-02
20.100000000 2.050687749838e-02
20.110000000 2.191582746207e-02
20.120000000 2.321413971987e-02
20.130000000 2.441697258209e-02
20.140000000 2.553414556448e-02
20.150000000 2.656809421981e-02
20.160000000 2.751309984142e-02
20.170000000 2.835396029622e-02
20.180000000 2.906846662767e-02
20.190000000 2.962590560914e-02
20.200000000 2.999035407067e-02
20.210000000 3.011800986256e-02
20.220000000 2.996198904597e-02
20.230000000 2.947601179082e-02
20.240000000 2.862144933660e-02
20.250000000 2.737814901251e-02
20.260000000 2.575044007242e-02
20.270000000 2.377152541547e-02
20.280000000 2.150180231086e-02
20.290000000 1.901800594540e-02
20.300000000 1.640711976230e-02
20.310000000 1.375490638618e-02
20.320000000 1.114285063061e-02
20.330000000 8.640803769687e-03
20.340000000 6.303102918036e-03
20.350000000 4.160843460305e-03
20.360000000 2.215149094570e-03
20.370000000 4.409702581989e-04
20.380000000 -1.208581188838e-03
20.390000000 -2.784494667223e-03
20.400000000 -4.324723056759e-03
20.410000000 -5.843899798419e-03
20.420000000 -7.326830283725e-03
20.430000000 -8.737003666933e-03
20.440000000 -1.002427111801e-02
20.450000000 -1.113972203657e-02
20.460000000 -1.204392091305e-02
20.470000000 -1.271279993502e-02
20.480000000 -1.314399150946e-02
20.490000000 -1.335082272593e-02
20.500000000 -1.335723513817e-02
20.510000000 -1.319081770103e-02
20.520000000 -1.287544762443e-02
20.530000000 -1.242794610867e-02
20.540000000 -1.185845599309e-02
20.550000000 -1.118333348418e-02
20.560000000 -1.042755889515e-02
20.570000000 -9.634990749253e-03
20.580000000 -8.867087879129e-03
20.590000000 -8.195355026990e-03
20.600000000 -7.693280973323e-03
20.610000000 -7.417098783481e-03
20.620000000 -7.393389394926e-03
20.630000000 -7.610275732878e-03
20.640000000 -8.016459273883e-03
20.650000000 -8.540783093543e-03
20.660000000 -9.100412467097e-03
20.670000000 -9.627834332605e-03
20.680000000 -1.007752234662e-02
20.690000000 -1.043551790776e-02
20.700000000 -1.071386865830e-02
20.710000000 -1.094786668024e-02
20.720000000 -1.118546048191e-02
20.730000000 -1.147901373004e-02
20.740000000 -1.187812285594e-02
20.750000000 -1.242209997290e-02
20.760000000 -1.312982479284e-02
20.770000000 -1.399397149697e-02
20.780000000 -1.497801617823e-02
20.790000000 -1.601448584526e-02
20.800000000 -1.701444218751e-02
20.810000000 -1.788369359924e-02
20.820000000 -1.853224055094e-02
20.830000000 -1.889529448629e-02
20.840000000 -1.893555807786e-02
20.850000000 -1.865231233406e-02
20.860000000 -1.807640447816e-02
20.870000000 -1.726655909918e-02
20.880000000 -1.629856658207e-02
20.890000000 -1.525845457407e-02
20.900000000 -1.423258135955e-02
20.910000000 -1.330485773394e-02
20.920000000 -1.255013667383e-02
20.930000000 -1.203439538421e-02
20.940000000 -1.181592614242e-02
20.950000000 -1.193545586125e-02
20.960000000 -1.241287817983e-02
20.970000000 -1.324445590233e-02
20.980000000 -1.439317164204e-02
20.990000000 -1.579145581890e-02
21.000000000 -1.734893155498e-02
21.010000000 -1.896303681039e-02
21.020000000 -2.053568885213e-02
21.030000000 -2.198534588925e-02
21.040000000 -2.325254776928e-02
21.050000000 -2.430161399645e-02
21.060000000 -2.511588496502e-02
21.070000000 -2.568989969535e-02
21.080000000 -2.602773747037e-02
21.090000000 -2.613749447717e-02
21.100000000 -2.603225950418e-02
21.110000000 -2.573273240837e-02
21.120000000 -2.526629165433e-02
21.130000000 -2.466491488189e-02
21.140000000 -2.395726560968e-02
21.150000000 -2.316193398162e-02
21.160000000 -2.228168994680e-02
21.170000000 -2.130684851214e-02
21.180000000 -2.022491945337e-02
21.190000000 -1.903006989331e-02
21.200000000 -1.773654452406e-02
21.210000000 -1.637975863864e-02
21.220000000 -1.500935798787e-02
21.230000000 -1.368208917909e-02
21.240000000 -1.245109515216e-02
21.250000000 -1.135907415517e-02
21.260000000 -1.043504953122e-02
21.270000000 -9.692864202210e-03
21.280000000 -9.131009241683e-03
21.290000000 -8.733697028415e-03
21.300000000 -8.472133560451e-03
21.310000000 -8.303877172990e-03
21.320000000 -8.183651332250e-03
21.330000000 -8.064467746143e-03
21.340000000 -7.906330875535e-03
21.350000000 -7.674055401504e-03
21.360000000 -7.336973347741e-03
21.370000000 -6.861008271805e-03
21.380000000 -6.203973413851e-03
21.390000000 -5.320974977956e-03
21.400000000 -4.167181803541e-03
21.410000000 -2.710313958101e-03
21.420000000 -9.376911979267e-04
21.430000000 1.145511527776e-03
21.440000000 3.514953291911e-03
21.450000000 6.133970317118e-03
21.460000000 8.957618741670e-03
21.470000000 1.193389606879e-02
21.480000000 1.500203655487e-02
21.490000000 1.809291420092e-02
21.500000000 2.112757723032e-02
21.510000000 2.402403166295e-02
21.520000000 2.670783856600e-02
21.530000000 2.912168477307e-02
21.540000000 3.123374982790e-02
21.550000000 3.303917684649e-02
21.560000000 3.455353114009e-02
21.570000000 3.579767400271e-02
21.580000000 3.679077464128e-02
21.590000000 3.753381050742e-02
21.600000000 3.801673711841e-02
21.610000000 3.821876426497e-02
21.620000000 3.812332408590e-02
21.630000000 3.772650775471e-02
21.640000000 3.704387984700e-02
21.650000000 3.611344250180e-02
21.660000000 3.498652718785e-02
21.670000000 3.372247170637e-02
21.680000000 3.237564047885e-02
21.690000000 3.099364637828e-02
21.700000000 2.961815942827e-02
21.710000000 2.828935856816e-02
21.720000000 2.704487520001e-02
21.730000000 2.592349437554e-02
21.740000000 2.495659459340e-02
21.750000000 2.416399716090e-02
21.760000000 2.354502312551e-02
21.770000000 2.307982372727e-02
21.780000000 2.272890606631e-02
21.790000000 2.244104662592e-02
21.800000000 2.215901766695e-02
21.810000000 2.183420645398e-02
21.820000000 2.143759768434e-02
21.830000000 2.096520431802e-02
21.840000000 2.044097353726e-02
21.850000000 1.991017115252e-02
21.860000000 1.942732803229e-02
21.870000000 1.904462493722e-02
21.880000000 1.880162848601e-02
21.890000000 1.871886043969e-02
21.900000000 1.879488938337e-02
21.910000000 1.900768290015e-02
21.920000000 1.931925231937e-02
21.930000000 1.968036321133e-02
21.940000000 2.004000834212e-02
21.950000000 2.034913334786e-02
21.960000000 2.056802609576e-02
21.970000000 2.066506542618e-02
21.980000000 2.062028406650e-02
21.990000000 2.042289646420e-02
22.000000000 2.007109419316e-02
22.010000000 1.957444598522e-02
22.020000000 1.894779533316e-02
22.030000000 1.821173235796e-02
22.040000000 1.738750956788e-02
22.050000000 1.649391381372e-02
22.060000000 1.555335728632e-02
22.070000000 1.458763526957e-02
22.080000000 1.362074162036e-02
22.090000000 1.267479196981e-02
22.100000000 1.177029154355e-02
22.110000000 1.091921035894e-02
22.120000000 1.012932304666e-02
22.130000000 9.402335928810e-03
22.140000000 8.731247504062e-03
22.150000000 8.102402127920e-03
22.160000000 7.493393317591e-03
22.170000000 6.878917687656e-03
22.180000000 6.235968858580e-03
22.190000000 5.546530888573e-03
22.200000000 4.801807460872e-03
22.210000000 3.996929022550e-03
22.220000000 3.132123207531e-03
22.230000000 2.207912174125e-03
22.240000000 1.224355712465e-03
22.250000000 1.820685448441e-04
22.260000000 -9.188638717288e-04
22.270000000 -2.079387397203e-03
22.280000000 -3.302000519566e-03
22.290000000 -4.592906365457e-03
22.300000000 -5.959261274881e-03
22.310000000 -7.411599995220e-03
22.320000000 -8.953821225178e-03
22.330000000 -1.057735084755e-02
22.340000000 -1.226128682103e-02
22.350000000 -1.396597097733e-02
22.360000000 -1.563947957313e-02
22.370000000 -1.722525578235e-02
22.380000000 -1.867113140729e-02
22.390000000 -1.993504927168e-02
22.400000000 -2.099026900801e-02
22.410000000 -2.182190396370e-02
22.420000000 -2.242107786962e-02
22.430000000 -2.278303540792e-02
22.440000000 -2.290054991515e-02
22.450000000 -2.276276567460e-02
22.460000000 -2.235271488418e-02
22.470000000 -2.165348849234e-02
22.480000000 -2.064582095632e-02
22.490000000 -1.931629419285e-02
22.500000000 -1.766355705788e-02
22.510000000 -1.570623427208e-02
22.520000000 -1.348741968313e-02
22.530000000 -1.107904253654e-02
22.540000000 -8.580102711394e-03
22.550000000 -6.101831916629e-03
22.560000000 -3.755436864604e-03
22.570000000 -1.635803562056e-03
22.580000000 1.883982524055e-04
22.590000000 1.682985595156e-03
22.600000000 2.848901776075e-03
22.610000000 3.713923167438e-03
22.620000000 4.327841983055e-03
22.630000000 4.744441977843e-03
22.640000000 5.015676594279e-03
22.650000000 5.185189299328e-03
22.660000000 5.285084450489e-03
22.670000000 5.342266643549e-03
22.680000000 5.376999361500e-03
22.690000000 5.404463133422e-03
22.700000000 5.431405768258e-03
22.710000000 5.455550528705e-03
22.720000000 5.465270952849e-03
22.730000000 5.442364969376e-03
22.740000000 5.365281341961e-03
22.750000000 5.214193494919e-03
22.760000000 4.978023255228e-03
22.770000000 4.661744696594e-03
22.780000000 4.283925188345e-03
22.790000000 3.876858906923e-03
22.800000000 3.476042600947e-03
22.810000000 3.112036216525e-03
22.820000000 2.805581951039e-03
22.830000000 2.560191709766e-03
22.840000000 2.360238249968e-03
22.850000000 2.173538041664e-03
22.860000000 1.950698294089e-03
22.870000000 1.631314177075e-03
22.880000000 1.154843828646e-03
22.890000000 4.627249680765e-04
22.900000000 -4.826097628169e-04
22.910000000 -1.693527646946e-03
22.920000000 -3.149493150816e-03
22.930000000 -4.797008024559e-03
22.940000000 -6.561367633651e-03
22.950000000 -8.359286078023e-03
22.960000000 -1.011006352030e-02
22.970000000 -1.175330146667e-02
22.980000000 -1.325042517120e-02
22.990000000 -1.458696788055e-02
23.000000000 -1.576904809854e-02
23.010000000 -1.681239744751e-02
23.020000000 -1.773570178372e-02
23.030000000 -1.855213442428e-02
23.040000000 -1.926587421482e-02
23.050000000 -1.987659188144e-02
23.060000000 -2.038008984049e-02
23.070000000 -2.077329247658e-02
23.080000000 -2.105608821088e-02
23.090000000 -2.123061457200e-02
23.100000000 -2.129807817955e-02
23.110000000 -2.125974302634e-02
23.120000000 -2.111087771202e-02
23.130000000 -2.084806868537e-02
23.140000000 -2.046838022043e-02
23.150000000 -1.997458026501e-02
23.160000000 -1.937828123310e-02
23.170000000 -1.869390024732e-02
23.180000000 -1.794222152364e-02
23.190000000 -1.713794847402e-02
23.200000000 -1.629355635698e-02
23.210000000 -1.541575424958e-02
23.220000000 -1.450450195053e-02
23.230000000 -1.355689135257e-02
23.240000000 -1.256703535165e-02
23.250000000 -1.153092690768e-02
23.260000000 -1.044752449812e-02
23.270000000 -9.322586022613e-03
23.280000000 -8.168276748113e-03
23.290000000 -7.000847935453e-03
23.300000000 -5.838479370577e-03
23.310000000 -4.698565126160e-03
23.320000000 -3.600261343535e-03
23.330000000 -2.560100258053e-03
23.340000000 -1.594295709593e-03
23.350000000 -7.152282021443e-04
23.360000000 6.940298560063e-05
23.370000000 7.576817155629e-04
23.380000000 1.357810270994e-03
23.390000000 1.883397127718e-03
23.400000000 2.350977168976e-03
23.410000000 2.776130505573e-03
23.420000000 3.167921027207e-03
23.430000000 3.530622385506e-03
23.440000000 3.862766653085e-03
23.450000000 4.164385085566e-03
23.460000000 4.434471924017e-03
23.470000000 4.677418909989e-03
23.480000000 4.899904595263e-03
23.490000000 5.109966484353e-03
23.500000000 5.316786683107e-03
23.510000000 5.527810378452e-03
23.520000000 5.748536548068e-03
23.530000000 5.981448120462e-03
23.540000000 6.233680062524e-03
23.550000000 6.514482537628e-03
23.560000000 6.838523516805e-03
23.570000000 7.222834602370e-03
23.580000000 7.678389083953e-03
23.590000000 8.206399912579e-03
23.600000000 8.789198480912e-03
23.610000000 9.395763661591e-03
23.620000000 9.977952303746e-03
23.630000000 1.048079850209e-02
23.640000000 1.084443499564e-02
23.650000000 1.101099248401e-02
23.660000000 1.093207372735e-02
23.670000000 1.057503740282e-02
23.680000000 9.931185419275e-03
23.690000000 9.021864687879e-03
23.700000000 7.899113413489e-03
23.710000000 6.637933690114e-03
23.720000000 5.328315594142e-03
23.730000000 4.061307721810e-03
23.740000000 2.917171218290e-03
23.750000000 1.959357597047e-03
23.760000000 1.229101870251e-03
23.770000000 7.465733095129e-04
23.780000000 5.104182122823e-04
23.790000000 5.054256456306e-04
23.800000000 7.045666688445e-04
23.810000000 1.070821993011e-03
23.820000000 1.565848095025e-03
23.830000000 2.151489657739e-03
23.840000000 2.791812944334e-03
23.850000000 3.458397517818e-03
23.860000000 4.124967150044e-03
23.870000000 4.770576133187e-03
23.880000000 5.373844632426e-03
23.890000000 5.912226922272e-03
23.900000000 6.363636874109e-03
23.910000000 6.706405447756e-03
23.920000000 6.931327168288e-03
23.930000000 7.040339983355e-03
23.940000000 7.055105232992e-03
23.950000000 7.011885044325e-03
23.960000000 6.954536808293e-03
23.970000000 6.923543468980e-03
23.980000000 6.945018662340e-03
23.990000000 7.026344657818e-03
24.000000000 7.155190778589e-03
24.010000000 7.308119828342e-03
24.020000000 7.458344467734e-03
24.030000000 7.587081928475e-03
24.040000000 7.685271768628e-03
24.050000000 7.755179584567e-03
24.060000000 7.808960645642e-03
24.070000000 7.857401130651e-03
24.080000000 7.909536206457e-03
24.090000000 7.967332661445e-03
24.100000000 8.032101734955e-03
24.110000000 8.102837168953e-03
24.120000000 8.181806407843e-03
24.130000000 8.275761664951e-03
24.140000000 8.392400602962e-03
24.150000000 8.539333924643e-03
24.160000000 8.721452392728e-03
24.170000000 8.941439549984e-03
24.180000000 9.200442080567e-03
24.190000000 9.499762174021e-03
24.200000000 9.840906078948e-03
24.210000000 1.021958261489e-02
24.220000000 1.062633049613e-02
24.230000000 1.104212347502e-02
24.240000000 1.144167795983e-02
24.250000000 1.179633204785e-02
24.260000000 1.208046953570e-02
24.270000000 1.227341762779e-02
24.280000000 1.236732382372e-02
24.290000000 1.236319341734e-02
24.300000000 1.227596226441e-02
24.310000000 1.212966820435e-02
24.320000000 1.195613808673e-02
24.330000000 1.178991261643e-02
24.340000000 1.166477976007e-02
24.350000000 1.160653159517e-02
24.360000000 1.163419521625e-02
24.370000000 1.175433976146e-02
24.380000000 1.196816119705e-02
24.390000000 1.227036397329e-02
24.400000000 1.265319104143e-02
24.410000000 1.310590357237e-02
24.420000000 1.361621845469e-02
24.430000000 1.416487377300e-02
24.440000000 1.472616477796e-02
24.450000000 1.526591811268e-02
24.460000000 1.574212009602e-02
24.470000000 1.611337651274e-02
24.480000000 1.634179611717e-02
24.490000000 1.640170753261e-02
24.500000000 1.628315808328e-02
24.510000000 1.599280496389e-02
24.520000000 1.554966252024e-02
24.530000000 1.498536186330e-02
24.540000000 1.433629087085e-02
24.550000000 1.363925048036e-02
24.560000000 1.292670557537e-02
24.570000000 1.222216465769e-02
24.580000000 1.153665029026e-02
24.590000000 1.086916057941e-02
24.600000000 1.020686573668e-02
24.610000000 9.531050674061e-03
24.620000000 8.822268710934e-03
24.630000000 8.067332746023e-03
24.640000000 7.264006965301e-03
24.650000000 6.425430883349e-03
24.660000000 5.579465419365e-03
24.670000000 4.762385177505e-03
24.680000000 4.011979072897e-03
24.690000000 3.359048230524e-03
24.700000000 2.822281486334e-03
24.710000000 2.411049474699e-03
24.720000000 2.120992551046e-03
24.730000000 1.936693137451e-03
24.740000000 1.832389683849e-03
24.750000000 1.770495851095e-03
24.760000000 1.706786100819e-03
24.770000000 1.592303426825e-03
24.780000000 1.381717929550e-03
24.790000000 1.041603551835e-03
24.800000000 5.518126044141e-04
24.810000000 -8.998457926536e-05
24.820000000 -8.684458015325e-04
24.830000000 -1.756706043228e-03
24.840000000 -2.716060457775e-03
24.850000000 -3.703492508963e-03
24.860000000 -4.674938555495e-03
24.870000000 -5.587333547287e-03
24.880000000 -6.407644033538e-03
24.890000000 -7.109846055951e-03
24.900000000 -7.688843316613e-03
24.910000000 -8.150817552461e-03
24.920000000 -8.515535759004e-03
24.930000000 -8.808518073356e-03
24.940000000 -9.055165366067e-03
24.950000000 -9.275419758553e-03
24.960000000 -9.485794432267e-03
24.970000000 -9.697630023282e-03
24.980000000 -9.924482027584e-03
24.990000000 -1.018082008425e-02
25.000000000 -1.048377951407e-02
25.010000000 -1.085170082836e-02
25.020000000 -1.129751867782e-02
25.030000000 -1.183149426302e-02
25.040000000 -1.245290839215e-02
25.050000000 -1.315448821579e-02
25.060000000 -1.391692162654e-02
25.070000000 -1.471123076981e-02
25.080000000 -1.550009817911e-02
25.090000000 -1.623915924531e-02
25.100000000 -1.688562165915e-02
25.110000000 -1.740674230063e-02
25.120000000 -1.778514691814e-02
25.130000000 -1.801633794419e-02
25.140000000 -1.811052371210e-02
25.150000000 -1.807927137546e-02
25.160000000 -1.793312813002e-02
25.170000000 -1.767705899277e-02
25.180000000 -1.731281380197e-02
25.190000000 -1.683938739594e-02
25.200000000 -1.625784942520e-02
25.210000000 -1.558031914451e-02
25.220000000 -1.482760444283e-02
25.230000000 -1.403339148845e-02
25.240000000 -1.324414442875e-02
25.250000000 -1.250780873194e-02
25.260000000 -1.187101686779e-02
25.270000000 -1.137168144954e-02
25.280000000 -1.103201965358e-02
25.290000000 -1.085832145716e-02
25.300000000 -1.083943211032e-02
25.310000000 -1.094856775386e-02
25.320000000 -1.114503945749e-02
25.330000000 -1.138416331058e-02
25.340000000 -1.161801189145e-02
25.350000000 -1.180537406381e-02
25.360000000 -1.191377814675e-02
25.370000000 -1.192214065847e-02
25.380000000 -1.182425694487e-02
25.390000000 -1.162729449422e-02
25.400000000 -1.134775770528e-02
25.410000000 -1.101072062069e-02
25.420000000 -1.064259946539e-02
25.430000000 -1.026624063302e-02
25.440000000 -9.902020009639e-03
25.450000000 -9.561962998208e-03
25.460000000 -9.254658832104e-03
25.470000000 -8.981562950962e-03
25.480000000 -8.745246393928e-03
25.490000000 -8.547934087237e-03
25.500000000 -8.392193789304e-03
25.510000000 -8.284857916695e-03
25.520000000 -8.228900603493e-03
25.530000000 -8.226820351123e-03
25.540000000 -8.277763371517e-03
25.550000000 -8.374512834008e-03
25.560000000 -8.511271381012e-03
25.570000000 -8.682718416971e-03
25.580000000 -8.892048990123e-03
25.590000000 -9.151502282447e-03
25.600000000 -9.481210721562e-03
25.610000000 -9.906182335182e-03
25.620000000 -1.044673520871e-02
25.630000000 -1.111024956635e-02
25.640000000 -1.187831176897e-02
25.650000000 -1.270731688033e-02
25.660000000 -1.353130526614e-02
25.670000000 -1.426931627457e-02
25.680000000 -1.483677882566e-02
25.690000000 -1.515760084558e-02
25.700000000 -1.517012328071e-02
25.710000000 -1.483253171351e-02
25.720000000 -1.412631120311e-02
25.730000000 -1.305698503382e-02
25.740000000 -1.165343078001e-02
25.750000000 -9.970540259043e-03
25.760000000 -8.077720036117e-03
25.770000000 -6.053506287842e-03
25.780000000 -3.976311668356e-03
25.790000000 -1.916444951014e-03
25.800000000 6.828032194790e-05
25.810000000 1.936148590415e-03
25.820000000 3.659035487982e-03
25.830000000 5.225633830009e-03
25.840000000 6.635302200646e-03
25.850000000 7.897341858182e-03
25.860000000 9.023122667674e-03
25.870000000 1.002294183126e-02
25.880000000 1.089763120825e-02
25.890000000 1.164158459809e-02
25.900000000 1.223849274425e-02
25.910000000 1.266790936978e-02
25.920000000 1.290640287523e-02
25.930000000 1.293164316438e-02
25.940000000 1.272524274508e-02
25.950000000 1.227824503045e-02
25.960000000 1.158899574545e-02
25.970000000 1.066758598121e-02
25.980000000 9.533099268075e-03
25.990000000 8.213032569299e-03
26.000000000 6.744158379747e-03
26.010000000 5.168729740939e-03
26.020000000 3.537218869980e-03
26.030000000 1.905857688201e-03
26.040000000 3.294808624508e-04
26.050000000 -1.143213007064e-03
26.060000000 -2.475650101502e-03
26.070000000 -3.647981569923e-03
26.080000000 -4.659215364682e-03
26.090000000 -5.520258340201e-03
26.100000000 -6.250774814557e-03
26.110000000 -6.871029350660e-03
26.120000000 -7.399639094752e-03
26.130000000 -7.853285307811e-03
26.140000000 -8.248029143578e-03
26.150000000 -8.599154280226e-03
26.160000000 -8.921261610472e-03
26.170000000 -9.233721649844e-03
26.180000000 -9.555860953322e-03
26.190000000 -9.908947913306e-03
26.200000000 -1.031499637461e-02
26.210000000 -1.078744932304e-02
26.220000000 -1.132808352091e-02
26.230000000 -1.192235388113e-02
26.240000000 -1.253493194801e-02
26.250000000 -1.311495225396e-02
26.260000000 -1.359933438243e-02
26.270000000 -1.392018350536e-02
26.280000000 -1.401486300397e-02
26.290000000 -1.382942420249e-02
26.300000000 -1.332922986935e-02
26.310000000 -1.249932778412e-02
26.320000000 -1.135000287689e-02
26.330000000 -9.909173067385e-03
26.340000000 -8.221224644948e-03
26.350000000 -6.341245887150e-03
26.360000000 -4.325548092177e-03
26.370000000 -2.231676771001e-03
26.380000000 -1.079836974167e-04
26.390000000 2.003868763175e-03
26.400000000 4.071532150353e-03
26.410000000 6.071301083247e-03
26.420000000 7.985643034765e-03
26.430000000 9.800200137507e-03
26.440000000 1.150211724816e-02
26.450000000 1.307969589696e-02
26.460000000 1.452548389089e-02
26.470000000 1.583808496923e-02
26.480000000 1.702291775369e-02
26.490000000 1.809261302145e-02
26.500000000 1.906160427662e-02
26.510000000 1.994057097027e-02
26.520000000 2.073844416885e-02
26.530000000 2.145826114353e-02
26.540000000 2.210279185996e-02
26.550000000 2.267442610590e-02
26.560000000 2.317808403434e-02
26.570000000 2.362506741968e-02
26.580000000 2.403435544122e-02
26.590000000 2.442680791027e-02
26.600000000 2.482883544269e-02
26.610000000 2.526772202910e-02
26.620000000 2.576655200625e-02
26.630000000 2.634936833956e-02
26.640000000 2.703094259669e-02
26.650000000 2.781868825726e-02
26.660000000 2.870806150229e-02
26.670000000 2.968090469194e-02
26.680000000 3.070275301601e-02
26.690000000 3.172687109371e-02
26.700000000 3.269291872470e-02
26.710000000 3.353422045487e-02
26.720000000 3.418434059959e-02
26.730000000 3.458649315964e-02
26.740000000 3.469692814752e-02
26.750000000 3.449042194183e-02
26.760000000 3.396226237074e-02
26.770000000 3.312829646570e-02
26.780000000 3.202139963564e-02
26.790000000 3.068697942909e-02
26.800000000 2.917935942056e-02
26.810000000 2.755366867794e-02
26.820000000 2.586097322517e-02
26.830000000 2.414195365561e-02
26.840000000 2.242764058281e-02
26.850000000 2.073482093303e-02
26.860000000 1.907095990995e-02
26.870000000 1.744005478423e-02
26.880000000 1.584368036659e-02
26.890000000 1.428526991163e-02
26.900000000 1.277461359453e-02
26.910000000 1.132490157954e-02
26.920000000 9.953786496921e-03
26.930000000 8.676920199724e-03
26.940000000 7.510825321004e-03
26.950000000 6.461678913963e-03
26.960000000 5.528657577290e-03
26.970000000 4.702011791953e-03
26.980000000 3.964251793495e-03
26.990000000 3.294462806970e-03
27.000000000 2.665810489593e-03
27.010000000 2.053097864123e-03
27.020000000 1.435196259075e-03
27.030000000 7.943691883583e-04
27.040000000 1.246362090556e-04
27.050000000 -5.756503561679e-04
27.060000000 -1.299956772613e-03
27.070000000 -2.040969283671e-03
27.080000000 -2.787710923664e-03
27.090000000 -3.526514167631e-03
27.100000000 -4.241775264969e-03
27.110000000 -4.911007240669e-03
27.120000000 -5.510164529916e-03
27.130000000 -6.015586996537e-03
27.140000000 -6.406813576328e-03
27.150000000 -6.669509391333e-03
27.160000000 -6.801408458705e-03
27.170000000 -6.809871155400e-03
27.180000000 -6.713362557317e-03
27.190000000 -6.540995925267e-03
27.200000000 -6.330431194141e-03
27.210000000 -6.121656121684e-03
27.220000000 -5.954065852873e-03
27.230000000 -5.867779860042e-03
27.240000000 -5.897316027390e-03
27.250000000 -6.071312126719e-03
27.260000000 -6.408337002396e-03
27.270000000 -6.919298682488e-03
27.280000000 -7.599238277514e-03
27.290000000 -8.433383950059e-03
27.300000000 -9.393353709159e-03
27.310000000 -1.043689716056e-02
27.320000000 -1.151279195519e-02
27.330000000 -1.255648541553e-02
27.340000000 -1.349994487694e-02
27.350000000 -1.427672999236e-02
27.360000000 -1.483093989240e-02
27.370000000 -1.512978332252e-02
27.380000000 -1.516789297702e-02
27.390000000 -1.496874103686e-02
27.400000000 -1.458388965464e-02
27.410000000 -1.408216993152e-02
27.420000000 -1.354223633855e-02
27.430000000 -1.304427543021e-02
27.440000000 -1.266146574881e-02
27.450000000 -1.245404085480e-02
27.460000000 -1.246662200697e-02
27.470000000 -1.272261082647e-02
27.480000000 -1.322664956430e-02
27.490000000 -1.396262487763e-02
27.500000000 -1.489867422299e-02
27.510000000 -1.599154287870e-02
27.520000000 -1.719029037052e-02
27.530000000 -1.844499928662e-02
27.540000000 -1.970706769237e-02
27.550000000 -2.093237282726e-02
27.560000000 -2.208468004330e-02
27.570000000 -2.313241739376e-02
27.580000000 -2.405581060878e-02
27.590000000 -2.484597091602e-02
27.600000000 -2.550349733122e-02
27.610000000 -2.603954215298e-02
27.620000000 -2.647351753940e-02
27.630000000 -2.682646224682e-02
27.640000000 -2.711932622513e-02
27.650000000 -2.736926144058e-02
27.660000000 -2.758134018381e-02
27.670000000 -2.775013188081e-02
27.680000000 -2.785797852215e-02
27.690000000 -2.787750566197e-02
27.700000000 -2.778019565993e-02
27.710000000 -2.754274831580e-02
27.720000000 -2.715607317250e-02
27.730000000 -2.663165443269e-02
27.740000000 -2.600115730022e-02
27.750000000 -2.531623153653e-02
27.760000000 -2.464106534239e-02
27.770000000 -2.404286227048e-02
27.780000000 -2.358169165926e-02
27.790000000 -2.330248800102e-02
27.800000000 -2.322260739879e-02
27.810000000 -2.333662113390e-02
27.820000000 -2.361198377641e-02
27.830000000 -2.399850346611e-02
27.840000000 -2.444020286444e-02
27.850000000 -2.487783940703e-02
27.860000000 -2.525994468324e-02
27.870000000 -2.554553241178e-02
27.880000000 -2.570003422951e-02
27.890000000 -2.569735642686e-02
27.900000000 -2.551541054673e-02
27.910000000 -2.513818496968e-02
27.920000000 -2.455454842138e-02
27.930000000 -2.376157872739e-02
27.940000000 -2.276540746124e-02
27.950000000 -2.158198765509e-02
27.960000000 -2.023652080303e-02
27.970000000 -1.875826390851e-02
27.980000000 -1.718070076100e-02
27.990000000 -1.553618932499e-02
28.000000000 -1.384981340180e-02
28.010000000 -1.214343364907e-02
28.020000000 -1.043269178777e-02
28.030000000 -8.728682967698e-03
28.040000000 -7.039224414268e-03
28.050000000 -5.372074201935e-03
28.060000000 -3.733533465998e-03
28.070000000 -2.131024571165e-03
28.080000000 -5.751714721642e-04
28.090000000 9.222311513414e-04
28.100000000 2.347410749055e-03
28.110000000 3.687607681023e-03
28.120000000 4.933583564642e-03
28.130000000 6.078504595374e-03
28.140000000 7.119456515930e-03
28.150000000 8.055928708004e-03
28.160000000 8.892614381874e-03
28.170000000 9.639449931470e-03
28.180000000 1.031244853810e-02
28.190000000 1.093078724047e-02
28.200000000 1.151626279399e-02
28.210000000 1.208943824157e-02
28.220000000 1.266314164033e-02
28.230000000 1.324137549051e-02
28.240000000 1.381924133900e-02
28.250000000 1.438004257126e-02
28.260000000 1.490109683908e-02
28.270000000 1.535569153770e-02
28.280000000 1.571665936714e-02
28.290000000 1.595966897386e-02
28.300000000 1.606399223037e-02
28.310000000 1.601238314505e-02
28.320000000 1.579782004105e-02
28.330000000 1.542029059859e-02
28.340000000 1.488970611270e-02
28.350000000 1.422388647802e-02
28.360000000 1.344312785788e-02
28.370000000 1.256643811452e-02
28.380000000 1.160701087659e-02
28.390000000 1.057155246137e-02
28.400000000 9.459567884585e-03
28.410000000 8.268144344470e-03
28.420000000 6.994159421592e-03
28.430000000 5.637601145572e-03
28.440000000 4.204148862709e-03
28.450000000 2.705700895840e-03
28.460000000 1.158728106060e-03
28.470000000 -4.123600482173e-04
28.480000000 -1.977083251846e-03
28.490000000 -3.498117255132e-03
28.500000000 -4.933525030616e-03
28.510000000 -6.240893283269e-03
28.520000000 -7.381504127927e-03
28.530000000 -8.325209737720e-03
28.540000000 -9.053866300294e-03
28.550000000 -9.564511442707e-03
28.560000000 -9.864444956068e-03
28.570000000 -9.974554690550e-03
28.580000000 -9.921755617136e-03
28.590000000 -9.741240728596e-03
28.600000000 -9.469786723315e-03
28.610000000 -9.145942653793e-03
28.620000000 -8.805607964956e-03
28.630000000 -8.482948897501e-03
28.640000000 -8.204892258918e-03
28.650000000 -7.992002229385e-03
28.660000000 -7.856682979141e-03
28.670000000 -7.802661485460e-03
28.680000000 -7.824644431715e-03
28.690000000 -7.905607080846e-03
28.700000000 -8.018108498025e-03
28.710000000 -8.125339066853e-03
28.720000000 -8.183916109119e-03
28.730000000 -8.150560007151e-03
28.740000000 -7.988177348452e-03
28.750000000 -7.667788953233e-03
28.760000000 -7.171779430780e-03
28.770000000 -6.489234457360e-03
28.780000000 -5.614445667738e-03
28.790000000 -4.542603010072e-03
28.800000000 -3.268536761817e-03
28.810000000 -1.788436481147e-03
28.820000000 -1.041277575238e-04
28.830000000 1.779511910974e-03
28.840000000 3.845719180181e-03
28.850000000 6.070524269208e-03
28.860000000 8.420579550000e-03
28.870000000 1.085537795026e-02
28.880000000 1.333062717326e-02
28.890000000 1.579759661491e-02
28.900000000 1.821006875804e-02
28.910000000 2.052300680211e-02
28.920000000 2.269983819955e-02
28.930000000 2.471365996589e-02
28.940000000 2.655072897302e-02
28.950000000 2.821062030525e-02
28.960000000 2.970375344738e-02
28.970000000 3.104651158623e-02
28.980000000 3.225380671021e-02
28.990000000 3.333746445943e-02
29.000000000 3.430063854232e-02
29.010000000 3.514354011581e-02
29.020000000 3.586238235241e-02
29.030000000 3.645750230956e-02
29.040000000 3.693434770258e-02
29.050000000 3.730303156942e-02
29.060000000 3.757866467329e-02
29.070000000 3.777455161960e-02
29.080000000 3.789694628119e-02
29.090000000 3.794264115043e-02
29.100000000 3.789401575625e-02
29.110000000 3.772517157396e-02
29.120000000 3.740251402453e-02
29.130000000 3.689352719518e-02
29.140000000 3.616871055740e-02
29.150000000 3.520448130021e-02
29.160000000 3.398758771352e-02
29.170000000 3.251469759007e-02
29.180000000 3.079370220769e-02
29.190000000 2.884571340149e-02
29.200000000 2.670071151449e-02
29.210000000 2.440002896162e-02
29.220000000 2.199002746294e-02
29.230000000 1.951987775803e-02
29.240000000 1.704377490487e-02
29.250000000 1.461671352850e-02
29.260000000 1.229520953395e-02
29.270000000 1.012823444498e-02
29.280000000 8.157876191285e-03
29.290000000 6.413591848898e-03
29.300000000 4.909989068672e-03
29.310000000 3.647127964342e-03
29.320000000 2.611081593014e-03
29.330000000 1.778504104614e-03
29.340000000 1.123261505414e-03
29.350000000 6.197557181175e-04
29.360000000 2.464691551706e-04
29.370000000 -1.247701660146e-05
29.380000000 -1.682874733277e-04
29.390000000 -2.331738020997e-04
29.400000000 -2.196539926859e-04
29.410000000 -1.444657423325e-04
29.420000000 -2.783255830851e-05
29.430000000 1.091202041846e-04
29.440000000 2.444497480129e-04
29.450000000 3.558318089629e-04
29.460000000 4.229195150380e-04
29.470000000 4.275789727438e-04
29.480000000 3.562855794124e-04
29.490000000 1.982815275385e-04
29.500000000 -4.968805640424e-05
29.510000000 -3.847563509439e-04
29.520000000 -7.960521423352e-04
29.530000000 -1.266408286628e-03
29.540000000 -1.774476227694e-03
29.550000000 -2.294999337396e-03
29.560000000 -2.804936245811e-03
29.570000000 -3.280242717414e-03
29.580000000 -3.700279163826e-03
29.590000000 -4.050552892352e-03
29.600000000 -4.327658024419e-03
29.610000000 -4.535247409247e-03
29.620000000 -4.688463245134e-03
29.630000000 -4.807886389526e-03
29.640000000 -4.914674006367e-03
29.650000000 -5.029708109304e-03
29.660000000 -5.170496380929e-03
29.670000000 -5.349623982985e-03
29.680000000 -5.576344719207e-03
29.690000000 -5.852728666843e-03
29.700000000 -6.174416245996e-03
29.710000000 -6.529553644223e-03
29.720000000 -6.901829927457e-03
29.730000000 -7.272973481907e-03
29.740000000 -7.626832308248e-03
29.750000000 -7.951042534070e-03
29.760000000 -8.240333699797e-03
29.770000000 -8.495582278208e-03
29.780000000 -8.722534077416e-03
29.790000000 -8.930384842509e-03
29.800000000 -9.126414485820e-03
29.810000000 -9.314816156366e-03
29.820000000 -9.495522112730e-03
29.830000000 -9.661762702101e-03
29.840000000 -9.807712228891e-03
29.850000000 -9.923934191282e-03
29.860000000 -1.000411198175e-02
29.870000000 -1.003936841022e-02
29.880000000 -1.002235975511e-02
29.890000000 -9.942189151323e-03
29.900000000 -9.789046190458e-03
29.910000000 -9.556027570679e-03
29.920000000 -9.241070683648e-03
29.930000000 -8.848796811855e-03
29.940000000 -8.394931402217e-03
29.950000000 -7.901980388604e-03
29.960000000 -7.400462484509e-03
29.970000000 -6.923015855271e-03
29.980000000 -6.501733366113e-03
29.990000000 -6.163323400696e-03
30.000000000 -5.928710181569e-03
30.010000000 -5.809968373320e-03
30.020000000 -5.813673869116e-03
30.030000000 -5.941392741505e-03
30.040000000 -6.189392443319e-03
30.050000000 -6.553593395429e-03
30.060000000 -7.025455069478e-03
30.070000000 -7.592048909758e-03
30.080000000 -8.237109932231e-03
30.090000000 -8.941677689535e-03
30.100000000 -9.686630128309e-03
30.110000000 -1.045501795173e-02
30.120000000 -1.123431953759e-02
30.130000000 -1.202254094055e-02
30.140000000 -1.282054931935e-02
30.150000000 -1.363174518416e-02
30.160000000 -1.446026945767e-02
30.170000000 -1.530352587521e-02
30.180000000 -1.615298007138e-02
30.190000000 -1.699213716023e-02
30.200000000 -1.780234702547e-02
30.210000000 -1.855808708912e-02
30.220000000 -1.923723472190e-02
30.230000000 -1.981729960142e-02
30.240000000 -2.027672184485e-02
30.250000000 -2.060039566445e-02
30.260000000 -2.077753176273e-02
30.270000000 -2.080582393721e-02
30.280000000 -2.069220325002e-02
30.290000000 -2.045221750917e-02
30.300000000 -2.010723611046e-02
30.310000000 -1.968334120247e-02
30.320000000 -1.920981455855e-02
30.330000000 -1.871499818376e-02
30.340000000 -1.822680602199e-02
30.350000000 -1.777103255150e-02
30.360000000 -1.737123439108e-02
30.370000000 -1.704904055472e-02
30.380000000 -1.682275811792e-02
30.390000000 -1.670280995447e-02
30.400000000 -1.669260922208e-02
30.410000000 -1.678478833633e-02
30.420000000 -1.696351879933e-02
30.430000000 -1.720390365442e-02
30.440000000 -1.747794101725e-02
30.450000000 -1.775483879511e-02
30.460000000 -1.800594250526e-02
30.470000000 -1.820273081458e-02
30.480000000 -1.831808214566e-02
30.490000000 -1.833149804242e-02
30.500000000 -1.822653874060e-02
30.510000000 -1.799084867467e-02
30.520000000 -1.762207767233e-02
30.530000000 -1.711938789194e-02
30.540000000 -1.649031528991e-02
30.550000000 -1.574399373289e-02
30.560000000 -1.489123475945e-02
30.570000000 -1.394298880655e-02
30.580000000 -1.290529482062e-02
30.590000000 -1.178360425245e-02
30.600000000 -1.057968423531e-02
30.610000000 -9.296936735617e-03
30.620000000 -7.941693624460e-03
30.630000000 -6.526325591405e-03
30.640000000 -5.067252045656e-03
30.650000000 -3.581422610824e-03
30.660000000 -2.086730215376e-03
30.670000000 -5.972358853636e-04
30.680000000 8.749385581419e-04
30.690000000 2.321229063129e-03
30.700000000 3.735394823753e-03
30.710000000 5.112988226409e-03
30.720000000 6.451327585896e-03
30.730000000 7.750993646360e-03
30.740000000 9.015083862464e-03
30.750000000 1.025010657657e-02
30.760000000 1.146752840206e-02
30.770000000 1.268127668072e-02
30.780000000 1.390700429735e-02
30.790000000 1.515999259890e-02
30.800000000 1.645060553572e-02
30.810000000 1.778112474247e-02
30.820000000 1.914036032053e-02
30.830000000 2.050197114385e-02
30.840000000 2.182813053897e-02
30.850000000 2.307087410858e-02
30.860000000 2.418312672603e-02
30.870000000 2.512279747906e-02
30.880000000 2.586265471913e-02
30.890000000 2.639180566743e-02
30.900000000 2.671431504720e-02
30.910000000 2.684440104531e-02
30.920000000 2.680319235480e-02
30.930000000 2.660888578412e-02
30.940000000 2.627805064160e-02
30.950000000 2.582233037745e-02
30.960000000 2.525037837837e-02
30.970000000 2.457295923115e-02
30.980000000 2.379851048746e-02
30.990000000 2.293907840384e-02
31.000000000 2.200678569730e-02
31.010000000 2.101602658900e-02
31.020000000 1.998299107061e-02
31.030000000 1.892990924434e-02
31.040000000 1.788111455638e-02
31.050000000 1.686496627990e-02
31.060000000 1.590782909291e-02
31.070000000 1.503141806303e-02
31.080000000 1.424663224174e-02
31.090000000 1.355727291981e-02
31.100000000 1.295543986558e-02
31.110000000 1.242760536412e-02
31.120000000 1.195659118887e-02
31.130000000 1.152460434901e-02
31.140000000 1.111700850937e-02
31.150000000 1.072297965187e-02
31.160000000 1.033609994077e-02
31.170000000 9.952497455086e-03
31.180000000 9.571458334275e-03
31.190000000 9.190568195140e-03
31.200000000 8.812283351461e-03
31.210000000 8.436587926472e-03
31.220000000 8.067297831455e-03
31.230000000 7.708202215365e-03
31.240000000 7.368287681145e-03
31.250000000 7.057745181496e-03
31.260000000 6.787366299263e-03
31.270000000 6.565568871334e-03
31.280000000 6.391807727520e-03
31.290000000 6.256111579287e-03
31.300000000 6.141546410902e-03
31.310000000 6.025196586596e-03
31.320000000 5.885254331581e-03
31.330000000 5.701430558844e-03
31.340000000 5.460116545659e-03
31.350000000 5.153004659311e-03
31.360000000 4.780042681519e-03
31.370000000 4.350374072756e-03
31.380000000 3.881726886523e-03
31.390000000 3.401838709925e-03
31.400000000 2.944577564879e-03
31.410000000 2.547878992316e-03
31.420000000 2.247809982474e-03
31.430000000 2.074314977499e-03
31.440000000 2.046423639035e-03
31.450000000 2.170297534539e-03
31.460000000 2.439506822928e-03
31.470000000 2.837068054545e-03
31.480000000 3.338965593015e-03
31.490000000 3.915181213244e-03
31.500000000 4.535927583593e-03
31.510000000 5.173136032008e-03
31.520000000 5.801183704255e-03
31.530000000 6.397355731885e-03
31.540000000 6.943025908541e-03
31.550000000 7.421921909898e-03
31.560000000 7.825081772440e-03
31.570000000 8.151526973108e-03
31.580000000 8.408181140396e-03
31.590000000 8.609526993057e-03
31.600000000 8.774875949055e-03
31.610000000 8.922735910327e-03
31.620000000 9.069758675115e-03
31.630000000 9.226412453469e-03
31.640000000 9.396349373905e-03
31.650000000 9.580108986731e-03
31.660000000 9.772565115203e-03
31.670000000 9.968348678983e-03
31.680000000 1.015871458334e-02
31.690000000 1.033610287842e-02
31.700000000 1.049296218044e-02
31.710000000 1.062117619109e-02
31.720000000 1.071603426904e-02
31.730000000 1.076877204534e-02
31.740000000 1.077159270950e-02
31.750000000 1.071543759277e-02
31.760000000 1.059144331113e-02
31.770000000 1.039225581864e-02
31.780000000 1.011593109426e-02
31.790000000 9.765916224358e-03
31.800000000 9.352786955183e-03
31.810000000 8.892514500359e-03
31.820000000 8.405707520324e-03
31.830000000 7.911819566054e-03
31.840000000 7.427508591551e-03
31.850000000 6.963552614362e-03
31.860000000 6.524178452315e-03
31.870000000 6.106557785581e-03
31.880000000 5.702893251165e-03
31.890000000 5.298819087115e-03
31.900000000 4.877075756803e-03
31.910000000 4.416702691677e-03
31.920000000 3.895820556037e-03
31.930000000 3.294787356510e-03
31.940000000 2.599791635450e-03
31.950000000 1.803742772919e-03
31.960000000 9.074994916680e-04
31.970000000 -7.952154257459e-05
31.980000000 -1.143402740192e-03
31.990000000 -2.265017034531e-03
32.000000000 -3.424994485471e-03
32.010000000 -4.602886068772e-03
32.020000000 -5.780107115390e-03
32.030000000 -6.937713945321e-03
32.040000000 -8.060105596891e-03
32.050000000 -9.131045759149e-03
32.060000000 -1.013554283583e-02
32.070000000 -1.106351872057e-02
32.080000000 -1.190623020253e-02
32.090000000 -1.266137926823e-02
32.100000000 -1.332858280734e-02
32.110000000 -1.390818654035e-02
32.120000000 -1.439863062912e-02
32.130000000 -1.479580392430e-02
32.140000000 -1.509000235675e-02
32.150000000 -1.527170221947e-02
32.160000000 -1.533216721681e-02
32.170000000 -1.526597038053e-02
32.180000000 -1.507457926628e-02
32.190000000 -1.476576100292e-02
32.200000000 -1.435182616483e-02
32.210000000 -1.384867504454e-02
32.220000000 -1.326852749094e-02
32.230000000 -1.262230520017e-02
32.240000000 -1.191569080545e-02
32.250000000 -1.115371732192e-02
32.260000000 -1.034152802930e-02
32.270000000 -9.482305468583e-03
32.280000000 -8.579953314139e-03
32.290000000 -7.639772044574e-03
32.300000000 -6.668569228270e-03
32.310000000 -5.674297554503e-03
32.320000000 -4.672083215647e-03
32.330000000 -3.677874362147e-03
32.340000000 -2.710700739451e-03
32.350000000 -1.789558970879e-03
32.360000000 -9.295311516622e-04
32.370000000 -1.405055708011e-04
32.380000000 5.739763614137e-04
32.390000000 1.216833095698e-03
32.400000000 1.796178548022e-03
32.410000000 2.319829226109e-03
32.420000000 2.794779231763e-03
32.430000000 3.228438033620e-03
32.440000000 3.623672274702e-03
32.450000000 3.987294334623e-03
32.460000000 4.326070619149e-03
32.470000000 4.649083899661e-03
32.480000000 4.966232509479e-03
32.490000000 5.286245403236e-03
32.500000000 5.617119810306e-03
32.510000000 5.968285675590e-03
32.520000000 6.343669810478e-03
32.530000000 6.743962901237e-03
32.540000000 7.160345732661e-03
32.550000000 7.572671139930e-03
32.560000000 7.953278471651e-03
32.570000000 8.268393657531e-03
32.580000000 8.482747411516e-03
32.590000000 8.568283650126e-03
32.600000000 8.498887884946e-03
32.610000000 8.257739715803e-03
32.620000000 7.832936652480e-03
32.630000000 7.219757606253e-03
32.640000000 6.419240722236e-03
32.650000000 5.439893898171e-03
32.660000000 4.299013932756e-03
32.670000000 3.020074927658e-03
32.680000000 1.633620248095e-03
32.690000000 1.704933411668e-04
32.700000000 -1.341244130170e-03
32.710000000 -2.878714202604e-03
32.720000000 -4.425946086461e-03
32.730000000 -5.973495478331e-03
32.740000000 -7.512906507679e-03
32.750000000 -9.036324350097e-03
32.760000000 -1.053218143644e-02
32.770000000 -1.198739170207e-02
32.780000000 -1.338486473949e-02
32.790000000 -1.470527942881e-02
32.800000000 -1.592883036476e-02
32.810000000 -1.703431533470e-02
32.820000000 -1.800071452650e-02
32.830000000 -1.880708205428e-02
32.840000000 -1.942935745119e-02
32.850000000 -1.984644629648e-02
32.860000000 -2.004006080502e-02
32.870000000 -1.999853191865e-02
32.880000000 -1.971929001508e-02
32.890000000 -1.921291651432e-02
32.900000000 -1.849973739711e-02
32.910000000 -1.761194935917e-02
32.920000000 -1.658767608683e-02
32.930000000 -1.546765353934e-02
32.940000000 -1.429223080489e-02
32.950000000 -1.309890261105e-02
32.960000000 -1.192011089254e-02
32.970000000 -1.078253681250e-02
32.980000000 -9.703535005955e-03
32.990000000 -8.693978543192e-03
33.000000000 -7.756693000720e-03
33.010000000 -6.890085700466e-03
33.020000000 -6.091540995873e-03
33.030000000 -5.359420075132e-03
33.040000000 -4.693780841816e-03
33.050000000 -4.095543662530e-03
33.060000000 -3.564545557015e-03
33.070000000 -3.094954854537e-03
33.080000000 -2.675968821182e-03
33.090000000 -2.292593433095e-03
33.100000000 -1.927520345995e-03
33.110000000 -1.563612334849e-03
33.120000000 -1.189688039632e-03
33.130000000 -7.987483424721e-04
33.140000000 -3.915932140981e-04
33.150000000 2.511218650136e-05
33.160000000 4.421189981775e-04
33.170000000 8.509530247273e-04
33.180000000 1.246232494149e-03
33.190000000 1.627805450225e-03
33.200000000 1.999939332838e-03
33.210000000 2.371522893354e-03
33.220000000 2.753840526994e-03
33.230000000 3.155666720336e-03
33.240000000 3.589292691978e-03
33.250000000 4.059722813914e-03
33.260000000 4.570196948252e-03
33.270000000 5.118657094170e-03
33.280000000 5.697521028706e-03
33.290000000 6.297609818724e-03
33.300000000 6.911034432449e-03
33.310000000 7.527306743285e-03
33.320000000 8.139705772815e-03
33.330000000 8.738837363200e-03
33.340000000 9.317054454181e-03
33.350000000 9.863452014741e-03
33.360000000 1.036768985043e-02
33.370000000 1.081804040346e-02
33.380000000 1.120494032875e-02
33.390000000 1.151651597013e-02
33.400000000 1.174371290302e-02
33.410000000 1.187760527542e-02
33.420000000 1.190969687238e-02
33.430000000 1.183429635950e-02
33.440000000 1.164556668028e-02
33.450000000 1.134275437684e-02
33.460000000 1.092830799494e-02
33.470000000 1.040938361814e-02
33.480000000 9.799129183133e-03
33.490000000 9.113938043728e-03
33.500000000 8.372272589553e-03
33.510000000 7.591616822773e-03
33.520000000 6.788342066170e-03
33.530000000 5.972299797344e-03
33.540000000 5.149859644635e-03
33.550000000 4.323891261706e-03
33.560000000 3.492712750204e-03
33.570000000 2.652082358906e-03
33.580000000 1.799721863594e-03
33.590000000 9.351074546828e-04
33.600000000 6.052817915306e-05
33.610000000 -8.179606781341e-04
33.620000000 -1.692679475598e-03
33.630000000 -2.552832162125e-03
33.640000000 -3.390026506792e-03
33.650000000 -4.196001567684e-03
33.660000000 -4.967372889973e-03
33.670000000 -5.700656894740e-03
33.680000000 -6.392824995742e-03
33.690000000 -7.041950625872e-03
33.700000000 -7.644024420099e-03
33.710000000 -8.198830480614e-03
33.720000000 -8.706705431651e-03
33.730000000 -9.170294583392e-03
33.740000000 -9.594455626458e-03
33.750000000 -9.979234561676e-03
33.760000000 -1.032454704579e-02
33.770000000 -1.062477349402e-02
33.780000000 -1.086650714942e-02
33.790000000 -1.103432291855e-02
33.800000000 -1.110920503681e-02
33.810000000 -1.107459335267e-02
33.820000000 -1.091581942460e-02
33.830000000 -1.062609234044e-02
33.840000000 -1.020601567854e-02
33.850000000 -9.660742675106e-03
33.860000000 -9.000062665277e-03
33.870000000 -8.234683598960e-03
33.880000000 -7.374422592340e-03
33.890000000 -6.427967016796e-03
33.900000000 -5.401635039503e-03
33.910000000 -4.303186312824e-03
33.920000000 -3.141123508740e-03
33.930000000 -1.930384092119e-03
33.940000000 -6.906806604731e-04
33.950000000 5.516841789095e-04
33.960000000 1.769273626578e-03
33.970000000 2.929657525512e-03
33.980000000 4.001885468707e-03
33.990000000 4.960375605428e-03
34.000000000 5.786875623252e-03
34.010000000 6.470036293726e-03
34.020000000 7.005956612492e-03
34.030000000 7.396898423817e-03
34.040000000 7.647912232057e-03
34.050000000 7.766548732530e-03
34.060000000 7.763550025106e-03
34.070000000 7.652436197563e-03
34.080000000 7.447995815460e-03
34.090000000 7.167802499794e-03
34.100000000 6.827413603880e-03
34.110000000 6.439413167975e-03
34.120000000 6.012899828090e-03
34.130000000 5.554641100134e-03
34.140000000 5.068915542533e-03
34.150000000 4.560836949757e-03
34.160000000 4.036567727235e-03
34.170000000 3.506066135324e-03
34.180000000 2.982169285237e-03
34.190000000 2.478312050200e-03
34.200000000 2.003267482204e-03
34.210000000 1.557873479796e-03
34.220000000 1.135242385793e-03
34.230000000 7.231808390332e-04
34.240000000 3.033031527436e-04
34.250000000 -1.378043616348e-04
34.260000000 -6.104443062132e-04
34.270000000 -1.115682672978e-03
34.280000000 -1.650158842039e-03
34.290000000 -2.204067560043e-03
34.300000000 -2.763841067653e-03
34.310000000 -3.317105561828e-03
34.320000000 -3.850443372759e-03
34.330000000 -4.355748599045e-03
34.340000000 -4.830570825720e-03
34.350000000 -5.277703059496e-03
34.360000000 -5.701487853083e-03
34.370000000 -6.105548414213e-03
34.380000000 -6.490713209956e-03
34.390000000 -6.855653155313e-03
34.400000000 -7.194115763514e-03
34.410000000 -7.501635161469e-03
34.420000000 -7.772815350041e-03
34.430000000 -8.002998260462e-03
34.440000000 -8.189169838735e-03
34.450000000 -8.325950817748e-03
34.460000000 -8.407303079779e-03
34.470000000 -8.429614997447e-03
34.480000000 -8.391171858060e-03
34.490000000 -8.293452500179e-03
34.500000000 -8.142605333905e-03
34.510000000 -7.951406010012e-03
34.520000000 -7.736039830716e-03
34.530000000 -7.515037775696e-03
34.540000000 -7.307063668036e-03
34.550000000 -7.128504365458e-03
34.560000000 -6.986844069208e-03
34.570000000 -6.885030145224e-03
34.580000000 -6.816013048527e-03
34.590000000 -6.768411466930e-03
34.600000000 -6.724399422177e-03
34.610000000 -6.662716582775e-03
34.620000000 -6.562225750858e-03
34.630000000 -6.404032012608e-03
34.640000000 -6.171939234649e-03
34.650000000 -5.854452116923e-03
34.660000000 -5.445822089612e-03
34.670000000 -4.943748453512e-03
34.680000000 -4.348887634722e-03
34.690000000 -3.666812824918e-03
34.700000000 -2.906083780961e-03
34.710000000 -2.077375392273e-03
34.720000000 -1.191327588261e-03
34.730000000 -2.606551188085e-04
34.740000000 7.045761138059e-04
34.750000000 1.692097606709e-03
34.760000000 2.690947484525e-03
34.770000000 3.689970861254e-03
34.780000000 4.677008384147e-03
34.790000000 5.641402697610e-03
34.800000000 6.571705105372e-03
34.810000000 7.456877987701e-03
34.820000000 8.290780177546e-03
34.830000000 9.071540339635e-03
34.840000000 9.805696810103e-03
34.850000000 1.050740244242e-02
34.860000000 1.119547618372e-02
34.870000000 1.188880733179e-02
34.880000000 1.260368549116e-02
34.890000000 1.334990702263e-02
34.900000000 1.412347864689e-02
34.910000000 1.491168598418e-02
34.920000000 1.569191513971e-02
34.930000000 1.643376542282e-02
34.940000000 1.710381405466e-02
34.950000000 1.766770632959e-02
34.960000000 1.809576619677e-02
34.970000000 1.836403775277e-02
34.980000000 1.845627904956e-02
34.990000000 1.836462776692e-02
35.000000000 1.808694090728e-02
35.010000000 1.762781877620e-02
35.020000000 1.699364235171e-02
35.030000000 1.619286331669e-02
35.040000000 1.523050784538e-02
35.050000000 1.411535984961e-02
35.060000000 1.285568621999e-02
35.070000000 1.146059556036e-02
35.080000000 9.943502154519e-03
35.090000000 8.321027047424e-03
35.100000000 6.609999803120e-03
35.110000000 4.827229664100e-03
35.120000000 2.988840334160e-03
35.130000000 1.104726996964e-03
35.140000000 -8.136040555873e-04
35.150000000 -2.758000896196e-03
35.160000000 -4.716609329648e-03
35.170000000 -6.677948522083e-03
35.180000000 -8.626322625208e-03
35.190000000 -1.054344222801e-02
35.200000000 -1.241522643156e-02
35.210000000 -1.422545907222e-02
35.220000000 -1.595939368647e-02
35.230000000 -1.760265840705e-02
35.240000000 -1.913949837227e-02
35.250000000 -2.055375081685e-02
35.260000000 -2.182876409230e-02
35.270000000 -2.295367265352e-02
35.280000000 -2.391976494856e-02
35.290000000 -2.472946771326e-02
35.300000000 -2.538910181753e-02
35.310000000 -2.591274466411e-02
35.320000000 -2.631747828967e-02
35.330000000 -2.662092036383e-02
35.340000000 -2.683904512613e-02
35.350000000 -2.698690752965e-02
35.360000000 -2.707545709838e-02
35.370000000 -2.711530750592e-02
35.380000000 -2.711430241637e-02
35.390000000 -2.707826085190e-02
35.400000000 -2.701020432773e-02
35.410000000 -2.691038004448e-02
35.420000000 -2.678026370688e-02
35.430000000 -2.661764699722e-02
35.440000000 -2.641945254812e-02
35.450000000 -2.618077064702e-02
35.460000000 -2.589259838261e-02
35.470000000 -2.554225155580e-02
35.480000000 -2.511539692323e-02
35.490000000 -2.459602347617e-02
35.500000000 -2.397024467750e-02
35.510000000 -2.322843064863e-02
35.520000000 -2.236743752834e-02
35.530000000 -2.139023765458e-02
35.540000000 -2.030590254387e-02
35.550000000 -1.912861008762e-02
35.560000000 -1.787479018133e-02
35.570000000 -1.656253889436e-02
35.580000000 -1.521090224843e-02
35.590000000 -1.383600928463e-02
35.600000000 -1.245331651540e-02
35.610000000 -1.107534954821e-02
35.620000000 -9.714117547552e-03
35.630000000 -8.377602008699e-03
35.640000000 -7.072729215150e-03
35.650000000 -5.802829047426e-03
35.660000000 -4.568252876909e-03
35.670000000 -3.369336657289e-03
35.680000000 -2.207846582485e-03
35.690000000 -1.087835510024e-03
35.700000000 -1.954687442270e-05
35.710000000 9.866318799544e-04
35.720000000 1.918356560420e-03
35.730000000 2.763102067824e-03
35.740000000 3.512624398753e-03
35.750000000 4.163389232748e-03
35.760000000 4.714540302660e-03
35.770000000 5.173271151340e-03
35.780000000 5.549438172550e-03
35.790000000 5.858325617964e-03
35.800000000 6.118230528518e-03
35.810000000 6.350714450907e-03
35.820000000 6.581575670487e-03
35.830000000 6.833565881882e-03
35.840000000 7.128037872068e-03
35.850000000 7.481148496003e-03
35.860000000 7.899271266934e-03
35.870000000 8.380980428901e-03
35.880000000 8.915321224374e-03
35.890000000 9.484624813288e-03
35.900000000 1.006765050083e-02
35.910000000 1.063912009847e-02
35.920000000 1.117318927520e-02
35.930000000 1.164754362527e-02
35.940000000 1.204467634946e-02
35.950000000 1.235293469258e-02
35.960000000 1.256987939138e-02
35.970000000 1.269780650835e-02
35.980000000 1.274826570931e-02
35.990000000 1.273587730553e-02
36.000000000 1.267970606396e-02
36.010000000 1.259706803374e-02
36.020000000 1.250182611118e-02
36.030000000 1.239965097333e-02
36.040000000 1.228826306573e-02
36.050000000 1.215628958880e-02
36.060000000 1.198966766928e-02
36.070000000 1.177425867996e-02
36.080000000 1.150104602877e-02
36.090000000 1.116945073061e-02
36.100000000 1.078779198900e-02
36.110000000 1.037544901011e-02
36.120000000 9.957967858646e-03
36.130000000 9.564826752567e-03
36.140000000 9.226427237160e-03
36.150000000 8.971537095900e-03
36.160000000 8.824327209183e-03
36.170000000 8.801870866453e-03
36.180000000 8.909580442920e-03
36.190000000 9.143685331520e-03
36.200000000 9.488036475302e-03
36.210000000 9.914987436643e-03
36.220000000 1.038955463287e-02
36.230000000 1.087480176898e-02
36.240000000 1.133571496230e-02
36.250000000 1.174271361174e-02
36.260000000 1.207587674086e-02
36.270000000 1.232527864302e-02
36.280000000 1.248847525046e-02
36.290000000 1.256842853081e-02
36.300000000 1.257048734152e-02
36.310000000 1.250149895044e-02
36.320000000 1.236834812384e-02
36.330000000 1.217848460676e-02
36.340000000 1.194088875457e-02
36.350000000 1.166778595697e-02
36.360000000 1.137089672492e-02
36.370000000 1.106623537668e-02
36.380000000 1.076753820165e-02
36.390000000 1.048617775094e-02
36.400000000 1.022839739316e-02
36.410000000 9.995185965486e-03
36.420000000 9.780251758524e-03
36.430000000 9.571472059213e-03
36.440000000 9.357516149162e-03
36.450000000 9.126638970702e-03
36.460000000 8.873655315107e-03
36.470000000 8.598730002563e-03
36.480000000 8.306404981789e-03
36.490000000 8.004802138734e-03
36.500000000 7.701840489516e-03
36.510000000 7.400892917193e-03
36.520000000 7.098688799520e-03
36.530000000 6.786872224455e-03
36.540000000 6.455790794115e-03
36.550000000 6.091990435840e-03
36.560000000 5.688989043052e-03
36.570000000 5.243818632707e-03
36.580000000 4.758326166005e-03
36.590000000 4.238194301748e-03
36.600000000 3.688883075875e-03
36.610000000 3.114734302951e-03
36.620000000 2.517713284667e-03
36.630000000 1.896899182873e-03
36.640000000 1.249489020671e-03
36.650000000 5.744510969572e-04
36.660000000 -1.294787331259e-04
36.670000000 -8.610372639235e-04
36.680000000 -1.612910884442e-03
36.690000000 -2.373375860515e-03
36.700000000 -3.127914745607e-03
36.710000000 -3.857196208972e-03
36.720000000 -4.541363757475e-03
36.730000000 -5.161764439542e-03
36.740000000 -5.700921373414e-03
36.750000000 -6.143950019149e-03
36.760000000 -6.480951193794e-03
36.770000000 -6.705403511392e-03
36.780000000 -6.815437781959e-03
36.790000000 -6.811040937931e-03
36.800000000 -6.698531367112e-03
36.810000000 -6.486854719071e-03
36.820000000 -6.188814684052e-03
36.830000000 -5.821584478483e-03
36.840000000 -5.401028824744e-03
36.850000000 -4.945260790241e-03
36.860000000 -4.472540055126e-03
36.870000000 -4.000137817732e-03
36.880000000 -3.543140117674e-03
36.890000000 -3.115121063836e-03
36.900000000 -2.725498045686e-03
36.910000000 -2.377222405692e-03
36.920000000 -2.069090306349e-03
36.930000000 -1.792178260605e-03
36.940000000 -1.530662675103e-03
36.950000000 -1.266878614044e-03
36.960000000 -9.805609974295e-04
36.970000000 -6.566910523001e-04
36.980000000 -2.838823440135e-04
36.990000000 1.394922825741e-04
37.000000000 6.091048922062e-04
37.010000000 1.117082640909e-03
37.020000000 1.649414890930e-03
37.030000000 2.194222661244e-03
37.040000000 2.739296143739e-03
37.050000000 3.277275990362e-03
37.060000000 3.805498909386e-03
37.070000000 4.325850432388e-03
37.080000000 4.842686081645e-03
37.090000000 5.359563649007e-03
37.100000000 5.879013981692e-03
37.110000000 6.400982621239e-03
37.120000000 6.922319860836e-03
37.130000000 7.436467675937e-03
37.140000000 7.935308378840e-03
37.150000000 8.409916611979e-03
37.160000000 8.850168890917e-03
37.170000000 9.246628805424e-03
37.180000000 9.591054008421e-03
37.190000000 9.876099646887e-03
37.200000000 1.009703913356e-02
37.210000000 1.025101820182e-02
37.220000000 1.033811960475e-02
37.230000000 1.036322168709e-02
37.240000000 1.033273335386e-02
37.250000000 1.025862975477e-02
37.260000000 1.015297633053e-02
37.270000000 1.002893931973e-02
37.280000000 9.897549840634e-03
37.290000000 9.767358277769e-03
37.300000000 9.644667870399e-03
37.310000000 9.532970817424e-03
37.320000000 9.429028600628e-03
37.330000000 9.325177000782e-03
37.340000000 9.209420362644e-03
37.350000000 9.064810575499e-03
37.360000000 8.873484761067e-03
37.370000000 8.617892966109e-03
37.380000000 8.283253995354e-03
37.390000000 7.858979840603e-03
37.400000000 7.340339441705e-03
37.410000000 6.724135675292e-03
37.420000000 6.011902398071e-03
37.430000000 5.209034586377e-03
37.440000000 4.323749470537e-03
37.450000000 3.368388962100e-03
37.460000000 2.360041259666e-03
37.470000000 1.319473999788e-03
37.480000000 2.692882440400e-04
37.490000000 -7.687588805229e-04
37.500000000 -1.775195953900e-03
37.510000000 -2.736479566586e-03
37.520000000 -3.640891738293e-03
37.530000000 -4.482879114581e-03
37.540000000 -5.260409556203e-03
37.550000000 -5.970215179691e-03
37.560000000 -6.607726267967e-03
37.570000000 -7.168433627239e-03
37.580000000 -7.645263431085e-03
37.590000000 -8.032631490041e-03
37.600000000 -8.326428826076e-03
37.610000000 -8.527567175225e-03
37.620000000 -8.641416552042e-03
37.630000000 -8.676269049984e-03
37.640000000 -8.644087543004e-03
37.650000000 -8.557623845638e-03
37.660000000 -8.427967301017e-03
37.670000000 -8.264600596912e-03
37.680000000 -8.073378134645e-03
37.690000000 -7.858431460770e-03
37.700000000 -7.621844591047e-03
37.710000000 -7.367956149558e-03
37.720000000 -7.101997236104e-03
37.730000000 -6.833395947313e-03
37.740000000 -6.571804986116e-03
37.750000000 -6.327475671120e-03
37.760000000 -6.107443854418e-03
37.770000000 -5.915825061426e-03
37.780000000 -5.751797498793e-03
37.790000000 -5.608817902376e-03
37.800000000 -5.479863275671e-03
37.810000000 -5.354390030700e-03
37.820000000 -5.223443283648e-03
37.830000000 -5.077187391180e-03
37.840000000 -4.905611064797e-03
37.850000000 -4.698038096543e-03
37.860000000 -4.443242524289e-03
37.870000000 -4.131609395675e-03
37.880000000 -3.753120796430e-03
37.890000000 -3.298580585053e-03
37.900000000 -2.763226302915e-03
37.910000000 -2.143237737779e-03
37.920000000 -1.440657203565e-03
37.930000000 -6.611008760941e-04
37.940000000 1.831329659887e-04
37.950000000 1.075185581395e-03
37.960000000 1.996424232091e-03
37.970000000 2.922910662078e-03
37.980000000 3.835337751421e-03
37.990000000 4.718900845109e-03
38.000000000 5.568314143325e-03
38.010000000 6.387084567433e-03
38.020000000 7.186930538718e-03
38.030000000 7.982434924225e-03
38.040000000 8.788133212505e-03
38.050000000 9.612224079978e-03
38.060000000 1.045606951996e-02
38.070000000 1.131456156390e-02
38.080000000 1.217574415806e-02
38.090000000 1.302366198527e-02
38.100000000 1.384119103424e-02
38.110000000 1.460913974245e-02
38.120000000 1.531034497140e-02
38.130000000 1.593195447838e-02
38.140000000 1.646392080792e-02
38.150000000 1.689927155935e-02
38.160000000 1.723873381548e-02
38.170000000 1.748492564208e-02
38.180000000 1.764402815558e-02
38.190000000 1.772885966411e-02
38.200000000 1.775206728934e-02
38.210000000 1.772594166229e-02
38.220000000 1.766246199720e-02
38.230000000 1.756750243552e-02
38.240000000 1.744368801337e-02
38.250000000 1.728785297402e-02
38.260000000 1.709371159774e-02
38.270000000 1.685533949197e-02
38.280000000 1.656561907245e-02
38.290000000 1.621824512812e-02
38.300000000 1.580925150057e-02
38.310000000 1.533474228642e-02
38.320000000 1.479484475165e-02
38.330000000 1.419139467267e-02
38.340000000 1.352939916555e-02
38.350000000 1.281941775938e-02
38.360000000 1.207224747081e-02
38.370000000 1.130090062848e-02
38.380000000 1.051704421167e-02
38.390000000 9.730070956847e-03
38.400000000 8.943674693462e-03
38.410000000 8.154968274020e-03
38.420000000 7.356958187809e-03
38.430000000 6.537399813610e-03
38.440000000 5.683163709524e-03
38.450000000 4.781057288800e-03
38.460000000 3.819558277999e-03
38.470000000 2.791815992897e-03
38.480000000 1.696724258237e-03
38.490000000 5.414862053850e-04
38.500000000 -6.586957859218e-04
38.510000000 -1.878356657989e-03
38.520000000 -3.088968073932e-03
38.530000000 -4.256278535013e-03
38.540000000 -5.349440343092e-03
38.550000000 -6.343019283184e-03
38.560000000 -7.218158687064e-03
38.570000000 -7.963577755546e-03
38.580000000 -8.576294816428e-03
38.590000000 -9.057152259440e-03
38.600000000 -9.412093251699e-03
38.610000000 -9.648183670755e-03
38.620000000 -9.774005168676e-03
38.630000000 -9.803535765056e-03
38.640000000 -9.751194688155e-03
38.650000000 -9.636762282554e-03
38.660000000 -9.484220874029e-03
38.670000000 -9.315845215605e-03
38.680000000 -9.154699353998e-03
38.690000000 -9.021346738159e-03
38.700000000 -8.931260842680e-03
38.710000000 -8.896989008085e-03
38.720000000 -8.927078682094e-03
38.730000000 -9.026868402002e-03
38.740000000 -9.200941476412e-03
38.750000000 -9.451543314805e-03
38.760000000 -9.781161462254e-03
38.770000000 -1.019078521796e-02
38.780000000 -1.068088630871e-02
38.790000000 -1.125148514635e-02
38.800000000 -1.190132205881e-02
38.810000000 -1.262651265998e-02
38.820000000 -1.341788180577e-02
38.830000000 -1.426539629200e-02
38.840000000 -1.514879864972e-02
38.850000000 -1.604720934201e-02
38.860000000 -1.693369690066e-02
38.870000000 -1.778016876215e-02
38.880000000 -1.856152019290e-02
38.890000000 -1.925175146173e-02
38.900000000 -1.983201563555e-02
38.910000000 -2.028728726789e-02
38.920000000 -2.060834204370e-02
38.930000000 -2.078842219018e-02
38.940000000 -2.082646451653e-02
38.950000000 -2.072464599263e-02
38.960000000 -2.049100194186e-02
38.970000000 -2.013802253529e-02
38.980000000 -1.968282582936e-02
38.990000000 -1.915055085352e-02
39.000000000 -1.856832442537e-02
39.010000000 -1.796297238381e-02
39.020000000 -1.735887260529e-02
39.030000000 -1.677454928193e-02
39.040000000 -1.621948998485e-02
39.050000000 -1.569416552873e-02
39.060000000 -1.519317923285e-02
39.070000000 -1.470126805432e-02
39.080000000 -1.420130140974e-02
39.090000000 -1.367647062599e-02
39.100000000 -1.310952237061e-02
39.110000000 -1.249133189620e-02
39.120000000 -1.182028032169e-02
39.130000000 -1.110408982157e-02
39.140000000 -1.035615302221e-02
39.150000000 -9.597853945497e-03
39.160000000 -8.850865003213e-03
39.170000000 -8.134438745298e-03
39.180000000 -7.463760664076e-03
39.190000000 -6.846509184118e-03
39.200000000 -6.281433788460e-03
39.210000000 -5.761635238231e-03
39.220000000 -5.272889360452e-03
39.230000000 -4.797446216080e-03
39.240000000 -4.317597131916e-03
39.250000000 -3.816984249544e-03
39.260000000 -3.287303035843e-03
39.270000000 -2.724838952801e-03
39.280000000 -2.134798848127e-03
39.290000000 -1.527124414733e-03
39.300000000 -9.166186818091e-04
39.310000000 -3.194903300132e-04
39.320000000 2.471623342465e-04
39.330000000 7.695944370820e-04
39.340000000 1.236758075626e-03
39.350000000 1.644224681619e-03
39.360000000 1.991214813817e-03
39.370000000 2.282115597613e-03
39.380000000 2.522533216758e-03
39.390000000 2.720012391466e-03
39.400000000 2.880385985963e-03
39.410000000 3.007345490938e-03
39.420000000 3.101072626025e-03
39.430000000 3.160803271996e-03
39.440000000 3.181869395968e-03
39.450000000 3.158645057446e-03
39.460000000 3.084673561658e-03
39.470000000 2.957476091780e-03
39.480000000 2.777257815274e-03
39.490000000 2.551806748301e-03
39.500000000 2.294684704548e-03
39.510000000 2.024038185744e-03
39.520000000 1.762744541183e-03
39.530000000 1.534513649073e-03
39.540000000 1.365171126241e-03
39.550000000 1.278881793148e-03
39.560000000 1.296533189341e-03
39.570000000 1.436405047236e-03
39.580000000 1.710785780675e-03
39.590000000 2.123661299350e-03
39.600000000 2.670092764976e-03
39.610000000 3.335675483975e-03
39.620000000 4.094689077500e-03
39.630000000 4.916158829696e-03
39.640000000 5.761856644820e-03
39.650000000 6.593432926142e-03
39.660000000 7.374694102026e-03
39.670000000 8.072709471593e-03
39.680000000 8.665390056140e-03
39.690000000 9.136624684773e-03
39.700000000 9.479650673241e-03
39.710000000 9.693217980911e-03
39.720000000 9.780896796691e-03
39.730000000 9.747350139801e-03
39.740000000 9.597390616979e-03
39.750000000 9.333897576645e-03
39.760000000 8.957734933818e-03
39.770000000 8.468775142489e-03
39.780000000 7.867431128504e-03
39.790000000 7.158633291374e-03
39.800000000 6.352619573093e-03
39.810000000 5.469130421283e-03
39.820000000 4.533049682642e-03
39.830000000 3.575787930168e-03
39.840000000 2.628132035064e-03
39.850000000 1.717871847327e-03
39.860000000 8.648177490437e-04
39.870000000 7.849033086686e-05
39.880000000 -6.433448429785e-04
39.890000000 -1.307822956521e-03
39.900000000 -1.926514436851e-03
39.910000000 -2.511470667613e-03
39.920000000 -3.071775178113e-03
39.930000000 -3.611748062473e-03
39.940000000 -4.131676577724e-03
39.950000000 -4.628788506970e-03
39.960000000 -5.097837275675e-03
39.970000000 -5.530826790116e-03
39.980000000 -5.920070607561e-03
39.990000000 -6.258847583595e-03
40.000000000 -6.538990036537e-03
40.010000000 -6.758181398154e-03
40.020000000 -6.914249388185e-03
40.030000000 -7.010512495761e-03
40.040000000 -7.052518179081e-03
40.050000000 -7.047990847248e-03
40.060000000 -7.005897206042e-03
40.070000000 -6.934048006371e-03
40.080000000 -6.838010489045e-03
40.090000000 -6.718240168310e-03
40.100000000 -6.575788220550e-03
40.110000000 -6.405084239775e-03
40.120000000 -6.199331110583e-03
40.130000000 -5.952033064334e-03
40.140000000 -5.656026208142e-03
40.150000000 -5.304406847131e-03
40.160000000 -4.892421039043e-03
40.170000000 -4.415431446498e-03
40.180000000 -3.869258797957e-03
40.190000000 -3.251192738909e-03
40.200000000 -2.561037527326e-03
40.210000000 -1.802936149284e-03
40.220000000 -9.883507948067e-04
40.230000000 -1.342680002580e-04
40.240000000 7.373808503727e-04
40.250000000 1.602627353931e-03
40.260000000 2.441282934489e-03
40.270000000 3.242372476484e-03
40.280000000 4.002339123369e-03
40.290000000 4.726551270192e-03
40.300000000 5.425385152640e-03
40.310000000 6.109394420125e-03
40.320000000 6.786721556287e-03
40.330000000 7.461381328112e-03
40.340000000 8.130505514009e-03
40.350000000 8.792457691002e-03
40.360000000 9.440569405426e-03
40.370000000 1.007025015229e-02
40.380000000 1.067696683429e-02
40.390000000 1.125744266154e-02
40.400000000 1.180907563345e-02
40.410000000 1.232972321712e-02
40.420000000 1.281652648138e-02
40.430000000 1.326830718927e-02
40.440000000 1.368425042522e-02
40.450000000 1.406504756200e-02
40.460000000 1.441123919421e-02
40.470000000 1.472539326528e-02
40.480000000 1.500691369614e-02
40.490000000 1.525472122870e-02
40.500000000 1.546176865849e-02
40.510000000 1.561875522448e-02
40.520000000 1.571166381192e-02
40.530000000 1.572380579808e-02
40.540000000 1.563875063060e-02
40.550000000 1.544057466205e-02
40.560000000 1.511713147876e-02
40.570000000 1.466214871802e-02
40.580000000 1.407200965308e-02
40.590000000 1.335173249513e-02
40.600000000 1.250793016821e-02
40.610000000 1.155168568607e-02
40.620000000 1.049464097500e-02
40.630000000 9.349362137327e-03
40.640000000 8.127744728883e-03
40.650000000 6.844469198694e-03
40.660000000 5.514873063686e-03
40.670000000 4.157344081406e-03
40.680000000 2.792500572593e-03
40.690000000 1.441790124574e-03
40.700000000 1.276349321713e-04
40.710000000 -1.131042214253e-03
40.720000000 -2.318079357520e-03
40.730000000 -3.420215790297e-03
40.740000000 -4.429123076176e-03
40.750000000 -5.339755466957e-03
40.760000000 -6.153272617399e-03
40.770000000 -6.872918161972e-03
40.780000000 -7.506052193597e-03
40.790000000 -8.062415837260e-03
40.800000000 -8.552684749026e-03
40.810000000 -8.986249691519e-03
40.820000000 -9.370460606826e-03
40.830000000 -9.707311553836e-03
40.840000000 -9.997413161660e-03
40.850000000 -1.023862535305e-02
40.860000000 -1.042519108761e-02
40.870000000 -1.055263842474e-02
40.880000000 -1.061321007851e-02
40.890000000 -1.060243875831e-02
40.900000000 -1.051805801040e-02
40.910000000 -1.035945206548e-02
40.920000000 -1.013155399493e-02
40.930000000 -9.840029301644e-03
40.940000000 -9.496743987442e-03
40.950000000 -9.111999099546e-03
40.960000000 -8.699540866132e-03
40.970000000 -8.270438527007e-03
40.980000000 -7.835445047729e-03
40.990000000 -7.403262205353e-03
41.000000000 -6.978811677950e-03
41.010000000 -6.569407546213e-03
41.020000000 -6.178753279302e-03
41.030000000 -5.812518897710e-03
41.040000000 -5.474684066349e-03
41.050000000 -5.167035015222e-03
41.060000000 -4.891968736743e-03
41.070000000 -4.649351373697e-03
41.080000000 -4.437980492120e-03
41.090000000 -4.260172315127e-03
41.100000000 -4.118129827576e-03
41.110000000 -4.019111676543e-03
41.120000000 -3.971237576361e-03
41.130000000 -3.982017645543e-03
41.140000000 -4.058143033194e-03
41.150000000 -4.196486132711e-03
41.160000000 -4.390400444327e-03
41.170000000 -4.626883491907e-03
41.180000000 -4.887093608237e-03
41.190000000 -5.151287608585e-03
41.200000000 -5.402892590316e-03
41.210000000 -5.625751211977e-03
41.220000000 -5.807839790048e-03
41.230000000 -5.942726326205e-03
41.240000000 -6.025206899611e-03
41.250000000 -6.054115824169e-03
41.260000000 -6.030157407766e-03
41.270000000 -5.956881318804e-03
41.280000000 -5.840715636667e-03
41.290000000 -5.689981570554e-03
41.300000000 -5.514868990440e-03
41.310000000 -5.326416320832e-03
41.320000000 -5.136143082836e-03
41.330000000 -4.954041134807e-03
41.340000000 -4.791560546777e-03
41.350000000 -4.656250340207e-03
41.360000000 -4.554736908819e-03
41.370000000 -4.492151637820e-03
41.380000000 -4.468604529069e-03
41.390000000 -4.482678191323e-03
41.400000000 -4.529027904990e-03
41.410000000 -4.600767862653e-03
41.420000000 -4.690012331942e-03
41.430000000 -4.787831779239e-03
41.440000000 -4.882869338485e-03
41.450000000 -4.967869616871e-03
41.460000000 -5.033044975655e-03
41.470000000 -5.073008918914e-03
41.480000000 -5.085148618945e-03
41.490000000 -5.071314651637e-03
41.500000000 -5.033454865686e-03
41.510000000 -4.976446398057e-03
41.520000000 -4.904223187589e-03
41.530000000 -4.822820999797e-03
41.540000000 -4.736767735450e-03
41.550000000 -4.650503264290e-03
41.560000000 -4.569520739724e-03
41.570000000 -4.496860162887e-03
41.580000000 -4.437886856716e-03
41.590000000 -4.396236101684e-03
41.600000000 -4.375557195307e-03
41.610000000 -4.379781040255e-03
41.620000000 -4.410471085261e-03
41.630000000 -4.467671511742e-03
41.640000000 -4.546882268173e-03
41.650000000 -4.642762926087e-03
41.660000000 -4.746397624788e-03
41.670000000 -4.848381975048e-03
41.680000000 -4.937928875049e-03
41.690000000 -5.003656320753e-03
41.700000000 -5.034815557126e-03
41.710000000 -5.020178328463e-03
41.720000000 -4.948579035940e-03
41.730000000 -4.812239587583e-03
41.740000000 -4.605075625719e-03
41.750000000 -4.325532880290e-03
41.760000000 -3.975610181212e-03
41.770000000 -3.561058667979e-03
41.780000000 -3.088859452848e-03
41.790000000 -2.570910097612e-03
41.800000000 -2.013770173578e-03
41.810000000 -1.427600644428e-03
41.820000000 -8.197820330393e-04
41.830000000 -1.979422084626e-04
41.840000000 4.302204099636e-04
41.850000000 1.056288961128e-03
41.860000000 1.670401744276e-03
41.870000000 2.261525532957e-03
41.880000000 2.819226129038e-03
41.890000000 3.336522521327e-03
41.900000000 3.807053529819e-03
41.910000000 4.228666942534e-03
41.920000000 4.601840547583e-03
41.930000000 4.928948401334e-03
41.940000000 5.215569786697e-03
41.950000000 5.465825530895e-03
41.960000000 5.687329067958e-03
41.970000000 5.885125445008e-03
41.980000000 6.064235200948e-03
41.990000000 6.229848686499e-03
42.000000000 6.388598910784e-03
42.010000000 6.545883510277e-03
42.020000000 6.708474268310e-03
42.030000000 6.884081054659e-03
42.040000000 7.081095608400e-03
42.050000000 7.306540330304e-03
42.060000000 7.565900403208e-03
42.070000000 7.863375804093e-03
42.080000000 8.198892342973e-03
42.090000000 8.568977746495e-03
42.100000000 8.964012798509e-03
42.110000000 9.370722884726e-03
42.120000000 9.768883827508e-03
42.130000000 1.013231977956e-02
42.140000000 1.043194465738e-02
42.150000000 1.063980837174e-02
42.160000000 1.072920103846e-02
42.170000000 1.068166286820e-02
42.180000000 1.048855074103e-02
42.190000000 1.015148580994e-02
42.200000000 9.683101454942e-03
42.210000000 9.102278233090e-03
42.220000000 8.432742160196e-03
42.230000000 7.697575626594e-03
42.240000000 6.915647253483e-03
42.250000000 6.102318431706e-03
42.260000000 5.269244448191e-03
42.270000000 4.422864207208e-03
42.280000000 3.568657496180e-03
42.290000000 2.710624918367e-03
42.300000000 1.851395541874e-03
42.310000000 9.952284392655e-04
42.320000000 1.433721999990e-04
42.330000000 -7.000184531046e-04
42.340000000 -1.534787440324e-03
42.350000000 -2.357203103290e-03
42.360000000 -3.166444208609e-03
42.370000000 -3.960985817878e-03
42.380000000 -4.739324290161e-03
42.390000000 -5.498535907257e-03
42.400000000 -6.233329354026e-03
42.410000000 -6.938563138480e-03
42.420000000 -7.605650384894e-03
42.430000000 -8.229716083290e-03
42.440000000 -8.807567749151e-03
42.450000000 -9.337861891861e-03
42.460000000 -9.821994007342e-03
42.470000000 -1.026217375844e-02
42.480000000 -1.065796098296e-02
42.490000000 -1.100835840138e-02
42.500000000 -1.130959074024e-02
42.510000000 -1.155620611160e-02
42.520000000 -1.174117754991e-02
42.530000000 -1.185865694835e-02
42.540000000 -1.190306251217e-02
42.550000000 -1.187112184742e-02
42.560000000 -1.175889894096e-02
42.570000000 -1.156216790986e-02
42.580000000 -1.127799882269e-02
42.590000000 -1.090091704110e-02
42.600000000 -1.042785653727e-02
42.610000000 -9.858153539223e-03
42.620000000 -9.194125233074e-03
42.630000000 -8.441738736177e-03
42.640000000 -7.611404080039e-03
42.650000000 -6.716277173608e-03
42.660000000 -5.770889647522e-03
42.670000000 -4.792155928223e-03
42.680000000 -3.794115436505e-03
42.690000000 -2.792780266380e-03
42.700000000 -1.799902737245e-03
42.710000000 -8.294875273343e-04
42.720000000 1.056987110150e-04
42.730000000 9.940046296755e-04
42.740000000 1.822555248610e-03
42.750000000 2.581746085632e-03
42.760000000 3.262042998188e-03
42.770000000 3.857480351419e-03
42.780000000 4.366693925288e-03
42.790000000 4.791611036984e-03
42.800000000 5.139507673335e-03
42.810000000 5.421600248152e-03
42.820000000 5.651136769821e-03
42.830000000 5.843115939890e-03
42.840000000 6.011920255063e-03
42.850000000 6.169637915414e-03
42.860000000 6.326282325412e-03
42.870000000 6.488371311139e-03
42.880000000 6.658036575090e-03
42.890000000 6.834163472420e-03
42.900000000 7.014239294186e-03
42.910000000 7.193760542024e-03
42.920000000 7.370028325195e-03
42.930000000 7.540297834591e-03
42.940000000 7.704306848790e-03
42.950000000 7.862093514838e-03
42.960000000 8.013066461703e-03
42.970000000 8.157289951088e-03
42.980000000 8.292820137445e-03
42.990000000 8.417799038922e-03
43.000000000 8.532163461878e-03
43.010000000 8.635803067764e-03
43.020000000 8.732050263254e-03
43.030000000 8.825213818621e-03
43.040000000 8.917749989928e-03
43.050000000 9.014067776704e-03
43.060000000 9.115666432110e-03
43.070000000 9.222832789308e-03
43.080000000 9.334047838929e-03
43.090000000 9.446898384382e-03
43.100000000 9.559055962280e-03
43.110000000 9.666139453642e-03
43.120000000 9.767103622640e-03
43.130000000 9.860020271233e-03
43.140000000 9.942428433610e-03
43.150000000 1.001111639588e-02
43.160000000 1.006237609315e-02
43.170000000 1.009059357227e-02
43.180000000 1.008973068836e-02
43.190000000 1.005406386198e-02
43.200000000 9.977553883801e-03
43.210000000 9.858687128111e-03
43.220000000 9.696954828792e-03
43.230000000 9.493513397695e-03
43.240000000 9.249132010973e-03
43.250000000 8.964750462774e-03
43.260000000 8.640609819739e-03
43.270000000 8.277924910035e-03
43.280000000 7.876670991628e-03
43.290000000 7.438028226657e-03
43.300000000 6.965342550066e-03
43.310000000 6.462165167114e-03
43.320000000 5.933577941293e-03
43.330000000 5.385089614100e-03
43.340000000 4.820485825156e-03
43.350000000 4.245295174993e-03
43.360000000 3.664661805841e-03
43.370000000 3.084831448296e-03
43.380000000 2.510833393190e-03
43.390000000 1.948598429386e-03
43.400000000 1.404069676760e-03
43.410000000 8.798474121051e-04
43.420000000 3.781403612641e-04
43.430000000 -9.793962979923e-05
43.440000000 -5.478791875674e-04
43.450000000 -9.689772254652e-04
43.460000000 -1.359837906957e-03
43.470000000 -1.718666768973e-03
43.480000000 -2.046911021056e-03
43.490000000 -2.349406359781e-03
43.500000000 -2.631629619958e-03
43.510000000 -2.901730163777e-03
43.520000000 -3.165688690676e-03
43.530000000 -3.430409700459e-03
43.540000000 -3.696254102425e-03
43.550000000 -3.964225270329e-03
43.560000000 -4.231143621059e-03
43.570000000 -4.493341498039e-03
43.580000000 -4.748819080505e-03
43.590000000 -4.995407540278e-03
43.600000000 -5.234179116042e-03
43.610000000 -5.467233034740e-03
43.620000000 -5.697532260980e-03
43.630000000 -5.926102895576e-03
43.640000000 -6.154170362508e-03
43.650000000 -6.381421123763e-03
43.660000000 -6.605262726750e-03
43.670000000 -6.824104599849e-03
43.680000000 -7.036350593184e-03
43.690000000 -7.240108293068e-03
43.700000000 -7.434171549536e-03
43.710000000 -7.615137122012e-03
43.720000000 -7.779265929279e-03
43.730000000 -7.922102533749e-03
43.740000000 -8.041300788044e-03
43.750000000 -8.134691804542e-03
43.760000000 -8.205258091017e-03
43.770000000 -8.257597330353e-03
43.780000000 -8.296462877540e-03
43.790000000 -8.326501936528e-03
43.800000000 -8.348332243789e-03
43.810000000 -8.360339269500e-03
43.820000000 -8.359223027317e-03
43.830000000 -8.338789411579e-03
43.840000000 -8.296263959496e-03
43.850000000 -8.227273775528e-03
43.860000000 -8.131601027527e-03
43.870000000 -8.006342379412e-03
43.880000000 -7.850417589345e-03
43.890000000 -7.663341223052e-03
43.900000000 -7.442362091475e-03
43.910000000 -7.186727765189e-03
43.920000000 -6.898631158291e-03
43.930000000 -6.579365136276e-03
43.940000000 -6.235231268374e-03
43.950000000 -5.871367019403e-03
43.960000000 -5.493166080339e-03
43.970000000 -5.105138950540e-03
43.980000000 -4.707828033814e-03
43.990000000 -4.302262321875e-03
44.000000000 -3.887034861629e-03
44.010000000 -3.465971035227e-03
44.020000000 -3.043147699771e-03
44.030000000 -2.626719150745e-03
44.040000000 -2.225465712437e-03
44.050000000 -1.849565716271e-03
44.060000000 -1.505393317864e-03
44.070000000 -1.194641869703e-03
44.080000000 -9.175784372127e-04
44.090000000 -6.677069448777e-04
44.100000000 -4.397963609395e-04
44.110000000 -2.296430203603e-04
44.120000000 -3.206000396112e-05
44.130000000 1.568859526535e-04
44.140000000 3.416065909141e-04
44.150000000 5.277198905262e-04
44.160000000 7.214808778977e-04
44.170000000 9.316137233083e-04
44.180000000 1.164297097484e-03
44.190000000 1.423134445123e-03
44.200000000 1.709480939077e-03
44.210000000 2.019489379960e-03
44.220000000 2.348473605570e-03
44.230000000 2.689615819632e-03
44.240000000 3.037660523311e-03
44.250000000 3.388805237288e-03
44.260000000 3.741899934391e-03
44.270000000 4.096618849743e-03
44.280000000 4.450472052906e-03
44.290000000 4.801212716771e-03
44.300000000 5.144248818872e-03
44.310000000 5.474190723074e-03
44.320000000 5.784985229754e-03
44.330000000 6.074928033902e-03
44.340000000 6.344732098079e-03
44.350000000 6.596672850120e-03
44.360000000 6.838517074546e-03
44.370000000 7.078748961125e-03
44.380000000 7.325588125084e-03
44.390000000 7.588062879824e-03
44.400000000 7.872308141233e-03
44.410000000 8.183765491507e-03
44.420000000 8.524348302367e-03
44.430000000 8.894622463984e-03
44.440000000 9.291237916244e-03
44.450000000 9.708263105472e-03
44.460000000 1.013856560350e-02
44.470000000 1.057239906216e-02
44.480000000 1.100065957218e-02
44.490000000 1.141395948730e-02
44.500000000 1.180514662718e-02
44.510000000 1.216911074011e-02
44.520000000 1.250322716415e-02
44.530000000 1.280668499169e-02
44.540000000 1.308177731725e-02
44.550000000 1.333148230672e-02
44.560000000 1.355662480859e-02
44.570000000 1.375966152650e-02
44.580000000 1.394068062485e-02
44.590000000 1.409962639177e-02
44.600000000 1.423368506012e-02
44.610000000 1.433882790446e-02
44.620000000 1.441276151809e-02
44.630000000 1.444916045133e-02
44.640000000 1.444617009821e-02
44.650000000 1.440015250190e-02
44.660000000 1.431175938064e-02
44.670000000 1.418151558479e-02
44.680000000 1.401284539330e-02
44.690000000 1.380977360375e-02
44.700000000 1.357790091319e-02
44.710000000 1.331921552565e-02
44.720000000 1.303333209809e-02
44.730000000 1.271817538230e-02
44.740000000 1.236818953675e-02
44.750000000 1.197902526096e-02
44.760000000 1.154443282762e-02
44.770000000 1.106293849330e-02
44.780000000 1.053518611749e-02
44.790000000 9.965043083396e-03
44.800000000 9.356807196751e-03
44.810000000 8.719512848708e-03
44.820000000 8.062557415546e-03
44.830000000 7.394706763594e-03
44.840000000 6.727205496219e-03
44.850000000 6.071187452675e-03
44.860000000 5.437679864830e-03
44.870000000 4.838496703423e-03
44.880000000 4.282806665035e-03
44.890000000 3.781277539760e-03
44.900000000 3.339518856173e-03
44.910000000 2.959407311490e-03
44.920000000 2.638391605977e-03
44.930000000 2.366613813551e-03
44.940000000 2.130910129613e-03
44.950000000 1.917720742029e-03
44.960000000 1.711987065069e-03
44.970000000 1.500593893867e-03
44.980000000 1.273540629010e-03
44.990000000 1.021654305740e-03
45.000000000 7.408160580046e-04
45.010000000 4.262623927748e-04
45.020000000 7.699123068755e-05
45.030000000 -3.071211435350e-04
45.040000000 -7.233558984704e-04
45.050000000 -1.166024595288e-03
45.060000000 -1.631082448720e-03
45.070000000 -2.111507201655e-03
45.080000000 -2.601886633415e-03
45.090000000 -3.099180229060e-03
45.100000000 -3.601449498099e-03
45.110000000 -4.107631790474e-03
45.120000000 -4.616728797201e-03
45.130000000 -5.127412428027e-03
45.140000000 -5.633948837503e-03
45.150000000 -6.130421442642e-03
45.160000000 -6.609406543704e-03
45.170000000 -7.060654951462e-03
45.180000000 -7.477958907252e-03
45.190000000 -7.854394129969e-03
45.200000000 -8.185965614452e-03
45.210000000 -8.470949473308e-03
45.220000000 -8.707161274077e-03
45.230000000 -8.892923889574e-03
45.240000000 -9.027096441360e-03
45.250000000 -9.108087894769e-03
45.260000000 -9.135236835657e-03
45.270000000 -9.109540456006e-03
45.280000000 -9.034154154718e-03
45.290000000 -8.912453979662e-03
45.300000000 -8.751876884481e-03
45.310000000 -8.558616855311e-03
45.320000000 -8.339433377540e-03
45.330000000 -8.099513695554e-03
45.340000000 -7.843915489705e-03
45.350000000 -7.577684066163e-03
45.360000000 -7.302800291674e-03
45.370000000 -7.024626873823e-03
45.380000000 -6.745479446051e-03
45.390000000 -6.466690726070e-03
45.400000000 -6.186541722001e-03
45.410000000 -5.903313576608e-03
45.420000000 -5.612778902161e-03
45.430000000 -5.309928354045e-03
45.440000000 -4.989577006411e-03
45.450000000 -4.645672018317e-03
45.460000000 -4.273227119037e-03
45.470000000 -3.865878034984e-03
45.480000000 -3.416578360149e-03
45.490000000 -2.920999492848e-03
45.500000000 -2.377726559017e-03
45.510000000 -1.788692885172e-03
45.520000000 -1.161506764940e-03
45.530000000 -5.084806246454e-04
45.540000000 1.557851179357e-04
45.550000000 8.177802986818e-04
45.560000000 1.463281748301e-03
45.570000000 2.083913744610e-03
45.580000000 2.674050048340e-03
45.590000000 3.233473948404e-03
45.600000000 3.766293100865e-03
45.610000000 4.278705308682e-03
45.620000000 4.775615143609e-03
45.630000000 5.261835197314e-03
45.640000000 5.735919091690e-03
45.650000000 6.190041059760e-03
45.660000000 6.615074474512e-03
45.670000000 6.996211785058e-03
45.680000000 7.321124962480e-03
45.690000000 7.583222318094e-03
45.700000000 7.778525427616e-03
45.710000000 7.911309421799e-03
45.720000000 7.987924029877e-03
45.730000000 8.017433621503e-03
45.740000000 8.005645168884e-03
45.750000000 7.955444777907e-03
45.760000000 7.865522856371e-03
45.770000000 7.731689858412e-03
45.780000000 7.547125518363e-03
45.790000000 7.302954462006e-03
45.800000000 6.992688433365e-03
45.810000000 6.608666807909e-03
45.820000000 6.146820432107e-03
45.830000000 5.607819196532e-03
45.840000000 4.994777062776e-03
45.850000000 4.318339476724e-03
45.860000000 3.590497133730e-03
45.870000000 2.826533353913e-03
45.880000000 2.040028388997e-03
45.890000000 1.242262778988e-03
45.900000000 4.414457216513e-04
45.910000000 -3.585023661965e-04
45.920000000 -1.155572592664e-03
45.930000000 -1.950628212293e-03
45.940000000 -2.741694683785e-03
45.950000000 -3.528973017379e-03
45.960000000 -4.310367122150e-03
45.970000000 -5.082275072730e-03
45.980000000 -5.839334017499e-03
45.990000000 -6.574539236695e-03
46.000000000 -7.278744078229e-03
46.010000000 -7.943294695017e-03
46.020000000 -8.558887226294e-03
46.030000000 -9.119813746040e-03
46.040000000 -9.622800676254e-03
46.050000000 -1.006579153081e-02
46.060000000 -1.045263642011e-02
46.070000000 -1.078585953981e-02
46.080000000 -1.107003116674e-02
46.090000000 -1.131001175978e-02
46.100000000 -1.150960239329e-02
46.110000000 -1.166958356728e-02
46.120000000 -1.178973371433e-02
46.130000000 -1.187052428458e-02
46.140000000 -1.191025262215e-02
46.150000000 -1.191114879609e-02
46.160000000 -1.187723390099e-02
46.170000000 -1.181409741258e-02
46.180000000 -1.172989935581e-02
46.190000000 -1.163382023680e-02
46.200000000 -1.153381972393e-02
46.210000000 -1.143610633296e-02
46.220000000 -1.134462376033e-02
46.230000000 -1.126065255816e-02
46.240000000 -1.118447326664e-02
46.250000000 -1.111380156800e-02
46.260000000 -1.104547576047e-02
46.270000000 -1.097561523011e-02
46.280000000 -1.089971924763e-02
46.290000000 -1.081349123926e-02
46.300000000 -1.071278747912e-02
46.310000000 -1.059485490236e-02
46.320000000 -1.045533901825e-02
46.330000000 -1.029233430980e-02
46.340000000 -1.010245202671e-02
46.350000000 -9.884403907443e-03
46.360000000 -9.635287158752e-03
46.370000000 -9.353019571739e-03
46.380000000 -9.035515471034e-03
46.390000000 -8.680863486527e-03
46.400000000 -8.290174133195e-03
46.410000000 -7.866910038780e-03
46.420000000 -7.418973346721e-03
46.430000000 -6.958850568936e-03
46.440000000 -6.502096189848e-03
46.450000000 -6.067173123468e-03
46.460000000 -5.671787526245e-03
46.470000000 -5.330054800462e-03
46.480000000 -5.052838401940e-03
46.490000000 -4.842690407679e-03
46.500000000 -4.700094521705e-03
46.510000000 -4.617211017704e-03
46.520000000 -4.585047100049e-03
46.530000000 -4.590886025158e-03
46.540000000 -4.622687519930e-03
46.550000000 -4.668032617157e-03
46.560000000 -4.714245922394e-03
46.570000000 -4.752298187742e-03
46.580000000 -4.772430888345e-03
46.590000000 -4.767485903443e-03
46.600000000 -4.733716668421e-03
46.610000000 -4.665895673940e-03
46.620000000 -4.561915780911e-03
46.630000000 -4.421673839907e-03
46.640000000 -4.244020474007e-03
46.650000000 -4.031194747143e-03
46.660000000 -3.787123945935e-03
46.670000000 -3.519378869702e-03
46.680000000 -3.236297309218e-03
46.690000000 -2.949251400834e-03
46.700000000 -2.669059429530e-03
46.710000000 -2.407359857665e-03
46.720000000 -2.174192343398e-03
46.730000000 -1.974266254319e-03
46.740000000 -1.813022417973e-03
46.750000000 -1.689330842710e-03
46.760000000 -1.602389636200e-03
46.770000000 -1.548098202517e-03
46.780000000 -1.522936875420e-03
46.790000000 -1.522171145167e-03
46.800000000 -1.540265033154e-03
46.810000000 -1.572374451388e-03
46.820000000 -1.610650370274e-03
46.830000000 -1.648608189803e-03
46.840000000 -1.680412838987e-03
46.850000000 -1.701837872257e-03
46.860000000 -1.712648666861e-03
46.870000000 -1.712549466747e-03
46.880000000 -1.703792099513e-03
46.890000000 -1.687947571293e-03
46.900000000 -1.664527831139e-03
46.910000000 -1.630891001487e-03
46.920000000 -1.580175484690e-03
46.930000000 -1.507929861288e-03
46.940000000 -1.406031843102e-03
46.950000000 -1.269642992504e-03
46.960000000 -1.094959941660e-03
46.970000000 -8.823017179574e-04
46.980000000 -6.345118361720e-04
46.990000000 -3.597182266118e-04
47.000000000 -6.925237063917e-05
47.010000000 2.240947365711e-04
47.020000000 5.058324943540e-04
47.030000000 7.640713843266e-04
47.040000000 9.893378797605e-04
47.050000000 1.178249597517e-03
47.060000000 1.331337296861e-03
47.070000000 1.451421970264e-03
47.080000000 1.547919874961e-03
47.090000000 1.630051424305e-03
47.100000000 1.710160528641e-03
47.110000000 1.800627885436e-03
47.120000000 1.911240965272e-03
47.130000000 2.053212263141e-03
47.140000000 2.233554993137e-03
47.150000000 2.458945944969e-03
47.160000000 2.731592820138e-03
47.170000000 3.051578359001e-03
47.180000000 3.414744158445e-03
47.190000000 3.815109702322e-03
47.200000000 4.242644236269e-03
47.210000000 4.688046857351e-03
47.220000000 5.141073597557e-03
47.230000000 5.591789242239e-03
47.240000000 6.033226249340e-03
47.250000000 6.458347115346e-03
47.260000000 6.862413009831e-03
47.270000000 7.241705765915e-03
47.280000000 7.593621515115e-03
47.290000000 7.915754189902e-03
47.300000000 8.207741229089e-03
47.310000000 8.473616180791e-03
47.320000000 8.715864440158e-03
47.330000000 8.939649207005e-03
47.340000000 9.147631182570e-03
47.350000000 9.337684001802e-03
47.360000000 9.508660583211e-03
47.370000000 9.653853584418e-03
47.380000000 9.766816615282e-03
47.390000000 9.840622381411e-03
47.400000000 9.869827452174e-03
47.410000000 9.851803416840e-03
47.420000000 9.787317262718e-03
47.430000000 9.681042963150e-03
47.440000000 9.539870599574e-03
47.450000000 9.372020730681e-03
47.460000000 9.186903607628e-03
47.470000000 8.989810291779e-03
47.480000000 8.785528584217e-03
47.490000000 8.573715512464e-03
47.500000000 8.351656820942e-03
47.510000000 8.112487327744e-03
47.520000000 7.849727288706e-03
47.530000000 7.556673127257e-03
47.540000000 7.229441500379e-03
47.550000000 6.867334038413e-03
47.560000000 6.474555169285e-03
47.570000000 6.056228767821e-03
47.580000000 5.619980599653e-03
47.590000000 5.176052647772e-03
47.600000000 4.731310391070e-03
47.610000000 4.293097272868e-03
47.620000000 3.864161771222e-03
47.630000000 3.446491302663e-03
47.640000000 3.036299420374e-03
47.650000000 2.628002581560e-03
47.660000000 2.213287620454e-03
47.670000000 1.781844457558e-03
47.680000000 1.325979985456e-03
47.690000000 8.400728156549e-04
47.700000000 3.254941405893e-04
47.710000000 -2.122982640235e-04
47.720000000 -7.615496018144e-04
47.730000000 -1.306552029915e-03
47.740000000 -1.829197591523e-03
47.750000000 -2.312143029017e-03
47.760000000 -2.738191425177e-03
47.770000000 -3.093370959799e-03
47.780000000 -3.368547521471e-03
47.790000000 -3.559120990852e-03
47.800000000 -3.666402356843e-03
47.810000000 -3.698383140961e-03
47.820000000 -3.665439577849e-03
47.830000000 -3.580960092996e-03
47.840000000 -3.457579591077e-03
47.850000000 -3.309352831944e-03
47.860000000 -3.145897900440e-03
47.870000000 -2.977087412970e-03
47.880000000 -2.809969803548e-03
47.890000000 -2.651143601172e-03
47.900000000 -2.504466153616e-03
47.910000000 -2.376076634359e-03
47.920000000 -2.271357254142e-03
47.930000000 -2.197617920274e-03
47.940000000 -2.162424135637e-03
47.950000000 -2.174733771221e-03
47.960000000 -2.241503275115e-03
47.970000000 -2.368164904567e-03
47.980000000 -2.555221449607e-03
47.990000000 -2.802096143256e-03
48.000000000 -3.105737120624e-03
48.010000000 -3.462562511515e-03
48.020000000 -3.867694267703e-03
48.030000000 -4.320630913573e-03
48.040000000 -4.816924770759e-03
48.050000000 -5.354445210214e-03
48.060000000 -5.928762128606e-03
48.070000000 -6.530951381909e-03
48.080000000 -7.149997401150e-03
48.090000000 -7.769458725928e-03
48.100000000 -8.370982797823e-03
48.110000000 -8.935814153844e-03
48.120000000 -9.445313368302e-03
48.130000000 -9.884532942630e-03
48.140000000 -1.024024935864e-02
48.150000000 -1.050518630788e-02
48.160000000 -1.067695834329e-02
48.170000000 -1.075595452023e-02
48.180000000 -1.074686199430e-02
48.190000000 -1.065799612730e-02
48.200000000 -1.049883464056e-02
48.210000000 -1.027794891828e-02
48.220000000 -1.000397950425e-02
48.230000000 -9.683586276520e-03
48.240000000 -9.322969669670e-03
48.250000000 -8.924689245259e-03
48.260000000 -8.490328753383e-03
48.270000000 -8.019535930558e-03
48.280000000 -7.512420167527e-03
48.290000000 -6.969035150289e-03
48.300000000 -6.389874629539e-03
48.310000000 -5.779070395432e-03
48.320000000 -5.141621608494e-03
48.330000000 -4.484199622180e-03
48.340000000 -3.814729149663e-03
48.350000000 -3.141197968457e-03
48.360000000 -2.469402609159e-03
48.370000000 -1.804144915290e-03
48.380000000 -1.150098572514e-03
48.390000000 -5.073189328892e-04
48.400000000 1.209556905048e-04
48.410000000 7.328413352229e-04
48.420000000 1.326817716796e-03
48.430000000 1.900327841815e-03
48.440000000 2.451416114701e-03
48.450000000 2.975667038229e-03
48.460000000 3.470676360026e-03
48.470000000 3.933500415283e-03
48.480000000 4.359773680747e-03
48.490000000 4.746846723627e-03
48.500000000 5.090184484283e-03
48.510000000 5.386151042923e-03
48.520000000 5.631074932391e-03
48.530000000 5.819144045295e-03
48.540000000 5.949128046309e-03
48.550000000 6.020398528428e-03
48.560000000 6.033885855264e-03
48.570000000 5.994232061121e-03
48.580000000 5.908859865801e-03
48.590000000 5.784816443489e-03
48.600000000 5.629786054685e-03
48.610000000 5.450773339910e-03
48.620000000 5.254503110886e-03
48.630000000 5.043704396821e-03
48.640000000 4.821920896027e-03
48.650000000 4.589744423334e-03
48.660000000 4.347677893212e-03
48.670000000 4.093314305209e-03
48.680000000 3.825535307358e-03
48.690000000 3.541466513548e-03
48.700000000 3.240154243958e-03
48.710000000 2.920864564829e-03
48.720000000 2.585817804138e-03
48.730000000 2.240918920986e-03
48.740000000 1.895228660473e-03
48.750000000 1.561539792149e-03
48.760000000 1.254208109896e-03
48.770000000 9.897929628636e-04
48.780000000 7.837211651315e-04
48.790000000 6.505187147245e-04
48.800000000 5.994578379921e-04
48.810000000 6.376151225993e-04
48.820000000 7.664495326501e-04
48.830000000 9.806379913968e-04
48.840000000 1.273847613543e-03
48.850000000 1.633716790723e-03
48.860000000 2.047862239883e-03
48.870000000 2.505056302410e-03
48.880000000 2.993544483159e-03
48.890000000 3.505521576662e-03
48.900000000 4.032494292124e-03
48.910000000 4.565959396448e-03
48.920000000 5.099062276395e-03
48.930000000 5.624391372623e-03
48.940000000 6.132704878948e-03
48.950000000 6.617719266931e-03
48.960000000 7.072868189777e-03
48.970000000 7.490707597958e-03
48.980000000 7.866016319136e-03
48.990000000 8.195140214529e-03
49.000000000 8.473561235876e-03
49.010000000 8.699794930381e-03
49.020000000 8.874838585596e-03
49.030000000 9.004385436552e-03
49.040000000 9.096517034983e-03
49.050000000 9.164001839448e-03
49.060000000 9.219050220342e-03
49.070000000 9.275077344760e-03
49.080000000 9.345539937742e-03
49.090000000 9.439595823009e-03
49.100000000 9.563576402096e-03
49.110000000 9.721040390301e-03
49.120000000 9.910384355973e-03
49.130000000 1.012819668848e-02
49.140000000 1.036853055277e-02
49.150000000 1.062517155053e-02
49.160000000 1.089086806594e-02
49.170000000 1.115885085189e-02
49.180000000 1.142257213118e-02
49.190000000 1.167568171874e-02
49.200000000 1.191030113410e-02
49.210000000 1.211994966081e-02
49.220000000 1.229802545729e-02
49.230000000 1.244048009587e-02
49.240000000 1.254564010355e-02
49.250000000 1.261536453155e-02
49.260000000 1.265333689646e-02
49.270000000 1.266428444717e-02
49.280000000 1.265315383208e-02
49.290000000 1.262462486029e-02
49.300000000 1.258074642421e-02
49.310000000 1.252281530136e-02
49.320000000 1.245046104872e-02
49.330000000 1.236051818135e-02
49.340000000 1.224879383029e-02
49.350000000 1.211100020176e-02
49.360000000 1.194077897313e-02
49.370000000 1.173286118856e-02
49.380000000 1.148588353944e-02
49.390000000 1.119898568720e-02
49.400000000 1.087467777853e-02
49.410000000 1.051980898695e-02
49.420000000 1.014377840362e-02
49.430000000 9.754713124696e-03
49.440000000 9.363669228356e-03
49.450000000 8.975625463012e-03
49.460000000 8.594441809435e-03
49.470000000 8.218558046798e-03
49.480000000 7.842581351821e-03
49.490000000 7.457916309555e-03
49.500000000 7.055839035976e-03
49.510000000 6.625804759707e-03
49.520000000 6.164295164069e-03
49.530000000 5.669615200739e-03
49.540000000 5.145000681885e-03
49.550000000 4.599680226286e-03
49.560000000 4.045049442921e-03
49.570000000 3.491692761654e-03
49.580000000 2.951004698688e-03
49.590000000 2.429932864478e-03
49.600000000 1.933033953863e-03
49.610000000 1.461981636139e-03
49.620000000 1.016027964551e-03
49.630000000 5.908662157263e-04
49.640000000 1.838141274202e-04
49.650000000 -2.087437226087e-04
49.660000000 -5.882630823328e-04
49.670000000 -9.562603700123e-04
49.680000000 -1.312106745124e-03
49.690000000 -1.654139906046e-03
49.700000000 -1.981355257061e-03
49.710000000 -2.291210296543e-03
49.720000000 -2.581269655469e-03
49.730000000 -2.851017710809e-03
49.740000000 -3.100062492085e-03
49.750000000 -3.330606329991e-03
49.760000000 -3.544215009769e-03
49.770000000 -3.744352051694e-03
49.780000000 -3.933354264429e-03
49.790000000 -4.111147289542e-03
49.800000000 -4.279200323482e-03
49.810000000 -4.436908784095e-03
49.820000000 -4.583039199416e-03
49.830000000 -4.718264148642e-03
49.840000000 -4.842851076395e-03
49.850000000 -4.960564016733e-03
49.860000000 -5.077099427803e-03
49.870000000 -5.200481939879e-03
49.880000000 -5.340219851440e-03
49.890000000 -5.506350490601e-03
49.900000000 -5.707305813448e-03
49.910000000 -5.950030226350e-03
49.920000000 -6.240758061129e-03
49.930000000 -6.581976864443e-03
49.940000000 -6.974754719725e-03
49.950000000 -7.420788911773e-03
49.960000000 -7.919276973689e-03
49.970000000 -8.468782942231e-03
49.980000000 -9.067163098563e-03
49.990000000 -9.711253696561e-03
50.000000000 -1.039629062512e-02
50.010000000 -1.111549648377e-02
50.020000000 -1.186349453135e-02
50.030000000 -1.263375699047e-02
50.040000000 -1.342069970657e-02
50.050000000 -1.421865809000e-02
50.060000000 -1.502264833547e-02
50.070000000 -1.582987936145e-02
50.080000000 -1.663588050206e-02
50.090000000 -1.743793540151e-02
50.100000000 -1.823337271053e-02
50.110000000 -1.902155808128e-02
50.120000000 -1.979793446456e-02
50.130000000 -2.055964995407e-02
50.140000000 -2.130001671824e-02
50.150000000 -2.200922857290e-02
50.160000000 -2.267803968546e-02
50.170000000 -2.329446319354e-02
50.180000000 -2.384661788896e-02
50.190000000 -2.432473579952e-02
50.200000000 -2.472356465533e-02
50.210000000 -2.504067018526e-02
50.220000000 -2.527904768964e-02
50.230000000 -2.544822577673e-02
50.240000000 -2.556100170743e-02
50.250000000 -2.563365573145e-02
50.260000000 -2.568383059303e-02
50.270000000 -2.572751282370e-02
50.280000000 -2.577833442959e-02
50.290000000 -2.584533561090e-02
50.300000000 -2.593221618628e-02
50.310000000 -2.603958721544e-02
50.320000000 -2.616298884863e-02
50.330000000 -2.629403688387e-02
50.340000000 -2.642198916704e-02
50.350000000 -2.653412965182e-02
50.360000000 -2.661555148966e-02
50.370000000 -2.665165172988e-02
50.380000000 -2.662773085178e-02
50.390000000 -2.652993289762e-02
50.400000000 -2.634974133596e-02
50.410000000 -2.607927864851e-02
50.420000000 -2.571631206958e-02
50.430000000 -2.526044786934e-02
50.440000000 -2.471663049593e-02
50.450000000 -2.409021415705e-02
50.460000000 -2.338899925557e-02
50.470000000 -2.262271868778e-02
50.480000000 -2.180075701478e-02
50.490000000 -2.093264627974e-02
50.500000000 -2.002853690500e-02
50.510000000 -1.909625137354e-02
50.520000000 -1.814431129346e-02
50.530000000 -1.717880901885e-02
50.540000000 -1.620398457350e-02
50.550000000 -1.522390817856e-02
50.560000000 -1.423942916427e-02
50.570000000 -1.325465733218e-02
50.580000000 -1.227091790968e-02
50.590000000 -1.129108161892e-02
50.600000000 -1.031684513684e-02
50.610000000 -9.347038316744e-03
50.620000000 -8.379784468509e-03
50.630000000 -7.410666560468e-03
50.640000000 -6.433171444975e-03
50.650000000 -5.441073589037e-03
50.660000000 -4.430872464301e-03
50.670000000 -3.400874922254e-03
50.680000000 -2.351553310274e-03
50.690000000 -1.289496054057e-03
50.700000000 -2.232137544891e-04
50.710000000 8.376452222531e-04
50.720000000 1.884482261276e-03
50.730000000 2.909043974494e-03
50.740000000 3.906017357810e-03
50.750000000 4.872272139315e-03
50.760000000 5.806219775637e-03
50.770000000 6.705947248866e-03
50.780000000 7.568245077277e-03
50.790000000 8.389638368842e-03
50.800000000 9.165499262248e-03
50.810000000 9.893963484664e-03
50.820000000 1.057354593645e-02
50.830000000 1.120521552327e-02
50.840000000 1.179202064133e-02
50.850000000 1.233941097943e-02
50.860000000 1.285337925282e-02
50.870000000 1.334090095960e-02
50.880000000 1.380773644533e-02
50.890000000 1.425901973441e-02
50.900000000 1.469870409794e-02
50.910000000 1.512977053402e-02
50.920000000 1.555482734605e-02
50.930000000 1.597303590247e-02
50.940000000 1.638435801332e-02
50.950000000 1.678512455086e-02
50.960000000 1.717087974957e-02
50.970000000 1.753664521092e-02
50.980000000 1.787817609261e-02
50.990000000 1.819308723864e-02
51.000000000 1.848027104636e-02
51.010000000 1.874068906205e-02
51.020000000 1.897363787754e-02
51.030000000 1.917946708496e-02
51.040000000 1.935683266695e-02
51.050000000 1.950482683652e-02
51.060000000 1.961982866317e-02
51.070000000 1.970176475367e-02
51.080000000 1.975104812089e-02
51.090000000 1.976877062284e-02
51.100000000 1.975724171601e-02
51.110000000 1.971917349686e-02
51.120000000 1.965820503046e-02
51.130000000 1.957421705809e-02
51.140000000 1.946400342891e-02
51.150000000 1.932527611592e-02
51.160000000 1.915147578668e-02
51.170000000 1.893931206854e-02
51.180000000 1.868706064662e-02
51.190000000 1.839441695044e-02
51.200000000 1.806748348229e-02
51.210000000 1.770950578750e-02
51.220000000 1.732726020264e-02
51.230000000 1.692352722588e-02
51.240000000 1.649854897619e-02
51.250000000 1.605132604375e-02
51.260000000 1.557954724597e-02
51.270000000 1.508021744296e-02
51.280000000 1.455206558747e-02
51.290000000 1.399599722307e-02
51.300000000 1.341498657472e-02
51.310000000 1.281481204968e-02
51.320000000 1.220406278225e-02
51.330000000 1.159387196031e-02
51.340000000 1.099677329722e-02
51.350000000 1.042671268974e-02
51.360000000 9.897521844770e-03
51.370000000 9.421209999914e-03
51.380000000 9.008638757287e-03
51.390000000 8.669059675916e-03
51.400000000 8.408687078987e-03
51.410000000 8.227761399932e-03
51.420000000 8.125608772473e-03
51.430000000 8.093794197041e-03
51.440000000 8.123143230464e-03
51.450000000 8.202604466971e-03
51.460000000 8.320492433984e-03
51.470000000 8.464904298785e-03
51.480000000 8.628314712225e-03
51.490000000 8.800949817257e-03
51.500000000 8.973961034091e-03
51.510000000 9.138251003092e-03
51.520000000 9.284348799609e-03
51.530000000 9.404504454151e-03
51.540000000 9.493743751222e-03
51.550000000 9.550501158256e-03
51.560000000 9.577768299417e-03
51.570000000 9.581348175227e-03
51.580000000 9.565907039533e-03
51.590000000 9.536567086854e-03
51.600000000 9.493491506817e-03
51.610000000 9.437428615032e-03
51.620000000 9.364702330261e-03
51.630000000 9.271464258954e-03
51.640000000 9.156089344296e-03
51.650000000 9.018458214144e-03
51.660000000 8.861260361375e-03
51.670000000 8.689246084563e-03
51.680000000 8.510053330354e-03
51.690000000 8.332201035729e-03
51.700000000 8.162510252940e-03
51.710000000 8.008502686152e-03
51.720000000 7.874800976001e-03
51.730000000 7.764809436188e-03
51.740000000 7.678580535235e-03
51.750000000 7.611942214531e-03
51.760000000 7.560376271922e-03
51.770000000 7.515329607991e-03
51.780000000 7.466982142591e-03
51.790000000 7.405903230165e-03
51.800000000 7.322396507990e-03
51.810000000 7.207471206355e-03
51.820000000 7.055715545099e-03
51.830000000 6.864489287519e-03
51.840000000 6.633290795080e-03
51.850000000 6.367638137716e-03
51.860000000 6.075164724733e-03
51.870000000 5.765067498474e-03
51.880000000 5.449314034194e-03
51.890000000 5.136243234478e-03
51.900000000 4.833866943046e-03
51.910000000 4.545620123154e-03
51.920000000 4.270308804790e-03
51.930000000 4.003204560170e-03
51.940000000 3.738167675817e-03
51.950000000 3.464445048322e-03
51.960000000 3.174511008891e-03
51.970000000 2.862703865730e-03
51.980000000 2.523560233363e-03
51.990000000 2.158318644232e-03
52.000000000 1.770377283785e-03
52.010000000 1.366500713635e-03
52.020000000 9.561793303261e-04
52.030000000 5.477488953416e-04
52.040000000 1.498059103140e-04
52.050000000 -2.347400889263e-04
52.060000000 -6.049129020325e-04
52.070000000 -9.630291989955e-04
52.080000000 -1.311965552358e-03
52.090000000 -1.656093479923e-03
52.100000000 -1.998023817856e-03
52.110000000 -2.338899426505e-03
52.120000000 -2.679360729464e-03
52.130000000 -3.018078892970e-03
52.140000000 -3.353925890458e-03
52.150000000 -3.685188035637e-03
52.160000000 -4.012766631143e-03
52.170000000 -4.336484167585e-03
52.180000000 -4.656053312630e-03
52.190000000 -4.971801387823e-03
52.200000000 -5.283259776915e-03
52.210000000 -5.591958941831e-03
52.220000000 -5.897700796455e-03
52.230000000 -6.203656455398e-03
52.240000000 -6.513894076957e-03
52.250000000 -6.832204367977e-03
52.260000000 -7.162597871116e-03
52.270000000 -7.507883279839e-03
52.280000000 -7.868956294189e-03
52.290000000 -8.244764837794e-03
52.300000000 -8.633159411245e-03
52.310000000 -9.030055166548e-03
52.320000000 -9.432743389151e-03
52.330000000 -9.838108349613e-03
52.340000000 -1.024532670902e-02
52.350000000 -1.065275789010e-02
52.360000000 -1.105925535100e-02
52.370000000 -1.146401155014e-02
52.380000000 -1.186538705621e-02
52.390000000 -1.226257809744e-02
52.400000000 -1.265330990312e-02
52.410000000 -1.303720670416e-02
52.420000000 -1.341598558621e-02
52.430000000 -1.378911951490e-02
52.440000000 -1.415912901243e-02
52.450000000 -1.452871952693e-02
52.460000000 -1.489943658583e-02
52.470000000 -1.527432775288e-02
52.480000000 -1.565192406164e-02
52.490000000 -1.603033655886e-02
52.500000000 -1.640562476077e-02
52.510000000 -1.677203220455e-02
52.520000000 -1.712122768588e-02
52.530000000 -1.744349431922e-02
52.540000000 -1.772927501755e-02
52.550000000 -1.796971347984e-02
52.560000000 -1.815723822263e-02
52.570000000 -1.828628886654e-02
52.580000000 -1.835644823760e-02
52.590000000 -1.836942901156e-02
52.600000000 -1.833161871817e-02
52.610000000 -1.825154546565e-02
52.620000000 -1.813964090147e-02
52.630000000 -1.800604868801e-02
52.640000000 -1.786087289553e-02
52.650000000 -1.771320995547e-02
52.660000000 -1.756923437738e-02
52.670000000 -1.743197729169e-02
52.680000000 -1.730393816899e-02
52.690000000 -1.718210421610e-02
52.700000000 -1.706163684644e-02
52.710000000 -1.693619947703e-02
52.720000000 -1.679696275838e-02
52.730000000 -1.663521377390e-02
52.740000000 -1.644468511616e-02
52.750000000 -1.621977488340e-02
52.760000000 -1.595651185462e-02
52.770000000 -1.565462706084e-02
52.780000000 -1.531366849982e-02
52.790000000 -1.493352999019e-02
52.800000000 -1.451616715426e-02
52.810000000 -1.406244781885e-02
52.820000000 -1.357560616926e-02
52.830000000 -1.305723182313e-02
52.840000000 -1.251097560465e-02
52.850000000 -1.193929396567e-02
52.860000000 -1.134563718501e-02
52.870000000 -1.073344826041e-02
52.880000000 -1.010790454550e-02
52.890000000 -9.474541879902e-03
52.900000000 -8.840213988398e-03
52.910000000 -8.209190543285e-03
52.920000000 -7.585704347289e-03
52.930000000 -6.971057442958e-03
52.940000000 -6.364901338179e-03
52.950000000 -5.764132144463e-03
52.960000000 -5.165984225999e-03
52.970000000 -4.567393635373e-03
52.980000000 -3.967787055514e-03
52.990000000 -3.367372301755e-03
53.000000000 -2.767864488297e-03
53.010000000 -2.171025494485e-03
53.020000000 -1.578633236449e-03
53.030000000 -9.917351295008e-04
53.040000000 -4.098257943228e-04
53.050000000 1.681153409249e-04
53.060000000 7.430739904041e-04
53.070000000 1.318154671801e-03
53.080000000 1.893062739406e-03
53.090000000 2.471723796148e-03
53.100000000 3.054958770577e-03
53.110000000 3.646997178163e-03
53.120000000 4.250386716599e-03
53.130000000 4.868166426796e-03
53.140000000 5.502964233573e-03
53.150000000 6.154869544223e-03
53.160000000 6.822026648343e-03
53.170000000 7.500021039311e-03
53.180000000 8.182316616764e-03
53.190000000 8.863152577710e-03
53.200000000 9.534568175258e-03
53.210000000 1.018956743831e-02
53.220000000 1.081871732740e-02
53.230000000 1.141405044791e-02
53.240000000 1.196540700729e-02
53.250000000 1.246234782783e-02
53.260000000 1.289543637592e-02
53.270000000 1.325754501372e-02
53.280000000 1.354435904610e-02
53.290000000 1.375217575188e-02
53.300000000 1.388277153733e-02
53.310000000 1.393981359280e-02
53.320000000 1.392624401695e-02
53.330000000 1.384742974738e-02
53.340000000 1.370804317982e-02
53.350000000 1.351090134534e-02
53.360000000 1.326279043153e-02
53.370000000 1.296991544026e-02
53.380000000 1.264324085607e-02
53.390000000 1.229580055888e-02
53.400000000 1.194261601841e-02
53.410000000 1.160228717272e-02
53.420000000 1.129203408249e-02
53.430000000 1.102804410997e-02
53.440000000 1.082373526100e-02
53.450000000 1.068567834777e-02
53.460000000 1.061769105043e-02
53.470000000 1.061941074473e-02
53.480000000 1.068354394496e-02
53.490000000 1.080164108756e-02
53.500000000 1.096142909485e-02
53.510000000 1.115060365031e-02
53.520000000 1.135657877318e-02
53.530000000 1.156745660532e-02
53.540000000 1.177496812478e-02
53.550000000 1.197130937717e-02
53.560000000 1.215021011346e-02
53.570000000 1.230649600072e-02
53.580000000 1.243526633064e-02
53.590000000 1.253178474338e-02
53.600000000 1.259080599280e-02
53.610000000 1.260849439115e-02
53.620000000 1.258405670454e-02
53.630000000 1.251805833331e-02
53.640000000 1.241300659971e-02
53.650000000 1.227644813881e-02
53.660000000 1.211468985123e-02
53.670000000 1.193859394323e-02
53.680000000 1.175550356093e-02
53.690000000 1.157326914770e-02
53.700000000 1.139965812449e-02
53.710000000 1.123801846126e-02
53.720000000 1.109387838317e-02
53.730000000 1.096918757619e-02
53.740000000 1.086697669847e-02
53.750000000 1.078902677928e-02
53.760000000 1.073523679328e-02
53.770000000 1.070630156831e-02
53.780000000 1.069852984485e-02
53.790000000 1.070884990532e-02
53.800000000 1.073144987642e-02
53.810000000 1.075993312617e-02
53.820000000 1.078676740650e-02
53.830000000 1.080307510225e-02
53.840000000 1.080218972649e-02
53.850000000 1.077609910774e-02
53.860000000 1.071844088607e-02
53.870000000 1.062600982762e-02
53.880000000 1.049559946381e-02
53.890000000 1.032885291652e-02
53.900000000 1.012992197322e-02
53.910000000 9.906028028456e-03
53.920000000 9.665952774583e-03
53.930000000 9.417752534746e-03
53.940000000 9.170649728860e-03
53.950000000 8.932599878697e-03
53.960000000 8.707583498679e-03
53.970000000 8.497777658109e-03
53.980000000 8.301338093020e-03
53.990000000 8.118206299398e-03
54.000000000 7.943321771944e-03
54.010000000 7.775036958230e-03
54.020000000 7.612420932156e-03
54.030000000 7.455308366263e-03
54.040000000 7.305027827717e-03
54.050000000 7.162223246296e-03
54.060000000 7.028537100437e-03
54.070000000 6.905038271442e-03
54.080000000 6.790397815772e-03
54.090000000 6.681404843872e-03
54.100000000 6.571269666107e-03
54.110000000 6.454371371195e-03
54.120000000 6.322790826652e-03
54.130000000 6.171603343832e-03
54.140000000 5.995924837541e-03
54.150000000 5.795831591771e-03
54.160000000 5.569555428732e-03
54.170000000 5.317436529249e-03
54.180000000 5.040767022746e-03
54.190000000 4.739759792474e-03
54.200000000 4.416910810420e-03
54.210000000 4.074590399440e-03
54.220000000 3.715706152901e-03
54.230000000 3.342708890076e-03
54.240000000 2.958523348589e-03
54.250000000 2.565321734091e-03
54.260000000 2.165242859798e-03
54.270000000 1.758651987074e-03
54.280000000 1.348128168550e-03
54.290000000 9.353347733792e-04
54.300000000 5.222132052106e-04
54.310000000 1.094709477401e-04
54.320000000 -3.018296313314e-04
54.330000000 -7.113148622506e-04
54.340000000 -1.120721607487e-03
54.350000000 -1.532829326942e-03
54.360000000 -1.950380054746e-03
54.370000000 -2.377883276943e-03
54.380000000 -2.817120822256e-03
54.390000000 -3.269892818913e-03
54.400000000 -3.735704545339e-03
54.410000000 -4.213118240346e-03
54.420000000 -4.698107002686e-03
54.430000000 -5.187135629513e-03
54.440000000 -5.676570462608e-03
54.450000000 -6.162384926644e-03
54.460000000 -6.640271777862e-03
54.470000000 -7.105527488596e-03
54.480000000 -7.552551065914e-03
54.490000000 -7.974686383723e-03
54.500000000 -8.366351044211e-03
54.510000000 -8.720916253109e-03
54.520000000 -9.032220197017e-03
54.530000000 -9.297271424364e-03
54.540000000 -9.512821981906e-03
54.550000000 -9.680068902359e-03
54.560000000 -9.800303478521e-03
54.570000000 -9.877836453117e-03
54.580000000 -9.917140141140e-03
54.590000000 -9.922012521269e-03
54.600000000 -9.895979974207e-03
54.610000000 -9.842087508775e-03
54.620000000 -9.764906178407e-03
54.630000000 -9.669378479305e-03
54.640000000 -9.560560249769e-03
54.650000000 -9.446414924148e-03
54.660000000 -9.334352657390e-03
54.670000000 -9.231939186698e-03
54.680000000 -9.146241931858e-03
54.690000000 -9.083935457580e-03
54.700000000 -9.047799761673e-03
54.710000000 -9.041800439276e-03
54.720000000 -9.065797461012e-03
54.730000000 -9.121836614627e-03
54.740000000 -9.209622293347e-03
54.750000000 -9.331298067858e-03
54.760000000 -9.486704505360e-03
54.770000000 -9.675469942029e-03
54.780000000 -9.899533545737e-03
54.790000000 -1.015869954006e-02
54.800000000 -1.045163463194e-02
54.810000000 -1.077936443147e-02
54.820000000 -1.113882437435e-02
54.830000000 -1.152875166197e-02
54.840000000 -1.194314664062e-02
54.850000000 -1.237823870419e-02
54.860000000 -1.282942735456e-02
54.870000000 -1.328926775054e-02
54.880000000 -1.375263345002e-02
54.890000000 -1.421360585194e-02
54.900000000 -1.466576561371e-02
54.910000000 -1.510174729417e-02
54.920000000 -1.551520057389e-02
54.930000000 -1.590134133879e-02
54.940000000 -1.625299028300e-02
54.950000000 -1.656668521030e-02
54.960000000 -1.683894678491e-02
54.970000000 -1.706660435475e-02
54.980000000 -1.724736536656e-02
54.990000000 -1.738069110488e-02
55.000000000 -1.746727975367e-02
55.010000000 -1.750751494817e-02
55.020000000 -1.750251935150e-02
55.030000000 -1.745471560357e-02
55.040000000 -1.736780715742e-02
55.050000000 -1.724427168995e-02
55.060000000 -1.708919999155e-02
55.070000000 -1.690656122833e-02
55.080000000 -1.670220678391e-02
55.090000000 -1.648295634303e-02
55.100000000 -1.625504846171e-02
55.110000000 -1.602474975252e-02
55.120000000 -1.579854182431e-02
55.130000000 -1.557891594100e-02
55.140000000 -1.536787523716e-02
55.150000000 -1.516259582460e-02
55.160000000 -1.496243183770e-02
55.170000000 -1.476258499561e-02
55.180000000 -1.455840718970e-02
55.190000000 -1.434763793886e-02
55.200000000 -1.412484451095e-02
55.210000000 -1.388754048707e-02
55.220000000 -1.363253891568e-02
55.230000000 -1.335673078175e-02
55.240000000 -1.305845687576e-02
55.250000000 -1.273744932402e-02
55.260000000 -1.239390207267e-02
55.270000000 -1.202987000506e-02
55.280000000 -1.164877109696e-02
55.290000000 -1.125192054298e-02
55.300000000 -1.084151858415e-02
55.310000000 -1.041774304299e-02
55.320000000 -9.978599983594e-03
55.330000000 -9.524573557802e-03
55.340000000 -9.055731149359e-03
55.350000000 -8.573488500370e-03
55.360000000 -8.080914835695e-03
55.370000000 -7.580533898440e-03
55.380000000 -7.076267802741e-03
55.390000000 -6.570294899639e-03
55.400000000 -6.066005678250e-03
55.410000000 -5.563771386788e-03
55.420000000 -5.065993714406e-03
55.430000000 -4.574604871615e-03
55.440000000 -4.089951549089e-03
55.450000000 -3.612689749978e-03
55.460000000 -3.141783479199e-03
55.470000000 -2.673093869270e-03
55.480000000 -2.202932637908e-03
55.490000000 -1.726020783229e-03
55.500000000 -1.238067276455e-03
55.510000000 -7.345515623894e-04
55.520000000 -2.134097488883e-04
55.530000000 3.275726002178e-04
55.540000000 8.885522739024e-04
55.550000000 1.469664358368e-03
55.560000000 2.069799278551e-03
55.570000000 2.687599593563e-03
55.580000000 3.318066612267e-03
55.590000000 3.956651159103e-03
55.600000000 4.597564315789e-03
55.610000000 5.235045088169e-03
55.620000000 5.864000576467e-03
55.630000000 6.481637580752e-03
55.640000000 7.085766212591e-03
55.650000000 7.675919919687e-03
55.660000000 8.253954382147e-03
55.670000000 8.820121203261e-03
55.680000000 9.376166286298e-03
55.690000000 9.922169137426e-03
55.700000000 1.045815316936e-02
55.710000000 1.098127522608e-02
55.720000000 1.149020465196e-02
55.730000000 1.198224736460e-02
55.740000000 1.245346445924e-02
55.750000000 1.290122185896e-02
55.760000000 1.332192917240e-02
55.770000000 1.371513341092e-02
55.780000000 1.407910158087e-02
55.790000000 1.441394709290e-02
55.800000000 1.472114266417e-02
55.810000000 1.500213952380e-02
55.820000000 1.526009475064e-02
55.830000000 1.549907830255e-02
55.840000000 1.572237745781e-02
55.850000000 1.593401861388e-02
55.860000000 1.613725325657e-02
55.870000000 1.633387605783e-02
55.880000000 1.652398314615e-02
55.890000000 1.670685082169e-02
55.900000000 1.687988558788e-02
55.910000000 1.703905785618e-02
55.920000000 1.718209761632e-02
55.930000000 1.730819675325e-02
55.940000000 1.741641564590e-02
55.950000000 1.750749229808e-02
55.960000000 1.758198551768e-02
55.970000000 1.764155980288e-02
55.980000000 1.768526394761e-02
55.990000000 1.771184023961e-02
56.000000000 1.771959708698e-02
56.010000000 1.770459217210e-02
56.020000000 1.766337274766e-02
56.030000000 1.759204506975e-02
56.040000000 1.748647353428e-02
56.050000000 1.733970473814e-02
56.060000000 1.714566346397e-02
56.070000000 1.689787113068e-02
56.080000000 1.658780305866e-02
56.090000000 1.620828746262e-02
56.100000000 1.575414413390e-02
56.110000000 1.522225558891e-02
56.120000000 1.461175733372e-02
56.130000000 1.392384512147e-02
56.140000000 1.316393880697e-02
56.150000000 1.234038535423e-02
56.160000000 1.146207689071e-02
56.170000000 1.054196547036e-02
56.180000000 9.593813998776e-03
56.190000000 8.632362069166e-03
56.200000000 7.674371370303e-03
56.210000000 6.733739805038e-03
56.220000000 5.825677269880e-03
56.230000000 4.961288801397e-03
56.240000000 4.150832008546e-03
56.250000000 3.401392388839e-03
56.260000000 2.716892341287e-03
56.270000000 2.097918532380e-03
56.280000000 1.544598655660e-03
56.290000000 1.053591936609e-03
56.300000000 6.218724755979e-04
56.310000000 2.467997813569e-04
56.320000000 -7.762415621839e-05
56.330000000 -3.574185448079e-04
56.340000000 -6.014414294300e-04
56.350000000 -8.193367641306e-04
56.360000000 -1.021559916655e-03
56.370000000 -1.219135609278e-03
56.380000000 -1.419995366174e-03
56.390000000 -1.632074203871e-03
56.400000000 -1.857916310994e-03
56.410000000 -2.098699964287e-03
56.420000000 -2.352958128822e-03
56.430000000 -2.617257725633e-03
56.440000000 -2.888005506881e-03
56.450000000 -3.161079294421e-03
56.460000000 -3.432979536911e-03
56.470000000 -3.698838480604e-03
56.480000000 -3.953396351497e-03
56.490000000 -4.191429662877e-03
56.500000000 -4.408679076775e-03
56.510000000 -4.599788566214e-03
56.520000000 -4.760599778597e-03
56.530000000 -4.886752650392e-03
56.540000000 -4.973767767647e-03
56.550000000 -5.017940594667e-03
56.560000000 -5.017128456310e-03
56.570000000 -4.968483770688e-03
56.580000000 -4.871292241725e-03
56.590000000 -4.726489280833e-03
56.600000000 -4.536644526667e-03
56.610000000 -4.306837085851e-03
56.620000000 -4.042769726023e-03
56.630000000 -3.751590342769e-03
56.640000000 -3.441529380865e-03
56.650000000 -3.117174415656e-03
56.660000000 -2.784429587124e-03
56.670000000 -2.447165434717e-03
56.680000000 -2.106468133411e-03
56.690000000 -1.765810305810e-03
56.700000000 -1.427858833947e-03
56.710000000 -1.095752084020e-03
56.720000000 -7.737380869220e-04
56.730000000 -4.679310556941e-04
56.740000000 -1.798589582822e-04
56.750000000 8.655870821520e-05
56.760000000 3.308712256552e-04
56.770000000 5.532519036064e-04
56.780000000 7.536406997296e-04
56.790000000 9.335889600713e-04
56.800000000 1.094097655172e-03
56.810000000 1.237047471572e-03
56.820000000 1.363807542841e-03
56.830000000 1.476804628347e-03
56.840000000 1.579000413508e-03
56.850000000 1.671856785984e-03
56.860000000 1.759716752872e-03
56.870000000 1.844859070085e-03
56.880000000 1.932064492862e-03
56.890000000 2.023093464890e-03
56.900000000 2.120953821338e-03
56.910000000 2.224832853050e-03
56.920000000 2.332955655004e-03
56.930000000 2.440999029581e-03
56.940000000 2.541228029808e-03
56.950000000 2.624272414641e-03
56.960000000 2.682344953865e-03
56.970000000 2.707463262246e-03
56.980000000 2.692232695460e-03
56.990000000 2.634772918230e-03
57.000000000 2.533630748153e-03
57.010000000 2.389727131890e-03
57.020000000 2.206568118779e-03
57.030000000 1.989542360999e-03
57.040000000 1.743389692682e-03
57.050000000 1.473528435393e-03
57.060000000 1.184818044727e-03
57.070000000 8.782765966780e-04
57.080000000 5.553173478163e-04
57.090000000 2.124678408062e-04
57.100000000 -1.528600663753e-04
57.110000000 -5.447154683478e-04
57.120000000 -9.649814057482e-04
57.130000000 -1.414900856268e-03
57.140000000 -1.892794894226e-03
57.150000000 -2.396842614018e-03
57.160000000 -2.920941045651e-03
57.170000000 -3.460996574630e-03
57.180000000 -4.009728365944e-03
57.190000000 -4.559798974884e-03
57.200000000 -5.103015271230e-03
57.210000000 -5.628599372143e-03
57.220000000 -6.127056688706e-03
57.230000000 -6.587424695807e-03
57.240000000 -7.002098442519e-03
57.250000000 -7.364302885533e-03
57.260000000 -7.668636765430e-03
57.270000000 -7.915121148835e-03
57.280000000 -8.105467008076e-03
57.290000000 -8.243416301973e-03
57.300000000 -8.335530858498e-03
57.310000000 -8.391104074934e-03
57.320000000 -8.418130410375e-03
57.330000000 -8.426777522988e-03
57.340000000 -8.423943448800e-03
57.350000000 -8.417733912575e-03
57.360000000 -8.413562654019e-03
57.370000000 -8.415792416234e-03
57.380000000 -8.425394874186e-03
57.390000000 -8.443056163016e-03
57.400000000 -8.468590062114e-03
57.410000000 -8.500145365749e-03
57.420000000 -8.535263800314e-03
57.430000000 -8.572668598054e-03
57.440000000 -8.608511791728e-03
57.450000000 -8.640654088636e-03
57.460000000 -8.664798230662e-03
57.470000000 -8.676540955379e-03
57.480000000 -8.671802655309e-03
57.490000000 -8.644908441336e-03
57.500000000 -8.591589478691e-03
57.510000000 -8.508161281815e-03
57.520000000 -8.392225583171e-03
57.530000000 -8.242806047458e-03
57.540000000 -8.058004255286e-03
57.550000000 -7.839648597919e-03
57.560000000 -7.587339014983e-03
57.570000000 -7.303863281917e-03
57.580000000 -6.990520745090e-03
57.590000000 -6.651407341443e-03
57.600000000 -6.290764192350e-03
57.610000000 -5.913907380118e-03
57.620000000 -5.525579781149e-03
57.630000000 -5.132373493168e-03
57.640000000 -4.739598013008e-03
57.650000000 -4.352046785071e-03
57.660000000 -3.975050427412e-03
57.670000000 -3.612165888992e-03
57.680000000 -3.265037828060e-03
57.690000000 -2.934262712732e-03
57.700000000 -2.620795993485e-03
57.710000000 -2.322786138368e-03
57.720000000 -2.040002383971e-03
57.730000000 -1.770004006313e-03
57.740000000 -1.512566120106e-03
57.750000000 -1.265848568221e-03
57.760000000 -1.030003015704e-03
57.770000000 -8.036530868401e-04
57.780000000 -5.869075199996e-04
57.790000000 -3.809047518340e-04
57.800000000 -1.858086874769e-04
57.810000000 -2.826617005711e-06
57.820000000 1.679332530265e-04
57.830000000 3.259889536057e-04
57.840000000 4.733422562529e-04
57.850000000 6.100377747812e-04
57.860000000 7.389102513719e-04
57.870000000 8.618738441677e-04
57.880000000 9.798110154037e-04
57.890000000 1.096106645071e-03
57.900000000 1.211068328242e-03
57.910000000 1.325400185048e-03
57.920000000 1.439044392331e-03
57.930000000 1.552074307733e-03
57.940000000 1.663091480233e-03
57.950000000 1.771889851100e-03
57.960000000 1.877624989797e-03
57.970000000 1.979722700750e-03
57.980000000 2.077108102300e-03
57.990000000 2.171873121205e-03
58.000000000 2.263011045140e-03
58.010000000 2.352819873256e-03
58.020000000 2.442929093522e-03
58.030000000 2.532900325105e-03
58.040000000 2.625767821907e-03
58.050000000 2.719952313504e-03
58.060000000 2.816815870213e-03
58.070000000 2.917191503047e-03
58.080000000 3.020885906149e-03
58.090000000 3.127159796659e-03
58.100000000 3.236948611838e-03
58.110000000 3.349010627675e-03
58.120000000 3.462905595193e-03
58.130000000 3.576705911910e-03
58.140000000 3.689044682364e-03
58.150000000 3.799240635109e-03
58.160000000 3.905627982755e-03
58.170000000 4.007769347827e-03
58.180000000 4.104812327155e-03
58.190000000 4.196569832997e-03
58.200000000 4.284971070550e-03
58.210000000 4.369808584309e-03
58.220000000 4.451990908565e-03
58.230000000 4.533649409455e-03
58.240000000 4.614884067728e-03
58.250000000 4.696847065526e-03
58.260000000 4.779948535365e-03
58.270000000 4.865483644767e-03
58.280000000 4.951876786169e-03
58.290000000 5.038052904392e-03
58.300000000 5.123108032924e-03
58.310000000 5.206049048103e-03
58.320000000 5.284195662172e-03
58.330000000 5.355560981983e-03
58.340000000 5.419414629570e-03
58.350000000 5.474203784624e-03
58.360000000 5.519130642349e-03
58.370000000 5.552287443409e-03
58.380000000 5.574690343704e-03
58.390000000 5.585498487400e-03
58.400000000 5.583398109907e-03
58.410000000 5.569499956023e-03
58.420000000 5.543386126334e-03
58.430000000 5.505570395002e-03
58.440000000 5.454496232759e-03
58.450000000 5.390477213263e-03
58.460000000 5.313556160912e-03
58.470000000 5.223321776745e-03
58.480000000 5.121469090376e-03
58.490000000 5.007237700382e-03
58.500000000 4.882371233849e-03
58.510000000 4.749233513875e-03
58.520000000 4.609123780568e-03
58.530000000 4.463219452295e-03
58.540000000 4.313535171865e-03
58.550000000 4.162578369280e-03
58.560000000 4.010260062284e-03
58.570000000 3.859348570752e-03
58.580000000 3.709464188407e-03
58.590000000 3.562368122783e-03
58.600000000 3.418562565902e-03
58.610000000 3.276417239378e-03
58.620000000 3.136581292194e-03
58.630000000 2.998112557196e-03
58.640000000 2.859149995201e-03
58.650000000 2.719949975801e-03
58.660000000 2.579203247384e-03
58.670000000 2.437300327002e-03
58.680000000 2.293211074138e-03
58.690000000 2.147956040214e-03
58.700000000 2.001183863298e-03
58.710000000 1.853470880652e-03
58.720000000 1.705132687755e-03
58.730000000 1.556156958672e-03
58.740000000 1.406386825137e-03
58.750000000 1.256982001361e-03
58.760000000 1.108325623639e-03
58.770000000 9.603024627539e-04
58.780000000 8.135702716795e-04
58.790000000 6.689496237462e-04
58.800000000 5.267740802794e-04
58.810000000 3.879823273502e-04
58.820000000 2.532985706802e-04
58.830000000 1.228303235016e-04
58.840000000 -2.179539036758e-06
58.850000000 -1.210269610722e-04
58.860000000 -2.322560619619e-04
58.870000000 -3.364034201429e-04
58.880000000 -4.321430149961e-04
58.890000000 -5.184545206416e-04
58.900000000 -5.954789236616e-04
58.910000000 -6.631296940276e-04
58.920000000 -7.214788358908e-04
58.930000000 -7.704576150705e-04
58.940000000 -8.096322276740e-04
58.950000000 -8.405461273468e-04
58.960000000 -8.642805364657e-04
58.970000000 -8.798453209419e-04
58.980000000 -8.883909763524e-04
58.990000000 -8.906320580956e-04
59.000000000 -8.876615047952e-04
59.010000000 -8.792715953947e-04
59.020000000 -8.657783455324e-04
59.030000000 -8.485812814015e-04
59.040000000 -8.263729576844e-04
59.050000000 -8.013936492570e-04
59.060000000 -7.734859666016e-04
59.070000000 -7.415562504410e-04
59.080000000 -7.075901408002e-04
59.090000000 -6.715000625158e-04
59.100000000 -6.342375810918e-04
59.110000000 -5.959279045810e-04
59.120000000 -5.568942826357e-04
59.130000000 -5.178512248244e-04
59.140000000 -4.790648423337e-04
59.150000000 -4.406402810730e-04
59.160000000 -4.031974480403e-04
59.170000000 -3.672854535818e-04
59.180000000 -3.324731712788e-04
59.190000000 -2.999776336443e-04
59.200000000 -2.688705760727e-04
59.210000000 -2.401932291636e-04
59.220000000 -2.140800487819e-04
59.230000000 -1.911116058752e-04
59.240000000 -1.710963708205e-04
59.250000000 -1.546781614074e-04
59.260000000 -1.422938702208e-04
59.270000000 -1.348880292975e-04
59.280000000 -1.322257227189e-04
59.290000000 -1.348862367764e-04
59.300000000 -1.428482970779e-04
59.310000000 -1.568769721257e-04
59.320000000 -1.768253940689e-04
59.330000000 -2.029004941361e-04
59.340000000 -2.347678314514e-04
59.350000000 -2.731341796593e-04
59.360000000 -3.178640740146e-04
59.370000000 -3.685627978638e-04
59.380000000 -4.249818116369e-04
59.390000000 -4.866520439947e-04
59.400000000 -5.529559908369e-04
59.410000000 -6.246889236097e-04
59.420000000 -7.009645222588e-04
59.430000000 -7.820841767181e-04
59.440000000 -8.669411341575e-04
59.450000000 -9.568492329842e-04
59.460000000 -1.049910186474e-03
59.470000000 -1.145795699710e-03
59.480000000 -1.244581921566e-03
59.490000000 -1.345195962060e-03
59.500000000 -1.447305959095e-03
59.510000000 -1.550383583582e-03
59.520000000 -1.653390537736e-03
59.530000000 -1.756869359098e-03
59.540000000 -1.859482008281e-03
59.550000000 -1.961538573184e-03
59.560000000 -2.062233585636e-03
59.570000000 -2.160876677040e-03
59.580000000 -2.257631152587e-03
59.590000000 -2.351540559987e-03
59.600000000 -2.443059137197e-03
59.610000000 -2.530667474366e-03
59.620000000 -2.614668150243e-03
59.630000000 -2.695100597821e-03
59.640000000 -2.771439924893e-03
59.650000000 -2.843550770452e-03
59.660000000 -2.911485935676e-03
59.670000000 -2.974928547440e-03
59.680000000 -3.032813260610e-03
59.690000000 -3.085801597119e-03
59.700000000 -3.133969970244e-03
59.710000000 -3.175840443582e-03
59.720000000 -3.212621089702e-03
59.730000000 -3.244319121277e-03
59.740000000 -3.270664942392e-03
59.750000000 -3.291627020688e-03
59.760000000 -3.306896459860e-03
59.770000000 -3.316773926354e-03
59.780000000 -3.319578019111e-03
59.790000000 -3.316936107500e-03
59.800000000 -3.308749786197e-03
59.810000000 -3.293607179410e-03
59.820000000 -3.273398299764e-03
59.830000000 -3.246941288765e-03
59.840000000 -3.214922957785e-03
59.850000000 -3.177436459366e-03
59.860000000 -3.133427894497e-03
59.870000000 -3.083436873394e-03
59.880000000 -3.027427438717e-03
59.890000000 -2.964934834306e-03
59.900000000 -2.896915288429e-03
59.910000000 -2.822942935547e-03
59.920000000 -2.742734681954e-03
59.930000000 -2.655572503718e-03
59.940000000 -2.562750477782e-03
59.950000000 -2.462663255793e-03
59.960000000 -2.356230167996e-03
59.970000000 -2.245143280160e-03
59.980000000 -2.131138034690e-03
59.990000000 -2.017324178319e-03
60.000000000 -1.905230722169e-03
60.010000000 -1.795912227174e-03
60.020000000 -1.689223786248e-03
60.030000000 -1.585203660191e-03
60.040000000 -1.483903667395e-03
60.050000000 -1.385014034801e-03
60.060000000 -1.287892722305e-03
60.070000000 -1.193196360340e-03
60.080000000 -1.100567624184e-03
60.090000000 -1.009209273078e-03
60.100000000 -9.198651230559e-04
60.110000000 -8.325702607675e-04
60.120000000 -7.471661571592e-04
60.130000000 -6.634677852913e-04
60.140000000 -5.822446948995e-04
60.150000000 -5.023735977192e-04
60.160000000 -4.255149282836e-04
60.170000000 -3.504246461002e-04
60.180000000 -2.774987119430e-04
60.190000000 -2.069128733651e-04
60.200000000 -1.381776076134e-04
60.210000000 -7.161035399070e-05
60.220000000 -6.157162882263e-06
60.230000000 5.702834870073e-05
60.240000000 1.187289176113e-04
60.250000000 1.783003624391e-04
60.260000000 2.362930576264e-04
60.270000000 2.927389508534e-04
60.280000000 3.470163920739e-04
60.290000000 3.993760579572e-04
60.300000000 4.497065029664e-04
60.310000000 4.980188135154e-04
60.320000000 5.444117064157e-04
60.330000000 5.879940018060e-04
60.340000000 6.292602165293e-04
60.350000000 6.686170731918e-04
60.360000000 7.054526062592e-04
60.370000000 7.405944751233e-04
60.380000000 7.733869100500e-04
60.390000000 8.054598474225e-04
60.400000000 8.359611213272e-04
60.410000000 8.663421919195e-04
60.420000000 8.963449309674e-04
60.430000000 9.265497341916e-04
60.440000000 9.576329405798e-04
60.450000000 9.885825958776e-04
60.460000000 1.020234703206e-03
60.470000000 1.052642114126e-03
60.480000000 1.084853709884e-03
60.490000000 1.117543464401e-03
60.500000000 1.150602538126e-03
60.510000000 1.183784146369e-03
60.520000000 1.217773118426e-03
60.530000000 1.250284852278e-03
60.540000000 1.282628958010e-03
60.550000000 1.315404702541e-03
60.560000000 1.347379164635e-03
60.570000000 1.379182420334e-03
60.580000000 1.410098533572e-03
60.590000000 1.440503421426e-03
60.600000000 1.470104546691e-03
60.610000000 1.498699288541e-03
60.620000000 1.526758392500e-03
60.630000000 1.553403671937e-03
60.640000000 1.578743309686e-03
60.650000000 1.602757920958e-03
60.660000000 1.625389379136e-03
60.670000000 1.646791341371e-03
60.680000000 1.666675624586e-03
60.690000000 1.685546914830e-03
60.700000000 1.702381179913e-03
60.710000000 1.718526581037e-03
60.720000000 1.733223386691e-03
60.730000000 1.746197796184e-03
60.740000000 1.758193730983e-03
60.750000000 1.769231662035e-03
60.760000000 1.778519119580e-03
60.770000000 1.786902057597e-03
60.780000000 1.794027721341e-03
60.790000000 1.799223571775e-03
60.800000000 1.803237279416e-03
60.810000000 1.806029384456e-03
60.820000000 1.806292962730e-03
60.830000000 1.804988020440e-03
60.840000000 1.801366063783e-03
60.850000000 1.795242796772e-03
60.860000000 1.787791707946e-03
60.870000000 1.777308392537e-03
60.880000000 1.765089002858e-03
60.890000000 1.750005698578e-03
60.900000000 1.733544026846e-03
60.910000000 1.714529317061e-03
60.920000000 1.693521506089e-03
60.930000000 1.670047331390e-03
60.940000000 1.644992119726e-03
60.950000000 1.618082186873e-03
60.960000000 1.588918847185e-03
60.970000000 1.558832800312e-03
60.980000000 1.525964213551e-03
60.990000000 1.491952221068e-03
61.000000000 1.456340254938e-03
61.010000000 1.418876076326e-03
61.020000000 1.380738387829e-03
61.030000000 1.340929937547e-03
61.040000000 1.300052133749e-03
61.050000000 1.257565633003e-03
61.060000000 1.214239642467e-03
61.070000000 1.170167417813e-03
61.080000000 1.125641770895e-03
61.090000000 1.079893275784e-03
61.100000000 1.033890015205e-03
61.110000000 9.876193581521e-04
61.120000000 9.407895908982e-04
61.130000000 8.942223933249e-04
61.140000000 8.474714108876e-04
61.150000000 8.008642186806e-04
61.160000000 7.547587971735e-04
61.170000000 7.090863026155e-04
61.180000000 6.644929126894e-04
61.190000000 6.204955984044e-04
61.200000000 5.775575718672e-04
61.210000000 5.353939237348e-04
61.220000000 4.948313231535e-04
61.230000000 4.549089833575e-04
61.240000000 4.169915141725e-04
61.250000000 3.807109639638e-04
61.260000000 3.456903078857e-04
61.270000000 3.120115367714e-04
61.280000000 2.798572734293e-04
61.290000000 2.500225118815e-04
61.300000000 2.216608909389e-04
61.310000000 1.947553155112e-04
61.320000000 1.693944018886e-04
61.330000000 1.456951420869e-04
61.340000000 1.238105846176e-04
61.350000000 1.026069435905e-04
61.360000000 8.374232238755e-05
61.370000000 6.600101133117e-05
61.380000000 4.971629023939e-05
61.390000000 3.468821273811e-05
61.400000000 2.153929724470e-05
61.410000000 8.713959878798e-06
61.420000000 -2.450241643950e-06
61.430000000 -1.282202881504e-05
61.440000000 -2.223037789493e-05
61.450000000 -3.019242211467e-05
61.460000000 -3.748340013199e-05
61.470000000 -4.440920259746e-05
61.480000000 -5.078722800413e-05
61.490000000 -5.591801163394e-05
61.500000000 -6.094229800629e-05
61.510000000 -6.573797449154e-05
61.520000000 -6.957687281304e-05
61.530000000 -7.441361894852e-05
61.540000000 -7.872529131132e-05
61.550000000 -8.259270088199e-05
61.560000000 -8.685004224168e-05
61.570000000 -9.194209242374e-05
61.580000000 -9.682467833513e-05
61.590000000 -1.026336002392e-04
61.600000000 -1.085856387814e-04
61.610000000 -1.155110503659e-04
61.620000000 -1.237297073302e-04
61.630000000 -1.315169472744e-04
61.640000000 -1.405487327440e-04
61.650000000 -1.513069171125e-04
61.660000000 -1.626185957803e-04
61.670000000 -1.745838030418e-04
61.680000000 -1.879809956233e-04
61.690000000 -2.023788513021e-04
61.700000000 -2.179924981673e-04
61.710000000 -2.350578365678e-04
61.720000000 -2.531635543508e-04
61.730000000 -2.717146464222e-04
61.740000000 -2.918503061491e-04
61.750000000 -3.128417412800e-04
61.760000000 -3.347283032964e-04
61.770000000 -3.581536514030e-04
61.780000000 -3.820961600237e-04
61.790000000 -4.068191330943e-04
61.800000000 -4.325788294564e-04
61.810000000 -4.588278710231e-04
61.820000000 -4.865912212229e-04
61.830000000 -5.141944180705e-04
61.840000000 -5.425740091775e-04
61.850000000 -5.708948374697e-04
61.860000000 -6.003534733181e-04
61.870000000 -6.296474038544e-04
61.880000000 -6.594654829563e-04
61.890000000 -6.885279261014e-04
61.900000000 -7.187964709061e-04
61.910000000 -7.483519724364e-04
61.920000000 -7.781869659590e-04
61.930000000 -8.074528200456e-04
61.940000000 -8.364572239503e-04
61.950000000 -8.647030583956e-04
61.960000000 -8.927306275318e-04
61.970000000 -9.197993752381e-04
61.980000000 -9.461179317397e-04
61.990000000 -9.717570554470e-04
62.000000000 -9.968700479818e-04
62.010000000 -1.019716822510e-03
62.020000000 -1.041749763097e-03
62.030000000 -1.062827426670e-03
62.040000000 -1.081982652258e-03
62.050000000 -1.100785081384e-03
62.060000000 -1.117382331938e-03
62.070000000 -1.132234056959e-03
62.080000000 -1.145633782897e-03
62.090000000 -1.157292879893e-03
62.100000000 -1.167248540894e-03
62.110000000 -1.175704552158e-03
62.120000000 -1.181997831216e-03
62.130000000 -1.186301631350e-03
62.140000000 -1.189378026887e-03
62.150000000 -1.190256868767e-03
62.160000000 -1.189611528822e-03
62.170000000 -1.186849489127e-03
62.180000000 -1.182519983083e-03
62.190000000 -1.176606093674e-03
62.200000000 -1.168592915749e-03
62.210000000 -1.158534848357e-03
62.220000000 -1.147308326376e-03
62.230000000 -1.134297881816e-03
62.240000000 -1.119544206703e-03
62.250000000 -1.103556621317e-03
62.260000000 -1.086276369859e-03
62.270000000 -1.067325809404e-03
62.280000000 -1.046976524016e-03
62.290000000 -1.025278343161e-03
62.300000000 -1.002992145410e-03
62.310000000 -9.792644447233e-04
62.320000000 -9.544922908513e-04
62.330000000 -9.292616269797e-04
62.340000000 -9.024835861321e-04
62.350000000 -8.752580693131e-04
62.360000000 -8.470959624724e-04
62.370000000 -8.193231759957e-04
62.380000000 -7.901779980987e-04
62.390000000 -7.604133285250e-04
62.400000000 -7.307180777509e-04
62.410000000 -7.007061814204e-04
62.420000000 -6.704208969637e-04
62.430000000 -6.401415408760e-04
62.440000000 -6.094726822671e-04
62.450000000 -5.790532393149e-04
62.460000000 -5.487530517497e-04
62.470000000 -5.184271583781e-04
62.480000000 -4.880269698141e-04
62.490000000 -4.584633371240e-04
62.500000000 -4.291510696756e-04
62.510000000 -3.993602012763e-04
62.520000000 -3.703959659253e-04
62.530000000 -3.420900390534e-04
62.540000000 -3.141776099078e-04
62.550000000 -2.862859679169e-04
62.560000000 -2.595217023051e-04
62.570000000 -2.322285226619e-04
62.580000000 -2.064377658432e-04
62.590000000 -1.811048191143e-04
62.600000000 -1.560934368337e-04
62.610000000 -1.314491114831e-04
62.620000000 -1.072133537731e-04
62.630000000 -8.454220598486e-05
62.640000000 -6.123933484567e-05
62.650000000 -3.939107978954e-05
62.660000000 -1.821020089280e-05
62.670000000 3.241631483232e-06
62.680000000 2.381467795649e-05
62.690000000 4.391433822880e-05
62.700000000 6.310627989548e-05
62.710000000 8.213227206416e-05
62.720000000 1.008820036927e-04
62.730000000 1.188536029478e-04
62.740000000 1.361658692252e-04
62.750000000 1.535404739111e-04
62.760000000 1.701525182224e-04
62.770000000 1.868802267304e-04
62.780000000 2.028138452607e-04
62.790000000 2.183798624112e-04
62.800000000 2.341484788473e-04
62.810000000 2.490392006387e-04
62.820000000 2.641607648084e-04
62.830000000 2.783356974120e-04
62.840000000 2.925277951671e-04
62.850000000 3.069906930689e-04
62.860000000 3.205276895831e-04
62.870000000 3.343327094956e-04
62.880000000 3.476601369454e-04
62.890000000 3.610346185321e-04
62.900000000 3.741336389254e-04
62.910000000 3.870243975820e-04
62.920000000 3.996798866435e-04
62.930000000 4.122954829609e-04
62.940000000 4.250847486170e-04
62.950000000 4.373816293763e-04
62.960000000 4.493531367637e-04
62.970000000 4.611197954646e-04
62.980000000 4.727356071879e-04
62.990000000 4.844155421027e-04
63.000000000 4.961174822872e-04
63.010000000 5.070567398369e-04
63.020000000 5.181370151273e-04
63.030000000 5.283734345791e-04
63.040000000 5.388249202966e-04
63.050000000 5.488331537314e-04
63.060000000 5.588651384898e-04
63.070000000 5.686520277096e-04
63.080000000 5.775398167933e-04
63.090000000 5.866518219976e-04
63.100000000 5.948677088260e-04
63.110000000 6.028464140400e-04
63.120000000 6.106794964049e-04
63.130000000 6.175048088093e-04
63.140000000 6.247236905042e-04
63.150000000 6.306175423483e-04
63.160000000 6.357838113569e-04
63.170000000 6.417259044646e-04
63.180000000 6.458379366481e-04
63.190000000 6.498645499026e-04
63.200000000 6.531940559464e-04
63.210000000 6.558423203379e-04
63.220000000 6.578900047958e-04
63.230000000 6.596239586101e-04
63.240000000 6.606129352786e-04
63.250000000 6.609165983840e-04
63.260000000 6.601712651249e-04
63.270000000 6.588573905008e-04
63.280000000 6.568807488458e-04
63.290000000 6.546307794876e-04
63.300000000 6.511069649557e-04
63.310000000 6.474206421281e-04
63.320000000 6.431647264768e-04
63.330000000 6.373641676100e-04
63.340000000 6.318667969652e-04
63.350000000 6.251475546006e-04
63.360000000 6.180747402913e-04
63.370000000 6.104659532666e-04
63.380000000 6.020734015977e-04
63.390000000 5.931457100107e-04
63.400000000 5.833612487733e-04
63.410000000 5.738631735644e-04
63.420000000 5.631419357148e-04
63.430000000 5.520581269455e-04
63.440000000 5.411102468739e-04
63.450000000 5.294390328932e-04
63.460000000 5.170599175527e-04
63.470000000 5.047986519653e-04
63.480000000 4.921854590308e-04
63.490000000 4.794922429676e-04
63.500000000 4.661921592214e-04
63.510000000 4.527752814397e-04
63.520000000 4.395917729272e-04
63.530000000 4.258441608365e-04
63.540000000 4.125186448555e-04
63.550000000 3.989441583896e-04
63.560000000 3.847135982366e-04
63.570000000 3.715931589371e-04
63.580000000 3.578861472685e-04
63.590000000 3.442595471632e-04
63.600000000 3.305297527545e-04
63.610000000 3.175944051481e-04
63.620000000 3.045430859123e-04
63.630000000 2.916026558855e-04
63.640000000 2.785044432027e-04
63.650000000 2.658099639993e-04
63.660000000 2.536347876475e-04
63.670000000 2.411492376295e-04
63.680000000 2.296417962827e-04
63.690000000 2.182912408660e-04
63.700000000 2.065332554012e-04
63.710000000 1.955356656422e-04
63.720000000 1.852864559034e-04
63.730000000 1.746478793943e-04
63.740000000 1.641351870230e-04
63.750000000 1.546525767770e-04
63.760000000 1.452760469331e-04
63.770000000 1.360527593220e-04
63.780000000 1.270055819766e-04
63.790000000 1.183334645281e-04
63.800000000 1.095732223676e-04
63.810000000 1.012695674158e-04
63.820000000 9.328438702271e-05
63.830000000 8.555663439564e-05
63.840000000 7.835833121780e-05
63.850000000 7.047262677249e-05
63.860000000 6.362062990244e-05
63.870000000 5.653059543920e-05
63.880000000 4.959678221313e-05
63.890000000 4.254124854633e-05
63.900000000 3.560092688949e-05
63.910000000 2.901216575509e-05
63.920000000 2.230037348817e-05
63.930000000 1.567080588389e-05
63.940000000 8.967647990528e-06
63.950000000 2.345484187402e-06
63.960000000 -4.382268439671e-06
63.970000000 -1.094358820749e-05
63.980000000 -1.792953097592e-05
63.990000000 -2.491220240221e-05
64.000000000 -3.196256204698e-05
64.010000000 -3.885453274881e-05
64.020000000 -4.619198091105e-05
64.030000000 -5.395711790591e-05
64.040000000 -6.108622080034e-05
64.050000000 -6.923663133546e-05
64.060000000 -7.712402701815e-05
64.070000000 -8.523828629516e-05
64.080000000 -9.308317837736e-05
64.090000000 -1.014625707583e-04
64.100000000 -1.101828485184e-04
64.110000000 -1.188701298952e-04
64.120000000 -1.274378114367e-04
64.130000000 -1.369532103299e-04
64.140000000 -1.458523788583e-04
64.150000000 -1.552104762405e-04
64.160000000 -1.649228433496e-04
64.170000000 -1.741627986407e-04
64.180000000 -1.839753127700e-04
64.190000000 -1.935852525526e-04
64.200000000 -2.037354386893e-04
64.210000000 -2.136456016777e-04
64.220000000 -2.237100003482e-04
64.230000000 -2.336584246334e-04
64.240000000 -2.437112409983e-04
64.250000000 -2.536464528538e-04
64.260000000 -2.637537270834e-04
64.270000000 -2.734343092231e-04
64.280000000 -2.831202656225e-04
64.290000000 -2.932326893181e-04
64.300000000 -3.030180846519e-04
64.310000000 -3.118283320365e-04
64.320000000 -3.217637237824e-04
64.330000000 -3.307492126202e-04
64.340000000 -3.393488243866e-04
64.350000000 -3.479952282277e-04
64.360000000 -3.567879693530e-04
64.370000000 -3.644157513738e-04
64.380000000 -3.716809281481e-04
64.390000000 -3.795080923286e-04
64.400000000 -3.864413298963e-04
64.410000000 -3.927768599444e-04
64.420000000 -3.991423473406e-04
64.430000000 -4.047578516869e-04
64.440000000 -4.104874458579e-04
64.450000000 -4.154325553131e-04
64.460000000 -4.198395886368e-04
64.470000000 -4.233852472940e-04
64.480000000 -4.267299761581e-04
64.490000000 -4.298283948154e-04
64.500000000 -4.321182365471e-04
64.510000000 -4.342854133055e-04
64.520000000 -4.354629660935e-04
64.530000000 -4.364695732502e-04
64.540000000 -4.367909445849e-04
64.550000000 -4.364772522443e-04
64.560000000 -4.354337959108e-04
64.570000000 -4.344783837923e-04
64.580000000 -4.327869335784e-04
64.590000000 -4.304788056423e-04
64.600000000 -4.274318968144e-04
64.610000000 -4.244790949617e-04
64.620000000 -4.207857869274e-04
64.630000000 -4.164756389490e-04
64.640000000 -4.114381972187e-04
64.650000000 -4.064530383632e-04
64.660000000 -4.014564292331e-04
64.670000000 -3.958120082171e-04
64.680000000 -3.894218188279e-04
64.690000000 -3.826590661789e-04
64.700000000 -3.760779303848e-04
64.710000000 -3.686679272255e-04
64.720000000 -3.608988792455e-04
64.730000000 -3.533483231310e-04
64.740000000 -3.448774003421e-04
64.750000000 -3.362154916036e-04
64.760000000 -3.279632012989e-04
64.770000000 -3.191277660556e-04
64.780000000 -3.105933703760e-04
64.790000000 -3.011512970400e-04
64.800000000 -2.913939488311e-04
64.810000000 -2.824867653341e-04
64.820000000 -2.727526789892e-04
64.830000000 -2.626239538052e-04
64.840000000 -2.534249194871e-04
64.850000000 -2.437913678230e-04
64.860000000 -2.335841784767e-04
64.870000000 -2.239708757202e-04
64.880000000 -2.142242149637e-04
64.890000000 -2.041943331229e-04
64.900000000 -1.941408532911e-04
64.910000000 -1.849238781916e-04
64.920000000 -1.752698829129e-04
64.930000000 -1.651250809014e-04
64.940000000 -1.558817626364e-04
64.950000000 -1.465126364902e-04
64.960000000 -1.371805201806e-04
64.970000000 -1.273798202603e-04
64.980000000 -1.184598775217e-04
64.990000000 -1.094322457975e-04
65.000000000 -1.004282673181e-04
65.010000000 -9.146371806148e-05
65.020000000 -8.237677778751e-05
65.030000000 -7.418336642557e-05
65.040000000 -6.549605142659e-05
65.050000000 -5.705082602453e-05
65.060000000 -4.933292295358e-05
65.070000000 -4.084297456618e-05
65.080000000 -3.289088003347e-05
65.090000000 -2.527426912249e-05
65.100000000 -1.714660257127e-05
65.110000000 -9.696593862515e-06
65.120000000 -1.835963095101e-06
65.130000000 4.955169041112e-06
65.140000000 1.233884722493e-05
65.150000000 1.960473282413e-05
65.160000000 2.654858619493e-05
65.170000000 3.355243214375e-05
65.180000000 4.060046074044e-05
65.190000000 4.734056354929e-05
65.200000000 5.345108917233e-05
65.210000000 6.066860522690e-05
65.220000000 6.677677797154e-05
65.230000000 7.353421241451e-05
65.240000000 7.990962312276e-05
65.250000000 8.571194718196e-05
65.260000000 9.207235607930e-05
65.270000000 9.837496772591e-05
65.280000000 1.042596597460e-04
65.290000000 1.103747702742e-04
65.300000000 1.160719611760e-04
65.310000000 1.212110960917e-04
65.320000000 1.274096260396e-04
65.330000000 1.330304574541e-04
65.340000000 1.382802293606e-04
65.350000000 1.441594592298e-04
65.360000000 1.489607318302e-04
65.370000000 1.543211407275e-04
65.380000000 1.596237523741e-04
65.390000000 1.645094958530e-04
65.400000000 1.696220974144e-04
65.410000000 1.743252346093e-04
65.420000000 1.789535627345e-04
65.430000000 1.841709774900e-04
65.440000000 1.882620219484e-04
65.450000000 1.930589252353e-04
65.460000000 1.973629708321e-04
65.470000000 2.012969035440e-04
65.480000000 2.052892997179e-04
65.490000000 2.093715453952e-04
65.500000000 2.130487165524e-04
65.510000000 2.162769933854e-04
65.520000000 2.201468390322e-04
65.530000000 2.230065750948e-04
65.540000000 2.260971562915e-04
65.550000000 2.290221320287e-04
65.560000000 2.321108861368e-04
65.570000000 2.343531529431e-04
65.580000000 2.367818874182e-04
65.590000000 2.388345680095e-04
65.600000000 2.407765707338e-04
65.610000000 2.423640146478e-04
65.620000000 2.440930736278e-04
65.630000000 2.450509947132e-04
65.640000000 2.460508959874e-04
65.650000000 2.470927774504e-04
65.660000000 2.473645724775e-04
65.670000000 2.477744221450e-04
65.680000000 2.478371168033e-04
65.690000000 2.477756822014e-04
65.700000000 2.478620504419e-04
65.710000000 2.470947953613e-04
65.720000000 2.460461302745e-04
65.730000000 2.450546032759e-04
65.740000000 2.440836396325e-04
65.750000000 2.428774775518e-04
65.760000000 2.407365552940e-04
65.770000000 2.395376460953e-04
65.780000000 2.379302455128e-04
65.790000000 2.350273224984e-04
65.800000000 2.327687417919e-04
65.810000000 2.301772411465e-04
65.820000000 2.274216263779e-04
65.830000000 2.248904705728e-04
65.840000000 2.218618638534e-04
65.850000000 2.184553561987e-04
65.860000000 2.151262794528e-04
65.870000000 2.118558273574e-04
65.880000000 2.077308806279e-04
65.890000000 2.045598183466e-04
65.900000000 2.008606504126e-04
65.910000000 1.967825971301e-04
65.920000000 1.928009677313e-04
65.930000000 1.888359291837e-04
65.940000000 1.845919923527e-04
65.950000000 1.796775855760e-04
65.960000000 1.759326735315e-04
65.970000000 1.714843262303e-04
65.980000000 1.668283224217e-04
65.990000000 1.625529754919e-04
66.000000000 1.582652286275e-04
66.010000000 1.536242662509e-04
66.020000000 1.491552302379e-04
66.030000000 1.449417893721e-04
66.040000000 1.404763289530e-04
66.050000000 1.358274163043e-04
66.060000000 1.315564356632e-04
66.070000000 1.272396762128e-04
66.080000000 1.228057263524e-04
66.090000000 1.188400875469e-04
66.100000000 1.140602943674e-04
66.110000000 1.097279570484e-04
66.120000000 1.058256502069e-04
66.130000000 1.017935378512e-04
66.140000000 9.727817857920e-05
66.150000000 9.335447796338e-05
66.160000000 8.905272032389e-05
66.170000000 8.472736469337e-05
66.180000000 8.083203954051e-05
66.190000000 7.677665253077e-05
66.200000000 7.280705060925e-05
66.210000000 6.879348532185e-05
66.220000000 6.479233513725e-05
66.230000000 6.080821193980e-05
66.240000000 5.677377303409e-05
66.250000000 5.283501018436e-05
66.260000000 4.922025002320e-05
66.270000000 4.556138373043e-05
66.280000000 4.183875033606e-05
66.290000000 3.780156625575e-05
66.300000000 3.424104291972e-05
66.310000000 3.054783644708e-05
66.320000000 2.684722617328e-05
66.330000000 2.279605211973e-05
66.340000000 1.924513680147e-05
66.350000000 1.554452652768e-05
66.360000000 1.185026859626e-05
66.370000000 8.292254227043e-06
66.380000000 4.250175312391e-06
66.390000000 5.360984770231e-07
66.400000000 -3.136757788978e-06
66.410000000 -6.730546288345e-06
66.420000000 -1.070114035114e-05
66.430000000 -1.468518580728e-05
66.440000000 -1.876168264312e-05
66.450000000 -2.246012245528e-05
66.460000000 -2.563470554113e-05
66.470000000 -2.974062929870e-05
66.480000000 -3.368293077380e-05
66.490000000 -3.771842113829e-05
66.500000000 -4.169649674354e-05
66.510000000 -4.571163690138e-05
66.520000000 -4.970067010140e-05
66.530000000 -5.371055849591e-05
66.540000000 -5.769959169592e-05
66.550000000 -6.171578331254e-05
66.560000000 -6.569134995098e-05
66.570000000 -6.973068369103e-05
66.580000000 -7.366798903272e-05
66.590000000 -7.778049896237e-05
66.600000000 -8.094756177976e-05
66.610000000 -8.465528627275e-05
66.620000000 -8.871740275283e-05
66.630000000 -9.273851000568e-05
66.640000000 -9.649456465179e-05
66.650000000 -1.000960558064e-04
66.660000000 -1.038189439916e-04
66.670000000 -1.074274716241e-04
66.680000000 -1.111800855851e-04
66.690000000 -1.145676876303e-04
66.700000000 -1.178489728030e-04
66.710000000 -1.212455922458e-04
66.720000000 -1.244920380436e-04
66.730000000 -1.274676074380e-04
66.740000000 -1.304241879697e-04
66.750000000 -1.335451531593e-04
66.760000000 -1.361736787362e-04
66.770000000 -1.389736604002e-04
66.780000000 -1.417213795269e-04
66.790000000 -1.439285930664e-04
66.800000000 -1.462891994154e-04
66.810000000 -1.486875752203e-04
66.820000000 -1.507027153782e-04
66.830000000 -1.527706556550e-04
66.840000000 -1.539576782965e-04
66.850000000 -1.556779560566e-04
66.860000000 -1.575576071728e-04
66.870000000 -1.584035507138e-04
66.880000000 -1.595153010240e-04
66.890000000 -1.604086429998e-04
66.900000000 -1.615469365503e-04
66.910000000 -1.616984846779e-04
66.920000000 -1.624266896508e-04
66.930000000 -1.628234103927e-04
66.940000000 -1.626214694509e-04
66.950000000 -1.628341499585e-04
66.960000000 -1.624033877875e-04
66.970000000 -1.622419928113e-04
66.980000000 -1.619647795382e-04
66.990000000 -1.611858505203e-04
67.000000000 -1.605405105761e-04
67.010000000 -1.594383446958e-04
67.020000000 -1.584574295283e-04
67.030000000 -1.575187836331e-04
67.040000000 -1.557133265430e-04
67.050000000 -1.544243196223e-04
67.060000000 -1.528180923590e-04
67.070000000 -1.506259226445e-04
67.080000000 -1.489557727969e-04
67.090000000 -1.473332155928e-04
67.100000000 -1.449382303078e-04
67.110000000 -1.426666874990e-04
67.120000000 -1.407313129459e-04
67.130000000 -1.382244310134e-04
67.140000000 -1.360528065642e-04
67.150000000 -1.328706273590e-04
67.160000000 -1.302306220535e-04
67.170000000 -1.275201857329e-04
67.180000000 -1.244374014758e-04
67.190000000 -1.219791585466e-04
67.200000000 -1.189559826184e-04
67.210000000 -1.154669033030e-04
67.220000000 -1.124659505700e-04
67.230000000 -1.094564261099e-04
67.240000000 -1.064774136222e-04
67.250000000 -1.034397744630e-04
67.260000000 -1.000149611047e-04
67.270000000 -9.673759449911e-05
67.280000000 -9.335714803634e-05
67.290000000 -9.057414858898e-05
67.300000000 -8.667746786253e-05
67.310000000 -8.343444143678e-05
67.320000000 -7.994934366122e-05
67.330000000 -7.702411570579e-05
67.340000000 -7.370876561943e-05
67.350000000 -6.991401199227e-05
67.360000000 -6.696267707901e-05
67.370000000 -6.401490259133e-05
67.380000000 -6.021630558860e-05
67.390000000 -5.690700309444e-05
67.400000000 -5.397268000010e-05
67.410000000 -5.100130752141e-05
67.420000000 -4.723767215372e-05
67.430000000 -4.387451532591e-05
67.440000000 -4.102492586103e-05
67.450000000 -3.790589146004e-05
67.460000000 -3.504615539749e-05
67.470000000 -3.170502169025e-05
67.480000000 -2.790320276711e-05
67.490000000 -2.499567513134e-05
67.500000000 -2.194538040759e-05
67.510000000 -1.897625888772e-05
67.520000000 -1.595789491856e-05
67.530000000 -1.296708878329e-05
67.540000000 -9.967187509118e-06
67.550000000 -6.957139637276e-06
67.560000000 -4.479520218978e-06
67.570000000 -1.441435389359e-06
67.580000000 1.495672500669e-06
67.590000000 4.607984978664e-06
67.600000000 7.275109079692e-06
67.610000000 9.481325926951e-06
67.620000000 1.254575392218e-05
67.630000000 1.556176888904e-05
67.640000000 1.782487244842e-05
67.650000000 2.041468514496e-05
67.660000000 2.365371144123e-05
67.670000000 2.573745677395e-05
67.680000000 2.852773426767e-05
67.690000000 3.084135101710e-05
67.700000000 3.339697962217e-05
67.710000000 3.617603365613e-05
67.720000000 3.870333591851e-05
67.730000000 4.107874938264e-05
67.740000000 4.376001678944e-05
67.750000000 4.603723006254e-05
67.760000000 4.829628664989e-05
67.770000000 5.049776802438e-05
67.780000000 5.335770090321e-05
67.790000000 5.526613907759e-05
67.800000000 5.724493052566e-05
67.810000000 5.951873670571e-05
67.820000000 6.185235014448e-05
67.830000000 6.375465960897e-05
67.840000000 6.578556267531e-05
67.850000000 6.781407048627e-05
67.860000000 6.957251952279e-05
67.870000000 7.116075734889e-05
67.880000000 7.340939166294e-05
67.890000000 7.447226663293e-05
67.900000000 7.630044473212e-05
67.910000000 7.804942391516e-05
67.920000000 7.922355733113e-05
67.930000000 8.115559007514e-05
67.940000000 8.191636632721e-05
67.950000000 8.331038065062e-05
67.960000000 8.508141981946e-05
67.970000000 8.600492298362e-05
67.980000000 8.705270874055e-05
67.990000000 8.800969810761e-05
68.000000000 8.905740612323e-05
68.010000000 8.999451401326e-05
68.020000000 9.109825476402e-05
68.030000000 9.128349994948e-05
68.040000000 9.195713248129e-05
68.050000000 9.308940202753e-05
68.060000000 9.333917393405e-05
68.070000000 9.370696567145e-05
68.080000000 9.403313568798e-05
68.090000000 9.434743431557e-05
68.100000000 9.474375484844e-05
68.110000000 9.480750096553e-05
68.120000000 9.475603507266e-05
68.130000000 9.480730351387e-05
68.140000000 9.474335994513e-05
68.150000000 9.434684196059e-05
68.160000000 9.403234588135e-05
68.170000000 9.370597841315e-05
68.180000000 9.333798922410e-05
68.190000000 9.308801986592e-05
68.200000000 9.195450140924e-05
68.210000000 9.178343912789e-05
68.220000000 9.109284292113e-05
68.230000000 8.999746127771e-05
68.240000000 8.954642469808e-05
68.250000000 8.851949089260e-05
68.260000000 8.753047286082e-05
68.270000000 8.653288310180e-05
68.280000000 8.551575738881e-05
68.290000000 8.455105030164e-05
68.300000000 8.348710673289e-05
68.310000000 8.260577155327e-05
68.320000000 8.075918552566e-05
68.330000000 7.948820764045e-05
68.340000000 7.851767400065e-05
68.350000000 7.708728456585e-05
68.360000000 7.576591323107e-05
68.370000000 7.450338784992e-05
68.380000000 7.283851484105e-05
68.390000000 7.140049578849e-05
68.400000000 7.014353672865e-05
68.410000000 6.874234502258e-05
68.420000000 6.699567735468e-05
68.430000000 6.588847508447e-05
68.440000000 6.365737789193e-05
68.450000000 6.257542066270e-05
68.460000000 6.077095574408e-05
68.470000000 5.898442547334e-05
68.480000000 5.788400554912e-05
68.490000000 5.567484860189e-05
68.500000000 5.453623898876e-05
68.510000000 5.285082669979e-05
68.520000000 5.069447262743e-05
68.530000000 4.952446180485e-05
68.540000000 4.785419224697e-05
68.550000000 4.569783817461e-05
68.560000000 4.451268462093e-05
68.570000000 4.287486773128e-05
68.580000000 4.066320181724e-05
68.590000000 3.956767672736e-05
68.600000000 3.777364135639e-05
68.610000000 3.597960598543e-05
68.620000000 3.438382216025e-05
68.630000000 3.267241498151e-05
68.640000000 3.103564955062e-05
68.650000000 2.934667683607e-05
68.660000000 2.769903675893e-05
68.670000000 2.601280684089e-05
68.680000000 2.436892719082e-05
68.690000000 2.267182262653e-05
68.700000000 2.104935981010e-05
68.710000000 1.931229127065e-05
68.720000000 1.777245664644e-05
68.730000000 1.573236328693e-05
68.740000000 1.399529474748e-05
68.750000000 1.287309066635e-05
68.760000000 1.067677882553e-05
68.770000000 9.029338749869e-06
68.780000000 7.350512632984e-06
68.790000000 5.690472621278e-06
68.800000000 4.021537472150e-06
68.810000000 2.352602323023e-06
68.820000000 6.925623113164e-07
68.830000000 -9.873152643411e-07
68.840000000 -2.631194914416e-06
68.850000000 -4.334651821086e-06
68.860000000 -5.944714702946e-06
68.870000000 -7.700769349055e-06
68.880000000 -9.211994680603e-06
68.890000000 -1.129605140600e-05
68.900000000 -1.296247758831e-05
68.910000000 -1.421229085809e-05
68.920000000 -1.603493552172e-05
68.930000000 -1.761173324024e-05
68.940000000 -1.933554035355e-05
68.950000000 -2.096595344206e-05
68.960000000 -2.265492615661e-05
68.970000000 -2.430997003490e-05
68.980000000 -2.598023959278e-05
68.990000000 -2.765156060944e-05
69.000000000 -2.930409552091e-05
69.010000000 -3.099796306981e-05
69.020000000 -3.211956086401e-05
69.030000000 -3.435866814464e-05
69.040000000 -3.541067504047e-05
69.050000000 -3.727360617709e-05
69.060000000 -3.845706563715e-05
69.070000000 -3.974304808914e-05
69.080000000 -4.148087624805e-05
69.090000000 -4.272227387900e-05
69.100000000 -4.450433318555e-05
69.110000000 -4.569256061836e-05
69.120000000 -4.705983601470e-05
69.130000000 -4.796491121515e-05
69.140000000 -4.894390011488e-05
69.150000000 -5.072172290747e-05
69.160000000 -5.204707853798e-05
69.170000000 -5.296659727306e-05
69.180000000 -5.396774745766e-05
69.190000000 -5.504486574866e-05
69.200000000 -5.572816282973e-05
69.210000000 -5.593457712865e-05
69.220000000 -5.698427850593e-05
69.230000000 -5.803232213751e-05
69.240000000 -5.874049230086e-05
69.250000000 -5.893304689981e-05
69.260000000 -5.985348344784e-05
69.270000000 -5.962197742003e-05
69.280000000 -6.051342218390e-05
69.290000000 -6.078199240137e-05
69.300000000 -6.121450831148e-05
69.310000000 -6.124496292146e-05
69.320000000 -6.123221654087e-05
69.330000000 -6.123231526670e-05
69.340000000 -6.174446637547e-05
69.350000000 -6.171671818397e-05
69.360000000 -6.177976362647e-05
69.370000000 -6.151994741966e-05
69.380000000 -6.111391741074e-05
69.390000000 -6.137015297760e-05
69.400000000 -6.040962740824e-05
69.410000000 -6.028257261190e-05
69.420000000 -5.995650113857e-05
69.430000000 -5.975380785167e-05
69.440000000 -5.897633584328e-05
69.450000000 -5.873896387132e-05
69.460000000 -5.798893322950e-05
69.470000000 -5.772676138841e-05
69.480000000 -5.700312065440e-05
69.490000000 -5.670877909506e-05
69.500000000 -5.603015318571e-05
69.510000000 -5.516596199271e-05
69.520000000 -5.511269504050e-05
69.530000000 -5.387868004587e-05
69.540000000 -5.324846440903e-05
69.550000000 -5.256878428503e-05
69.560000000 -5.139521642811e-05
69.570000000 -5.075592407619e-05
69.580000000 -5.003545852039e-05
69.590000000 -4.947298573216e-05
69.600000000 -4.848255155559e-05
69.610000000 -4.751215494445e-05
69.620000000 -4.642594279231e-05
69.630000000 -4.523589695643e-05
69.640000000 -4.455164456917e-05
69.650000000 -4.345990823650e-05
69.660000000 -4.249578109248e-05
69.670000000 -4.149482835954e-05
69.680000000 -4.046166192203e-05
69.690000000 -3.954870087202e-05
69.700000000 -3.824065581117e-05
69.710000000 -3.691915935698e-05
69.720000000 -3.552348997049e-05
69.730000000 -3.446473998683e-05
69.740000000 -3.350407372688e-05
69.750000000 -3.247359277313e-05
69.760000000 -3.150167144544e-05
69.770000000 -2.997093175639e-05
69.780000000 -2.901026549644e-05
69.790000000 -2.795256697155e-05
69.800000000 -2.705464735355e-05
69.810000000 -2.573909719247e-05
69.820000000 -2.391972787051e-05
69.830000000 -2.302565162808e-05
69.840000000 -2.196190551099e-05
69.850000000 -2.101138584872e-05
69.860000000 -1.996492936658e-05
69.870000000 -1.851799434458e-05
69.880000000 -1.744674312726e-05
69.890000000 -1.656414789125e-05
69.900000000 -1.522790901836e-05
69.910000000 -1.393919393693e-05
69.920000000 -1.249615684737e-05
69.930000000 -1.152476920046e-05
69.940000000 -1.026829138137e-05
69.950000000 -8.888368330268e-06
69.960000000 -8.083345762330e-06
69.970000000 -6.734730512634e-06
69.980000000 -4.906711722134e-06
69.990000000 -4.075582196371e-06
70.000000000 -2.732723697858e-06
70.010000000 -1.419882578312e-06
70.020000000 -5.381233951865e-07
70.030000000 5.608734403812e-07
70.040000000 1.433009437502e-06
70.050000000 2.766739343587e-06
70.060000000 4.572118692310e-06
70.070000000 5.478594869312e-06
70.080000000 6.528889593055e-06
70.090000000 7.496959654156e-06
70.100000000 8.517832590127e-06
70.110000000 9.503743891059e-06
70.120000000 1.051220172423e-05
70.130000000 1.150720816406e-05
70.140000000 1.250961840505e-05
70.150000000 1.350846822044e-05
70.160000000 1.450836949461e-05
70.170000000 1.550827076878e-05
70.180000000 1.650817204295e-05
70.190000000 1.750807331712e-05
70.200000000 1.850797459129e-05
70.210000000 1.950787586547e-05
70.220000000 2.000751840434e-05
70.230000000 2.100741967851e-05
70.240000000 2.200732095268e-05
70.250000000 2.300827368562e-05
70.260000000 2.400566599298e-05
70.270000000 2.501046210149e-05
70.280000000 2.550259954013e-05
70.290000000 2.651398182073e-05
70.300000000 2.749675480866e-05
70.310000000 2.852349116249e-05
70.320000000 2.897932642387e-05
70.330000000 3.006408106798e-05
70.340000000 3.027134937401e-05
70.350000000 3.091563785935e-05
70.360000000 3.209276614186e-05
70.370000000 3.225873613721e-05
70.380000000 3.291639314064e-05
70.390000000 3.360307078034e-05
70.400000000 3.423289603466e-05
70.410000000 3.447411138218e-05
70.420000000 3.536323221907e-05
70.430000000 3.515156630503e-05
70.440000000 3.552910348860e-05
70.450000000 3.630764775767e-05
70.460000000 3.623125222091e-05
70.470000000 3.627006593822e-05
70.480000000 3.674589983485e-05
70.490000000 3.676187793649e-05
70.500000000 3.675029820423e-05
70.510000000 3.675770457863e-05
70.520000000 3.675376247723e-05
70.530000000 3.675366375140e-05
70.540000000 3.675740840114e-05
70.550000000 3.674875311631e-05
70.560000000 3.726395455779e-05
70.570000000 3.723932374457e-05
70.580000000 3.677925275644e-05
70.590000000 3.671280022088e-05
70.600000000 3.683356795880e-05
70.610000000 3.648368024090e-05
70.620000000 3.622115761562e-05
70.630000000 3.623361215689e-05
70.640000000 3.633343179078e-05
70.650000000 3.596259596885e-05
70.660000000 3.527872168510e-05
70.670000000 3.498951731270e-05
70.680000000 3.476051961632e-05
70.690000000 3.400370535075e-05
70.700000000 3.374528073265e-05
70.710000000 3.352141833229e-05
70.720000000 3.272067429289e-05
70.730000000 3.255701856855e-05
70.740000000 3.216439583384e-05
70.750000000 3.165775131429e-05
70.760000000 3.084749803650e-05
70.770000000 3.034085351695e-05
70.780000000 2.994823078224e-05
70.790000000 2.928536778138e-05
70.800000000 2.898237351046e-05
70.810000000 2.826314720915e-05
70.820000000 2.799616603204e-05
70.830000000 2.725439319849e-05
70.840000000 2.700086341472e-05
70.850000000 2.625168678002e-05
70.860000000 2.600171742183e-05
70.870000000 2.525148932836e-05
70.880000000 2.500151997018e-05
70.890000000 2.425129187670e-05
70.900000000 2.350211524199e-05
70.910000000 2.324858545823e-05
70.920000000 2.250681262467e-05
70.930000000 2.224088290634e-05
70.940000000 2.151809617944e-05
70.950000000 2.072329843314e-05
70.960000000 2.054473380743e-05
70.970000000 1.968034516277e-05
70.980000000 1.912557056482e-05
70.990000000 1.839412582065e-05
71.000000000 1.775986935658e-05
71.010000000 1.708498791434e-05
71.020000000 1.640489516898e-05
71.030000000 1.577397709262e-05
71.040000000 1.504046897875e-05
71.050000000 1.449958289577e-05
71.060000000 1.345948953627e-05
71.070000000 1.272242099681e-05
71.080000000 1.209995818038e-05
71.090000000 1.140390507487e-05
71.100000000 1.075646499921e-05
71.110000000 1.007763888232e-05
71.120000000 9.417598870615e-06
71.130000000 8.747612262714e-06
71.140000000 8.082237539171e-06
71.150000000 7.414793726314e-06
71.160000000 6.748367543998e-06
71.170000000 6.081941361682e-06
71.180000000 4.914238813527e-06
71.190000000 4.749122825282e-06
71.200000000 4.079136217381e-06
71.210000000 2.918837470377e-06
71.220000000 2.740270088790e-06
71.230000000 2.092830013130e-06
71.240000000 8.965181723138e-07
71.250000000 2.740553558848e-07
71.260000000 3.724555172961e-08
71.270000000 -1.002847807777e-06
71.280000000 -2.042941167284e-06
71.290000000 -2.279750971440e-06
71.300000000 -2.902213787869e-06
71.310000000 -4.099577087458e-06
71.320000000 -4.243198002235e-06
71.330000000 -4.929427920271e-06
71.340000000 -6.077326732706e-06
71.350000000 -6.266040711965e-06
71.360000000 -6.903857601619e-06
71.370000000 -8.111963090077e-06
71.380000000 -8.214891981108e-06
71.390000000 -8.996527417504e-06
71.400000000 -9.809548895124e-06
71.410000000 -9.877516151116e-06
71.420000000 -1.112958500546e-05
71.430000000 -1.170416333913e-05
71.440000000 -1.200452614688e-05
71.450000000 -1.280514768993e-05
71.460000000 -1.288051874708e-05
71.470000000 -1.412902717584e-05
71.480000000 -1.420544969175e-05
71.490000000 -1.500356226799e-05
71.500000000 -1.580907864538e-05
71.510000000 -1.587589314352e-05
71.520000000 -1.713839154552e-05
71.530000000 -1.719279094086e-05
71.540000000 -1.802524369698e-05
71.550000000 -1.827521305516e-05
71.560000000 -1.844295775070e-05
71.570000000 -1.938980726579e-05
71.580000000 -1.912499734864e-05
71.590000000 -2.006222367773e-05
71.600000000 -2.025190861858e-05
71.610000000 -2.046057966608e-05
71.620000000 -2.137683433337e-05
71.630000000 -2.113780803710e-05
71.640000000 -2.154799534056e-05
71.650000000 -2.228384032240e-05
71.660000000 -2.227033432236e-05
71.670000000 -2.220101149279e-05
71.680000000 -2.250309246923e-05
71.690000000 -2.282197839497e-05
71.700000000 -2.323194777284e-05
71.710000000 -2.326049970293e-05
71.720000000 -2.327665169845e-05
71.730000000 -2.320035231427e-05
71.740000000 -2.350210995377e-05
71.750000000 -2.382746558428e-05
71.760000000 -2.372173927838e-05
71.770000000 -2.377963525493e-05
71.780000000 -2.374434234211e-05
71.790000000 -2.376646418851e-05
71.800000000 -2.375257294110e-05
71.810000000 -2.376122822593e-05
71.820000000 -2.375748357620e-05
71.830000000 -2.375758230202e-05
71.840000000 -2.376152440342e-05
71.850000000 -2.375306657025e-05
71.860000000 -2.376715526932e-05
71.870000000 -2.374628233334e-05
71.880000000 -2.377821227224e-05
71.890000000 -2.372791754850e-05
71.900000000 -2.332013117743e-05
71.910000000 -2.301857098959e-05
71.920000000 -2.267743728235e-05
71.930000000 -2.281770121980e-05
71.940000000 -2.269866681880e-05
71.950000000 -2.234881861863e-05
71.960000000 -2.198566179081e-05
71.970000000 -2.172333661720e-05
71.980000000 -2.124919643640e-05
71.990000000 -2.131871671763e-05
72.000000000 -2.100441809004e-05
72.010000000 -2.071266599470e-05
72.020000000 -2.025606104449e-05
72.030000000 -2.031651977887e-05
72.040000000 -1.950354242039e-05
72.050000000 -1.923025026416e-05
72.060000000 -1.908389671995e-05
72.070000000 -1.811481459158e-05
72.080000000 -1.840923371389e-05
72.090000000 -1.792799521803e-05
72.100000000 -1.730726785848e-05
72.110000000 -1.698965164507e-05
72.120000000 -1.626059266505e-05
72.130000000 -1.603284387911e-05
72.140000000 -1.571271869889e-05
72.150000000 -1.509688617368e-05
72.160000000 -1.460709111881e-05
72.170000000 -1.441629293783e-05
72.180000000 -1.392293745738e-05
72.190000000 -1.331556019209e-05
72.200000000 -1.297947465172e-05
72.210000000 -1.227890849706e-05
72.220000000 -1.200659005830e-05
72.230000000 -1.175681815178e-05
72.240000000 -1.102933404220e-05
72.250000000 -1.073114910729e-05
72.260000000 -1.006387167374e-05
72.270000000 -9.679901650609e-06
72.280000000 -9.157494222566e-06
72.290000000 -8.374879763014e-06
72.300000000 -7.823863042310e-06
72.310000000 -7.501791032950e-06
72.320000000 -6.727473899384e-06
72.330000000 -6.615235741315e-06
72.340000000 -5.923546799969e-06
72.350000000 -5.257434536621e-06
72.360000000 -5.117048087421e-06
72.370000000 -3.890538193027e-06
72.380000000 -3.831324947697e-06
72.390000000 -2.973203147095e-06
72.400000000 -2.785329254344e-06
72.410000000 -2.007740778636e-06
72.420000000 -1.754408446530e-06
72.430000000 -1.041442357296e-06
72.440000000 -7.127606180775e-07
72.450000000 -1.007714684334e-07
72.460000000 3.879721276609e-07
72.470000000 8.591537449556e-08
72.480000000 1.062517771319e-06
72.490000000 1.200638093472e-06
72.500000000 1.985008915173e-06
72.510000000 2.269121001577e-06
72.520000000 2.908551517801e-06
72.530000000 3.381334753741e-06
72.540000000 3.087733260500e-06
72.550000000 4.061826690511e-06
72.560000000 4.197438045853e-06
72.570000000 4.990264127478e-06
72.580000000 5.258415853727e-06
72.590000000 5.423977542461e-06
72.600000000 6.356010286469e-06
72.610000000 6.125358265771e-06
72.620000000 7.001251504756e-06
72.630000000 7.305926447820e-06
72.640000000 7.158027635385e-06
72.650000000 7.978408795026e-06
72.660000000 8.322129210382e-06
72.670000000 8.144803476221e-06
72.680000000 8.991481135617e-06
72.690000000 9.303270796390e-06
72.700000000 9.183978520743e-06
72.710000000 9.785743058421e-06
72.720000000 9.652984221202e-06
72.730000000 9.995270686290e-06
72.740000000 1.028640132648e-05
72.750000000 1.071515935935e-05
72.760000000 1.073006244444e-05
72.770000000 1.075592975626e-05
72.780000000 1.067097766050e-05
72.790000000 1.148240460141e-05
72.800000000 1.179357280703e-05
72.810000000 1.170967217003e-05
72.820000000 1.173303051505e-05
72.830000000 1.225308716977e-05
72.840000000 1.217408136712e-05
72.850000000 1.247669301373e-05
72.860000000 1.280079973381e-05
72.870000000 1.269738494306e-05
72.880000000 1.275018863361e-05
72.890000000 1.272325482813e-05
72.900000000 1.323144798493e-05
72.910000000 1.323938240644e-05
72.920000000 1.321350005973e-05
72.930000000 1.326379478347e-05
72.940000000 1.316527482706e-05
72.950000000 1.348082498814e-05
72.960000000 1.379742660799e-05
72.970000000 1.369639768476e-05
72.980000000 1.375158724284e-05
72.990000000 1.371714833713e-05
73.000000000 1.373907273187e-05
73.010000000 1.372498403281e-05
73.020000000 1.373344186598e-05
73.030000000 1.372844830581e-05
73.040000000 1.373085854679e-05
73.050000000 1.372970836219e-05
73.060000000 1.372960963636e-05
73.070000000 1.372951091053e-05
73.080000000 1.372941218470e-05
73.090000000 1.372931345887e-05
73.100000000 1.372921473304e-05
73.110000000 1.372911600721e-05
73.120000000 1.372901728138e-05
73.130000000 1.322865982026e-05
73.140000000 1.322856109443e-05
73.150000000 1.322846236860e-05
73.160000000 1.322836364277e-05
73.170000000 1.322931637571e-05
73.180000000 1.322670868307e-05
73.190000000 1.323150479158e-05
73.200000000 1.272259077145e-05
73.210000000 1.273648201886e-05
73.220000000 1.271541163122e-05
73.230000000 1.274714411846e-05
73.240000000 1.269665194306e-05
73.250000000 1.278892685563e-05
73.260000000 1.198691048083e-05
73.270000000 1.164557932193e-05
73.280000000 1.178564580772e-05
73.290000000 1.166746541384e-05
73.300000000 1.181411807172e-05
73.310000000 1.095790885810e-05
73.320000000 1.068193483948e-05
73.330000000 1.073040247456e-05
73.340000000 1.076476366909e-05
73.350000000 1.000281172942e-05
73.360000000 9.628637519777e-06
73.370000000 9.814860941177e-06
73.380000000 9.480038213061e-06
73.390000000 8.630850309100e-06
73.400000000 8.831354544747e-06
73.410000000 8.437905145002e-06
73.420000000 8.218291670965e-06
73.430000000 7.530856961628e-06
73.440000000 7.098885501259e-06
73.450000000 7.350756903944e-06
73.460000000 6.925137785953e-06
73.470000000 6.225303142047e-06
73.480000000 6.025727233439e-06
73.490000000 5.600108115448e-06
73.500000000 5.351720782835e-06
73.510000000 4.919749322465e-06
73.520000000 4.732573348426e-06
73.530000000 4.514011333162e-06
73.540000000 3.616742772534e-06
73.550000000 3.824650809332e-06
73.560000000 3.463321706100e-06
73.570000000 2.648277808115e-06
73.580000000 2.803382970042e-06
73.590000000 2.477015501850e-06
73.600000000 2.139683806922e-06
73.610000000 1.807981626892e-06
73.620000000 1.473158898776e-06
73.630000000 1.142948055017e-06
73.640000000 8.027906150641e-07
73.650000000 4.814192802896e-07
73.660000000 1.286619042899e-07
73.670000000 3.247762934472e-07
73.680000000 -5.532170770812e-07
73.690000000 -8.173974480599e-07
73.700000000 -7.749925734001e-07
73.710000000 -1.239198776417e-06
73.720000000 -1.497331555205e-06
73.730000000 -1.881652362523e-06
73.740000000 -1.676966246133e-06
73.750000000 -2.541776005072e-06
73.760000000 -2.843872149747e-06
73.770000000 -2.728337751344e-06
73.780000000 -2.832528171989e-06
73.790000000 -3.192181841601e-06
73.800000000 -3.547080861147e-06
73.810000000 -3.820567713161e-06
73.820000000 -3.777634791396e-06
73.830000000 -4.236012063701e-06
73.840000000 -4.506989948903e-06
73.850000000 -4.865732344015e-06
73.860000000 -4.719079686139e-06
73.870000000 -5.333675439754e-06
73.880000000 -5.202165512967e-06
73.890000000 -5.529506698625e-06
73.900000000 -5.853287458698e-06
73.910000000 -6.226931101549e-06
73.920000000 -6.332711560863e-06
73.930000000 -6.200048876225e-06
73.940000000 -6.537819609536e-06
73.950000000 -6.840628707808e-06
73.960000000 -7.248612530540e-06
73.970000000 -7.299104705943e-06
73.980000000 -7.267372218703e-06
73.990000000 -7.288442606334e-06
74.000000000 -7.273499900152e-06
74.010000000 -7.284664151797e-06
74.020000000 -7.775231944246e-06
74.030000000 -7.786396195890e-06
74.040000000 -7.771453489709e-06
74.050000000 -7.793575336112e-06
74.060000000 -7.759333882060e-06
74.070000000 -7.814720891802e-06
74.080000000 -7.713889420234e-06
74.090000000 -8.030688491744e-06
74.100000000 -8.347487563254e-06
74.110000000 -8.746914826984e-06
74.120000000 -8.802301836725e-06
74.130000000 -8.768060382673e-06
74.140000000 -8.790182229077e-06
74.150000000 -8.776290981668e-06
74.160000000 -8.784946266500e-06
74.170000000 -8.780150157991e-06
74.180000000 -8.782757850632e-06
74.190000000 -8.781805117689e-06
74.200000000 -8.781903843519e-06
74.210000000 -8.782002569349e-06
74.220000000 -8.782101295178e-06
74.230000000 -8.782200021008e-06
74.240000000 -8.782298746838e-06
74.250000000 -8.782397472667e-06
74.260000000 -8.782496198497e-06
74.270000000 -8.782594924327e-06
74.280000000 -8.781642191384e-06
74.290000000 -8.784249884025e-06
74.300000000 -8.779453775516e-06
74.310000000 -8.788109060348e-06
74.320000000 -8.774217812939e-06
74.330000000 -8.796339659343e-06
74.340000000 -8.762098205291e-06
74.350000000 -8.317226479734e-06
74.360000000 -8.216395008166e-06
74.370000000 -8.533194079676e-06
74.380000000 -8.849993151186e-06
74.390000000 -8.749161679618e-06
74.400000000 -8.804548689360e-06
74.410000000 -8.770307235308e-06
74.420000000 -8.792429081711e-06
74.430000000 -8.779589293075e-06
74.440000000 -8.785735611095e-06
74.450000000 -8.285575601627e-06
74.460000000 -8.279626735266e-06
74.470000000 -8.292663975562e-06
74.480000000 -8.270739580817e-06
74.490000000 -8.305178486529e-06
74.500000000 -8.251040387219e-06
74.510000000 -8.349560343634e-06
74.520000000 -8.037853558123e-06
74.530000000 -7.212436643972e-06
74.540000000 -7.328506999210e-06
74.550000000 -7.248785353742e-06
74.560000000 -7.322459273674e-06
74.570000000 -7.237741494788e-06
74.580000000 -7.364241397681e-06
74.590000000 -6.521696197295e-06
74.600000000 -6.235773032663e-06
74.610000000 -6.294046137177e-06
74.620000000 -6.316306147879e-06
74.630000000 -6.073279722131e-06
74.640000000 -5.670810138792e-06
74.650000000 -5.400490470596e-06
74.660000000 -4.999072346030e-06
74.670000000 -4.753536953470e-06
74.680000000 -4.779640339738e-06
74.690000000 -4.831865852062e-06
74.700000000 -4.556089285102e-06
74.710000000 -3.697568556333e-06
74.720000000 -3.849313500207e-06
74.730000000 -3.722773998981e-06
74.740000000 -3.877027909668e-06
74.750000000 -3.514922540630e-06
74.760000000 -3.245193565860e-06
74.770000000 -2.787013745214e-06
74.780000000 -2.829092659866e-06
74.790000000 -2.559363685096e-06
74.800000000 -2.197258316058e-06
74.810000000 -2.351512226745e-06
74.820000000 -1.723662531448e-06
74.830000000 -1.878967900907e-06
74.840000000 -1.513302106284e-06
74.850000000 -1.250976932666e-06
74.860000000 -1.279604453977e-06
74.870000000 -1.344229900870e-06
74.880000000 -5.371776382166e-07
74.890000000 -2.339445364463e-07
74.900000000 -2.947266077730e-07
74.910000000 -3.294017212739e-07
74.920000000 -5.692994998360e-08
74.930000000 7.930190515538e-07
74.940000000 6.629587230768e-07
74.950000000 7.476765019629e-07
74.960000000 6.765115488426e-07
74.970000000 7.513383599717e-07
74.980000000 6.438245637357e-07
74.990000000 1.455251504648e-06
75.000000000 1.787929951961e-06
75.010000000 1.657578782476e-06
75.020000000 1.762110331358e-06
75.030000000 1.635297787252e-06
75.040000000 1.959932554438e-06
75.050000000 2.284567321624e-06
75.060000000 2.658013512816e-06
75.070000000 2.763596520470e-06
75.080000000 2.629684925401e-06
75.090000000 2.969767173865e-06
75.100000000 3.267483986138e-06
75.110000000 3.183568180915e-06
75.120000000 3.219872931420e-06
75.130000000 3.710224848393e-06
75.140000000 3.696757604483e-06
75.150000000 3.737957189326e-06
75.160000000 3.645484825101e-06
75.170000000 3.956140151840e-06
75.180000000 4.277759705315e-06
75.190000000 4.170784488976e-06
75.200000000 4.234530606060e-06
75.210000000 4.186101727111e-06
75.220000000 4.230049242429e-06
75.230000000 4.681879098777e-06
75.240000000 4.745625215862e-06
75.250000000 4.639701458295e-06
75.260000000 4.958812044958e-06
75.270000000 5.274362206036e-06
75.280000000 5.173333282809e-06
75.290000000 5.228522840891e-06
75.300000000 5.194083935179e-06
75.310000000 5.216008329924e-06
75.320000000 5.201919630856e-06
75.330000000 5.210377464028e-06
75.340000000 5.205383903859e-06
75.350000000 5.207794144842e-06
75.360000000 5.207695419012e-06
75.370000000 5.205087726370e-06
75.380000000 5.209883834880e-06
75.390000000 5.201228550048e-06
75.400000000 5.215119797457e-06
75.410000000 5.192997951053e-06
75.420000000 5.227239405105e-06
75.430000000 5.672111130662e-06
75.440000000 5.772942602230e-06
75.450000000 5.456143530720e-06
75.460000000 5.139344459210e-06
75.470000000 4.739917195480e-06
75.480000000 4.684530185738e-06
75.490000000 4.718771639790e-06
75.500000000 4.696649793387e-06
75.510000000 4.710541040795e-06
75.520000000 4.701885755963e-06
75.530000000 4.706681864473e-06
75.540000000 4.704074171831e-06
75.550000000 4.705026904774e-06
75.560000000 4.704928178944e-06
75.570000000 4.704829453115e-06
75.580000000 4.704730727285e-06
75.590000000 4.704632001455e-06
75.600000000 4.704533275626e-06
75.610000000 4.704434549796e-06
75.620000000 4.704335823966e-06
75.630000000 4.704237098137e-06
75.640000000 4.705189831080e-06
75.650000000 4.702582138438e-06
75.660000000 4.707378246947e-06
75.670000000 4.698722962115e-06
75.680000000 4.712614209524e-06
75.690000000 4.690492363120e-06
75.700000000 4.224475081874e-06
75.710000000 4.170139530906e-06
75.720000000 4.268462035661e-06
75.730000000 3.956557798491e-06
75.740000000 3.631202167978e-06
75.750000000 3.746023612785e-06
75.760000000 3.668613482469e-06
75.770000000 3.737195116403e-06
75.780000000 3.659784986087e-06
75.790000000 3.775657889667e-06
75.800000000 3.447793292342e-06
75.810000000 2.640525154213e-06
75.820000000 2.730291099966e-06
75.830000000 2.689945522236e-06
75.840000000 2.702163855714e-06
75.850000000 2.714382189192e-06
75.860000000 2.672985152689e-06
75.870000000 2.765260065254e-06
75.880000000 2.454407286856e-06
75.890000000 2.132590281722e-06
75.900000000 2.239368046402e-06
75.910000000 1.675165742360e-06
75.920000000 1.723397169650e-06
75.930000000 1.679252202673e-06
75.940000000 1.727483629963e-06
75.950000000 1.663540061219e-06
75.960000000 1.770317825899e-06
75.970000000 1.448500820765e-06
75.980000000 1.137648042367e-06
75.990000000 1.229922954932e-06
76.000000000 6.882671831313e-07
76.010000000 7.004855166093e-07
76.020000000 7.127038500873e-07
76.030000000 6.713068135842e-07
76.040000000 7.635817261498e-07
76.050000000 4.516774889791e-07
76.060000000 1.323694506570e-07
76.070000000 2.353038397704e-07
76.080000000 1.774078632167e-07
76.090000000 -2.837145836900e-07
76.100000000 -3.143929890962e-07
76.110000000 -2.865117684490e-07
76.120000000 -3.171901738552e-07
76.130000000 -2.780538854638e-07
76.140000000 -3.359498620175e-07
76.150000000 -2.340669316768e-07
76.160000000 -5.508660031867e-07
76.170000000 -8.676650746967e-07
76.180000000 -1.267092338427e-06
76.190000000 -1.322479348168e-06
76.200000000 -1.288237894116e-06
76.210000000 -1.309308281747e-06
76.220000000 -1.297926001151e-06
76.230000000 -1.301686451643e-06
76.240000000 -1.305446902136e-06
76.250000000 -1.294064621540e-06
76.260000000 -1.315135009171e-06
76.270000000 -1.280893555119e-06
76.280000000 -1.836539300158e-06
76.290000000 -1.735707828590e-06
76.300000000 -2.052506900100e-06
76.310000000 -2.369305971610e-06
76.320000000 -2.268474500042e-06
76.330000000 -2.323861509784e-06
76.340000000 -2.289620055731e-06
76.350000000 -2.311741902135e-06
76.360000000 -2.296799195954e-06
76.370000000 -2.307963447598e-06
76.380000000 -2.298272504749e-06
76.390000000 -2.309436756393e-06
76.400000000 -2.794752785510e-06
76.410000000 -2.816874631914e-06
76.420000000 -2.782633177862e-06
76.430000000 -2.838020187603e-06
76.440000000 -2.737188716035e-06
76.450000000 -3.053987787545e-06
76.460000000 -3.370786859055e-06
76.470000000 -3.269955387487e-06
76.480000000 -3.325342397229e-06
76.490000000 -3.291100943176e-06
76.500000000 -3.313222789580e-06
76.510000000 -3.299331542171e-06
76.520000000 -3.307986827004e-06
76.530000000 -3.303190718494e-06
76.540000000 -3.305798411136e-06
76.550000000 -3.304845678193e-06
76.560000000 -3.304944404022e-06
76.570000000 -3.305043129852e-06
76.580000000 -3.305141855682e-06
76.590000000 -3.305240581511e-06
76.600000000 -3.305339307341e-06
76.610000000 -3.305438033171e-06
76.620000000 -3.305536759000e-06
76.630000000 -3.305635484830e-06
76.640000000 -3.305734210660e-06
76.650000000 -3.305832936489e-06
76.660000000 -3.305931662319e-06
76.670000000 -3.306030388149e-06
76.680000000 -3.306129113978e-06
76.690000000 -3.306227839808e-06
76.700000000 -3.306326565638e-06
76.710000000 -3.306425291467e-06
76.720000000 -3.306524017297e-06
76.730000000 -3.306622743127e-06
76.740000000 -3.306721468956e-06
76.750000000 -3.306820194786e-06
76.760000000 -3.306918920616e-06
76.770000000 -3.307017646445e-06
76.780000000 -3.307116372275e-06
76.790000000 -3.307215098105e-06
76.800000000 -3.307313823934e-06
76.810000000 -3.307412549764e-06
76.820000000 -3.307511275594e-06
76.830000000 -3.307610001423e-06
76.840000000 -3.307708727253e-06
76.850000000 -3.307807453083e-06
76.860000000 -3.307906178912e-06
76.870000000 -3.308004904742e-06
76.880000000 -3.308103630572e-06
76.890000000 -3.309253815174e-06
76.900000000 -3.306843574192e-06
76.910000000 -3.311837134361e-06
76.920000000 -3.303379301188e-06
76.930000000 -3.317468000256e-06
76.940000000 -3.295543605511e-06
76.950000000 -3.329982511223e-06
76.960000000 -2.774534217843e-06
76.970000000 -2.875563141070e-06
76.980000000 -2.558961521219e-06
76.990000000 -2.243411360141e-06
77.000000000 -2.341931316557e-06
77.010000000 -2.291636592814e-06
77.020000000 -2.317518939523e-06
77.030000000 -2.309584518017e-06
77.040000000 -2.301650096511e-06
77.050000000 -2.327532443220e-06
77.060000000 -2.277237719477e-06
77.070000000 -2.375757675892e-06
77.080000000 -2.060207514814e-06
77.090000000 -1.743605894964e-06
77.100000000 -1.844634818191e-06
77.110000000 -1.789445260109e-06
77.120000000 -1.323625430522e-06
77.130000000 -1.301701035778e-06
77.140000000 -1.315789734846e-06
77.150000000 -1.307331901673e-06
77.160000000 -1.312325461842e-06
77.170000000 -1.309915220859e-06
77.180000000 -1.311065405462e-06
77.190000000 -1.311164131291e-06
77.200000000 -1.312314315894e-06
77.210000000 -1.309904074911e-06
77.220000000 -1.314897635080e-06
77.230000000 -1.306439801907e-06
77.240000000 -1.320528500976e-06
77.250000000 -1.298604106231e-06
77.260000000 -8.327842766446e-07
77.270000000 -7.775947185624e-07
77.280000000 -8.786236417898e-07
77.290000000 -5.620220219391e-07
77.300000000 -2.454204020885e-07
77.310000000 -3.464493253159e-07
77.320000000 -2.912597672337e-07
77.330000000 -3.256986729451e-07
77.340000000 -3.037742782007e-07
77.350000000 -3.178629772688e-07
77.360000000 -3.094051440960e-07
77.370000000 -3.143987042650e-07
77.380000000 -3.130399220552e-07
77.390000000 -3.116811398454e-07
77.400000000 -3.166747000143e-07
77.410000000 1.920418684565e-07
77.420000000 1.779531693884e-07
77.430000000 1.998775641328e-07
77.440000000 1.654386584214e-07
77.450000000 2.206282165036e-07
77.460000000 1.195992932762e-07
77.470000000 4.362009131268e-07
77.480000000 7.517510742048e-07
77.490000000 6.532311177896e-07
77.500000000 7.035258415325e-07
77.510000000 6.776434948235e-07
77.520000000 6.855779163295e-07
77.530000000 6.935123378355e-07
77.540000000 6.676299911265e-07
77.550000000 7.179247148694e-07
77.560000000 6.194047584542e-07
77.570000000 9.349549195321e-07
77.580000000 1.251556539383e-06
77.590000000 1.650786351453e-06
77.600000000 1.705975909536e-06
77.610000000 1.671537003824e-06
77.620000000 1.693461398569e-06
77.630000000 1.679372699500e-06
77.640000000 1.687830532673e-06
77.650000000 1.682836972504e-06
77.660000000 1.685247213487e-06
77.670000000 1.684097028884e-06
77.680000000 1.683998303055e-06
77.690000000 1.683899577225e-06
77.700000000 1.683800851395e-06
77.710000000 1.683702125566e-06
77.720000000 1.683603399736e-06
77.730000000 1.683504673906e-06
77.740000000 1.683405948077e-06
77.750000000 1.683307222247e-06
77.760000000 1.683208496417e-06
77.770000000 1.683109770588e-06
77.780000000 1.683011044758e-06
77.790000000 1.682912318928e-06
77.800000000 1.682813593099e-06
77.810000000 1.682714867269e-06
77.820000000 1.682616141439e-06
77.830000000 1.682517415610e-06
77.840000000 1.682418689780e-06
77.850000000 1.682319963950e-06
77.860000000 1.682221238121e-06
77.870000000 1.682122512291e-06
77.880000000 1.682023786461e-06
77.890000000 1.681925060632e-06
77.900000000 1.681826334802e-06
77.910000000 1.681727608972e-06
77.920000000 1.681628883143e-06
77.930000000 1.681530157313e-06
77.940000000 1.681431431483e-06
77.950000000 1.681332705654e-06
77.960000000 1.681233979824e-06
77.970000000 1.681135253994e-06
77.980000000 1.681036528165e-06
77.990000000 1.680937802335e-06
78.000000000 1.680839076505e-06
78.010000000 1.680740350676e-06
78.020000000 1.680641624846e-06
78.030000000 1.680542899016e-06
78.040000000 1.680444173187e-06
78.050000000 1.680345447357e-06
78.060000000 1.680246721527e-06
78.070000000 1.680147995698e-06
78.080000000 1.680049269868e-06
78.090000000 1.679950544038e-06
78.100000000 1.679851818209e-06
78.110000000 1.679753092379e-06
78.120000000 1.679654366549e-06
78.130000000 1.679555640720e-06
78.140000000 1.679456914890e-06
78.150000000 1.679358189060e-06
78.160000000 1.680310922003e-06
78.170000000 1.677703229362e-06
78.180000000 1.682499337871e-06
78.190000000 1.673844053039e-06
78.200000000 1.687735300448e-06
78.210000000 1.665613454044e-06
78.220000000 1.699854908096e-06
78.230000000 1.644467898355e-06
78.240000000 1.245040634625e-06
78.250000000 9.282415631148e-07
78.260000000 6.114424916048e-07
78.270000000 7.122739631729e-07
78.280000000 6.568869534313e-07
78.290000000 6.911284074834e-07
78.300000000 6.690065610797e-07
78.310000000 6.828978084884e-07
78.320000000 6.752939824290e-07
78.330000000 6.775811241264e-07
78.340000000 6.798682658239e-07
78.350000000 6.722644397644e-07
78.360000000 6.861556871732e-07
78.370000000 6.640338407695e-07
78.380000000 6.982752948215e-07
78.390000000 6.428882850800e-07
78.400000000 7.437197566481e-07
78.410000000 4.269206851381e-07
78.420000000 1.101216136282e-07
78.430000000 2.109530851962e-07
78.440000000 1.555660754547e-07
78.450000000 1.898075295068e-07
78.460000000 1.676856831030e-07
78.470000000 1.815769305118e-07
78.480000000 -3.273370896184e-07
78.490000000 -3.225409811088e-07
78.500000000 -3.251486737506e-07
78.510000000 -3.241959408076e-07
78.520000000 -3.242946666372e-07
78.530000000 -3.243933924669e-07
78.540000000 -3.244921182966e-07
78.550000000 -3.245908441262e-07
78.560000000 -3.246895699559e-07
78.570000000 -3.247882957856e-07
78.580000000 -3.248870216152e-07
78.590000000 -3.249857474449e-07
78.600000000 -3.250844732746e-07
78.610000000 -3.251831991042e-07
78.620000000 -3.252819249339e-07
78.630000000 -3.253806507636e-07
78.640000000 -3.244279178206e-07
78.650000000 -3.270356104624e-07
78.660000000 -3.222395019528e-07
78.670000000 -3.308947867849e-07
78.680000000 -3.170035393761e-07
78.690000000 -3.391253857799e-07
78.700000000 -3.048839317278e-07
78.710000000 -3.602709414693e-07
78.720000000 -7.596982051993e-07
78.730000000 -1.076497276709e-06
78.740000000 -1.393296348219e-06
78.750000000 -1.292464876651e-06
78.760000000 -1.347851886393e-06
78.770000000 -1.313610432341e-06
78.780000000 -1.335732278744e-06
78.790000000 -1.321841031336e-06
78.800000000 -1.330496316168e-06
78.810000000 -1.325700207658e-06
78.820000000 -1.328307900300e-06
78.830000000 -1.327355167357e-06
78.840000000 -1.327453893187e-06
78.850000000 -1.327552619016e-06
78.860000000 -1.327651344846e-06
78.870000000 -1.327750070676e-06
78.880000000 -1.327848796505e-06
78.890000000 -1.327947522335e-06
78.900000000 -1.328046248165e-06
78.910000000 -1.328144973994e-06
78.920000000 -1.328243699824e-06
78.930000000 -1.328342425654e-06
78.940000000 -1.328441151483e-06
78.950000000 -1.328539877313e-06
78.960000000 -1.328638603143e-06
78.970000000 -1.328737328972e-06
78.980000000 -1.328836054802e-06
78.990000000 -1.328934780632e-06
79.000000000 -1.329033506461e-06
79.010000000 -1.329132232291e-06
79.020000000 -1.329230958121e-06
79.030000000 -1.329329683950e-06
79.040000000 -1.329428409780e-06
79.050000000 -1.329527135610e-06
79.060000000 -1.329625861439e-06
79.070000000 -1.329724587269e-06
79.080000000 -1.329823313099e-06
79.090000000 -1.329922038928e-06
79.100000000 -1.330020764758e-06
79.110000000 -1.330119490588e-06
79.120000000 -1.330218216417e-06
79.130000000 -1.330316942247e-06
79.140000000 -1.330415668077e-06
79.150000000 -1.330514393906e-06
79.160000000 -1.330613119736e-06
79.170000000 -1.330711845566e-06
79.180000000 -1.330810571395e-06
79.190000000 -1.330909297225e-06
79.200000000 -1.331008023055e-06
79.210000000 -1.331106748884e-06
79.220000000 -1.331205474714e-06
79.230000000 -1.331304200544e-06
79.240000000 -1.331402926373e-06
79.250000000 -1.331501652203e-06
79.260000000 -1.331600378033e-06
79.270000000 -1.331699103862e-06
79.280000000 -1.331797829692e-06
79.290000000 -1.331896555522e-06
79.300000000 -1.331995281351e-06
79.310000000 -1.332094007181e-06
79.320000000 -1.332192733011e-06
79.330000000 -1.332291458840e-06
79.340000000 -1.332390184670e-06
79.350000000 -1.332488910500e-06
79.360000000 -1.332587636329e-06
79.370000000 -1.332686362159e-06
79.380000000 -1.332785087989e-06
79.390000000 -1.332883813818e-06
79.400000000 -1.332982539648e-06
79.410000000 -1.333081265478e-06
79.420000000 -1.333179991307e-06
79.430000000 -1.333278717137e-06
79.440000000 -1.333377442967e-06
79.450000000 -1.334527627569e-06
79.460000000 -1.332117386586e-06
79.470000000 -1.337110946755e-06
79.480000000 -1.328653113583e-06
79.490000000 -1.342741812651e-06
79.500000000 -1.320817417906e-06
79.510000000 -1.355256323618e-06
79.520000000 -7.998080302375e-07
79.530000000 -9.008369534649e-07
79.540000000 -5.842353336143e-07
79.550000000 -2.676337137637e-07
79.560000000 -3.686626369911e-07
79.570000000 -3.134730789089e-07
79.580000000 -3.479119846203e-07
79.590000000 -3.259875898759e-07
79.600000000 -3.400762889440e-07
79.610000000 -3.316184557712e-07
79.620000000 -3.366120159401e-07
79.630000000 -3.342017749576e-07
79.640000000 -3.353519595600e-07
79.650000000 -3.354506853896e-07
79.660000000 -3.355494112193e-07
79.670000000 -3.356481370490e-07
79.680000000 -3.357468628786e-07
79.690000000 -3.358455887083e-07
79.700000000 -3.359443145380e-07
79.710000000 -3.360430403676e-07
79.720000000 -3.361417661973e-07
79.730000000 -3.362404920270e-07
79.740000000 -3.363392178566e-07
79.750000000 -3.364379436863e-07
79.760000000 -3.375881282887e-07
79.770000000 -3.351778873062e-07
79.780000000 -3.401714474751e-07
79.790000000 -3.317136143023e-07
79.800000000 -3.458023133704e-07
79.810000000 -3.238779186260e-07
79.820000000 -3.583168243374e-07
79.830000000 -3.031272662552e-07
79.840000000 -4.041561894826e-07
79.850000000 -8.755456963201e-08
79.860000000 2.290470502186e-07
79.870000000 6.282768622893e-07
79.880000000 6.834664203714e-07
79.890000000 6.490275146600e-07
79.900000000 6.709519094044e-07
79.910000000 6.568632103363e-07
79.920000000 6.653210435092e-07
79.930000000 6.603274833402e-07
79.940000000 6.627377243227e-07
79.950000000 6.615875397203e-07
79.960000000 6.614888138907e-07
79.970000000 6.613900880610e-07
79.980000000 6.612913622313e-07
79.990000000 6.611926364017e-07
80.000000000 6.610939105720e-07
80.010000000 6.609951847423e-07
80.020000000 6.608964589127e-07
80.030000000 6.607977330830e-07
80.040000000 6.606990072533e-07
80.050000000 6.606002814237e-07
80.060000000 6.605015555940e-07
80.070000000 6.604028297643e-07
80.080000000 6.603041039347e-07
80.090000000 6.602053781050e-07
80.100000000 6.601066522753e-07
80.110000000 6.600079264457e-07
80.120000000 6.599092006160e-07
80.130000000 6.598104747863e-07
80.140000000 6.597117489567e-07
80.150000000 6.596130231270e-07
80.160000000 6.595142972973e-07
80.170000000 6.594155714677e-07
80.180000000 6.593168456380e-07
80.190000000 6.592181198083e-07
80.200000000 6.591193939787e-07
80.210000000 6.590206681490e-07
80.220000000 6.589219423193e-07
80.230000000 6.588232164897e-07
80.240000000 6.587244906600e-07
80.250000000 6.586257648303e-07
80.260000000 6.585270390006e-07
80.270000000 6.584283131710e-07
80.280000000 6.583295873413e-07
80.290000000 6.582308615116e-07
80.300000000 6.581321356820e-07
80.310000000 6.580334098523e-07
80.320000000 6.579346840226e-07
80.330000000 6.578359581930e-07
80.340000000 6.577372323633e-07
80.350000000 6.576385065336e-07
80.360000000 6.575397807040e-07
80.370000000 6.574410548743e-07
80.380000000 6.573423290446e-07
80.390000000 6.572436032150e-07
80.400000000 6.571448773853e-07
80.410000000 6.570461515556e-07
80.420000000 6.569474257260e-07
80.430000000 6.568486998963e-07
80.440000000 6.567499740666e-07
80.450000000 6.566512482370e-07
80.460000000 6.565525224073e-07
80.470000000 6.564537965776e-07
80.480000000 6.563550707480e-07
80.490000000 6.562563449183e-07
80.500000000 6.561576190886e-07
80.510000000 6.560588932590e-07
80.520000000 6.559601674293e-07
80.530000000 6.558614415996e-07
80.540000000 6.557627157700e-07
80.550000000 6.556639899403e-07
80.560000000 6.555652641106e-07
80.570000000 6.554665382810e-07
80.580000000 6.553678124513e-07
80.590000000 6.552690866216e-07
80.600000000 6.551703607920e-07
80.610000000 6.550716349623e-07
80.620000000 6.549729091326e-07
80.630000000 6.548741833030e-07
80.640000000 6.547754574733e-07
80.650000000 6.546767316436e-07
80.660000000 6.545780058140e-07
80.670000000 6.544792799843e-07
80.680000000 6.543805541546e-07
80.690000000 6.542818283250e-07
80.700000000 6.541831024953e-07
80.710000000 6.540843766656e-07
80.720000000 6.539856508360e-07
80.730000000 6.538869250063e-07
80.740000000 6.537881991766e-07
80.750000000 6.536894733469e-07
80.760000000 6.535907475173e-07
80.770000000 6.534920216876e-07
80.780000000 6.533932958579e-07
80.790000000 6.532945700283e-07
80.800000000 6.531958441986e-07
80.810000000 6.530971183689e-07
80.820000000 6.529983925393e-07
80.830000000 6.528996667096e-07
80.840000000 6.528009408799e-07
80.850000000 6.527022150503e-07
80.860000000 6.526034892206e-07
80.870000000 6.525047633909e-07
80.880000000 6.524060375613e-07
80.890000000 6.523073117316e-07
80.900000000 6.522085859019e-07
80.910000000 6.521098600723e-07
80.920000000 6.520111342426e-07
80.930000000 6.519124084129e-07
80.940000000 6.518136825833e-07
80.950000000 6.517149567536e-07
80.960000000 6.516162309239e-07
80.970000000 6.515175050943e-07
80.980000000 6.514187792646e-07
80.990000000 6.513200534349e-07
81.000000000 6.512213276053e-07
81.010000000 6.511226017756e-07
81.020000000 6.510238759459e-07
81.030000000 6.509251501163e-07
81.040000000 6.508264242866e-07
81.050000000 6.507276984569e-07
81.060000000 6.506289726273e-07
81.070000000 6.505302467976e-07
81.080000000 6.504315209679e-07
81.090000000 6.503327951383e-07
81.100000000 6.502340693086e-07
81.110000000 6.501353434789e-07
81.120000000 6.500366176493e-07
81.130000000 6.499378918196e-07
81.140000000 6.498391659899e-07
81.150000000 6.497404401603e-07
81.160000000 6.496417143306e-07
81.170000000 6.495429885009e-07
81.180000000 6.494442626713e-07
81.190000000 6.493455368416e-07
81.200000000 6.492468110119e-07
81.210000000 6.491480851823e-07
81.220000000 6.490493593526e-07
81.230000000 6.489506335229e-07
81.240000000 6.488519076932e-07
81.250000000 6.487531818636e-07
81.260000000 6.486544560339e-07
81.270000000 6.485557302042e-07
81.280000000 6.484570043746e-07
81.290000000 6.483582785449e-07
81.300000000 6.482595527152e-07
81.310000000 6.481608268856e-07
81.320000000 6.480621010559e-07
81.330000000 6.479633752262e-07
81.340000000 6.478646493966e-07
81.350000000 6.477659235669e-07
81.360000000 6.476671977372e-07
81.370000000 6.475684719076e-07
81.380000000 6.474697460779e-07
81.390000000 6.473710202482e-07
81.400000000 6.472722944186e-07
81.410000000 6.471735685889e-07
81.420000000 6.470748427592e-07
81.430000000 6.469761169296e-07
81.440000000 6.468773910999e-07
81.450000000 6.467786652702e-07
81.460000000 6.466799394406e-07
81.470000000 6.465812136109e-07
81.480000000 6.464824877812e-07
81.490000000 6.463837619516e-07
81.500000000 6.462850361219e-07
81.510000000 6.461863102922e-07
81.520000000 6.450361256899e-07
81.530000000 6.474463666724e-07
81.540000000 6.424528065034e-07
81.550000000 6.509106396762e-07
81.560000000 6.368219406081e-07
81.570000000 6.587463353525e-07
81.580000000 6.243074296411e-07
81.590000000 6.794969877233e-07
81.600000000 5.784680644959e-07
81.610000000 8.950696843465e-07
81.620000000 1.711930039495e-06
81.630000000 1.610901116268e-06
81.640000000 1.666090674350e-06
81.650000000 1.631651768639e-06
81.660000000 1.653576163383e-06
81.670000000 1.639487464315e-06
81.680000000 1.647945297488e-06
81.690000000 1.642951737319e-06
81.700000000 1.645361978301e-06
81.710000000 1.644211793699e-06
81.720000000 1.644113067869e-06
81.730000000 1.644014342040e-06
81.740000000 1.642864157437e-06
81.750000000 1.645274398420e-06
81.760000000 1.640280838251e-06
81.770000000 1.648738671424e-06
81.780000000 1.634649972355e-06
81.790000000 1.656574367100e-06
81.800000000 1.622135461388e-06
81.810000000 1.677325019471e-06
81.820000000 1.576296096243e-06
81.830000000 1.892897716094e-06
81.840000000 2.709758071243e-06
81.850000000 2.608729148015e-06
81.860000000 2.663918706097e-06
81.870000000 2.629479800386e-06
81.880000000 2.651404195130e-06
81.890000000 2.637315496062e-06
81.900000000 2.645773329235e-06
81.910000000 2.640779769066e-06
