0.000000000 4.548433212175e-06
0.010000000 4.513988383456e-06
0.020000000 4.569172018532e-06
0.030000000 4.467085713525e-06
0.040000000 5.286449112478e-06
0.050000000 5.598149974983e-06
0.060000000 5.505671687751e-06
0.070000000 5.546865349588e-06
0.080000000 5.534443641444e-06
0.090000000 5.522021933299e-06
0.100000000 5.562164136364e-06
0.110000000 5.472194815944e-06
0.120000000 5.779000844109e-06
0.130000000 6.606920802065e-06
0.140000000 6.490844523820e-06
0.150000000 6.566999820697e-06
0.160000000 6.500723778909e-06
0.170000000 6.573035700219e-06
0.180000000 6.466567439748e-06
0.190000000 7.277988457654e-06
0.200000000 7.610660981960e-06
0.210000000 7.480303889468e-06
0.220000000 7.584829515343e-06
0.230000000 7.456959589457e-06
0.240000000 7.784097400449e-06
0.250000000 8.604090145587e-06
0.260000000 8.485828237476e-06
0.270000000 8.576363890112e-06
0.280000000 8.468029918195e-06
0.290000000 9.266620997917e-06
0.300000000 9.632020105664e-06
0.310000000 9.427130614608e-06
0.320000000 9.810196588486e-06
0.330000000 1.057194515349e-05
0.340000000 1.052828544539e-05
0.350000000 1.049807713064e-05
0.360000000 1.124332675559e-05
0.370000000 1.164841585004e-05
0.380000000 1.141169514592e-05
0.390000000 1.232669497976e-05
0.400000000 1.253516265260e-05
0.410000000 1.272464421879e-05
0.420000000 1.366166717321e-05
0.430000000 1.339665388139e-05
0.440000000 1.434330002181e-05
0.450000000 1.451084134269e-05
0.460000000 1.525981460273e-05
0.470000000 1.559536567447e-05
0.480000000 1.614136517052e-05
0.490000000 1.691936182270e-05
0.500000000 1.745879031490e-05
0.510000000 1.780736277636e-05
0.520000000 1.853742767106e-05
0.530000000 1.921855938009e-05
0.540000000 2.028988026561e-05
0.550000000 2.081418713316e-05
0.560000000 2.155175988396e-05
0.570000000 2.219038523663e-05
0.580000000 2.333357622138e-05
0.590000000 2.423039171541e-05
0.600000000 2.532847208937e-05
0.610000000 2.619892924955e-05
0.620000000 2.753516219944e-05
0.630000000 2.883600351068e-05
0.640000000 2.975088940350e-05
0.650000000 3.127384224043e-05
0.660000000 3.242908492581e-05
0.670000000 3.462877737532e-05
0.680000000 3.574514442988e-05
0.690000000 3.748773511430e-05
0.700000000 3.952135623496e-05
0.710000000 4.155474628177e-05
0.720000000 4.344472333260e-05
0.730000000 4.630079748152e-05
0.740000000 4.852395278374e-05
0.750000000 5.122551817761e-05
0.760000000 5.424148092489e-05
0.770000000 5.749961866405e-05
0.780000000 6.132611829560e-05
0.790000000 6.437879505128e-05
0.800000000 6.926753683544e-05
0.810000000 7.375070467492e-05
0.820000000 7.875431305880e-05
0.830000000 8.438446701864e-05
0.840000000 9.076884260290e-05
0.850000000 9.816198039858e-05
0.860000000 1.061276810366e-04
0.870000000 1.154156128066e-04
0.880000000 1.256785846735e-04
0.890000000 1.373007182233e-04
0.900000000 1.505225630761e-04
0.910000000 1.664914723780e-04
0.920000000 1.853790327707e-04
0.930000000 2.077046381170e-04
0.940000000 2.341724215944e-04
0.950000000 2.664566348472e-04
0.960000000 3.055902887132e-04
0.970000000 3.540458301394e-04
0.980000000 4.143714684409e-04
0.990000000 4.875192354656e-04
1.000000000 5.746912251728e-04
1.010000000 6.737323828042e-04
1.020000000 7.774397755605e-04
1.030000000 8.777690971270e-04
1.040000000 9.683549988671e-04
1.050000000 1.046414018865e-03
1.060000000 1.112326012435e-03
1.070000000 1.166774546957e-03
1.080000000 1.212366276703e-03
1.090000000 1.249766728675e-03
1.100000000 1.281733426436e-03
1.110000000 1.308575900195e-03
1.120000000 1.332377705250e-03
1.130000000 1.355515443175e-03
1.140000000 1.379723093292e-03
1.150000000 1.406337341166e-03
1.160000000 1.435516987224e-03
1.170000000 1.465576236393e-03
1.180000000 1.494774223442e-03
1.190000000 1.520652885685e-03
1.200000000 1.540770170969e-03
1.210000000 1.557551711176e-03
1.220000000 1.573635475411e-03
1.230000000 1.591778474381e-03
1.240000000 1.614411404525e-03
1.250000000 1.641565070802e-03
1.260000000 1.669173179339e-03
1.270000000 1.693625147542e-03
1.280000000 1.713759694266e-03
1.290000000 1.731496471223e-03
1.300000000 1.750491747731e-03
1.310000000 1.775379968569e-03
1.320000000 1.806876134383e-03
1.330000000 1.839004825124e-03
1.340000000 1.861899259986e-03
1.350000000 1.865714158305e-03
1.360000000 1.845520620316e-03
1.370000000 1.803670192571e-03
1.380000000 1.749618551408e-03
1.390000000 1.694772520923e-03
1.400000000 1.647797868828e-03
1.410000000 1.608636973992e-03
1.420000000 1.574555386949e-03
1.430000000 1.539634346301e-03
1.440000000 1.506376023364e-03
1.450000000 1.481472922378e-03
1.460000000 1.471685061504e-03
1.470000000 1.480879878669e-03
1.480000000 1.503599293532e-03
1.490000000 1.531494945881e-03
1.500000000 1.554704261939e-03
1.510000000 1.567265642315e-03
1.520000000 1.565779849797e-03
1.530000000 1.548775599366e-03
1.540000000 1.518980883954e-03
1.550000000 1.483481451506e-03
1.560000000 1.456532422845e-03
1.570000000 1.453983179274e-03
1.580000000 1.486652614176e-03
1.590000000 1.550954577802e-03
1.600000000 1.625917166515e-03
1.610000000 1.682024197014e-03
1.620000000 1.695187715331e-03
1.630000000 1.651936107907e-03
1.640000000 1.550868936007e-03
1.650000000 1.398029387086e-03
1.660000000 1.194404302891e-03
1.670000000 9.412273171228e-04
1.680000000 6.462646067094e-04
1.690000000 3.299269794171e-04
1.700000000 2.848803343321e-05
1.710000000 -2.146255647445e-04
1.720000000 -3.526947485500e-04
1.730000000 -3.502614496027e-04
1.740000000 -1.892453219422e-04
1.750000000 1.192007204112e-04
1.760000000 5.332721232791e-04
1.770000000 9.848295647643e-04
1.780000000 1.397078127202e-03
1.790000000 1.704486322320e-03
1.800000000 1.874552916415e-03
1.810000000 1.912669431999e-03
1.820000000 1.849925695200e-03
1.830000000 1.722937980539e-03
1.840000000 1.558623002508e-03
1.850000000 1.365306541075e-03
1.860000000 1.142191555288e-03
1.870000000 8.884295168720e-04
1.880000000 6.102206141836e-04
1.890000000 3.227088079334e-04
1.900000000 4.252093623523e-05
1.910000000 -2.136810978473e-04
1.920000000 -4.327540190655e-04
1.930000000 -6.083191218667e-04
1.940000000 -7.459621465756e-04
1.950000000 -8.629223905884e-04
1.960000000 -9.867872388277e-04
1.970000000 -1.142171058964e-03
1.980000000 -1.333961353987e-03
1.990000000 -1.548139435269e-03
2.000000000 -1.749310961383e-03
2.010000000 -1.900236613745e-03
2.020000000 -1.975027611173e-03
2.030000000 -1.968202088696e-03
2.040000000 -1.895343799457e-03
2.050000000 -1.780968604193e-03
2.060000000 -1.651462483151e-03
2.070000000 -1.524262984302e-03
2.080000000 -1.408367017906e-03
2.090000000 -1.307707582277e-03
2.100000000 -1.225029054212e-03
2.110000000 -1.167077506652e-03
2.120000000 -1.145059630585e-03
2.130000000 -1.171009198391e-03
2.140000000 -1.257805451959e-03
2.150000000 -1.408394318091e-03
2.160000000 -1.608660183189e-03
2.170000000 -1.825501519308e-03
2.180000000 -2.015804794349e-03
2.190000000 -2.143365401637e-03
2.200000000 -2.190790697663e-03
2.210000000 -2.164138850593e-03
2.220000000 -2.082586124823e-03
2.230000000 -1.971685013200e-03
2.240000000 -1.854099848423e-03
2.250000000 -1.748719316835e-03
2.260000000 -1.668146795917e-03
2.270000000 -1.617255033499e-03
2.280000000 -1.596380658653e-03
2.290000000 -1.605841346801e-03
2.300000000 -1.644884971587e-03
2.310000000 -1.697115597472e-03
2.320000000 -1.716945088087e-03
2.330000000 -1.632439202976e-03
2.340000000 -1.370144513254e-03
2.350000000 -8.845681337948e-04
2.360000000 -1.843109687712e-04
2.370000000 6.677428759621e-04
2.380000000 1.571546080024e-03
2.390000000 2.403721872399e-03
2.400000000 3.039316169415e-03
2.410000000 3.368108796392e-03
2.420000000 3.325762159000e-03
2.430000000 2.913642037722e-03
2.440000000 2.201274402549e-03
2.450000000 1.296554793287e-03
2.460000000 3.027271925204e-04
2.470000000 -7.110854390150e-04
2.480000000 -1.710687127822e-03
2.490000000 -2.669251720310e-03
2.500000000 -3.540085136366e-03
2.510000000 -4.247380995161e-03
2.520000000 -4.714898515612e-03
2.530000000 -4.905623334104e-03
2.540000000 -4.849424090176e-03
2.550000000 -4.631354912159e-03
2.560000000 -4.352922515651e-03
2.570000000 -4.094208878591e-03
2.580000000 -3.900854965094e-03
2.590000000 -3.790276872175e-03
2.600000000 -3.766687574602e-03
2.610000000 -3.826682957753e-03
2.620000000 -3.960624490379e-03
2.630000000 -4.140539500061e-03
2.640000000 -4.316897371702e-03
2.650000000 -4.431063050857e-03
2.660000000 -4.432593770424e-03
2.670000000 -4.304093992252e-03
2.680000000 -4.070635685751e-03
2.690000000 -3.782416468587e-03
2.700000000 -3.491551321019e-03
2.710000000 -3.237225920127e-03
2.720000000 -3.037947263212e-03
2.730000000 -2.899844947825e-03
2.740000000 -2.823624934908e-03
2.750000000 -2.810121529960e-03
2.760000000 -2.860864182687e-03
2.770000000 -2.974787425893e-03
2.780000000 -3.142321226703e-03
2.790000000 -3.343377420645e-03
2.800000000 -3.547680587479e-03
2.810000000 -3.720614902721e-03
2.820000000 -3.837259423072e-03
2.830000000 -3.888457324042e-03
2.840000000 -3.884056907436e-03
2.850000000 -3.837481659294e-03
2.860000000 -3.756973265893e-03
2.870000000 -3.640437551146e-03
2.880000000 -3.483199165032e-03
2.890000000 -3.286168599507e-03
2.900000000 -3.056622543915e-03
2.910000000 -2.803476385623e-03
2.920000000 -2.537700946962e-03
2.930000000 -2.269614606488e-03
2.940000000 -2.009177800208e-03
2.950000000 -1.761074084912e-03
2.960000000 -1.529170208766e-03
2.970000000 -1.317083182848e-03
2.980000000 -1.141112074850e-03
2.990000000 -1.025344677724e-03
3.000000000 -9.907175545062e-04
3.010000000 -1.034695548521e-03
3.020000000 -1.122205438896e-03
3.030000000 -1.203376001015e-03
3.040000000 -1.228457440802e-03
3.050000000 -1.165795303137e-03
3.060000000 -9.989188957974e-04
3.070000000 -7.175438167232e-04
3.080000000 -3.130946056506e-04
3.090000000 2.210394791921e-04
3.100000000 8.693442822258e-04
3.110000000 1.580448868891e-03
3.120000000 2.266857496134e-03
3.130000000 2.830857352274e-03
3.140000000 3.208006575102e-03
3.150000000 3.391633045479e-03
3.160000000 3.418672510043e-03
3.170000000 3.351030817306e-03
3.180000000 3.247108530622e-03
3.190000000 3.156896013669e-03
3.200000000 3.123867805758e-03
3.210000000 3.194061098333e-03
3.220000000 3.423961322765e-03
3.230000000 3.873217724982e-03
3.240000000 4.579113956401e-03
3.250000000 5.520858177094e-03
3.260000000 6.611021218364e-03
3.270000000 7.714751873603e-03
3.280000000 8.696647101481e-03
3.290000000 9.453447750461e-03
3.300000000 9.921233632378e-03
3.310000000 1.005496908005e-02
3.320000000 9.812742945690e-03
3.330000000 9.166561981881e-03
3.340000000 8.133826866052e-03
3.350000000 6.793788467047e-03
3.360000000 5.280905424190e-03
3.370000000 3.753754162802e-03
3.380000000 2.355774172283e-03
3.390000000 1.194875561652e-03
3.400000000 3.334509657414e-04
3.410000000 -2.086402976988e-04
3.420000000 -4.478948442357e-04
3.430000000 -4.362705661887e-04
3.440000000 -2.589684725103e-04
3.450000000 -1.724985909050e-05
3.460000000 1.891437378896e-04
3.470000000 2.853764841349e-04
3.480000000 2.275808628333e-04
3.490000000 -6.698955759401e-06
3.500000000 -4.280879880150e-04
3.510000000 -1.032532202151e-03
3.520000000 -1.792131776004e-03
3.530000000 -2.630386455652e-03
3.540000000 -3.412761572652e-03
3.550000000 -3.962999213991e-03
3.560000000 -4.106014634584e-03
3.570000000 -3.726545625056e-03
3.580000000 -2.805543443948e-03
3.590000000 -1.431408661228e-03
3.600000000 2.219968808086e-04
3.610000000 1.931279410180e-03
3.620000000 3.455929186556e-03
3.630000000 4.584533267272e-03
3.640000000 5.163374371919e-03
3.650000000 5.126506789520e-03
3.660000000 4.505188282490e-03
3.670000000 3.416857557924e-03
3.680000000 2.033434158509e-03
3.690000000 5.322676859116e-04
3.700000000 -9.433348004838e-04
3.710000000 -2.292452499429e-03
3.720000000 -3.432742177853e-03
3.730000000 -4.287125508108e-03
3.740000000 -4.789675051660e-03
3.750000000 -4.918863911411e-03
3.760000000 -4.712834420503e-03
3.770000000 -4.264234542333e-03
3.780000000 -3.679857485726e-03
3.790000000 -3.042001706088e-03
3.800000000 -2.384885774225e-03
3.810000000 -1.685922981626e-03
3.820000000 -8.999884568454e-04
3.830000000 -3.969432369182e-06
3.840000000 9.486572255861e-04
3.850000000 1.822194150217e-03
3.860000000 2.439825148057e-03
3.870000000 2.669399480148e-03
3.880000000 2.477160015067e-03
3.890000000 1.939740310856e-03
3.900000000 1.198325591911e-03
3.910000000 3.921519627390e-04
3.920000000 -3.822343684898e-04
3.930000000 -1.077158944994e-03
3.940000000 -1.661419620790e-03
3.950000000 -2.095371601304e-03
3.960000000 -2.335683256705e-03
3.970000000 -2.359561259007e-03
3.980000000 -2.188326169011e-03
3.990000000 -1.879606129771e-03
4.000000000 -1.493961862095e-03
4.010000000 -1.067307069641e-03
4.020000000 -6.117287163727e-04
4.030000000 -1.436573287015e-04
4.040000000 2.847818130606e-04
4.050000000 5.848992062129e-04
4.060000000 6.544754021525e-04
4.070000000 4.176227879215e-04
4.080000000 -1.509252301543e-04
4.090000000 -1.020625287836e-03
4.100000000 -2.116972336262e-03
4.110000000 -3.345941378054e-03
4.120000000 -4.599055894402e-03
4.130000000 -5.756362475703e-03
4.140000000 -6.682040433193e-03
4.150000000 -7.230938843307e-03
4.160000000 -7.275426853649e-03
4.170000000 -6.742973812625e-03
4.180000000 -5.642105347952e-03
4.190000000 -4.076277044959e-03
4.200000000 -2.232494043051e-03
4.210000000 -3.502131394137e-04
4.220000000 1.323287891302e-03
4.230000000 2.587038194222e-03
4.240000000 3.328616237657e-03
4.250000000 3.542839992315e-03
4.260000000 3.330713808293e-03
4.270000000 2.864050444503e-03
4.280000000 2.328505394598e-03
4.290000000 1.858487108938e-03
4.300000000 1.508119664116e-03
4.310000000 1.271060571465e-03
4.320000000 1.137243526608e-03
4.330000000 1.132110255832e-03
4.340000000 1.308266393681e-03
4.350000000 1.695579012857e-03
4.360000000 2.251608974487e-03
4.370000000 2.850020688632e-03
4.380000000 3.315334035918e-03
4.390000000 3.487505961549e-03
4.400000000 3.281658668396e-03
4.410000000 2.726374924806e-03
4.420000000 1.952671748612e-03
4.430000000 1.154472279241e-03
4.440000000 5.129475839778e-04
4.450000000 1.375732863168e-04
4.460000000 3.253106429463e-05
4.470000000 1.109748512194e-04
4.480000000 2.491030904373e-04
4.490000000 3.497387184561e-04
4.500000000 3.962239283294e-04
4.510000000 4.530163119222e-04
4.520000000 6.183908667774e-04
4.530000000 9.546405005376e-04
4.540000000 1.437788111578e-03
4.550000000 1.964148426649e-03
4.560000000 2.401087539642e-03
4.570000000 2.653459580089e-03
4.580000000 2.706316330640e-03
4.590000000 2.631948380202e-03
4.600000000 2.563240914033e-03
4.610000000 2.641336816551e-03
4.620000000 2.958833876389e-03
4.630000000 3.519958894794e-03
4.640000000 4.229373225224e-03
4.650000000 4.924863403473e-03
4.660000000 5.450442106341e-03
4.670000000 5.724961297509e-03
4.680000000 5.763916002400e-03
4.690000000 5.645789999931e-03
4.700000000 5.442967672906e-03
4.710000000 5.179769231540e-03
4.720000000 4.829107439283e-03
4.730000000 4.341375018322e-03
4.740000000 3.669470106644e-03
4.750000000 2.800149387837e-03
4.760000000 1.775684573516e-03
4.770000000 7.064004722381e-04
4.780000000 -2.441064244639e-04
4.790000000 -8.945288216351e-04
4.800000000 -1.083879251991e-03
4.810000000 -7.043373578076e-04
4.820000000 2.865476796019e-04
4.830000000 1.852855393391e-03
4.840000000 3.871430598786e-03
4.850000000 6.134181412027e-03
4.860000000 8.381064029183e-03
4.870000000 1.035051686469e-02
4.880000000 1.183182723457e-02
4.890000000 1.268655454514e-02
4.900000000 1.285213941735e-02
4.910000000 1.233075505554e-02
4.920000000 1.119324430278e-02
4.930000000 9.588814979605e-03
4.940000000 7.743965787637e-03
4.950000000 5.930527855179e-03
4.960000000 4.403794395319e-03
4.970000000 3.346892413884e-03
4.980000000 2.837283756858e-03
4.990000000 2.850442941480e-03
5.000000000 3.293354880626e-03
5.010000000 4.031388168266e-03
5.020000000 4.901200927209e-03
5.030000000 5.722632890031e-03
5.040000000 6.306374314191e-03
5.050000000 6.479915848776e-03
5.060000000 6.117188046534e-03
5.070000000 5.168450109018e-03
5.080000000 3.675661346472e-03
5.090000000 1.767124870518e-03
5.100000000 -3.662478007934e-04
5.110000000 -2.500864704725e-03
5.120000000 -4.403491881116e-03
5.130000000 -5.858533557982e-03
5.140000000 -6.696517639855e-03
5.150000000 -6.827225504541e-03
5.160000000 -6.268531640920e-03
5.170000000 -5.137403052349e-03
5.180000000 -3.608011404881e-03
5.190000000 -1.870273551984e-03
5.200000000 -9.792872459698e-05
5.210000000 1.543055354353e-03
5.220000000 2.883138528714e-03
5.230000000 3.743620107353e-03
5.240000000 3.964057195678e-03
5.250000000 3.441225361728e-03
5.260000000 2.167193541365e-03
5.270000000 2.556238099126e-04
5.280000000 -2.056948339188e-03
5.290000000 -4.455662576012e-03
5.300000000 -6.618591911350e-03
5.310000000 -8.300036861574e-03
5.320000000 -9.375612999913e-03
5.330000000 -9.839049652012e-03
5.340000000 -9.755881622850e-03
5.350000000 -9.215470921078e-03
5.360000000 -8.306731283427e-03
5.370000000 -7.125830926172e-03
5.380000000 -5.793960212766e-03
5.390000000 -4.464139887804e-03
5.400000000 -3.296123755059e-03
5.410000000 -2.422041633367e-03
5.420000000 -1.907545578440e-03
5.430000000 -1.741207058228e-03
5.440000000 -1.842601594362e-03
5.450000000 -2.094560962903e-03
5.460000000 -2.381728977425e-03
5.470000000 -2.622054465900e-03
5.480000000 -2.780056993700e-03
5.490000000 -2.847207431289e-03
5.500000000 -2.817359515734e-03
5.510000000 -2.677850677578e-03
5.520000000 -2.428963787998e-03
5.530000000 -2.127819656597e-03
5.540000000 -1.899557539956e-03
5.550000000 -1.907817447850e-03
5.560000000 -2.281726466348e-03
5.570000000 -3.053336470988e-03
5.580000000 -4.148213050261e-03
5.590000000 -5.417954068440e-03
5.600000000 -6.702377116817e-03
5.610000000 -7.868840715343e-03
5.620000000 -8.818650114877e-03
5.630000000 -9.476655053427e-03
5.640000000 -9.781221398164e-03
5.650000000 -9.696700364384e-03
5.660000000 -9.230395976005e-03
5.670000000 -8.447315641115e-03
5.680000000 -7.452256500618e-03
5.690000000 -6.339260665727e-03
5.700000000 -5.153414479735e-03
5.710000000 -3.884027101450e-03
5.720000000 -2.518257529257e-03
5.730000000 -1.089531313310e-03
5.740000000 3.043543424114e-04
5.750000000 1.539563200999e-03
5.760000000 2.516807571871e-03
5.770000000 3.191749459036e-03
5.780000000 3.572120407083e-03
5.790000000 3.697495248273e-03
5.800000000 3.620563452291e-03
5.810000000 3.391210940099e-03
5.820000000 3.055106805074e-03
5.830000000 2.648450798669e-03
5.840000000 2.197262867885e-03
5.850000000 1.717427055431e-03
5.860000000 1.212149256600e-03
5.870000000 6.693785529036e-04
5.880000000 6.315002588166e-05
5.890000000 -6.444400977777e-04
5.900000000 -1.498442309797e-03
5.910000000 -2.537878478668e-03
5.920000000 -3.778399807871e-03
5.930000000 -5.201344396671e-03
5.940000000 -6.743584524866e-03
5.950000000 -8.298601901015e-03
5.960000000 -9.717869016673e-03
5.970000000 -1.082436877054e-02
5.980000000 -1.144557646387e-02
5.990000000 -1.145235196135e-02
6.000000000 -1.080238271214e-02
6.010000000 -9.570457809338e-03
6.020000000 -7.947693417202e-03
6.030000000 -6.210246614103e-03
6.040000000 -4.663231481440e-03
6.050000000 -3.577542366256e-03
6.060000000 -3.138110959599e-03
6.070000000 -3.417357237035e-03
6.080000000 -4.379528805758e-03
6.090000000 -5.907112457699e-03
6.100000000 -7.835647935205e-03
6.110000000 -9.974567572079e-03
6.120000000 -1.212386701492e-02
6.130000000 -1.409231927959e-02
6.140000000 -1.571942387317e-02
6.150000000 -1.689184908830e-02
6.160000000 -1.753983723713e-02
6.170000000 -1.762694401884e-02
6.180000000 -1.714253884290e-02
6.190000000 -1.611555122575e-02
6.200000000 -1.462584202392e-02
6.210000000 -1.280183659591e-02
6.220000000 -1.080445366657e-02
6.230000000 -8.811061338997e-03
6.240000000 -6.995917210453e-03
6.250000000 -5.515813238011e-03
6.260000000 -4.475443145292e-03
6.270000000 -3.897298437278e-03
6.280000000 -3.711602032414e-03
6.290000000 -3.774095414849e-03
6.300000000 -3.909327549348e-03
6.310000000 -3.965593233651e-03
6.320000000 -3.843566947796e-03
6.330000000 -3.497689979620e-03
6.340000000 -2.917471531194e-03
6.350000000 -2.109411156503e-03
6.360000000 -1.083943633322e-03
6.370000000 1.365925955643e-04
6.380000000 1.505938642323e-03
6.390000000 2.934818133420e-03
6.400000000 4.281851059211e-03
6.410000000 5.379340544090e-03
6.420000000 6.067680721685e-03
6.430000000 6.239586443057e-03
6.440000000 5.865779870654e-03
6.450000000 4.993069444015e-03
6.460000000 3.745867251343e-03
6.470000000 2.316728404147e-03
6.480000000 9.349836721251e-04
6.490000000 -1.900583964854e-04
6.500000000 -9.162179408004e-04
6.510000000 -1.186667310204e-03
6.520000000 -1.011881592309e-03
6.530000000 -4.378822584910e-04
6.540000000 4.794168022920e-04
6.550000000 1.670990710867e-03
6.560000000 3.045243174291e-03
6.570000000 4.465207473478e-03
6.580000000 5.755406381500e-03
6.590000000 6.757033977156e-03
6.600000000 7.398360726976e-03
6.610000000 7.750915220412e-03
6.620000000 8.018117882892e-03
6.630000000 8.460270914593e-03
6.640000000 9.291699618943e-03
6.650000000 1.059592974152e-02
6.660000000 1.228732798304e-02
6.670000000 1.412913672593e-02
6.680000000 1.582343723856e-02
6.690000000 1.711441231804e-02
6.700000000 1.788341677444e-02
6.710000000 1.817248128988e-02
6.720000000 1.813861440283e-02
6.730000000 1.797728360791e-02
6.740000000 1.784938000827e-02
6.750000000 1.785240123776e-02
6.760000000 1.801237786776e-02
6.770000000 1.830569842395e-02
6.780000000 1.868926396386e-02
6.790000000 1.912557415634e-02
6.800000000 1.958578786158e-02
6.810000000 2.001645774728e-02
6.820000000 2.030669858116e-02
6.830000000 2.029285000514e-02
6.840000000 1.980391892519e-02
6.850000000 1.872820486459e-02
6.860000000 1.705991584231e-02
6.870000000 1.490320560751e-02
6.880000000 1.243183827924e-02
6.890000000 9.823965241381e-03
6.900000000 7.221471378352e-03
6.910000000 4.726594538128e-03
6.920000000 2.423152105839e-03
6.930000000 3.940480686254e-04
6.940000000 -1.286485690225e-03
6.950000000 -2.571651529704e-03
6.960000000 -3.454337530088e-03
6.970000000 -3.966396189984e-03
6.980000000 -4.191492687473e-03
6.990000000 -4.260538884479e-03
7.000000000 -4.331948455399e-03
7.010000000 -4.551015569967e-03
7.020000000 -5.003028593509e-03
7.030000000 -5.691728208644e-03
7.040000000 -6.532032649485e-03
7.050000000 -7.379499835828e-03
7.060000000 -8.069218282128e-03
7.070000000 -8.469468141649e-03
7.080000000 -8.524308652178e-03
7.090000000 -8.278624454940e-03
7.100000000 -7.861350490226e-03
7.110000000 -7.436148729237e-03
7.120000000 -7.120284558131e-03
7.130000000 -6.931039728416e-03
7.140000000 -6.790803526253e-03
7.150000000 -6.591879415486e-03
7.160000000 -6.280754276977e-03
7.170000000 -5.881592719432e-03
7.180000000 -5.460557325354e-03
7.190000000 -5.065702317898e-03
7.200000000 -4.689913917274e-03
7.210000000 -4.279566274485e-03
7.220000000 -3.767073130371e-03
7.230000000 -3.116632532550e-03
7.240000000 -2.356135303964e-03
7.250000000 -1.580788873682e-03
7.260000000 -9.122776438366e-04
7.270000000 -4.443924234709e-04
7.280000000 -2.080545407631e-04
7.290000000 -1.883151772855e-04
7.300000000 -3.661621249098e-04
7.310000000 -7.462891612046e-04
7.320000000 -1.342474381897e-03
7.330000000 -2.135552314822e-03
7.340000000 -3.042743605793e-03
7.350000000 -3.914558651435e-03
7.360000000 -4.558782251713e-03
7.370000000 -4.776391762459e-03
7.380000000 -4.404083496589e-03
7.390000000 -3.352049100761e-03
7.400000000 -1.636763507129e-03
7.410000000 6.077991089999e-04
7.420000000 3.149493673361e-03
7.430000000 5.695547512451e-03
7.440000000 7.945730498387e-03
7.450000000 9.632298280055e-03
7.460000000 1.055900023752e-02
7.470000000 1.062442763966e-02
7.480000000 9.816953386698e-03
7.490000000 8.192594673817e-03
7.500000000 5.856442264412e-03
7.510000000 2.977107716776e-03
7.520000000 -1.812191047721e-04
7.530000000 -3.251961755751e-03
7.540000000 -5.820767250169e-03
7.550000000 -7.521227340537e-03
7.560000000 -8.120563985255e-03
7.570000000 -7.562662673915e-03
7.580000000 -5.970350703639e-03
7.590000000 -3.617964153414e-03
7.600000000 -8.774423048487e-04
7.610000000 1.856899315964e-03
7.620000000 4.259677455324e-03
7.630000000 6.135695127371e-03
7.640000000 7.430981070536e-03
7.650000000 8.188639605718e-03
7.660000000 8.484278267500e-03
7.670000000 8.392428052993e-03
7.680000000 7.980575936914e-03
7.690000000 7.339628610276e-03
7.700000000 6.603042802649e-03
7.710000000 5.946835693785e-03
7.720000000 5.549994373576e-03
7.730000000 5.522356137788e-03
7.740000000 5.846871520304e-03
7.750000000 6.371238247981e-03
7.760000000 6.857744970076e-03
7.770000000 7.062208132274e-03
7.780000000 6.800983346569e-03
7.790000000 5.986368678456e-03
7.800000000 4.637074193956e-03
7.810000000 2.864953353783e-03
7.820000000 8.356251866074e-04
7.830000000 -1.269927730210e-03
7.840000000 -3.290875244017e-03
7.850000000 -5.093934126441e-03
7.860000000 -6.566771431059e-03
7.870000000 -7.609056560268e-03
7.880000000 -8.138510981066e-03
7.890000000 -8.095770953021e-03
7.900000000 -7.460589724319e-03
7.910000000 -6.273565199705e-03
7.920000000 -4.653425721266e-03
7.930000000 -2.805557911806e-03
7.940000000 -9.959174251293e-04
7.950000000 5.079521122571e-04
7.960000000 1.506836393062e-03
7.970000000 1.922437819370e-03
7.980000000 1.813128536131e-03
7.990000000 1.340101222197e-03
8.000000000 6.967558939545e-04
8.010000000 2.931002433725e-05
8.020000000 -6.130317342989e-04
8.030000000 -1.291093100519e-03
8.040000000 -2.134439632323e-03
8.050000000 -3.268254599505e-03
8.060000000 -4.738881853913e-03
8.070000000 -6.466242209144e-03
8.080000000 -8.242783785930e-03
8.090000000 -9.777651891652e-03
8.100000000 -1.076885940753e-02
8.110000000 -1.098417486259e-02
8.120000000 -1.032673400469e-02
8.130000000 -8.867059895120e-03
8.140000000 -6.827858159970e-03
8.150000000 -4.528180051128e-03
8.160000000 -2.294936890842e-03
8.170000000 -3.788841080892e-04
8.180000000 1.096200263783e-03
8.190000000 2.136455187673e-03
8.200000000 2.837738078804e-03
8.210000000 3.323149435402e-03
8.220000000 3.703595892511e-03
8.230000000 4.049705042984e-03
8.240000000 4.397907120474e-03
8.250000000 4.761835400863e-03
8.260000000 5.134283149710e-03
8.270000000 5.496856209103e-03
8.280000000 5.811810509202e-03
8.290000000 6.024479392056e-03
8.300000000 6.065247621348e-03
8.310000000 5.862240558276e-03
8.320000000 5.353436842933e-03
8.330000000 4.507874376845e-03
8.340000000 3.344246907669e-03
8.350000000 1.938824552069e-03
8.360000000 4.188598068161e-04
8.370000000 -1.083060718180e-03
8.380000000 -2.475054574445e-03
8.390000000 -3.735473847474e-03
8.400000000 -4.887684366781e-03
8.410000000 -5.950104327631e-03
8.420000000 -6.892298724837e-03
8.430000000 -7.636345305238e-03
8.440000000 -8.096502695961e-03
8.450000000 -8.220336385281e-03
8.460000000 -8.005548283243e-03
8.470000000 -7.473201707189e-03
8.480000000 -6.635078474210e-03
8.490000000 -5.499954386354e-03
8.500000000 -4.113434326674e-03
8.510000000 -2.609599742185e-03
8.520000000 -1.217374847721e-03
8.530000000 -2.136832171956e-04
8.540000000 1.651637278047e-04
8.550000000 -1.922824199699e-04
8.560000000 -1.232379888640e-03
8.570000000 -2.751694596314e-03
8.580000000 -4.461954715368e-03
8.590000000 -6.074642782632e-03
8.600000000 -7.359280226638e-03
8.610000000 -8.161073044101e-03
8.620000000 -8.389411206814e-03
8.630000000 -7.993978154559e-03
8.640000000 -6.974133101721e-03
8.650000000 -5.396815254980e-03
8.660000000 -3.424990893355e-03
8.670000000 -1.308261000660e-03
8.680000000 6.693935517402e-04
8.690000000 2.251275978995e-03
8.700000000 3.259742067257e-03
8.710000000 3.595801733483e-03
8.720000000 3.225319025209e-03
8.730000000 2.169315886113e-03
8.740000000 5.338438469954e-04
8.750000000 -1.449766879982e-03
8.760000000 -3.423099738720e-03
8.770000000 -4.965702526633e-03
8.780000000 -5.729923242164e-03
8.790000000 -5.570003135736e-03
8.800000000 -4.580945145289e-03
8.810000000 -3.025866864952e-03
8.820000000 -1.198953655084e-03
8.830000000 6.768584720153e-04
8.840000000 2.483435998108e-03
8.850000000 4.173523372754e-03
8.860000000 5.713013535673e-03
8.870000000 7.029172608171e-03
8.880000000 7.985916442718e-03
8.890000000 8.390065229973e-03
8.900000000 8.052469916377e-03
8.910000000 6.867099062765e-03
8.920000000 4.899325406596e-03
8.930000000 2.430585750741e-03
8.940000000 -8.702339199632e-05
8.950000000 -2.167332670526e-03
8.960000000 -3.459321515496e-03
8.970000000 -3.867384687110e-03
8.980000000 -3.545645742542e-03
8.990000000 -2.784061418216e-03
9.000000000 -1.854476421515e-03
9.010000000 -9.043179252965e-04
9.020000000 6.456283348960e-05
9.030000000 1.126225009835e-03
9.040000000 2.321395253849e-03
9.050000000 3.559522564029e-03
9.060000000 4.588129738656e-03
9.070000000 5.054149574759e-03
9.080000000 4.636839989127e-03
9.090000000 3.191425110376e-03
9.100000000 8.452996052866e-04
9.110000000 -2.002574714263e-03
9.120000000 -4.782119144534e-03
9.130000000 -6.913146002786e-03
9.140000000 -7.971114369121e-03
9.150000000 -7.789802641539e-03
9.160000000 -6.477135315765e-03
9.170000000 -4.359403351241e-03
9.180000000 -1.862484698499e-03
9.190000000 6.137922740363e-04
9.200000000 2.791109504025e-03
9.210000000 4.529360388291e-03
9.220000000 5.771171176098e-03
9.230000000 6.458772249202e-03
9.240000000 6.496111419661e-03
9.250000000 5.772045413507e-03
9.260000000 4.225386386336e-03
9.270000000 1.917962580720e-03
9.280000000 -9.267398888865e-04
9.290000000 -3.931638338883e-03
9.300000000 -6.640360989402e-03
9.310000000 -8.626145783355e-03
9.320000000 -9.600044386245e-03
9.330000000 -9.465906842074e-03
9.340000000 -8.311652856612e-03
9.350000000 -6.347494429782e-03
9.360000000 -3.833735726818e-03
9.370000000 -1.017039639396e-03
9.380000000 1.899289501444e-03
9.390000000 4.758373221024e-03
9.400000000 7.433984131249e-03
9.410000000 9.823252277681e-03
9.420000000 1.184119069787e-02
9.430000000 1.340139543422e-02
9.440000000 1.440907129274e-02
9.450000000 1.475560931547e-02
9.460000000 1.434430589937e-02
9.470000000 1.314997380821e-02
9.480000000 1.127564867725e-02
9.490000000 8.981702198514e-03
9.500000000 6.626670740346e-03
9.510000000 4.552938334418e-03
9.520000000 2.960587891684e-03
9.530000000 1.865642648367e-03
9.540000000 1.143191432697e-03
9.550000000 6.279752615683e-04
9.560000000 1.968634485742e-04
9.570000000 -2.135975199108e-04
9.580000000 -6.266993075632e-04
9.590000000 -1.057040082473e-03
9.600000000 -1.512879117086e-03
9.610000000 -1.987829638510e-03
9.620000000 -2.448154152035e-03
9.630000000 -2.836049485355e-03
9.640000000 -3.080686970193e-03
9.650000000 -3.101361805193e-03
9.660000000 -2.820286738222e-03
9.670000000 -2.169591715442e-03
9.680000000 -1.116517336087e-03
9.690000000 3.084446719520e-04
9.700000000 1.979146990193e-03
9.710000000 3.668660054386e-03
9.720000000 5.071521941867e-03
9.730000000 5.867059298121e-03
9.740000000 5.794646949158e-03
9.750000000 4.739826007953e-03
9.760000000 2.782872730157e-03
9.770000000 1.985884577682e-04
9.780000000 -2.616044260435e-03
9.790000000 -5.265635799480e-03
9.800000000 -7.467545853848e-03
9.810000000 -9.107961914654e-03
9.820000000 -1.022185674829e-02
9.830000000 -1.092993895373e-02
9.840000000 -1.136240975014e-02
9.850000000 -1.161223181293e-02
9.860000000 -1.173200571454e-02
9.870000000 -1.174528509663e-02
9.880000000 -1.167143963698e-02
9.890000000 -1.153854832012e-02
9.900000000 -1.137332919115e-02
9.910000000 -1.117349277069e-02
9.920000000 -1.086843102995e-02
9.930000000 -1.030396015500e-02
9.940000000 -9.279065592184e-03
9.950000000 -7.639457457345e-03
9.960000000 -5.375484133578e-03
9.970000000 -2.659207151432e-03
9.980000000 1.991526350631e-04
9.990000000 2.844922552818e-03
10.000000000 4.966284917439e-03
10.010000000 6.349867630921e-03
10.020000000 6.895436650784e-03
10.030000000 6.618851405613e-03
10.040000000 5.635693741040e-03
10.050000000 4.133353181781e-03
10.060000000 2.325500410311e-03
10.070000000 3.921769226938e-04
10.080000000 -1.562816470425e-03
10.090000000 -3.517657695420e-03
10.100000000 -5.494223165174e-03
10.110000000 -7.495566861515e-03
10.120000000 -9.471043222364e-03
10.130000000 -1.131892889667e-02
10.140000000 -1.291888047323e-02
10.150000000 -1.417535536700e-02
10.160000000 -1.503858930519e-02
10.170000000 -1.551995259901e-02
10.180000000 -1.569070514911e-02
10.190000000 -1.567421894380e-02
10.200000000 -1.561482602817e-02
10.210000000 -1.563251100579e-02
10.220000000 -1.577932316718e-02
10.230000000 -1.603731263676e-02
10.240000000 -1.634944723074e-02
10.250000000 -1.667141794909e-02
10.260000000 -1.699249873483e-02
10.270000000 -1.730506916208e-02
10.280000000 -1.756375294798e-02
10.290000000 -1.766169944728e-02
10.300000000 -1.746563742624e-02
10.310000000 -1.689041823676e-02
10.320000000 -1.595675907993e-02
10.330000000 -1.481060771501e-02
10.340000000 -1.368819858374e-02
10.350000000 -1.283878428367e-02
10.360000000 -1.244744542911e-02
10.370000000 -1.258360653297e-02
10.380000000 -1.319874917661e-02
10.390000000 -1.414658195851e-02
10.400000000 -1.522663345868e-02
10.410000000 -1.622942682883e-02
10.420000000 -1.698461327856e-02
10.430000000 -1.738419281755e-02
10.440000000 -1.737377490524e-02
10.450000000 -1.692377673440e-02
10.460000000 -1.601967221179e-02
10.470000000 -1.468331343498e-02
10.480000000 -1.299600659290e-02
10.490000000 -1.109743792591e-02
10.500000000 -9.150589404086e-03
10.510000000 -7.295383358958e-03
10.520000000 -5.618537927743e-03
10.530000000 -4.160820669849e-03
10.540000000 -2.927751117489e-03
10.550000000 -1.903539805793e-03
10.560000000 -1.052669806294e-03
10.570000000 -3.163943439640e-04
10.580000000 3.713793509952e-04
10.590000000 1.061847577708e-03
10.600000000 1.784946342782e-03
10.610000000 2.556261002670e-03
10.620000000 3.392995290724e-03
10.630000000 4.328095264017e-03
10.640000000 5.407328767989e-03
10.650000000 6.681441381031e-03
10.660000000 8.189083181912e-03
10.670000000 9.946625821306e-03
10.680000000 1.193532976512e-02
10.690000000 1.409456182566e-02
10.700000000 1.633149978042e-02
10.710000000 1.853705379443e-02
10.720000000 2.060601760135e-02
10.730000000 2.244265845491e-02
10.740000000 2.395912915262e-02
10.750000000 2.507979397881e-02
10.760000000 2.575961871173e-02
10.770000000 2.601058808062e-02
10.780000000 2.590233518429e-02
10.790000000 2.553307093775e-02
10.800000000 2.499639567457e-02
10.810000000 2.436577064144e-02
10.820000000 2.369380752920e-02
10.830000000 2.301124570619e-02
10.840000000 2.231215426252e-02
10.850000000 2.154452308096e-02
10.860000000 2.063352332634e-02
10.870000000 1.953409846422e-02
10.880000000 1.827557894763e-02
10.890000000 1.696504157012e-02
10.900000000 1.573191272475e-02
10.910000000 1.465482828106e-02
10.920000000 1.371966690559e-02
10.930000000 1.282966341430e-02
10.940000000 1.186339237393e-02
10.950000000 1.074121272347e-02
10.960000000 9.470613977350e-03
10.970000000 8.141495482601e-03
10.980000000 6.891875886578e-03
10.990000000 5.842859887980e-03
11.000000000 5.046710093473e-03
11.010000000 4.457199693231e-03
11.020000000 3.959985832959e-03
11.030000000 3.437073924340e-03
11.040000000 2.833531447454e-03
11.050000000 2.177794833960e-03
11.060000000 1.551388823782e-03
11.070000000 1.038918459114e-03
11.080000000 6.958051185343e-04
11.090000000 5.397626445643e-04
11.100000000 5.439887146712e-04
11.110000000 6.390053306905e-04
11.120000000 7.240962432569e-04
11.130000000 7.036745103956e-04
11.140000000 5.205979973535e-04
11.150000000 1.699017910802e-04
11.160000000 -3.120662940454e-04
11.170000000 -8.788392023550e-04
11.180000000 -1.491201378530e-03
11.190000000 -2.129888442389e-03
11.200000000 -2.796587438043e-03
11.210000000 -3.507867251530e-03
11.220000000 -4.278259536847e-03
11.230000000 -5.099476976502e-03
11.240000000 -5.916027928651e-03
11.250000000 -6.632454564913e-03
11.260000000 -7.164329227752e-03
11.270000000 -7.497136240970e-03
11.280000000 -7.719760029126e-03
11.290000000 -7.981406101004e-03
11.300000000 -8.412984682001e-03
11.310000000 -9.050668015108e-03
11.320000000 -9.805531857594e-03
11.330000000 -1.049127734624e-02
11.340000000 -1.088439788256e-02
11.350000000 -1.078113664080e-02
11.360000000 -1.004080454159e-02
11.370000000 -8.614169420601e-03
11.380000000 -6.569765337697e-03
11.390000000 -4.101641126589e-03
11.400000000 -1.484107417774e-03
11.410000000 9.991801314922e-04
11.420000000 3.131907275017e-03
11.430000000 4.797960516095e-03
11.440000000 5.962866532569e-03
11.450000000 6.636754487800e-03
11.460000000 6.835367506971e-03
11.470000000 6.575929693933e-03
11.480000000 5.888911300164e-03
11.490000000 4.857213687734e-03
11.500000000 3.639519171940e-03
11.510000000 2.465293906828e-03
11.520000000 1.584717057524e-03
11.530000000 1.185866907943e-03
11.540000000 1.340206223579e-03
11.550000000 1.991190201803e-03
11.560000000 3.007804350669e-03
11.570000000 4.248723842652e-03
11.580000000 5.598362350864e-03
11.590000000 6.969335830044e-03
11.600000000 8.285837341923e-03
11.610000000 9.474501678343e-03
11.620000000 1.048010651449e-02
11.630000000 1.127689369647e-02
11.640000000 1.186662626430e-02
11.650000000 1.226362688451e-02
11.660000000 1.249612593625e-02
11.670000000 1.260576649841e-02
11.680000000 1.264493395097e-02
11.690000000 1.264997896964e-02
11.700000000 1.261947293499e-02
11.710000000 1.250594518638e-02
11.720000000 1.224407330116e-02
11.730000000 1.177117456397e-02
11.740000000 1.103400482483e-02
11.750000000 9.980467113937e-03
11.760000000 8.558504065200e-03
11.770000000 6.737031779435e-03
11.780000000 4.531679042867e-03
11.790000000 2.019571978169e-03
11.800000000 -6.638364018318e-04
11.810000000 -3.349187247059e-03
11.820000000 -5.858862067028e-03
11.830000000 -8.033780599147e-03
11.840000000 -9.752812550452e-03
11.850000000 -1.095493199766e-02
11.860000000 -1.165535796549e-02
11.870000000 -1.194405953313e-02
11.880000000 -1.195283411297e-02
11.890000000 -1.180398433107e-02
11.900000000 -1.157509090104e-02
11.910000000 -1.129811129766e-02
11.920000000 -1.098895871311e-02
11.930000000 -1.067070181685e-02
11.940000000 -1.037486905475e-02
11.950000000 -1.012901868005e-02
11.960000000 -9.950535099942e-03
11.970000000 -9.839123640422e-03
11.980000000 -9.779866331472e-03
11.990000000 -9.750761588379e-03
12.000000000 -9.735146654389e-03
12.010000000 -9.746424186218e-03
12.020000000 -9.837559432497e-03
12.030000000 -1.009667139971e-02
12.040000000 -1.059770959466e-02
12.050000000 -1.133984705767e-02
12.060000000 -1.221918359488e-02
12.070000000 -1.304838943454e-02
12.080000000 -1.362929330957e-02
12.090000000 -1.381344330189e-02
12.100000000 -1.353546688628e-02
12.110000000 -1.280217627959e-02
12.120000000 -1.165569235540e-02
12.130000000 -1.012942151974e-02
12.140000000 -8.217344718479e-03
12.150000000 -5.879440153933e-03
12.160000000 -3.076158922360e-03
12.170000000 1.795610147098e-04
12.180000000 3.794877269523e-03
12.190000000 7.610616256890e-03
12.200000000 1.143448002745e-02
12.210000000 1.507497554856e-02
12.220000000 1.835376157089e-02
12.230000000 2.110626094952e-02
12.240000000 2.317732350855e-02
12.250000000 2.442347075444e-02
12.260000000 2.472149383886e-02
12.270000000 2.399950713606e-02
12.280000000 2.227513743385e-02
12.290000000 1.967628706249e-02
12.300000000 1.643441991758e-02
12.310000000 1.282920183959e-02
12.320000000 9.128361288414e-03
12.330000000 5.535475388794e-03
12.340000000 2.184370869442e-03
12.350000000 -8.416627160308e-04
12.360000000 -3.477823570532e-03
12.370000000 -5.659823594743e-03
12.380000000 -7.331072279858e-03
12.390000000 -8.458334243769e-03
12.400000000 -9.043657305400e-03
12.410000000 -9.121766782009e-03
12.420000000 -8.741818264229e-03
12.430000000 -7.939438845998e-03
12.440000000 -6.727038912445e-03
12.450000000 -5.109123507499e-03
12.460000000 -3.131861098894e-03
12.470000000 -9.161157064127e-04
12.480000000 1.349543465015e-03
12.490000000 3.454201400584e-03
12.500000000 5.219914487511e-03
12.510000000 6.530615233725e-03
12.520000000 7.323934018366e-03
12.530000000 7.570206791079e-03
12.540000000 7.263987090683e-03
12.550000000 6.432519574844e-03
12.560000000 5.155168373744e-03
12.570000000 3.586585222617e-03
12.580000000 1.938416396443e-03
12.590000000 4.220012571630e-04
12.600000000 -8.229874689196e-04
12.610000000 -1.768319651028e-03
12.620000000 -2.482749321897e-03
12.630000000 -3.064544613431e-03
12.640000000 -3.580242808904e-03
12.650000000 -4.035944189719e-03
12.660000000 -4.388687068157e-03
12.670000000 -4.573051965991e-03
12.680000000 -4.522861791843e-03
12.690000000 -4.183376846998e-03
12.700000000 -3.517862691934e-03
12.710000000 -2.512426337426e-03
12.720000000 -1.173487158571e-03
12.730000000 4.769515914157e-04
12.740000000 2.414646782851e-03
12.750000000 4.620329135262e-03
12.760000000 7.072789368072e-03
12.770000000 9.721274693560e-03
12.780000000 1.243360369992e-02
12.790000000 1.496578602570e-02
12.800000000 1.697657512081e-02
12.810000000 1.812504541070e-02
12.820000000 1.818674893697e-02
12.830000000 1.712504256842e-02
12.840000000 1.509230578065e-02
12.850000000 1.234753693154e-02
12.860000000 9.158255340432e-03
12.870000000 5.724279311647e-03
12.880000000 2.167252760276e-03
12.890000000 -1.416653632264e-03
12.900000000 -4.900241301272e-03
12.910000000 -8.086395959435e-03
12.920000000 -1.073858862155e-02
12.930000000 -1.263856111810e-02
12.940000000 -1.364081439722e-02
12.950000000 -1.371379980070e-02
12.960000000 -1.295083033860e-02
12.970000000 -1.157183369699e-02
12.980000000 -9.906197792007e-03
12.990000000 -8.334127290228e-03
13.000000000 -7.197410703120e-03
13.010000000 -6.692298630436e-03
13.020000000 -6.801318131473e-03
13.030000000 -7.300492027152e-03
13.040000000 -7.823705229122e-03
13.050000000 -7.975320386149e-03
13.060000000 -7.436071941586e-03
13.070000000 -6.042376621325e-03
13.080000000 -3.820860126775e-03
13.090000000 -9.599377176371e-04
13.100000000 2.250707115708e-03
13.110000000 5.500355922031e-03
13.120000000 8.518398729911e-03
13.130000000 1.110900149794e-02
13.140000000 1.314280581594e-02
13.150000000 1.451625800995e-02
13.160000000 1.511329761142e-02
13.170000000 1.480995166205e-02
13.180000000 1.353468494796e-02
13.190000000 1.134313009171e-02
13.200000000 8.449868965134e-03
13.210000000 5.197886343419e-03
13.220000000 1.978780648420e-03
13.230000000 -8.584211242436e-04
13.240000000 -3.076957905730e-03
13.250000000 -4.578442104038e-03
13.260000000 -5.373860547839e-03
13.270000000 -5.516836355291e-03
13.280000000 -5.031958004572e-03
13.290000000 -3.898586557669e-03
13.300000000 -2.086022312565e-03
13.310000000 3.770136739059e-04
13.320000000 3.346891724670e-03
13.330000000 6.551917550033e-03
13.340000000 9.625069369635e-03
13.350000000 1.216974579346e-02
13.360000000 1.383939704708e-02
13.370000000 1.439296346131e-02
13.380000000 1.372292636975e-02
13.390000000 1.186447056640e-02
13.400000000 8.993523169182e-03
13.410000000 5.405944872035e-03
13.420000000 1.474707674336e-03
13.430000000 -2.430991114512e-03
13.440000000 -6.022563264252e-03
13.450000000 -9.129943940667e-03
13.460000000 -1.169356663667e-02
13.470000000 -1.371742258744e-02
13.480000000 -1.522321241028e-02
13.490000000 -1.624210692492e-02
13.500000000 -1.683972187375e-02
13.510000000 -1.714982478183e-02
13.520000000 -1.737035662505e-02
13.530000000 -1.770829939574e-02
13.540000000 -1.830640428839e-02
13.550000000 -1.918867044863e-02
13.560000000 -2.024903812936e-02
13.570000000 -2.128923906819e-02
13.580000000 -2.207464776172e-02
13.590000000 -2.239618350132e-02
13.600000000 -2.211350101393e-02
13.610000000 -2.116235621214e-02
13.620000000 -1.953630954613e-02
13.630000000 -1.725899023451e-02
13.640000000 -1.435954357463e-02
13.650000000 -1.087363620677e-02
13.660000000 -6.874482042152e-03
13.670000000 -2.534919432254e-03
13.680000000 1.833501527152e-03
13.690000000 5.803498081547e-03
13.700000000 8.925382316281e-03
13.710000000 1.084549154237e-02
13.720000000 1.137966882836e-02
13.730000000 1.052650942657e-02
13.740000000 8.436874321614e-03
13.750000000 5.387964489078e-03
13.760000000 1.751826877239e-03
13.770000000 -2.036490849345e-03
13.780000000 -5.543131761150e-03
13.790000000 -8.422698095888e-03
13.800000000 -1.048190585988e-02
13.810000000 -1.168983530289e-02
13.820000000 -1.211904940525e-02
13.830000000 -1.188382100643e-02
13.840000000 -1.110863214355e-02
13.850000000 -9.946613589331e-03
13.860000000 -8.596491430987e-03
13.870000000 -7.276037089755e-03
13.880000000 -6.169143394502e-03
13.890000000 -5.366411596306e-03
13.900000000 -4.845285889956e-03
13.910000000 -4.488361641467e-03
13.920000000 -4.116391261552e-03
13.930000000 -3.537242095134e-03
13.940000000 -2.597047907650e-03
13.950000000 -1.226816943015e-03
13.960000000 5.338942561061e-04
13.970000000 2.561826573570e-03
13.980000000 4.700455900949e-03
13.990000000 6.825331052510e-03
14.000000000 8.874761301537e-03
14.010000000 1.082321435549e-02
14.020000000 1.262643909832e-02
14.030000000 1.416565279212e-02
14.040000000 1.523568149758e-02
14.050000000 1.559931111550e-02
14.060000000 1.506983922749e-02
14.070000000 1.359827884419e-02
14.080000000 1.131688090799e-02
14.090000000 8.539438445241e-03
14.100000000 5.725142303754e-03
14.110000000 3.412659472023e-03
14.120000000 2.121116288665e-03
14.130000000 2.236183398026e-03
14.140000000 3.901096380667e-03
14.150000000 6.966580925997e-03
14.160000000 1.102423968185e-02
14.170000000 1.550643667344e-02
14.180000000 1.981815065838e-02
14.190000000 2.344508807291e-02
14.200000000 2.602939521286e-02
14.210000000 2.741026624720e-02
14.220000000 2.762898109625e-02
14.230000000 2.689399659560e-02
14.240000000 2.550129242188e-02
14.250000000 2.375576561887e-02
14.260000000 2.191000025457e-02
14.270000000 2.014685356138e-02
14.280000000 1.858929270098e-02
14.290000000 1.731820304331e-02
14.300000000 1.638138013850e-02
14.310000000 1.577961484051e-02
14.320000000 1.544266128651e-02
14.330000000 1.522619718764e-02
14.340000000 1.494348145325e-02
14.350000000 1.442371583289e-02
14.360000000 1.356843177721e-02
14.370000000 1.238148096104e-02
14.380000000 1.096501296519e-02
14.390000000 9.491067092517e-03
14.400000000 8.157697124128e-03
14.410000000 7.132856420231e-03
14.420000000 6.515524034020e-03
14.430000000 6.334386321522e-03
14.440000000 6.578264588433e-03
14.450000000 7.239011873658e-03
14.460000000 8.342213626774e-03
14.470000000 9.934854726681e-03
14.480000000 1.203017065466e-02
14.490000000 1.455543975397e-02
14.500000000 1.731861764031e-02
14.510000000 2.003130610411e-02
14.520000000 2.237180439216e-02
14.530000000 2.404691292253e-02
14.540000000 2.484583668953e-02
14.550000000 2.466038779785e-02
14.560000000 2.349809149882e-02
14.570000000 2.149307104884e-02
14.580000000 1.890014608332e-02
14.590000000 1.606390754911e-02
14.600000000 1.335556679387e-02
14.610000000 1.108810196752e-02
14.620000000 9.441923312177e-03
14.630000000 8.417435136310e-03
14.640000000 7.854840680785e-03
14.650000000 7.507040961690e-03
14.660000000 7.142199052916e-03
14.670000000 6.616756058640e-03
14.680000000 5.898770172980e-03
14.690000000 5.038770896061e-03
14.700000000 4.126139874223e-03
14.710000000 3.253767267871e-03
14.720000000 2.499977291434e-03
14.730000000 1.909161411413e-03
14.740000000 1.466324232237e-03
14.750000000 1.091110266005e-03
14.760000000 6.532912168331e-04
14.770000000 3.481313681283e-05
14.780000000 -8.216389242649e-04
14.790000000 -1.896203826310e-03
14.800000000 -3.119103104976e-03
14.810000000 -4.396865510675e-03
14.820000000 -5.615476285296e-03
14.830000000 -6.637201303633e-03
14.840000000 -7.319716120216e-03
14.850000000 -7.566694237574e-03
14.860000000 -7.391924909500e-03
14.870000000 -6.956185291507e-03
14.880000000 -6.562900981092e-03
14.890000000 -6.586333563905e-03
14.900000000 -7.359451245179e-03
14.910000000 -9.042848719714e-03
14.920000000 -1.153572973733e-02
14.930000000 -1.446683859808e-02
14.940000000 -1.728649258331e-02
14.950000000 -1.941365724624e-02
14.960000000 -2.039685329831e-02
14.970000000 -2.002514346626e-02
14.980000000 -1.836007118318e-02
14.990000000 -1.568889623459e-02
15.000000000 -1.241291287596e-02
15.010000000 -8.940230828796e-03
15.020000000 -5.626798149288e-03
15.030000000 -2.775619708765e-03
15.040000000 -6.382465371782e-04
15.050000000 6.126465955703e-04
15.060000000 9.202795540677e-04
15.070000000 3.562923331808e-04
15.080000000 -9.195292670261e-04
15.090000000 -2.704530457818e-03
15.100000000 -4.757670698215e-03
15.110000000 -6.780101543392e-03
15.120000000 -8.428012205284e-03
15.130000000 -9.391266996003e-03
15.140000000 -9.504403342359e-03
15.150000000 -8.813354158097e-03
15.160000000 -7.554026388235e-03
15.170000000 -6.067033326613e-03
15.180000000 -4.701740491619e-03
15.190000000 -3.750516197160e-03
15.200000000 -3.421448855514e-03
15.210000000 -3.825743890349e-03
15.220000000 -4.966248515119e-03
15.230000000 -6.738686920306e-03
15.240000000 -8.940467255661e-03
15.250000000 -1.130233787961e-02
15.260000000 -1.352450999979e-02
15.270000000 -1.530446834701e-02
15.280000000 -1.637151388134e-02
15.290000000 -1.652759456501e-02
15.300000000 -1.570011447824e-02
15.310000000 -1.397133873195e-02
15.320000000 -1.155445175682e-02
15.330000000 -8.719726248771e-03
15.340000000 -5.718432859047e-03
15.350000000 -2.754858289654e-03
15.360000000 -6.477879942294e-06
15.370000000 2.332462697269e-03
15.380000000 4.046651531236e-03
15.390000000 4.938150670265e-03
15.400000000 4.904260527956e-03
15.410000000 3.998678432304e-03
15.420000000 2.453321515824e-03
15.430000000 6.492660199824e-04
15.440000000 -9.624262856591e-04
15.450000000 -1.955968059176e-03
15.460000000 -2.029604838985e-03
15.470000000 -1.080975333067e-03
15.480000000 7.680225715905e-04
15.490000000 3.210938168882e-03
15.500000000 5.844730960412e-03
15.510000000 8.280139344619e-03
15.520000000 1.023475818126e-02
15.530000000 1.158297130716e-02
15.540000000 1.233835239720e-02
15.550000000 1.259977913230e-02
15.560000000 1.248366520368e-02
15.570000000 1.208588648388e-02
15.580000000 1.147845964554e-02
15.590000000 1.072734246407e-02
15.600000000 9.900331355532e-03
15.610000000 9.064799530976e-03
15.620000000 8.271156039917e-03
15.630000000 7.542256217674e-03
15.640000000 6.872292729433e-03
15.650000000 6.243229227492e-03
15.660000000 5.642462071030e-03
15.670000000 5.070551655283e-03
15.680000000 4.528690424347e-03
15.690000000 3.992370965832e-03
15.700000000 3.404361339302e-03
15.710000000 2.695372758882e-03
15.720000000 1.809515325462e-03
15.730000000 7.270041972775e-04
15.740000000 -5.254977744299e-04
15.750000000 -1.868974992355e-03
15.760000000 -3.190048723476e-03
15.770000000 -4.374171800305e-03
15.780000000 -5.344664904430e-03
15.790000000 -6.088933342193e-03
15.800000000 -6.641223044998e-03
15.810000000 -7.045693902741e-03
15.820000000 -7.328323159246e-03
15.830000000 -7.488056420880e-03
15.840000000 -7.503000302768e-03
15.850000000 -7.353481134357e-03
15.860000000 -7.037765049451e-03
15.870000000 -6.595165725977e-03
15.880000000 -6.113519582708e-03
15.890000000 -5.704427102831e-03
15.900000000 -5.462444279501e-03
15.910000000 -5.428344425299e-03
15.920000000 -5.577308185237e-03
15.930000000 -5.837688845157e-03
15.940000000 -6.120946510505e-03
15.950000000 -6.346963472516e-03
15.960000000 -6.457444462908e-03
15.970000000 -6.423178951244e-03
15.980000000 -6.234425330657e-03
15.990000000 -5.892250511961e-03
16.000000000 -5.409790687880e-03
16.010000000 -4.823466624129e-03
16.020000000 -4.208441543486e-03
16.030000000 -3.672855279551e-03
16.040000000 -3.315761588026e-03
16.050000000 -3.181794679015e-03
16.060000000 -3.241239811365e-03
16.070000000 -3.418942202626e-03
16.080000000 -3.645606365797e-03
16.090000000 -3.889453331337e-03
16.100000000 -4.153489713916e-03
16.110000000 -4.442609402721e-03
16.120000000 -4.731090988404e-03
16.130000000 -4.941724387372e-03
16.140000000 -4.957236714133e-03
16.150000000 -4.664187624516e-03
16.160000000 -4.008984525397e-03
16.170000000 -3.017308095401e-03
16.180000000 -1.769861382176e-03
16.190000000 -3.556824713489e-04
16.200000000 1.158500861251e-03
16.210000000 2.720272376975e-03
16.220000000 4.260395939759e-03
16.230000000 5.680382709440e-03
16.240000000 6.852837036378e-03
16.250000000 7.657435273170e-03
16.260000000 8.019535578165e-03
16.270000000 7.934499265579e-03
16.280000000 7.475015474280e-03
16.290000000 6.779541197906e-03
16.300000000 6.018902797168e-03
16.310000000 5.351216966051e-03
16.320000000 4.888205618883e-03
16.330000000 4.683537331119e-03
16.340000000 4.735110233570e-03
16.350000000 4.985640343262e-03
16.360000000 5.310339483437e-03
16.370000000 5.547995240811e-03
16.380000000 5.559357984850e-03
16.390000000 5.288789322267e-03
16.400000000 4.790118268860e-03
16.410000000 4.206129637611e-03
16.420000000 3.733491272875e-03
16.430000000 3.574778804177e-03
16.440000000 3.889481937187e-03
16.450000000 4.749349338983e-03
16.460000000 6.105729451800e-03
16.470000000 7.783768773256e-03
16.480000000 9.504402267629e-03
16.490000000 1.093962450149e-02
16.500000000 1.179120555870e-02
16.510000000 1.186299158075e-02
16.520000000 1.109307310277e-02
16.530000000 9.536206973310e-03
16.540000000 7.321955092197e-03
16.550000000 4.626644501821e-03
16.560000000 1.654178654992e-03
16.570000000 -1.374841173011e-03
16.580000000 -4.242843559717e-03
16.590000000 -6.750106668390e-03
16.600000000 -8.724659136563e-03
16.610000000 -1.003152038174e-02
16.620000000 -1.058208771026e-02
16.630000000 -1.035225287257e-02
16.640000000 -9.409226379861e-03
16.650000000 -7.921694035324e-03
16.660000000 -6.147206233868e-03
16.670000000 -4.383779445359e-03
16.680000000 -2.905650064012e-03
16.690000000 -1.910383541685e-03
16.700000000 -1.478751267306e-03
16.710000000 -1.572784638470e-03
16.720000000 -2.070172467798e-03
16.730000000 -2.823538262607e-03
16.740000000 -3.719988719835e-03
16.750000000 -4.710112371233e-03
16.760000000 -5.791876555768e-03
16.770000000 -6.962861799711e-03
16.780000000 -8.174210397190e-03
16.790000000 -9.305446798980e-03
16.800000000 -1.019246680228e-02
16.810000000 -1.069398695294e-02
16.820000000 -1.076519590521e-02
16.830000000 -1.049859461329e-02
16.840000000 -1.011526414090e-02
16.850000000 -9.918746969937e-03
16.860000000 -1.021892412446e-02
16.870000000 -1.124320252054e-02
16.880000000 -1.305968315903e-02
16.890000000 -1.554139448410e-02
16.900000000 -1.840437926170e-02
16.910000000 -2.128738565423e-02
16.920000000 -2.383082235764e-02
16.930000000 -2.572876318408e-02
16.940000000 -2.674926490183e-02
16.950000000 -2.675842886081e-02
16.960000000 -2.575355353630e-02
16.970000000 -2.388488786362e-02
16.980000000 -2.143430842879e-02
16.990000000 -1.876088121038e-02
17.000000000 -1.623087071518e-02
17.010000000 -1.415410443529e-02
17.020000000 -1.274909056761e-02
17.030000000 -1.212222689031e-02
17.040000000 -1.226332601194e-02
17.050000000 -1.305461982765e-02
17.060000000 -1.428522830213e-02
17.070000000 -1.569068211911e-02
17.080000000 -1.699755434235e-02
17.090000000 -1.797088695401e-02
17.100000000 -1.843541478243e-02
17.110000000 -1.828835404906e-02
17.120000000 -1.750292307370e-02
17.130000000 -1.613226021728e-02
17.140000000 -1.429301986737e-02
17.150000000 -1.214153450503e-02
17.160000000 -9.840724267882e-03
17.170000000 -7.539104268230e-03
17.180000000 -5.367303904331e-03
17.190000000 -3.439961799885e-03
17.200000000 -1.858290883900e-03
17.210000000 -7.108366805212e-04
17.220000000 -6.198896470608e-05
17.230000000 5.455754072874e-05
17.240000000 -3.395576754467e-04
17.250000000 -1.138193020878e-03
17.260000000 -2.140907796466e-03
17.270000000 -3.080264061646e-03
17.280000000 -3.703728436694e-03
17.290000000 -3.858647409735e-03
17.300000000 -3.525985527880e-03
17.310000000 -2.793699758986e-03
17.320000000 -1.802600516604e-03
17.330000000 -6.970564969605e-04
17.340000000 3.980852767333e-04
17.350000000 1.383948286340e-03
17.360000000 2.179631904892e-03
17.370000000 2.709143272629e-03
17.380000000 2.896344340576e-03
17.390000000 2.683761977547e-03
17.400000000 2.056977471338e-03
17.410000000 1.065291799422e-03
17.420000000 -1.803346224301e-04
17.430000000 -1.520604615356e-03
17.440000000 -2.764814667020e-03
17.450000000 -3.713603432793e-03
17.460000000 -4.173532884323e-03
17.470000000 -3.981924641621e-03
17.480000000 -3.037372139375e-03
17.490000000 -1.344878651773e-03
17.500000000 9.585316205692e-04
17.510000000 3.633489223813e-03
17.520000000 6.407104346782e-03
17.530000000 9.053102135016e-03
17.540000000 1.143269437492e-02
17.550000000 1.347607764620e-02
17.560000000 1.513375581097e-02
17.570000000 1.634134555687e-02
17.580000000 1.703458661934e-02
17.590000000 1.720707581863e-02
17.600000000 1.695146913865e-02
17.610000000 1.643721009312e-02
17.620000000 1.584322757766e-02
17.630000000 1.527403892371e-02
17.640000000 1.472437064144e-02
17.650000000 1.412000647150e-02
17.660000000 1.338757093755e-02
17.670000000 1.250634132515e-02
17.680000000 1.150883377231e-02
17.690000000 1.042916551465e-02
17.700000000 9.269598366703e-03
17.710000000 8.001866969861e-03
17.720000000 6.600777524006e-03
17.730000000 5.074690051887e-03
17.740000000 3.468806643747e-03
17.750000000 1.854443425360e-03
17.760000000 3.166557538133e-04
17.770000000 -1.047023943893e-03
17.780000000 -2.138829560731e-03
17.790000000 -2.873334292572e-03
17.800000000 -3.197431772463e-03
17.810000000 -3.109781880860e-03
17.820000000 -2.657023751964e-03
17.830000000 -1.916977691859e-03
17.840000000 -9.703556255502e-04
17.850000000 1.173891376313e-04
17.860000000 1.291218454918e-03
17.870000000 2.498426235600e-03
17.880000000 3.663139136004e-03
17.890000000 4.669031268586e-03
17.900000000 5.355828697979e-03
17.910000000 5.532242489739e-03
17.920000000 5.013901292484e-03
17.930000000 3.668487554207e-03
17.940000000 1.462790399125e-03
17.950000000 -1.509451405255e-03
17.960000000 -5.017833761431e-03
17.970000000 -8.731520413301e-03
17.980000000 -1.228121683088e-02
17.990000000 -1.534802064995e-02
18.000000000 -1.771487677465e-02
18.010000000 -1.927714600888e-02
18.020000000 -2.001935712078e-02
18.030000000 -1.998954753800e-02
18.040000000 -1.929153148079e-02
18.050000000 -1.807953909813e-02
18.060000000 -1.653009013783e-02
18.070000000 -1.479058498241e-02
18.080000000 -1.295060153004e-02
18.090000000 -1.103385008277e-02
18.100000000 -9.022934521569e-03
18.110000000 -6.905225462779e-03
18.120000000 -4.713356522453e-03
18.130000000 -2.547005154060e-03
18.140000000 -5.567107021500e-04
18.150000000 1.116339285654e-03
18.160000000 2.396060400003e-03
18.170000000 3.279245491515e-03
18.180000000 3.800092622524e-03
18.190000000 3.967946787278e-03
18.200000000 3.739541906896e-03
18.210000000 3.032068940290e-03
18.220000000 1.765729120318e-03
18.230000000 -8.833081405720e-05
18.240000000 -2.478412688330e-03
18.250000000 -5.272678134963e-03
18.260000000 -8.284416259494e-03
18.270000000 -1.129525797259e-02
18.280000000 -1.408362111175e-02
18.290000000 -1.644280899483e-02
18.300000000 -1.819620023630e-02
18.310000000 -1.920938979269e-02
18.320000000 -1.939474436209e-02
18.330000000 -1.871215498565e-02
18.340000000 -1.718509990230e-02
18.350000000 -1.491328528253e-02
18.360000000 -1.207497494326e-02
18.370000000 -8.911144655275e-03
18.380000000 -5.687787779814e-03
18.390000000 -2.647869228929e-03
18.400000000 3.278284609985e-05
18.410000000 2.280417608326e-03
18.420000000 4.123162988862e-03
18.430000000 5.662699312975e-03
18.440000000 7.019677129182e-03
18.450000000 8.285106463423e-03
18.460000000 9.494485903479e-03
18.470000000 1.062674228910e-02
18.480000000 1.161820999195e-02
18.490000000 1.238341829648e-02
18.500000000 1.283000417642e-02
18.510000000 1.288902636113e-02
18.520000000 1.253768254309e-02
18.530000000 1.181403883990e-02
18.540000000 1.081200525006e-02
18.550000000 9.644972064987e-03
18.560000000 8.411195211488e-03
18.570000000 7.166685534200e-03
18.580000000 5.927290723480e-03
18.590000000 4.688976031286e-03
18.600000000 3.460926314823e-03
18.610000000 2.285860560606e-03
18.620000000 1.243985871100e-03
18.630000000 4.406042586112e-04
18.640000000 -9.976033249490e-06
18.650000000 -6.807428404201e-07
18.660000000 5.374818425674e-04
18.670000000 1.596464749975e-03
18.680000000 3.061692081282e-03
18.690000000 4.721566311637e-03
18.700000000 6.330026081676e-03
18.710000000 7.691750799707e-03
18.720000000 8.714118448718e-03
18.730000000 9.410220113398e-03
18.740000000 9.844308230249e-03
18.750000000 1.006229111547e-02
18.760000000 1.004530465686e-02
18.770000000 9.717694805681e-03
18.780000000 8.982793361068e-03
18.790000000 7.765407017106e-03
18.800000000 6.045556930118e-03
18.810000000 3.890033129373e-03
18.820000000 1.478850801824e-03
18.830000000 -8.837169433992e-04
18.840000000 -2.819214752327e-03
18.850000000 -3.961259780998e-03
18.860000000 -4.053650611935e-03
18.870000000 -3.012806933855e-03
18.880000000 -9.406164022903e-04
18.890000000 1.891744150939e-03
18.900000000 5.097371897219e-03
18.910000000 8.252157074960e-03
18.920000000 1.098819128179e-02
18.930000000 1.306795982680e-02
18.940000000 1.442021627873e-02
18.950000000 1.512095133734e-02
18.960000000 1.534223081471e-02
18.970000000 1.528761222069e-02
18.980000000 1.513115171521e-02
18.990000000 1.498748131598e-02
19.000000000 1.491275471533e-02
19.010000000 1.492300452089e-02
19.020000000 1.501584667411e-02
19.030000000 1.517227164025e-02
19.040000000 1.534740157604e-02
19.050000000 1.545143055891e-02
19.060000000 1.532974682775e-02
19.070000000 1.477450058768e-02
19.080000000 1.358490702084e-02
19.090000000 1.166032024717e-02
19.100000000 9.075495234987e-03
19.110000000 6.091060276470e-03
19.120000000 3.081581748329e-03
19.130000000 4.147742365414e-04
19.140000000 -1.656059416101e-03
19.150000000 -3.064338825668e-03
19.160000000 -3.928590624189e-03
19.170000000 -4.499844517466e-03
19.180000000 -5.058159515227e-03
19.190000000 -5.802797150755e-03
19.200000000 -6.787137797141e-03
19.210000000 -7.917750036124e-03
19.220000000 -9.013531311187e-03
19.230000000 -9.888763671125e-03
19.240000000 -1.042852888785e-02
19.250000000 -1.063063584411e-02
19.260000000 -1.061531284886e-02
19.270000000 -1.058807469477e-02
19.280000000 -1.078121525176e-02
19.290000000 -1.139062119200e-02
19.300000000 -1.252625703510e-02
19.310000000 -1.418319923634e-02
19.320000000 -1.623173331847e-02
19.330000000 -1.841785590206e-02
19.340000000 -2.039413273081e-02
19.350000000 -2.178736361189e-02
19.360000000 -2.229751589016e-02
19.370000000 -2.179631281047e-02
19.380000000 -2.037454503766e-02
19.390000000 -1.831769077715e-02
19.400000000 -1.600048047374e-02
19.410000000 -1.376517644113e-02
19.420000000 -1.184784878315e-02
19.430000000 -1.036651716171e-02
19.440000000 -9.357096933743e-03
19.450000000 -8.800242074059e-03
19.460000000 -8.604546765070e-03
19.470000000 -8.583600964406e-03
19.480000000 -8.454985413676e-03
19.490000000 -7.897742833365e-03
19.500000000 -6.646286781986e-03
19.510000000 -4.586670069241e-03
19.520000000 -1.806254945955e-03
19.530000000 1.429005632377e-03
19.540000000 4.740913421173e-03
19.550000000 7.714729991462e-03
19.560000000 9.963592219919e-03
19.570000000 1.119435719713e-02
19.580000000 1.126280349685e-02
19.590000000 1.021282900743e-02
19.600000000 8.254953369820e-03
19.610000000 5.693889334389e-03
19.620000000 2.846252892039e-03
19.630000000 -1.425909743587e-05
19.640000000 -2.672859035770e-03
19.650000000 -4.969440318223e-03
19.660000000 -6.796370167297e-03
19.670000000 -8.095851109033e-03
19.680000000 -8.852446145813e-03
19.690000000 -9.074772777098e-03
19.700000000 -8.785446086000e-03
19.710000000 -8.026617690338e-03
19.720000000 -6.882017245950e-03
19.730000000 -5.495191475095e-03
19.740000000 -4.052992698991e-03
19.750000000 -2.731191514103e-03
19.760000000 -1.628738574044e-03
19.770000000 -7.312815282199e-04
19.780000000 7.216481522976e-05
19.790000000 9.364206448164e-04
19.800000000 1.994288851942e-03
19.810000000 3.325006358162e-03
19.820000000 4.955926731115e-03
19.830000000 6.866201833851e-03
19.840000000 9.001814232069e-03
19.850000000 1.128678062876e-02
19.860000000 1.364926623308e-02
19.870000000 1.602681361580e-02
19.880000000 1.834323029676e-02
19.890000000 2.045561996104e-02
19.900000000 2.212692304569e-02
19.910000000 2.305855922937e-02
19.920000000 2.298605895941e-02
19.930000000 2.179071117644e-02
19.940000000 1.955499551213e-02
19.950000000 1.654313721391e-02
19.960000000 1.312931926255e-02
19.970000000 9.708536874424e-03
19.980000000 6.635559181928e-03
19.990000000 4.177677407794e-03
20.000000000 2.469721956073e-03
20.010000000 1.493394478324e-03
20.020000000 1.083027095275e-03
20.030000000 9.837703611146e-04
20.040000000 9.426186001163e-04
20.050000000 7.916204118433e-04
20.060000000 4.993890259478e-04
20.070000000 1.600953459623e-04
20.080000000 -5.539853116844e-05
20.090000000 3.205836631987e-05
20.100000000 5.555648940064e-04
20.110000000 1.578016473025e-03
20.120000000 3.089774015749e-03
20.130000000 5.007566337163e-03
20.140000000 7.183257387256e-03
20.150000000 9.418441368452e-03
20.160000000 1.149892182968e-02
20.170000000 1.324056903778e-02
20.180000000 1.452445508376e-02
20.190000000 1.529666747456e-02
20.200000000 1.554732117470e-02
20.210000000 1.528720851517e-02
20.220000000 1.453091731645e-02
20.230000000 1.329074837931e-02
20.240000000 1.157751058332e-02
20.250000000 9.391236599199e-03
20.260000000 6.716987153278e-03
20.270000000 3.527305647380e-03
20.280000000 -2.067687363707e-04
20.290000000 -4.473740797947e-03
20.300000000 -9.161324088619e-03
20.310000000 -1.400724079317e-02
20.320000000 -1.860139726247e-02
20.330000000 -2.244873643196e-02
20.340000000 -2.509458495455e-02
20.350000000 -2.624495699746e-02
20.360000000 -2.585211465766e-02
20.370000000 -2.413042638058e-02
20.380000000 -2.148483090501e-02
20.390000000 -1.839875242065e-02
20.400000000 -1.529966220086e-02
20.410000000 -1.245688961514e-02
20.420000000 -9.947542134450e-03
20.430000000 -7.683648953745e-03
20.440000000 -5.494535554772e-03
20.450000000 -3.221591814804e-03
20.460000000 -7.777750064011e-04
20.470000000 1.839494681939e-03
20.480000000 4.571247268478e-03
20.490000000 7.319192765409e-03
20.500000000 9.954774966559e-03
20.510000000 1.231658581420e-02
20.520000000 1.421093015891e-02
20.530000000 1.541789073556e-02
20.540000000 1.571755571060e-02
20.550000000 1.493485385017e-02
20.560000000 1.298751525550e-02
20.570000000 9.922544358487e-03
20.580000000 5.928186249634e-03
20.590000000 1.305267690292e-03
20.600000000 -3.575709401835e-03
20.610000000 -8.306658475414e-03
20.620000000 -1.245472102015e-02
20.630000000 -1.558318203845e-02
20.640000000 -1.731533978419e-02
20.650000000 -1.743715122909e-02
20.660000000 -1.597825001334e-02
20.670000000 -1.320728344595e-02
20.680000000 -9.538810256006e-03
20.690000000 -5.408190603335e-03
20.700000000 -1.170688893401e-03
20.710000000 2.938025023772e-03
20.720000000 6.791270477007e-03
20.730000000 1.032646094344e-02
20.740000000 1.350447483681e-02
20.750000000 1.628729220499e-02
20.760000000 1.862674500821e-02
20.770000000 2.046587879807e-02
20.780000000 2.172064649522e-02
20.790000000 2.227599148827e-02
20.800000000 2.198980670102e-02
20.810000000 2.071818986027e-02
20.820000000 1.834980555067e-02
20.830000000 1.483398780822e-02
20.840000000 1.022889170418e-02
20.850000000 4.753508285377e-03
20.860000000 -1.175988244868e-03
20.870000000 -6.960846168906e-03
20.880000000 -1.192714056098e-02
20.890000000 -1.547454037898e-02
20.900000000 -1.722306543859e-02
20.910000000 -1.710953889586e-02
20.920000000 -1.539411644843e-02
20.930000000 -1.258599514999e-02
20.940000000 -9.301815025264e-03
20.950000000 -6.111921976207e-03
20.960000000 -3.431170827347e-03
20.970000000 -1.471646763636e-03
20.980000000 -2.502288883747e-04
20.990000000 3.894206255437e-04
21.000000000 7.301329530066e-04
21.010000000 1.100516402249e-03
21.020000000 1.764960401320e-03
21.030000000 2.815066592457e-03
21.040000000 4.107091788253e-03
21.050000000 5.282321691017e-03
21.060000000 5.855967701006e-03
21.070000000 5.362643376121e-03
21.080000000 3.492197027777e-03
21.090000000 1.907849748927e-04
21.100000000 -4.311385069575e-03
21.110000000 -9.534634594131e-03
21.120000000 -1.485616158691e-02
21.130000000 -1.966962065467e-02
21.140000000 -2.353062240766e-02
21.150000000 -2.624626189845e-02
21.160000000 -2.786588389890e-02
21.170000000 -2.858655289282e-02
21.180000000 -2.864310970462e-02
21.190000000 -2.822357969682e-02
21.200000000 -2.742846451313e-02
21.210000000 -2.627314504034e-02
21.220000000 -2.471334755151e-02
21.230000000 -2.268146712935e-02
21.240000000 -2.012986153386e-02
21.250000000 -1.706937454182e-02
21.260000000 -1.360841409598e-02
21.270000000 -9.959050742279e-03
21.280000000 -6.408745971903e-03
21.290000000 -3.249455367169e-03
21.300000000 -7.083202732582e-04
21.310000000 1.092130617176e-03
21.320000000 2.105904668002e-03
21.330000000 2.321126939666e-03
21.340000000 1.752647278485e-03
21.350000000 4.821884942005e-04
21.360000000 -1.286835061260e-03
21.370000000 -3.235066892192e-03
21.380000000 -4.991123932717e-03
21.390000000 -6.225283098408e-03
21.400000000 -6.712816834721e-03
21.410000000 -6.380943902696e-03
21.420000000 -5.324308705920e-03
21.430000000 -3.788976278614e-03
21.440000000 -2.095964753083e-03
21.450000000 -5.452756969620e-04
21.460000000 6.650652845495e-04
21.470000000 1.469752206821e-03
21.480000000 1.917342990537e-03
21.490000000 2.138657843489e-03
21.500000000 2.313398125735e-03
21.510000000 2.626075062546e-03
21.520000000 3.213248846442e-03
21.530000000 4.124829718897e-03
21.540000000 5.319805215017e-03
21.550000000 6.697191643126e-03
21.560000000 8.140869524229e-03
21.570000000 9.558031463423e-03
21.580000000 1.089453627364e-02
21.590000000 1.213219819102e-02
21.600000000 1.325848075345e-02
21.610000000 1.422859899397e-02
21.620000000 1.494063572631e-02
21.630000000 1.525400471046e-02
21.640000000 1.502901731276e-02
21.650000000 1.418184866821e-02
21.660000000 1.271398107501e-02
21.670000000 1.073264747528e-02
21.680000000 8.440965524633e-03
21.690000000 6.103051882600e-03
21.700000000 3.985255280636e-03
21.710000000 2.294846222140e-03
21.720000000 1.137631573797e-03
21.730000000 4.995642659760e-04
21.740000000 2.711609816023e-04
21.750000000 3.116847133497e-04
21.760000000 5.188908414130e-04
21.770000000 8.707779732817e-04
21.780000000 1.402305057966e-03
21.790000000 2.157709547434e-03
21.800000000 3.153842847991e-03
21.810000000 4.383273997793e-03
21.820000000 5.818188606117e-03
21.830000000 7.412092720075e-03
21.840000000 9.083681390018e-03
21.850000000 1.070451415035e-02
21.860000000 1.210559831426e-02
21.870000000 1.309742655424e-02
21.880000000 1.349815420803e-02
21.890000000 1.316742051775e-02
21.900000000 1.203742799635e-02
21.910000000 1.012830961408e-02
21.920000000 7.549699344155e-03
21.930000000 4.484486846688e-03
21.940000000 1.153880932904e-03
21.950000000 -2.228806467685e-03
21.960000000 -5.498299153143e-03
21.970000000 -8.553581395717e-03
21.980000000 -1.134305045401e-02
21.990000000 -1.382156973225e-02
22.000000000 -1.591310061401e-02
22.010000000 -1.752397064776e-02
22.020000000 -1.858666229253e-02
22.030000000 -1.912033410306e-02
22.040000000 -1.923713874522e-02
22.050000000 -1.909906600056e-02
22.060000000 -1.885088916036e-02
22.070000000 -1.858067387763e-02
22.080000000 -1.832241228119e-02
22.090000000 -1.808435438257e-02
22.100000000 -1.787317443648e-02
22.110000000 -1.769193052867e-02
22.120000000 -1.751340676807e-02
22.130000000 -1.725409215235e-02
22.140000000 -1.678687347538e-02
22.150000000 -1.598495204481e-02
22.160000000 -1.478764995734e-02
22.170000000 -1.324714018486e-02
22.180000000 -1.153665521873e-02
22.190000000 -9.895574080369e-03
22.200000000 -8.529663556226e-03
22.210000000 -7.530410696274e-03
22.220000000 -6.841705050239e-03
22.230000000 -6.304663731856e-03
22.240000000 -5.744496436572e-03
22.250000000 -5.043384058348e-03
22.260000000 -4.177757608199e-03
22.270000000 -3.200523748489e-03
22.280000000 -2.191042144707e-03
22.290000000 -1.209760877386e-03
22.300000000 -2.681029626371e-04
22.310000000 6.594672535920e-04
22.320000000 1.605477099142e-03
22.330000000 2.581849146683e-03
22.340000000 3.572757294727e-03
22.350000000 4.533097508187e-03
22.360000000 5.402835980891e-03
22.370000000 6.120650127953e-03
22.380000000 6.650254391113e-03
22.390000000 7.009051453796e-03
22.400000000 7.286599922802e-03
22.410000000 7.627152910514e-03
22.420000000 8.192142908049e-03
22.430000000 9.101708613213e-03
22.440000000 1.039810504794e-02
22.450000000 1.202823670264e-02
22.460000000 1.385592929155e-02
22.470000000 1.568613707098e-02
22.480000000 1.729381497206e-02
22.490000000 1.846752017856e-02
22.500000000 1.905529255162e-02
22.510000000 1.901456190063e-02
22.520000000 1.844329671655e-02
22.530000000 1.757749731467e-02
22.540000000 1.673292897806e-02
22.550000000 1.620836129167e-02
22.560000000 1.619378393666e-02
22.570000000 1.671788323506e-02
22.580000000 1.765668194634e-02
22.590000000 1.877865070141e-02
22.600000000 1.978766319826e-02
22.610000000 2.037195399643e-02
22.620000000 2.024901944874e-02
22.630000000 1.922077449411e-02
22.640000000 1.722237220999e-02
22.650000000 1.433166875489e-02
22.660000000 1.076646523781e-02
22.670000000 6.861097399071e-03
22.680000000 3.032752645260e-03
22.690000000 -2.748367346870e-04
22.700000000 -2.678985793543e-03
22.710000000 -3.953685348420e-03
22.720000000 -4.077969026239e-03
22.730000000 -3.232918247860e-03
22.740000000 -1.739508576627e-03
22.750000000 1.844114354032e-05
22.760000000 1.661409017027e-03
22.770000000 2.852021604534e-03
22.780000000 3.329684391924e-03
22.790000000 2.943063507491e-03
22.800000000 1.680910071367e-03
22.810000000 -3.052818870908e-04
22.820000000 -2.719900835477e-03
22.830000000 -5.170475547543e-03
22.840000000 -7.245391522663e-03
22.850000000 -8.604273136617e-03
22.860000000 -9.058297369766e-03
22.870000000 -8.614952903600e-03
22.880000000 -7.456076133330e-03
22.890000000 -5.861995058077e-03
22.900000000 -4.113158396560e-03
22.910000000 -2.404360474819e-03
22.920000000 -8.082830936908e-04
22.930000000 7.152310093041e-04
22.940000000 2.262569422659e-03
22.950000000 3.907630536325e-03
22.960000000 5.640394271341e-03
22.970000000 7.357419159696e-03
22.980000000 8.881861704560e-03
22.990000000 1.002019416636e-02
23.000000000 1.060834182236e-02
23.010000000 1.055964192276e-02
23.020000000 9.889608171299e-03
23.030000000 8.726973559566e-03
23.040000000 7.289573036050e-03
23.050000000 5.843493715444e-03
23.060000000 4.655515691891e-03
23.070000000 3.946842283889e-03
23.080000000 3.854852493102e-03
23.090000000 4.401568205667e-03
23.100000000 5.486737107666e-03
23.110000000 6.905806247016e-03
23.120000000 8.400029249031e-03
23.130000000 9.722679414778e-03
23.140000000 1.069097148294e-02
23.150000000 1.120558315537e-02
23.160000000 1.123763156532e-02
23.170000000 1.079653095742e-02
23.180000000 9.914493189354e-03
23.190000000 8.633519031935e-03
23.200000000 7.015381128108e-03
23.210000000 5.163119344918e-03
23.220000000 3.249962525597e-03
23.230000000 1.517236771938e-03
23.240000000 2.411057360372e-04
23.250000000 -3.405917690480e-04
23.260000000 -9.336349087903e-05
23.270000000 9.755649912441e-04
23.280000000 2.714120495252e-03
23.290000000 4.870289149511e-03
23.300000000 7.160256754283e-03
23.310000000 9.350747169456e-03
23.320000000 1.130577767922e-02
23.330000000 1.297601909264e-02
23.340000000 1.434654273579e-02
23.350000000 1.537878316534e-02
23.360000000 1.599898530842e-02
23.370000000 1.612543451796e-02
23.380000000 1.571599765680e-02
23.390000000 1.480346793824e-02
23.400000000 1.350263704305e-02
23.410000000 1.199297649021e-02
23.420000000 1.047577828724e-02
23.430000000 9.118345075894e-03
23.440000000 8.010464483122e-03
23.450000000 7.148220065836e-03
23.460000000 6.442760499031e-03
23.470000000 5.735045295649e-03
23.480000000 4.806589065809e-03
23.490000000 3.418036566648e-03
23.500000000 1.374255589418e-03
23.510000000 -1.391894068287e-03
23.520000000 -4.782827758770e-03
23.530000000 -8.535781441859e-03
23.540000000 -1.226488066472e-02
23.550000000 -1.551015160493e-02
23.560000000 -1.779114469313e-02
23.570000000 -1.869399540714e-02
23.580000000 -1.796159211109e-02
23.590000000 -1.557068128051e-02
23.600000000 -1.174742281062e-02
23.610000000 -6.903089277044e-03
23.620000000 -1.529062539442e-03
23.630000000 3.895982735030e-03
23.640000000 8.950170544735e-03
23.650000000 1.327379597485e-02
23.660000000 1.658069128282e-02
23.670000000 1.869531597233e-02
23.680000000 1.960211107007e-02
23.690000000 1.946007491655e-02
23.700000000 1.856935923502e-02
23.710000000 1.730485434108e-02
23.720000000 1.601671457185e-02
23.730000000 1.493419939309e-02
23.740000000 1.411853172845e-02
23.750000000 1.348362065383e-02
23.760000000 1.288777851589e-02
23.770000000 1.223237055882e-02
23.780000000 1.152018925798e-02
23.790000000 1.085809477504e-02
23.800000000 1.039884975858e-02
23.810000000 1.026826882352e-02
23.820000000 1.051638762414e-02
23.830000000 1.112402163099e-02
23.840000000 1.205555036799e-02
23.850000000 1.330904551907e-02
23.860000000 1.490191155301e-02
23.870000000 1.681278145067e-02
23.880000000 1.892788656029e-02
23.890000000 2.105531933688e-02
23.900000000 2.299014124792e-02
23.910000000 2.459625452495e-02
23.920000000 2.585641665256e-02
23.930000000 2.685743379504e-02
23.940000000 2.773285662473e-02
23.950000000 2.858107514245e-02
23.960000000 2.942650574988e-02
23.970000000 3.022194019454e-02
23.980000000 3.087506376610e-02
23.990000000 3.127296312482e-02
24.000000000 3.128522085687e-02
24.010000000 3.075543748594e-02
24.020000000 2.950439559345e-02
24.030000000 2.736556166696e-02
24.040000000 2.424316978888e-02
24.050000000 2.017737510268e-02
24.060000000 1.538037384115e-02
24.070000000 1.021183263436e-02
24.080000000 5.115662314036e-03
24.090000000 5.471003796737e-04
24.100000000 -3.087961696211e-03
24.110000000 -5.488224130978e-03
24.120000000 -6.508832361807e-03
24.130000000 -6.198511019060e-03
24.140000000 -4.793939459196e-03
24.150000000 -2.670377802008e-03
24.160000000 -2.542780381006e-04
24.170000000 2.059914972864e-03
24.180000000 3.965613727477e-03
24.190000000 5.268793695937e-03
24.200000000 5.882280023198e-03
24.210000000 5.814735729900e-03
24.220000000 5.153512822802e-03
24.230000000 4.021320426489e-03
24.240000000 2.529682960130e-03
24.250000000 7.375096158898e-04
24.260000000 -1.339281852014e-03
24.270000000 -3.679426349461e-03
24.280000000 -6.208418058255e-03
24.290000000 -8.792452628279e-03
24.300000000 -1.128309457474e-02
24.310000000 -1.358876027861e-02
24.320000000 -1.572257239570e-02
24.330000000 -1.781401731582e-02
24.340000000 -2.005203556422e-02
24.350000000 -2.259804001354e-02
24.360000000 -2.550872324525e-02
24.370000000 -2.871857709506e-02
24.380000000 -3.206771774661e-02
24.390000000 -3.534462670802e-02
24.400000000 -3.832233329486e-02
24.410000000 -4.078133651859e-02
24.420000000 -4.253509756493e-02
24.430000000 -4.345449997323e-02
24.440000000 -4.348950953697e-02
24.450000000 -4.268652741027e-02
24.460000000 -4.118832689946e-02
24.470000000 -3.921526834899e-02
24.480000000 -3.701820232964e-02
24.490000000 -3.483215891261e-02
24.500000000 -3.284846991941e-02
24.510000000 -3.120145166242e-02
24.520000000 -2.996900891182e-02
24.530000000 -2.916569915805e-02
24.540000000 -2.875394937645e-02
24.550000000 -2.865348084758e-02
24.560000000 -2.876782768199e-02
24.570000000 -2.899367271164e-02
24.580000000 -2.922886652079e-02
24.590000000 -2.937454914518e-02
24.600000000 -2.934146440619e-02
24.610000000 -2.905888044617e-02
24.620000000 -2.847339017724e-02
24.630000000 -2.754659053499e-02
24.640000000 -2.624869251431e-02
24.650000000 -2.454689060754e-02
24.660000000 -2.240871463165e-02
24.670000000 -1.981711449375e-02
24.680000000 -1.679203047945e-02
24.690000000 -1.340858417557e-02
24.700000000 -9.783932315131e-03
24.710000000 -6.035425169932e-03
24.720000000 -2.253561939960e-03
24.730000000 1.500729153510e-03
24.740000000 5.169241231597e-03
24.750000000 8.667536152224e-03
24.760000000 1.188903949155e-02
24.770000000 1.471702645855e-02
24.780000000 1.703087014374e-02
24.790000000 1.871669108378e-02
24.800000000 1.970342725487e-02
24.810000000 2.000180575617e-02
24.820000000 1.972470124038e-02
24.830000000 1.904828778617e-02
24.840000000 1.813084285449e-02
24.850000000 1.705794675369e-02
24.860000000 1.584248725875e-02
24.870000000 1.447467764780e-02
24.880000000 1.299523167623e-02
24.890000000 1.153612007315e-02
24.900000000 1.032406199977e-02
24.910000000 9.625159969459e-03
24.920000000 9.666731549171e-03
24.930000000 1.056750772520e-02
24.940000000 1.231663777599e-02
24.950000000 1.477419996125e-02
24.960000000 1.770631113454e-02
24.970000000 2.082547459825e-02
24.980000000 2.384308863489e-02
24.990000000 2.652367427100e-02
25.000000000 2.871529844422e-02
25.010000000 3.034289337538e-02
25.020000000 3.137686504569e-02
25.030000000 3.180004841428e-02
25.040000000 3.159253011687e-02
25.050000000 3.073965755417e-02
25.060000000 2.925568731315e-02
25.070000000 2.720720694948e-02
25.080000000 2.470929289272e-02
25.090000000 2.189188868578e-02
25.100000000 1.887277585396e-02
25.110000000 1.574980298425e-02
25.120000000 1.263306608133e-02
25.130000000 9.659583458805e-03
25.140000000 6.985301204098e-03
25.150000000 4.750471234475e-03
25.160000000 3.049322453355e-03
25.170000000 1.910979484965e-03
25.180000000 1.294901844227e-03
25.190000000 1.101586493374e-03
25.200000000 1.180098741054e-03
25.210000000 1.341389910854e-03
25.220000000 1.376650798611e-03
25.230000000 1.086272723561e-03
25.240000000 3.226318013950e-04
25.250000000 -9.765033705513e-04
25.260000000 -2.793557557812e-03
25.270000000 -5.061504420443e-03
25.280000000 -7.693151154003e-03
25.290000000 -1.060933642222e-02
25.300000000 -1.374566663810e-02
25.310000000 -1.705533299035e-02
25.320000000 -2.050049245378e-02
25.330000000 -2.403168542758e-02
25.340000000 -2.756593287975e-02
25.350000000 -3.097696165246e-02
25.360000000 -3.410140139506e-02
25.370000000 -3.676527242422e-02
25.380000000 -3.882909159337e-02
25.390000000 -4.024283408747e-02
25.400000000 -4.107302385811e-02
25.410000000 -4.148039019587e-02
25.420000000 -4.166070226697e-02
25.430000000 -4.178388050520e-02
25.440000000 -4.196327401645e-02
25.450000000 -4.226239533892e-02
25.460000000 -4.271870164122e-02
25.470000000 -4.337363835666e-02
25.480000000 -4.426911698381e-02
25.490000000 -4.541463758537e-02
25.500000000 -4.672848019851e-02
25.510000000 -4.799765001940e-02
25.520000000 -4.888494443505e-02
25.530000000 -4.899105913462e-02
25.540000000 -4.795662196485e-02
25.550000000 -4.557149940710e-02
25.560000000 -4.185959421761e-02
25.570000000 -3.708372848918e-02
25.580000000 -3.166762523128e-02
25.590000000 -2.606450944134e-02
25.600000000 -2.063708258640e-02
25.610000000 -1.561487773752e-02
25.620000000 -1.111452798838e-02
25.630000000 -7.201115674386e-03
25.640000000 -3.927676524342e-03
25.650000000 -1.362317894723e-03
25.660000000 4.157744185201e-04
25.670000000 1.353773430023e-03
25.680000000 1.481111567301e-03
25.690000000 9.529567649665e-04
25.700000000 4.550359898251e-05
25.710000000 -9.091991251981e-04
25.720000000 -1.607761984133e-03
25.730000000 -1.843414842968e-03
25.740000000 -1.531498341754e-03
25.750000000 -7.033346681929e-04
25.760000000 5.295722822025e-04
25.770000000 2.019141939194e-03
25.780000000 3.628656484899e-03
25.790000000 5.243043572406e-03
25.800000000 6.754554154280e-03
25.810000000 8.056082925067e-03
25.820000000 9.070892452053e-03
25.830000000 9.794433245931e-03
25.840000000 1.031503082069e-02
25.850000000 1.078658030095e-02
25.860000000 1.136623956862e-02
25.870000000 1.218180634345e-02
25.880000000 1.332398227642e-02
25.890000000 1.485991101215e-02
25.900000000 1.684131394515e-02
25.910000000 1.928851546296e-02
25.920000000 2.214699566022e-02
25.930000000 2.523746407685e-02
25.940000000 2.824989983500e-02
25.950000000 3.080149038456e-02
25.960000000 3.254758217182e-02
25.970000000 3.328908166765e-02
25.980000000 3.303015868689e-02
25.990000000 3.196411039132e-02
26.000000000 3.041710207673e-02
26.010000000 2.875707252805e-02
26.020000000 2.728750123551e-02
26.030000000 2.616931388269e-02
26.040000000 2.539632260486e-02
26.050000000 2.483344762506e-02
26.060000000 2.430629478532e-02
26.070000000 2.369615732407e-02
26.080000000 2.298608978685e-02
26.090000000 2.224783292803e-02
26.100000000 2.157030589411e-02
26.110000000 2.100541566755e-02
26.120000000 2.053475353638e-02
26.130000000 2.009426958056e-02
26.140000000 1.960960860857e-02
26.150000000 1.903865338554e-02
26.160000000 1.841262295775e-02
26.170000000 1.785139580385e-02
26.180000000 1.755457484363e-02
26.190000000 1.774147254294e-02
26.200000000 1.857745473939e-02
26.210000000 2.011276482964e-02
26.220000000 2.225967764257e-02
26.230000000 2.482496669966e-02
26.240000000 2.755532217968e-02
26.250000000 3.018494810701e-02
26.260000000 3.246365398791e-02
26.270000000 3.417217589274e-02
26.280000000 3.513710043562e-02
26.290000000 3.524418736265e-02
26.300000000 3.445470259713e-02
26.310000000 3.281190486844e-02
26.320000000 3.043513569452e-02
26.330000000 2.748928813750e-02
26.340000000 2.414003530799e-02
26.350000000 2.051514028020e-02
26.360000000 1.670218996338e-02
26.370000000 1.278698790606e-02
26.380000000 8.912266747433e-03
26.390000000 5.308097479896e-03
26.400000000 2.261077321598e-03
26.410000000 2.391617248966e-05
26.420000000 -1.287181499840e-03
26.430000000 -1.731281859877e-03
26.440000000 -1.497811069680e-03
26.450000000 -8.033929186838e-04
26.460000000 1.942263884304e-04
26.470000000 1.430857119189e-03
26.480000000 2.907995492954e-03
26.490000000 4.633127304240e-03
26.500000000 6.568398098470e-03
26.510000000 8.606301159766e-03
26.520000000 1.058785859294e-02
26.530000000 1.233865430502e-02
26.540000000 1.369785892422e-02
26.550000000 1.453906901746e-02
26.560000000 1.479018605490e-02
26.570000000 1.446677027030e-02
26.580000000 1.368076769616e-02
26.590000000 1.259799121315e-02
26.600000000 1.136253974150e-02
26.610000000 1.002327663630e-02
26.620000000 8.523198090954e-03
26.630000000 6.737229892994e-03
26.640000000 4.538916402859e-03
26.650000000 1.849593040579e-03
26.660000000 -1.334953790774e-03
26.670000000 -4.931243673423e-03
26.680000000 -8.752465224739e-03
26.690000000 -1.252440903887e-02
26.700000000 -1.593023899221e-02
26.710000000 -1.870446506497e-02
26.720000000 -2.072715359902e-02
26.730000000 -2.208155029327e-02
26.740000000 -2.304323584130e-02
26.750000000 -2.398924493157e-02
26.760000000 -2.526675973998e-02
26.770000000 -2.706156276491e-02
26.780000000 -2.934327869327e-02
26.790000000 -3.190091352929e-02
26.800000000 -3.442579677749e-02
26.810000000 -3.659747787733e-02
26.820000000 -3.812976621126e-02
26.830000000 -3.878980399011e-02
26.840000000 -3.841186880427e-02
26.850000000 -3.690819222599e-02
26.860000000 -3.429461105361e-02
26.870000000 -3.070951519153e-02
26.880000000 -2.641022524152e-02
26.890000000 -2.173843956965e-02
26.900000000 -1.705787312893e-02
26.910000000 -1.269779970711e-02
26.920000000 -8.924768503808e-03
26.930000000 -5.928552454774e-03
26.940000000 -3.821893289818e-03
26.950000000 -2.634317533739e-03
26.960000000 -2.326502061748e-03
26.970000000 -2.819890947307e-03
26.980000000 -4.006293730540e-03
26.990000000 -5.745136914652e-03
27.000000000 -7.834550649529e-03
27.010000000 -1.000784251053e-02
27.020000000 -1.197923686622e-02
27.030000000 -1.353119188179e-02
27.040000000 -1.458836537576e-02
27.050000000 -1.523096526881e-02
27.060000000 -1.563488421923e-02
27.070000000 -1.596658091316e-02
27.080000000 -1.630205172035e-02
27.090000000 -1.660280656371e-02
27.100000000 -1.675786811427e-02
27.110000000 -1.664550786321e-02
27.120000000 -1.618471752746e-02
27.130000000 -1.534181627670e-02
27.140000000 -1.410776793914e-02
27.150000000 -1.247374364209e-02
27.160000000 -1.042575908391e-02
27.170000000 -7.971866531981e-03
27.180000000 -5.194607655892e-03
27.190000000 -2.281668587340e-03
27.200000000 4.840572035485e-04
27.210000000 2.789464751706e-03
27.220000000 4.383669428164e-03
27.230000000 5.133198174223e-03
27.240000000 5.026640058850e-03
27.250000000 4.147400830247e-03
27.260000000 2.626062455864e-03
27.270000000 6.010885824244e-04
27.280000000 -1.838767257813e-03
27.290000000 -4.693292990639e-03
27.300000000 -8.064218706951e-03
27.310000000 -1.210730351556e-02
27.320000000 -1.694512348075e-02
27.330000000 -2.257519421947e-02
27.340000000 -2.881312164440e-02
27.350000000 -3.529807675510e-02
27.360000000 -4.154977204395e-02
27.370000000 -4.705983026925e-02
27.380000000 -5.138000393085e-02
27.390000000 -5.416821050810e-02
27.400000000 -5.518292587422e-02
27.410000000 -5.425526608027e-02
27.420000000 -5.128020968866e-02
27.430000000 -4.626835754421e-02
27.440000000 -3.942974169771e-02
27.450000000 -3.122402049494e-02
27.460000000 -2.229837173908e-02
27.470000000 -1.333997099780e-02
27.480000000 -4.891075287933e-03
27.490000000 2.758741549475e-03
27.500000000 9.579690980066e-03
27.510000000 1.571426456181e-02
27.520000000 2.134777654918e-02
27.530000000 2.658377245260e-02
27.540000000 3.134700716562e-02
27.550000000 3.535569125541e-02
27.560000000 3.816651534576e-02
27.570000000 3.928969613492e-02
27.580000000 3.833281126248e-02
27.590000000 3.513231060833e-02
27.600000000 2.984679026208e-02
27.610000000 2.297289390544e-02
27.620000000 1.526303356113e-02
27.630000000 7.546954873166e-03
27.640000000 5.124773357650e-04
27.650000000 -5.457334478161e-03
27.660000000 -1.031947744182e-02
27.670000000 -1.426766303244e-02
27.680000000 -1.755321674817e-02
27.690000000 -2.032231104250e-02
27.700000000 -2.253677637481e-02
27.710000000 -2.398420390914e-02
27.720000000 -2.434827717064e-02
27.730000000 -2.330338541374e-02
27.740000000 -2.062417211722e-02
27.750000000 -1.627613143336e-02
27.760000000 -1.047771233464e-02
27.770000000 -3.680575395238e-03
27.780000000 3.515116665891e-03
27.790000000 1.048051330628e-02
27.800000000 1.667227207391e-02
27.810000000 2.170666476512e-02
27.820000000 2.539295997684e-02
27.830000000 2.770761663003e-02
27.840000000 2.874555141406e-02
27.850000000 2.866683151279e-02
27.860000000 2.768360304433e-02
27.870000000 2.608381168240e-02
27.880000000 2.425283911732e-02
27.890000000 2.262905619265e-02
27.900000000 2.159455520693e-02
27.910000000 2.133048155348e-02
27.920000000 2.172445798364e-02
27.930000000 2.238862000029e-02
27.940000000 2.278220717175e-02
27.950000000 2.239598507174e-02
27.960000000 2.092840099152e-02
27.970000000 1.838503237324e-02
27.980000000 1.509115349989e-02
27.990000000 1.160836094329e-02
28.000000000 8.603398481595e-03
28.010000000 6.709549098541e-03
28.020000000 6.394323325140e-03
28.030000000 7.860040537413e-03
28.040000000 1.098235331435e-02
28.050000000 1.531683234229e-02
28.060000000 2.019339734001e-02
28.070000000 2.485867334957e-02
28.080000000 2.861931821764e-02
28.090000000 3.095435006988e-02
28.100000000 3.158036177934e-02
28.110000000 3.046957156471e-02
28.120000000 2.781739671788e-02
28.130000000 2.397436653045e-02
28.140000000 1.935601148790e-02
28.150000000 1.434855156618e-02
28.160000000 9.246553499694e-03
28.170000000 4.226650864648e-03
28.180000000 -6.293405832175e-04
28.190000000 -5.292453976293e-03
28.200000000 -9.748373514378e-03
28.210000000 -1.397886409724e-02
28.220000000 -1.796936937159e-02
28.230000000 -2.172146765886e-02
28.240000000 -2.525968165034e-02
28.250000000 -2.863759853178e-02
28.260000000 -3.192503543541e-02
28.270000000 -3.518779994340e-02
28.280000000 -3.843808736436e-02
28.290000000 -4.158424101386e-02
28.300000000 -4.440946472559e-02
28.310000000 -4.660361661619e-02
28.320000000 -4.785795749447e-02
28.330000000 -4.796125074523e-02
28.340000000 -4.685881105040e-02
28.350000000 -4.464973026641e-02
28.360000000 -4.153545918821e-02
28.370000000 -3.774843050425e-02
28.380000000 -3.349853247268e-02
28.390000000 -2.894691285043e-02
28.400000000 -2.421307858025e-02
28.410000000 -1.940768908936e-02
28.420000000 -1.466675809131e-02
28.430000000 -1.017420285758e-02
28.440000000 -6.170192340896e-03
28.450000000 -2.889111326990e-03
28.460000000 -4.608282632474e-04
28.470000000 1.187879628411e-03
28.480000000 2.356726810524e-03
28.490000000 3.488664584955e-03
28.500000000 5.019889630180e-03
28.510000000 7.239416630603e-03
28.520000000 1.020308450072e-02
28.530000000 1.372879453222e-02
28.540000000 1.744606059732e-02
28.550000000 2.089163896861e-02
28.560000000 2.362201858043e-02
28.570000000 2.531452810999e-02
28.580000000 2.583226361110e-02
28.590000000 2.523985106755e-02
28.600000000 2.375035646752e-02
28.610000000 2.164353841056e-02
28.620000000 1.918948372912e-02
28.630000000 1.660702277156e-02
28.640000000 1.407508120546e-02
28.650000000 1.174569325212e-02
28.660000000 9.758663994752e-03
28.670000000 8.227896823903e-03
28.680000000 7.217044283493e-03
28.690000000 6.734825722754e-03
28.700000000 6.758184050445e-03
28.710000000 7.256491777833e-03
28.720000000 8.199909399578e-03
28.730000000 9.536796320346e-03
28.740000000 1.117388440530e-02
28.750000000 1.299146917452e-02
28.760000000 1.487552789607e-02
28.770000000 1.675835905868e-02
28.780000000 1.863772443463e-02
28.790000000 2.055961078855e-02
28.800000000 2.257495440332e-02
28.810000000 2.466288895795e-02
28.820000000 2.669052128371e-02
28.830000000 2.842299997833e-02
28.840000000 2.959889781820e-02
28.850000000 3.001890053600e-02
28.860000000 2.962118175391e-02
28.870000000 2.851095072145e-02
28.880000000 2.693847619490e-02
28.890000000 2.524140355610e-02
28.900000000 2.374117704694e-02
28.910000000 2.264910368375e-02
28.920000000 2.201982984916e-02
28.930000000 2.178159999891e-02
28.940000000 2.180867646220e-02
28.950000000 2.199393799930e-02
28.960000000 2.227221744689e-02
28.970000000 2.260381944198e-02
28.980000000 2.294664343923e-02
28.990000000 2.323660005466e-02
29.000000000 2.337111923268e-02
29.010000000 2.319057084220e-02
29.020000000 2.247620994655e-02
29.030000000 2.098671481172e-02
29.040000000 1.852467936358e-02
29.050000000 1.499457011297e-02
29.060000000 1.042161737987e-02
29.070000000 4.939087382395e-03
29.080000000 -1.227897989985e-03
29.090000000 -7.777207304872e-03
29.100000000 -1.434469997612e-02
29.110000000 -2.055195738719e-02
29.120000000 -2.605876016759e-02
29.130000000 -3.062132865105e-02
29.140000000 -3.413901711613e-02
29.150000000 -3.666768968755e-02
29.160000000 -3.839354060796e-02
29.170000000 -3.955889873253e-02
29.180000000 -4.037222394675e-02
29.190000000 -4.093801105320e-02
29.200000000 -4.124255227221e-02
29.210000000 -4.118548563086e-02
29.220000000 -4.063528567809e-02
29.230000000 -3.946599824567e-02
29.240000000 -3.756203324134e-02
29.250000000 -3.481116441958e-02
29.260000000 -3.111156500532e-02
29.270000000 -2.642238109953e-02
29.280000000 -2.082512242718e-02
29.290000000 -1.456860995564e-02
29.300000000 -8.049109081367e-03
29.310000000 -1.745782054607e-03
29.320000000 3.869132098534e-03
29.330000000 8.387630575286e-03
29.340000000 1.150021389714e-02
29.350000000 1.300952435365e-02
29.360000000 1.284488948986e-02
29.370000000 1.108047323325e-02
29.380000000 7.951111454349e-03
29.390000000 3.848258919967e-03
29.400000000 -7.201969786065e-04
29.410000000 -5.187527951116e-03
29.420000000 -9.017732146165e-03
29.430000000 -1.178613156502e-02
29.440000000 -1.322421472096e-02
29.450000000 -1.321189620293e-02
29.460000000 -1.174698855992e-02
29.470000000 -8.922422597368e-03
29.480000000 -4.939203046161e-03
29.490000000 -1.258031389364e-04
29.500000000 5.066310330292e-03
29.510000000 1.010117217998e-02
29.520000000 1.443388295581e-02
29.530000000 1.759422982389e-02
29.540000000 1.925640597767e-02
29.550000000 1.928369411955e-02
29.560000000 1.773402795689e-02
29.570000000 1.483720638544e-02
29.580000000 1.094977420678e-02
29.590000000 6.510947171526e-03
29.600000000 1.983550349508e-03
29.610000000 -2.194500399022e-03
29.620000000 -5.671098992788e-03
29.630000000 -8.238684459517e-03
29.640000000 -9.882625242076e-03
29.650000000 -1.079938942589e-02
29.660000000 -1.136807476105e-02
29.670000000 -1.208699981778e-02
29.680000000 -1.347278209282e-02
29.690000000 -1.594859832025e-02
29.700000000 -1.973561430659e-02
29.710000000 -2.478285118344e-02
29.720000000 -3.076717246437e-02
29.730000000 -3.716638841204e-02
29.740000000 -4.337339067540e-02
29.750000000 -4.881530073426e-02
29.760000000 -5.305760338527e-02
29.770000000 -5.585956474666e-02
29.780000000 -5.719958589518e-02
29.790000000 -5.725089986197e-02
29.800000000 -5.632710393684e-02
29.810000000 -5.480171943216e-02
29.820000000 -5.302352516762e-02
29.830000000 -5.126355086750e-02
29.840000000 -4.970982870242e-02
29.850000000 -4.849319345863e-02
29.860000000 -4.770413473113e-02
29.870000000 -4.736008342489e-02
29.880000000 -4.735199285136e-02
29.890000000 -4.739650688701e-02
29.900000000 -4.705937530325e-02
29.910000000 -4.585510538657e-02
29.920000000 -4.339570012674e-02
29.930000000 -3.953115196104e-02
29.940000000 -3.440759980467e-02
29.950000000 -2.841295377752e-02
29.960000000 -2.204998052955e-02
29.970000000 -1.580035840934e-02
29.980000000 -1.003091039441e-02
29.990000000 -4.959209631331e-03
30.000000000 -6.737897901776e-04
30.010000000 2.830664475375e-03
30.020000000 5.618596069905e-03
30.030000000 7.804717714067e-03
30.040000000 9.544361589778e-03
30.050000000 1.099163639742e-02
30.060000000 1.224698067180e-02
30.070000000 1.332469202880e-02
30.080000000 1.417365116851e-02
30.090000000 1.474767301219e-02
30.100000000 1.507344721695e-02
30.110000000 1.529052250161e-02
30.120000000 1.562243708550e-02
30.130000000 1.628571555145e-02
30.140000000 1.735555151760e-02
30.150000000 1.868772799418e-02
30.160000000 1.993308870936e-02
30.170000000 2.066066335272e-02
30.180000000 2.051903431980e-02
30.190000000 1.936325993875e-02
30.200000000 1.730679168127e-02
30.210000000 1.468120081105e-02
30.220000000 1.193643113847e-02
30.230000000 9.513021700269e-03
30.240000000 7.747242249537e-03
30.250000000 6.844710301284e-03
30.260000000 6.916134068897e-03
30.270000000 8.027089076193e-03
30.280000000 1.022079988205e-02
30.290000000 1.348819965779e-02
30.300000000 1.770667409935e-02
30.310000000 2.260584497317e-02
30.320000000 2.778693797724e-02
30.330000000 3.280317610963e-02
30.340000000 3.724654915487e-02
30.350000000 4.081414226207e-02
30.360000000 4.334551168604e-02
30.370000000 4.482946146125e-02
30.380000000 4.538112429050e-02
30.390000000 4.520092197609e-02
30.400000000 4.451589356139e-02
30.410000000 4.353020688542e-02
30.420000000 4.237335562162e-02
30.430000000 4.108836834879e-02
30.440000000 3.964056615085e-02
30.450000000 3.796699211400e-02
30.460000000 3.603418065651e-02
30.470000000 3.389069896293e-02
30.480000000 3.169296068645e-02
30.490000000 2.968774020430e-02
30.500000000 2.814352049671e-02
30.510000000 2.725129822115e-02
30.520000000 2.703177253151e-02
30.530000000 2.730395547149e-02
30.540000000 2.774054664529e-02
30.550000000 2.797455024420e-02
30.560000000 2.769747053965e-02
30.570000000 2.671443925190e-02
30.580000000 2.495234864540e-02
30.590000000 2.245490446727e-02
30.600000000 1.936597731558e-02
30.610000000 1.589880118284e-02
30.620000000 1.228558191180e-02
30.630000000 8.716483167450e-03
30.640000000 5.315693463297e-03
30.650000000 2.165765180898e-03
30.660000000 -6.402189788575e-04
30.670000000 -2.964658855497e-03
30.680000000 -4.639744274764e-03
30.690000000 -5.510762314323e-03
30.700000000 -5.491200546500e-03
30.710000000 -4.590660718555e-03
30.720000000 -2.911946684634e-03
30.730000000 -6.296029711341e-04
30.740000000 2.037011267486e-03
30.750000000 4.841987771631e-03
30.760000000 7.525137356849e-03
30.770000000 9.831395321287e-03
30.780000000 1.155335726401e-02
30.790000000 1.257089735812e-02
30.800000000 1.287245155653e-02
30.810000000 1.256348237644e-02
30.820000000 1.186058447769e-02
30.830000000 1.105667093020e-02
30.840000000 1.047015637366e-02
30.850000000 1.037186510848e-02
30.860000000 1.093168349153e-02
30.870000000 1.218526968346e-02
30.880000000 1.402909813147e-02
30.890000000 1.623579666165e-02
30.900000000 1.847598511754e-02
30.910000000 2.037066369350e-02
30.920000000 2.155855900919e-02
30.930000000 2.179430304464e-02
30.940000000 2.102677864364e-02
30.950000000 1.944001708597e-02
30.960000000 1.740706347282e-02
30.970000000 1.538439216258e-02
30.980000000 1.379113296056e-02
30.990000000 1.291261753336e-02
31.000000000 1.285569631828e-02
31.010000000 1.354922846869e-02
31.020000000 1.479183683123e-02
31.030000000 1.631329889610e-02
31.040000000 1.782777018474e-02
31.050000000 1.907022221649e-02
31.060000000 1.982066864807e-02
31.070000000 1.992329654381e-02
31.080000000 1.930126667103e-02
31.090000000 1.797065191802e-02
31.100000000 1.605602185896e-02
31.110000000 1.379291416507e-02
31.120000000 1.147287314842e-02
31.130000000 9.343586956816e-03
31.140000000 7.504184956143e-03
31.150000000 5.864885943730e-03
31.160000000 4.198635827707e-03
31.170000000 2.245878332791e-03
31.180000000 -1.799827546224e-04
31.190000000 -3.138005768059e-03
31.200000000 -6.561977201544e-03
31.210000000 -1.029765591368e-02
31.220000000 -1.415665984431e-02
31.230000000 -1.795549613940e-02
31.240000000 -2.153295002933e-02
31.250000000 -2.475329075572e-02
31.260000000 -2.750463374190e-02
31.270000000 -2.971181087795e-02
31.280000000 -3.136172334249e-02
31.290000000 -3.254454401344e-02
31.300000000 -3.348650189930e-02
31.310000000 -3.452563364901e-02
31.320000000 -3.602272347807e-02
31.330000000 -3.822734214389e-02
31.340000000 -4.117172027861e-02
31.350000000 -4.465551963295e-02
31.360000000 -4.831768067395e-02
31.370000000 -5.176025377465e-02
31.380000000 -5.467873501459e-02
31.390000000 -5.694212688849e-02
31.400000000 -5.861025701699e-02
31.410000000 -5.988203559978e-02
31.420000000 -6.100911265903e-02
31.430000000 -6.221515400919e-02
31.440000000 -6.365655566474e-02
31.450000000 -6.540974269104e-02
31.460000000 -6.746140508308e-02
31.470000000 -6.970426798590e-02
31.480000000 -7.195488937247e-02
31.490000000 -7.399189541654e-02
31.500000000 -7.560667462013e-02
31.510000000 -7.662771802138e-02
31.520000000 -7.691954442946e-02
31.530000000 -7.637522246238e-02
31.540000000 -7.491922798863e-02
31.550000000 -7.251984949612e-02
31.560000000 -6.920760856538e-02
31.570000000 -6.507834692018e-02
31.580000000 -6.027449521767e-02
31.590000000 -5.493827932529e-02
31.600000000 -4.915319507105e-02
31.610000000 -4.291662252992e-02
31.620000000 -3.616158888217e-02
31.630000000 -2.883254838201e-02
31.640000000 -2.097341774363e-02
31.650000000 -1.278214207704e-02
31.660000000 -4.575496520710e-03
31.670000000 3.288355639415e-03
31.680000000 1.049884358870e-02
31.690000000 1.684574808792e-02
31.700000000 2.223501629761e-02
31.710000000 2.670049367445e-02
31.720000000 3.038279699826e-02
31.730000000 3.347797322742e-02
31.740000000 3.615936453144e-02
31.750000000 3.851751721050e-02
31.760000000 4.054766998415e-02
31.770000000 4.216482435359e-02
31.780000000 4.322858941697e-02
31.790000000 4.357161824238e-02
31.800000000 4.305980395582e-02
31.810000000 4.167663563361e-02
31.820000000 3.959298044769e-02
31.830000000 3.718023613709e-02
31.840000000 3.494474461453e-02
31.850000000 3.342242958418e-02
31.860000000 3.305398223252e-02
31.870000000 3.408514893855e-02
31.880000000 3.650194636978e-02
31.890000000 4.002845585016e-02
31.900000000 4.418568153464e-02
31.910000000 4.839492174392e-02
31.920000000 5.209641786410e-02
31.930000000 5.485709281135e-02
31.940000000 5.645444799840e-02
31.950000000 5.691816493437e-02
31.960000000 5.651842374900e-02
31.970000000 5.568752959030e-02
31.980000000 5.490319410732e-02
31.990000000 5.455763762376e-02
32.000000000 5.486365300819e-02
32.010000000 5.581133001699e-02
32.020000000 5.718691232608e-02
32.030000000 5.863582853645e-02
32.040000000 5.975829460727e-02
32.050000000 6.019895317858e-02
32.060000000 5.970786766682e-02
32.070000000 5.815636804485e-02
32.080000000 5.551780202492e-02
32.090000000 5.183436378083e-02
32.100000000 4.720658224321e-02
32.110000000 4.179808552589e-02
32.120000000 3.584840223916e-02
32.130000000 2.966615856037e-02
32.140000000 2.358758176143e-02
32.150000000 1.792356013788e-02
32.160000000 1.289954933222e-02
32.170000000 8.619535293012e-03
32.180000000 5.069002728082e-03
32.190000000 2.150947495500e-03
32.200000000 -2.651879532736e-04
32.210000000 -2.283386397947e-03
32.220000000 -3.939800953945e-03
32.230000000 -5.192361537903e-03
32.240000000 -5.953885648975e-03
32.250000000 -6.163882713342e-03
32.260000000 -5.846489927188e-03
32.270000000 -5.116560007680e-03
32.280000000 -4.141489258194e-03
32.290000000 -3.089498570447e-03
32.300000000 -2.095594675299e-03
32.310000000 -1.253981720045e-03
32.320000000 -5.961727604513e-04
32.330000000 -9.787654705121e-05
32.340000000 2.872264265274e-04
32.350000000 5.556360108963e-04
32.360000000 5.865733712620e-04
32.370000000 1.333226981861e-04
32.380000000 -1.119854852879e-03
32.390000000 -3.453656658921e-03
32.400000000 -7.008854766851e-03
32.410000000 -1.172733188702e-02
32.420000000 -1.733437251577e-02
32.430000000 -2.336388198765e-02
32.440000000 -2.921707319576e-02
32.450000000 -3.423939339153e-02
32.460000000 -3.783326446364e-02
32.470000000 -3.958635374099e-02
32.480000000 -3.937302334349e-02
32.490000000 -3.738508696551e-02
32.500000000 -3.407412876643e-02
32.510000000 -3.001078432636e-02
32.520000000 -2.572843550144e-02
32.530000000 -2.160721224687e-02
32.540000000 -1.782994201087e-02
32.550000000 -1.441705136309e-02
32.560000000 -1.129845689577e-02
32.570000000 -8.389462292057e-03
32.580000000 -5.633457211849e-03
32.590000000 -3.016806674915e-03
32.600000000 -5.486679868339e-04
32.610000000 1.744942077724e-03
32.620000000 3.810267656515e-03
32.630000000 5.541351400316e-03
32.640000000 6.768066241130e-03
32.650000000 7.300377812843e-03
32.660000000 7.011685387392e-03
32.670000000 5.911875769435e-03
32.680000000 4.171070438406e-03
32.690000000 2.083177856282e-03
32.700000000 -2.290672705535e-05
32.710000000 -1.868735499693e-03
32.720000000 -3.296114023293e-03
32.730000000 -4.270773762143e-03
32.740000000 -4.844652686146e-03
32.750000000 -5.086874354462e-03
32.760000000 -5.037392225726e-03
32.770000000 -4.693328502573e-03
32.780000000 -4.033651161997e-03
32.790000000 -3.048342555306e-03
32.800000000 -1.777927930108e-03
32.810000000 -3.100854450449e-04
32.820000000 1.232380616630e-03
32.830000000 2.726056835491e-03
32.840000000 4.064720444033e-03
32.850000000 5.161452080950e-03
32.860000000 5.950318658676e-03
32.870000000 6.382888621124e-03
32.880000000 6.426995233937e-03
32.890000000 6.050850000753e-03
32.900000000 5.210512081015e-03
32.910000000 3.850962408517e-03
32.920000000 1.927065690189e-03
32.930000000 -5.841914112737e-04
32.940000000 -3.679086433797e-03
32.950000000 -7.332047594556e-03
32.960000000 -1.149643351658e-02
32.970000000 -1.610011313633e-02
32.980000000 -2.103037008434e-02
32.990000000 -2.610849268922e-02
33.000000000 -3.106476221816e-02
33.010000000 -3.555210693001e-02
33.020000000 -3.920248646391e-02
33.030000000 -4.171549448621e-02
33.040000000 -4.293302700977e-02
33.050000000 -4.287026642840e-02
33.060000000 -4.170024777539e-02
33.070000000 -3.970917847414e-02
33.080000000 -3.723151846802e-02
33.090000000 -3.458279575204e-02
33.100000000 -3.201599453825e-02
33.110000000 -2.968914152991e-02
33.120000000 -2.767444974970e-02
33.130000000 -2.598361879862e-02
33.140000000 -2.460405522866e-02
33.150000000 -2.353262243412e-02
33.160000000 -2.277950644257e-02
33.170000000 -2.236001310753e-02
33.180000000 -2.227684941478e-02
33.190000000 -2.250504622601e-02
33.200000000 -2.297794863166e-02
33.210000000 -2.358488542068e-02
33.220000000 -2.419098063917e-02
33.230000000 -2.466050670264e-02
33.240000000 -2.488517222447e-02
33.250000000 -2.479314517070e-02
33.260000000 -2.435878679627e-02
33.270000000 -2.360799444672e-02
33.280000000 -2.261202520293e-02
33.290000000 -2.146272486555e-02
33.300000000 -2.022360865905e-02
33.310000000 -1.890710447911e-02
33.320000000 -1.747271437317e-02
33.330000000 -1.586304468600e-02
33.340000000 -1.404426211335e-02
33.350000000 -1.204830507652e-02
33.360000000 -9.977149772199e-03
33.370000000 -7.973280241586e-03
33.380000000 -6.153705991102e-03
33.390000000 -4.543814798783e-03
33.400000000 -3.052350618954e-03
33.410000000 -1.505132998648e-03
33.420000000 2.780018097728e-04
33.430000000 2.403492005980e-03
33.440000000 4.860022945496e-03
33.450000000 7.543854636684e-03
33.460000000 1.032972016573e-02
33.470000000 1.316409678716e-02
33.480000000 1.611542207012e-02
33.490000000 1.936114757715e-02
33.500000000 2.309733167142e-02
33.510000000 2.742754479450e-02
33.520000000 3.228499229958e-02
33.530000000 3.741603067124e-02
33.540000000 4.243110165248e-02
33.550000000 4.688541455683e-02
33.560000000 5.037589459158e-02
33.570000000 5.263507057278e-02
33.580000000 5.360006431023e-02
33.590000000 5.343711095232e-02
33.600000000 5.250662327715e-02
33.610000000 5.127388024890e-02
33.620000000 5.020226388670e-02
33.630000000 4.967236035608e-02
33.640000000 4.992154760017e-02
33.650000000 5.102195609772e-02
33.660000000 5.287697641560e-02
33.670000000 5.522913544759e-02
33.680000000 5.770526963806e-02
33.690000000 5.988712075948e-02
33.700000000 6.140149982266e-02
33.710000000 6.198549091188e-02
33.720000000 6.150735504434e-02
33.730000000 5.995241280544e-02
33.740000000 5.740220428949e-02
33.750000000 5.399619514936e-02
33.760000000 4.990643563708e-02
33.770000000 4.530918420156e-02
33.780000000 4.035491250568e-02
33.790000000 3.514401196927e-02
33.800000000 2.969563597830e-02
33.810000000 2.394958222380e-02
33.820000000 1.780441392672e-02
33.830000000 1.120132088271e-02
33.840000000 4.213518129600e-03
33.850000000 -2.892753612144e-03
33.860000000 -9.648566412074e-03
33.870000000 -1.543783644853e-02
33.880000000 -1.962667435627e-02
33.890000000 -2.172726498054e-02
33.900000000 -2.155618030001e-02
33.910000000 -1.932722808733e-02
33.920000000 -1.562723252401e-02
33.930000000 -1.127425114522e-02
33.940000000 -7.107276490067e-03
33.950000000 -3.786011024123e-03
33.960000000 -1.677444421740e-03
33.970000000 -8.445894497959e-04
33.980000000 -1.108148985475e-03
33.990000000 -2.128266303296e-03
34.000000000 -3.494145457376e-03
34.010000000 -4.803980205598e-03
34.020000000 -5.728986489011e-03
34.030000000 -6.063916937493e-03
34.040000000 -5.770197268131e-03
34.050000000 -4.996490238941e-03
34.060000000 -4.056563216868e-03
34.070000000 -3.353186368356e-03
34.080000000 -3.257381977770e-03
34.090000000 -3.987923791857e-03
34.100000000 -5.551449901111e-03
34.110000000 -7.749190392278e-03
34.120000000 -1.025869915117e-02
34.130000000 -1.273852844007e-02
34.140000000 -1.491489682808e-02
34.150000000 -1.662025754995e-02
34.160000000 -1.777005222637e-02
34.170000000 -1.832403699691e-02
34.180000000 -1.825522141261e-02
34.190000000 -1.755204696080e-02
34.200000000 -1.623672532298e-02
34.210000000 -1.437743900676e-02
34.220000000 -1.207732359174e-02
34.230000000 -9.442284926571e-03
34.240000000 -6.560092033015e-03
34.250000000 -3.489579396227e-03
34.260000000 -2.835661535917e-04
34.270000000 2.979976028633e-03
34.280000000 6.165379606613e-03
34.290000000 9.058333476863e-03
34.300000000 1.137809197427e-02
34.310000000 1.282205285841e-02
34.320000000 1.314986882071e-02
34.330000000 1.225424015749e-02
34.340000000 1.019020814121e-02
34.350000000 7.145859473000e-03
34.360000000 3.369670631926e-03
34.370000000 -8.974965732253e-04
34.380000000 -5.458630062878e-03
34.390000000 -1.016576328031e-02
34.400000000 -1.491660766273e-02
34.410000000 -1.965650061364e-02
34.420000000 -2.436542363877e-02
34.430000000 -2.902711055407e-02
34.440000000 -3.357921948775e-02
34.450000000 -3.788203596520e-02
34.460000000 -4.170607713621e-02
34.470000000 -4.474110872525e-02
34.480000000 -4.661978731617e-02
34.490000000 -4.697545632592e-02
34.500000000 -4.550506366915e-02
34.510000000 -4.204601868303e-02
34.520000000 -3.661953046767e-02
34.530000000 -2.944224872139e-02
34.540000000 -2.090987898140e-02
34.550000000 -1.155571207645e-02
34.560000000 -1.984259685916e-03
34.570000000 7.211161283315e-03
34.580000000 1.551405752831e-02
34.590000000 2.252190172301e-02
34.600000000 2.794478325327e-02
34.610000000 3.161126794595e-02
34.620000000 3.349194113467e-02
34.630000000 3.372220149243e-02
34.640000000 3.258965546264e-02
34.650000000 3.045918683700e-02
34.660000000 2.768363750602e-02
34.670000000 2.453295946836e-02
34.680000000 2.118612012869e-02
34.690000000 1.777296431398e-02
34.700000000 1.443988736014e-02
34.710000000 1.138487992876e-02
34.720000000 8.862666660717e-03
34.730000000 7.136583444892e-03
34.740000000 6.410678140358e-03
34.750000000 6.772923979797e-03
34.760000000 8.164485203921e-03
34.770000000 1.038561590733e-02
34.780000000 1.312652666967e-02
34.790000000 1.602278848672e-02
34.800000000 1.869882722438e-02
34.810000000 2.081733258277e-02
34.820000000 2.213135812467e-02
34.830000000 2.253773428946e-02
34.840000000 2.210726397179e-02
34.850000000 2.106065695976e-02
34.860000000 1.968066325172e-02
34.870000000 1.820791385233e-02
34.880000000 1.676630321297e-02
34.890000000 1.534817289707e-02
34.900000000 1.384929948425e-02
34.910000000 1.214021801371e-02
34.920000000 1.013629460419e-02
34.930000000 7.832241134444e-03
34.940000000 5.275208254275e-03
34.950000000 2.513181622753e-03
34.960000000 -4.596768071169e-04
34.970000000 -3.696775534452e-03
34.980000000 -7.258371651128e-03
34.990000000 -1.116665199152e-02
35.000000000 -1.539044946909e-02
35.010000000 -1.986950400370e-02
35.020000000 -2.453284351251e-02
35.030000000 -2.931732350268e-02
35.040000000 -3.417757036499e-02
35.050000000 -3.909837144175e-02
35.060000000 -4.409233665153e-02
35.070000000 -4.916329371652e-02
35.080000000 -5.424076530551e-02
35.090000000 -5.914331076218e-02
35.100000000 -6.359198550158e-02
35.110000000 -6.726835514858e-02
35.120000000 -6.989935787739e-02
35.130000000 -7.132760736882e-02
35.140000000 -7.154946361400e-02
35.150000000 -7.072426109350e-02
35.160000000 -6.913349076109e-02
35.170000000 -6.710966876464e-02
35.180000000 -6.495948058356e-02
35.190000000 -6.288329950320e-02
35.200000000 -6.092809843736e-02
35.210000000 -5.898484277454e-02
35.220000000 -5.683591396505e-02
35.230000000 -5.424013608035e-02
35.240000000 -5.102386115476e-02
35.250000000 -4.714170916755e-02
35.260000000 -4.270631193244e-02
35.270000000 -3.795873671356e-02
35.280000000 -3.319700058383e-02
35.290000000 -2.869179740355e-02
35.300000000 -2.462012715804e-02
35.310000000 -2.104638556962e-02
35.320000000 -1.793623310756e-02
35.330000000 -1.519450056690e-02
35.340000000 -1.269553729634e-02
35.350000000 -1.030283139479e-02
35.360000000 -7.883232920423e-03
35.370000000 -5.326363520977e-03
35.380000000 -2.567225245717e-03
35.390000000 4.009821429466e-04
35.400000000 3.541200701509e-03
35.410000000 6.798879690716e-03
35.420000000 1.011301608158e-02
35.430000000 1.339793570909e-02
35.440000000 1.652645909545e-02
35.450000000 1.933064880985e-02
35.460000000 2.164202488320e-02
35.470000000 2.333372450759e-02
35.480000000 2.436176377918e-02
35.490000000 2.479612027905e-02
35.500000000 2.483037028583e-02
35.510000000 2.475400779816e-02
35.520000000 2.488376501509e-02
35.530000000 2.547630320790e-02
35.540000000 2.666498101321e-02
35.550000000 2.844362073505e-02
35.560000000 3.068559643046e-02
35.570000000 3.318283390737e-02
35.580000000 3.569253471414e-02
35.590000000 3.799859597838e-02
35.600000000 3.997307106684e-02
35.610000000 4.161649338649e-02
35.620000000 4.303433808606e-02
35.630000000 4.436048658446e-02
35.640000000 4.566543615235e-02
35.650000000 4.689915283984e-02
35.660000000 4.790327584686e-02
35.670000000 4.848012080346e-02
35.680000000 4.848145854425e-02
35.690000000 4.786881539877e-02
35.700000000 4.672373517375e-02
35.710000000 4.520946201126e-02
35.720000000 4.352687229130e-02
35.730000000 4.187565367372e-02
35.740000000 4.041621889301e-02
35.750000000 3.923440701987e-02
35.760000000 3.833462190207e-02
35.770000000 3.767455401882e-02
35.780000000 3.723271052387e-02
35.790000000 3.703699839948e-02
35.800000000 3.712853753629e-02
35.810000000 3.749819782611e-02
35.820000000 3.806670900066e-02
35.830000000 3.869974695435e-02
35.840000000 3.924181987298e-02
35.850000000 3.953196681057e-02
35.860000000 3.941679501349e-02
35.870000000 3.879320841976e-02
35.880000000 3.765634639832e-02
35.890000000 3.611904569698e-02
35.900000000 3.438396562546e-02
35.910000000 3.267307103569e-02
35.920000000 3.114438861207e-02
35.930000000 2.983092110403e-02
35.940000000 2.862195945763e-02
35.950000000 2.729501849399e-02
35.960000000 2.559601857403e-02
35.970000000 2.331891654872e-02
35.980000000 2.036069318795e-02
35.990000000 1.674226772290e-02
36.000000000 1.259774844395e-02
36.010000000 8.151564149957e-03
36.020000000 3.686784873341e-03
36.030000000 -4.916536910514e-04
36.040000000 -4.112074051316e-03
36.050000000 -6.991246602808e-03
36.060000000 -9.074338461158e-03
36.070000000 -1.042331897342e-02
36.080000000 -1.117751376085e-02
36.090000000 -1.151407557494e-02
36.100000000 -1.163524344772e-02
36.110000000 -1.176677216451e-02
36.120000000 -1.213247174806e-02
36.130000000 -1.291129250269e-02
36.140000000 -1.418809946594e-02
36.150000000 -1.593794287298e-02
36.160000000 -1.804887424586e-02
36.170000000 -2.037807927207e-02
36.180000000 -2.279923950018e-02
36.190000000 -2.522595189334e-02
36.200000000 -2.758852899426e-02
36.210000000 -2.978619353640e-02
36.220000000 -3.165874436439e-02
36.230000000 -3.300302498083e-02
36.240000000 -3.363892142052e-02
36.250000000 -3.348477655384e-02
36.260000000 -3.260526975190e-02
36.270000000 -3.120473715082e-02
36.280000000 -2.957821844301e-02
36.290000000 -2.803453835418e-02
36.300000000 -2.682594044109e-02
36.310000000 -2.610024572551e-02
36.320000000 -2.588337019181e-02
36.330000000 -2.610148367725e-02
36.340000000 -2.663127493993e-02
36.350000000 -2.734952105209e-02
36.360000000 -2.817296684053e-02
36.370000000 -2.906778741369e-02
36.380000000 -3.003925146563e-02
36.390000000 -3.111456530881e-02
36.400000000 -3.232945767474e-02
36.410000000 -3.370549173129e-02
36.420000000 -3.522942339584e-02
36.430000000 -3.683608409756e-02
36.440000000 -3.840834088236e-02
36.450000000 -3.978441919380e-02
36.460000000 -4.076973928302e-02
36.470000000 -4.114252014964e-02
36.480000000 -4.067346952703e-02
36.490000000 -3.916575243885e-02
36.500000000 -3.651162173808e-02
36.510000000 -3.274128555643e-02
36.520000000 -2.803637350045e-02
36.530000000 -2.270406082118e-02
36.540000000 -1.714120572228e-02
36.550000000 -1.179368068308e-02
36.560000000 -7.114630515421e-03
36.570000000 -3.509444504826e-03
36.580000000 -1.269296113218e-03
36.590000000 -4.966131096906e-04
36.600000000 -1.068738738131e-03
36.610000000 -2.661622594465e-03
36.620000000 -4.827181456590e-03
36.630000000 -7.111499850162e-03
36.640000000 -9.160296894203e-03
36.650000000 -1.077306233546e-02
36.660000000 -1.189599426062e-02
36.670000000 -1.256741207560e-02
36.680000000 -1.285634347622e-02
36.690000000 -1.280944445011e-02
36.700000000 -1.243975959370e-02
36.710000000 -1.173023981373e-02
36.720000000 -1.067698712965e-02
36.730000000 -9.338885234096e-03
36.740000000 -7.866694860898e-03
36.750000000 -6.494628057971e-03
36.760000000 -5.463077326793e-03
36.770000000 -4.934822916530e-03
36.780000000 -4.930735467239e-03
36.790000000 -5.325358486886e-03
36.800000000 -5.897198693564e-03
36.810000000 -6.407506312549e-03
36.820000000 -6.672905020615e-03
36.830000000 -6.598396621698e-03
36.840000000 -6.178447471536e-03
36.850000000 -5.464186548027e-03
36.860000000 -4.536284834869e-03
36.870000000 -3.485886409916e-03
36.880000000 -2.405314138662e-03
36.890000000 -1.388733873033e-03
36.900000000 -5.266904460443e-04
36.910000000 1.034356273202e-04
36.920000000 4.550622403516e-04
36.930000000 5.208185682032e-04
36.940000000 3.436809546719e-04
36.950000000 2.076087603514e-05
36.960000000 -3.045745434964e-04
36.970000000 -4.569072779918e-04
36.980000000 -2.518653882928e-04
36.990000000 4.695295556867e-04
37.000000000 1.806322594069e-03
37.010000000 3.771503827636e-03
37.020000000 6.295968914271e-03
37.030000000 9.262304029626e-03
37.040000000 1.253163570810e-02
37.050000000 1.595658237526e-02
37.060000000 1.937303803533e-02
37.070000000 2.261400705631e-02
37.080000000 2.555699014372e-02
37.090000000 2.817645678304e-02
37.100000000 3.057482254907e-02
37.110000000 3.294865986454e-02
37.120000000 3.551639152669e-02
37.130000000 3.843257465880e-02
37.140000000 4.172848481726e-02
37.150000000 4.531545711161e-02
37.160000000 4.902140611776e-02
37.170000000 5.263930654355e-02
37.180000000 5.595870776950e-02
37.190000000 5.877688475887e-02
37.200000000 6.091612454901e-02
37.210000000 6.223697314072e-02
37.220000000 6.264569914213e-02
37.230000000 6.209791944150e-02
37.240000000 6.060020833303e-02
37.250000000 5.822206882038e-02
37.260000000 5.508103849485e-02
37.270000000 5.130448168207e-02
37.280000000 4.697188254174e-02
37.290000000 4.208133923594e-02
37.300000000 3.656149875458e-02
37.310000000 3.032516264510e-02
37.320000000 2.334688270367e-02
37.330000000 1.572963713901e-02
37.340000000 7.737046895894e-03
37.350000000 -2.287630140759e-04
37.360000000 -7.706704240623e-03
37.370000000 -1.427725942911e-02
37.380000000 -1.964960754643e-02
37.390000000 -2.369044960321e-02
37.400000000 -2.639714188033e-02
37.410000000 -2.784234777717e-02
37.420000000 -2.813323777391e-02
37.430000000 -2.740434532082e-02
37.440000000 -2.582847545630e-02
37.450000000 -2.360958927080e-02
37.460000000 -2.096219555654e-02
37.470000000 -1.808847032054e-02
37.480000000 -1.516174624530e-02
37.490000000 -1.231200799873e-02
37.500000000 -9.611545001912e-03
37.510000000 -7.082410753264e-03
37.520000000 -4.721051949940e-03
37.530000000 -2.548552512967e-03
37.540000000 -6.334091330781e-04
37.550000000 9.244013321195e-04
37.560000000 2.036293786450e-03
37.570000000 2.661187961457e-03
37.580000000 2.811730652064e-03
37.590000000 2.536819547200e-03
37.600000000 1.904581236876e-03
37.610000000 9.865883432533e-04
37.620000000 -1.443836852728e-04
37.630000000 -1.404759351603e-03
37.640000000 -2.684955887124e-03
37.650000000 -3.850703116506e-03
37.660000000 -4.781716825006e-03
37.670000000 -5.419082444389e-03
37.680000000 -5.799933594626e-03
37.690000000 -6.039302782962e-03
37.700000000 -6.285047023627e-03
37.710000000 -6.678590263059e-03
37.720000000 -7.341124637569e-03
37.730000000 -8.366420423266e-03
37.740000000 -9.802832661378e-03
37.750000000 -1.162779687579e-02
37.760000000 -1.373866100233e-02
37.770000000 -1.597664943887e-02
37.780000000 -1.817568069034e-02
37.790000000 -2.020432941933e-02
37.800000000 -2.198043016817e-02
37.810000000 -2.346327465116e-02
37.820000000 -2.463965756519e-02
37.830000000 -2.551858788619e-02
37.840000000 -2.612616135543e-02
37.850000000 -2.650815871079e-02
37.860000000 -2.672036597607e-02
37.870000000 -2.683758596455e-02
37.880000000 -2.695839569573e-02
37.890000000 -2.719613286057e-02
37.900000000 -2.766160526593e-02
37.910000000 -2.844551138238e-02
37.920000000 -2.960110341816e-02
37.930000000 -3.113590790199e-02
37.940000000 -3.299305408989e-02
37.950000000 -3.503055394732e-02
37.960000000 -3.702044432933e-02
37.970000000 -3.866359745533e-02
37.980000000 -3.962833054195e-02
37.990000000 -3.960897242426e-02
38.000000000 -3.838156813522e-02
38.010000000 -3.584962624085e-02
38.020000000 -3.206775369944e-02
38.030000000 -2.723044944036e-02
38.040000000 -2.164995902632e-02
38.050000000 -1.569870799174e-02
38.060000000 -9.752433845241e-03
38.070000000 -4.124365165885e-03
38.080000000 9.748280502315e-04
38.090000000 5.445019565966e-03
38.100000000 9.282140742427e-03
38.110000000 1.254345943714e-02
38.120000000 1.531884261822e-02
38.130000000 1.769334448849e-02
38.140000000 1.971856126075e-02
38.150000000 2.140272181836e-02
38.160000000 2.271725571854e-02
38.170000000 2.362080784392e-02
38.180000000 2.407808400075e-02
38.190000000 2.407442457021e-02
38.200000000 2.360588780034e-02
38.210000000 2.267637994172e-02
38.220000000 2.130090493054e-02
38.230000000 1.951948300377e-02
38.240000000 1.741339429503e-02
38.250000000 1.511959861620e-02
38.260000000 1.283053162057e-02
38.270000000 1.077194844924e-02
38.280000000 9.149389821709e-03
38.290000000 8.087149236469e-03
38.300000000 7.592014275069e-03
38.310000000 7.552715776546e-03
38.320000000 7.776553532517e-03
38.330000000 8.038463420668e-03
38.340000000 8.129385674847e-03
38.350000000 7.909490552060e-03
38.360000000 7.339248468155e-03
38.370000000 6.480846473876e-03
38.380000000 5.457096246769e-03
38.390000000 4.395931504847e-03
38.400000000 3.392407977684e-03
38.410000000 2.486430959591e-03
38.420000000 1.669021622071e-03
38.430000000 8.955206960879e-04
38.440000000 9.700919192915e-05
38.450000000 -8.092008204904e-04
38.460000000 -1.905568328225e-03
38.470000000 -3.244390427730e-03
38.480000000 -4.809591159803e-03
38.490000000 -6.503065948616e-03
38.500000000 -8.162555399379e-03
38.510000000 -9.610300802161e-03
38.520000000 -1.070292156624e-02
38.530000000 -1.135983959594e-02
38.540000000 -1.157514406450e-02
38.550000000 -1.141364075351e-02
38.560000000 -1.100456249983e-02
38.570000000 -1.050248038763e-02
38.580000000 -1.003145823334e-02
38.590000000 -9.634002172245e-03
38.600000000 -9.250977292324e-03
38.610000000 -8.749395508193e-03
38.620000000 -7.970645582331e-03
38.630000000 -6.763426755582e-03
38.640000000 -4.993024155425e-03
38.650000000 -2.541696601855e-03
38.660000000 6.896732557973e-04
38.670000000 4.748275328005e-03
38.680000000 9.585393943743e-03
38.690000000 1.502479517580e-02
38.700000000 2.077031562695e-02
38.710000000 2.645377655999e-02
38.720000000 3.170204035545e-02
38.730000000 3.619133068662e-02
38.740000000 3.967813323006e-02
38.750000000 4.201447975027e-02
38.760000000 4.314793260043e-02
38.770000000 4.312603817164e-02
38.780000000 4.209477983944e-02
38.790000000 4.029357848053e-02
38.800000000 3.802462823162e-02
38.810000000 3.559996910132e-02
38.820000000 3.327233237778e-02
38.830000000 3.119514348879e-02
38.840000000 2.941493066266e-02
38.850000000 2.790051310511e-02
38.860000000 2.659175343898e-02
38.870000000 2.544376534079e-02
38.880000000 2.446799461771e-02
38.890000000 2.373488937004e-02
38.900000000 2.333986594140e-02
38.910000000 2.333313492375e-02
38.920000000 2.366594167164e-02
38.930000000 2.419782327624e-02
38.940000000 2.474549910652e-02
38.950000000 2.515281073769e-02
38.960000000 2.531461232133e-02
38.970000000 2.516822362713e-02
38.980000000 2.466709611923e-02
38.990000000 2.375098152345e-02
39.000000000 2.233656621841e-02
39.010000000 2.031215995243e-02
39.020000000 1.756777705148e-02
39.030000000 1.403835930394e-02
39.040000000 9.752964574881e-03
39.050000000 4.870620523729e-03
39.060000000 -3.297436296339e-04
39.070000000 -5.489812286944e-03
39.080000000 -1.024884779101e-02
39.090000000 -1.432553336255e-02
39.100000000 -1.757930519069e-02
39.110000000 -2.002749294010e-02
39.120000000 -2.182117269049e-02
39.130000000 -2.319126065246e-02
39.140000000 -2.438601830315e-02
39.150000000 -2.561446967566e-02
39.160000000 -2.700034475421e-02
39.170000000 -2.855586370866e-02
39.180000000 -3.018649059432e-02
39.190000000 -3.171946139066e-02
39.200000000 -3.295461252694e-02
39.210000000 -3.372335949829e-02
39.220000000 -3.394923646095e-02
39.230000000 -3.368253311058e-02
39.240000000 -3.308705954309e-02
39.250000000 -3.238453163989e-02
39.260000000 -3.176469888865e-02
39.270000000 -3.131390289417e-02
39.280000000 -3.100607464161e-02
39.290000000 -3.073737746124e-02
39.300000000 -3.038544002096e-02
39.310000000 -2.983100734563e-02
39.320000000 -2.895135783677e-02
39.330000000 -2.762160026266e-02
39.340000000 -2.574474904975e-02
39.350000000 -2.330758825394e-02
39.360000000 -2.041916198442e-02
39.370000000 -1.731398067512e-02
39.380000000 -1.430073566107e-02
39.390000000 -1.169424920677e-02
39.400000000 -9.750965552694e-03
39.410000000 -8.615961692324e-03
39.420000000 -8.299691154328e-03
39.430000000 -8.681044150893e-03
39.440000000 -9.543115933504e-03
39.450000000 -1.064482173223e-02
39.460000000 -1.178781282471e-02
39.470000000 -1.285640024127e-02
39.480000000 -1.380133825908e-02
39.490000000 -1.459258719802e-02
39.500000000 -1.517381785376e-02
39.510000000 -1.544118639174e-02
39.520000000 -1.526172374975e-02
39.530000000 -1.452936497249e-02
39.540000000 -1.323716720796e-02
39.550000000 -1.151505644263e-02
39.560000000 -9.607286565895e-03
39.570000000 -7.784903020369e-03
39.580000000 -6.250338987309e-03
39.590000000 -5.071523614338e-03
39.600000000 -4.186057051258e-03
39.610000000 -3.455988200969e-03
39.620000000 -2.737604989698e-03
39.630000000 -1.935653123947e-03
39.640000000 -1.010019099631e-03
39.650000000 4.765685575597e-05
39.660000000 1.251103604241e-03
39.670000000 2.631998150971e-03
39.680000000 4.240635142766e-03
39.690000000 6.135106944923e-03
39.700000000 8.366573023469e-03
39.710000000 1.096197126464e-02
39.720000000 1.389082030806e-02
39.730000000 1.702736237166e-02
39.740000000 2.013198684631e-02
39.750000000 2.286382271173e-02
39.760000000 2.485455103042e-02
39.770000000 2.579549009823e-02
39.780000000 2.551173795702e-02
39.790000000 2.400121876477e-02
39.800000000 2.144804894594e-02
39.810000000 1.821220626174e-02
39.820000000 1.478765074499e-02
39.830000000 1.169982691508e-02
39.840000000 9.388818407437e-03
39.850000000 8.117448396176e-03
39.860000000 7.927486442464e-03
39.870000000 8.674322795609e-03
39.880000000 1.008670814506e-02
39.890000000 1.185348916034e-02
39.900000000 1.369390796452e-02
39.910000000 1.539762097463e-02
39.920000000 1.683382742042e-02
39.930000000 1.793452035999e-02
39.940000000 1.866641656253e-02
39.950000000 1.902948593557e-02
39.960000000 1.906361415507e-02
39.970000000 1.886879344838e-02
39.980000000 1.860173433156e-02
39.990000000 1.843944494058e-02
40.000000000 1.852289496402e-02
40.010000000 1.889908676494e-02
40.020000000 1.951040734200e-02
40.030000000 2.022684068210e-02
40.040000000 2.090219838853e-02
40.050000000 2.141161840970e-02
40.060000000 2.166263015273e-02
40.070000000 2.157993202068e-02
40.080000000 2.109650094391e-02
40.090000000 2.015682496325e-02
40.100000000 1.873550618981e-02
40.110000000 1.685346651513e-02
40.120000000 1.457834641047e-02
40.130000000 1.201193736852e-02
40.140000000 9.263955989418e-03
40.150000000 6.432398674562e-03
40.160000000 3.598917036680e-03
40.170000000 8.362741942245e-04
40.180000000 -1.772130995195e-03
40.190000000 -4.120614449317e-03
40.200000000 -6.080536116250e-03
40.210000000 -7.524628743760e-03
40.220000000 -8.357575027919e-03
40.230000000 -8.552712598773e-03
40.240000000 -8.167049569434e-03
40.250000000 -7.320581645217e-03
40.260000000 -6.163294177911e-03
40.270000000 -4.844164924439e-03
40.280000000 -3.515573594836e-03
40.290000000 -2.352241419798e-03
40.300000000 -1.562821786872e-03
40.310000000 -1.363620653642e-03
40.320000000 -1.917882090012e-03
40.330000000 -3.261580533387e-03
40.340000000 -5.265886654063e-03
40.350000000 -7.654689143459e-03
40.360000000 -1.008418337787e-02
40.370000000 -1.224970124762e-02
40.380000000 -1.394995634566e-02
40.390000000 -1.510439533726e-02
40.400000000 -1.571179672507e-02
40.410000000 -1.580088810413e-02
40.420000000 -1.539571864042e-02
40.430000000 -1.450746401694e-02
40.440000000 -1.315345498812e-02
40.450000000 -1.138571216309e-02
40.460000000 -9.311238151213e-03
40.470000000 -7.091545910496e-03
40.480000000 -4.906558950704e-03
40.490000000 -2.916914867259e-03
40.500000000 -1.227937625265e-03
40.510000000 1.144698413653e-04
40.520000000 1.107442415756e-03
40.530000000 1.770657757643e-03
40.540000000 2.133961409440e-03
40.550000000 2.232469007454e-03
40.560000000 2.108508919823e-03
40.570000000 1.807228734663e-03
40.580000000 1.365777385896e-03
40.590000000 8.010125457927e-04
40.600000000 1.046615220684e-04
40.610000000 -7.384976394901e-04
40.620000000 -1.721050536270e-03
40.630000000 -2.783387718485e-03
40.640000000 -3.800520857265e-03
40.650000000 -4.603816543197e-03
40.660000000 -5.014690128011e-03
40.670000000 -4.886991648990e-03
40.680000000 -4.147189570924e-03
40.690000000 -2.805629323809e-03
40.700000000 -9.660494564676e-04
40.710000000 1.176138966419e-03
40.720000000 3.349479597313e-03
40.730000000 5.240167604123e-03
40.740000000 6.558813722342e-03
40.750000000 7.099167208551e-03
40.760000000 6.776316646733e-03
40.770000000 5.619194975967e-03
40.780000000 3.739720702340e-03
40.790000000 1.296040297619e-03
40.800000000 -1.531901755096e-03
40.810000000 -4.553485111935e-03
40.820000000 -7.575283752433e-03
40.830000000 -1.042000596154e-02
40.840000000 -1.295319079446e-02
40.850000000 -1.510672669134e-02
40.860000000 -1.687905754325e-02
40.870000000 -1.831519390302e-02
40.880000000 -1.947582623997e-02
40.890000000 -2.041018795270e-02
40.900000000 -2.113956469013e-02
40.910000000 -2.165848628603e-02
40.920000000 -2.193520475147e-02
40.930000000 -2.192346796578e-02
40.940000000 -2.156942901726e-02
40.950000000 -2.081838640682e-02
40.960000000 -1.961961406696e-02
40.970000000 -1.792826345580e-02
40.980000000 -1.570449151672e-02
40.990000000 -1.291668470863e-02
41.000000000 -9.548318815495e-03
41.010000000 -5.615314781091e-03
41.020000000 -1.194894426936e-03
41.030000000 3.556061051283e-03
41.040000000 8.389237833053e-03
41.050000000 1.298349252247e-02
41.060000000 1.699351829221e-02
41.070000000 2.010636611262e-02
41.080000000 2.209729332037e-02
41.090000000 2.286027198844e-02
41.100000000 2.241832989014e-02
41.110000000 2.092638975728e-02
41.120000000 1.865308792757e-02
41.130000000 1.593570151577e-02
41.140000000 1.311627657908e-02
41.150000000 1.047900498500e-02
41.160000000 8.218156065284e-03
41.170000000 6.437397680766e-03
41.180000000 5.167585012825e-03
41.190000000 4.373956419630e-03
41.200000000 3.950526883095e-03
41.210000000 3.739619521362e-03
41.220000000 3.562902124111e-03
41.230000000 3.266424653559e-03
41.240000000 2.752411370180e-03
41.250000000 1.993922075420e-03
41.260000000 1.025688261109e-03
41.270000000 -6.123406306334e-05
41.280000000 -1.146604681371e-03
41.290000000 -2.119201346797e-03
41.300000000 -2.911153442976e-03
41.310000000 -3.519155003271e-03
41.320000000 -3.990728890396e-03
41.330000000 -4.391749894399e-03
41.340000000 -4.763646005191e-03
41.350000000 -5.093504112040e-03
41.360000000 -5.312173478575e-03
41.370000000 -5.323841760065e-03
41.380000000 -5.059528357954e-03
41.390000000 -4.515300308024e-03
41.400000000 -3.766025503113e-03
41.410000000 -2.939387544132e-03
41.420000000 -2.184642848572e-03
41.430000000 -1.645467011802e-03
41.440000000 -1.431417632342e-03
41.450000000 -1.598843068147e-03
41.460000000 -2.146562346827e-03
41.470000000 -3.016876699969e-03
41.480000000 -4.109090287252e-03
41.490000000 -5.291941281247e-03
41.500000000 -6.404239531977e-03
41.510000000 -7.265819867886e-03
41.520000000 -7.703513746735e-03
41.530000000 -7.599117496009e-03
41.540000000 -6.928596870131e-03
41.550000000 -5.777909215379e-03
41.560000000 -4.324334425629e-03
41.570000000 -2.791737929266e-03
41.580000000 -1.399392700337e-03
41.590000000 -3.278228293745e-04
41.600000000 2.992915401094e-04
41.610000000 4.273063982296e-04
41.620000000 6.614086637509e-05
41.630000000 -7.265332397370e-04
41.640000000 -1.872254647191e-03
41.650000000 -3.303946751722e-03
41.660000000 -4.982160262915e-03
41.670000000 -6.896139021382e-03
41.680000000 -9.039677059784e-03
41.690000000 -1.138219372793e-02
41.700000000 -1.384576156544e-02
41.710000000 -1.629413627431e-02
41.720000000 -1.855135265850e-02
41.730000000 -2.045353647729e-02
41.740000000 -2.190252304967e-02
41.750000000 -2.290367850064e-02
41.760000000 -2.355508303869e-02
41.770000000 -2.398950956312e-02
41.780000000 -2.431090183247e-02
41.790000000 -2.454788940206e-02
41.800000000 -2.464678636164e-02
41.810000000 -2.450422572204e-02
41.820000000 -2.400066070892e-02
41.830000000 -2.304099412074e-02
41.840000000 -2.158500587514e-02
41.850000000 -1.967479392724e-02
41.860000000 -1.744985225556e-02
41.870000000 -1.511670374540e-02
41.880000000 -1.289530624816e-02
41.890000000 -1.095598662316e-02
41.900000000 -9.375556464302e-03
41.910000000 -8.128609783842e-03
41.920000000 -7.119477879719e-03
41.930000000 -6.230534479196e-03
41.940000000 -5.370367199549e-03
41.950000000 -4.506404896871e-03
41.960000000 -3.663680151975e-03
41.970000000 -2.890420381993e-03
41.980000000 -2.215704515428e-03
41.990000000 -1.614485457896e-03
42.000000000 -1.000530593974e-03
42.010000000 -2.471566038033e-04
42.020000000 7.857192545401e-04
42.030000000 2.218363529655e-03
42.040000000 4.129931761615e-03
42.050000000 6.539609243408e-03
42.060000000 9.402805083802e-03
42.070000000 1.262539527364e-02
42.080000000 1.607626595436e-02
42.090000000 1.959532120817e-02
42.100000000 2.299556864786e-02
42.110000000 2.608445640576e-02
42.120000000 2.870002894121e-02
42.130000000 3.074513665775e-02
42.140000000 3.218190252958e-02
42.150000000 3.300645266389e-02
42.160000000 3.322456961009e-02
42.170000000 3.284897967654e-02
42.180000000 3.192797156510e-02
42.190000000 3.056667468029e-02
42.200000000 2.892478926063e-02
42.210000000 2.718560261194e-02
42.220000000 2.550299249858e-02
42.230000000 2.396854959428e-02
42.240000000 2.259615868592e-02
42.250000000 2.133055104959e-02
42.260000000 2.007398625970e-02
42.270000000 1.872199097028e-02
42.280000000 1.720063260025e-02
42.290000000 1.548296242618e-02
42.300000000 1.360747918884e-02
42.310000000 1.168766722382e-02
42.320000000 9.917072935435e-03
42.330000000 8.537199377998e-03
42.340000000 7.785864285503e-03
42.350000000 7.851303606906e-03
42.360000000 8.838737346647e-03
42.370000000 1.076069479896e-02
42.380000000 1.351807946348e-02
42.390000000 1.689520744157e-02
42.400000000 2.057067215368e-02
42.410000000 2.415105137443e-02
42.420000000 2.722489280041e-02
42.430000000 2.942392540094e-02
42.440000000 3.048959511227e-02
42.450000000 3.031551160654e-02
42.460000000 2.895472788136e-02
42.470000000 2.658739712364e-02
42.480000000 2.346010978666e-02
42.490000000 1.982346448879e-02
42.500000000 1.588274696661e-02
42.510000000 1.178289776574e-02
42.520000000 7.625512115701e-03
42.530000000 3.510923078882e-03
42.540000000 -4.323725328558e-04
42.550000000 -4.047613675437e-03
42.560000000 -7.177520320175e-03
42.570000000 -9.708920993581e-03
42.580000000 -1.160685563476e-02
42.590000000 -1.293400341763e-02
42.600000000 -1.384480545606e-02
42.610000000 -1.455125898529e-02
42.620000000 -1.527176758109e-02
42.630000000 -1.618273521695e-02
42.640000000 -1.737923452430e-02
42.650000000 -1.885690102346e-02
42.660000000 -2.050648586484e-02
42.670000000 -2.213158609915e-02
42.680000000 -2.348754517964e-02
42.690000000 -2.433289220193e-02
42.700000000 -2.448845155463e-02
42.710000000 -2.386853991781e-02
42.720000000 -2.249970201055e-02
42.730000000 -2.050393827337e-02
42.740000000 -1.806669909227e-02
42.750000000 -1.538090795584e-02
42.760000000 -1.260214496118e-02
42.770000000 -9.836936272165e-03
42.780000000 -7.174880506242e-03
42.790000000 -4.734015109305e-03
42.800000000 -2.676763706798e-03
42.810000000 -1.193124272564e-03
42.820000000 -4.460803344817e-04
42.830000000 -5.176951297780e-04
42.840000000 -1.372302582984e-03
42.850000000 -2.854810605182e-03
42.860000000 -4.735258425382e-03
42.870000000 -6.753334249043e-03
42.880000000 -8.656637277831e-03
42.890000000 -1.022519246937e-02
42.900000000 -1.129446242368e-02
42.910000000 -1.178068355574e-02
42.920000000 -1.168216166996e-02
42.930000000 -1.105404126087e-02
42.940000000 -9.976919157841e-03
42.950000000 -8.529322556996e-03
42.960000000 -6.781976797842e-03
42.970000000 -4.801964346365e-03
42.980000000 -2.665987828821e-03
42.990000000 -4.752555084553e-04
43.000000000 1.638688055631e-03
43.010000000 3.529745863376e-03
43.020000000 5.071357233007e-03
43.030000000 6.188341681788e-03
43.040000000 6.859111272383e-03
43.050000000 7.094930946947e-03
43.060000000 6.906531913769e-03
43.070000000 6.291839581949e-03
43.080000000 5.246794585268e-03
43.090000000 3.783400363732e-03
43.100000000 1.949765349368e-03
43.110000000 -1.589058643821e-04
43.120000000 -2.399690776545e-03
43.130000000 -4.579581876239e-03
43.140000000 -6.484775367960e-03
43.150000000 -7.929071808392e-03
43.160000000 -8.814351824941e-03
43.170000000 -9.158628410073e-03
43.180000000 -9.075698113672e-03
43.190000000 -8.713200257508e-03
43.200000000 -8.178326081255e-03
43.210000000 -7.487474862137e-03
43.220000000 -6.580111403405e-03
43.230000000 -5.382512999703e-03
43.240000000 -3.881851605832e-03
43.250000000 -2.163069777833e-03
43.260000000 -3.853751056936e-04
43.270000000 1.274062376017e-03
43.280000000 2.660281006581e-03
43.290000000 3.654861457174e-03
43.300000000 4.166229142415e-03
43.310000000 4.125812592166e-03
43.320000000 3.501092757603e-03
43.330000000 2.317886579933e-03
43.340000000 6.763873859886e-04
43.350000000 -1.256467091422e-03
43.360000000 -3.273239483758e-03
43.370000000 -5.162837702686e-03
43.380000000 -6.735028144774e-03
43.390000000 -7.836828022581e-03
43.400000000 -8.378889595122e-03
43.410000000 -8.349929523881e-03
43.420000000 -7.824481741067e-03
43.430000000 -6.945939819759e-03
43.440000000 -5.886492705179e-03
43.450000000 -4.797033262770e-03
43.460000000 -3.778226194200e-03
43.470000000 -2.883245187835e-03
43.480000000 -2.155818537243e-03
43.490000000 -1.658826768915e-03
43.500000000 -1.472962090857e-03
43.510000000 -1.649989327634e-03
43.520000000 -2.160634875084e-03
43.530000000 -2.870799999086e-03
43.540000000 -3.567468688570e-03
43.550000000 -4.013383095170e-03
43.560000000 -4.022617134391e-03
43.570000000 -3.519091734378e-03
43.580000000 -2.561342628265e-03
43.590000000 -1.310905783872e-03
43.600000000 3.779445847515e-05
43.610000000 1.332520068628e-03
43.620000000 2.499483590663e-03
43.630000000 3.536708353426e-03
43.640000000 4.478404213575e-03
43.650000000 5.349487415061e-03
43.660000000 6.136325326649e-03
43.670000000 6.764653570983e-03
43.680000000 7.118241433161e-03
43.690000000 7.087147532745e-03
43.700000000 6.628305871328e-03
43.710000000 5.795963177488e-03
43.720000000 4.729312914289e-03
43.730000000 3.602085171087e-03
43.740000000 2.567618211933e-03
43.750000000 1.717245751186e-03
43.760000000 1.071664882692e-03
43.770000000 6.011315192234e-04
43.780000000 2.570431365200e-04
43.790000000 2.705748411609e-06
43.800000000 -1.765208682445e-04
43.810000000 -2.850676840209e-04
43.820000000 -3.295207821105e-04
43.830000000 -3.249533373640e-04
43.840000000 -2.892738859720e-04
43.850000000 -2.393646317005e-04
43.860000000 -2.027092398260e-04
43.870000000 -2.217151780090e-04
43.880000000 -3.587564937478e-04
43.890000000 -6.835369424071e-04
43.900000000 -1.256461097679e-03
43.910000000 -2.116544911926e-03
43.920000000 -3.271600430242e-03
43.930000000 -4.682882624368e-03
43.940000000 -6.251079317678e-03
43.950000000 -7.813281142567e-03
43.960000000 -9.167528346782e-03
43.970000000 -1.012289528546e-02
43.980000000 -1.052935011502e-02
43.990000000 -1.028948539780e-02
44.000000000 -9.357034294597e-03
44.010000000 -7.738154314681e-03
44.020000000 -5.522595022469e-03
44.030000000 -2.900534842734e-03
44.040000000 -1.465313010086e-04
44.050000000 2.439049197569e-03
44.060000000 4.614410408900e-03
44.070000000 6.257280743453e-03
44.080000000 7.392408683777e-03
44.090000000 8.163980096754e-03
44.100000000 8.762489258631e-03
44.110000000 9.334942781145e-03
44.120000000 9.919959725225e-03
44.130000000 1.044700769242e-02
44.140000000 1.078670076735e-02
44.150000000 1.080065423160e-02
44.160000000 1.037523124441e-02
44.170000000 9.429445043131e-03
44.180000000 7.928329844228e-03
44.190000000 5.903653191342e-03
44.200000000 3.453764693449e-03
44.210000000 7.271386596845e-04
44.220000000 -2.100739598619e-03
44.230000000 -4.839832044412e-03
44.240000000 -7.297363858180e-03
44.250000000 -9.302786996967e-03
44.260000000 -1.073095925100e-02
44.270000000 -1.151627938191e-02
44.280000000 -1.165156109576e-02
44.290000000 -1.117741271952e-02
44.300000000 -1.019030689466e-02
44.310000000 -8.857565817160e-03
44.320000000 -7.408084850558e-03
44.330000000 -6.088076681052e-03
44.340000000 -5.088674407238e-03
44.350000000 -4.492849152210e-03
44.360000000 -4.276372529179e-03
44.370000000 -4.349073152035e-03
44.380000000 -4.608642352443e-03
44.390000000 -4.964768858039e-03
44.400000000 -5.342702464297e-03
44.410000000 -5.681283163044e-03
44.420000000 -5.932321241777e-03
44.430000000 -6.056970887985e-03
44.440000000 -6.015763041765e-03
44.450000000 -5.756484986071e-03
44.460000000 -5.210680665955e-03
44.470000000 -4.317012925615e-03
44.480000000 -3.058669163078e-03
44.490000000 -1.501512141866e-03
44.500000000 2.009194009412e-04
44.510000000 1.850594508770e-03
44.520000000 3.279166643530e-03
44.530000000 4.403512200145e-03
44.540000000 5.244609907101e-03
44.550000000 5.892453364259e-03
44.560000000 6.459282474575e-03
44.570000000 7.041410508323e-03
44.580000000 7.701243875913e-03
44.590000000 8.472054161002e-03
44.600000000 9.361364783990e-03
44.610000000 1.036168016293e-02
44.620000000 1.144876550757e-02
44.630000000 1.258649667602e-02
44.640000000 1.372556241467e-02
44.650000000 1.480620826090e-02
44.660000000 1.576241335298e-02
44.670000000 1.652845493537e-02
44.680000000 1.704285965139e-02
44.690000000 1.725683575806e-02
44.700000000 1.713484401784e-02
44.710000000 1.665328371612e-02
44.720000000 1.580273300391e-02
44.730000000 1.459632639829e-02
44.740000000 1.308559947354e-02
44.750000000 1.137642849702e-02
44.760000000 9.633016453311e-03
44.770000000 8.054504079344e-03
44.780000000 6.835526393491e-03
44.790000000 6.115536234472e-03
44.800000000 5.938502743100e-03
44.810000000 6.239201357213e-03
44.820000000 6.864118275644e-03
44.830000000 7.624207499323e-03
44.840000000 8.346629302526e-03
44.850000000 8.912755638493e-03
44.860000000 9.257129758321e-03
44.870000000 9.346503106377e-03
44.880000000 9.156955661504e-03
44.890000000 8.664216371740e-03
44.900000000 7.844699494042e-03
44.910000000 6.684455794036e-03
44.920000000 5.198167127127e-03
44.930000000 3.449059987629e-03
44.940000000 1.557735790791e-03
44.950000000 -3.154334639041e-04
44.960000000 -1.987244417687e-03
44.970000000 -3.279879259769e-03
44.980000000 -4.050231262392e-03
44.990000000 -4.224310255138e-03
45.000000000 -3.843990945902e-03
45.010000000 -3.075157063414e-03
45.020000000 -2.176441388445e-03
45.030000000 -1.423742815149e-03
45.040000000 -1.019393733758e-03
45.050000000 -1.030817217495e-03
45.060000000 -1.385858212169e-03
45.070000000 -1.917731059082e-03
45.080000000 -2.438133863327e-03
45.090000000 -2.792728446033e-03
45.100000000 -2.878533010288e-03
45.110000000 -2.635490975045e-03
45.120000000 -2.030792315026e-03
45.130000000 -1.065788306885e-03
45.140000000 2.020339908705e-04
45.150000000 1.646741897144e-03
45.160000000 3.084872261964e-03
45.170000000 4.316073959923e-03
45.180000000 5.164233342318e-03
45.190000000 5.505070877117e-03
45.200000000 5.278276514622e-03
45.210000000 4.503167246128e-03
45.220000000 3.283572109261e-03
45.230000000 1.782689130431e-03
45.240000000 1.712720991533e-04
45.250000000 -1.417878685550e-03
45.260000000 -2.904893573276e-03
45.270000000 -4.236367855586e-03
45.280000000 -5.364563014922e-03
45.290000000 -6.243972115338e-03
45.300000000 -6.844342576118e-03
45.310000000 -7.165128068029e-03
45.320000000 -7.228669718706e-03
45.330000000 -7.069072581593e-03
45.340000000 -6.727299051614e-03
45.350000000 -6.241391663333e-03
45.360000000 -5.652305799620e-03
45.370000000 -5.002387516437e-03
45.380000000 -4.340108472264e-03
45.390000000 -3.723509813965e-03
45.400000000 -3.209472118972e-03
45.410000000 -2.852022977628e-03
45.420000000 -2.696008640173e-03
45.430000000 -2.769281298485e-03
45.440000000 -3.085619526858e-03
45.450000000 -3.646753766369e-03
45.460000000 -4.448611140718e-03
45.470000000 -5.477554476756e-03
45.480000000 -6.696691317042e-03
45.490000000 -8.032549083789e-03
45.500000000 -9.386790248100e-03
45.510000000 -1.067276678170e-02
45.520000000 -1.184078338325e-02
45.530000000 -1.287680660200e-02
45.540000000 -1.376494529708e-02
45.550000000 -1.445256795468e-02
45.560000000 -1.484615244043e-02
45.570000000 -1.484833193375e-02
45.580000000 -1.440936165700e-02
45.590000000 -1.355248603894e-02
45.600000000 -1.236988667174e-02
45.610000000 -1.097954704799e-02
45.620000000 -9.480653884223e-03
45.630000000 -7.926124166570e-03
45.640000000 -6.322650087531e-03
45.650000000 -4.649843450034e-03
45.660000000 -2.878793546152e-03
45.670000000 -9.857613721159e-04
45.680000000 1.025198080908e-03
45.690000000 3.093521270511e-03
45.700000000 5.100618239720e-03
45.710000000 6.902628634342e-03
45.720000000 8.382270171541e-03
45.730000000 9.484902314663e-03
45.740000000 1.021400525981e-02
45.750000000 1.058445393342e-02
45.760000000 1.058621946202e-02
45.770000000 1.018176027322e-02
45.780000000 9.349606461030e-03
45.790000000 8.124191276859e-03
45.800000000 6.620767093339e-03
45.810000000 5.002998925751e-03
45.820000000 3.432727739830e-03
45.830000000 2.023855707583e-03
45.840000000 8.223618891725e-04
45.850000000 -1.803785937628e-04
45.860000000 -1.025056455632e-03
45.870000000 -1.767576446120e-03
45.880000000 -2.467612949616e-03
45.890000000 -3.188270332484e-03
45.900000000 -3.980657935940e-03
45.910000000 -4.859212368204e-03
45.920000000 -5.789247136662e-03
45.930000000 -6.681297780169e-03
45.940000000 -7.416667384797e-03
45.950000000 -7.878871785799e-03
45.960000000 -7.984555181308e-03
45.970000000 -7.694694983554e-03
45.980000000 -7.020628081272e-03
45.990000000 -6.018437798588e-03
46.000000000 -4.789623525057e-03
46.010000000 -3.477445976176e-03
46.020000000 -2.251644044922e-03
46.030000000 -1.275846321992e-03
46.040000000 -6.741982522296e-04
46.050000000 -5.179279917893e-04
46.060000000 -8.262119275227e-04
46.070000000 -1.571968851680e-03
46.080000000 -2.667172514961e-03
46.090000000 -3.953138192663e-03
46.100000000 -5.211749194108e-03
46.110000000 -6.217473972748e-03
46.120000000 -6.810019943972e-03
46.130000000 -6.949149207555e-03
46.140000000 -6.719143848479e-03
46.150000000 -6.297090722342e-03
46.160000000 -5.893075710233e-03
46.170000000 -5.686417093889e-03
46.180000000 -5.783510440501e-03
46.190000000 -6.186301427412e-03
46.200000000 -6.791682951678e-03
46.210000000 -7.434694443091e-03
46.220000000 -7.959367217079e-03
46.230000000 -8.287941717625e-03
46.240000000 -8.443060161455e-03
46.250000000 -8.503118536725e-03
46.260000000 -8.524434444649e-03
46.270000000 -8.490440115592e-03
46.280000000 -8.316605037684e-03
46.290000000 -7.902699730862e-03
46.300000000 -7.185264100063e-03
46.310000000 -6.174711842251e-03
46.320000000 -4.960615054947e-03
46.330000000 -3.697062249513e-03
46.340000000 -2.562550703821e-03
46.350000000 -1.715587776070e-03
46.360000000 -1.246938092614e-03
46.370000000 -1.166117684839e-03
46.380000000 -1.393109266219e-03
46.390000000 -1.778525683732e-03
46.400000000 -2.143312265975e-03
46.410000000 -2.313030404619e-03
46.420000000 -2.147540984417e-03
46.430000000 -1.558774155140e-03
46.440000000 -5.199074043229e-04
46.450000000 9.198682428411e-04
46.460000000 2.644559924831e-03
46.470000000 4.496651387880e-03
46.480000000 6.330575260983e-03
46.490000000 8.042505781288e-03
46.500000000 9.576270841681e-03
46.510000000 1.091126668332e-02
46.520000000 1.204052589300e-02
46.530000000 1.296029685067e-02
46.540000000 1.367536049112e-02
46.550000000 1.420007509599e-02
46.560000000 1.456405887971e-02
46.570000000 1.480806104469e-02
46.580000000 1.497415218984e-02
46.590000000 1.509464428060e-02
46.600000000 1.517820300367e-02
46.610000000 1.520542940320e-02
46.620000000 1.512869172466e-02
46.630000000 1.487287289582e-02
46.640000000 1.434876199070e-02
46.650000000 1.346311379893e-02
46.660000000 1.214496772115e-02
46.670000000 1.037008552478e-02
46.680000000 8.178838947155e-03
46.690000000 5.682887184607e-03
46.700000000 3.048527649194e-03
46.710000000 4.641559008421e-04
46.720000000 -1.897183212388e-03
46.730000000 -3.914543940975e-03
46.740000000 -5.538502434248e-03
46.750000000 -6.779003238994e-03
46.760000000 -7.673224802945e-03
46.770000000 -8.254674870901e-03
46.780000000 -8.543623717737e-03
46.790000000 -8.546380658063e-03
46.800000000 -8.267768107620e-03
46.810000000 -7.716964376605e-03
46.820000000 -6.904334758181e-03
46.830000000 -5.853261272398e-03
46.840000000 -4.619697501174e-03
46.850000000 -3.300224185109e-03
46.860000000 -2.024279551420e-03
46.870000000 -9.161760452809e-04
46.880000000 -5.687928622159e-05
46.890000000 5.361643248550e-04
46.900000000 8.951482701033e-04
46.910000000 1.073330311602e-03
46.920000000 1.118192857436e-03
46.930000000 1.062851762393e-03
46.940000000 9.268925097068e-04
46.950000000 7.137487493980e-04
46.960000000 4.175145718902e-04
46.970000000 2.736783381841e-05
46.980000000 -4.660128575339e-04
46.990000000 -1.055338351903e-03
47.000000000 -1.695016579726e-03
47.010000000 -2.289031082236e-03
47.020000000 -2.707456855867e-03
47.030000000 -2.843149427505e-03
47.040000000 -2.671594874157e-03
47.050000000 -2.264563636130e-03
47.060000000 -1.759416527266e-03
47.070000000 -1.281714309039e-03
47.080000000 -8.930612101032e-04
47.090000000 -5.722893384772e-04
47.100000000 -2.338552254111e-04
47.110000000 2.303344823963e-04
47.120000000 9.185303684097e-04
47.130000000 1.900425994503e-03
47.140000000 3.207930304250e-03
47.150000000 4.828495589507e-03
47.160000000 6.705087127403e-03
47.170000000 8.733256997438e-03
47.180000000 1.076697189067e-02
47.190000000 1.263864173514e-02
47.200000000 1.418144212071e-02
47.210000000 1.526558998791e-02
47.220000000 1.583687434435e-02
47.230000000 1.593825667857e-02
47.240000000 1.570106081105e-02
47.250000000 1.530229504325e-02
47.260000000 1.491527693796e-02
47.270000000 1.465713832181e-02
47.280000000 1.455973242598e-02
47.290000000 1.457191209399e-02
47.300000000 1.459025868409e-02
47.310000000 1.450403234235e-02
47.320000000 1.422901057884e-02
47.330000000 1.372378099139e-02
47.340000000 1.299408301620e-02
47.350000000 1.210045509516e-02
47.360000000 1.114386915277e-02
47.370000000 1.023190025844e-02
47.380000000 9.444604664814e-03
47.390000000 8.822460950754e-03
47.400000000 8.385105184593e-03
47.410000000 8.158523792820e-03
47.420000000 8.188703280678e-03
47.430000000 8.535519124620e-03
47.440000000 9.247379178808e-03
47.450000000 1.033257447956e-02
47.460000000 1.173391895522e-02
47.470000000 1.332257659285e-02
47.480000000 1.490192537560e-02
47.490000000 1.623754640473e-02
47.500000000 1.709859896266e-02
47.510000000 1.731208483342e-02
47.520000000 1.680747860931e-02
47.530000000 1.562386993289e-02
47.540000000 1.388483988011e-02
47.550000000 1.175480539493e-02
47.560000000 9.406335538756e-03
47.570000000 7.000798523988e-03
47.580000000 4.667884086332e-03
47.590000000 2.494553732857e-03
47.600000000 5.335769495745e-04
47.610000000 -1.183430772175e-03
47.620000000 -2.629402886494e-03
47.630000000 -3.783548018883e-03
47.640000000 -4.630951849028e-03
47.650000000 -5.165416527289e-03
47.660000000 -5.395608770881e-03
47.670000000 -5.349795205688e-03
47.680000000 -5.086160323793e-03
47.690000000 -4.706638065006e-03
47.700000000 -4.346991550797e-03
47.710000000 -4.153872037323e-03
47.720000000 -4.245473233439e-03
47.730000000 -4.684456405566e-03
47.740000000 -5.471506488982e-03
47.750000000 -6.547728424207e-03
47.760000000 -7.810690295830e-03
47.770000000 -9.136317086559e-03
47.780000000 -1.041045509383e-02
47.790000000 -1.155487832902e-02
47.800000000 -1.253573919663e-02
47.810000000 -1.335439920320e-02
47.820000000 -1.403436862049e-02
47.830000000 -1.460035084316e-02
47.840000000 -1.506530311827e-02
47.850000000 -1.543338685091e-02
47.860000000 -1.571524799622e-02
47.870000000 -1.594421873274e-02
47.880000000 -1.617976260310e-02
47.890000000 -1.649296127202e-02
47.900000000 -1.694759041213e-02
47.910000000 -1.757441720916e-02
47.920000000 -1.835284109413e-02
47.930000000 -1.917596697014e-02
47.940000000 -1.986228508732e-02
47.950000000 -2.019521645184e-02
47.960000000 -1.999290195726e-02
47.970000000 -1.916421027739e-02
47.980000000 -1.773034466795e-02
47.990000000 -1.581159902080e-02
48.000000000 -1.359233842840e-02
48.010000000 -1.127622453611e-02
48.020000000 -9.047439742022e-03
48.030000000 -7.039330714407e-03
48.040000000 -5.322111724102e-03
48.050000000 -3.895573244351e-03
48.060000000 -2.707123662053e-03
48.070000000 -1.689710502666e-03
48.080000000 -7.971158023565e-04
48.090000000 -1.754021443903e-05
48.100000000 6.425211323915e-04
48.110000000 1.183046929701e-03
48.120000000 1.623336643163e-03
48.130000000 1.996754185264e-03
48.140000000 2.334668018714e-03
48.150000000 2.655439809090e-03
48.160000000 2.964300271281e-03
48.170000000 3.263896898194e-03
48.180000000 3.568046741260e-03
48.190000000 3.908093548563e-03
48.200000000 4.324285357236e-03
48.210000000 4.849094683882e-03
48.220000000 5.489485592406e-03
48.230000000 6.221928701410e-03
48.240000000 6.992189193906e-03
48.250000000 7.735458100008e-03
48.260000000 8.391510783737e-03
48.270000000 8.917804297195e-03
48.280000000 9.297677229243e-03
48.290000000 9.543263517302e-03
48.300000000 9.698629005601e-03
48.310000000 9.833493654778e-03
48.320000000 1.002714582178e-02
48.330000000 1.033550067333e-02
48.340000000 1.076682676393e-02
48.350000000 1.125956205548e-02
48.360000000 1.168627095288e-02
48.370000000 1.187929498739e-02
48.380000000 1.167767900647e-02
48.390000000 1.097629255713e-02
48.400000000 9.757711247173e-03
48.410000000 8.093853892409e-03
48.420000000 6.131007656749e-03
48.430000000 4.079260774362e-03
48.440000000 2.179702735768e-03
48.450000000 6.550050282394e-04
48.460000000 -3.505589774543e-04
48.470000000 -8.151921077502e-04
48.480000000 -8.340850736889e-04
48.490000000 -5.814281632944e-04
48.500000000 -2.485408801269e-04
48.510000000 1.116063105524e-05
48.520000000 1.136531229874e-04
48.530000000 4.306334716631e-05
48.540000000 -1.804756727600e-04
48.550000000 -5.312309208246e-04
48.560000000 -9.981257979020e-04
48.570000000 -1.585366980228e-03
48.580000000 -2.294092494766e-03
48.590000000 -3.098423794597e-03
48.600000000 -3.931574907301e-03
48.610000000 -4.688110376773e-03
48.620000000 -5.256722766043e-03
48.630000000 -5.561853193323e-03
48.640000000 -5.595105150459e-03
48.650000000 -5.421325925743e-03
48.660000000 -5.155645452800e-03
48.670000000 -4.921210467205e-03
48.680000000 -4.804994770975e-03
48.690000000 -4.837568553728e-03
48.700000000 -5.002642241415e-03
48.710000000 -5.271552077431e-03
48.720000000 -5.632395186818e-03
48.730000000 -6.088183172800e-03
48.740000000 -6.650450860817e-03
48.750000000 -7.312245167981e-03
48.760000000 -8.038752120060e-03
48.770000000 -8.760451146431e-03
48.780000000 -9.387093159386e-03
48.790000000 -9.838157653617e-03
48.800000000 -1.005832351401e-02
48.810000000 -1.002733629987e-02
48.820000000 -9.751693444304e-03
48.830000000 -9.256499768797e-03
48.840000000 -8.580227024350e-03
48.850000000 -7.775469342949e-03
48.860000000 -6.915043167308e-03
48.870000000 -6.089781500441e-03
48.880000000 -5.386492822548e-03
48.890000000 -4.853126078048e-03
48.900000000 -4.473767894246e-03
48.910000000 -4.173865758680e-03
48.920000000 -3.850604021056e-03
48.930000000 -3.416335031119e-03
48.940000000 -2.833705839430e-03
48.950000000 -2.125215294389e-03
48.960000000 -1.372961327757e-03
48.970000000 -6.925891732245e-04
48.980000000 -2.030116241569e-04
48.990000000 3.538644228864e-06
49.000000000 -1.252868790168e-04
49.010000000 -5.984693691892e-04
49.020000000 -1.385728638743e-03
49.030000000 -2.421727731309e-03
49.040000000 -3.614917882153e-03
49.050000000 -4.848761888809e-03
49.060000000 -5.987939143117e-03
49.070000000 -6.892669433052e-03
49.080000000 -7.435531829125e-03
49.090000000 -7.535379780996e-03
49.100000000 -7.170610379471e-03
49.110000000 -6.385377957177e-03
49.120000000 -5.276665232304e-03
49.130000000 -3.974961297293e-03
49.140000000 -2.612872891880e-03
49.150000000 -1.295161308564e-03
49.160000000 -8.633022050013e-05
49.170000000 9.894294117612e-04
49.180000000 1.929001030036e-03
49.190000000 2.739865128779e-03
49.200000000 3.426774655253e-03
49.210000000 3.994828995743e-03
49.220000000 4.449447809568e-03
49.230000000 4.799022254034e-03
49.240000000 5.054182155657e-03
49.250000000 5.226669711143e-03
49.260000000 5.324459058135e-03
49.270000000 5.357701535619e-03
49.280000000 5.333120032089e-03
49.290000000 5.261775715580e-03
49.300000000 5.156846840321e-03
49.310000000 5.033418115916e-03
49.320000000 4.904952794579e-03
49.330000000 4.781796653104e-03
49.340000000 4.669814677846e-03
49.350000000 4.569832655873e-03
49.360000000 4.486320227983e-03
49.370000000 4.425156025976e-03
49.380000000 4.403045531372e-03
49.390000000 4.441293691604e-03
49.400000000 4.568290846930e-03
49.410000000 4.807730524704e-03
49.420000000 5.163805101525e-03
49.430000000 5.606445579353e-03
49.440000000 6.074360164610e-03
49.450000000 6.495744839391e-03
49.460000000 6.820981883088e-03
49.470000000 7.039797739854e-03
49.480000000 7.169222179851e-03
49.490000000 7.227982934032e-03
49.500000000 7.216920581054e-03
49.510000000 7.119745136524e-03
49.520000000 6.915289310210e-03
49.530000000 6.589073271887e-03
49.540000000 6.136911393811e-03
49.550000000 5.563586890778e-03
49.560000000 4.879391983322e-03
49.570000000 4.104149238081e-03
49.580000000 3.271431485823e-03
49.590000000 2.436148581472e-03
49.600000000 1.671113354162e-03
49.610000000 1.047562298689e-03
49.620000000 6.168229762007e-04
49.630000000 3.913378759870e-04
49.640000000 3.446352328559e-04
49.650000000 4.145499651818e-04
49.660000000 5.216066434100e-04
49.670000000 5.925709981790e-04
49.680000000 5.747939309282e-04
49.690000000 4.469726282134e-04
49.700000000 2.199923172089e-04
49.710000000 -6.224537778476e-05
49.720000000 -3.333753060734e-04
49.730000000 -5.244472357100e-04
49.740000000 -5.871253942979e-04
49.750000000 -5.081980934570e-04
49.760000000 -3.118341570999e-04
49.770000000 -4.261313369493e-05
49.780000000 2.486481464725e-04
49.790000000 5.147974229618e-04
49.800000000 7.148231481573e-04
49.810000000 8.154781057164e-04
49.820000000 7.878575799263e-04
49.830000000 6.134431915945e-04
49.840000000 2.889916673900e-04
49.850000000 -1.694040053870e-04
49.860000000 -7.264451133127e-04
49.870000000 -1.335936245878e-03
49.880000000 -1.958303444424e-03
49.890000000 -2.562982291078e-03
49.900000000 -3.130814658113e-03
49.910000000 -3.640205652993e-03
49.920000000 -4.058516102861e-03
49.930000000 -4.341411421647e-03
49.940000000 -4.448494885014e-03
49.950000000 -4.367826857112e-03
49.960000000 -4.128088503565e-03
49.970000000 -3.793695187094e-03
49.980000000 -3.446929488000e-03
49.990000000 -3.161202924275e-03
50.000000000 -2.982227902219e-03
50.010000000 -2.923232315057e-03
50.020000000 -2.970963347733e-03
50.030000000 -3.099817272801e-03
50.040000000 -3.275832731506e-03
50.050000000 -3.460099775519e-03
50.060000000 -3.617461048229e-03
50.070000000 -3.718188691675e-03
50.080000000 -3.751229970786e-03
50.090000000 -3.729305967881e-03
50.100000000 -3.683136001199e-03
50.110000000 -3.645373044294e-03
50.120000000 -3.632593335093e-03
50.130000000 -3.642305862885e-03
50.140000000 -3.664030463374e-03
50.150000000 -3.697119608837e-03
50.160000000 -3.749699350427e-03
50.170000000 -3.833850727433e-03
50.180000000 -3.948999330146e-03
50.190000000 -4.078179440352e-03
50.200000000 -4.193245904234e-03
50.210000000 -4.267278012246e-03
50.220000000 -4.284900724196e-03
50.230000000 -4.239964731410e-03
50.240000000 -4.139597404653e-03
50.250000000 -3.995771680474e-03
50.260000000 -3.825553490261e-03
50.270000000 -3.646427039021e-03
50.280000000 -3.474677927852e-03
50.290000000 -3.326208968595e-03
50.300000000 -3.213075006631e-03
50.310000000 -3.137167711048e-03
50.320000000 -3.092381772073e-03
50.330000000 -3.063722161344e-03
50.340000000 -3.031701442981e-03
50.350000000 -2.981830832065e-03
50.360000000 -2.912389536923e-03
50.370000000 -2.828556459385e-03
50.380000000 -2.736609929733e-03
50.390000000 -2.639902839214e-03
50.400000000 -2.532250469540e-03
50.410000000 -2.405124547229e-03
50.420000000 -2.245974068750e-03
50.430000000 -2.047741023183e-03
50.440000000 -1.808476257347e-03
50.450000000 -1.530313231275e-03
50.460000000 -1.221550835864e-03
50.470000000 -8.902739578764e-04
50.480000000 -5.459000389928e-04
50.490000000 -1.952652451618e-04
50.500000000 1.560041471516e-04
50.510000000 5.029344186304e-04
50.520000000 8.360887636173e-04
50.530000000 1.143237819076e-03
50.540000000 1.411912148382e-03
50.550000000 1.631037787654e-03
50.560000000 1.795678248060e-03
50.570000000 1.906474813832e-03
50.580000000 1.973241438847e-03
50.590000000 2.010410605421e-03
50.600000000 2.041290985631e-03
50.610000000 2.086299520518e-03
50.620000000 2.163492279839e-03
50.630000000 2.281511435525e-03
50.640000000 2.436491753461e-03
50.650000000 2.617385135551e-03
50.660000000 2.807436894408e-03
50.670000000 2.991256203044e-03
50.680000000 3.153269169384e-03
50.690000000 3.281553690968e-03
50.700000000 3.361741619899e-03
50.710000000 3.383488687896e-03
50.720000000 3.342581164832e-03
50.730000000 3.248387568498e-03
50.740000000 3.114562371973e-03
50.750000000 2.964304930593e-03
50.760000000 2.819205468995e-03
50.770000000 2.698978314375e-03
50.780000000 2.617701125632e-03
50.790000000 2.581913587375e-03
50.800000000 2.589008259579e-03
50.810000000 2.629922378709e-03
50.820000000 2.690317798909e-03
50.830000000 2.754672876568e-03
50.840000000 2.809948536214e-03
50.850000000 2.839757387459e-03
50.860000000 2.834885689765e-03
50.870000000 2.788003844616e-03
50.880000000 2.698022888996e-03
50.890000000 2.568267095807e-03
50.900000000 2.403930179713e-03
50.910000000 2.211367347670e-03
50.920000000 1.996196444043e-03
50.930000000 1.763636758645e-03
50.940000000 1.522790786973e-03
50.950000000 1.282754132907e-03
50.960000000 1.053600558493e-03
50.970000000 8.436654477847e-04
50.980000000 6.591896398675e-04
50.990000000 5.014244811318e-04
51.000000000 3.706168278240e-04
51.010000000 2.636122204563e-04
51.020000000 1.765304282373e-04
51.030000000 1.059084416570e-04
51.040000000 4.778845650612e-05
51.050000000 -2.903056443848e-07
51.060000000 -4.020810973412e-05
51.070000000 -7.231910362978e-05
51.080000000 -9.884833495068e-05
51.090000000 -1.205095053218e-04
51.100000000 -1.402875374940e-04
51.110000000 -1.606779680565e-04
51.120000000 -1.841771316700e-04
51.130000000 -2.098913405578e-04
51.140000000 -2.392003944537e-04
51.150000000 -2.728676262220e-04
51.160000000 -3.109196788423e-04
51.170000000 -3.560515545622e-04
51.180000000 -4.077987224407e-04
51.190000000 -4.680622654004e-04
51.200000000 -5.350523314968e-04
51.210000000 -6.080848909629e-04
51.220000000 -6.841418562322e-04
51.230000000 -7.622220550495e-04
51.240000000 -8.382761649177e-04
51.250000000 -9.083848276737e-04
51.260000000 -9.707330839895e-04
51.270000000 -1.021814695556e-03
51.280000000 -1.059881069739e-03
51.290000000 -1.081117874647e-03
51.300000000 -1.085964929208e-03
51.310000000 -1.072949900222e-03
51.320000000 -1.042637100126e-03
51.330000000 -9.955027954655e-04
51.340000000 -9.334032186391e-04
51.350000000 -8.569929842871e-04
51.360000000 -7.697882749169e-04
51.370000000 -6.735885988617e-04
51.380000000 -5.712890817076e-04
51.390000000 -4.657289070610e-04
51.400000000 -3.593320122754e-04
51.410000000 -2.524349173045e-04
51.420000000 -1.479082155237e-04
51.430000000 -4.486765105700e-05
51.440000000 5.609782002713e-05
51.450000000 1.558315589929e-04
51.460000000 2.545747143347e-04
51.470000000 3.525300099333e-04
51.480000000 4.499417196374e-04
51.490000000 5.458781962363e-04
51.500000000 6.407955885795e-04
51.510000000 7.351051710672e-04
51.520000000 8.259873908912e-04
51.530000000 9.133931984918e-04
51.540000000 9.964384871359e-04
51.550000000 1.074189605981e-03
51.560000000 1.145669809649e-03
51.570000000 1.212448445057e-03
51.580000000 1.273498648249e-03
51.590000000 1.331539958080e-03
51.600000000 1.385962261296e-03
51.610000000 1.438819938650e-03
51.620000000 1.490954710259e-03
51.630000000 1.542243280319e-03
51.640000000 1.593364636804e-03
51.650000000 1.643690626929e-03
51.660000000 1.692537613982e-03
51.670000000 1.738424467507e-03
51.680000000 1.782416129778e-03
51.690000000 1.821655807561e-03
51.700000000 1.856518851967e-03
51.710000000 1.885480726678e-03
51.720000000 1.908654180696e-03
51.730000000 1.924605052423e-03
51.740000000 1.933488878063e-03
51.750000000 1.933516916571e-03
51.760000000 1.924469882232e-03
51.770000000 1.906052777665e-03
51.780000000 1.878885390646e-03
51.790000000 1.843769384330e-03
51.800000000 1.799671339826e-03
51.810000000 1.750029689539e-03
51.820000000 1.694892520080e-03
51.830000000 1.635000834162e-03
51.840000000 1.572263262224e-03
51.850000000 1.507633504552e-03
51.860000000 1.441466373291e-03
51.870000000 1.375808754245e-03
51.880000000 1.310064873691e-03
51.890000000 1.244686537714e-03
51.900000000 1.179365109392e-03
51.910000000 1.114077361909e-03
51.920000000 1.047899301723e-03
51.930000000 9.794544413148e-04
51.940000000 9.092974271392e-04
51.950000000 8.359646317150e-04
51.960000000 7.593793685129e-04
51.970000000 6.790984598481e-04
51.980000000 5.942944210529e-04
51.990000000 5.055906171816e-04
52.000000000 4.101657582257e-04
52.010000000 3.087574623024e-04
52.020000000 1.997762562574e-04
52.030000000 8.288337215093e-05
52.040000000 -3.946207798555e-05
52.050000000 -1.633426842925e-04
52.060000000 -2.825881473204e-04
52.070000000 -3.938413268725e-04
52.080000000 -4.945337711773e-04
52.090000000 -5.845173304665e-04
52.100000000 -6.646719319632e-04
52.110000000 -7.366668858013e-04
52.120000000 -8.007558642927e-04
52.130000000 -8.589901441346e-04
52.140000000 -9.114912476481e-04
52.150000000 -9.599272979648e-04
52.160000000 -1.005592543778e-03
52.170000000 -1.048673257990e-03
52.180000000 -1.089955906237e-03
52.190000000 -1.129865959653e-03
52.200000000 -1.168865827163e-03
52.210000000 -1.206925548504e-03
52.220000000 -1.243634782990e-03
52.230000000 -1.278662108069e-03
52.240000000 -1.312384148274e-03
52.250000000 -1.344417025303e-03
52.260000000 -1.374627971614e-03
52.270000000 -1.403690968655e-03
52.280000000 -1.431340064209e-03
52.290000000 -1.457662549454e-03
52.300000000 -1.482743826575e-03
52.310000000 -1.505499303310e-03
52.320000000 -1.525430226855e-03
52.330000000 -1.543503369530e-03
52.340000000 -1.558665419543e-03
52.350000000 -1.569474330750e-03
52.360000000 -1.577556150525e-03
52.370000000 -1.582426629989e-03
52.380000000 -1.582936379519e-03
52.390000000 -1.580398887529e-03
52.400000000 -1.574739026267e-03
52.410000000 -1.565770242034e-03
52.420000000 -1.553343139196e-03
52.430000000 -1.537978454092e-03
52.440000000 -1.519781568106e-03
52.450000000 -1.497974686123e-03
52.460000000 -1.473877401922e-03
52.470000000 -1.448117779963e-03
52.480000000 -1.421305232029e-03
52.490000000 -1.394276189588e-03
52.500000000 -1.367863947353e-03
52.510000000 -1.342489954328e-03
52.520000000 -1.318444685752e-03
52.530000000 -1.295416944422e-03
52.540000000 -1.273527498026e-03
52.550000000 -1.252171316475e-03
52.560000000 -1.231326114104e-03
52.570000000 -1.210712224285e-03
52.580000000 -1.189851276754e-03
52.590000000 -1.168539224786e-03
52.600000000 -1.146571812344e-03
52.610000000 -1.124346227342e-03
52.620000000 -1.100658890497e-03
52.630000000 -1.075642520916e-03
52.640000000 -1.048897116729e-03
52.650000000 -1.020931201390e-03
52.660000000 -9.909932248359e-04
52.670000000 -9.586955304151e-04
52.680000000 -9.238941850583e-04
52.690000000 -8.873199639303e-04
52.700000000 -8.479461919990e-04
52.710000000 -8.059372559434e-04
52.720000000 -7.614413520661e-04
52.730000000 -7.154136685654e-04
52.740000000 -6.674392551249e-04
52.750000000 -6.179963347701e-04
52.760000000 -5.676433059303e-04
52.770000000 -5.165585155915e-04
52.780000000 -4.646924407604e-04
52.790000000 -4.137647972624e-04
52.800000000 -3.629038789680e-04
52.810000000 -3.136758343948e-04
52.820000000 -2.650767792657e-04
52.830000000 -2.191280067688e-04
52.840000000 -1.750867813073e-04
52.850000000 -1.331167279196e-04
52.860000000 -9.308355361429e-05
52.870000000 -5.513900025002e-05
52.880000000 -1.891563225325e-05
52.890000000 1.569190877258e-05
52.900000000 4.856172120444e-05
52.910000000 8.050437132072e-05
52.920000000 1.118754931075e-04
52.930000000 1.424931774455e-04
52.940000000 1.725555659965e-04
52.950000000 2.017807751638e-04
52.960000000 2.312554319382e-04
52.970000000 2.602211255062e-04
52.980000000 2.888336409691e-04
52.990000000 3.168489014944e-04
53.000000000 3.437181152000e-04
53.010000000 3.706459840489e-04
53.020000000 3.957424850423e-04
53.030000000 4.206902980486e-04
53.040000000 4.435137083888e-04
53.050000000 4.656268827963e-04
53.060000000 4.859247089634e-04
53.070000000 5.045774479567e-04
53.080000000 5.216496285184e-04
53.090000000 5.368268860640e-04
53.100000000 5.504304169458e-04
53.110000000 5.623883529100e-04
53.120000000 5.723768383206e-04
53.130000000 5.810774068126e-04
53.140000000 5.876964512131e-04
53.150000000 5.930801868288e-04
53.160000000 5.963512928837e-04
53.170000000 5.990375493299e-04
53.180000000 6.004045373053e-04
53.190000000 6.003058042803e-04
53.200000000 5.992998452061e-04
53.210000000 5.974072474954e-04
53.220000000 5.940221088729e-04
53.230000000 5.898609165713e-04
53.240000000 5.840333315292e-04
53.250000000 5.778637235887e-04
53.260000000 5.700091428505e-04
53.270000000 5.614196407596e-04
53.280000000 5.512660113735e-04
53.290000000 5.403398726706e-04
53.300000000 5.283126244975e-04
53.310000000 5.152940493506e-04
53.320000000 5.013577883737e-04
53.330000000 4.867160635425e-04
53.340000000 4.710965891453e-04
53.350000000 4.549294209608e-04
53.360000000 4.384245282290e-04
53.370000000 4.203776543216e-04
53.380000000 4.028274789835e-04
53.390000000 3.847616262437e-04
53.400000000 3.664501393856e-04
53.410000000 3.477796104626e-04
53.420000000 3.293920998666e-04
53.430000000 3.108725042080e-04
53.440000000 2.915803319315e-04
53.450000000 2.735228581949e-04
53.460000000 2.553546385517e-04
53.470000000 2.377894614026e-04
53.480000000 2.203895976142e-04
53.490000000 2.029276174551e-04
53.500000000 1.867210367005e-04
53.510000000 1.705671817451e-04
53.520000000 1.557555316689e-04
53.530000000 1.408221204241e-04
53.540000000 1.276819331004e-04
53.550000000 1.148517550452e-04
53.560000000 1.036625086807e-04
53.570000000 9.335200221549e-05
53.580000000 8.416984651239e-05
53.590000000 7.581284691261e-05
53.600000000 6.886626459500e-05
53.610000000 6.358604046563e-05
53.620000000 5.961206357652e-05
53.630000000 5.669564109836e-05
53.640000000 5.446934994189e-05
53.650000000 5.468373692869e-05
53.660000000 5.563721473648e-05
53.670000000 5.803987595184e-05
53.680000000 6.145160073523e-05
53.690000000 6.602954555116e-05
53.700000000 7.216461941187e-05
53.710000000 7.914080973606e-05
53.720000000 8.706063951566e-05
53.730000000 9.641459827988e-05
53.740000000 1.071180984194e-04
53.750000000 1.183859127883e-04
53.760000000 1.311475322510e-04
53.770000000 1.443592383465e-04
53.780000000 1.592036176930e-04
53.790000000 1.741424460177e-04
53.800000000 1.900893482557e-04
53.810000000 2.067910932041e-04
53.820000000 2.236209884173e-04
53.830000000 2.414678712261e-04
53.840000000 2.589309274349e-04
53.850000000 2.770540240417e-04
53.860000000 2.946924752195e-04
53.870000000 3.119739481273e-04
53.880000000 3.297754703560e-04
53.890000000 3.467530753729e-04
53.900000000 3.630232916727e-04
53.910000000 3.795079994489e-04
53.920000000 3.947785778116e-04
53.930000000 4.097672295352e-04
53.940000000 4.238924350096e-04
53.950000000 4.366185673165e-04
53.960000000 4.499017430330e-04
53.970000000 4.617542044093e-04
53.980000000 4.728286345456e-04
53.990000000 4.828124625007e-04
54.000000000 4.917779106360e-04
54.010000000 4.998753757306e-04
54.020000000 5.066830305141e-04
54.030000000 5.131777607769e-04
54.040000000 5.180332171680e-04
54.050000000 5.220098323606e-04
54.060000000 5.253581646469e-04
54.070000000 5.273818886924e-04
54.080000000 5.274959539258e-04
54.090000000 5.274252634449e-04
54.100000000 5.252534943738e-04
54.110000000 5.218722326718e-04
54.120000000 5.176318410847e-04
54.130000000 5.114929452541e-04
54.140000000 5.042021786713e-04
54.150000000 4.950793266790e-04
54.160000000 4.847898641125e-04
54.170000000 4.736344572550e-04
54.180000000 4.605619442963e-04
54.190000000 4.463880218153e-04
54.200000000 4.302754812338e-04
54.210000000 4.133277431512e-04
54.220000000 3.958083819129e-04
54.230000000 3.767921003270e-04
54.240000000 3.568393745006e-04
54.250000000 3.357434549601e-04
54.260000000 3.138998539304e-04
54.270000000 2.906158478304e-04
54.280000000 2.678792614554e-04
54.290000000 2.437608994377e-04
54.300000000 2.194000705888e-04
54.310000000 1.949047982872e-04
54.320000000 1.693834540200e-04
54.330000000 1.437711378283e-04
54.340000000 1.179543098674e-04
54.350000000 9.220503712993e-05
54.360000000 6.652745545250e-05
54.370000000 4.045863313981e-05
54.380000000 1.441842011978e-05
54.390000000 -1.129350173752e-05
54.400000000 -3.699302090439e-05
54.410000000 -6.239840997477e-05
54.420000000 -8.771176023100e-05
54.430000000 -1.123873701404e-04
54.440000000 -1.370391061236e-04
54.450000000 -1.611004944019e-04
54.460000000 -1.848180607831e-04
54.470000000 -2.078339108251e-04
54.480000000 -2.300872315648e-04
54.490000000 -2.520686585517e-04
54.500000000 -2.733606862585e-04
54.510000000 -2.942916369205e-04
54.520000000 -3.146676226270e-04
54.530000000 -3.338254522172e-04
54.540000000 -3.521709103876e-04
54.550000000 -3.697907782925e-04
54.560000000 -3.863877856428e-04
54.570000000 -4.024070971717e-04
54.580000000 -4.172694620976e-04
54.590000000 -4.317190049448e-04
54.600000000 -4.446192308550e-04
54.610000000 -4.565404284270e-04
54.620000000 -4.684643290263e-04
54.630000000 -4.783622519442e-04
54.640000000 -4.873139066994e-04
54.650000000 -4.961590081529e-04
54.660000000 -5.033477488571e-04
54.670000000 -5.101509088477e-04
54.680000000 -5.153420024303e-04
54.690000000 -5.201676693321e-04
54.700000000 -5.237959084506e-04
54.710000000 -5.268870210975e-04
54.720000000 -5.289067317679e-04
54.730000000 -5.297698000867e-04
54.740000000 -5.306999576115e-04
54.750000000 -5.297755193689e-04
54.760000000 -5.288788109109e-04
54.770000000 -5.275588383107e-04
54.780000000 -5.251198749181e-04
54.790000000 -5.221678546183e-04
54.800000000 -5.184855397590e-04
54.810000000 -5.146241465062e-04
54.820000000 -5.098508679352e-04
54.830000000 -5.041251230327e-04
54.840000000 -4.979776492374e-04
54.850000000 -4.921767003664e-04
54.860000000 -4.850855898716e-04
54.870000000 -4.777355136055e-04
54.880000000 -4.701938029229e-04
54.890000000 -4.612838827007e-04
54.900000000 -4.528270881376e-04
54.910000000 -4.437623647947e-04
54.920000000 -4.343613020076e-04
54.930000000 -4.250672143274e-04
54.940000000 -4.145745559098e-04
54.950000000 -4.043495067909e-04
54.960000000 -3.937724053088e-04
54.970000000 -3.828040920436e-04
54.980000000 -3.717963613473e-04
54.990000000 -3.607783341326e-04
55.000000000 -3.498375326912e-04
55.010000000 -3.385733349214e-04
55.020000000 -3.266795751340e-04
55.030000000 -3.159087813066e-04
55.040000000 -3.039942888211e-04
55.050000000 -2.927909403809e-04
55.060000000 -2.810873332055e-04
55.070000000 -2.696741509141e-04
55.080000000 -2.584016408433e-04
55.090000000 -2.470126285763e-04
55.100000000 -2.352405438717e-04
55.110000000 -2.243145594639e-04
55.120000000 -2.132723143433e-04
55.130000000 -2.018054489780e-04
55.140000000 -1.907720494998e-04
55.150000000 -1.798107775083e-04
55.160000000 -1.687591146778e-04
55.170000000 -1.578350637917e-04
55.180000000 -1.472048539187e-04
55.190000000 -1.365678763818e-04
55.200000000 -1.257979153967e-04
55.210000000 -1.154792564034e-04
55.220000000 -1.055497115700e-04
55.230000000 -9.556380619211e-05
55.240000000 -8.546192918478e-05
55.250000000 -7.582254145678e-05
55.260000000 -6.602870946048e-05
55.270000000 -5.677894347697e-05
55.280000000 -4.707272603564e-05
55.290000000 -3.771232306131e-05
55.300000000 -2.881335790754e-05
55.310000000 -1.980198154995e-05
55.320000000 -1.122604812316e-05
55.330000000 -2.554930481167e-06
55.340000000 6.193636729606e-06
55.350000000 1.452574711624e-05
55.360000000 2.244673539058e-05
55.370000000 3.043912564152e-05
55.380000000 3.853430391027e-05
55.390000000 4.568419115516e-05
55.400000000 5.295723179274e-05
55.410000000 6.075570640515e-05
55.420000000 6.774069285494e-05
55.430000000 7.397539660454e-05
55.440000000 8.065996288400e-05
55.450000000 8.707099827156e-05
55.460000000 9.338059369683e-05
55.470000000 9.955497088173e-05
55.480000000 1.046964028667e-04
55.490000000 1.104110755679e-04
55.500000000 1.158602917551e-04
55.510000000 1.204061530868e-04
55.520000000 1.252065712552e-04
55.530000000 1.295362957743e-04
55.540000000 1.334095008650e-04
55.550000000 1.375231715200e-04
55.560000000 1.412474126179e-04
55.570000000 1.441919592622e-04
55.580000000 1.472271053318e-04
55.590000000 1.501905972066e-04
55.600000000 1.527496597347e-04
55.610000000 1.555179478059e-04
55.620000000 1.574158615009e-04
55.630000000 1.590218617284e-04
55.640000000 1.607400552341e-04
55.650000000 1.617049520850e-04
55.660000000 1.626994140220e-04
55.670000000 1.637449512866e-04
55.680000000 1.640133030644e-04
55.690000000 1.639258030897e-04
55.700000000 1.639861059575e-04
55.710000000 1.639247667316e-04
55.720000000 1.640120479773e-04
55.730000000 1.632418776945e-04
55.740000000 1.626966971411e-04
55.750000000 1.617026222635e-04
55.760000000 1.607211034090e-04
55.770000000 1.596721641177e-04
55.780000000 1.582735669838e-04
55.790000000 1.569449090242e-04
55.800000000 1.556646613370e-04
55.810000000 1.540606223035e-04
55.820000000 1.518524948287e-04
55.830000000 1.507145152707e-04
55.840000000 1.490232520647e-04
55.850000000 1.468804665620e-04
55.860000000 1.456834144991e-04
55.870000000 1.440581147203e-04
55.880000000 1.418290155837e-04
55.890000000 1.402578592219e-04
55.900000000 1.389247091184e-04
55.910000000 1.371941123550e-04
55.920000000 1.359819980582e-04
55.930000000 1.341150642905e-04
55.940000000 1.332342696587e-04
55.950000000 1.321862805271e-04
55.960000000 1.306838142255e-04
55.970000000 1.297366119930e-04
55.980000000 1.291066149349e-04
55.990000000 1.284916512957e-04
56.000000000 1.276721390221e-04
56.010000000 1.274516919617e-04
56.020000000 1.267060302085e-04
56.030000000 1.264032151872e-04
56.040000000 1.264031105383e-04
56.050000000 1.267046648032e-04
56.060000000 1.274536776843e-04
56.070000000 1.276654601871e-04
56.080000000 1.285017749820e-04
56.090000000 1.285852687960e-04
56.100000000 1.297672887458e-04
56.110000000 1.306304770135e-04
56.120000000 1.317666733988e-04
56.130000000 1.330881402130e-04
56.140000000 1.344980076745e-04
56.150000000 1.356728632893e-04
56.160000000 1.374428242745e-04
56.170000000 1.387243979133e-04
56.180000000 1.403720349267e-04
56.190000000 1.424656779461e-04
56.200000000 1.444765677572e-04
56.210000000 1.457238039720e-04
56.220000000 1.473553245368e-04
56.230000000 1.495078162657e-04
56.240000000 1.513900454294e-04
56.250000000 1.530273543534e-04
56.260000000 1.546907061313e-04
56.270000000 1.563828114984e-04
56.280000000 1.579972972191e-04
56.290000000 1.597696440718e-04
56.300000000 1.606075198308e-04
56.310000000 1.619789977623e-04
56.320000000 1.632233922949e-04
56.330000000 1.642439520342e-04
56.340000000 1.649532296739e-04
56.350000000 1.656594235574e-04
56.360000000 1.660494872832e-04
56.370000000 1.663843277495e-04
56.380000000 1.665229308042e-04
56.390000000 1.657320042655e-04
56.400000000 1.651852649049e-04
56.410000000 1.642168505490e-04
56.420000000 1.631813938826e-04
56.430000000 1.622407151459e-04
56.440000000 1.610090032172e-04
56.450000000 1.589079683709e-04
56.460000000 1.570127698257e-04
56.470000000 1.547333491990e-04
56.480000000 1.516945843252e-04
56.490000000 1.486955311351e-04
56.500000000 1.457305262856e-04
56.510000000 1.420171414159e-04
56.520000000 1.383999894641e-04
56.530000000 1.345198011194e-04
56.540000000 1.297237459166e-04
56.550000000 1.252038255724e-04
56.560000000 1.201793948107e-04
56.570000000 1.152533024044e-04
56.580000000 1.094646721824e-04
56.590000000 1.041223440647e-04
56.600000000 9.862614397172e-05
56.610000000 9.210783788948e-05
56.620000000 8.599558152939e-05
56.630000000 7.918144788067e-05
56.640000000 7.243479784754e-05
56.650000000 6.575109453108e-05
56.660000000 5.871319720783e-05
56.670000000 5.148007438400e-05
56.680000000 4.410088205461e-05
56.690000000 3.676743309697e-05
56.700000000 2.949262671509e-05
56.710000000 2.137767296146e-05
56.720000000 1.418917745755e-05
56.730000000 6.517161122068e-06
56.740000000 -1.604655474743e-06
56.750000000 -9.515586761491e-06
56.760000000 -1.712095043314e-05
56.770000000 -2.482792840367e-05
56.780000000 -3.245647596685e-05
56.790000000 -4.066961474328e-05
56.800000000 -4.777421267061e-05
56.810000000 -5.554626383312e-05
56.820000000 -6.289467640822e-05
56.830000000 -7.025726044826e-05
56.840000000 -7.736640641557e-05
56.850000000 -8.424974024734e-05
56.860000000 -9.141402357942e-05
56.870000000 -9.801980920447e-05
56.880000000 -1.043240609319e-04
56.890000000 -1.110993806807e-04
56.900000000 -1.171054316226e-04
56.910000000 -1.228180568730e-04
56.920000000 -1.280311830074e-04
56.930000000 -1.339022834877e-04
56.940000000 -1.387750680313e-04
56.950000000 -1.438344452598e-04
56.960000000 -1.488310263483e-04
56.970000000 -1.531438498029e-04
56.980000000 -1.570086840745e-04
56.990000000 -1.611464214103e-04
57.000000000 -1.648152393832e-04
57.010000000 -1.680073161146e-04
57.020000000 -1.714803395904e-04
57.030000000 -1.739980347569e-04
57.040000000 -1.768378972372e-04
57.050000000 -1.791078295866e-04
57.060000000 -1.810886590453e-04
57.070000000 -1.828752965382e-04
57.080000000 -1.837999997464e-04
57.090000000 -1.848161812227e-04
57.100000000 -1.858569316516e-04
57.110000000 -1.866136193096e-04
57.120000000 -1.865592113044e-04
57.130000000 -1.865569300857e-04
57.140000000 -1.866156151625e-04
57.150000000 -1.858530579785e-04
57.160000000 -1.853209318292e-04
57.170000000 -1.842893065640e-04
57.180000000 -1.833928503771e-04
57.190000000 -1.820456985584e-04
57.200000000 -1.803056879066e-04
57.210000000 -1.786296754303e-04
57.220000000 -1.770562509703e-04
57.230000000 -1.745435644187e-04
57.240000000 -1.726445992649e-04
57.250000000 -1.702841962906e-04
57.260000000 -1.675769273905e-04
57.270000000 -1.653296703738e-04
57.280000000 -1.625298920844e-04
57.290000000 -1.599015698822e-04
57.300000000 -1.567797566085e-04
57.310000000 -1.538269398770e-04
57.320000000 -1.508441700562e-04
57.330000000 -1.476103275676e-04
57.340000000 -1.436936151987e-04
57.350000000 -1.409439103955e-04
57.360000000 -1.370084462482e-04
57.370000000 -1.338319328877e-04
57.380000000 -1.300883618103e-04
57.390000000 -1.267514763298e-04
57.400000000 -1.231995305407e-04
57.410000000 -1.194353913311e-04
57.420000000 -1.158710304391e-04
57.430000000 -1.120608226021e-04
57.440000000 -1.087717286948e-04
57.450000000 -1.051812608450e-04
57.460000000 -1.009549789115e-04
57.470000000 -9.734416085504e-05
57.480000000 -9.410179867268e-05
57.490000000 -9.019555547256e-05
57.500000000 -8.744564469476e-05
57.510000000 -8.349899855434e-05
57.520000000 -7.984717402655e-05
57.530000000 -7.656306786316e-05
57.540000000 -7.279110289903e-05
57.550000000 -6.962554713331e-05
57.560000000 -6.569708073789e-05
57.570000000 -6.292033488044e-05
57.580000000 -5.905789895781e-05
57.590000000 -5.573068340551e-05
57.600000000 -5.291354977599e-05
57.610000000 -4.903932020571e-05
57.620000000 -4.578033934282e-05
57.630000000 -4.281000907768e-05
57.640000000 -3.986723664643e-05
57.650000000 -3.657747602924e-05
57.660000000 -3.274244185209e-05
57.670000000 -2.985746667156e-05
57.680000000 -2.678988310191e-05
57.690000000 -2.383672786520e-05
57.700000000 -2.080081942023e-05
57.710000000 -1.783204232854e-05
57.720000000 -1.530057449960e-05
57.730000000 -1.234092600034e-05
57.740000000 -9.269628672581e-06
57.750000000 -6.535717646451e-06
57.760000000 -3.936004736929e-06
57.770000000 -1.188787839038e-06
57.780000000 1.365783384244e-06
57.790000000 4.212941667079e-06
57.800000000 6.429203523594e-06
57.810000000 9.155058217967e-06
57.820000000 1.150575439888e-05
57.830000000 1.390690905377e-05
57.840000000 1.591032796529e-05
57.850000000 1.813697262727e-05
57.860000000 2.104970908994e-05
57.870000000 2.281486926549e-05
57.880000000 2.521733292583e-05
57.890000000 2.746419680413e-05
57.900000000 2.943442577019e-05
57.910000000 3.138867920787e-05
57.920000000 3.365495919645e-05
57.930000000 3.602896965252e-05
57.940000000 3.785009999014e-05
57.950000000 4.003365518919e-05
57.960000000 4.164452653406e-05
57.970000000 4.340653007316e-05
57.980000000 4.490472998289e-05
57.990000000 4.701059128596e-05
58.000000000 4.864080099980e-05
58.010000000 4.994836423403e-05
58.020000000 5.167698728743e-05
58.030000000 5.291819671194e-05
58.040000000 5.420719770968e-05
58.050000000 5.587740205719e-05
58.060000000 5.727853130877e-05
58.070000000 5.812322001630e-05
58.080000000 5.921533567333e-05
58.090000000 6.065370821333e-05
58.100000000 6.169817321731e-05
58.110000000 6.266100401589e-05
58.120000000 6.369879997252e-05
58.130000000 6.414868301779e-05
58.140000000 6.523594070570e-05
58.150000000 6.594135890648e-05
58.160000000 6.658920189440e-05
58.170000000 6.725866171744e-05
58.180000000 6.793728445966e-05
58.190000000 6.857489797465e-05
58.200000000 6.929268795082e-05
58.210000000 6.987470054068e-05
58.220000000 7.019049699697e-05
58.230000000 7.094897697571e-05
58.240000000 7.111319170070e-05
58.250000000 7.155946263852e-05
58.260000000 7.179689371187e-05
58.270000000 7.222942417290e-05
58.280000000 7.243894054864e-05
58.290000000 7.245957135382e-05
58.300000000 7.233965170001e-05
58.310000000 7.323165270867e-05
58.320000000 7.325251972163e-05
58.330000000 7.281474696429e-05
58.340000000 7.299235587023e-05
58.350000000 7.287570480268e-05
58.360000000 7.296881260100e-05
58.370000000 7.287635511566e-05
58.380000000 7.299972719647e-05
58.390000000 7.266947080861e-05
58.400000000 7.236006961524e-05
58.410000000 7.245838619699e-05
58.420000000 7.240153575620e-05
58.430000000 7.244066612159e-05
58.440000000 7.240998179317e-05
58.450000000 7.243785709081e-05
58.460000000 7.190691402710e-05
58.470000000 7.194604439249e-05
58.480000000 7.188919395170e-05
58.490000000 7.198856199222e-05
58.500000000 7.167665183204e-05
58.510000000 7.135129027852e-05
58.520000000 7.146715725910e-05
58.530000000 7.088697350366e-05
58.540000000 7.096044404893e-05
58.550000000 7.087552289538e-05
58.560000000 7.100181942360e-05
58.570000000 7.016012230732e-05
58.580000000 6.987253825999e-05
58.590000000 6.993194239859e-05
58.600000000 6.995389773555e-05
58.610000000 6.920949027169e-05
58.620000000 6.880972659288e-05
58.630000000 6.853492037020e-05
58.640000000 6.813729833493e-05
58.650000000 6.790077444709e-05
58.660000000 6.726718539251e-05
58.670000000 6.658386480373e-05
58.680000000 6.592110959130e-05
58.690000000 6.526323404498e-05
58.700000000 6.457217114987e-05
58.710000000 6.394970241044e-05
58.720000000 6.320868327333e-05
58.730000000 6.267676330696e-05
58.740000000 6.162443057255e-05
58.750000000 6.090668608951e-05
58.760000000 6.025189107902e-05
58.770000000 5.912329839889e-05
58.780000000 5.820926178827e-05
58.790000000 5.713457010765e-05
58.800000000 5.622683909721e-05
58.810000000 5.494926911691e-05
58.820000000 5.355369520987e-05
58.830000000 5.230206486561e-05
58.840000000 5.084899845803e-05
58.850000000 4.971213226925e-05
58.860000000 4.790064011797e-05
58.870000000 4.667321136902e-05
58.880000000 4.493477100018e-05
58.890000000 4.313519499289e-05
58.900000000 4.199512194872e-05
58.910000000 3.990355420009e-05
58.920000000 3.788128826638e-05
58.930000000 3.615864894900e-05
58.940000000 3.448380120485e-05
58.950000000 3.240311656526e-05
58.960000000 3.040301191642e-05
58.970000000 2.848348725834e-05
58.980000000 2.615812570482e-05
58.990000000 2.388055572452e-05
59.000000000 2.190156090179e-05
59.010000000 1.949622104303e-05
59.020000000 1.712788826491e-05
59.030000000 1.494321533467e-05
59.040000000 1.215269484519e-05
59.050000000 9.927251651391e-06
59.060000000 7.662234938193e-06
59.070000000 4.919506021937e-06
59.080000000 2.668196331995e-06
59.090000000 -8.798397760289e-08
59.100000000 -2.321998898637e-06
59.110000000 -5.103234707287e-06
59.120000000 -7.300185075736e-06
59.130000000 -1.013778418484e-05
59.140000000 -1.224615754827e-05
59.150000000 -1.523746617187e-05
59.160000000 -1.693205236779e-05
59.170000000 -1.991731339920e-05
59.180000000 -2.203967673587e-05
59.190000000 -2.435353648106e-05
59.200000000 -2.708852309099e-05
59.210000000 -2.930804118896e-05
59.220000000 -3.165331455596e-05
59.230000000 -3.407725627232e-05
59.240000000 -3.603671514108e-05
59.250000000 -3.834058162114e-05
59.260000000 -4.062517291109e-05
59.270000000 -4.262171713434e-05
59.280000000 -4.434684186076e-05
59.290000000 -4.602827577700e-05
59.300000000 -4.809395860567e-05
59.310000000 -4.963160282729e-05
59.320000000 -5.134582650584e-05
59.330000000 -5.303480238753e-05
59.340000000 -5.445749509007e-05
59.350000000 -5.572625372057e-05
59.360000000 -5.711388524656e-05
59.370000000 -5.889117538226e-05
59.380000000 -5.980747811993e-05
59.390000000 -6.086538001949e-05
59.400000000 -6.180912136787e-05
59.410000000 -6.287601886482e-05
59.420000000 -6.378472083685e-05
59.430000000 -6.493157686940e-05
59.440000000 -6.555020223326e-05
59.450000000 -6.584398479194e-05
59.460000000 -6.661624192900e-05
59.470000000 -6.677407977958e-05
59.480000000 -6.771976729160e-05
59.490000000 -6.746729552499e-05
59.500000000 -6.787801216312e-05
59.510000000 -6.812697285076e-05
59.520000000 -6.808145914388e-05
59.530000000 -6.808156379271e-05
59.540000000 -6.812623533849e-05
59.550000000 -6.787999291534e-05
59.560000000 -6.746459074055e-05
59.570000000 -6.772582836383e-05
59.580000000 -6.676636017625e-05
59.590000000 -6.663075474391e-05
59.600000000 -6.582331526587e-05
59.610000000 -6.558753925559e-05
59.620000000 -6.486329815766e-05
59.630000000 -6.454111560400e-05
59.640000000 -6.393784226889e-05
59.650000000 -6.278630069969e-05
59.660000000 -6.187373082005e-05
59.670000000 -6.081955902265e-05
59.680000000 -6.035301105318e-05
59.690000000 -5.933317943566e-05
59.700000000 -5.834540106909e-05
59.710000000 -5.733705045800e-05
59.720000000 -5.634455890799e-05
59.730000000 -5.483479680375e-05
59.740000000 -5.384889142583e-05
59.750000000 -5.282802441286e-05
59.760000000 -5.185996027477e-05
59.770000000 -5.080967147403e-05
59.780000000 -4.990214976126e-05
59.790000000 -4.809928530236e-05
59.800000000 -4.676171794372e-05
59.810000000 -4.589458400302e-05
59.820000000 -4.478900691837e-05
59.830000000 -4.341556665019e-05
59.840000000 -4.209093780601e-05
59.850000000 -4.076736042060e-05
59.860000000 -3.989166992090e-05
59.870000000 -3.829072893530e-05
59.880000000 -3.741503843560e-05
59.890000000 -3.609251250896e-05
59.900000000 -3.426511596267e-05
59.910000000 -3.339682926413e-05
59.920000000 -3.228374707925e-05
59.930000000 -3.142809414498e-05
59.940000000 -2.957313976480e-05
59.950000000 -2.829631766208e-05
59.960000000 -2.734854909741e-05
59.970000000 -2.587439967138e-05
59.980000000 -2.462887020183e-05
59.990000000 -2.322745800027e-05
60.000000000 -2.245845444915e-05
60.010000000 -2.105348182201e-05
60.020000000 -1.931509741831e-05
60.030000000 -1.832775533424e-05
60.040000000 -1.740253330181e-05
60.050000000 -1.608969810528e-05
60.060000000 -1.479031430208e-05
60.070000000 -1.334728313553e-05
60.080000000 -1.238552459762e-05
60.090000000 -1.110816391500e-05
60.100000000 -9.767036130770e-06
60.110000000 -8.883112409016e-06
60.120000000 -7.819372214938e-06
60.130000000 -6.858711877996e-06
60.140000000 -5.334025704148e-06
60.150000000 -4.349171784996e-06
60.160000000 -3.340719874830e-06
60.170000000 -2.345719358006e-06
60.180000000 -1.343315040030e-06
60.190000000 -3.444711476393e-07
60.200000000 6.554242035241e-07
60.210000000 1.655319554688e-06
60.220000000 2.655214905851e-06
60.230000000 3.655110257014e-06
60.240000000 4.655005608178e-06
60.250000000 5.654900959341e-06
60.260000000 6.654796310505e-06
60.270000000 7.654691661668e-06
60.280000000 8.654587012831e-06
60.290000000 9.655533822768e-06
60.300000000 1.065292020712e-05
60.310000000 1.165771039262e-05
60.320000000 1.214879044948e-05
60.330000000 1.316372723266e-05
60.340000000 1.413909049644e-05
60.350000000 1.517822086182e-05
60.360000000 1.611532282884e-05
60.370000000 1.722762938383e-05
60.380000000 1.739343736778e-05
60.390000000 1.810346745292e-05
60.400000000 1.916048572399e-05
60.410000000 2.018889470241e-05
60.420000000 2.043300623212e-05
60.430000000 2.105037083955e-05
60.440000000 2.225003973128e-05
60.450000000 2.289371600669e-05
60.460000000 2.307697484795e-05
60.470000000 2.422956512006e-05
60.480000000 2.490977790095e-05
60.490000000 2.506112265388e-05
60.500000000 2.624700164709e-05
60.510000000 2.638511880211e-05
60.520000000 2.710770215434e-05
60.530000000 2.752964697932e-05
60.540000000 2.776395743134e-05
60.550000000 2.822986562220e-05
60.560000000 2.885424878341e-05
60.570000000 2.918041563281e-05
60.580000000 2.988587069881e-05
60.590000000 3.015703045671e-05
60.600000000 3.090508478861e-05
60.610000000 3.113877394466e-05
60.620000000 3.142526597558e-05
60.630000000 3.210998834344e-05
60.640000000 3.248062079070e-05
60.650000000 3.238059778215e-05
60.660000000 3.236793986622e-05
60.670000000 3.313051785213e-05
60.680000000 3.348125365413e-05
60.690000000 3.335777357473e-05
60.700000000 3.342891756996e-05
60.710000000 3.337996988913e-05
60.720000000 3.391864603622e-05
60.730000000 3.388147683479e-05
60.740000000 3.392426892484e-05
60.750000000 3.386398115775e-05
60.760000000 3.396731567313e-05
60.770000000 3.364945921984e-05
60.780000000 3.333265422532e-05
60.790000000 3.343347977388e-05
60.800000000 3.337808684113e-05
60.810000000 3.341337383095e-05
60.820000000 3.338873709473e-05
60.830000000 3.340751725347e-05
60.840000000 3.339029948663e-05
60.850000000 3.290882091007e-05
60.860000000 3.288523563262e-05
60.870000000 3.291801365563e-05
60.880000000 3.286751555722e-05
60.890000000 3.296083600555e-05
60.900000000 3.265551201746e-05
60.910000000 3.182237146018e-05
60.920000000 3.194647166281e-05
60.930000000 3.185572671250e-05
60.940000000 3.195780379455e-05
60.950000000 3.117299339040e-05
60.960000000 3.078180143882e-05
60.970000000 3.102927707201e-05
60.980000000 3.007344296232e-05
60.990000000 2.994367582450e-05
61.000000000 2.961845243528e-05
61.010000000 2.891529703842e-05
61.020000000 2.863682893188e-05
61.030000000 2.840176255208e-05
61.040000000 2.764663370125e-05
61.050000000 2.739176358572e-05
61.060000000 2.665748992939e-05
61.070000000 2.637651285604e-05
61.080000000 2.567825229352e-05
61.090000000 2.534447234530e-05
61.100000000 2.472948790419e-05
61.110000000 2.424938044242e-05
61.120000000 2.403688381330e-05
61.130000000 2.357933805199e-05
61.140000000 2.291539411159e-05
61.150000000 2.266873366034e-05
61.160000000 2.181279710848e-05
61.170000000 2.145513813602e-05
61.180000000 2.121110914794e-05
61.190000000 2.005472559480e-05
61.200000000 1.993144057412e-05
61.210000000 1.914375162253e-05
61.220000000 1.836401294301e-05
61.230000000 1.822833637730e-05
61.240000000 1.710412817608e-05
61.250000000 1.616495909096e-05
61.260000000 1.514000491762e-05
61.270000000 1.463429558623e-05
61.280000000 1.367310338054e-05
61.290000000 1.257823922578e-05
61.300000000 1.189639372974e-05
61.310000000 1.170427612227e-05
61.320000000 1.061931810350e-05
61.330000000 9.648718117692e-06
61.340000000 8.654520140875e-06
61.350000000 7.600040502601e-06
61.360000000 6.863411211985e-06
61.370000000 6.752667046044e-06
61.380000000 5.531817194834e-06
61.390000000 4.928233262976e-06
61.400000000 4.175097141283e-06
61.410000000 3.150322240762e-06
61.420000000 2.093094672013e-06
61.430000000 1.379011913638e-06
61.440000000 1.221551191017e-06
61.450000000 9.504536511838e-08
61.460000000 -8.202427790025e-07
61.470000000 -1.893922621942e-06
61.480000000 -2.814206899480e-06
61.490000000 -3.930283177726e-06
61.500000000 -4.605130921880e-06
61.510000000 -4.793171324077e-06
61.520000000 -5.891697203499e-06
61.530000000 -6.837565027197e-06
61.540000000 -7.873061314688e-06
61.550000000 -8.848633876138e-06
61.560000000 -9.867623332552e-06
61.570000000 -1.035140758686e-05
61.580000000 -1.136788807646e-05
61.590000000 -1.234940693102e-05
61.600000000 -1.337383769270e-05
61.610000000 -1.433859032397e-05
61.620000000 -1.490627778852e-05
61.630000000 -1.564395853791e-05
61.640000000 -1.623898591077e-05
61.650000000 -1.699496866533e-05
61.660000000 -1.753575921305e-05
61.670000000 -1.840514991413e-05
61.680000000 -1.858728088844e-05
61.690000000 -1.936863316440e-05
61.700000000 -1.961755698681e-05
61.710000000 -2.033918171064e-05
61.720000000 -2.115236519966e-05
61.730000000 -2.129068889648e-05
61.740000000 -2.223888537531e-05
61.750000000 -2.199998146936e-05
61.760000000 -2.287858704982e-05
61.770000000 -2.318492287559e-05
61.780000000 -2.303338406225e-05
61.790000000 -2.386001618875e-05
61.800000000 -2.419484483988e-05
61.810000000 -2.403118904195e-05
61.820000000 -2.485771986937e-05
61.830000000 -2.520297806815e-05
61.840000000 -2.501835060842e-05
61.850000000 -2.537896288043e-05
61.860000000 -2.566893279529e-05
61.870000000 -2.608549426826e-05
61.880000000 -2.612940619459e-05
61.890000000 -2.610267576377e-05
61.900000000 -2.611990869884e-05
61.910000000 -2.610958380002e-05
61.920000000 -2.611468458228e-05
61.930000000 -2.611478923111e-05
61.940000000 -2.610989774653e-05
61.950000000 -2.612043194302e-05
61.960000000 -2.610340830563e-05
61.970000000 -2.613034803411e-05
61.980000000 -2.608664540547e-05
61.990000000 -2.617055196547e-05
62.000000000 -2.538053261298e-05
62.010000000 -2.502012963865e-05
62.020000000 -2.520496639604e-05
62.030000000 -2.485991749494e-05
62.040000000 -2.403359596519e-05
62.050000000 -2.419746106079e-05
62.060000000 -2.386284170734e-05
62.070000000 -2.353562615504e-05
62.080000000 -2.319067595634e-05
62.090000000 -2.287609416832e-05
62.100000000 -2.251496843975e-05
62.110000000 -2.222282111592e-05
62.120000000 -2.182601466525e-05
62.130000000 -2.160765602465e-05
62.140000000 -2.092042468998e-05
62.150000000 -2.048865660428e-05
62.160000000 -2.024047264633e-05
62.170000000 -1.981505690301e-05
62.180000000 -1.961568436907e-05
62.190000000 -1.891605309983e-05
62.200000000 -1.849168881528e-05
62.210000000 -1.823994443174e-05
62.220000000 -1.781663160596e-05
62.230000000 -1.711343991114e-05
62.240000000 -1.692252263712e-05
62.250000000 -1.598193925712e-05
62.260000000 -1.625789497547e-05
62.270000000 -1.528975376157e-05
62.280000000 -1.515717407574e-05
62.290000000 -1.435434648206e-05
62.300000000 -1.410458049854e-05
62.310000000 -1.340735865460e-05
62.320000000 -1.303935491463e-05
62.330000000 -1.251100711648e-05
62.340000000 -1.172706417119e-05
62.350000000 -1.118355847372e-05
62.360000000 -1.084750241413e-05
62.370000000 -1.009521432414e-05
62.380000000 -9.948641909197e-06
62.390000000 -8.811988439472e-06
62.400000000 -8.545210637031e-06
62.410000000 -8.221271721221e-06
62.420000000 -7.811726830812e-06
62.430000000 -7.151330575793e-06
62.440000000 -6.848761717408e-06
62.450000000 -6.126294832484e-06
62.460000000 -5.870994135655e-06
62.470000000 -5.603677753317e-06
62.480000000 -4.898222687320e-06
62.490000000 -4.568212462354e-06
62.500000000 -3.951334401378e-06
62.510000000 -3.473945204087e-06
62.520000000 -3.256763038305e-06
62.530000000 -2.807983133675e-06
62.540000000 -2.130258517701e-06
62.550000000 -1.904779025934e-06
62.560000000 -1.016169099896e-06
62.570000000 -1.211880576792e-06
62.580000000 -3.694822195839e-07
62.590000000 -2.734259767423e-08
62.600000000 -2.230540745695e-07
62.610000000 6.666073102405e-07
62.620000000 8.885263764232e-07
62.630000000 1.574706252321e-06
62.640000000 2.007525796797e-06
62.650000000 2.252149329159e-06
62.660000000 2.684968873635e-06
62.670000000 2.871941473008e-06
62.680000000 3.590558848904e-06
62.690000000 3.987365299567e-06
62.700000000 4.279512623401e-06
62.710000000 4.640638351967e-06
62.720000000 4.955220139988e-06
62.730000000 5.300170338693e-06
62.740000000 5.626334432219e-06
62.750000000 5.963462752481e-06
62.760000000 6.294961557844e-06
62.770000000 6.628529452521e-06
62.780000000 7.462356082496e-06
62.790000000 7.294647611334e-06
62.800000000 7.628215506011e-06
62.810000000 8.462042135987e-06
62.820000000 8.294333664824e-06
62.830000000 8.627901559501e-06
62.840000000 8.961469454179e-06
62.850000000 9.294019718314e-06
62.860000000 9.628639071764e-06
62.870000000 9.958646540857e-06
62.880000000 1.029860060614e-05
62.890000000 1.061976856625e-05
62.900000000 1.097232256759e-05
62.910000000 1.077600480376e-05
62.920000000 1.165379479962e-05
62.930000000 1.191777179594e-05
62.940000000 1.187516354661e-05
62.950000000 1.183995909844e-05
62.960000000 1.259563827104e-05
62.970000000 1.298465053803e-05
62.980000000 1.277120448798e-05
62.990000000 1.315059356896e-05
63.000000000 1.342795425158e-05
63.010000000 1.335145149274e-05
63.020000000 1.389185243110e-05
63.030000000 1.386596416138e-05
63.040000000 1.388298779878e-05
63.050000000 1.387035068474e-05
63.060000000 1.388026010295e-05
63.070000000 1.387036578543e-05
63.080000000 1.388132666241e-05
63.090000000 1.386618058157e-05
63.100000000 1.388809905330e-05
63.110000000 1.385365422458e-05
63.120000000 1.440909659496e-05
63.130000000 1.430806174872e-05
63.140000000 1.462465744557e-05
63.150000000 1.494125314241e-05
63.160000000 1.484021829618e-05
63.170000000 1.489645339002e-05
63.180000000 1.485949959449e-05
63.190000000 1.488631290057e-05
63.200000000 1.486366171949e-05
63.210000000 1.488610360290e-05
63.220000000 1.435882226385e-05
63.230000000 1.439661822048e-05
63.240000000 1.433766486215e-05
63.250000000 1.444338524505e-05
63.260000000 1.411802369153e-05
63.270000000 1.381520867025e-05
63.280000000 1.389401109824e-05
63.290000000 1.387295834537e-05
63.300000000 1.385295705128e-05
63.310000000 1.392925051245e-05
63.320000000 1.313107159021e-05
63.330000000 1.279715347769e-05
63.340000000 1.291686383383e-05
63.350000000 1.283693881370e-05
63.360000000 1.290761744217e-05
63.370000000 1.282769242203e-05
63.380000000 1.294740277817e-05
63.390000000 1.211322593035e-05
63.400000000 1.181530574341e-05
63.410000000 1.189265066336e-05
63.420000000 1.187014040245e-05
63.430000000 1.135372374863e-05
63.440000000 1.142396961761e-05
63.450000000 1.113619602835e-05
63.460000000 1.078630238744e-05
63.470000000 1.093125778456e-05
63.480000000 1.031030376556e-05
63.490000000 1.045800195920e-05
63.500000000 1.010204555788e-05
63.510000000 9.826065616251e-06
63.520000000 9.374268593026e-06
63.530000000 9.408623864553e-06
63.540000000 9.146924737173e-06
63.550000000 8.273537327995e-06
63.560000000 8.456194400803e-06
63.570000000 8.128769550832e-06
63.580000000 7.766383065820e-06
63.590000000 7.489169175403e-06
63.600000000 7.059700758838e-06
63.610000000 6.896444662250e-06
63.620000000 6.119375566113e-06
63.630000000 5.842565205273e-06
63.640000000 5.679309108685e-06
63.650000000 4.749581956823e-06
63.660000000 4.972626801704e-06
63.670000000 4.610240316692e-06
63.680000000 3.782556731422e-06
63.690000000 3.966265263004e-06
63.700000000 3.589576163539e-06
63.710000000 2.835022102012e-06
63.720000000 2.856977438970e-06
63.730000000 2.925476716472e-06
63.740000000 2.118119780074e-06
63.750000000 1.811021578974e-06
63.760000000 1.879520856476e-06
63.770000000 1.400165999363e-06
63.780000000 1.149431098719e-06
63.790000000 7.642867393300e-07
63.800000000 4.647483545399e-07
63.810000000 1.073731711758e-07
63.820000000 -2.055488266815e-07
63.830000000 -5.616725497956e-07
63.840000000 -8.654994087538e-07
63.850000000 -1.241337287107e-06
63.860000000 -1.511147376373e-06
63.870000000 -1.944176218522e-06
63.880000000 -2.106380856337e-06
63.890000000 -2.883449952475e-06
63.900000000 -3.160260313314e-06
63.910000000 -3.323516409902e-06
63.920000000 -3.754036285239e-06
63.930000000 -4.027689750072e-06
63.940000000 -4.397480036235e-06
63.950000000 -4.711453492865e-06
63.960000000 -5.051601687595e-06
63.970000000 -5.389768726435e-06
63.980000000 -5.704270728686e-06
63.990000000 -5.587690794518e-06
64.000000000 -6.182254905710e-06
64.010000000 -6.063150836500e-06
64.020000000 -6.382042685240e-06
64.030000000 -7.212157496015e-06
64.040000000 -7.079602033463e-06
64.050000000 -7.193944974786e-06
64.060000000 -7.047298239917e-06
64.070000000 -7.406046558037e-06
64.080000000 -8.177289101544e-06
64.090000000 -8.135413561558e-06
64.100000000 -8.093538021572e-06
64.110000000 -8.364521829780e-06
64.120000000 -8.724321606673e-06
64.130000000 -9.075424640290e-06
64.140000000 -9.194662415952e-06
64.150000000 -9.054601853170e-06
64.160000000 -9.395938935073e-06
64.170000000 -9.697702497579e-06
64.180000000 -9.605433508020e-06
64.190000000 -9.655931606430e-06
64.200000000 -1.012446377749e-05
64.210000000 -1.014554008813e-05
64.220000000 -1.013165476373e-05
64.230000000 -1.014031597157e-05
64.240000000 -1.013552578607e-05
64.250000000 -1.013813940172e-05
64.260000000 -1.013719259178e-05
64.270000000 -1.013729724062e-05
64.280000000 -1.013740188945e-05
64.290000000 -1.013855799706e-05
64.300000000 -1.013615367909e-05
64.310000000 -1.014115316226e-05
64.320000000 -1.013270125210e-05
64.330000000 -1.014679587417e-05
64.340000000 -1.012487740243e-05
64.350000000 -1.015932223115e-05
64.360000000 -1.010413859608e-05
64.370000000 -1.020517344231e-05
64.380000000 -9.888577745468e-06
64.390000000 -9.571982048624e-06
64.400000000 -9.673016894858e-06
64.410000000 -9.617833259783e-06
64.420000000 -9.653329547274e-06
64.430000000 -9.628902108725e-06
64.440000000 -9.647891565139e-06
64.450000000 -9.630883095970e-06
64.460000000 -9.149613817087e-06
64.470000000 -9.125186378537e-06
64.480000000 -9.161734124801e-06
64.490000000 -9.104041522913e-06
64.500000000 -9.209971203487e-06
64.510000000 -8.884818947641e-06
64.520000000 -8.582213224035e-06
64.530000000 -8.661224949696e-06
64.540000000 -8.141174217977e-06
64.550000000 -8.117821795971e-06
64.560000000 -8.201728355971e-06
64.570000000 -7.890566073363e-06
64.580000000 -7.579403790755e-06
64.590000000 -7.664361809527e-06
64.600000000 -7.138241685412e-06
64.610000000 -7.123344523330e-06
64.620000000 -7.193799689988e-06
64.630000000 -6.906235398394e-06
64.640000000 -6.556551055161e-06
64.650000000 -6.701715749956e-06
64.660000000 -6.079919569856e-06
64.670000000 -6.230336027983e-06
64.680000000 -5.870745548764e-06
64.690000000 -5.599971038228e-06
64.700000000 -5.642055875888e-06
64.710000000 -5.183881978249e-06
64.720000000 -4.913107467713e-06
64.730000000 -4.553516988494e-06
64.740000000 -4.702881987849e-06
64.750000000 -4.584904968632e-06
64.760000000 -4.222407126977e-06
64.770000000 -3.886174177086e-06
64.780000000 -3.576063353251e-06
64.790000000 -3.682531613721e-06
64.800000000 -3.611271151184e-06
64.810000000 -3.174779490862e-06
64.820000000 -3.103519028324e-06
64.830000000 -3.209987288795e-06
64.840000000 -2.898825006187e-06
64.850000000 -2.566152481881e-06
64.860000000 -2.196250839075e-06
64.870000000 -2.091725213200e-06
64.880000000 -2.218543680313e-06
64.890000000 -1.893914836134e-06
64.900000000 -1.569285991954e-06
64.910000000 -1.195845723770e-06
64.920000000 -1.090268639122e-06
64.930000000 -1.223134698426e-06
64.940000000 -8.855673397810e-07
64.950000000 -5.840130749484e-07
64.960000000 -1.737236600700e-07
64.970000000 -1.283296936733e-07
64.980000000 -1.517089965770e-07
64.990000000 -1.448319568507e-07
65.000000000 -1.379549171243e-07
65.010000000 3.389245152700e-07
65.020000000 3.843184816667e-07
65.030000000 2.943491612470e-07
65.040000000 5.959034260796e-07
65.050000000 9.345222434974e-07
65.060000000 7.991472173814e-07
65.070000000 1.408826412894e-06
65.080000000 1.275960353590e-06
65.090000000 1.609684336668e-06
65.100000000 1.920846619276e-06
65.110000000 1.814378358806e-06
65.120000000 1.886690280116e-06
65.130000000 2.319621514853e-06
65.140000000 2.398285778542e-06
65.150000000 2.278366124730e-06
65.160000000 2.612074939579e-06
65.170000000 2.909785828845e-06
65.180000000 2.833283069997e-06
65.190000000 3.353333801716e-06
65.200000000 3.374177256909e-06
65.210000000 3.295165531249e-06
65.220000000 3.597771254854e-06
65.230000000 3.922923510700e-06
65.240000000 3.816993830127e-06
65.250000000 3.873634973241e-06
65.260000000 3.840647652563e-06
65.270000000 4.357930025259e-06
65.280000000 4.352391962186e-06
65.290000000 4.346853899114e-06
65.300000000 4.363877536512e-06
65.310000000 4.331941674606e-06
65.320000000 4.386073850908e-06
65.330000000 4.285039004674e-06
65.340000000 4.600583242745e-06
65.350000000 4.919687906401e-06
65.360000000 4.813758225827e-06
65.370000000 4.877498419905e-06
65.380000000 5.329322353246e-06
65.390000000 5.373263945558e-06
65.400000000 5.324829143601e-06
65.410000000 5.388569337679e-06
65.420000000 5.282639657105e-06
65.430000000 5.601744320761e-06
65.440000000 5.917288558832e-06
65.450000000 5.816253712598e-06
65.460000000 5.871437347673e-06
65.470000000 5.836992518955e-06
65.480000000 5.858910990692e-06
65.490000000 5.844816368617e-06
65.500000000 5.853268278783e-06
65.510000000 5.848268795607e-06
65.520000000 5.850673113583e-06
65.530000000 5.849517005974e-06
65.540000000 5.849412357137e-06
65.550000000 5.849307708300e-06
65.560000000 5.849203059464e-06
65.570000000 5.849098410627e-06
65.580000000 5.848993761791e-06
65.590000000 5.848889112954e-06
65.600000000 5.848784464117e-06
65.610000000 5.848679815281e-06
65.620000000 5.848575166444e-06
65.630000000 5.848470517608e-06
65.640000000 5.848365868771e-06
65.650000000 5.848261219935e-06
65.660000000 5.849208029871e-06
65.670000000 5.846594414222e-06
65.680000000 5.851384599725e-06
65.690000000 5.842723391885e-06
65.700000000 5.856608716287e-06
65.710000000 5.834480946877e-06
65.720000000 5.368457742624e-06
65.730000000 5.313064809875e-06
65.740000000 5.414941817209e-06
65.750000000 5.095627855880e-06
65.760000000 4.783717695703e-06
65.770000000 4.875986685261e-06
65.780000000 4.834583725751e-06
65.790000000 4.846796136222e-06
65.800000000 4.859008546693e-06
65.810000000 4.817605587183e-06
65.820000000 4.909874576742e-06
65.830000000 4.599015875337e-06
65.840000000 3.776934211898e-06
65.850000000 3.883706053571e-06
65.860000000 3.819756561820e-06
65.870000000 3.867982066104e-06
65.880000000 3.823831176119e-06
65.890000000 3.872056680403e-06
65.900000000 3.809158647424e-06
65.910000000 3.912370063513e-06
65.920000000 3.597950936523e-06
65.930000000 2.773382106478e-06
65.940000000 2.888197628278e-06
65.950000000 2.810781574955e-06
65.960000000 2.879357285882e-06
65.970000000 2.802992691332e-06
65.980000000 2.915299246320e-06
65.990000000 2.594832527140e-06
66.000000000 1.774107072661e-06
66.010000000 1.886413627649e-06
66.020000000 1.810049033099e-06
66.030000000 1.879676202799e-06
66.040000000 1.799751182664e-06
66.050000000 1.919461538803e-06
66.060000000 1.585543426281e-06
66.070000000 1.287623239342e-06
66.080000000 8.636579652187e-07
66.090000000 8.436566711246e-07
66.100000000 8.236553770306e-07
66.110000000 8.999488382055e-07
66.120000000 6.020286512664e-07
66.130000000 2.681105387445e-07
66.140000000 3.878208948834e-07
66.150000000 -1.923628605493e-07
66.160000000 -1.227356908497e-07
66.170000000 -2.001517441723e-07
66.180000000 -8.428476360001e-08
66.190000000 -4.121552839315e-07
66.200000000 -7.191706097698e-07
66.210000000 -6.294105870233e-07
66.220000000 -6.697620877607e-07
66.230000000 -1.157808412588e-06
66.240000000 -1.145596002117e-06
66.250000000 -1.186998961627e-06
66.260000000 -1.094729972068e-06
66.270000000 -1.406640132245e-06
66.280000000 -1.725954093575e-06
66.290000000 -1.624077086241e-06
66.300000000 -1.679470018989e-06
66.310000000 -2.145493223242e-06
66.320000000 -2.167620992653e-06
66.330000000 -2.153735668251e-06
66.340000000 -2.162396876090e-06
66.350000000 -2.156555231815e-06
66.360000000 -2.161677814275e-06
66.370000000 -2.155836170000e-06
66.380000000 -2.164497377839e-06
66.390000000 -2.150612053437e-06
66.400000000 -2.672998558146e-06
66.410000000 -2.638763027101e-06
66.420000000 -2.694155959849e-06
66.430000000 -2.593330411288e-06
66.440000000 -2.910135405805e-06
66.450000000 -3.226940400322e-06
66.460000000 -3.126114851761e-06
66.470000000 -3.181507784509e-06
66.480000000 -3.147272253464e-06
66.490000000 -3.169400022875e-06
66.500000000 -3.155514698473e-06
66.510000000 -3.164175906312e-06
66.520000000 -3.158334262037e-06
66.530000000 -3.663715579795e-06
66.540000000 -3.657873935520e-06
66.550000000 -3.666535143359e-06
66.560000000 -3.652649818957e-06
66.570000000 -3.674777588368e-06
66.580000000 -3.640542057323e-06
66.590000000 -3.695934990071e-06
66.600000000 -3.595109441510e-06
66.610000000 -3.911914436027e-06
66.620000000 -4.228719430544e-06
66.630000000 -4.127893881983e-06
66.640000000 -4.183286814731e-06
66.650000000 -4.149051283686e-06
66.660000000 -4.171179053097e-06
66.670000000 -4.157293728695e-06
66.680000000 -4.165954936534e-06
66.690000000 -4.161164751031e-06
66.700000000 -4.163778366680e-06
66.710000000 -4.162831556744e-06
66.720000000 -4.162936205580e-06
66.730000000 -4.163040854417e-06
66.740000000 -4.163145503254e-06
66.750000000 -4.163250152090e-06
66.760000000 -4.163354800927e-06
66.770000000 -4.163459449763e-06
66.780000000 -4.163564098600e-06
66.790000000 -4.163668747437e-06
66.800000000 -4.164824855046e-06
66.810000000 -4.162420537070e-06
66.820000000 -4.167420020246e-06
66.830000000 -4.158968110080e-06
66.840000000 -4.173062732155e-06
66.850000000 -4.151144260418e-06
66.860000000 -4.185589089136e-06
66.870000000 -4.130405454061e-06
66.880000000 -4.230388841522e-06
66.890000000 -3.916302111491e-06
66.900000000 -3.594811580308e-06
66.910000000 -3.204144250247e-06
66.920000000 -3.136022100706e-06
66.930000000 -3.189981083186e-06
66.940000000 -3.138617265906e-06
66.950000000 -3.199443612890e-06
66.960000000 -3.104051478565e-06
66.970000000 -3.403728186847e-06
66.980000000 -3.752364394434e-06
66.990000000 -3.597302020733e-06
67.000000000 -3.753625150880e-06
67.010000000 -3.402689274154e-06
67.020000000 -3.108116697885e-06
67.030000000 -3.195161570880e-06
67.040000000 -3.148534494808e-06
67.050000000 -3.178084489187e-06
67.060000000 -2.658416248963e-06
67.070000000 -2.672510871038e-06
67.080000000 -2.661549994060e-06
67.090000000 -2.671444311575e-06
67.100000000 -2.660483434597e-06
67.110000000 -2.675629515445e-06
67.120000000 -2.653711043708e-06
67.130000000 -2.688155872426e-06
67.140000000 -2.632972237351e-06
67.150000000 -2.734007083585e-06
67.160000000 -2.417411386741e-06
67.170000000 -2.100815689898e-06
67.180000000 -2.202901994905e-06
67.190000000 -1.644950657719e-06
67.200000000 -1.684290320777e-06
67.210000000 -1.653815290037e-06
67.220000000 -1.681899885350e-06
67.230000000 -1.651424854610e-06
67.240000000 -1.690764517668e-06
67.250000000 -1.633071915780e-06
67.260000000 -1.735158220787e-06
67.270000000 -1.418562523944e-06
67.280000000 -1.103018285873e-06
67.290000000 -1.201544165295e-06
67.300000000 -1.151255364559e-06
67.310000000 -6.768848989767e-07
67.320000000 -6.689564004777e-07
67.330000000 -6.620793607513e-07
67.340000000 -6.854586636550e-07
67.350000000 -6.400646972583e-07
67.360000000 -7.300340176780e-07
67.370000000 -4.284797528454e-07
67.380000000 -8.986093542763e-08
67.390000000 -2.252359615437e-07
67.400000000 -1.147640425566e-07
67.410000000 -2.501390686726e-07
67.420000000 8.847974874515e-08
67.430000000 8.913442076485e-07
67.440000000 7.988659204166e-07
67.450000000 8.491547211526e-07
67.460000000 8.172188592464e-07
67.470000000 8.380858722112e-07
67.480000000 8.239912501362e-07
67.490000000 8.324431603021e-07
67.500000000 8.274436771262e-07
67.510000000 8.298479951018e-07
67.520000000 8.286918874925e-07
67.530000000 8.275357798832e-07
67.540000000 8.299400978588e-07
67.550000000 8.249406146829e-07
67.560000000 8.333925248488e-07
67.570000000 8.192979027738e-07
67.580000000 1.341475109809e-06
67.590000000 1.307030281091e-06
67.600000000 1.362213916166e-06
67.610000000 1.261179069932e-06
67.620000000 1.576723308003e-06
67.630000000 1.895827971659e-06
67.640000000 1.789898291085e-06
67.650000000 1.853638485163e-06
67.660000000 1.805203683206e-06
67.670000000 1.849145275518e-06
67.680000000 1.800710473561e-06
67.690000000 1.864450667639e-06
67.700000000 1.758520987065e-06
67.710000000 2.077625650721e-06
67.720000000 2.393169888792e-06
67.730000000 2.292135042558e-06
67.740000000 2.347318677633e-06
67.750000000 2.312873848915e-06
67.760000000 2.334792320652e-06
67.770000000 2.320697698577e-06
67.780000000 2.329149608743e-06
67.790000000 2.324150125567e-06
67.800000000 2.326554443543e-06
67.810000000 2.325398335933e-06
67.820000000 2.325293687097e-06
67.830000000 2.325189038260e-06
67.840000000 2.325084389424e-06
67.850000000 2.324979740587e-06
67.860000000 2.324875091750e-06
67.870000000 2.825029178212e-06
67.880000000 2.824924529375e-06
67.890000000 2.824819880539e-06
67.900000000 2.824715231702e-06
67.910000000 2.824610582866e-06
67.920000000 2.824505934029e-06
67.930000000 2.824401285192e-06
67.940000000 2.824296636356e-06
67.950000000 2.824191987519e-06
67.960000000 2.323828603385e-06
67.970000000 2.323723954548e-06
67.980000000 2.323619305711e-06
67.990000000 2.323514656875e-06
68.000000000 2.323410008038e-06
68.010000000 2.324356817974e-06
68.020000000 2.321743202326e-06
68.030000000 2.326533387828e-06
68.040000000 2.317872179989e-06
68.050000000 2.331757504391e-06
68.060000000 2.309629734980e-06
68.070000000 2.343865266026e-06
68.080000000 2.288472333277e-06
68.090000000 2.389297881838e-06
68.100000000 2.072492887321e-06
68.110000000 1.755687892804e-06
68.120000000 1.856513441366e-06
68.130000000 1.801120508617e-06
68.140000000 1.835356039662e-06
68.150000000 1.812176811479e-06
68.160000000 1.828571102693e-06
68.170000000 1.816066519287e-06
68.180000000 1.826904296980e-06
68.190000000 1.815195542432e-06
68.200000000 1.829608913940e-06
68.210000000 1.809154058460e-06
68.220000000 1.842314572961e-06
68.230000000 1.775619906609e-06
68.240000000 2.037978778313e-06
68.250000000 2.452995705743e-06
68.260000000 2.040155348167e-06
68.270000000 1.770082078560e-06
68.280000000 1.850557420478e-06
68.290000000 1.294905752431e-06
68.300000000 1.349491490120e-06
68.310000000 1.280631995800e-06
68.320000000 1.390552683260e-06
68.330000000 1.068751555325e-06
68.340000000 7.532809695630e-07
68.350000000 8.564923856512e-07
68.360000000 7.935943526730e-07
68.370000000 8.418198569566e-07
68.380000000 7.976689669718e-07
68.390000000 8.458944712554e-07
68.400000000 7.819449795045e-07
68.410000000 8.876653624049e-07
68.420000000 5.694028598486e-07
68.430000000 2.511403572922e-07
68.440000000 3.558092814200e-07
68.450000000 2.943687564812e-07
68.460000000 3.376994264255e-07
68.470000000 3.021050954433e-07
68.480000000 -1.639181088096e-07
68.490000000 -2.058444799865e-07
68.500000000 -1.344642769678e-07
68.510000000 -3.984899543850e-07
68.520000000 -8.151736875269e-07
68.530000000 -3.976477932855e-07
68.540000000 -1.363403803536e-07
68.550000000 -2.030350467062e-07
68.560000000 -1.688230734323e-07
68.570000000 -1.917868957244e-07
68.580000000 -1.735301486501e-07
68.590000000 -1.912864953883e-07
68.600000000 -1.713535787961e-07
68.610000000 -1.973247237734e-07
68.620000000 -1.605802259161e-07
68.630000000 -2.170246174372e-07
68.640000000 -1.161990688761e-07
68.650000000 -4.330040633929e-07
68.660000000 -7.498090579098e-07
68.670000000 -1.149242244647e-06
68.680000000 -1.204635177395e-06
68.690000000 -1.170399646350e-06
68.700000000 -1.192527415761e-06
68.710000000 -1.178642091359e-06
68.720000000 -1.187303299198e-06
68.730000000 -1.182513113695e-06
68.740000000 -1.185126729344e-06
68.750000000 -1.184179919408e-06
68.760000000 -1.184284568244e-06
68.770000000 -1.184389217081e-06
68.780000000 -1.184493865918e-06
68.790000000 -1.184598514754e-06
68.800000000 -1.184703163591e-06
68.810000000 -1.184807812427e-06
68.820000000 -1.184912461264e-06
68.830000000 -1.185017110101e-06
68.840000000 -1.185121758937e-06
68.850000000 -1.185226407774e-06
68.860000000 -1.185331056610e-06
68.870000000 -1.184384246674e-06
68.880000000 -1.186997862323e-06
68.890000000 -1.182207676820e-06
68.900000000 -1.190868884659e-06
68.910000000 -1.176983560257e-06
68.920000000 -1.199111329668e-06
68.930000000 -1.164875798623e-06
68.940000000 -1.220268731371e-06
68.950000000 -1.119443182810e-06
68.960000000 -1.936506912625e-06
68.970000000 -2.253311907142e-06
68.980000000 -2.152486358581e-06
68.990000000 -2.207879291329e-06
69.000000000 -2.173643760284e-06
69.010000000 -2.195771529695e-06
69.020000000 -2.181886205293e-06
69.030000000 -2.190547413132e-06
69.040000000 -2.186808686402e-06
69.050000000 -2.186913335239e-06
69.060000000 -2.190861359642e-06
69.070000000 -2.182409449476e-06
69.080000000 -2.196504071551e-06
69.090000000 -2.174585599814e-06
69.100000000 -2.209030428532e-06
69.110000000 -2.153846793457e-06
69.120000000 -2.254881639691e-06
69.130000000 -1.938285942847e-06
69.140000000 -1.621690246003e-06
69.150000000 -1.722725092238e-06
69.160000000 -1.667541457163e-06
69.170000000 -1.701986285881e-06
69.180000000 -1.680067814143e-06
69.190000000 -1.693110977446e-06
69.200000000 -1.687168034092e-06
69.210000000 -1.687272682929e-06
69.220000000 -1.693424923956e-06
69.230000000 -1.680591058326e-06
69.240000000 -1.702718827737e-06
69.250000000 -1.668483296692e-06
69.260000000 -1.224668952915e-06
69.270000000 -1.121334437542e-06
69.280000000 -1.443034266398e-06
69.290000000 -1.751282701912e-06
69.300000000 -1.664447126590e-06
69.310000000 -1.697816938764e-06
69.320000000 -1.697921587600e-06
69.330000000 -1.664761073099e-06
69.340000000 -1.751805946095e-06
69.350000000 -1.443766808254e-06
69.360000000 -1.122276277071e-06
69.370000000 -1.225820090117e-06
69.380000000 -1.169584996269e-06
69.390000000 -1.204029824988e-06
69.400000000 -1.182111353250e-06
69.410000000 -1.196205975325e-06
69.420000000 -1.187754065159e-06
69.430000000 -1.192753548335e-06
69.440000000 -1.190349230360e-06
69.450000000 -1.191505337969e-06
69.460000000 -1.191609986806e-06
69.470000000 -1.191714635642e-06
69.480000000 -1.191819284479e-06
69.490000000 -1.191923933315e-06
69.500000000 -1.192028582152e-06
69.510000000 -1.192133230989e-06
69.520000000 -1.192237879825e-06
69.530000000 -1.192342528662e-06
69.540000000 -1.192447177498e-06
69.550000000 -1.192551826335e-06
69.560000000 -1.193707933944e-06
69.570000000 -1.191303615969e-06
69.580000000 -1.196303099144e-06
69.590000000 -1.187851188979e-06
69.600000000 -1.201945811054e-06
69.610000000 -6.808200627908e-07
69.620000000 -7.127559246970e-07
69.630000000 -6.624671239610e-07
69.640000000 -7.549454111928e-07
69.650000000 -4.523396875875e-07
69.660000000 -1.137208701698e-07
69.670000000 -2.490958962858e-07
69.680000000 -1.386239772987e-07
69.690000000 -2.739990034148e-07
69.700000000 6.461981400303e-08
69.710000000 3.672255376083e-07
69.720000000 2.747472503765e-07
69.730000000 3.250360511124e-07
69.740000000 2.931001892063e-07
69.750000000 3.139672021711e-07
69.760000000 2.998725800960e-07
69.770000000 3.083244902619e-07
69.780000000 3.033250070861e-07
69.790000000 3.057293250616e-07
69.800000000 3.045732174524e-07
69.810000000 3.044685686158e-07
69.820000000 3.043639197792e-07
69.830000000 3.042592709426e-07
69.840000000 3.041546221060e-07
69.850000000 3.040499732694e-07
69.860000000 3.039453244328e-07
69.870000000 3.038406755962e-07
69.880000000 3.037360267597e-07
69.890000000 3.036313779231e-07
69.900000000 3.035267290865e-07
69.910000000 3.034220802499e-07
69.920000000 8.035761667113e-07
69.930000000 8.034715178747e-07
69.940000000 8.033668690382e-07
69.950000000 8.043136789742e-07
69.960000000 8.017000633255e-07
69.970000000 8.064902488282e-07
69.980000000 7.978290409891e-07
69.990000000 8.117143653910e-07
70.000000000 7.895865959803e-07
70.010000000 8.238221270255e-07
70.020000000 7.684291942770e-07
70.030000000 8.692547428382e-07
70.040000000 5.524497483213e-07
70.050000000 2.356447538044e-07
70.060000000 3.364703023655e-07
70.070000000 2.810773696171e-07
70.080000000 3.153129006623e-07
70.090000000 2.931851312516e-07
70.100000000 3.060189968808e-07
70.110000000 2.998667558538e-07
70.120000000 2.997621070173e-07
70.130000000 3.057050503710e-07
70.140000000 2.926618870687e-07
70.150000000 3.145803588061e-07
70.160000000 2.801355300878e-07
70.170000000 3.353191651631e-07
70.180000000 2.342843189288e-07
70.190000000 5.508800157725e-07
70.200000000 8.674757126162e-07
70.210000000 7.664408663819e-07
70.220000000 8.216245014571e-07
70.230000000 7.871796727388e-07
70.240000000 8.090981444763e-07
70.250000000 7.950035224013e-07
70.260000000 8.034554325671e-07
70.270000000 7.984559493913e-07
70.280000000 8.008602673668e-07
70.290000000 7.997041597576e-07
70.300000000 7.995995109210e-07
70.310000000 7.994948620844e-07
70.320000000 7.993902132478e-07
70.330000000 7.992855644112e-07
70.340000000 7.991809155746e-07
70.350000000 7.990762667380e-07
70.360000000 7.989716179015e-07
70.370000000 7.988669690649e-07
70.380000000 7.987623202283e-07
70.390000000 7.986576713917e-07
70.400000000 7.985530225551e-07
70.410000000 7.984483737185e-07
70.420000000 7.983437248819e-07
70.430000000 7.982390760453e-07
70.440000000 7.981344272087e-07
70.450000000 7.980297783722e-07
70.460000000 7.979251295356e-07
70.470000000 7.978204806990e-07
70.480000000 7.977158318624e-07
70.490000000 7.976111830258e-07
70.500000000 7.975065341892e-07
70.510000000 7.974018853526e-07
70.520000000 7.972972365160e-07
70.530000000 7.971925876794e-07
70.540000000 7.970879388429e-07
70.550000000 7.969832900063e-07
70.560000000 7.968786411697e-07
70.570000000 7.978254511058e-07
70.580000000 7.952118354570e-07
70.590000000 8.000020209597e-07
70.600000000 7.913408131207e-07
70.610000000 8.052261375225e-07
70.620000000 7.830983681118e-07
70.630000000 8.173338991570e-07
70.640000000 7.619409664086e-07
70.650000000 8.627665149697e-07
70.660000000 5.459615204528e-07
70.670000000 2.291565259359e-07
70.680000000 3.299820744971e-07
70.690000000 2.745891417486e-07
70.700000000 3.088246727938e-07
70.710000000 2.866969033831e-07
70.720000000 -1.996765075131e-07
70.730000000 -2.083377153521e-07
70.740000000 -2.035475298494e-07
70.750000000 -2.061611454982e-07
70.760000000 -2.052143355621e-07
70.770000000 -2.053189843987e-07
70.780000000 -2.054236332353e-07
70.790000000 -2.055282820718e-07
70.800000000 -2.056329309084e-07
70.810000000 -2.057375797450e-07
70.820000000 -2.058422285816e-07
70.830000000 -2.059468774182e-07
70.840000000 -2.060515262548e-07
70.850000000 -2.061561750914e-07
70.860000000 -2.062608239280e-07
70.870000000 -2.053140139919e-07
70.880000000 -2.079276296406e-07
70.890000000 -2.031374441379e-07
70.900000000 -2.117986519770e-07
70.910000000 -1.979133275751e-07
70.920000000 -2.200410969858e-07
70.930000000 -1.858055659406e-07
70.940000000 -2.411984986891e-07
70.950000000 -1.403729501279e-07
70.960000000 -4.571779446448e-07
70.970000000 -7.750343979344e-07
70.980000000 -6.716998825611e-07
70.990000000 -7.319876496488e-07
71.000000000 -6.891955596012e-07
71.010000000 -7.253133022503e-07
71.020000000 -6.894048572744e-07
71.030000000 -7.324062449952e-07
71.040000000 -6.723277755806e-07
71.050000000 -7.758715886271e-07
71.060000000 -4.582244330107e-07
71.070000000 -1.416287361670e-07
71.080000000 -2.426635824013e-07
71.090000000 -1.874799473261e-07
71.100000000 -2.219247760444e-07
71.110000000 -2.000063043069e-07
71.120000000 -2.141009263819e-07
71.130000000 -2.056490162160e-07
71.140000000 -2.106484993919e-07
71.150000000 -2.082441814163e-07
71.160000000 -2.094002890256e-07
71.170000000 -2.095049378622e-07
71.180000000 -2.096095866988e-07
71.190000000 -2.097142355354e-07
71.200000000 -2.098188843720e-07
71.210000000 -2.099235332086e-07
71.220000000 -2.100281820451e-07
71.230000000 -7.103915661798e-07
71.240000000 -7.104962150163e-07
71.250000000 -7.106008638529e-07
71.260000000 -7.107055126895e-07
71.270000000 -7.108101615261e-07
71.280000000 -7.109148103627e-07
71.290000000 -7.110194591993e-07
71.300000000 -7.111241080359e-07
71.310000000 -7.112287568725e-07
71.320000000 -7.113334057091e-07
71.330000000 -7.114380545456e-07
71.340000000 -7.115427033822e-07
71.350000000 -7.116473522188e-07
71.360000000 -7.117520010554e-07
71.370000000 -7.118566498920e-07
71.380000000 -7.119612987286e-07
71.390000000 -7.120659475652e-07
71.400000000 -7.121705964018e-07
71.410000000 -7.122752452383e-07
71.420000000 -7.123798940749e-07
71.430000000 -7.124845429115e-07
71.440000000 -7.125891917481e-07
71.450000000 -7.126938405847e-07
71.460000000 -7.127984894213e-07
71.470000000 -7.129031382579e-07
71.480000000 -7.130077870945e-07
71.490000000 -7.131124359311e-07
71.500000000 -7.132170847676e-07
71.510000000 -7.133217336042e-07
71.520000000 -7.134263824408e-07
71.530000000 -7.135310312774e-07
71.540000000 -7.136356801140e-07
71.550000000 -7.137403289506e-07
71.560000000 -7.138449777872e-07
71.570000000 -7.128981678511e-07
71.580000000 -7.155117834998e-07
71.590000000 -7.107215979971e-07
71.600000000 -7.193828058362e-07
71.610000000 -7.054974814343e-07
71.620000000 -7.276252508450e-07
71.630000000 -6.933897197998e-07
71.640000000 -7.487826525483e-07
71.650000000 -6.479571039871e-07
71.660000000 -9.647620985040e-07
71.670000000 -1.281567093021e-06
71.680000000 -1.180741544460e-06
71.690000000 -1.236134477208e-06
71.700000000 -1.201898946163e-06
71.710000000 -1.224026715574e-06
71.720000000 -1.210141391172e-06
71.730000000 -1.218802599011e-06
71.740000000 -1.214012413508e-06
71.750000000 -1.216626029157e-06
71.760000000 -1.215679219221e-06
71.770000000 -7.155251327595e-07
71.780000000 -7.156297815961e-07
71.790000000 -7.157344304326e-07
71.800000000 -7.158390792692e-07
71.810000000 -7.169951868785e-07
71.820000000 -7.145908689029e-07
71.830000000 -7.195903520788e-07
71.840000000 -7.111384419129e-07
71.850000000 -7.252330639879e-07
71.860000000 -7.033145922505e-07
71.870000000 -7.377594209688e-07
71.880000000 -6.825757858935e-07
71.890000000 -7.836106321278e-07
71.900000000 -4.670149352841e-07
71.910000000 -1.504192384404e-07
71.920000000 -2.514540846747e-07
71.930000000 -1.962704495995e-07
71.940000000 -2.307152783178e-07
71.950000000 -2.087968065803e-07
71.960000000 -2.228914286553e-07
71.970000000 -2.144395184894e-07
71.980000000 -2.194390016653e-07
71.990000000 -2.170346836898e-07
72.000000000 -2.181907912990e-07
72.010000000 -2.182954401356e-07
72.020000000 -2.184000889722e-07
72.030000000 -2.174532790361e-07
72.040000000 -2.200668946848e-07
72.050000000 -2.152767091821e-07
72.060000000 -2.249893757939e-07
72.070000000 -2.085950845799e-07
72.080000000 -2.356176883298e-07
72.090000000 -1.928255982822e-07
72.100000000 -2.622085042691e-07
72.110000000 -1.393598351339e-07
72.120000000 -4.905050095325e-07
72.130000000 -7.520217201375e-07
72.140000000 -7.521263689741e-07
72.150000000 -4.908189560423e-07
72.160000000 -1.398830793168e-07
72.170000000 -2.629410461252e-07
72.180000000 -1.937674378115e-07
72.190000000 -2.367688255323e-07
72.200000000 -2.099555194555e-07
72.210000000 -2.265591083427e-07
72.220000000 -2.170557394041e-07
72.230000000 -2.220552225800e-07
72.240000000 -2.196509046045e-07
72.250000000 -2.208070122137e-07
72.260000000 -2.209116610503e-07
72.270000000 -2.210163098869e-07
72.280000000 -2.211209587235e-07
72.290000000 -2.212256075601e-07
72.300000000 -2.213302563967e-07
72.310000000 -2.214349052333e-07
72.320000000 -2.215395540698e-07
72.330000000 -2.216442029064e-07
72.340000000 -2.217488517430e-07
72.350000000 -2.218535005796e-07
72.360000000 -2.219581494162e-07
72.370000000 -2.220627982528e-07
72.380000000 -2.221674470894e-07
72.390000000 -2.222720959260e-07
72.400000000 -2.234282035352e-07
72.410000000 -2.210238855597e-07
72.420000000 -2.260233687355e-07
72.430000000 -2.175714585697e-07
72.440000000 -2.316660806447e-07
72.450000000 -2.097476089072e-07
72.460000000 -2.441924376255e-07
72.470000000 -1.890088025503e-07
72.480000000 -2.900436487846e-07
72.490000000 2.655204805914e-08
72.500000000 3.431477449029e-07
72.510000000 2.431643574412e-07
72.520000000 2.958390257043e-07
72.530000000 2.662890313253e-07
72.540000000 2.796509440603e-07
72.550000000 2.795462952237e-07
72.560000000 2.659750848155e-07
72.570000000 2.953157815214e-07
72.580000000 2.424318155851e-07
72.590000000 3.422059053736e-07
72.600000000 2.540091085667e-08
72.610000000 -2.924555424329e-07
72.620000000 -1.891210270596e-07
72.630000000 -2.494087941473e-07
72.640000000 -2.066167040997e-07
72.650000000 -2.427344467488e-07
72.660000000 -2.068260017729e-07
72.670000000 -2.498273894937e-07
72.680000000 -1.886974613065e-07
72.690000000 -2.947502411651e-07
72.700000000 2.779174879060e-08
72.710000000 3.358308866318e-07
72.720000000 2.487860136359e-07
72.730000000 2.819465281371e-07
72.740000000 2.818418793006e-07
72.750000000 2.484720671262e-07
72.760000000 3.353076424489e-07
72.770000000 2.705920693448e-08
72.780000000 -2.946406219217e-07
72.790000000 -1.913061065484e-07
72.800000000 -2.477504980695e-07
72.810000000 -2.135149670244e-07
72.820000000 -2.356427364350e-07
72.830000000 -2.217574120332e-07
72.840000000 -2.304186198722e-07
72.850000000 -2.256284343696e-07
72.860000000 -2.282420500183e-07
72.870000000 -2.272952400822e-07
72.880000000 -2.273998889188e-07
72.890000000 -2.275045377554e-07
72.900000000 -2.276091865920e-07
72.910000000 -2.277138354286e-07
72.920000000 -2.278184842651e-07
72.930000000 -2.279231331017e-07
72.940000000 -2.280277819383e-07
72.950000000 -2.281324307749e-07
72.960000000 -2.282370796115e-07
72.970000000 -2.283417284481e-07
72.980000000 -2.294978360573e-07
72.990000000 -2.270935180818e-07
73.000000000 -2.320930012577e-07
73.010000000 -2.236410910918e-07
73.020000000 -2.366842543941e-07
73.030000000 -2.172747494688e-07
73.040000000 -2.468247438478e-07
73.050000000 -2.001976677750e-07
73.060000000 -2.872425407709e-07
73.070000000 7.330035498715e-09
73.080000000 3.582659122242e-07
73.090000000 2.019427820780e-07
73.100000000 3.580566145510e-07
73.110000000 6.911440152362e-09
73.120000000 -2.878704337905e-07
73.130000000 -2.010348584677e-07
73.140000000 -2.478712322137e-07
73.150000000 -2.185305355078e-07
73.160000000 -2.381493381064e-07
73.170000000 -2.253154724772e-07
73.180000000 -2.339766803162e-07
73.190000000 -2.291864948136e-07
73.200000000 -2.318001104623e-07
73.210000000 -2.308533005262e-07
73.220000000 -2.309579493628e-07
73.230000000 -2.310625981994e-07
73.240000000 -2.311672470360e-07
73.250000000 -2.312718958726e-07
73.260000000 -2.313765447091e-07
73.270000000 -2.314811935457e-07
73.280000000 -2.315858423823e-07
73.290000000 -2.316904912189e-07
73.300000000 -2.317951400555e-07
73.310000000 -2.318997888921e-07
73.320000000 -2.320044377287e-07
73.330000000 -2.321090865653e-07
73.340000000 -2.322137354018e-07
73.350000000 -2.323183842384e-07
73.360000000 -2.324230330750e-07
73.370000000 -2.325276819116e-07
73.380000000 -2.326323307482e-07
73.390000000 -2.327369795848e-07
73.400000000 -2.328416284214e-07
73.410000000 -2.329462772580e-07
73.420000000 -2.330509260946e-07
73.430000000 -2.331555749311e-07
73.440000000 -2.322087649951e-07
73.450000000 -2.348223806438e-07
73.460000000 -2.300321951411e-07
73.470000000 -2.386934029802e-07
73.480000000 -2.248080785783e-07
73.490000000 -2.469358479890e-07
73.500000000 -2.137517757165e-07
73.510000000 -2.666357416528e-07
73.520000000 -1.707050274309e-07
73.530000000 -4.789534629453e-07
73.540000000 -8.097484307007e-07
73.550000000 -6.868997615654e-07
73.560000000 -7.766328741956e-07
73.570000000 -6.871090592386e-07
73.580000000 -8.101670260470e-07
73.590000000 -4.795813559649e-07
73.600000000 -1.715422181236e-07
73.610000000 -2.676822300187e-07
73.620000000 -2.150075617556e-07
73.630000000 -2.484009317012e-07
73.640000000 -2.264824599637e-07
73.650000000 -2.405770820387e-07
73.660000000 -2.321251718729e-07
73.670000000 -2.371246550487e-07
73.680000000 -2.347203370732e-07
73.690000000 -2.358764446824e-07
73.700000000 -2.359810935190e-07
73.710000000 -2.360857423556e-07
73.720000000 -2.361903911922e-07
73.730000000 -2.362950400288e-07
73.740000000 -2.363996888654e-07
73.750000000 -2.365043377020e-07
73.760000000 -2.355575277659e-07
73.770000000 -2.381711434146e-07
73.780000000 -2.333809579119e-07
73.790000000 -2.420421657510e-07
73.800000000 -2.292083001218e-07
73.810000000 -2.488271027203e-07
73.820000000 -2.194864060145e-07
73.830000000 -2.663227797604e-07
73.840000000 -1.794872044377e-07
73.850000000 -4.742690783805e-07
73.860000000 -8.254142527792e-07
73.870000000 -6.693004203062e-07
73.880000000 -8.256235504523e-07
73.890000000 -4.746876737269e-07
73.900000000 -1.801150974572e-07
73.910000000 -2.671599704531e-07
73.920000000 -2.205328943803e-07
73.930000000 -2.500828887594e-07
73.940000000 -2.306733838340e-07
73.950000000 -2.437165471364e-07
73.960000000 -2.352646369705e-07
73.970000000 -2.392126613737e-07
73.980000000 -2.393173102103e-07
73.990000000 -2.355785834803e-07
74.000000000 -2.442397913193e-07
74.010000000 -2.303544669175e-07
74.020000000 -2.524822363282e-07
74.030000000 -2.182467052830e-07
74.040000000 -2.736396380314e-07
74.050000000 -1.738655482430e-07
74.060000000 -4.881615759477e-07
74.070000000 -8.098614048039e-07
74.080000000 -7.004792972403e-07
74.090000000 -7.698622032271e-07
74.100000000 -7.136035516079e-07
74.110000000 -7.700715009003e-07
74.120000000 -7.008978925866e-07
74.130000000 -8.104892978234e-07
74.140000000 -4.889987666404e-07
74.150000000 -1.749120366089e-07
74.160000000 -2.748954240705e-07
74.170000000 -2.197117889952e-07
74.180000000 -2.541566177136e-07
74.190000000 -2.322381459761e-07
74.200000000 -2.463327680511e-07
74.210000000 -2.378808578852e-07
74.220000000 -2.428803410611e-07
74.230000000 -2.404760230855e-07
74.240000000 -2.416321306948e-07
74.250000000 -2.417367795314e-07
74.260000000 -2.418414283680e-07
74.270000000 -2.419460772046e-07
74.280000000 -2.420507260411e-07
74.290000000 -2.421553748777e-07
74.300000000 -2.422600237143e-07
74.310000000 -2.423646725509e-07
74.320000000 -2.424693213875e-07
74.330000000 -2.425739702241e-07
74.340000000 -2.426786190607e-07
74.350000000 -2.427832678973e-07
74.360000000 -2.428879167338e-07
74.370000000 -2.429925655704e-07
74.380000000 -2.430972144070e-07
74.390000000 -2.432018632436e-07
74.400000000 -2.433065120802e-07
74.410000000 -2.434111609168e-07
74.420000000 -2.435158097534e-07
74.430000000 -2.436204585900e-07
74.440000000 -2.437251074266e-07
74.450000000 -2.438297562631e-07
74.460000000 -2.439344050997e-07
74.470000000 -2.440390539363e-07
74.480000000 -2.441437027729e-07
74.490000000 -2.442483516095e-07
74.500000000 -2.443530004461e-07
74.510000000 -2.444576492827e-07
74.520000000 -2.445622981193e-07
74.530000000 -2.446669469558e-07
74.540000000 -2.447715957924e-07
74.550000000 -2.448762446290e-07
74.560000000 -2.449808934656e-07
74.570000000 -2.450855423022e-07
74.580000000 -2.451901911388e-07
74.590000000 -2.452948399754e-07
74.600000000 -2.453994888120e-07
74.610000000 -2.455041376486e-07
74.620000000 -2.456087864851e-07
74.630000000 -2.457134353217e-07
74.640000000 -2.458180841583e-07
74.650000000 -2.459227329949e-07
74.660000000 -2.460273818315e-07
74.670000000 -2.461320306681e-07
74.680000000 -2.462366795047e-07
74.690000000 -2.463413283413e-07
74.700000000 -2.464459771778e-07
74.710000000 -2.465506260144e-07
74.720000000 -2.466552748510e-07
74.730000000 -2.467599236876e-07
74.740000000 -2.468645725242e-07
74.750000000 -2.469692213608e-07
74.760000000 -2.470738701974e-07
74.770000000 -2.471785190340e-07
74.780000000 -2.472831678706e-07
74.790000000 -2.473878167071e-07
74.800000000 -2.474924655437e-07
74.810000000 -2.475971143803e-07
74.820000000 -2.477017632169e-07
74.830000000 -2.478064120535e-07
74.840000000 -2.479110608901e-07
74.850000000 -2.480157097267e-07
74.860000000 -2.481203585633e-07
74.870000000 -2.482250073998e-07
74.880000000 -2.483296562364e-07
74.890000000 -2.484343050730e-07
74.900000000 -2.474874951369e-07
74.910000000 -2.501011107857e-07
74.920000000 -2.453109252830e-07
74.930000000 -2.539721331220e-07
74.940000000 -2.400868087202e-07
74.950000000 -2.622145781309e-07
74.960000000 -2.279790470857e-07
74.970000000 -2.844234386068e-07
74.980000000 -1.810889232335e-07
74.990000000 -5.027887520897e-07
75.000000000 -8.110371876041e-07
75.010000000 -7.242016122814e-07
75.020000000 -7.575714244558e-07
75.030000000 -7.576760732924e-07
75.040000000 -7.245155587912e-07
75.050000000 -8.115604317871e-07
75.060000000 -5.035212939458e-07
75.070000000 -1.820307627628e-07
75.080000000 -2.855745758093e-07
75.090000000 -2.293394819614e-07
75.100000000 -2.637843106797e-07
75.110000000 -2.418658389422e-07
75.120000000 -2.559604610172e-07
75.130000000 -2.475085508513e-07
75.140000000 -2.535594927999e-07
75.150000000 -2.486462080122e-07
75.160000000 -2.546971499607e-07
75.170000000 -2.462452397948e-07
75.180000000 -2.603398618699e-07
75.190000000 -2.384213901324e-07
75.200000000 -2.728662188507e-07
75.210000000 -2.176825837754e-07
75.220000000 -3.187174300098e-07
75.230000000 -2.121733166040e-09
75.240000000 3.144739636777e-07
75.250000000 2.134391174434e-07
75.260000000 2.686227525186e-07
75.270000000 2.341779238003e-07
75.280000000 2.560963955378e-07
75.290000000 2.420017734627e-07
75.300000000 2.504536836286e-07
75.310000000 2.454542004528e-07
75.320000000 2.489099772010e-07
75.330000000 2.452449027796e-07
75.340000000 2.500350882823e-07
75.350000000 2.413738804432e-07
75.360000000 2.552592048451e-07
75.370000000 2.331314354344e-07
75.380000000 2.673669664796e-07
75.390000000 2.119740337311e-07
75.400000000 3.127995822923e-07
75.410000000 -5.056870997303e-09
75.420000000 -3.193528987020e-07
75.430000000 -2.234221844802e-07
75.440000000 -2.702585582262e-07
75.450000000 -2.500130004194e-07
75.460000000 -2.501176492560e-07
75.470000000 -2.705725047359e-07
75.480000000 -2.239454286631e-07
75.490000000 -3.200854405582e-07
75.500000000 -5.998710526598e-09
75.510000000 3.116484450898e-07
75.520000000 2.106135988555e-07
75.530000000 2.657972339307e-07
75.540000000 2.313524052124e-07
75.550000000 2.532708769499e-07
75.560000000 2.391762548749e-07
75.570000000 2.476281650408e-07
75.580000000 2.426286818649e-07
75.590000000 2.450329998404e-07
75.600000000 2.438768922312e-07
75.610000000 2.437722433946e-07
75.620000000 2.436675945580e-07
75.630000000 2.446144044941e-07
75.640000000 2.420007888454e-07
75.650000000 2.467909743481e-07
75.660000000 2.381297665090e-07
75.670000000 2.520150909108e-07
75.680000000 2.298873215002e-07
75.690000000 2.641228525453e-07
75.700000000 2.087299197969e-07
75.710000000 3.095554683580e-07
75.720000000 -7.249526158864e-09
75.730000000 -3.240545206758e-07
75.740000000 -2.232289721146e-07
75.750000000 -2.786219048631e-07
75.760000000 -2.443863738179e-07
75.770000000 -2.665141432286e-07
75.780000000 -2.526288188267e-07
75.790000000 -2.612900266658e-07
75.800000000 -2.564998411631e-07
75.810000000 -2.591134568118e-07
75.820000000 -2.581666468757e-07
75.830000000 -2.582712957123e-07
75.840000000 -2.583759445489e-07
75.850000000 -2.584805933855e-07
75.860000000 -2.585852422221e-07
75.870000000 -2.586898910587e-07
75.880000000 -2.587945398953e-07
75.890000000 -2.588991887318e-07
75.900000000 -2.590038375684e-07
75.910000000 -2.591084864050e-07
75.920000000 -2.592131352416e-07
75.930000000 -2.593177840782e-07
75.940000000 -2.594224329148e-07
75.950000000 -2.595270817514e-07
75.960000000 -2.596317305880e-07
75.970000000 -2.597363794246e-07
75.980000000 -2.598410282611e-07
75.990000000 -2.599456770977e-07
76.000000000 -2.600503259343e-07
76.010000000 -2.601549747709e-07
76.020000000 -2.602596236075e-07
76.030000000 -2.603642724441e-07
76.040000000 -2.604689212807e-07
76.050000000 -2.605735701173e-07
76.060000000 -2.606782189538e-07
76.070000000 -2.607828677904e-07
76.080000000 -2.608875166270e-07
76.090000000 -2.609921654636e-07
76.100000000 -2.610968143002e-07
76.110000000 -2.612014631368e-07
76.120000000 -2.613061119734e-07
76.130000000 -2.614107608100e-07
76.140000000 -2.615154096466e-07
76.150000000 -2.616200584831e-07
76.160000000 -2.617247073197e-07
76.170000000 -2.618293561563e-07
76.180000000 -2.619340049929e-07
76.190000000 -2.620386538295e-07
76.200000000 -2.621433026661e-07
76.210000000 -2.622479515027e-07
76.220000000 -2.623526003393e-07
76.230000000 -2.624572491758e-07
76.240000000 -2.625618980124e-07
76.250000000 -2.626665468490e-07
76.260000000 -2.627711956856e-07
76.270000000 -2.628758445222e-07
76.280000000 -2.629804933588e-07
76.290000000 -2.630851421954e-07
76.300000000 -2.631897910320e-07
76.310000000 -2.632944398686e-07
76.320000000 -2.633990887051e-07
76.330000000 -2.635037375417e-07
76.340000000 -2.636083863783e-07
76.350000000 -2.637130352149e-07
76.360000000 -2.638176840515e-07
76.370000000 -2.639223328881e-07
76.380000000 -2.640269817247e-07
76.390000000 -2.641316305613e-07
76.400000000 -2.642362793978e-07
76.410000000 -2.643409282344e-07
76.420000000 -2.644455770710e-07
76.430000000 -2.645502259076e-07
76.440000000 -2.646548747442e-07
76.450000000 -2.647595235808e-07
76.460000000 -2.648641724174e-07
76.470000000 -2.649688212540e-07
76.480000000 -2.650734700906e-07
76.490000000 -2.651781189271e-07
76.500000000 -2.652827677637e-07
76.510000000 -2.653874166003e-07
76.520000000 -2.654920654369e-07
76.530000000 -2.655967142735e-07
76.540000000 -2.646499043374e-07
76.550000000 -2.672635199861e-07
76.560000000 -2.624733344834e-07
76.570000000 -2.721860010952e-07
76.580000000 -2.557917098812e-07
76.590000000 -2.828143136311e-07
76.600000000 -2.400222235835e-07
76.610000000 -3.094051295704e-07
76.620000000 -1.865564604352e-07
76.630000000 -5.377016348338e-07
76.640000000 -7.992183454388e-07
76.650000000 -7.993229942754e-07
76.660000000 -5.380155813436e-07
76.670000000 -1.870797046181e-07
76.680000000 -3.101376714265e-07
76.690000000 -2.409640631128e-07
76.700000000 -2.839654508336e-07
76.710000000 -2.571521447568e-07
76.720000000 -2.737557336440e-07
76.730000000 -2.632009059328e-07
76.740000000 -2.707093559208e-07
76.750000000 -2.644616623786e-07
76.760000000 -2.716653621782e-07
76.770000000 -2.626748721157e-07
76.780000000 -2.762460825238e-07
76.790000000 -2.560005247171e-07
76.800000000 -2.893703368915e-07
76.810000000 -2.228849682121e-07
76.820000000 -4.844016788171e-07
76.830000000 -9.021368707317e-07
76.840000000 -4.846109764903e-07
76.850000000 -2.233035635584e-07
76.860000000 -2.899982299110e-07
76.870000000 -2.568377154098e-07
76.880000000 -2.772925708897e-07
76.890000000 -2.639306581547e-07
76.900000000 -2.731304458905e-07
76.910000000 -2.671875025367e-07
76.920000000 -2.711355269399e-07
76.930000000 -2.687312089644e-07
76.940000000 -2.698873165736e-07
76.950000000 -2.699919654102e-07
76.960000000 -2.700966142468e-07
76.970000000 -2.702012630834e-07
76.980000000 -2.703059119200e-07
76.990000000 -2.704105607566e-07
77.000000000 -2.705152095931e-07
77.010000000 -2.706198584297e-07
77.020000000 -2.707245072663e-07
77.030000000 -2.708291561029e-07
77.040000000 -2.709338049395e-07
77.050000000 -2.710384537761e-07
77.060000000 -2.711431026127e-07
77.070000000 -2.712477514493e-07
77.080000000 -2.713524002858e-07
77.090000000 -2.714570491224e-07
77.100000000 -2.715616979590e-07
77.110000000 -2.716663467956e-07
77.120000000 -2.717709956322e-07
77.130000000 -2.718756444688e-07
77.140000000 -2.719802933054e-07
77.150000000 -2.720849421420e-07
77.160000000 -2.721895909786e-07
77.170000000 -2.722942398151e-07
77.180000000 -2.723988886517e-07
77.190000000 -2.725035374883e-07
77.200000000 -2.726081863249e-07
77.210000000 -2.727128351615e-07
77.220000000 -2.728174839981e-07
77.230000000 -2.729221328347e-07
77.240000000 -2.730267816713e-07
77.250000000 -2.731314305079e-07
77.260000000 -2.732360793444e-07
77.270000000 -2.733407281810e-07
77.280000000 -2.734453770176e-07
77.290000000 -2.735500258542e-07
77.300000000 -2.736546746908e-07
77.310000000 -2.737593235274e-07
77.320000000 -2.738639723640e-07
77.330000000 -2.739686212006e-07
77.340000000 -2.740732700371e-07
77.350000000 -2.741779188737e-07
77.360000000 -2.742825677103e-07
77.370000000 -2.743872165469e-07
77.380000000 -2.744918653835e-07
77.390000000 -2.745965142201e-07
77.400000000 -2.747011630567e-07
77.410000000 -2.748058118933e-07
77.420000000 -2.749104607299e-07
77.430000000 -2.750151095664e-07
77.440000000 -2.751197584030e-07
77.450000000 -2.752244072396e-07
77.460000000 -2.753290560762e-07
77.470000000 -2.754337049128e-07
77.480000000 -2.755383537494e-07
77.490000000 -2.756430025860e-07
77.500000000 -2.757476514226e-07
77.510000000 -2.758523002591e-07
77.520000000 -2.759569490957e-07
77.530000000 -2.760615979323e-07
77.540000000 -2.761662467689e-07
77.550000000 -2.762708956055e-07
77.560000000 -2.763755444421e-07
77.570000000 -2.764801932787e-07
77.580000000 -2.765848421153e-07
77.590000000 -2.766894909519e-07
77.600000000 -2.767941397884e-07
77.610000000 -2.768987886250e-07
77.620000000 -2.770034374616e-07
77.630000000 -2.771080862982e-07
77.640000000 -2.772127351348e-07
77.650000000 -2.773173839714e-07
77.660000000 -2.774220328080e-07
77.670000000 -2.775266816446e-07
77.680000000 -2.776313304811e-07
77.690000000 -2.777359793177e-07
77.700000000 -2.778406281543e-07
77.710000000 -2.779452769909e-07
77.720000000 -2.780499258275e-07
77.730000000 -2.781545746641e-07
77.740000000 -2.782592235007e-07
77.750000000 -2.783638723373e-07
77.760000000 -2.784685211739e-07
77.770000000 -2.785731700104e-07
77.780000000 -2.786778188470e-07
77.790000000 -2.787824676836e-07
77.800000000 -2.788871165202e-07
77.810000000 -2.789917653568e-07
77.820000000 -2.790964141934e-07
77.830000000 -2.792010630300e-07
77.840000000 -2.793057118666e-07
77.850000000 -2.794103607031e-07
77.860000000 -2.795150095397e-07
77.870000000 -2.796196583763e-07
77.880000000 -2.797243072129e-07
77.890000000 -2.798289560495e-07
77.900000000 -2.799336048861e-07
77.910000000 -2.800382537227e-07
77.920000000 -2.801429025593e-07
77.930000000 -2.802475513959e-07
77.940000000 -2.803522002324e-07
77.950000000 -2.804568490690e-07
77.960000000 -2.805614979056e-07
77.970000000 -2.806661467422e-07
77.980000000 -2.807707955788e-07
77.990000000 -2.808754444154e-07
78.000000000 -2.809800932520e-07
78.010000000 -2.810847420886e-07
78.020000000 -2.811893909251e-07
78.030000000 -2.812940397617e-07
78.040000000 -2.813986885983e-07
78.050000000 -2.815033374349e-07
78.060000000 -2.816079862715e-07
78.070000000 -2.817126351081e-07
78.080000000 -2.818172839447e-07
78.090000000 -2.819219327813e-07
78.100000000 -2.820265816179e-07
78.110000000 -2.821312304544e-07
78.120000000 -2.822358792910e-07
78.130000000 -2.823405281276e-07
78.140000000 -2.824451769642e-07
78.150000000 -2.825498258008e-07
78.160000000 -2.826544746374e-07
78.170000000 -2.827591234740e-07
78.180000000 -2.828637723106e-07
78.190000000 -2.829684211471e-07
78.200000000 -2.830730699837e-07
78.210000000 -2.831777188203e-07
78.220000000 -2.832823676569e-07
78.230000000 -2.833870164935e-07
78.240000000 -2.834916653301e-07
78.250000000 -2.835963141667e-07
78.260000000 -2.837009630033e-07
78.270000000 -2.838056118399e-07
78.280000000 -2.839102606764e-07
78.290000000 -2.840149095130e-07
78.300000000 -2.841195583496e-07
78.310000000 -2.842242071862e-07
78.320000000 -2.843288560228e-07
78.330000000 -2.844335048594e-07
78.340000000 -2.845381536960e-07
78.350000000 -2.846428025326e-07
78.360000000 -2.847474513691e-07
78.370000000 -2.848521002057e-07
78.380000000 -2.849567490423e-07
78.390000000 -2.850613978789e-07
78.400000000 -2.851660467155e-07
78.410000000 -2.852706955521e-07
78.420000000 -2.853753443887e-07
78.430000000 -2.854799932253e-07
78.440000000 -2.855846420619e-07
78.450000000 -2.856892908984e-07
78.460000000 -2.857939397350e-07
78.470000000 -2.858985885716e-07
78.480000000 -2.860032374082e-07
78.490000000 -2.861078862448e-07
78.500000000 -2.862125350814e-07
78.510000000 -2.863171839180e-07
78.520000000 -2.864218327546e-07
78.530000000 -2.865264815911e-07
78.540000000 -2.866311304277e-07
78.550000000 -2.867357792643e-07
78.560000000 -2.868404281009e-07
78.570000000 -2.869450769375e-07
78.580000000 -2.870497257741e-07
78.590000000 -2.871543746107e-07
78.600000000 -2.872590234473e-07
78.610000000 -2.873636722839e-07
78.620000000 -2.874683211204e-07
78.630000000 -2.875729699570e-07
78.640000000 -2.876776187936e-07
78.650000000 -2.877822676302e-07
78.660000000 -2.878869164668e-07
78.670000000 -2.879915653034e-07
78.680000000 -2.880962141400e-07
78.690000000 -2.882008629766e-07
78.700000000 -2.883055118131e-07
78.710000000 -2.884101606497e-07
78.720000000 -2.885148094863e-07
78.730000000 -2.886194583229e-07
78.740000000 -2.887241071595e-07
78.750000000 -2.888287559961e-07
78.760000000 -2.889334048327e-07
78.770000000 -2.890380536693e-07
78.780000000 -2.891427025059e-07
78.790000000 -2.892473513424e-07
78.800000000 -2.893520001790e-07
78.810000000 -2.894566490156e-07
78.820000000 -2.895612978522e-07
78.830000000 -2.896659466888e-07
78.840000000 -2.897705955254e-07
78.850000000 -2.898752443620e-07
78.860000000 -2.899798931986e-07
78.870000000 -2.900845420351e-07
78.880000000 -2.901891908717e-07
78.890000000 -2.902938397083e-07
78.900000000 -2.903984885449e-07
78.910000000 -2.905031373815e-07
78.920000000 -2.906077862181e-07
78.930000000 -2.907124350547e-07
78.940000000 -2.908170838913e-07
78.950000000 -2.909217327279e-07
78.960000000 -2.910263815644e-07
78.970000000 -2.911310304010e-07
78.980000000 -2.912356792376e-07
78.990000000 -2.913403280742e-07
79.000000000 -2.914449769108e-07
79.010000000 -2.915496257474e-07
79.020000000 -2.916542745840e-07
79.030000000 -2.917589234206e-07
79.040000000 -2.918635722571e-07
79.050000000 -2.919682210937e-07
79.060000000 -2.920728699303e-07
79.070000000 -2.921775187669e-07
79.080000000 -2.922821676035e-07
79.090000000 -2.923868164401e-07
79.100000000 -2.924914652767e-07
79.110000000 -2.925961141133e-07
79.120000000 -2.927007629499e-07
79.130000000 -2.928054117864e-07
79.140000000 -2.929100606230e-07
79.150000000 -2.930147094596e-07
79.160000000 -2.931193582962e-07
79.170000000 -2.932240071328e-07
79.180000000 -2.933286559694e-07
79.190000000 -2.934333048060e-07
79.200000000 -2.935379536426e-07
79.210000000 -2.936426024791e-07
79.220000000 -2.937472513157e-07
79.230000000 -2.938519001523e-07
79.240000000 -2.939565489889e-07
79.250000000 -2.940611978255e-07
79.260000000 -2.941658466621e-07
79.270000000 -2.942704954987e-07
79.280000000 -2.943751443353e-07
79.290000000 -2.944797931719e-07
79.300000000 -2.945844420084e-07
79.310000000 -2.946890908450e-07
79.320000000 -2.947937396816e-07
79.330000000 -2.948983885182e-07
79.340000000 -2.950030373548e-07
79.350000000 -2.951076861914e-07
79.360000000 -2.952123350280e-07
79.370000000 -2.953169838646e-07
79.380000000 -2.954216327011e-07
79.390000000 -2.955262815377e-07
79.400000000 -2.956309303743e-07
79.410000000 -2.957355792109e-07
79.420000000 -2.958402280475e-07
79.430000000 -2.959448768841e-07
79.440000000 -2.960495257207e-07
79.450000000 -2.961541745573e-07
79.460000000 -2.962588233939e-07
79.470000000 -2.963634722304e-07
79.480000000 -2.964681210670e-07
79.490000000 -2.965727699036e-07
79.500000000 -2.966774187402e-07
79.510000000 -2.967820675768e-07
79.520000000 -2.968867164134e-07
79.530000000 -2.969913652500e-07
79.540000000 -2.970960140866e-07
79.550000000 -2.972006629231e-07
79.560000000 -2.973053117597e-07
79.570000000 -2.974099605963e-07
79.580000000 -2.975146094329e-07
79.590000000 -2.976192582695e-07
79.600000000 -2.977239071061e-07
79.610000000 -2.978285559427e-07
79.620000000 -2.979332047793e-07
79.630000000 -2.980378536159e-07
79.640000000 -2.981425024524e-07
79.650000000 -2.982471512890e-07
79.660000000 -2.983518001256e-07
79.670000000 -2.984564489622e-07
79.680000000 -2.985610977988e-07
79.690000000 -2.986657466354e-07
79.700000000 -2.987703954720e-07
79.710000000 -2.988750443086e-07
79.720000000 -2.989796931451e-07
79.730000000 -2.990843419817e-07
79.740000000 -2.991889908183e-07
79.750000000 -2.992936396549e-07
79.760000000 -2.993982884915e-07
79.770000000 -2.995029373281e-07
79.780000000 -2.996075861647e-07
79.790000000 -2.997122350013e-07
79.800000000 -2.998168838379e-07
79.810000000 -2.999215326744e-07
79.820000000 -3.000261815110e-07
79.830000000 -3.001308303476e-07
79.840000000 -3.002354791842e-07
79.850000000 -3.003401280208e-07
79.860000000 -3.004447768574e-07
79.870000000 -3.005494256940e-07
79.880000000 -3.006540745306e-07
79.890000000 -3.007587233671e-07
79.900000000 -3.008633722037e-07
79.910000000 -3.009680210403e-07
79.920000000 -3.010726698769e-07
79.930000000 -3.011773187135e-07
79.940000000 -3.012819675501e-07
79.950000000 -3.013866163867e-07
79.960000000 -3.014912652233e-07
79.970000000 -3.015959140599e-07
79.980000000 -3.017005628964e-07
79.990000000 -3.018052117330e-07
80.000000000 -3.019098605696e-07
80.010000000 -3.020145094062e-07
80.020000000 -3.021191582428e-07
80.030000000 -3.022238070794e-07
80.040000000 -3.023284559160e-07
80.050000000 -3.024331047526e-07
80.060000000 -3.025377535891e-07
80.070000000 -3.026424024257e-07
80.080000000 -3.027470512623e-07
80.090000000 -3.028517000989e-07
80.100000000 -3.029563489355e-07
80.110000000 -3.030609977721e-07
80.120000000 -3.031656466087e-07
80.130000000 -3.032702954453e-07
80.140000000 -3.033749442819e-07
80.150000000 -3.034795931184e-07
80.160000000 -3.035842419550e-07
80.170000000 -3.036888907916e-07
80.180000000 -3.037935396282e-07
80.190000000 -3.038981884648e-07
80.200000000 -3.040028373014e-07
80.210000000 -3.041074861380e-07
80.220000000 -3.042121349746e-07
80.230000000 -3.043167838111e-07
80.240000000 -3.044214326477e-07
80.250000000 -3.045260814843e-07
80.260000000 -3.046307303209e-07
80.270000000 -3.047353791575e-07
80.280000000 -3.048400279941e-07
80.290000000 -3.049446768307e-07
80.300000000 -3.050493256673e-07
80.310000000 -3.051539745039e-07
80.320000000 -3.052586233404e-07
80.330000000 -3.053632721770e-07
80.340000000 -3.054679210136e-07
80.350000000 -3.055725698502e-07
80.360000000 -3.056772186868e-07
80.370000000 -3.057818675234e-07
80.380000000 -3.058865163600e-07
80.390000000 -3.059911651966e-07
80.400000000 -3.060958140331e-07
80.410000000 -3.062004628697e-07
80.420000000 -3.063051117063e-07
80.430000000 -3.064097605429e-07
80.440000000 -3.065144093795e-07
80.450000000 -3.066190582161e-07
80.460000000 -3.067237070527e-07
80.470000000 -3.068283558893e-07
80.480000000 -3.069330047259e-07
80.490000000 -3.070376535624e-07
80.500000000 -3.071423023990e-07
80.510000000 -3.072469512356e-07
80.520000000 -3.073516000722e-07
80.530000000 -3.074562489088e-07
80.540000000 -3.075608977454e-07
80.550000000 -3.076655465820e-07
80.560000000 -3.077701954186e-07
80.570000000 -3.078748442551e-07
80.580000000 -3.079794930917e-07
80.590000000 -3.080841419283e-07
80.600000000 -3.092402495376e-07
80.610000000 -3.068359315620e-07
80.620000000 -3.118354147379e-07
80.630000000 -3.033835045720e-07
80.640000000 -3.174781266470e-07
80.650000000 -2.955596549095e-07
80.660000000 -3.300044836279e-07
80.670000000 -2.748208485526e-07
80.680000000 -3.758556947869e-07
80.690000000 4.409987373548e-07
80.700000000 7.575944341985e-07
80.710000000 6.565595879642e-07
80.720000000 7.117432230395e-07
80.730000000 6.772983943211e-07
80.740000000 6.992168660586e-07
80.750000000 6.851222439836e-07
80.760000000 6.935741541495e-07
80.770000000 6.885746709736e-07
80.780000000 6.909789889492e-07
80.790000000 6.898228813399e-07
80.800000000 6.897182325033e-07
80.810000000 6.896135836667e-07
80.820000000 6.895089348301e-07
80.830000000 6.894042859936e-07
80.840000000 6.892996371570e-07
80.850000000 6.891949883204e-07
80.860000000 6.890903394838e-07
80.870000000 6.889856906472e-07
80.880000000 6.888810418106e-07
80.890000000 6.887763929740e-07
80.900000000 6.886717441374e-07
80.910000000 6.885670953009e-07
80.920000000 6.884624464643e-07
80.930000000 6.883577976277e-07
80.940000000 6.882531487911e-07
80.950000000 6.881484999545e-07
80.960000000 6.880438511179e-07
80.970000000 6.879392022813e-07
80.980000000 6.878345534447e-07
80.990000000 6.877299046081e-07
81.000000000 6.876252557716e-07
81.010000000 6.875206069350e-07
81.020000000 6.874159580984e-07
81.030000000 6.873113092618e-07
81.040000000 6.872066604252e-07
81.050000000 6.871020115886e-07
81.060000000 6.869973627520e-07
81.070000000 6.868927139154e-07
81.080000000 6.867880650789e-07
81.090000000 6.866834162423e-07
81.100000000 6.865787674057e-07
81.110000000 6.864741185691e-07
81.120000000 6.863694697325e-07
81.130000000 6.862648208959e-07
81.140000000 6.861601720593e-07
81.150000000 6.860555232227e-07
81.160000000 6.859508743861e-07
81.170000000 6.858462255496e-07
81.180000000 6.857415767130e-07
81.190000000 6.856369278764e-07
81.200000000 6.855322790398e-07
81.210000000 6.854276302032e-07
81.220000000 6.853229813666e-07
81.230000000 6.852183325300e-07
81.240000000 6.851136836934e-07
81.250000000 6.850090348569e-07
81.260000000 6.849043860203e-07
81.270000000 6.847997371837e-07
81.280000000 6.846950883471e-07
81.290000000 6.845904395105e-07
81.300000000 6.844857906739e-07
81.310000000 6.843811418373e-07
81.320000000 6.832250342281e-07
81.330000000 6.856293522036e-07
81.340000000 6.806298690277e-07
81.350000000 6.890817791936e-07
81.360000000 6.749871571186e-07
81.370000000 6.969056288561e-07
81.380000000 6.624608001378e-07
81.390000000 7.176444352130e-07
81.400000000 6.166095889787e-07
81.410000000 9.332052858224e-07
81.420000000 1.750059717964e-06
81.430000000 1.649024871730e-06
81.440000000 1.704208506805e-06
81.450000000 1.669763678087e-06
81.460000000 1.691682149824e-06
81.470000000 1.677587527749e-06
81.480000000 1.686039437915e-06
81.490000000 1.681039954739e-06
81.500000000 1.683444272715e-06
81.510000000 1.682288165106e-06
81.520000000 1.682183516269e-06
81.530000000 1.682078867432e-06
81.540000000 1.681974218596e-06
81.550000000 1.681869569759e-06
81.560000000 1.681764920923e-06
81.570000000 1.681660272086e-06
81.580000000 1.681555623249e-06
81.590000000 1.681450974413e-06
81.600000000 1.680294866804e-06
81.610000000 1.682699184779e-06
81.620000000 1.677699701603e-06
81.630000000 1.686151611769e-06
81.640000000 1.672056989694e-06
81.650000000 1.693975461432e-06
81.660000000 1.659530632713e-06
81.670000000 1.714714267789e-06
81.680000000 1.613679421554e-06
81.690000000 2.430533853696e-06
81.700000000 2.747129550540e-06
81.710000000 2.646094704305e-06
81.720000000 2.701278339381e-06
81.730000000 2.666833510662e-06
81.740000000 2.688751982400e-06
81.750000000 2.674657360325e-06
81.760000000 2.682057811718e-06
81.770000000 2.679567295354e-06
81.780000000 2.677076778991e-06
81.790000000 2.684477230384e-06
81.800000000 2.670382608309e-06
81.810000000 2.692301080046e-06
81.820000000 2.657856251328e-06
81.830000000 2.713039886403e-06
81.840000000 2.612005040169e-06
81.850000000 3.428859472311e-06
81.860000000 3.745455169154e-06
81.870000000 3.644420322920e-06
81.880000000 3.699603957995e-06
81.890000000 3.665159129277e-06
81.900000000 3.687077601014e-06
81.910000000 3.672982978939e-06
