0.000000000 -6.677966065946e-07
0.010000000 -6.652716056929e-07
0.020000000 -6.701504059427e-07
0.030000000 -6.615778128507e-07
0.040000000 -6.755517519996e-07
0.050000000 -6.535125973360e-07
0.060000000 -6.878367431283e-07
0.070000000 -6.325324251269e-07
0.080000000 -7.334465884351e-07
0.090000000 8.352852663273e-08
0.100000000 4.002449064025e-07
0.110000000 2.993307430943e-07
0.120000000 3.546350610957e-07
0.130000000 3.203109153035e-07
0.140000000 3.423500699670e-07
0.150000000 3.283761308181e-07
0.160000000 3.369487239101e-07
0.170000000 3.320699236603e-07
0.180000000 3.345949245620e-07
0.190000000 3.335594998788e-07
0.200000000 3.335755339683e-07
0.210000000 3.335915680578e-07
0.220000000 3.336076021473e-07
0.230000000 3.336236362369e-07
0.240000000 3.336396703264e-07
0.250000000 3.336557044159e-07
0.260000000 3.336717385054e-07
0.270000000 3.336877725949e-07
0.280000000 3.337038066844e-07
0.290000000 3.337198407739e-07
0.300000000 3.337358748634e-07
0.310000000 3.337519089529e-07
0.320000000 3.337679430425e-07
0.330000000 3.337839771320e-07
0.340000000 3.338000112215e-07
0.350000000 3.338160453110e-07
0.360000000 3.338320794005e-07
0.370000000 3.327966547173e-07
0.380000000 3.353216556190e-07
0.390000000 3.304428553692e-07
0.400000000 3.390154484612e-07
0.410000000 3.250415093123e-07
0.420000000 3.470806639759e-07
0.430000000 3.127565181836e-07
0.440000000 3.680608361850e-07
0.450000000 2.671466728768e-07
0.460000000 1.084121787945e-06
0.470000000 1.400838167714e-06
0.480000000 1.299924004406e-06
0.490000000 1.354176863635e-06
0.500000000 1.322361684655e-06
0.510000000 1.339506004979e-06
0.520000000 1.334088624833e-06
0.530000000 1.328671244686e-06
0.540000000 1.345815565011e-06
0.550000000 1.314000386030e-06
0.560000000 1.367201786486e-06
0.570000000 1.268796589990e-06
0.580000000 2.080876870719e-06
0.590000000 2.406149809491e-06
0.600000000 2.290194214172e-06
0.610000000 2.370030619559e-06
0.620000000 2.296471459546e-06
0.630000000 2.381303998351e-06
0.640000000 2.254918855378e-06
0.650000000 3.097578815684e-06
0.660000000 3.382565281462e-06
0.670000000 3.327967362452e-06
0.680000000 3.297366851745e-06
0.690000000 3.556468397566e-06
0.700000000 4.430818650769e-06
0.710000000 4.247021504441e-06
0.720000000 4.575815247705e-06
0.730000000 5.435985985740e-06
0.740000000 5.215462792003e-06
0.750000000 6.141125422922e-06
0.760000000 6.308888725798e-06
0.770000000 7.078671380584e-06
0.780000000 7.366419031398e-06
0.790000000 7.997761764356e-06
0.800000000 9.122105749196e-06
0.810000000 9.563137437775e-06
0.820000000 1.057962118036e-05
0.830000000 1.159901944052e-05
0.840000000 1.302227501403e-05
0.850000000 1.431839442049e-05
0.860000000 1.564078009347e-05
0.870000000 1.716212991115e-05
0.880000000 1.963464259007e-05
0.890000000 2.231098125891e-05
0.900000000 2.498925680826e-05
0.910000000 2.822658857162e-05
0.920000000 3.254736407830e-05
0.930000000 3.749177125727e-05
0.940000000 4.342405147839e-05
0.950000000 5.126051721037e-05
0.960000000 6.012170850151e-05
0.970000000 7.138546782420e-05
0.980000000 8.614246941956e-05
0.990000000 1.033861204622e-04
1.000000000 1.236998564420e-04
1.010000000 1.466137632898e-04
1.020000000 1.700088084505e-04
1.030000000 1.901350565650e-04
1.040000000 2.023260954652e-04
1.050000000 2.043262901509e-04
1.060000000 1.992204440098e-04
1.070000000 1.898946475821e-04
1.080000000 1.826527786496e-04
1.090000000 1.803864953875e-04
1.100000000 1.820490651529e-04
1.110000000 1.836221121234e-04
1.120000000 1.792982775707e-04
1.130000000 1.674526140225e-04
1.140000000 1.480244463295e-04
1.150000000 1.253072904507e-04
1.160000000 1.042990222725e-04
1.170000000 8.833085638411e-05
1.180000000 7.664624516528e-05
1.190000000 6.604527978957e-05
1.200000000 5.144476393430e-05
1.210000000 2.848274089193e-05
1.220000000 -3.942854239262e-06
1.230000000 -4.483440215899e-05
1.240000000 -9.105690492331e-05
1.250000000 -1.375581111297e-04
1.260000000 -1.793867300889e-04
1.270000000 -2.123628717244e-04
1.280000000 -2.328274848389e-04
1.290000000 -2.382358676859e-04
1.300000000 -2.269597376908e-04
1.310000000 -1.979713804665e-04
1.320000000 -1.516156947748e-04
1.330000000 -8.790921058444e-05
1.340000000 -1.070720986540e-05
1.350000000 7.376266549591e-05
1.360000000 1.570287804008e-04
1.370000000 2.286519323092e-04
1.380000000 2.817698243881e-04
1.390000000 3.113855737462e-04
1.400000000 3.185634015321e-04
1.410000000 3.095550902484e-04
1.420000000 2.917062840802e-04
1.430000000 2.715051566530e-04
1.440000000 2.551636264758e-04
1.450000000 2.428448298685e-04
1.460000000 2.336692057555e-04
1.470000000 2.251706442206e-04
1.480000000 2.116138186471e-04
1.490000000 1.881817162982e-04
1.500000000 1.507999073879e-04
1.510000000 1.003352261458e-04
1.520000000 4.149639802974e-05
1.530000000 -1.579009554112e-05
1.540000000 -6.382100473135e-05
1.550000000 -9.559281179037e-05
1.560000000 -1.129385127652e-04
1.570000000 -1.206225125954e-04
1.580000000 -1.257978494416e-04
1.590000000 -1.339442165793e-04
1.600000000 -1.443997564358e-04
1.610000000 -1.549090493762e-04
1.620000000 -1.605326497572e-04
1.630000000 -1.574899598876e-04
1.640000000 -1.464384552464e-04
1.650000000 -1.283705896265e-04
1.660000000 -1.074289258788e-04
1.670000000 -8.669020865420e-05
1.680000000 -7.032012101520e-05
1.690000000 -5.863094685697e-05
1.700000000 -5.153631273867e-05
1.710000000 -4.570576581607e-05
1.720000000 -3.799493536760e-05
1.730000000 -2.482126259103e-05
1.740000000 -7.581378678370e-06
1.750000000 1.034788253002e-05
1.760000000 2.180510175857e-05
1.770000000 2.082799944388e-05
1.780000000 3.437750100467e-06
1.790000000 -2.949511808785e-05
1.800000000 -7.465645395277e-05
1.810000000 -1.296122531200e-04
1.820000000 -1.885443929306e-04
1.830000000 -2.514635794688e-04
1.840000000 -3.128699577948e-04
1.850000000 -3.721683734401e-04
1.860000000 -4.266335436620e-04
1.870000000 -4.756467577361e-04
1.880000000 -5.187080021986e-04
1.890000000 -5.557205823512e-04
1.900000000 -5.861259524850e-04
1.910000000 -6.096106413034e-04
1.920000000 -6.240853131980e-04
1.930000000 -6.281191308184e-04
1.940000000 -6.208563265846e-04
1.950000000 -6.011061497970e-04
1.960000000 -5.668362529006e-04
1.970000000 -5.206272363224e-04
1.980000000 -4.656195689951e-04
1.990000000 -4.056204145761e-04
2.000000000 -3.439230493271e-04
2.010000000 -2.838611939464e-04
2.020000000 -2.258363841500e-04
2.030000000 -1.698866332810e-04
2.040000000 -1.149969415411e-04
2.050000000 -5.977309239341e-05
2.060000000 -2.801990984475e-06
2.070000000 5.624512395086e-05
2.080000000 1.172649962391e-04
2.090000000 1.802943726352e-04
2.100000000 2.448359401655e-04
2.110000000 3.123321896795e-04
2.120000000 3.814688646713e-04
2.130000000 4.506139114904e-04
2.140000000 5.106923037557e-04
2.150000000 5.531788357459e-04
2.160000000 5.693557283209e-04
2.170000000 5.574316180838e-04
2.180000000 5.233027763023e-04
2.190000000 4.762327153248e-04
2.200000000 4.275004046448e-04
2.210000000 3.846843270884e-04
2.220000000 3.523409054548e-04
2.230000000 3.304061811476e-04
2.240000000 3.181901558051e-04
2.250000000 3.141532465772e-04
2.260000000 3.192119368613e-04
2.270000000 3.392055122664e-04
2.280000000 3.750252623563e-04
2.290000000 4.248450470437e-04
2.300000000 4.800036869829e-04
2.310000000 5.309506661387e-04
2.320000000 5.702196208112e-04
2.330000000 5.982290009359e-04
2.340000000 6.212724389533e-04
2.350000000 6.440129208904e-04
2.360000000 6.731535218912e-04
2.370000000 7.122455305479e-04
2.380000000 7.652481672540e-04
2.390000000 8.404665882429e-04
2.400000000 9.438861062970e-04
2.410000000 1.074204408794e-03
2.420000000 1.217585880873e-03
2.430000000 1.347166086512e-03
2.440000000 1.430932505598e-03
2.450000000 1.440256099056e-03
2.460000000 1.360224730460e-03
2.470000000 1.194806066605e-03
2.480000000 9.632714465144e-04
2.490000000 6.947055307602e-04
2.500000000 4.205836919733e-04
2.510000000 1.652428650206e-04
2.520000000 -5.775992459620e-05
2.530000000 -2.458763018908e-04
2.540000000 -4.032360704882e-04
2.550000000 -5.380455989103e-04
2.560000000 -6.525537753655e-04
2.570000000 -7.413968648714e-04
2.580000000 -7.950366773459e-04
2.590000000 -8.069040303657e-04
2.600000000 -7.797096623771e-04
2.610000000 -7.301986627162e-04
2.620000000 -6.831154052878e-04
2.630000000 -6.618753364322e-04
2.640000000 -6.763780632390e-04
2.650000000 -7.171140408620e-04
2.660000000 -7.591732601997e-04
2.670000000 -7.718329817246e-04
2.680000000 -7.316467118577e-04
2.690000000 -6.288815682086e-04
2.700000000 -4.708280461372e-04
2.710000000 -2.758396146234e-04
2.720000000 -6.952253750331e-05
2.730000000 1.225191861006e-04
2.740000000 2.780839069154e-04
2.750000000 3.871901676557e-04
2.760000000 4.468337641009e-04
2.770000000 4.619666990237e-04
2.780000000 4.359940772102e-04
2.790000000 3.678846464058e-04
2.800000000 2.493249555664e-04
2.810000000 6.991923904260e-05
2.820000000 -1.724112662159e-04
2.830000000 -4.667528444141e-04
2.840000000 -7.811310465457e-04
2.850000000 -1.073681910582e-03
2.860000000 -1.301559662161e-03
2.870000000 -1.434180618660e-03
2.880000000 -1.461836436919e-03
2.890000000 -1.393139497867e-03
2.900000000 -1.250738870409e-03
2.910000000 -1.059425810383e-03
2.920000000 -8.422780702135e-04
2.930000000 -6.146278750719e-04
2.940000000 -3.821749685847e-04
2.950000000 -1.433317020865e-04
2.960000000 1.058946913714e-04
2.970000000 3.684399910485e-04
2.980000000 6.386342114299e-04
2.990000000 9.004005704777e-04
3.000000000 1.133684828528e-03
3.010000000 1.317712324227e-03
3.020000000 1.443977824496e-03
3.030000000 1.517869784239e-03
3.040000000 1.556952606043e-03
3.050000000 1.587912501798e-03
3.060000000 1.631885492444e-03
3.070000000 1.697399048585e-03
3.080000000 1.779749298850e-03
3.090000000 1.859289623606e-03
3.100000000 1.906740783693e-03
3.110000000 1.891624925879e-03
3.120000000 1.788057834211e-03
3.130000000 1.583052710928e-03
3.140000000 1.283092279418e-03
3.150000000 9.125936215896e-04
3.160000000 5.062143988385e-04
3.170000000 1.011082165255e-04
3.180000000 -2.701133276161e-04
3.190000000 -5.874786912701e-04
3.200000000 -8.375888005984e-04
3.210000000 -1.012743319846e-03
3.220000000 -1.107221188399e-03
3.230000000 -1.115657183381e-03
3.240000000 -1.035574549114e-03
3.250000000 -8.714090791654e-04
3.260000000 -6.418531593582e-04
3.270000000 -3.748962700658e-04
3.280000000 -1.105637278028e-04
3.290000000 1.073642576285e-04
3.300000000 2.423620640029e-04
3.310000000 2.719966547179e-04
3.320000000 1.959124815576e-04
3.330000000 3.446864516276e-05
3.340000000 -1.725884570424e-04
3.350000000 -3.779805278879e-04
3.360000000 -5.389028312961e-04
3.370000000 -6.221410488261e-04
3.380000000 -6.146601369286e-04
3.390000000 -5.235089039959e-04
3.400000000 -3.746468797611e-04
3.410000000 -2.055040170283e-04
3.420000000 -5.496900026196e-05
3.430000000 4.755984812417e-05
3.440000000 8.939032275251e-05
3.450000000 7.612204573023e-05
3.460000000 2.322973166046e-05
3.470000000 -5.091334628548e-05
3.480000000 -1.297912281020e-04
3.490000000 -1.998305330159e-04
3.500000000 -2.499837793108e-04
3.510000000 -2.703535342720e-04
3.520000000 -2.501103446775e-04
3.530000000 -1.840773250836e-04
3.540000000 -6.935170339703e-05
3.550000000 8.927577404084e-05
3.560000000 2.766400136414e-04
3.570000000 4.701359546950e-04
3.580000000 6.463396365087e-04
3.590000000 7.864309371882e-04
3.600000000 8.835149779204e-04
3.610000000 9.458322771103e-04
3.620000000 9.900400063474e-04
3.630000000 1.030025157462e-03
3.640000000 1.067067663614e-03
3.650000000 1.085506546268e-03
3.660000000 1.057527503061e-03
3.670000000 9.592921453426e-04
3.680000000 7.812457011043e-04
3.690000000 5.303818854260e-04
3.700000000 2.291706254504e-04
3.710000000 -9.855575797580e-05
3.720000000 -4.377855615591e-04
3.730000000 -7.835067232821e-04
3.740000000 -1.132797610784e-03
3.750000000 -1.472113129843e-03
3.760000000 -1.771255597113e-03
3.770000000 -1.991378938152e-03
3.780000000 -2.107608120847e-03
3.790000000 -2.121393223363e-03
3.800000000 -2.065160852152e-03
3.810000000 -1.988510433218e-03
3.820000000 -1.937085238714e-03
3.830000000 -1.939108939642e-03
3.840000000 -2.001904360507e-03
3.850000000 -2.117095872018e-03
3.860000000 -2.268098453782e-03
3.870000000 -2.435156733473e-03
3.880000000 -2.591301309458e-03
3.890000000 -2.707195557999e-03
3.900000000 -2.748630647748e-03
3.910000000 -2.687052500518e-03
3.920000000 -2.508893351596e-03
3.930000000 -2.222866560276e-03
3.940000000 -1.858170010373e-03
3.950000000 -1.463582266304e-03
3.960000000 -1.096180100670e-03
3.970000000 -8.151594089638e-04
3.980000000 -6.674112210466e-04
3.990000000 -6.766488070894e-04
4.000000000 -8.319658020815e-04
4.010000000 -1.083761286681e-03
4.020000000 -1.350816518947e-03
4.030000000 -1.544169898945e-03
4.040000000 -1.590255467844e-03
4.050000000 -1.452260941863e-03
4.060000000 -1.137162691368e-03
4.070000000 -6.917054639167e-04
4.080000000 -1.873067579103e-04
4.090000000 2.938237082729e-04
4.100000000 6.766008562912e-04
4.110000000 9.055188959419e-04
4.120000000 9.543316543919e-04
4.130000000 8.313610557526e-04
4.140000000 5.772343503407e-04
4.150000000 2.623346684214e-04
4.160000000 -2.273868109550e-05
4.170000000 -1.838711621658e-04
4.180000000 -1.405352740697e-04
4.190000000 1.503563251431e-04
4.200000000 6.863908779826e-04
4.210000000 1.414758184471e-03
4.220000000 2.240938895983e-03
4.230000000 3.048576405734e-03
4.240000000 3.722633306044e-03
4.250000000 4.179629913284e-03
4.260000000 4.385688348311e-03
4.270000000 4.366054012650e-03
4.280000000 4.193402937981e-03
4.290000000 3.962915617772e-03
4.300000000 3.758993432530e-03
4.310000000 3.627290616690e-03
4.320000000 3.561412288127e-03
4.330000000 3.507015307096e-03
4.340000000 3.388288543516e-03
4.350000000 3.133266852642e-03
4.360000000 2.700226115168e-03
4.370000000 2.097499960900e-03
4.380000000 1.381352410096e-03
4.390000000 6.440041889510e-04
4.400000000 -1.692600666394e-05
4.410000000 -5.273664231867e-04
4.420000000 -8.568741987211e-04
4.430000000 -1.020856328947e-03
4.440000000 -1.070857804685e-03
4.450000000 -1.066967686754e-03
4.460000000 -1.058902688416e-03
4.470000000 -1.069954014562e-03
4.480000000 -1.091820281914e-03
4.490000000 -1.099962959344e-03
4.500000000 -1.064269423743e-03
4.510000000 -9.632825731968e-04
4.520000000 -7.950330304734e-04
4.530000000 -5.751324133065e-04
4.540000000 -3.314806439224e-04
4.550000000 -9.034862110149e-05
4.560000000 1.255861171215e-04
4.570000000 3.061559260205e-04
4.580000000 4.472091580971e-04
4.590000000 5.493513290797e-04
4.600000000 6.136600170555e-04
4.610000000 6.453381473862e-04
4.620000000 6.453221030802e-04
4.630000000 6.101214370293e-04
4.640000000 5.275262017117e-04
4.650000000 3.758461607401e-04
4.660000000 1.357260261679e-04
4.670000000 -2.007893655740e-04
4.680000000 -6.159235024562e-04
4.690000000 -1.060584342587e-03
4.700000000 -1.464105222074e-03
4.710000000 -1.753716388132e-03
4.720000000 -1.874275066547e-03
4.730000000 -1.805559586045e-03
4.740000000 -1.566406477061e-03
4.750000000 -1.201731334409e-03
4.760000000 -7.680724661162e-04
4.770000000 -3.167540632836e-04
4.780000000 1.215661488888e-04
4.790000000 5.359151024535e-04
4.800000000 9.304244306094e-04
4.810000000 1.311001436539e-03
4.820000000 1.674519539167e-03
4.830000000 2.004982586735e-03
4.840000000 2.271916009609e-03
4.850000000 2.440977218759e-03
4.860000000 2.479864635720e-03
4.870000000 2.369542788523e-03
4.880000000 2.118430971461e-03
4.890000000 1.761635443289e-03
4.900000000 1.359583303610e-03
4.910000000 9.812204908328e-04
4.920000000 6.872223771387e-04
4.930000000 5.178094403972e-04
4.940000000 4.823120866795e-04
4.950000000 5.662898242876e-04
4.960000000 7.296025230633e-04
4.970000000 9.221845011264e-04
4.980000000 1.086590000541e-03
4.990000000 1.167457421721e-03
5.000000000 1.121152811227e-03
5.010000000 9.183586295936e-04
5.020000000 5.584801664824e-04
5.030000000 7.648926246490e-05
5.040000000 -4.519408915683e-04
5.050000000 -9.221850991285e-04
5.060000000 -1.216796399553e-03
5.070000000 -1.238855120393e-03
5.080000000 -9.359928172737e-04
5.090000000 -3.224490668152e-04
5.100000000 5.174379647297e-04
5.110000000 1.445471308654e-03
5.120000000 2.299026149454e-03
5.130000000 2.931700581688e-03
5.140000000 3.245432280541e-03
5.150000000 3.209620000508e-03
5.160000000 2.861622893923e-03
5.170000000 2.292688690330e-03
5.180000000 1.623510865757e-03
5.190000000 9.786676631148e-04
5.200000000 4.694876282812e-04
5.210000000 1.731364464000e-04
5.220000000 1.210053064833e-04
5.230000000 2.963833134014e-04
5.240000000 6.353473750680e-04
5.250000000 1.043769405674e-03
5.260000000 1.415850437926e-03
5.270000000 1.662175558779e-03
5.280000000 1.735178621065e-03
5.290000000 1.641673119607e-03
5.300000000 1.440945427727e-03
5.310000000 1.222713877500e-03
5.320000000 1.077914737609e-03
5.330000000 1.065239936202e-03
5.340000000 1.192669747546e-03
5.350000000 1.412352518811e-03
5.360000000 1.630427853042e-03
5.370000000 1.736369444974e-03
5.380000000 1.637022340673e-03
5.390000000 1.291265537069e-03
5.400000000 7.220621461396e-04
5.410000000 1.458185165295e-05
5.420000000 -7.100367822769e-04
5.430000000 -1.329922020034e-03
5.440000000 -1.756004208048e-03
5.450000000 -1.959170916926e-03
5.460000000 -1.974331834466e-03
5.470000000 -1.880940270435e-03
5.480000000 -1.769479543288e-03
5.490000000 -1.710250538854e-03
5.500000000 -1.729341522259e-03
5.510000000 -1.812750041969e-03
5.520000000 -1.918887241532e-03
5.530000000 -2.003280640075e-03
5.540000000 -2.039771179857e-03
5.550000000 -2.030666747075e-03
5.560000000 -2.007580808720e-03
5.570000000 -2.015007417501e-03
5.580000000 -2.088040756831e-03
5.590000000 -2.231218398572e-03
5.600000000 -2.406509168421e-03
5.610000000 -2.546839696894e-03
5.620000000 -2.584977855974e-03
5.630000000 -2.485130873678e-03
5.640000000 -2.253865712981e-03
5.650000000 -1.931584313900e-03
5.660000000 -1.562381661535e-03
5.670000000 -1.168462892666e-03
5.680000000 -7.447553909670e-04
5.690000000 -2.673465846943e-04
5.700000000 2.823686258617e-04
5.710000000 8.899257552201e-04
5.720000000 1.499340010154e-03
5.730000000 2.024435576329e-03
5.740000000 2.369606401490e-03
5.750000000 2.454189451164e-03
5.760000000 2.231499161258e-03
5.770000000 1.706013453186e-03
5.780000000 9.365302135892e-04
5.790000000 3.983703979313e-05
5.800000000 -8.405425282119e-04
5.810000000 -1.566217359378e-03
5.820000000 -2.049116313685e-03
5.830000000 -2.270015678190e-03
5.840000000 -2.275612665174e-03
5.850000000 -2.148030402613e-03
5.860000000 -1.968773654331e-03
5.870000000 -1.795368072485e-03
5.880000000 -1.662437207288e-03
5.890000000 -1.586896109822e-03
5.900000000 -1.576475265751e-03
5.910000000 -1.632727205840e-03
5.920000000 -1.742655421399e-03
5.930000000 -1.878622058732e-03
5.940000000 -2.006825695598e-03
5.950000000 -2.103527381340e-03
5.960000000 -2.165872472182e-03
5.970000000 -2.209845599696e-03
5.980000000 -2.247943937606e-03
5.990000000 -2.275144773520e-03
6.000000000 -2.263160663005e-03
6.010000000 -2.180522042808e-03
6.020000000 -2.015173268016e-03
6.030000000 -1.785889930968e-03
6.040000000 -1.537850880018e-03
6.050000000 -1.319799214269e-03
6.060000000 -1.155769304307e-03
6.070000000 -1.045761890765e-03
6.080000000 -9.709264299712e-04
6.090000000 -9.108980553049e-04
6.100000000 -8.563939931914e-04
6.110000000 -7.983488202926e-04
6.120000000 -7.252250035883e-04
6.130000000 -6.180064023587e-04
6.140000000 -4.613333177144e-04
6.150000000 -2.522816511831e-04
6.160000000 1.249596634566e-06
6.170000000 2.827072829921e-04
6.180000000 5.837565788734e-04
6.190000000 9.050463160350e-04
6.200000000 1.256228492923e-03
6.210000000 1.640917767117e-03
6.220000000 2.049200044652e-03
6.230000000 2.454054303370e-03
6.240000000 2.821561609818e-03
6.250000000 3.124761103704e-03
6.260000000 3.350258462898e-03
6.270000000 3.487825563023e-03
6.280000000 3.522601534121e-03
6.290000000 3.436401393836e-03
6.300000000 3.223176141292e-03
6.310000000 2.903283276473e-03
6.320000000 2.531530452433e-03
6.330000000 2.180334208501e-03
6.340000000 1.916179093887e-03
6.350000000 1.777987516095e-03
6.360000000 1.769948230872e-03
6.370000000 1.860965599120e-03
6.380000000 1.999960403263e-03
6.390000000 2.129214721276e-03
6.400000000 2.197662469588e-03
6.410000000 2.179173893844e-03
6.420000000 2.079817071007e-03
6.430000000 1.942212135063e-03
6.440000000 1.824192137056e-03
6.450000000 1.764683906775e-03
6.460000000 1.752828462720e-03
6.470000000 1.712184062421e-03
6.480000000 1.530932828431e-03
6.490000000 1.099258903305e-03
6.500000000 3.605053550602e-04
6.510000000 -6.706113333752e-04
6.520000000 -1.917438619666e-03
6.530000000 -3.272283389544e-03
6.540000000 -4.623849389990e-03
6.550000000 -5.881021493324e-03
6.560000000 -6.974455308614e-03
6.570000000 -7.859890747489e-03
6.580000000 -8.509948871398e-03
6.590000000 -8.914019953443e-03
6.600000000 -9.075999369501e-03
6.610000000 -9.021684826177e-03
6.620000000 -8.801716585130e-03
6.630000000 -8.490663470106e-03
6.640000000 -8.174954922569e-03
6.650000000 -7.939797041191e-03
6.660000000 -7.855856062199e-03
6.670000000 -7.963254035836e-03
6.680000000 -8.259507612269e-03
6.690000000 -8.687141432497e-03
6.700000000 -9.140597109827e-03
6.710000000 -9.477972775471e-03
6.720000000 -9.552038399189e-03
6.730000000 -9.234052827937e-03
6.740000000 -8.447866906951e-03
6.750000000 -7.198989789228e-03
6.760000000 -5.584921641238e-03
6.770000000 -3.780224688948e-03
6.780000000 -1.989644188015e-03
6.790000000 -4.015593235241e-04
6.800000000 8.483540466604e-04
6.810000000 1.687217345370e-03
6.820000000 2.098815862396e-03
6.830000000 2.117191639345e-03
6.840000000 1.822352813813e-03
6.850000000 1.339850835536e-03
6.860000000 8.351555965352e-04
6.870000000 4.904994321477e-04
6.880000000 4.598258515474e-04
6.890000000 8.176980952798e-04
6.900000000 1.519423717336e-03
6.910000000 2.417317993489e-03
6.920000000 3.306593971596e-03
6.930000000 3.998652699833e-03
6.940000000 4.385140060326e-03
6.950000000 4.471307544786e-03
6.960000000 4.372688419294e-03
6.970000000 4.258736836245e-03
6.980000000 4.283103464765e-03
6.990000000 4.527087509029e-03
7.000000000 4.975542448827e-03
7.010000000 5.536116153375e-03
7.020000000 6.075903967787e-03
7.030000000 6.470081005924e-03
7.040000000 6.641931921520e-03
7.050000000 6.567947890136e-03
7.060000000 6.268688126830e-03
7.070000000 5.783640488381e-03
7.080000000 5.155296587652e-03
7.090000000 4.429950927945e-03
7.100000000 3.666147693741e-03
7.110000000 2.946520961494e-03
7.120000000 2.366813626520e-03
7.130000000 2.014123464206e-03
7.140000000 1.921631460240e-03
7.150000000 2.035036107317e-03
7.160000000 2.210032984969e-03
7.170000000 2.252678450076e-03
7.180000000 1.988849155349e-03
7.190000000 1.332932486348e-03
7.200000000 3.193496816209e-04
7.210000000 -9.092987256037e-04
7.220000000 -2.151677152354e-03
7.230000000 -3.209607205486e-03
7.240000000 -3.941773265330e-03
7.250000000 -4.289089662823e-03
7.260000000 -4.281488003987e-03
7.270000000 -4.016981600536e-03
7.280000000 -3.622751545556e-03
7.290000000 -3.206409071367e-03
7.300000000 -2.819032732415e-03
7.310000000 -2.433569112619e-03
7.320000000 -1.960201716417e-03
7.330000000 -1.277539439682e-03
7.340000000 -2.735759819559e-04
7.350000000 1.110330113155e-03
7.360000000 2.846650030303e-03
7.370000000 4.808469082055e-03
7.380000000 6.778747532150e-03
7.390000000 8.495832254772e-03
7.400000000 9.720187299035e-03
7.410000000 1.030212455253e-02
7.420000000 1.023261954753e-02
7.430000000 9.643667650178e-03
7.440000000 8.780718368620e-03
7.450000000 7.936517087404e-03
7.460000000 7.381189504222e-03
7.470000000 7.298119288130e-03
7.480000000 7.750818918865e-03
7.490000000 8.673833759517e-03
7.500000000 9.885087282878e-03
7.510000000 1.111392769799e-02
7.520000000 1.204544021393e-02
7.530000000 1.239857545311e-02
7.540000000 1.200279305387e-02
7.550000000 1.086145340657e-02
7.560000000 9.149880117364e-03
7.570000000 7.167833454625e-03
7.580000000 5.250738541930e-03
7.590000000 3.679165529832e-03
7.600000000 2.615146852698e-03
7.610000000 2.080256697535e-03
7.620000000 1.983233531059e-03
7.630000000 2.174190919720e-03
7.640000000 2.499619946105e-03
7.650000000 2.827731990694e-03
7.660000000 3.063613863619e-03
7.670000000 3.150981029399e-03
7.680000000 3.075797146610e-03
7.690000000 2.857835661233e-03
7.700000000 2.538075535950e-03
7.710000000 2.149236238999e-03
7.720000000 1.696009436946e-03
7.730000000 1.152531142120e-03
7.740000000 4.704504545437e-04
7.750000000 -3.912074013270e-04
7.760000000 -1.444339552660e-03
7.770000000 -2.660580960904e-03
7.780000000 -3.965867997051e-03
7.790000000 -5.249928680108e-03
7.800000000 -6.379031405415e-03
7.810000000 -7.221214124636e-03
7.820000000 -7.675495833396e-03
7.830000000 -7.707136532032e-03
7.840000000 -7.367265466848e-03
7.850000000 -6.794103818511e-03
7.860000000 -6.181854441824e-03
7.870000000 -5.736073970010e-03
7.880000000 -5.637303038241e-03
7.890000000 -6.006077607731e-03
7.900000000 -6.872932186083e-03
7.910000000 -8.154599225953e-03
7.920000000 -9.640843512192e-03
7.930000000 -1.101564689206e-02
7.940000000 -1.191320166570e-02
7.950000000 -1.199596134755e-02
7.960000000 -1.104433497228e-02
7.970000000 -9.027106080947e-03
7.980000000 -6.135007459507e-03
7.990000000 -2.771144109233e-03
8.000000000 5.327744797144e-04
8.010000000 3.239775323697e-03
8.020000000 4.946063763114e-03
8.030000000 5.486328712168e-03
8.040000000 4.967280380406e-03
8.050000000 3.715878813211e-03
8.060000000 2.164810474304e-03
8.070000000 7.241027406927e-04
8.080000000 -3.163309199197e-04
8.090000000 -8.231622105571e-04
8.100000000 -8.049673246819e-04
8.110000000 -3.644567940724e-04
8.120000000 3.489651350352e-04
8.130000000 1.167678757190e-03
8.140000000 1.926466182274e-03
8.150000000 2.475345286523e-03
8.160000000 2.696696831339e-03
8.170000000 2.531239442510e-03
8.180000000 2.002421775434e-03
8.190000000 1.219549280185e-03
8.200000000 3.473027755895e-04
8.210000000 -4.517059184330e-04
8.220000000 -1.077421004297e-03
8.230000000 -1.522826783413e-03
8.240000000 -1.856414935146e-03
8.250000000 -2.178006760584e-03
8.260000000 -2.560289777144e-03
8.270000000 -3.019136162418e-03
8.280000000 -3.506158181361e-03
8.290000000 -3.921689104874e-03
8.300000000 -4.144985517881e-03
8.310000000 -4.069769161540e-03
8.320000000 -3.656896978662e-03
8.330000000 -2.970042974473e-03
8.340000000 -2.189526123997e-03
8.350000000 -1.569788588985e-03
8.360000000 -1.361605464166e-03
8.370000000 -1.722826950609e-03
8.380000000 -2.664032383792e-03
8.390000000 -4.048427177279e-03
8.400000000 -5.638738633075e-03
8.410000000 -7.168995484624e-03
8.420000000 -8.409707968454e-03
8.430000000 -9.209129008712e-03
8.440000000 -9.504043491985e-03
8.450000000 -9.314661576282e-03
8.460000000 -8.725905584903e-03
8.470000000 -7.873018607245e-03
8.480000000 -6.921266314303e-03
8.490000000 -6.034043628418e-03
8.500000000 -5.342890310569e-03
8.510000000 -4.914145085433e-03
8.520000000 -4.741288297574e-03
8.530000000 -4.739631918229e-03
8.540000000 -4.766663190102e-03
8.550000000 -4.650677501812e-03
8.560000000 -4.235943400451e-03
8.570000000 -3.431763476283e-03
8.580000000 -2.239436938052e-03
8.590000000 -7.529586731460e-04
8.600000000 8.805502794668e-04
8.610000000 2.510193441481e-03
8.620000000 4.025475431357e-03
8.630000000 5.356421024356e-03
8.640000000 6.446770162537e-03
8.650000000 7.215023074265e-03
8.660000000 7.550451087739e-03
8.670000000 7.341877770459e-03
8.680000000 6.545710887943e-03
8.690000000 5.230421555167e-03
8.700000000 3.592915485584e-03
8.710000000 1.915229905395e-03
8.720000000 5.020123084207e-04
8.730000000 -3.890955058567e-04
8.740000000 -5.952723083860e-04
8.750000000 -6.982645825327e-05
8.760000000 1.121975443702e-03
8.770000000 2.822277404177e-03
8.780000000 4.804315854462e-03
8.790000000 6.801287737406e-03
8.800000000 8.539192736992e-03
8.810000000 9.788301949318e-03
8.820000000 1.042430123223e-02
8.830000000 1.047329517402e-02
8.840000000 1.011019234466e-02
8.850000000 9.604267801746e-03
8.860000000 9.225790884517e-03
8.870000000 9.165493224959e-03
8.880000000 9.485016998933e-03
8.890000000 1.011887726725e-02
8.900000000 1.092084134974e-02
8.910000000 1.173045185702e-02
8.920000000 1.242536532260e-02
8.930000000 1.293735105201e-02
8.940000000 1.322460288474e-02
8.950000000 1.323002494536e-02
8.960000000 1.285644777727e-02
8.970000000 1.198802002727e-02
8.980000000 1.054357082626e-02
8.990000000 8.532844375931e-03
9.000000000 6.092791437163e-03
9.010000000 3.466101566103e-03
9.020000000 9.346067456439e-04
9.030000000 -1.274084941245e-03
9.040000000 -3.069408412490e-03
9.050000000 -4.514681201216e-03
9.060000000 -5.774263003537e-03
9.070000000 -7.018996615098e-03
9.080000000 -8.338292484757e-03
9.090000000 -9.690440536227e-03
9.100000000 -1.091433683015e-02
9.110000000 -1.179525415920e-02
9.120000000 -1.214448827299e-02
9.130000000 -1.187517876867e-02
9.140000000 -1.103601602837e-02
9.150000000 -9.799477769540e-03
9.160000000 -8.442609860067e-03
9.170000000 -7.316641636990e-03
9.180000000 -6.786285426814e-03
9.190000000 -7.130630140409e-03
9.200000000 -8.443371864011e-03
9.210000000 -1.057043567893e-02
9.220000000 -1.313989155987e-02
9.230000000 -1.566856891819e-02
9.240000000 -1.770496182582e-02
9.250000000 -1.894605257641e-02
9.260000000 -1.928862453771e-02
9.270000000 -1.881553395230e-02
9.280000000 -1.773332054545e-02
9.290000000 -1.630509108681e-02
9.300000000 -1.478915010577e-02
9.310000000 -1.340246469380e-02
9.320000000 -1.229975513340e-02
9.330000000 -1.156327929252e-02
9.340000000 -1.119271406826e-02
9.350000000 -1.110774846975e-02
9.360000000 -1.115774189875e-02
9.370000000 -1.115584231142e-02
9.380000000 -1.091666771085e-02
9.390000000 -1.030364566115e-02
9.400000000 -9.255422958516e-03
9.410000000 -7.798874276753e-03
9.420000000 -6.042771986994e-03
9.430000000 -4.140189145321e-03
9.440000000 -2.235955973492e-03
9.450000000 -4.244362150896e-04
9.460000000 1.277350585873e-03
9.470000000 2.920975193481e-03
9.480000000 4.593581656854e-03
9.490000000 6.376762171608e-03
9.500000000 8.304284559585e-03
9.510000000 1.033594440434e-02
9.520000000 1.235995407605e-02
9.530000000 1.420627935780e-02
9.540000000 1.566892567842e-02
9.550000000 1.653578097439e-02
9.560000000 1.661559821842e-02
9.570000000 1.579292227872e-02
9.580000000 1.408504565565e-02
9.590000000 1.169048303737e-02
9.600000000 8.979415604357e-03
9.610000000 6.419095839870e-03
9.620000000 4.444999969858e-03
9.630000000 3.334942612389e-03
9.640000000 3.149253844985e-03
9.650000000 3.752264152956e-03
9.660000000 4.890316220161e-03
9.670000000 6.278946283572e-03
9.680000000 7.669150451736e-03
9.690000000 8.879884687463e-03
9.700000000 9.812090136852e-03
9.710000000 1.044638440615e-02
9.720000000 1.081559686483e-02
9.730000000 1.096526876314e-02
9.740000000 1.091656962469e-02
9.750000000 1.065349439741e-02
9.760000000 1.014582868344e-02
9.770000000 9.387396906112e-03
9.780000000 8.428015310727e-03
9.790000000 7.368336681308e-03
9.800000000 6.334647149658e-03
9.810000000 5.434911258721e-03
9.820000000 4.728311558530e-03
9.830000000 4.216674750807e-03
9.840000000 3.847023472421e-03
9.850000000 3.523114074902e-03
9.860000000 3.112140809699e-03
9.870000000 2.464837433411e-03
9.880000000 1.448528024228e-03
9.890000000 -1.151742906084e-05
9.900000000 -1.906232190405e-03
9.910000000 -4.135284795116e-03
9.920000000 -6.531561325888e-03
9.930000000 -8.886060303670e-03
9.940000000 -1.097795602527e-02
9.950000000 -1.258464008783e-02
9.960000000 -1.349931579514e-02
9.970000000 -1.355037380097e-02
9.980000000 -1.264260781622e-02
9.990000000 -1.080234871420e-02
10.000000000 -8.189884845987e-03
10.010000000 -5.080792329494e-03
10.020000000 -1.804519233996e-03
10.030000000 1.304270518817e-03
10.040000000 3.942383779814e-03
10.050000000 5.871055210272e-03
10.060000000 6.955896763077e-03
10.070000000 7.202401426115e-03
10.080000000 6.760009265424e-03
10.090000000 5.874846440625e-03
10.100000000 4.815310727352e-03
10.110000000 3.795549728403e-03
10.120000000 2.928984651845e-03
10.130000000 2.228730787394e-03
10.140000000 1.648339002204e-03
10.150000000 1.148963998176e-03
10.160000000 7.610672979272e-04
10.170000000 5.938822834838e-04
10.180000000 7.882630167510e-04
10.190000000 1.436302427352e-03
10.200000000 2.517580324378e-03
10.210000000 3.882320091703e-03
10.220000000 5.301518527147e-03
10.230000000 6.542653163531e-03
10.240000000 7.434825948748e-03
10.250000000 7.888115967267e-03
10.260000000 7.879907625724e-03
10.270000000 7.433155822220e-03
10.280000000 6.606576697325e-03
10.290000000 5.510277656925e-03
10.300000000 4.318753379963e-03
10.310000000 3.259307207114e-03
10.320000000 2.562827030497e-03
10.330000000 2.392805621163e-03
10.340000000 2.773299271757e-03
10.350000000 3.563202032071e-03
10.360000000 4.480575577266e-03
10.370000000 5.172466472935e-03
10.380000000 5.299892001226e-03
10.390000000 4.614308522086e-03
10.400000000 3.009344679988e-03
10.410000000 5.291955256661e-04
10.420000000 -2.652373351177e-03
10.430000000 -6.273807963321e-03
10.440000000 -1.002312579719e-02
10.450000000 -1.357356779961e-02
10.460000000 -1.661190625075e-02
10.470000000 -1.887120959307e-02
10.480000000 -2.017037639860e-02
10.490000000 -2.045046081909e-02
10.500000000 -1.979513062694e-02
10.510000000 -1.842717538417e-02
10.520000000 -1.666709374687e-02
10.530000000 -1.486486410526e-02
10.540000000 -1.332141749542e-02
10.550000000 -1.221959473466e-02
10.560000000 -1.158343729919e-02
10.570000000 -1.128869671095e-02
10.580000000 -1.112211890840e-02
10.590000000 -1.087932941861e-02
10.600000000 -1.044939604795e-02
10.610000000 -9.859340997849e-03
10.620000000 -9.246026387841e-03
10.630000000 -8.776732428150e-03
10.640000000 -8.547692252967e-03
10.650000000 -8.525121593708e-03
10.660000000 -8.551827662590e-03
10.670000000 -8.414970451418e-03
10.680000000 -7.936664489994e-03
10.690000000 -7.026230119780e-03
10.700000000 -5.692206965315e-03
10.710000000 -4.019920697482e-03
10.720000000 -2.143257992246e-03
10.730000000 -2.210716319198e-04
10.740000000 1.571212106317e-03
10.750000000 3.060598140621e-03
10.760000000 4.102492850891e-03
10.770000000 4.614436909687e-03
10.780000000 4.599340177313e-03
10.790000000 4.137403470094e-03
10.800000000 3.351851147040e-03
10.810000000 2.367351396437e-03
10.820000000 1.296049670115e-03
10.830000000 2.476636481953e-04
10.840000000 -6.455435826771e-04
10.850000000 -1.213240351500e-03
10.860000000 -1.260530216170e-03
10.870000000 -6.193810938639e-04
10.880000000 7.883945390607e-04
10.890000000 2.899754230956e-03
10.900000000 5.508023238958e-03
10.910000000 8.296935487143e-03
10.920000000 1.091204450919e-02
10.930000000 1.303806233561e-02
10.940000000 1.446742117377e-02
10.950000000 1.514477992912e-02
10.960000000 1.517076917108e-02
10.970000000 1.476173404805e-02
10.980000000 1.418733327131e-02
10.990000000 1.370407476715e-02
11.000000000 1.349800405547e-02
11.010000000 1.366195528138e-02
11.020000000 1.418418805771e-02
11.030000000 1.495755651362e-02
11.040000000 1.580802572552e-02
11.050000000 1.653040639516e-02
11.060000000 1.692023089488e-02
11.070000000 1.680380602703e-02
11.080000000 1.607854227488e-02
11.090000000 1.473952150951e-02
11.100000000 1.289085221336e-02
11.110000000 1.071363430537e-02
11.120000000 8.412903492336e-03
11.130000000 6.169519838176e-03
11.140000000 4.112643574671e-03
11.150000000 2.318958861262e-03
11.160000000 8.317852119984e-04
11.170000000 -3.308540054228e-04
11.180000000 -1.161003795304e-03
11.190000000 -1.653242525381e-03
11.200000000 -1.790530959579e-03
11.210000000 -1.542840495886e-03
11.220000000 -8.836307075454e-04
11.230000000 1.651682821655e-04
11.240000000 1.483738528032e-03
11.250000000 2.836445087070e-03
11.260000000 3.899044420411e-03
11.270000000 4.333003105741e-03
11.280000000 3.885303880874e-03
11.290000000 2.482782185173e-03
11.300000000 2.624802258570e-04
11.310000000 -2.471957972704e-03
11.320000000 -5.356337857342e-03
11.330000000 -8.077855381092e-03
11.340000000 -1.043372535901e-02
11.350000000 -1.232829703718e-02
11.360000000 -1.373261608333e-02
11.370000000 -1.465991984046e-02
11.380000000 -1.515761334594e-02
11.390000000 -1.531838144210e-02
11.400000000 -1.527528210185e-02
11.410000000 -1.516803059492e-02
11.420000000 -1.509462595604e-02
11.430000000 -1.507745388696e-02
11.440000000 -1.507132305088e-02
11.450000000 -1.499790892178e-02
11.460000000 -1.477114941677e-02
11.470000000 -1.430545625546e-02
11.480000000 -1.352157499211e-02
11.490000000 -1.237313360001e-02
11.500000000 -1.087182216508e-02
11.510000000 -9.091816171934e-03
11.520000000 -7.126934226031e-03
11.530000000 -5.028767693175e-03
11.540000000 -2.778906544079e-03
11.550000000 -3.139760504212e-04
11.560000000 2.393128307940e-03
11.570000000 5.238144338408e-03
11.580000000 7.944543912755e-03
11.590000000 1.010462176267e-02
11.600000000 1.130404924489e-02
11.610000000 1.126514655412e-02
11.620000000 9.950980795444e-03
11.630000000 7.589408088733e-03
11.640000000 4.611247713290e-03
11.650000000 1.534931521706e-03
11.660000000 -1.165079336000e-03
11.670000000 -3.158406228457e-03
11.680000000 -4.293557042698e-03
11.690000000 -4.580044464479e-03
11.700000000 -4.155879392850e-03
11.710000000 -3.254124808181e-03
11.720000000 -2.174876429291e-03
11.730000000 -1.220587951796e-03
11.740000000 -6.054906108564e-04
11.750000000 -3.673837037157e-04
11.760000000 -3.426263650580e-04
11.770000000 -2.161617214028e-04
11.780000000 3.518677358716e-04
11.790000000 1.578324255351e-03
11.800000000 3.452932299814e-03
11.810000000 5.732856416053e-03
11.820000000 8.025029706417e-03
11.830000000 9.908801736647e-03
11.840000000 1.104620736223e-02
11.850000000 1.123474789648e-02
11.860000000 1.042170108395e-02
11.870000000 8.691571472345e-03
11.880000000 6.248379840597e-03
11.890000000 3.402210463030e-03
11.900000000 5.505881648478e-04
11.910000000 -1.872407314857e-03
11.920000000 -3.475701827794e-03
11.930000000 -4.017018369394e-03
11.940000000 -3.481107298586e-03
11.950000000 -2.095729544648e-03
11.960000000 -2.758573202126e-04
11.970000000 1.488623502888e-03
11.980000000 2.758535334388e-03
11.990000000 3.241232576809e-03
12.000000000 2.848199801007e-03
12.010000000 1.691587901715e-03
12.020000000 4.209051972342e-05
12.030000000 -1.730421710340e-03
12.040000000 -3.241274649331e-03
12.050000000 -4.179051845247e-03
12.060000000 -4.384907590434e-03
12.070000000 -3.891223809401e-03
12.080000000 -2.891666711947e-03
12.090000000 -1.668254568321e-03
12.100000000 -4.967105054705e-04
12.110000000 4.173645148078e-04
12.120000000 9.789009867669e-04
12.130000000 1.192954159320e-03
12.140000000 1.137216986989e-03
12.150000000 9.197700565134e-04
12.160000000 6.403036180247e-04
12.170000000 3.697232200302e-04
12.180000000 1.235159499586e-04
12.190000000 -1.603290118271e-04
12.200000000 -6.331192483526e-04
12.210000000 -1.496783140559e-03
12.220000000 -2.930083591689e-03
12.230000000 -4.992795784728e-03
12.240000000 -7.556487614256e-03
12.250000000 -1.030475589879e-02
12.260000000 -1.280336061918e-02
12.270000000 -1.461339821521e-02
12.280000000 -1.540880439031e-02
12.290000000 -1.504775694637e-02
12.300000000 -1.359760923040e-02
12.310000000 -1.130288183735e-02
12.320000000 -8.520283970654e-03
12.330000000 -5.637107678845e-03
12.340000000 -3.014578491939e-03
12.350000000 -9.492830918077e-04
12.360000000 3.515673030015e-04
12.370000000 8.051802361635e-04
12.380000000 4.935628151564e-04
12.390000000 -3.361686070208e-04
12.400000000 -1.331621286923e-03
12.410000000 -2.137292384956e-03
12.420000000 -2.491908831500e-03
12.430000000 -2.274855654481e-03
12.440000000 -1.508423190994e-03
12.450000000 -3.363204238177e-04
12.460000000 1.009435033662e-03
12.470000000 2.254634337218e-03
12.480000000 3.133438059457e-03
12.490000000 3.449801134346e-03
12.500000000 3.129254331985e-03
12.510000000 2.241288169801e-03
12.520000000 9.863276568279e-04
12.530000000 -3.560350053584e-04
12.540000000 -1.508121002464e-03
12.550000000 -2.283705747131e-03
12.560000000 -2.652054503385e-03
12.570000000 -2.746498408902e-03
12.580000000 -2.806715348761e-03
12.590000000 -3.075214996067e-03
12.600000000 -3.694784433524e-03
12.610000000 -4.655670870895e-03
12.620000000 -5.799367118424e-03
12.630000000 -6.877087325093e-03
12.640000000 -7.634044396094e-03
12.650000000 -7.886906646017e-03
12.660000000 -7.563742873894e-03
12.670000000 -6.703726342598e-03
12.680000000 -5.424402944087e-03
12.690000000 -3.885356413190e-03
12.700000000 -2.258652996428e-03
12.710000000 -7.141516570102e-04
12.720000000 5.962085430364e-04
12.730000000 1.554897532470e-03
12.740000000 2.092567018321e-03
12.750000000 2.200012775586e-03
12.760000000 1.928925755090e-03
12.770000000 1.383384032361e-03
12.780000000 6.963789870625e-04
12.790000000 -4.667844459690e-06
12.800000000 -6.324716166910e-04
12.810000000 -1.157569688922e-03
12.820000000 -1.598297635258e-03
12.830000000 -1.969865786530e-03
12.840000000 -2.250575805507e-03
12.850000000 -2.365647275574e-03
12.860000000 -2.221833907889e-03
12.870000000 -1.762389123584e-03
12.880000000 -1.000424120834e-03
12.890000000 -1.737438106787e-05
12.900000000 1.067624476826e-03
12.910000000 2.122488982552e-03
12.920000000 3.014540537432e-03
12.930000000 3.609360759208e-03
12.940000000 3.778159081847e-03
12.950000000 3.428815709671e-03
12.960000000 2.558092195559e-03
12.970000000 1.283831768254e-03
12.980000000 -1.681565901166e-04
12.990000000 -1.521908818644e-03
13.000000000 -2.537679506863e-03
13.010000000 -3.069067206663e-03
13.020000000 -3.076058706665e-03
13.030000000 -2.596763131218e-03
13.040000000 -1.709195224508e-03
13.050000000 -5.141150445804e-04
13.060000000 8.709922820203e-04
13.070000000 2.300085092364e-03
13.080000000 3.604148605032e-03
13.090000000 4.608510640436e-03
13.100000000 5.163542246547e-03
13.110000000 5.172597371776e-03
13.120000000 4.610112781909e-03
13.130000000 3.542341644075e-03
13.140000000 2.132468429452e-03
13.150000000 6.240963685404e-04
13.160000000 -7.074867338017e-04
13.170000000 -1.621964054760e-03
13.180000000 -1.967745955691e-03
13.190000000 -1.692737620155e-03
13.200000000 -8.371091750654e-04
13.210000000 4.954702957696e-04
13.220000000 2.150285457881e-03
13.230000000 3.935181438324e-03
13.240000000 5.637189585761e-03
13.250000000 7.048311336886e-03
13.260000000 7.998693102396e-03
13.270000000 8.387340076894e-03
13.280000000 8.193166023576e-03
13.290000000 7.475830543680e-03
13.300000000 6.359610683925e-03
13.310000000 5.010269194900e-03
13.320000000 3.616399711157e-03
13.330000000 2.360868074270e-03
13.340000000 1.382439135813e-03
13.350000000 7.267522634888e-04
13.360000000 3.220402722000e-04
13.370000000 3.239986613818e-06
13.380000000 -4.047087289048e-04
13.390000000 -9.934839575932e-04
13.400000000 -1.712577048650e-03
13.410000000 -2.392315152561e-03
13.420000000 -2.825116945644e-03
13.430000000 -2.881801571932e-03
13.440000000 -2.592198790953e-03
13.450000000 -2.159244007157e-03
13.460000000 -1.898526775153e-03
13.470000000 -2.120980679665e-03
13.480000000 -3.019537215482e-03
13.490000000 -4.601734370714e-03
13.500000000 -6.676145282341e-03
13.510000000 -8.894483557572e-03
13.520000000 -1.082652799686e-02
13.530000000 -1.204794431321e-02
13.540000000 -1.222218134814e-02
13.550000000 -1.118275739783e-02
13.560000000 -8.998580328295e-03
13.570000000 -5.998928412685e-03
13.580000000 -2.721637571029e-03
13.590000000 2.234662853382e-04
13.600000000 2.325042821907e-03
13.610000000 3.307745191989e-03
13.620000000 3.175088631390e-03
13.630000000 2.163214174811e-03
13.640000000 6.370468440829e-04
13.650000000 -1.019673872653e-03
13.660000000 -2.488955074232e-03
13.670000000 -3.559276832041e-03
13.680000000 -4.122960698925e-03
13.690000000 -4.168218628102e-03
13.700000000 -3.777242121521e-03
13.710000000 -3.120491894466e-03
13.720000000 -2.414360755333e-03
13.730000000 -1.846224599381e-03
13.740000000 -1.494425884352e-03
13.750000000 -1.288537896405e-03
13.760000000 -1.044586350472e-03
13.770000000 -5.593803354666e-04
13.780000000 2.876101779629e-04
13.790000000 1.475248658341e-03
13.800000000 2.846256723217e-03
13.810000000 4.168296066020e-03
13.820000000 5.215122345139e-03
13.830000000 5.826518293368e-03
13.840000000 5.933573251478e-03
13.850000000 5.557937857928e-03
13.860000000 4.795182158216e-03
13.870000000 3.799984388300e-03
13.880000000 2.761293389973e-03
13.890000000 1.862334382937e-03
13.900000000 1.230864090597e-03
13.910000000 9.036456912401e-04
13.920000000 8.255004427666e-04
13.930000000 8.817296711169e-04
13.940000000 9.430649123226e-04
13.950000000 9.013146625301e-04
13.960000000 6.845176845053e-04
13.970000000 2.569054587798e-04
13.980000000 -3.801042069294e-04
13.990000000 -1.183643736028e-03
14.000000000 -2.063946570340e-03
14.010000000 -2.895283844513e-03
14.020000000 -3.544860100489e-03
14.030000000 -3.911720767306e-03
14.040000000 -3.949141063301e-03
14.050000000 -3.673091327030e-03
14.060000000 -3.150152779130e-03
14.070000000 -2.484429273662e-03
14.080000000 -1.794350363127e-03
14.090000000 -1.183017932697e-03
14.100000000 -7.118323906235e-04
14.110000000 -3.798800528449e-04
14.120000000 -1.278322978605e-04
14.130000000 1.280038152740e-04
14.140000000 4.525659937663e-04
14.150000000 8.566172225672e-04
14.160000000 1.303478776851e-03
14.170000000 1.748356174020e-03
14.180000000 2.191241522708e-03
14.190000000 2.709598877917e-03
14.200000000 3.438681375771e-03
14.210000000 4.502677167295e-03
14.220000000 5.939682152002e-03
14.230000000 7.653809199012e-03
14.240000000 9.433475462929e-03
14.250000000 1.101894557350e-02
14.260000000 1.218147860643e-02
14.270000000 1.278434399138e-02
14.280000000 1.280038580718e-02
14.290000000 1.229290811844e-02
14.300000000 1.139389505294e-02
14.310000000 1.026931234944e-02
14.320000000 9.105705449799e-03
14.330000000 8.083374566589e-03
14.340000000 7.345428752537e-03
14.350000000 6.968988133575e-03
14.360000000 6.959608494474e-03
14.370000000 7.263042079103e-03
14.380000000 7.794531527608e-03
14.390000000 8.454351452089e-03
14.400000000 9.133878085321e-03
14.410000000 9.723839039349e-03
14.420000000 1.012369067077e-02
14.430000000 1.024548571231e-02
14.440000000 1.002355290741e-02
14.450000000 9.428289274722e-03
14.460000000 8.488432963444e-03
14.470000000 7.304899609774e-03
14.480000000 6.046166836549e-03
14.490000000 4.915118380491e-03
14.500000000 4.096845487838e-03
14.510000000 3.694502193648e-03
14.520000000 3.685617285707e-03
14.530000000 3.928848324307e-03
14.540000000 4.215526297666e-03
14.550000000 4.359486819650e-03
14.560000000 4.265704951340e-03
14.570000000 3.948404921020e-03
14.580000000 3.497841317958e-03
14.590000000 3.012504970772e-03
14.600000000 2.534076494579e-03
14.610000000 2.018085344162e-03
14.620000000 1.357780122453e-03
14.630000000 4.350215381367e-04
14.640000000 -8.149737850056e-04
14.650000000 -2.359285446267e-03
14.660000000 -4.068617491288e-03
14.670000000 -5.742658374423e-03
14.680000000 -7.163457904579e-03
14.690000000 -8.154636126513e-03
14.700000000 -8.622756591539e-03
14.710000000 -8.573777833707e-03
14.720000000 -8.102512432645e-03
14.730000000 -7.364043492487e-03
14.740000000 -6.535231265287e-03
14.750000000 -5.779905213152e-03
14.760000000 -5.223987938540e-03
14.770000000 -4.937851865866e-03
14.780000000 -4.929890367793e-03
14.790000000 -5.141054397176e-03
14.800000000 -5.453529441687e-03
14.810000000 -5.726474691684e-03
14.820000000 -5.849626615234e-03
14.830000000 -5.786230899924e-03
14.840000000 -5.594159327916e-03
14.850000000 -5.407568424918e-03
14.860000000 -5.392291791306e-03
14.870000000 -5.690113458905e-03
14.880000000 -6.363447035767e-03
14.890000000 -7.355866107189e-03
14.900000000 -8.491517543060e-03
14.910000000 -9.508919130079e-03
14.920000000 -1.012927797258e-02
14.930000000 -1.014421146137e-02
14.940000000 -9.489619400510e-03
14.950000000 -8.285274175283e-03
14.960000000 -6.806835872973e-03
14.970000000 -5.399661585266e-03
14.980000000 -4.352411697959e-03
14.990000000 -3.799286464015e-03
15.000000000 -3.686537032477e-03
15.010000000 -3.815014042387e-03
15.020000000 -3.921110679763e-03
15.030000000 -3.760328185717e-03
15.040000000 -3.165887928407e-03
15.050000000 -2.076534326787e-03
15.060000000 -5.441097876081e-04
15.070000000 1.273415317131e-03
15.080000000 3.131256894299e-03
15.090000000 4.740340797161e-03
15.100000000 5.831382730316e-03
15.110000000 6.227948055671e-03
15.120000000 5.903293501444e-03
15.130000000 4.975586780259e-03
15.140000000 3.655418006855e-03
15.150000000 2.155086755225e-03
15.160000000 6.218671212209e-04
15.170000000 -8.796402574481e-04
15.180000000 -2.320373581485e-03
15.190000000 -3.642546512061e-03
15.200000000 -4.728792370912e-03
15.210000000 -5.425652673904e-03
15.220000000 -5.611111114869e-03
15.230000000 -5.260122015371e-03
15.240000000 -4.467875095980e-03
15.250000000 -3.418031827352e-03
15.260000000 -2.312025766290e-03
15.270000000 -1.301447255395e-03
15.280000000 -4.448563058289e-04
15.290000000 2.850480544464e-04
15.300000000 9.684701102974e-04
15.310000000 1.684031722403e-03
15.320000000 2.473918805059e-03
15.330000000 3.325238937985e-03
15.340000000 4.180946883594e-03
15.350000000 4.977036546605e-03
15.360000000 5.672479350432e-03
15.370000000 6.271889870829e-03
15.380000000 6.814323745749e-03
15.390000000 7.345013896871e-03
15.400000000 7.892628533747e-03
15.410000000 8.447621460983e-03
15.420000000 8.951789363704e-03
15.430000000 9.311890170203e-03
15.440000000 9.417764313602e-03
15.450000000 9.191826417624e-03
15.460000000 8.634038989967e-03
15.470000000 7.845262747551e-03
15.480000000 7.007600763943e-03
15.490000000 6.320024512958e-03
15.500000000 5.921241677778e-03
15.510000000 5.824995951324e-03
15.520000000 5.910075479163e-03
15.530000000 5.968425877681e-03
15.540000000 5.791482894439e-03
15.550000000 5.263029395953e-03
15.560000000 4.413352854974e-03
15.570000000 3.402549164013e-03
15.580000000 2.439310151042e-03
15.590000000 1.692021723160e-03
15.600000000 1.232692543216e-03
15.610000000 1.049862452789e-03
15.620000000 1.100691115952e-03
15.630000000 1.364671850413e-03
15.640000000 1.854169168338e-03
15.650000000 2.581597412336e-03
15.660000000 3.518318299963e-03
15.670000000 4.563475983305e-03
15.680000000 5.568311553825e-03
15.690000000 6.380873451703e-03
15.700000000 6.900675727538e-03
15.710000000 7.109772213497e-03
15.720000000 7.054876103384e-03
15.730000000 6.811881390268e-03
15.740000000 6.447990135728e-03
15.750000000 6.012244146840e-03
15.760000000 5.547860700928e-03
15.770000000 5.106211985430e-03
15.780000000 4.740143674968e-03
15.790000000 4.481196521524e-03
15.800000000 4.323083986416e-03
15.810000000 4.217090563040e-03
15.820000000 4.092614535203e-03
15.830000000 3.882513349854e-03
15.840000000 3.557492067449e-03
15.850000000 3.144660483049e-03
15.860000000 2.717023324294e-03
15.870000000 2.371790127634e-03
15.880000000 2.191625134642e-03
15.890000000 2.224002738347e-03
15.900000000 2.478295086494e-03
15.910000000 2.939227757172e-03
15.920000000 3.584551672187e-03
15.930000000 4.392878049902e-03
15.940000000 5.337630180351e-03
15.950000000 6.374982898487e-03
15.960000000 7.427737466184e-03
15.970000000 8.377622181950e-03
15.980000000 9.068549770146e-03
15.990000000 9.317120333914e-03
16.000000000 8.942867627077e-03
16.010000000 7.816197317533e-03
16.020000000 5.924155437218e-03
16.030000000 3.416489157704e-03
16.040000000 6.063660260069e-04
16.050000000 -2.094360036941e-03
16.060000000 -4.284807451677e-03
16.070000000 -5.681566232900e-03
16.080000000 -6.192996873671e-03
16.090000000 -5.936433118013e-03
16.100000000 -5.199311724521e-03
16.110000000 -4.347613495323e-03
16.120000000 -3.719105504068e-03
16.130000000 -3.535314785372e-03
16.140000000 -3.852899222380e-03
16.150000000 -4.572997776303e-03
16.160000000 -5.488173513446e-03
16.170000000 -6.368406983698e-03
16.180000000 -7.037680599880e-03
16.190000000 -7.433479643931e-03
16.200000000 -7.606393702866e-03
16.210000000 -7.679883434532e-03
16.220000000 -7.778454598772e-03
16.230000000 -7.955908517847e-03
16.240000000 -8.160008967709e-03
16.250000000 -8.241204724843e-03
16.260000000 -8.022076758279e-03
16.270000000 -7.380669184033e-03
16.280000000 -6.314794998913e-03
16.290000000 -4.941969487169e-03
16.300000000 -3.448743623723e-03
16.310000000 -2.018995439609e-03
16.320000000 -7.816741275167e-04
16.330000000 2.048237411241e-04
16.340000000 9.404105225689e-04
16.350000000 1.456479254792e-03
16.360000000 1.784316298030e-03
16.370000000 1.932304318535e-03
16.380000000 1.885193607938e-03
16.390000000 1.631985529492e-03
16.400000000 1.199544199738e-03
16.410000000 6.690512378341e-04
16.420000000 1.761769590995e-04
16.430000000 -1.178268252728e-04
16.440000000 -6.726078965476e-05
16.450000000 4.079370093066e-04
16.460000000 1.274455334749e-03
16.470000000 2.383439314838e-03
16.480000000 3.514696516460e-03
16.490000000 4.448768019963e-03
16.500000000 5.035754067282e-03
16.510000000 5.228471671317e-03
16.520000000 5.084438212906e-03
16.530000000 4.745478617969e-03
16.540000000 4.408608366501e-03
16.550000000 4.291881944517e-03
16.560000000 4.578936940361e-03
16.570000000 5.372036942706e-03
16.580000000 6.638845383418e-03
16.590000000 8.205533944351e-03
16.600000000 9.789096156682e-03
16.610000000 1.108081717290e-02
16.620000000 1.184012236594e-02
16.630000000 1.196541023539e-02
16.640000000 1.151262067349e-02
16.650000000 1.065840954525e-02
16.660000000 9.633190747807e-03
16.670000000 8.646597870554e-03
16.680000000 7.847628961906e-03
16.690000000 7.304162212277e-03
16.700000000 7.005781804009e-03
16.710000000 6.877957672836e-03
16.720000000 6.807385069848e-03
16.730000000 6.665961551887e-03
16.740000000 6.336463001231e-03
16.750000000 5.733986484410e-03
16.760000000 4.828720523766e-03
16.770000000 3.666257385871e-03
16.780000000 2.369743296633e-03
16.790000000 1.126223346589e-03
16.800000000 1.456220623556e-04
16.810000000 -3.935792220661e-04
16.820000000 -3.876873896190e-04
16.830000000 1.559114279501e-04
16.840000000 1.112447281653e-03
16.850000000 2.253390028588e-03
16.860000000 3.293989624239e-03
16.870000000 3.972891819972e-03
16.880000000 4.131489266701e-03
16.890000000 3.764651526050e-03
16.900000000 3.008186979280e-03
16.910000000 2.082465620134e-03
16.920000000 1.213459518908e-03
16.930000000 5.568854305518e-04
16.940000000 1.638295851028e-04
16.950000000 -2.462435202793e-05
16.960000000 -1.533602130286e-04
16.970000000 -4.037171229374e-04
16.980000000 -9.484920295593e-04
16.990000000 -1.914376117401e-03
17.000000000 -3.348460286510e-03
17.010000000 -5.192664798000e-03
17.020000000 -7.267168400929e-03
17.030000000 -9.282575721673e-03
17.040000000 -1.090018422293e-02
17.050000000 -1.182557472881e-02
17.060000000 -1.189650072031e-02
17.070000000 -1.113012116777e-02
17.080000000 -9.709488919891e-03
17.090000000 -7.917833844830e-03
17.100000000 -6.068389924633e-03
17.110000000 -4.441485367294e-03
17.120000000 -3.247179869143e-03
17.130000000 -2.596636509276e-03
17.140000000 -2.499932831452e-03
17.150000000 -2.867339503767e-03
17.160000000 -3.540468591550e-03
17.170000000 -4.321420696430e-03
17.180000000 -5.020991543286e-03
17.190000000 -5.494950191838e-03
17.200000000 -5.676112843055e-03
17.210000000 -5.570541511240e-03
17.220000000 -5.230358336934e-03
17.230000000 -4.717123794172e-03
17.240000000 -4.088022009365e-03
17.250000000 -3.403735667083e-03
17.260000000 -2.738735701328e-03
17.270000000 -2.181919140821e-03
17.280000000 -1.821498342691e-03
17.290000000 -1.722247266353e-03
17.300000000 -1.906505416724e-03
17.310000000 -2.341717067685e-03
17.320000000 -2.941502888973e-03
17.330000000 -3.578827884012e-03
17.340000000 -4.109185681110e-03
17.350000000 -4.407211097779e-03
17.360000000 -4.397470465988e-03
17.370000000 -4.081380887728e-03
17.380000000 -3.536205480551e-03
17.390000000 -2.889165818618e-03
17.400000000 -2.277391278245e-03
17.410000000 -1.808166650394e-03
17.420000000 -1.539876854203e-03
17.430000000 -1.478620652600e-03
17.440000000 -1.602693226069e-03
17.450000000 -1.883387223933e-03
17.460000000 -2.289592271270e-03
17.470000000 -2.780971721217e-03
17.480000000 -3.290698831280e-03
17.490000000 -3.737314929888e-03
17.500000000 -4.049716267671e-03
17.510000000 -4.197747067612e-03
17.520000000 -4.200094277496e-03
17.530000000 -4.105179644281e-03
17.540000000 -3.958339334861e-03
17.550000000 -3.772409087147e-03
17.560000000 -3.522924629880e-03
17.570000000 -3.174846613007e-03
17.580000000 -2.718089456242e-03
17.590000000 -2.183366541786e-03
17.600000000 -1.630224108381e-03
17.610000000 -1.112842810883e-03
17.620000000 -6.617306207308e-04
17.630000000 -2.846574579766e-04
17.640000000 9.502432711040e-06
17.650000000 1.903863125285e-04
17.660000000 2.074695174140e-04
17.670000000 1.932474188305e-05
17.680000000 -3.741524907890e-04
17.690000000 -9.134576247823e-04
17.700000000 -1.480291262996e-03
17.710000000 -1.928643567777e-03
17.720000000 -2.122761018214e-03
17.730000000 -1.990320820733e-03
17.740000000 -1.558233213756e-03
17.750000000 -9.586677356260e-04
17.760000000 -3.975153628634e-04
17.770000000 -8.612843080582e-05
17.780000000 -1.733187561088e-04
17.790000000 -7.016108630778e-04
17.800000000 -1.597942181986e-03
17.810000000 -2.710641316135e-03
17.820000000 -3.857100811734e-03
17.830000000 -4.868923213885e-03
17.840000000 -5.623469218671e-03
17.850000000 -6.045277709690e-03
17.860000000 -6.111340758744e-03
17.870000000 -5.853622802975e-03
17.880000000 -5.360904155555e-03
17.890000000 -4.760411993993e-03
17.900000000 -4.177361832305e-03
17.910000000 -3.686773757834e-03
17.920000000 -3.286710581307e-03
17.930000000 -2.903004116174e-03
17.940000000 -2.439275068814e-03
17.950000000 -1.842591012616e-03
17.960000000 -1.151187863923e-03
17.970000000 -5.052410881044e-04
17.980000000 -1.009280816357e-04
17.990000000 -1.113239382414e-04
18.000000000 -6.151414697519e-04
18.010000000 -1.557314948896e-03
18.020000000 -2.769721822001e-03
18.030000000 -4.025066268266e-03
18.040000000 -5.102172186868e-03
18.050000000 -5.829029788066e-03
18.060000000 -6.099926282279e-03
18.070000000 -5.875325222974e-03
18.080000000 -5.179509618172e-03
18.090000000 -4.103320238490e-03
18.100000000 -2.792242814162e-03
18.110000000 -1.416944917096e-03
18.120000000 -1.152349952609e-04
18.130000000 1.057931139157e-03
18.140000000 2.147295392397e-03
18.150000000 3.255101022713e-03
18.160000000 4.476504847603e-03
18.170000000 5.830823728665e-03
18.180000000 7.239503474733e-03
18.190000000 8.543413166450e-03
18.200000000 9.545015448080e-03
18.210000000 1.007303096937e-02
18.220000000 1.002818631396e-02
18.230000000 9.417982478163e-03
18.240000000 8.349204802681e-03
18.250000000 6.994441441510e-03
18.260000000 5.539177652669e-03
18.270000000 4.125766546764e-03
18.280000000 2.819526427899e-03
18.290000000 1.613888394497e-03
18.300000000 4.679225967878e-04
18.310000000 -6.420782035496e-04
18.320000000 -1.683759395143e-03
18.330000000 -2.558201109025e-03
18.340000000 -3.120969757665e-03
18.350000000 -3.238011222317e-03
18.360000000 -2.842594799263e-03
18.370000000 -1.974585521492e-03
18.380000000 -7.797469802755e-04
18.390000000 5.323282875118e-04
18.400000000 1.748662688320e-03
18.410000000 2.706446001553e-03
18.420000000 3.318155439698e-03
18.430000000 3.567872587630e-03
18.440000000 3.500361547678e-03
18.450000000 3.204730557387e-03
18.460000000 2.800000461003e-03
18.470000000 2.399932038929e-03
18.480000000 2.075979771451e-03
18.490000000 1.823316587573e-03
18.500000000 1.565003926485e-03
18.510000000 1.199150079683e-03
18.520000000 6.544889590126e-04
18.530000000 -6.021842630375e-05
18.540000000 -8.654951655717e-04
18.550000000 -1.653200358689e-03
18.560000000 -2.344146293559e-03
18.570000000 -2.922740336217e-03
18.580000000 -3.420723356457e-03
18.590000000 -3.875359985924e-03
18.600000000 -4.282448289726e-03
18.610000000 -4.580555410485e-03
18.620000000 -4.672428833640e-03
18.630000000 -4.468917929928e-03
18.640000000 -3.932809708634e-03
18.650000000 -3.105003512027e-03
18.660000000 -2.095241587032e-03
18.670000000 -1.052167025370e-03
18.680000000 -1.214632295863e-04
18.690000000 5.821456383819e-04
18.700000000 9.945105924934e-04
18.710000000 1.103222382897e-03
18.720000000 9.456013017267e-04
18.730000000 5.945561087762e-04
18.740000000 1.341761089114e-04
18.750000000 -3.663327870281e-04
18.760000000 -8.649734855764e-04
18.770000000 -1.345282166747e-03
18.780000000 -1.803445552822e-03
18.790000000 -2.228347397172e-03
18.800000000 -2.587961688723e-03
18.810000000 -2.825040883357e-03
18.820000000 -2.874882227240e-03
18.830000000 -2.682221347362e-03
18.840000000 -2.229968424671e-03
18.850000000 -1.552404035486e-03
18.860000000 -7.266834524137e-04
18.870000000 1.456671368398e-04
18.880000000 9.612229320702e-04
18.890000000 1.644691032153e-03
18.900000000 2.160449162014e-03
18.910000000 2.519549914285e-03
18.920000000 2.770666546695e-03
18.930000000 2.977440751823e-03
18.940000000 3.187493713933e-03
18.950000000 3.412757324708e-03
18.960000000 3.620929611642e-03
18.970000000 3.758170226184e-03
18.980000000 3.785530253107e-03
18.990000000 3.705064234583e-03
19.000000000 3.565072984067e-03
19.010000000 3.426878108547e-03
19.020000000 3.320722224489e-03
19.030000000 3.208884847037e-03
19.040000000 2.981970294375e-03
19.050000000 2.494339409556e-03
19.060000000 1.626349169690e-03
19.070000000 3.544431667375e-04
19.080000000 -1.197278250983e-03
19.090000000 -2.758442549292e-03
19.100000000 -3.973246858834e-03
19.110000000 -4.507091019451e-03
19.120000000 -4.152017519100e-03
19.130000000 -2.895833899764e-03
19.140000000 -9.160555445237e-04
19.150000000 1.480951608570e-03
19.160000000 3.952806524017e-03
19.170000000 6.194364243390e-03
19.180000000 7.979254228427e-03
19.190000000 9.169637094804e-03
19.200000000 9.710914377827e-03
19.210000000 9.628642093201e-03
19.220000000 9.019926041173e-03
19.230000000 8.023356456173e-03
19.240000000 6.771778632574e-03
19.250000000 5.344305805859e-03
19.260000000 3.752684778796e-03
19.270000000 1.963277954768e-03
19.280000000 -4.598428680468e-05
19.290000000 -2.226462211156e-03
19.300000000 -4.440198380104e-03
19.310000000 -6.491165712984e-03
19.320000000 -8.196694229029e-03
19.330000000 -9.449592316136e-03
19.340000000 -1.024652919063e-02
19.350000000 -1.066252301414e-02
19.360000000 -1.080733991980e-02
19.370000000 -1.079404935830e-02
19.380000000 -1.071684324416e-02
19.390000000 -1.064629891314e-02
19.400000000 -1.061743711378e-02
19.410000000 -1.062222894934e-02
19.420000000 -1.061897381101e-02
19.430000000 -1.055609721980e-02
19.440000000 -1.040402546967e-02
19.450000000 -1.017624383088e-02
19.460000000 -9.927246097834e-03
19.470000000 -9.722816496367e-03
19.480000000 -9.608354008548e-03
19.490000000 -9.570664974476e-03
19.500000000 -9.527405347565e-03
19.510000000 -9.336253636001e-03
19.520000000 -8.836755351352e-03
19.530000000 -7.906418602261e-03
19.540000000 -6.520990064220e-03
19.550000000 -4.788146646153e-03
19.560000000 -2.934260795818e-03
19.570000000 -1.250470261644e-03
19.580000000 5.853402851337e-06
19.590000000 6.891972546532e-04
19.600000000 8.214027412910e-04
19.610000000 5.724101517897e-04
19.620000000 1.918449128917e-04
19.630000000 -8.104475301296e-05
19.640000000 -9.284722711498e-05
19.650000000 1.868536026265e-04
19.660000000 6.833210173834e-04
19.670000000 1.252090049332e-03
19.680000000 1.729609338428e-03
19.690000000 1.983281958682e-03
19.700000000 1.955986575382e-03
19.710000000 1.695513680897e-03
19.720000000 1.347344031445e-03
19.730000000 1.108506887333e-03
19.740000000 1.159255576896e-03
19.750000000 1.595638943802e-03
19.760000000 2.397235985235e-03
19.770000000 3.434969496331e-03
19.780000000 4.507304371106e-03
19.790000000 5.399837831101e-03
19.800000000 5.944742872949e-03
19.810000000 6.066254668638e-03
19.820000000 5.792160256972e-03
19.830000000 5.246190265269e-03
19.840000000 4.614156737289e-03
19.850000000 4.107759893867e-03
19.860000000 3.923962503908e-03
19.870000000 4.198990430110e-03
19.880000000 4.962479717133e-03
19.890000000 6.115207350834e-03
19.900000000 7.443852138534e-03
19.910000000 8.680371462013e-03
19.920000000 9.568848980624e-03
19.930000000 9.928721364649e-03
19.940000000 9.687628214263e-03
19.950000000 8.883810903497e-03
19.960000000 7.650522455777e-03
19.970000000 6.184942400573e-03
19.980000000 4.717217274875e-03
19.990000000 3.486934160882e-03
20.000000000 2.717688042722e-03
20.010000000 2.583745016786e-03
20.020000000 3.170466336975e-03
20.030000000 4.446899543167e-03
20.040000000 6.266893083197e-03
20.050000000 8.400508802631e-03
20.060000000 1.059228324879e-02
20.070000000 1.260317955604e-02
20.080000000 1.424477561309e-02
20.090000000 1.539549982724e-02
20.100000000 1.601022213768e-02
20.110000000 1.612713889793e-02
20.120000000 1.585267487828e-02
20.130000000 1.532037998362e-02
20.140000000 1.463625320146e-02
20.150000000 1.382241964503e-02
20.160000000 1.280837196500e-02
20.170000000 1.145720398886e-02
20.180000000 9.630158902894e-03
20.190000000 7.253661867752e-03
20.200000000 4.365899344532e-03
20.210000000 1.125014246323e-03
20.220000000 -2.219765600474e-03
20.230000000 -5.387361633271e-03
20.240000000 -8.128247599255e-03
20.250000000 -1.026854190601e-02
20.260000000 -1.173172639508e-02
20.270000000 -1.254141322386e-02
20.280000000 -1.280939979735e-02
20.290000000 -1.271364054088e-02
20.300000000 -1.245448028240e-02
20.310000000 -1.220072884488e-02
20.320000000 -1.203647722214e-02
20.330000000 -1.194107330590e-02
20.340000000 -1.182783435103e-02
20.350000000 -1.162030648707e-02
20.360000000 -1.133210761035e-02
20.370000000 -1.109296276328e-02
20.380000000 -1.109847425249e-02
20.390000000 -1.150424203592e-02
20.400000000 -1.232881249887e-02
20.410000000 -1.341196284326e-02
20.420000000 -1.445525179925e-02
20.430000000 -1.511710976745e-02
20.440000000 -1.513084536485e-02
20.450000000 -1.439791798569e-02
20.460000000 -1.301711233667e-02
20.470000000 -1.125036579916e-02
20.480000000 -9.433364730300e-03
20.490000000 -7.876533778086e-03
20.500000000 -6.779686131394e-03
20.510000000 -6.181332180135e-03
20.520000000 -5.959156142546e-03
20.530000000 -5.869668179450e-03
20.540000000 -5.645877900853e-03
20.550000000 -5.102287248023e-03
20.560000000 -4.227510880541e-03
20.570000000 -3.217122744070e-03
20.580000000 -2.425421467362e-03
20.590000000 -2.241352959491e-03
20.600000000 -2.937788506503e-03
20.610000000 -4.539008056292e-03
20.620000000 -6.799600257707e-03
20.630000000 -9.283391811139e-03
20.640000000 -1.151321408266e-02
20.650000000 -1.309717991169e-02
20.660000000 -1.378092487852e-02
20.670000000 -1.343919469370e-02
20.680000000 -1.204745340374e-02
20.690000000 -9.687027459920e-03
20.700000000 -6.566667645392e-03
20.710000000 -3.026232255898e-03
20.720000000 5.038174406889e-04
20.730000000 3.586359175887e-03
20.740000000 5.879085763827e-03
20.750000000 7.200504357499e-03
20.760000000 7.554086760015e-03
20.770000000 7.113424762459e-03
20.780000000 6.183739201786e-03
20.790000000 5.153028404486e-03
20.800000000 4.430712539384e-03
20.810000000 4.363109509936e-03
20.820000000 5.152688066642e-03
20.830000000 6.795705217076e-03
20.840000000 9.078123495210e-03
20.850000000 1.163828660425e-02
20.860000000 1.405999883484e-02
20.870000000 1.598319520959e-02
20.880000000 1.718450163923e-02
20.890000000 1.761843971318e-02
20.900000000 1.741196075055e-02
20.910000000 1.681372996300e-02
20.920000000 1.611919107739e-02
20.930000000 1.558645509623e-02
20.940000000 1.536198489485e-02
20.950000000 1.544371635591e-02
20.960000000 1.567645537462e-02
20.970000000 1.579169069309e-02
20.980000000 1.548845811845e-02
20.990000000 1.451968393462e-02
21.000000000 1.275877549177e-02
21.010000000 1.021718771758e-02
21.020000000 7.023752674373e-03
21.030000000 3.393104632586e-03
21.040000000 -4.006337390711e-04
21.050000000 -4.051336450304e-03
21.060000000 -7.275361540954e-03
21.070000000 -9.873074894161e-03
21.080000000 -1.178746091668e-02
21.090000000 -1.311016928949e-02
21.100000000 -1.402134852795e-02
21.110000000 -1.468850482324e-02
21.120000000 -1.517013543635e-02
21.130000000 -1.539311575498e-02
21.140000000 -1.520493377021e-02
21.150000000 -1.447757658839e-02
21.160000000 -1.320135433018e-02
21.170000000 -1.151634781176e-02
21.180000000 -9.662126932498e-03
21.190000000 -7.880390071765e-03
21.200000000 -6.332468514679e-03
21.210000000 -5.075637987320e-03
21.220000000 -4.098495597135e-03
21.230000000 -3.377162642243e-03
21.240000000 -2.910826767855e-03
21.250000000 -2.727977355802e-03
21.260000000 -2.853327898617e-03
21.270000000 -3.263485238910e-03
21.280000000 -3.848019434323e-03
21.290000000 -4.399401421097e-03
21.300000000 -4.657723715580e-03
21.310000000 -4.396697414835e-03
21.320000000 -3.515308661574e-03
21.330000000 -2.093362763196e-03
21.340000000 -3.848810053949e-04
21.350000000 1.253930866477e-03
21.360000000 2.478851252985e-03
21.370000000 3.069136520718e-03
21.380000000 2.979583883693e-03
21.390000000 2.332521472326e-03
21.400000000 1.350393963100e-03
21.410000000 2.752974657662e-04
21.420000000 -7.005650435226e-04
21.430000000 -1.465734429613e-03
21.440000000 -1.987392117556e-03
21.450000000 -2.273849237476e-03
21.460000000 -2.338246960570e-03
21.470000000 -2.178467903047e-03
21.480000000 -1.777817963131e-03
21.490000000 -1.121349591689e-03
21.500000000 -2.190463376234e-04
21.510000000 8.697659442275e-04
21.520000000 2.027347297624e-03
21.530000000 3.086693637963e-03
21.540000000 3.857641901882e-03
21.550000000 4.161129906453e-03
21.560000000 3.856861917793e-03
21.570000000 2.858229832021e-03
21.580000000 1.145059675654e-03
21.590000000 -1.211819602194e-03
21.600000000 -4.031818554741e-03
21.610000000 -7.027943405699e-03
21.620000000 -9.858819574110e-03
21.630000000 -1.220968615730e-02
21.640000000 -1.386087636068e-02
21.650000000 -1.471390460140e-02
21.660000000 -1.477127263980e-02
21.670000000 -1.410235367583e-02
21.680000000 -1.283699052831e-02
21.690000000 -1.117106334505e-02
21.700000000 -9.377638839833e-03
21.710000000 -7.784882689378e-03
21.720000000 -6.714765888636e-03
21.730000000 -6.420603138578e-03
21.740000000 -7.012417135812e-03
21.750000000 -8.420591832079e-03
21.760000000 -1.039215288958e-02
21.770000000 -1.253917886262e-02
21.780000000 -1.444962466353e-02
21.790000000 -1.581331595309e-02
21.800000000 -1.652049236113e-02
21.810000000 -1.668448777060e-02
21.820000000 -1.658466981298e-02
21.830000000 -1.655328712170e-02
21.840000000 -1.685019027880e-02
21.850000000 -1.756967992274e-02
21.860000000 -1.861680278679e-02
21.870000000 -1.974243847160e-02
21.880000000 -2.061651625603e-02
21.890000000 -2.092661038962e-02
21.900000000 -2.045842143335e-02
21.910000000 -1.915698389738e-02
21.920000000 -1.713016087656e-02
21.930000000 -1.461218657216e-02
21.940000000 -1.188343340254e-02
21.950000000 -9.188312245231e-03
21.960000000 -6.690259498222e-03
21.970000000 -4.449758135468e-03
21.980000000 -2.437694684445e-03
21.990000000 -5.649301584179e-04
22.000000000 1.278040203072e-03
22.010000000 3.178362724464e-03
22.020000000 5.171109125364e-03
22.030000000 7.241626488312e-03
22.040000000 9.336972787534e-03
22.050000000 1.138257328180e-02
22.060000000 1.330001631579e-02
22.070000000 1.501433830057e-02
22.080000000 1.646785521889e-02
22.090000000 1.763060965751e-02
22.100000000 1.850736538711e-02
22.110000000 1.913464690481e-02
22.120000000 1.955913755883e-02
22.130000000 1.981201040436e-02
22.140000000 1.988481394252e-02
22.150000000 1.973690296876e-02
22.160000000 1.933765647095e-02
22.170000000 1.872477860409e-02
22.180000000 1.804498590397e-02
22.190000000 1.753902646325e-02
22.200000000 1.748858314098e-02
22.210000000 1.814309601314e-02
22.220000000 1.967159424432e-02
22.230000000 2.214796892637e-02
22.240000000 2.556201166823e-02
22.250000000 2.982114612295e-02
22.260000000 3.474057592321e-02
22.270000000 4.002688591599e-02
22.280000000 4.528300157621e-02
22.290000000 5.005403571140e-02
22.300000000 5.389807928598e-02
22.310000000 5.645918738450e-02
22.320000000 5.752249857571e-02
22.330000000 5.703661902488e-02
22.340000000 5.511849192940e-02
22.350000000 5.203560423629e-02
22.360000000 4.815976023013e-02
22.370000000 4.391125622096e-02
22.380000000 3.968906076105e-02
22.390000000 3.581695609910e-02
22.400000000 3.249386933432e-02
22.410000000 2.976127219238e-02
22.420000000 2.749547825490e-02
22.430000000 2.543922547523e-02
22.440000000 2.327219951299e-02
22.450000000 2.071147765499e-02
22.460000000 1.760969051318e-02
22.470000000 1.400850348186e-02
22.480000000 1.012329878500e-02
22.490000000 6.253409834531e-03
22.500000000 2.663589489467e-03
22.510000000 -5.077977490111e-04
22.520000000 -3.286920384860e-03
22.530000000 -5.830164319724e-03
22.540000000 -8.356214855244e-03
22.550000000 -1.103659465812e-02
22.560000000 -1.389623654285e-02
22.570000000 -1.675109144936e-02
22.580000000 -1.921244856069e-02
22.590000000 -2.076655503979e-02
22.600000000 -2.091207675425e-02
22.610000000 -1.932015912109e-02
22.620000000 -1.597251033512e-02
22.630000000 -1.121818929297e-02
22.640000000 -5.719439130687e-03
22.650000000 -3.200885189701e-04
22.660000000 4.124439574088e-03
22.670000000 6.908895516194e-03
22.680000000 7.598228542309e-03
22.690000000 6.108521714129e-03
22.700000000 2.714599980125e-03
22.710000000 -2.018320200208e-03
22.720000000 -7.361091524749e-03
22.730000000 -1.258764840214e-02
22.740000000 -1.711906791337e-02
22.750000000 -2.061488632136e-02
22.760000000 -2.297853110601e-02
22.770000000 -2.429273124160e-02
22.780000000 -2.473549357692e-02
22.790000000 -2.451342859649e-02
22.800000000 -2.382114630898e-02
22.810000000 -2.282789349417e-02
22.820000000 -2.166636631185e-02
22.830000000 -2.043188161081e-02
22.840000000 -1.919289944843e-02
22.850000000 -1.801558615725e-02
22.860000000 -1.699092574036e-02
22.870000000 -1.624576820984e-02
22.880000000 -1.593085167083e-02
22.890000000 -1.619376212579e-02
22.900000000 -1.715778210849e-02
22.910000000 -1.890660573985e-02
22.920000000 -2.146674257997e-02
22.930000000 -2.479243099621e-02
22.940000000 -2.874906790770e-02
22.950000000 -3.310488680720e-02
22.960000000 -3.753393680995e-02
22.970000000 -4.164740112671e-02
22.980000000 -4.506572197785e-02
22.990000000 -4.751479070203e-02
23.000000000 -4.891521747090e-02
23.010000000 -4.939614178407e-02
23.020000000 -4.922370316253e-02
23.030000000 -4.867126493593e-02
23.040000000 -4.789205233290e-02
23.050000000 -4.685626082907e-02
23.060000000 -4.537719936994e-02
23.070000000 -4.321533040328e-02
23.080000000 -4.020693257156e-02
23.090000000 -3.635369504157e-02
23.100000000 -3.184259683630e-02
23.110000000 -2.698759451188e-02
23.120000000 -2.214152012462e-02
23.130000000 -1.761347951069e-02
23.140000000 -1.363018808159e-02
23.150000000 -1.034752561814e-02
23.160000000 -7.881734594447e-03
23.170000000 -6.322605338929e-03
23.180000000 -5.708114752389e-03
23.190000000 -5.975492710303e-03
23.200000000 -6.920148763914e-03
23.210000000 -8.197438211203e-03
23.220000000 -9.378085538467e-03
23.230000000 -1.005095787960e-02
23.240000000 -9.940800467656e-03
23.250000000 -8.993691049772e-03
23.260000000 -7.389159902214e-03
23.270000000 -5.482529003504e-03
23.280000000 -3.700350195715e-03
23.290000000 -2.447216652626e-03
23.300000000 -2.033790171621e-03
23.310000000 -2.622272862740e-03
23.320000000 -4.194118364493e-03
23.330000000 -6.519129347879e-03
23.340000000 -9.165720533024e-03
23.350000000 -1.154976646032e-02
23.360000000 -1.304469794992e-02
23.370000000 -1.312033502591e-02
23.380000000 -1.147927184488e-02
23.390000000 -8.140333840405e-03
23.400000000 -3.442033559120e-03
23.410000000 2.035162321403e-03
23.420000000 7.609593265679e-03
23.430000000 1.267981242907e-02
23.440000000 1.687953063504e-02
23.450000000 2.015810876635e-02
23.460000000 2.274560941257e-02
23.470000000 2.502696557874e-02
23.480000000 2.737536755556e-02
23.490000000 3.001333962262e-02
23.500000000 3.295439066679e-02
23.510000000 3.602758563769e-02
23.520000000 3.896254369723e-02
23.530000000 4.148297052241e-02
23.540000000 4.337578204125e-02
23.550000000 4.452193755907e-02
23.560000000 4.489902458545e-02
23.570000000 4.457035230129e-02
23.580000000 4.367590697482e-02
23.590000000 4.241305272944e-02
23.600000000 4.100773489266e-02
23.610000000 3.966411589275e-02
23.620000000 3.851326354639e-02
23.630000000 3.759722668407e-02
23.640000000 3.689300250577e-02
23.650000000 3.638367022810e-02
23.660000000 3.611326454081e-02
23.670000000 3.620262394327e-02
23.680000000 3.680766975293e-02
23.690000000 3.805772705973e-02
23.700000000 3.999427595441e-02
23.710000000 4.253944707848e-02
23.720000000 4.549685903488e-02
23.730000000 4.855931453997e-02
23.740000000 5.134377851382e-02
23.750000000 5.342409948818e-02
23.760000000 5.439810517043e-02
23.770000000 5.395531774082e-02
23.780000000 5.194822167712e-02
23.790000000 4.843699569404e-02
23.800000000 4.369511808858e-02
23.810000000 3.818420850451e-02
23.820000000 3.248823088880e-02
23.830000000 2.722018296440e-02
23.840000000 2.291581535885e-02
23.850000000 1.992965071159e-02
23.860000000 1.836348099909e-02
23.870000000 1.805055702390e-02
23.880000000 1.859494846338e-02
23.890000000 1.945909496207e-02
23.900000000 2.007775641631e-02
23.910000000 1.997367457749e-02
23.920000000 1.886228440916e-02
23.930000000 1.670952064553e-02
23.940000000 1.372901426859e-02
23.950000000 1.030059683250e-02
23.960000000 6.839637003622e-03
23.970000000 3.662281996152e-03
23.980000000 9.029871413467e-04
23.990000000 -1.486356892592e-03
24.000000000 -3.669911204036e-03
24.010000000 -5.821709762986e-03
24.020000000 -8.037245962654e-03
24.030000000 -1.029551731476e-02
24.040000000 -1.247910468833e-02
24.050000000 -1.443041965142e-02
24.060000000 -1.602266673974e-02
24.070000000 -1.720155198592e-02
24.080000000 -1.800480329880e-02
24.090000000 -1.855279989799e-02
24.100000000 -1.903552342143e-02
24.110000000 -1.969025003181e-02
24.120000000 -2.077127298497e-02
24.130000000 -2.250027790231e-02
24.140000000 -2.499005499111e-02
24.150000000 -2.817664065244e-02
24.160000000 -3.177909956923e-02
24.170000000 -3.532848317530e-02
24.180000000 -3.827685315220e-02
24.190000000 -4.013682653792e-02
24.200000000 -4.062256446874e-02
24.210000000 -3.972335558341e-02
24.220000000 -3.770641849759e-02
24.230000000 -3.503900605233e-02
24.240000000 -3.225948313589e-02
24.250000000 -2.983091145992e-02
24.260000000 -2.803229811325e-02
24.270000000 -2.692027918958e-02
24.280000000 -2.635297699375e-02
24.290000000 -2.606242752688e-02
24.300000000 -2.574125285594e-02
24.310000000 -2.514490542486e-02
24.320000000 -2.417444429016e-02
24.330000000 -2.290688359559e-02
24.340000000 -2.155756250707e-02
24.350000000 -2.040344772269e-02
24.360000000 -1.970767271490e-02
24.370000000 -1.970048627495e-02
24.380000000 -2.057869680603e-02
24.390000000 -2.250747895287e-02
24.400000000 -2.558959458588e-02
24.410000000 -2.981642047280e-02
24.420000000 -3.501248132745e-02
24.430000000 -4.080375924270e-02
24.440000000 -4.662760525907e-02
24.450000000 -5.178379995882e-02
24.460000000 -5.554203683045e-02
24.470000000 -5.725718718764e-02
24.480000000 -5.649213245597e-02
24.490000000 -5.311640814464e-02
24.500000000 -4.735271644738e-02
24.510000000 -3.976061270713e-02
24.520000000 -3.114798136617e-02
24.530000000 -2.241428976425e-02
24.540000000 -1.438493117361e-02
24.550000000 -7.688913242407e-03
24.560000000 -2.699813694901e-03
24.570000000 4.562191697663e-04
24.580000000 1.856713461598e-03
24.590000000 1.721752206621e-03
24.600000000 3.596566322837e-04
24.610000000 -1.868031939256e-03
24.620000000 -4.572897098628e-03
24.630000000 -7.356428404551e-03
24.640000000 -9.840366007654e-03
24.650000000 -1.171112494977e-02
24.660000000 -1.277218837565e-02
24.670000000 -1.296802897833e-02
24.680000000 -1.237105483904e-02
24.690000000 -1.113030085289e-02
24.700000000 -9.411949857794e-03
24.710000000 -7.352599404037e-03
24.720000000 -5.036698480532e-03
24.730000000 -2.506219156707e-03
24.740000000 2.244559979130e-04
24.750000000 3.153606275171e-03
24.760000000 6.283214261539e-03
24.770000000 9.619540609772e-03
24.780000000 1.315319563212e-02
24.790000000 1.683050294099e-02
24.800000000 2.052896888559e-02
24.810000000 2.406805448841e-02
24.820000000 2.725959402969e-02
24.830000000 2.998083257935e-02
24.840000000 3.223625722500e-02
24.850000000 3.415911227602e-02
24.860000000 3.593359168690e-02
24.870000000 3.766088695088e-02
24.880000000 3.925164129680e-02
24.890000000 4.040292659280e-02
24.900000000 4.070384006048e-02
24.910000000 3.981909821922e-02
24.920000000 3.768715997822e-02
24.930000000 3.461276935818e-02
24.940000000 3.121658320175e-02
24.950000000 2.824354188278e-02
24.960000000 2.631559665869e-02
24.970000000 2.574073511860e-02
24.980000000 2.645970150151e-02
24.990000000 2.813775840254e-02
25.000000000 3.033815609412e-02
25.010000000 3.270401145710e-02
25.020000000 3.506583155147e-02
25.030000000 3.745494957172e-02
25.040000000 4.002626339445e-02
25.050000000 4.293719969234e-02
25.060000000 4.622308882913e-02
25.070000000 4.971638221822e-02
25.080000000 5.303463971630e-02
25.090000000 5.563339448495e-02
25.100000000 5.691221537815e-02
25.110000000 5.635739011059e-02
25.120000000 5.367541652868e-02
25.130000000 4.889300813030e-02
25.140000000 4.237709763755e-02
25.150000000 3.476770580779e-02
25.160000000 2.684423805474e-02
25.170000000 1.937841096652e-02
25.180000000 1.302079568727e-02
25.190000000 8.226960596789e-03
25.200000000 5.203300916670e-03
25.210000000 3.873693919411e-03
25.220000000 3.876133835873e-03
25.230000000 4.622084806771e-03
25.240000000 5.412914898734e-03
25.250000000 5.581895316190e-03
25.260000000 4.613266591959e-03
25.270000000 2.222207910982e-03
25.280000000 -1.593802344468e-03
25.290000000 -6.530950037097e-03
25.300000000 -1.200052276000e-02
25.310000000 -1.723071459170e-02
25.320000000 -2.145369252144e-02
25.330000000 -2.410557773033e-02
25.340000000 -2.498040197553e-02
25.350000000 -2.428233301044e-02
25.360000000 -2.258861693300e-02
25.370000000 -2.073341252356e-02
25.380000000 -1.964605566167e-02
25.390000000 -2.015101601086e-02
25.400000000 -2.276765209717e-02
25.410000000 -2.757079807489e-02
25.420000000 -3.416297666335e-02
25.430000000 -4.178567235172e-02
25.440000000 -4.952657310635e-02
25.450000000 -5.654617607314e-02
25.460000000 -6.226039391145e-02
25.470000000 -6.639786516902e-02
25.480000000 -6.896877001436e-02
25.490000000 -7.016608870011e-02
25.500000000 -7.027385654792e-02
25.510000000 -6.960419509026e-02
25.520000000 -6.845240996394e-02
25.530000000 -6.705144956029e-02
25.540000000 -6.552321769356e-02
25.550000000 -6.385028849772e-02
25.560000000 -6.189808546141e-02
25.570000000 -5.947056599061e-02
25.580000000 -5.639734565453e-02
25.590000000 -5.260687396154e-02
25.600000000 -4.818342327117e-02
25.610000000 -4.337758964706e-02
25.620000000 -3.857934646144e-02
25.630000000 -3.424949683376e-02
25.640000000 -3.083910446428e-02
25.650000000 -2.869113112168e-02
25.660000000 -2.795401109731e-02
25.670000000 -2.851216780753e-02
25.680000000 -2.996317013958e-02
25.690000000 -3.167634482413e-02
25.700000000 -3.293201552058e-02
25.710000000 -3.311499152913e-02
25.720000000 -3.189350814907e-02
25.730000000 -2.930615049707e-02
25.740000000 -2.571816869781e-02
25.750000000 -2.167856490305e-02
25.760000000 -1.774061618328e-02
25.770000000 -1.432352152162e-02
25.780000000 -1.163533889135e-02
25.790000000 -9.672276775963e-03
25.800000000 -8.251584969499e-03
25.810000000 -7.077733457048e-03
25.820000000 -5.817378466980e-03
25.830000000 -4.161483773127e-03
25.840000000 -1.859655601993e-03
25.850000000 1.256204961267e-03
25.860000000 5.255440553153e-03
25.870000000 1.007651836435e-02
25.880000000 1.551266583023e-02
25.890000000 2.121685988031e-02
25.900000000 2.674076913191e-02
25.910000000 3.161073658220e-02
25.920000000 3.540969399722e-02
25.930000000 3.786502514354e-02
25.940000000 3.888594462695e-02
25.950000000 3.856640107279e-02
25.960000000 3.713576541712e-02
25.970000000 3.490310539961e-02
25.980000000 3.220515494599e-02
25.990000000 2.937860466957e-02
26.000000000 2.675100360527e-02
26.010000000 2.464488778533e-02
26.020000000 2.338389258656e-02
26.030000000 2.327146262768e-02
26.040000000 2.454607206298e-02
26.050000000 2.730761887098e-02
26.060000000 3.144531309639e-02
26.070000000 3.660204506624e-02
26.080000000 4.219977009381e-02
26.090000000 4.753745002627e-02
26.100000000 5.192370677218e-02
26.110000000 5.481379052111e-02
26.120000000 5.592387986735e-02
26.130000000 5.529397877881e-02
26.140000000 5.328277322105e-02
26.150000000 5.048401378861e-02
26.160000000 4.756911500862e-02
26.170000000 4.510046780851e-02
26.180000000 4.338665555520e-02
26.190000000 4.242447867004e-02
26.200000000 4.195073353086e-02
26.210000000 4.157713885744e-02
26.220000000 4.095662168563e-02
26.230000000 3.992120111560e-02
26.240000000 3.855337163496e-02
26.250000000 3.716445168684e-02
26.260000000 3.619636089717e-02
26.270000000 3.606614540093e-02
26.280000000 3.701537923269e-02
26.290000000 3.902961720128e-02
26.300000000 4.184183330427e-02
26.310000000 4.502202854485e-02
26.320000000 4.810511289471e-02
26.330000000 5.070897204564e-02
26.340000000 5.261319505356e-02
26.350000000 5.377735178284e-02
26.360000000 5.430790358996e-02
26.370000000 5.439570151417e-02
26.380000000 5.424631093358e-02
26.390000000 5.401241013761e-02
26.400000000 5.374631846386e-02
26.410000000 5.339445595564e-02
26.420000000 5.282903941203e-02
26.430000000 5.191302896067e-02
26.440000000 5.056783050287e-02
26.450000000 4.881312306094e-02
26.460000000 4.676840713874e-02
26.470000000 4.461749537461e-02
26.480000000 4.254812466513e-02
26.490000000 4.067560935988e-02
26.500000000 3.897471485524e-02
26.510000000 3.724500955804e-02
26.520000000 3.514818778969e-02
26.530000000 3.231145461186e-02
26.540000000 2.846361930639e-02
26.550000000 2.353524342583e-02
26.560000000 1.768643584899e-02
26.570000000 1.126480450088e-02
26.580000000 4.715718241313e-03
26.590000000 -1.517361286050e-03
26.600000000 -7.102689183638e-03
26.610000000 -1.187797217652e-02
26.620000000 -1.584257050422e-02
26.630000000 -1.908207692644e-02
26.640000000 -2.166958958762e-02
26.650000000 -2.361684572522e-02
26.660000000 -2.488632683647e-02
26.670000000 -2.546361622277e-02
26.680000000 -2.543637517304e-02
26.690000000 -2.502834745547e-02
26.700000000 -2.457777773167e-02
26.710000000 -2.446239771711e-02
26.720000000 -2.499345706381e-02
26.730000000 -2.632635369329e-02
26.740000000 -2.840904926223e-02
26.750000000 -3.099367631248e-02
26.760000000 -3.370758324591e-02
26.770000000 -3.615777886849e-02
26.780000000 -3.803762656596e-02
26.790000000 -3.919668613041e-02
26.800000000 -3.966437772096e-02
26.810000000 -3.961808534607e-02
26.820000000 -3.931914931340e-02
26.830000000 -3.902070434288e-02
26.840000000 -3.889878987204e-02
26.850000000 -3.900908726273e-02
26.860000000 -3.929189387164e-02
26.870000000 -3.960854905277e-02
26.880000000 -3.979061356010e-02
26.890000000 -3.968242046954e-02
26.900000000 -3.915958573188e-02
26.910000000 -3.813698784404e-02
26.920000000 -3.658481950115e-02
26.930000000 -3.454727903823e-02
26.940000000 -3.215792827142e-02
26.950000000 -2.960877920225e-02
26.960000000 -2.709615234180e-02
26.970000000 -2.475942265729e-02
26.980000000 -2.264489405894e-02
26.990000000 -2.071320255828e-02
27.000000000 -1.887271083946e-02
27.010000000 -1.703347737549e-02
27.020000000 -1.515603002808e-02
27.030000000 -1.328421151024e-02
27.040000000 -1.154434652434e-02
27.050000000 -1.011662042371e-02
27.060000000 -9.184535387442e-03
27.070000000 -8.879002629392e-03
27.080000000 -9.234419517062e-03
27.090000000 -1.016175315846e-02
27.100000000 -1.144424745974e-02
27.110000000 -1.275275982068e-02
27.120000000 -1.369695853461e-02
27.130000000 -1.389759143883e-02
27.140000000 -1.307786374193e-02
27.150000000 -1.114795279446e-02
27.160000000 -8.237640323224e-03
27.170000000 -4.676121494477e-03
27.180000000 -9.087627444536e-04
27.190000000 2.609949817003e-03
27.200000000 5.504365303167e-03
27.210000000 7.522137785939e-03
27.220000000 8.540732521515e-03
27.230000000 8.558356028549e-03
27.240000000 7.687681348386e-03
27.250000000 6.148399916830e-03
27.260000000 4.247215071350e-03
27.270000000 2.334934805661e-03
27.280000000 7.522301330512e-04
27.290000000 -2.376740214290e-04
27.300000000 -5.203595575523e-04
27.310000000 -1.823122172910e-04
27.320000000 4.857029687584e-04
27.330000000 1.044771404089e-03
27.340000000 1.023380364429e-03
27.350000000 4.743992223521e-05
27.360000000 -2.059479189993e-03
27.370000000 -5.230500835657e-03
27.380000000 -9.190850811550e-03
27.390000000 -1.354062799874e-02
27.400000000 -1.786827652890e-02
27.410000000 -2.183717266622e-02
27.420000000 -2.522497681559e-02
27.430000000 -2.792703386539e-02
27.440000000 -2.993355394144e-02
27.450000000 -3.131534375260e-02
27.460000000 -3.221925531412e-02
27.470000000 -3.286260531036e-02
27.480000000 -3.349636825831e-02
27.490000000 -3.433494875821e-02
27.500000000 -3.547483375207e-02
27.510000000 -3.684037496361e-02
27.520000000 -3.819257002660e-02
27.530000000 -3.920424307781e-02
27.540000000 -3.954992955710e-02
27.550000000 -3.898838756325e-02
27.560000000 -3.738826223656e-02
27.570000000 -3.471058813496e-02
27.580000000 -3.098194495350e-02
27.590000000 -2.629350517783e-02
27.600000000 -2.083268114146e-02
27.610000000 -1.491004244934e-02
27.620000000 -8.962291375833e-03
27.630000000 -3.496025314384e-03
27.640000000 9.966989563147e-04
27.650000000 4.127850562177e-03
27.660000000 5.688532533881e-03
27.670000000 5.695818461786e-03
27.680000000 4.402724203474e-03
27.690000000 2.261043458993e-03
27.700000000 -1.646927289687e-04
27.710000000 -2.319530052172e-03
27.720000000 -3.792357632761e-03
27.730000000 -4.388103485482e-03
27.740000000 -4.137353898073e-03
27.750000000 -3.222380618462e-03
27.760000000 -1.869002085358e-03
27.770000000 -2.672935622765e-04
27.780000000 1.454781329537e-03
27.790000000 3.192866843668e-03
27.800000000 4.821318240986e-03
27.810000000 6.166467214011e-03
27.820000000 7.043014650205e-03
27.830000000 7.330265964866e-03
27.840000000 7.038988739608e-03
27.850000000 6.315305586163e-03
27.860000000 5.382711857751e-03
27.870000000 4.453714642607e-03
27.880000000 3.678724742501e-03
27.890000000 3.145682551400e-03
27.900000000 2.912879791837e-03
27.910000000 3.029273026720e-03
27.920000000 3.525581752909e-03
27.930000000 4.363118289322e-03
27.940000000 5.403464329918e-03
27.950000000 6.405915105704e-03
27.960000000 7.079150366133e-03
27.970000000 7.159878150209e-03
27.980000000 6.484733092263e-03
27.990000000 5.042519932415e-03
28.000000000 2.983067253097e-03
28.010000000 6.162567093051e-04
28.020000000 -1.632329928056e-03
28.030000000 -3.295348504035e-03
28.040000000 -3.967022718131e-03
28.050000000 -3.408631931162e-03
28.060000000 -1.618051843640e-03
28.070000000 1.158922893142e-03
28.080000000 4.491163903517e-03
28.090000000 7.859067476119e-03
28.100000000 1.077599065118e-02
28.110000000 1.288457362434e-02
28.120000000 1.402551113426e-02
28.130000000 1.424577108061e-02
28.140000000 1.375622690851e-02
28.150000000 1.285851986664e-02
28.160000000 1.186583030507e-02
28.170000000 1.105320542575e-02
28.180000000 1.063124265158e-02
28.190000000 1.072655859013e-02
28.200000000 1.137447798750e-02
28.210000000 1.251224135592e-02
28.220000000 1.398948475158e-02
28.230000000 1.558892994291e-02
28.240000000 1.705194420848e-02
28.250000000 1.812000457111e-02
28.260000000 1.858478608593e-02
28.270000000 1.833957537260e-02
28.280000000 1.740997521527e-02
28.290000000 1.595001650733e-02
28.300000000 1.419797748833e-02
28.310000000 1.241207833151e-02
28.320000000 1.081903753581e-02
28.330000000 9.575945163908e-03
28.340000000 8.764264225778e-03
28.350000000 8.405419228915e-03
28.360000000 8.481290386292e-03
28.370000000 8.952454168074e-03
28.380000000 9.761163531994e-03
28.390000000 1.081416804055e-02
28.400000000 1.196334659500e-02
28.410000000 1.300429293807e-02
28.420000000 1.370609173369e-02
28.430000000 1.386746284406e-02
28.440000000 1.338214439003e-02
28.450000000 1.227053957073e-02
28.460000000 1.067871678184e-02
28.470000000 8.834525321888e-03
28.480000000 6.996473512917e-03
28.490000000 5.408974022056e-03
28.500000000 4.277529328767e-03
28.510000000 3.765684685144e-03
28.520000000 3.986073623412e-03
28.530000000 4.990774879700e-03
28.540000000 6.754629598523e-03
28.550000000 9.167544255432e-03
28.560000000 1.204591519316e-02
28.570000000 1.514939538575e-02
28.580000000 1.820948787826e-02
28.590000000 2.095333584101e-02
28.600000000 2.313182632860e-02
28.610000000 2.455689951003e-02
28.620000000 2.513429093396e-02
28.630000000 2.488910718030e-02
28.640000000 2.397037372906e-02
28.650000000 2.263429831744e-02
28.660000000 2.119707087924e-02
28.670000000 1.997008238188e-02
28.680000000 1.918639780221e-02
28.690000000 1.894027414149e-02
28.700000000 1.916099052276e-02
28.710000000 1.963942350819e-02
28.720000000 2.010335146654e-02
28.730000000 2.030827139445e-02
28.740000000 2.011701101319e-02
28.750000000 1.952500610666e-02
28.760000000 1.864988922907e-02
28.770000000 1.768291702598e-02
28.780000000 1.683294488076e-02
28.790000000 1.628349253022e-02
28.800000000 1.616394841699e-02
28.810000000 1.653169333102e-02
28.820000000 1.735619153058e-02
28.830000000 1.850945822023e-02
28.840000000 1.976710817090e-02
28.850000000 2.083929066874e-02
28.860000000 2.142677752742e-02
28.870000000 2.128792327343e-02
28.880000000 2.029258897936e-02
28.890000000 1.844784954733e-02
28.900000000 1.588397046681e-02
28.910000000 1.280583173647e-02
28.920000000 9.424605594382e-03
28.930000000 5.895762653991e-03
28.940000000 2.294322161072e-03
28.950000000 -1.367386848327e-03
28.960000000 -5.090299557323e-03
28.970000000 -8.842796956209e-03
28.980000000 -1.254890517315e-02
28.990000000 -1.611014923732e-02
29.000000000 -1.945666963211e-02
29.010000000 -2.259252021274e-02
29.020000000 -2.560843231498e-02
29.030000000 -2.863638520534e-02
29.040000000 -3.176672796991e-02
29.050000000 -3.496974125624e-02
29.060000000 -3.807118348753e-02
29.070000000 -4.079528069669e-02
29.080000000 -4.286000355210e-02
29.090000000 -4.407535621076e-02
29.100000000 -4.440865849939e-02
29.110000000 -4.399536524350e-02
29.120000000 -4.307805085001e-02
29.130000000 -4.191316259062e-02
29.140000000 -4.067881777324e-02
29.150000000 -3.943227840582e-02
29.160000000 -3.811968398538e-02
29.170000000 -3.663256581242e-02
29.180000000 -3.486115003615e-02
29.190000000 -3.272594247154e-02
29.200000000 -3.017939135242e-02
29.210000000 -2.720894213637e-02
29.220000000 -2.385772856872e-02
29.230000000 -2.025584838337e-02
29.240000000 -1.663725726009e-02
29.250000000 -1.330828644314e-02
29.260000000 -1.056647760342e-02
29.270000000 -8.617725431218e-03
29.280000000 -7.528064271153e-03
29.290000000 -7.224997324670e-03
29.300000000 -7.551678404775e-03
29.310000000 -8.328281169258e-03
29.320000000 -9.401225951779e-03
29.330000000 -1.066269329315e-02
29.340000000 -1.203634804438e-02
29.350000000 -1.345774527088e-02
29.360000000 -1.485056297199e-02
29.370000000 -1.612796459513e-02
29.380000000 -1.720935744929e-02
29.390000000 -1.804115060760e-02
29.400000000 -1.860675134248e-02
29.410000000 -1.892026299320e-02
29.420000000 -1.901820430768e-02
29.430000000 -1.895140890688e-02
29.440000000 -1.878643176793e-02
29.450000000 -1.859966002061e-02
29.460000000 -1.847179915382e-02
29.470000000 -1.846886865852e-02
29.480000000 -1.862185610853e-02
29.490000000 -1.890470490601e-02
29.500000000 -1.922622026195e-02
29.510000000 -1.944859047235e-02
29.520000000 -1.943528598171e-02
29.530000000 -1.910752190393e-02
29.540000000 -1.848779692219e-02
29.550000000 -1.769902929788e-02
29.560000000 -1.692938905681e-02
29.570000000 -1.636709224738e-02
29.580000000 -1.614551330570e-02
29.590000000 -1.632256676555e-02
29.600000000 -1.689336000809e-02
29.610000000 -1.782106137208e-02
29.620000000 -1.904912791702e-02
29.630000000 -2.049846873997e-02
29.640000000 -2.204551461942e-02
29.650000000 -2.352466418604e-02
29.660000000 -2.475620747821e-02
29.670000000 -2.559546643314e-02
29.680000000 -2.596503897872e-02
29.690000000 -2.585345366352e-02
29.700000000 -2.528875760529e-02
29.710000000 -2.430241208574e-02
29.720000000 -2.291831787617e-02
29.730000000 -2.116263422791e-02
29.740000000 -1.909634405031e-02
29.750000000 -1.683156169240e-02
29.760000000 -1.452803810847e-02
29.770000000 -1.235636568681e-02
29.780000000 -1.043338208567e-02
29.790000000 -8.770512242332e-03
29.800000000 -7.251912552295e-03
29.810000000 -5.660777025913e-03
29.820000000 -3.746938094343e-03
29.830000000 -1.311865949460e-03
29.840000000 1.719679498934e-03
29.850000000 5.272451162315e-03
29.860000000 9.145026648858e-03
29.870000000 1.307486070167e-02
29.880000000 1.681328189166e-02
29.890000000 2.018072018049e-02
29.900000000 2.309247245357e-02
29.910000000 2.554760251498e-02
29.920000000 2.757789455101e-02
29.930000000 2.918714730073e-02
29.940000000 3.030786593327e-02
29.950000000 3.079322175279e-02
29.960000000 3.046502207224e-02
29.970000000 2.919184665363e-02
29.980000000 2.696443332893e-02
29.990000000 2.394619343878e-02
30.000000000 2.047073600786e-02
30.010000000 1.698247789913e-02
30.020000000 1.396424938775e-02
30.030000000 1.184628977456e-02
30.040000000 1.094757890328e-02
30.050000000 1.141962443678e-02
30.060000000 1.321795620294e-02
30.070000000 1.610124019105e-02
30.080000000 1.966537841580e-02
30.090000000 2.342130967785e-02
30.100000000 2.688970418442e-02
30.110000000 2.968681337620e-02
30.120000000 3.157409050902e-02
30.130000000 3.247210437673e-02
30.140000000 3.243193058888e-02
30.150000000 3.159287394223e-02
30.160000000 3.013810092207e-02
30.170000000 2.826323416170e-02
30.180000000 2.615551844225e-02
30.190000000 2.397999283961e-02
30.200000000 2.186877420548e-02
30.210000000 1.990333459006e-02
30.220000000 1.810409639998e-02
30.230000000 1.643469424244e-02
30.240000000 1.482703727790e-02
30.250000000 1.321823967453e-02
30.260000000 1.157847967253e-02
30.270000000 9.923622951033e-03
30.280000000 8.292729627427e-03
30.290000000 6.716258982209e-03
30.300000000 5.181068460806e-03
30.310000000 3.616089419853e-03
30.320000000 1.919023847793e-03
30.330000000 2.865177126521e-06
30.340000000 -2.159371464151e-03
30.350000000 -4.514122081404e-03
30.360000000 -6.945141155531e-03
30.370000000 -9.307637870651e-03
30.380000000 -1.145526068454e-02
30.390000000 -1.326912837926e-02
30.400000000 -1.467339011623e-02
30.410000000 -1.564488905976e-02
30.420000000 -1.621906030565e-02
30.430000000 -1.647955410714e-02
30.440000000 -1.654091638346e-02
30.450000000 -1.652146030329e-02
30.460000000 -1.651339797956e-02
30.470000000 -1.655987728133e-02
30.480000000 -1.664345217171e-02
30.490000000 -1.669548815349e-02
30.500000000 -1.662257279522e-02
30.510000000 -1.634321410883e-02
30.520000000 -1.581952090072e-02
30.530000000 -1.507218215815e-02
30.540000000 -1.417136373413e-02
30.550000000 -1.320426723460e-02
30.560000000 -1.223721771048e-02
30.570000000 -1.129292555894e-02
30.580000000 -1.035522080186e-02
30.590000000 -9.391787085676e-03
30.600000000 -8.393987367334e-03
30.610000000 -7.399219763986e-03
30.620000000 -6.481882746579e-03
30.630000000 -5.724501525253e-03
30.640000000 -5.174144330842e-03
30.650000000 -4.807049439423e-03
30.660000000 -4.531979258714e-03
30.670000000 -4.212984622556e-03
30.680000000 -3.719567385498e-03
30.690000000 -2.961282497057e-03
30.700000000 -1.893335709880e-03
30.710000000 -4.959995723359e-04
30.720000000 1.262776032228e-03
30.730000000 3.429067556777e-03
30.740000000 6.035220142932e-03
30.750000000 9.051467493595e-03
30.760000000 1.234249240601e-02
30.770000000 1.566380523572e-02
30.780000000 1.870569123682e-02
30.790000000 2.116485668560e-02
30.800000000 2.281818768719e-02
30.810000000 2.356564760992e-02
30.820000000 2.343197122294e-02
30.830000000 2.254281889831e-02
30.840000000 2.108046439248e-02
30.850000000 1.925255001459e-02
30.860000000 1.727051633416e-02
30.870000000 1.533796782802e-02
30.880000000 1.364784255856e-02
30.890000000 1.236161129319e-02
30.900000000 1.158325044933e-02
30.910000000 1.133332268922e-02
30.920000000 1.154629643187e-02
30.930000000 1.209239932957e-02
30.940000000 1.282108066672e-02
30.950000000 1.359334986056e-02
30.960000000 1.430722544913e-02
30.970000000 1.490886028780e-02
30.980000000 1.539427771185e-02
30.990000000 1.580520532161e-02
31.000000000 1.621785602128e-02
31.010000000 1.673239825782e-02
31.020000000 1.745877468637e-02
31.030000000 1.849406576543e-02
31.040000000 1.989413265955e-02
31.050000000 2.164029801805e-02
31.060000000 2.361746700385e-02
31.070000000 2.561513004914e-02
31.080000000 2.736973303383e-02
31.090000000 2.862573832542e-02
31.100000000 2.920170561707e-02
31.110000000 2.903295301339e-02
31.120000000 2.817606437877e-02
31.130000000 2.677946609876e-02
31.140000000 2.501995390772e-02
31.150000000 2.304484378555e-02
31.160000000 2.094535835098e-02
31.170000000 1.877446224410e-02
31.180000000 1.659720956160e-02
31.190000000 1.452782497060e-02
31.200000000 1.273303607047e-02
31.210000000 1.138591136601e-02
31.220000000 1.060514557792e-02
31.230000000 1.039526732736e-02
31.240000000 1.063064476217e-02
31.250000000 1.108192131820e-02
31.260000000 1.148342009405e-02
31.270000000 1.160730012579e-02
31.280000000 1.130074501133e-02
31.290000000 1.049323030962e-02
31.300000000 9.176023647025e-03
31.310000000 7.379408877523e-03
31.320000000 5.165581842607e-03
31.330000000 2.634193287410e-03
31.340000000 -6.753259592037e-05
31.350000000 -2.739337990916e-03
31.360000000 -5.155099503944e-03
31.370000000 -7.101540430438e-03
31.380000000 -8.420951192576e-03
31.390000000 -9.038252003150e-03
31.400000000 -8.968089775273e-03
31.410000000 -8.317529192075e-03
31.420000000 -7.287692121617e-03
31.430000000 -6.175279675183e-03
31.440000000 -5.343249632504e-03
31.450000000 -5.160116754394e-03
31.460000000 -5.909413141030e-03
31.470000000 -7.704572911446e-03
31.480000000 -1.043887706509e-02
31.490000000 -1.379630096088e-02
31.500000000 -1.732511628881e-02
31.510000000 -2.054765967483e-02
31.520000000 -2.307019587923e-02
31.530000000 -2.466425814471e-02
31.540000000 -2.529888413634e-02
31.550000000 -2.513083066245e-02
31.560000000 -2.444953397255e-02
31.570000000 -2.360044542955e-02
31.580000000 -2.288934501935e-02
31.590000000 -2.251524327332e-02
31.600000000 -2.254012766106e-02
31.610000000 -2.291508704093e-02
31.620000000 -2.353292129274e-02
31.630000000 -2.427980517184e-02
31.640000000 -2.506257444562e-02
31.650000000 -2.581879094403e-02
31.660000000 -2.649543623331e-02
31.670000000 -2.703542066271e-02
31.680000000 -2.737342749322e-02
31.690000000 -2.744664346628e-02
31.700000000 -2.722533231456e-02
31.710000000 -2.672849530698e-02
31.720000000 -2.602174050078e-02
31.730000000 -2.520209493861e-02
31.740000000 -2.437381706436e-02
31.750000000 -2.364568795920e-02
31.760000000 -2.312438042876e-02
31.770000000 -2.291263779286e-02
31.780000000 -2.308618379384e-02
31.790000000 -2.367079811178e-02
31.800000000 -2.462059248449e-02
31.810000000 -2.581453024948e-02
31.820000000 -2.707609660669e-02
31.830000000 -2.820652786618e-02
31.840000000 -2.901288505647e-02
31.850000000 -2.932777125381e-02
31.860000000 -2.902578061790e-02
31.870000000 -2.803892008596e-02
31.880000000 -2.637383603432e-02
31.890000000 -2.413509558195e-02
31.900000000 -2.151589803471e-02
31.910000000 -1.877350665332e-02
31.920000000 -1.616963145772e-02
31.930000000 -1.390824909503e-02
31.940000000 -1.208223074004e-02
31.950000000 -1.065051518076e-02
31.960000000 -9.460985110359e-03
31.970000000 -8.307875995863e-03
31.980000000 -7.009382718507e-03
31.990000000 -5.476033474443e-03
32.000000000 -3.739842366247e-03
32.010000000 -1.940280230989e-03
32.020000000 -2.649413035815e-04
32.030000000 1.126654723854e-03
32.040000000 2.171837384189e-03
32.050000000 2.930933927519e-03
32.060000000 3.558928332806e-03
32.070000000 4.236471478346e-03
32.080000000 5.092703560660e-03
32.090000000 6.156115723780e-03
32.100000000 7.355196755900e-03
32.110000000 8.545850090286e-03
32.120000000 9.559630233043e-03
32.130000000 1.024760574600e-02
32.140000000 1.052076097936e-02
32.150000000 1.037223543764e-02
32.160000000 9.883855888005e-03
32.170000000 9.207836153150e-03
32.180000000 8.524275412394e-03
32.190000000 8.003534964322e-03
32.200000000 7.766065243185e-03
32.210000000 7.875743006294e-03
32.220000000 8.342576974414e-03
32.230000000 9.134109804678e-03
32.240000000 1.018751660920e-02
32.250000000 1.140644576009e-02
32.260000000 1.267444811317e-02
32.270000000 1.386475952352e-02
32.280000000 1.486347947516e-02
32.290000000 1.558656528807e-02
32.300000000 1.599106367451e-02
32.310000000 1.606990524316e-02
32.320000000 1.585243297374e-02
32.330000000 1.538759717077e-02
32.340000000 1.472927462485e-02
32.350000000 1.391775779964e-02
32.360000000 1.297844518296e-02
32.370000000 1.192394290881e-02
32.380000000 1.076545820029e-02
32.390000000 9.525369090652e-03
32.400000000 8.250071620829e-03
32.410000000 7.017622724877e-03
32.420000000 5.940110388985e-03
32.430000000 5.138990187597e-03
32.440000000 4.713174642589e-03
32.450000000 4.694892219088e-03
32.460000000 5.030629932246e-03
32.470000000 5.588568168040e-03
32.480000000 6.182127468049e-03
32.490000000 6.615525389823e-03
32.500000000 6.721920774157e-03
32.510000000 6.402053591340e-03
32.520000000 5.645754481680e-03
32.530000000 4.524522514613e-03
32.540000000 3.179733683285e-03
32.550000000 1.788598469909e-03
32.560000000 5.245394042819e-04
32.570000000 -4.729407222179e-04
32.580000000 -1.120127158435e-03
32.590000000 -1.393633029231e-03
32.600000000 -1.317813250955e-03
32.610000000 -9.456471756524e-04
32.620000000 -3.363793933857e-04
32.630000000 4.494213520772e-04
32.640000000 1.356413504259e-03
32.650000000 2.322073685385e-03
32.660000000 3.276683912229e-03
32.670000000 4.146736947732e-03
32.680000000 4.864988717800e-03
32.690000000 5.387444812173e-03
32.700000000 5.709481106169e-03
32.710000000 5.864791991425e-03
32.720000000 5.917064847108e-03
32.730000000 5.938015813570e-03
32.740000000 5.990907006612e-03
32.750000000 6.115778906519e-03
32.760000000 6.316730588484e-03
32.770000000 6.557658239348e-03
32.780000000 6.769941006178e-03
32.790000000 6.866698616533e-03
32.800000000 6.771591377100e-03
32.810000000 6.451322486428e-03
32.820000000 5.935852779446e-03
32.830000000 5.320425833001e-03
32.840000000 4.737475590566e-03
32.850000000 4.306677770027e-03
32.860000000 4.083672984906e-03
32.870000000 4.037399807625e-03
32.880000000 4.059384970897e-03
32.890000000 4.008581695011e-03
32.900000000 3.761702875965e-03
32.910000000 3.255006347644e-03
32.920000000 2.494555971710e-03
32.930000000 1.551180795613e-03
32.940000000 5.350780668255e-04
32.950000000 -4.306519248652e-04
32.960000000 -1.232909112071e-03
32.970000000 -1.793725675303e-03
32.980000000 -2.084932267765e-03
32.990000000 -2.135692426422e-03
33.000000000 -2.022007781707e-03
33.010000000 -1.835208815777e-03
33.020000000 -1.646095493285e-03
33.030000000 -1.474553518925e-03
33.040000000 -1.291174083423e-03
33.050000000 -1.037865562176e-03
33.060000000 -6.601791336209e-04
33.070000000 -1.343726371369e-04
33.080000000 5.228235209820e-04
33.090000000 1.263035498413e-03
33.100000000 2.033906781935e-03
33.110000000 2.805150530167e-03
33.120000000 3.593743367615e-03
33.130000000 4.464319334336e-03
33.140000000 5.503815859277e-03
33.150000000 6.780499491181e-03
33.160000000 8.300092973222e-03
33.170000000 9.979762214853e-03
33.180000000 1.165460877779e-02
33.190000000 1.311175956328e-02
33.200000000 1.414254205079e-02
33.210000000 1.459227486089e-02
33.220000000 1.440585251961e-02
33.230000000 1.364469405009e-02
33.240000000 1.247703602252e-02
33.250000000 1.114003032898e-02
33.260000000 9.874970754616e-03
33.270000000 8.864300773075e-03
33.280000000 8.186409916946e-03
33.290000000 7.811072418043e-03
33.300000000 7.637158731392e-03
33.310000000 7.548192040760e-03
33.320000000 7.460441750135e-03
33.330000000 7.339386428918e-03
33.340000000 7.174281375716e-03
33.350000000 6.950175680416e-03
33.360000000 6.636608040480e-03
33.370000000 6.197776317925e-03
33.380000000 5.607858002852e-03
33.390000000 4.868169935303e-03
33.400000000 4.012351057536e-03
33.410000000 3.105453021445e-03
33.420000000 2.229698837069e-03
33.430000000 1.466743268128e-03
33.440000000 8.582965959895e-04
33.450000000 3.761814888658e-04
33.460000000 -8.989635573805e-05
33.470000000 -7.063709426925e-04
33.480000000 -1.635766912969e-03
33.490000000 -2.960895459484e-03
33.500000000 -4.637925321206e-03
33.510000000 -6.499195167703e-03
33.520000000 -8.298884099870e-03
33.530000000 -9.791608502634e-03
33.540000000 -1.079701273299e-02
33.550000000 -1.123568935338e-02
33.560000000 -1.112853184143e-02
33.570000000 -1.057026709894e-02
33.580000000 -9.694082838241e-03
33.590000000 -8.639149362533e-03
33.600000000 -7.531591648514e-03
33.610000000 -6.469098518586e-03
33.620000000 -5.509112952750e-03
33.630000000 -4.673441369498e-03
33.640000000 -3.955967016527e-03
33.650000000 -3.338141525146e-03
33.660000000 -2.794187220067e-03
33.670000000 -2.283455064704e-03
33.680000000 -1.734704227734e-03
33.690000000 -1.038526798012e-03
33.700000000 -7.240151623943e-05
33.710000000 1.260293290328e-03
33.720000000 2.982557179140e-03
33.730000000 5.019448413822e-03
33.740000000 7.200387440295e-03
33.750000000 9.296353335046e-03
33.760000000 1.106493958417e-02
33.770000000 1.231004184987e-02
33.780000000 1.291574430457e-02
33.790000000 1.286495106541e-02
33.800000000 1.222839319622e-02
33.810000000 1.114076783857e-02
33.820000000 9.767047425437e-03
33.830000000 8.281545662063e-03
33.840000000 6.838515010922e-03
33.850000000 5.548327270446e-03
33.860000000 4.467445996046e-03
33.870000000 3.597036547927e-03
33.880000000 2.905784918524e-03
33.890000000 2.351234649221e-03
33.900000000 1.892898752410e-03
33.910000000 1.493380345010e-03
33.920000000 1.115282465910e-03
33.930000000 7.183651283987e-04
33.940000000 2.697085214267e-04
33.950000000 -2.383067811035e-04
33.960000000 -7.682598547579e-04
33.970000000 -1.249790986304e-03
33.980000000 -1.614557901740e-03
33.990000000 -1.833768499654e-03
34.000000000 -1.936620291358e-03
34.010000000 -1.988285259415e-03
34.020000000 -2.059302161994e-03
34.030000000 -2.194766333234e-03
34.040000000 -2.406821596450e-03
34.050000000 -2.685592089858e-03
34.060000000 -3.011545148393e-03
34.070000000 -3.368965504061e-03
34.080000000 -3.758173440645e-03
34.090000000 -4.191733094247e-03
34.100000000 -4.686044394293e-03
34.110000000 -5.256517403910e-03
34.120000000 -5.903623306145e-03
34.130000000 -6.617035566375e-03
34.140000000 -7.378026053016e-03
34.150000000 -8.164892146275e-03
34.160000000 -8.962092368906e-03
34.170000000 -9.760522077087e-03
34.180000000 -1.055125499527e-02
34.190000000 -1.131162605154e-02
34.200000000 -1.199132072051e-02
34.210000000 -1.250792452445e-02
34.220000000 -1.276843374523e-02
34.230000000 -1.270707264351e-02
34.240000000 -1.232980340913e-02
34.250000000 -1.173314218825e-02
34.260000000 -1.108749432887e-02
34.270000000 -1.058537448365e-02
34.280000000 -1.037214435054e-02
34.290000000 -1.050181937602e-02
34.300000000 -1.092312272227e-02
34.310000000 -1.151216534117e-02
34.320000000 -1.212439276511e-02
34.330000000 -1.264138967825e-02
34.340000000 -1.299473001603e-02
34.350000000 -1.316818091468e-02
34.360000000 -1.318420114650e-02
34.370000000 -1.309107223224e-02
34.380000000 -1.295585060263e-02
34.390000000 -1.285326230653e-02
34.400000000 -1.284135562379e-02
34.410000000 -1.292751072142e-02
34.420000000 -1.304279778431e-02
34.430000000 -1.304644992893e-02
34.440000000 -1.276926096714e-02
34.450000000 -1.207887452523e-02
34.460000000 -1.093984478421e-02
34.470000000 -9.443765223713e-03
34.480000000 -7.786456528215e-03
34.490000000 -6.209729237886e-03
34.500000000 -4.918340467430e-03
34.510000000 -4.019884176572e-03
34.520000000 -3.507925875701e-03
34.530000000 -3.287505822442e-03
34.540000000 -3.233773464097e-03
34.550000000 -3.233471806165e-03
34.560000000 -3.200873127355e-03
34.570000000 -3.068750967570e-03
34.580000000 -2.770238077595e-03
34.590000000 -2.234771783957e-03
34.600000000 -1.403106270039e-03
34.610000000 -2.541491149089e-04
34.620000000 1.181174752566e-03
34.630000000 2.818882664672e-03
34.640000000 4.539159365250e-03
34.650000000 6.223116036216e-03
34.660000000 7.780702313391e-03
34.670000000 9.170046816112e-03
34.680000000 1.040581923859e-02
34.690000000 1.153703801010e-02
34.700000000 1.262698494456e-02
34.710000000 1.372516577370e-02
34.720000000 1.484818202479e-02
34.730000000 1.596855932696e-02
34.740000000 1.701507745106e-02
34.750000000 1.788541037492e-02
34.760000000 1.847349421003e-02
34.770000000 1.869620125370e-02
34.780000000 1.852398189696e-02
34.790000000 1.799558798814e-02
34.800000000 1.721284169267e-02
34.810000000 1.631555113434e-02
34.820000000 1.544428485675e-02
34.830000000 1.469693420791e-02
34.840000000 1.410750495607e-02
34.850000000 1.364716462533e-02
34.860000000 1.324919181630e-02
34.870000000 1.284752478459e-02
34.880000000 1.240780264825e-02
34.890000000 1.193206234117e-02
34.900000000 1.143780369914e-02
34.910000000 1.092639484920e-02
34.920000000 1.035772529547e-02
34.930000000 9.655070075258e-03
34.940000000 8.734659073503e-03
34.950000000 7.541435968907e-03
34.960000000 6.072907537505e-03
34.970000000 4.389963902177e-03
34.980000000 2.609083118650e-03
34.990000000 8.795868431786e-04
35.000000000 -6.415791194932e-04
35.010000000 -1.827036020158e-03
35.020000000 -2.603251638155e-03
35.030000000 -2.963513494108e-03
35.040000000 -2.958459201394e-03
35.050000000 -2.684557962183e-03
35.060000000 -2.255068517929e-03
35.070000000 -1.775368974562e-03
35.080000000 -1.316800234895e-03
35.090000000 -9.024862524090e-04
35.100000000 -5.122484752999e-04
35.110000000 -1.063542902615e-04
35.120000000 3.479375147961e-04
35.130000000 8.503788477481e-04
35.140000000 1.362258735667e-03
35.150000000 1.815139351421e-03
35.160000000 2.131385805409e-03
35.170000000 2.254369228908e-03
35.180000000 2.163356150590e-03
35.190000000 1.882487111874e-03
35.200000000 1.464164147549e-03
35.210000000 9.697078031568e-04
35.220000000 4.530551310683e-04
35.230000000 -4.809348431309e-05
35.240000000 -5.009205941645e-04
35.250000000 -8.648218232718e-04
35.260000000 -1.081560853037e-03
35.270000000 -1.090676580840e-03
35.280000000 -8.533449738590e-04
35.290000000 -3.780297959487e-04
35.300000000 2.738021685227e-04
35.310000000 9.978437195585e-04
35.320000000 1.679648276430e-03
35.330000000 2.225992919284e-03
35.340000000 2.593561448640e-03
35.350000000 2.802018520012e-03
35.360000000 2.926015365695e-03
35.370000000 3.070369351465e-03
35.380000000 3.335517985604e-03
35.390000000 3.797598114794e-03
35.400000000 4.495544813964e-03
35.410000000 5.432451619946e-03
35.420000000 6.574633070034e-03
35.430000000 7.862397616340e-03
35.440000000 9.216387789555e-03
35.450000000 1.055942795924e-02
35.460000000 1.182254715906e-02
35.470000000 1.294705479826e-02
35.480000000 1.387371576355e-02
35.490000000 1.453917109412e-02
35.500000000 1.487274626805e-02
35.510000000 1.481851912874e-02
35.520000000 1.435722665543e-02
35.530000000 1.352218734296e-02
35.540000000 1.239835932979e-02
35.550000000 1.110441388847e-02
35.560000000 9.760292732253e-03
35.570000000 8.469270775013e-03
35.580000000 7.312361443398e-03
35.590000000 6.355647151220e-03
35.600000000 5.656528151239e-03
35.610000000 5.260315738847e-03
35.620000000 5.187635865970e-03
35.630000000 5.412401533396e-03
35.640000000 5.848529260400e-03
35.650000000 6.359611366374e-03
35.660000000 6.789149181019e-03
35.670000000 7.007570303555e-03
35.680000000 6.940396384153e-03
35.690000000 6.581121245087e-03
35.700000000 5.980437000398e-03
35.710000000 5.222187801784e-03
35.720000000 4.403067289803e-03
35.730000000 3.617903332558e-03
35.740000000 2.941911915966e-03
35.750000000 2.420816437989e-03
35.760000000 2.061854923268e-03
35.770000000 1.825800684545e-03
35.780000000 1.635189640214e-03
35.790000000 1.393298666454e-03
35.800000000 1.013201418054e-03
35.810000000 4.336343123062e-04
35.820000000 -3.669714957516e-04
35.830000000 -1.372996292976e-03
35.840000000 -2.539558156912e-03
35.850000000 -3.798942427188e-03
35.860000000 -5.072466585343e-03
35.870000000 -6.277186352880e-03
35.880000000 -7.341531000279e-03
35.890000000 -8.208809843880e-03
35.900000000 -8.838701408996e-03
35.910000000 -9.216581407981e-03
35.920000000 -9.362776784413e-03
35.930000000 -9.337790624445e-03
35.940000000 -9.238924317593e-03
35.950000000 -9.179560883267e-03
35.960000000 -9.261261884118e-03
35.970000000 -9.553942128651e-03
35.980000000 -1.008604805234e-02
35.990000000 -1.084383186546e-02
36.000000000 -1.177528704087e-02
36.010000000 -1.280319144055e-02
36.020000000 -1.383776343952e-02
36.030000000 -1.479430421804e-02
36.040000000 -1.560789947248e-02
36.050000000 -1.624821322414e-02
36.060000000 -1.672344802200e-02
36.070000000 -1.707649435655e-02
36.080000000 -1.736312880977e-02
36.090000000 -1.763473876528e-02
36.100000000 -1.791508579501e-02
36.110000000 -1.819982813991e-02
36.120000000 -1.846356468007e-02
36.130000000 -1.867664426595e-02
36.140000000 -1.881664309005e-02
36.150000000 -1.887384671107e-02
36.160000000 -1.885336547483e-02
36.170000000 -1.876989743475e-02
36.180000000 -1.865329078586e-02
36.190000000 -1.854287761508e-02
36.200000000 -1.847574425964e-02
36.210000000 -1.846454324625e-02
36.220000000 -1.847920064376e-02
36.230000000 -1.844481015317e-02
36.240000000 -1.826431142289e-02
36.250000000 -1.786099127652e-02
36.260000000 -1.721636606624e-02
36.270000000 -1.638685737326e-02
36.280000000 -1.548592233154e-02
36.290000000 -1.464898175143e-02
36.300000000 -1.398586328140e-02
36.310000000 -1.354729423258e-02
36.320000000 -1.331254901350e-02
36.330000000 -1.319979998370e-02
36.340000000 -1.308741661087e-02
36.350000000 -1.284042278524e-02
36.360000000 -1.233431094818e-02
36.370000000 -1.147966340418e-02
36.380000000 -1.024302908717e-02
36.390000000 -8.659482862171e-03
36.400000000 -6.835449995734e-03
36.410000000 -4.923995300753e-03
36.420000000 -3.095998012129e-03
36.430000000 -1.494060800323e-03
36.440000000 -2.068013933743e-04
36.450000000 7.454799388834e-04
36.460000000 1.394664013825e-03
36.470000000 1.796295225938e-03
36.480000000 2.001426744937e-03
36.490000000 2.045001732356e-03
36.500000000 1.947123947028e-03
36.510000000 1.727627233291e-03
36.520000000 1.420731807727e-03
36.530000000 1.083240129522e-03
36.540000000 7.905717539526e-04
36.550000000 6.170192919473e-04
36.560000000 6.166581331581e-04
36.570000000 8.043523226381e-04
36.580000000 1.153092049977e-03
36.590000000 1.602981110983e-03
36.600000000 2.083530083866e-03
36.610000000 2.549023156505e-03
36.620000000 2.999591617567e-03
36.630000000 3.486179882463e-03
36.640000000 4.084653411199e-03
36.650000000 4.851131504618e-03
36.660000000 5.772771281357e-03
36.670000000 6.743945427405e-03
36.680000000 7.583304304119e-03
36.690000000 8.083591988949e-03
36.700000000 8.088124957888e-03
36.710000000 7.536809479414e-03
36.720000000 6.487213932433e-03
36.730000000 5.084571105156e-03
36.740000000 3.510852031542e-03
36.750000000 1.931884679222e-03
36.760000000 4.622926172507e-04
36.770000000 -8.427529901467e-04
36.780000000 -1.972618267294e-03
36.790000000 -2.932297503794e-03
36.800000000 -3.725997703633e-03
36.810000000 -4.344313704674e-03
36.820000000 -4.767365486548e-03
36.830000000 -4.975305968115e-03
36.840000000 -4.958983904858e-03
36.850000000 -4.729555338760e-03
36.860000000 -4.322401421260e-03
36.870000000 -3.803376744003e-03
36.880000000 -3.252978048232e-03
36.890000000 -2.751526134927e-03
36.900000000 -2.352777947381e-03
36.910000000 -2.069084478694e-03
36.920000000 -1.876911853060e-03
36.930000000 -1.731506263396e-03
36.940000000 -1.587340015114e-03
36.950000000 -1.419292730118e-03
36.960000000 -1.230708988560e-03
36.970000000 -1.057187504625e-03
36.980000000 -9.522864719299e-04
36.990000000 -9.733134975141e-04
37.000000000 -1.155064970816e-03
37.010000000 -1.502344530339e-03
37.020000000 -1.987724430076e-03
37.030000000 -2.565355076655e-03
37.040000000 -3.182234493849e-03
37.050000000 -3.783118294825e-03
37.060000000 -4.302331717130e-03
37.070000000 -4.654282100506e-03
37.080000000 -4.730638216802e-03
37.090000000 -4.416595277534e-03
37.100000000 -3.620359161881e-03
37.110000000 -2.308370228131e-03
37.120000000 -5.330706395795e-04
37.130000000 1.569174935009e-03
37.140000000 3.795437287896e-03
37.150000000 5.915830424981e-03
37.160000000 7.720197189240e-03
37.170000000 9.055224165128e-03
37.180000000 9.853415620324e-03
37.190000000 1.013228632096e-02
37.200000000 9.975379025076e-03
37.210000000 9.503119785465e-03
37.220000000 8.846066971546e-03
37.230000000 8.125210823251e-03
37.240000000 7.447674248261e-03
37.250000000 6.904838219452e-03
37.260000000 6.572607462041e-03
37.270000000 6.497768792185e-03
37.280000000 6.677272146448e-03
37.290000000 7.036017649477e-03
37.300000000 7.419651467306e-03
37.310000000 7.624213288472e-03
37.320000000 7.448931569030e-03
37.330000000 6.758519874423e-03
37.340000000 5.526430627810e-03
37.350000000 3.845046388876e-03
37.360000000 1.899276263205e-03
37.370000000 -7.693444979361e-05
37.380000000 -1.847227641369e-03
37.390000000 -3.215386617715e-03
37.400000000 -4.044841682727e-03
37.410000000 -4.276184854847e-03
37.420000000 -3.919240420200e-03
37.430000000 -3.047601186311e-03
37.440000000 -1.782473191108e-03
37.450000000 -2.785727929197e-04
37.460000000 1.294884831920e-03
37.470000000 2.769135315464e-03
37.480000000 4.001325676536e-03
37.490000000 4.889507165212e-03
37.500000000 5.379223434211e-03
37.510000000 5.466329240324e-03
37.520000000 5.181185739189e-03
37.530000000 4.576460167608e-03
37.540000000 3.719609992988e-03
37.550000000 2.693915158672e-03
37.560000000 1.602071577677e-03
37.570000000 5.670100594567e-04
37.580000000 -2.848388279515e-04
37.590000000 -8.396718953513e-04
37.600000000 -1.025909620851e-03
37.610000000 -8.238127526859e-04
37.620000000 -2.717330940049e-04
37.630000000 5.461355786070e-04
37.640000000 1.514738093276e-03
37.650000000 2.506322589442e-03
37.660000000 3.397064720328e-03
37.670000000 4.081845107886e-03
37.680000000 4.492576636285e-03
37.690000000 4.620930361646e-03
37.700000000 4.526135714228e-03
37.710000000 4.327277582936e-03
37.720000000 4.176701564741e-03
37.730000000 4.216503534265e-03
37.740000000 4.540910838443e-03
37.750000000 5.171459467311e-03
37.760000000 6.051310445980e-03
37.770000000 7.062831558761e-03
37.780000000 8.060361413283e-03
37.790000000 8.911272477148e-03
37.800000000 9.536468923468e-03
37.810000000 9.924157788925e-03
37.820000000 1.012526367736e-02
37.830000000 1.022219316350e-02
37.840000000 1.030103071610e-02
37.850000000 1.043306634692e-02
37.860000000 1.066263382976e-02
37.870000000 1.100356634861e-02
37.880000000 1.143689127912e-02
37.890000000 1.191193130595e-02
37.900000000 1.235012930956e-02
37.910000000 1.266306468531e-02
37.920000000 1.277015600574e-02
37.930000000 1.262637775961e-02
37.940000000 1.223588174315e-02
37.950000000 1.165289899224e-02
37.960000000 1.097289103831e-02
37.970000000 1.030507584855e-02
37.980000000 9.745517907724e-03
37.990000000 9.350513891393e-03
38.000000000 9.125967976811e-03
38.010000000 9.033891474346e-03
38.020000000 9.013231294029e-03
38.030000000 9.006494661478e-03
38.040000000 8.977193056983e-03
38.050000000 8.913551264112e-03
38.060000000 8.823294641815e-03
38.070000000 8.718819939078e-03
38.080000000 8.602042097127e-03
38.090000000 8.446645889713e-03
38.100000000 8.196685742269e-03
38.110000000 7.777408845207e-03
38.120000000 7.116216904452e-03
38.130000000 6.169564536714e-03
38.140000000 4.947988593725e-03
38.150000000 3.522531508117e-03
38.160000000 2.014764312853e-03
38.170000000 5.791434123673e-04
38.180000000 -6.433157604481e-04
38.190000000 -1.553365852781e-03
38.200000000 -2.121322429550e-03
38.210000000 -2.394396141903e-03
38.220000000 -2.477260260777e-03
38.230000000 -2.510623090725e-03
38.240000000 -2.629915315492e-03
38.250000000 -2.936702180631e-03
38.260000000 -3.479708050962e-03
38.270000000 -4.247130028572e-03
38.280000000 -5.169293431178e-03
38.290000000 -6.139732840256e-03
38.300000000 -7.035147072241e-03
38.310000000 -7.743395810974e-03
38.320000000 -8.182548329285e-03
38.330000000 -8.318284524022e-03
38.340000000 -8.165887897773e-03
38.350000000 -7.784410886495e-03
38.360000000 -7.262898298535e-03
38.370000000 -6.701595403868e-03
38.380000000 -6.188868244511e-03
38.390000000 -5.781402199873e-03
38.400000000 -5.494745869825e-03
38.410000000 -5.310555278758e-03
38.420000000 -5.190948960046e-03
38.430000000 -5.096915290609e-03
38.440000000 -5.014567821913e-03
38.450000000 -4.955181953062e-03
38.460000000 -4.959036709678e-03
38.470000000 -5.077081977853e-03
38.480000000 -5.348626753685e-03
38.490000000 -5.780340566790e-03
38.500000000 -6.335083379967e-03
38.510000000 -6.936440761641e-03
38.520000000 -7.490645422458e-03
38.530000000 -7.912325937940e-03
38.540000000 -8.141751689547e-03
38.550000000 -8.146469951084e-03
38.560000000 -7.915576671370e-03
38.570000000 -7.444296014423e-03
38.580000000 -6.730028673274e-03
38.590000000 -5.772668817745e-03
38.600000000 -4.589117444060e-03
38.610000000 -3.221963777762e-03
38.620000000 -1.746583276946e-03
38.630000000 -2.684787022349e-04
38.640000000 1.096691398293e-03
38.650000000 2.243679460934e-03
38.660000000 3.102887692724e-03
38.670000000 3.656837058535e-03
38.680000000 3.946175745942e-03
38.690000000 4.060284055251e-03
38.700000000 4.117032037027e-03
38.710000000 4.233771478343e-03
38.720000000 4.493151545772e-03
38.730000000 4.919848505358e-03
38.740000000 5.479527736808e-03
38.750000000 6.088338903790e-03
38.760000000 6.644787578802e-03
38.770000000 7.063816035192e-03
38.780000000 7.302812166552e-03
38.790000000 7.382064024581e-03
38.800000000 7.372275861614e-03
38.810000000 7.375517923784e-03
38.820000000 7.486141368198e-03
38.830000000 7.751703200511e-03
38.840000000 8.153845478399e-03
38.850000000 8.604469780143e-03
38.860000000 8.967417526464e-03
38.870000000 9.098996682414e-03
38.880000000 8.887364903955e-03
38.890000000 8.282323838984e-03
38.900000000 7.307025467059e-03
38.910000000 6.045289475247e-03
38.920000000 4.627233602099e-03
38.930000000 3.195628794319e-03
38.940000000 1.886688591000e-03
38.950000000 8.053519244781e-04
38.960000000 1.192156783211e-05
38.970000000 -4.814709515996e-04
38.980000000 -7.072410131409e-04
38.990000000 -7.292697434606e-04
39.000000000 -6.257598295190e-04
39.010000000 -4.717598026172e-04
39.020000000 -3.282106237784e-04
39.030000000 -2.425120931546e-04
39.040000000 -2.527753343025e-04
39.050000000 -3.938750530049e-04
39.060000000 -6.967606540253e-04
39.070000000 -1.184551929130e-03
39.080000000 -1.860261900082e-03
39.090000000 -2.698576729721e-03
39.100000000 -3.644728489812e-03
39.110000000 -4.619525176916e-03
39.120000000 -5.532007822407e-03
39.130000000 -6.298745594656e-03
39.140000000 -6.863108430166e-03
39.150000000 -7.207250888267e-03
39.160000000 -7.359930489356e-03
39.170000000 -7.385038901563e-03
39.180000000 -7.362308126425e-03
39.190000000 -7.371220602398e-03
39.200000000 -7.470448260273e-03
39.210000000 -7.698296664214e-03
39.220000000 -8.071444285925e-03
39.230000000 -8.586093980655e-03
39.240000000 -9.216816281069e-03
39.250000000 -9.915297255714e-03
39.260000000 -1.061262596080e-02
39.270000000 -1.123103578621e-02
39.280000000 -1.169843152628e-02
39.290000000 -1.195763864374e-02
39.300000000 -1.197560861981e-02
39.310000000 -1.174833821454e-02
39.320000000 -1.130505806981e-02
39.330000000 -1.071106087697e-02
39.340000000 -1.005538959440e-02
39.350000000 -9.434495556827e-03
39.360000000 -8.928604280815e-03
39.370000000 -8.587451655348e-03
39.380000000 -8.425429125036e-03
39.390000000 -8.423460196292e-03
39.400000000 -8.536849748623e-03
39.410000000 -8.711203136347e-03
39.420000000 -8.896959738575e-03
39.430000000 -9.056252949101e-03
39.440000000 -9.155052739116e-03
39.450000000 -9.149358872668e-03
39.460000000 -8.978671716935e-03
39.470000000 -8.573280073575e-03
39.480000000 -7.872709800173e-03
39.490000000 -6.851080066968e-03
39.500000000 -5.538150504071e-03
39.510000000 -4.024193472934e-03
39.520000000 -2.453729142936e-03
39.530000000 -9.980025658802e-04
39.540000000 1.708051591324e-04
39.550000000 9.130414669778e-04
39.560000000 1.149769759432e-03
39.570000000 8.717930929568e-04
39.580000000 1.478518512972e-04
39.590000000 -8.902464585403e-04
39.600000000 -2.071819098010e-03
39.610000000 -3.214930732997e-03
39.620000000 -4.156722651473e-03
39.630000000 -4.772141199072e-03
39.640000000 -4.985641799061e-03
39.650000000 -4.781013631129e-03
39.660000000 -4.198799655785e-03
39.670000000 -3.330145514860e-03
39.680000000 -2.299723066684e-03
39.690000000 -1.242702801367e-03
39.700000000 -2.770031606780e-04
39.710000000 5.117987519738e-04
39.720000000 1.085617652813e-03
39.730000000 1.446059401347e-03
39.740000000 1.631840981733e-03
39.750000000 1.697119346193e-03
39.760000000 1.698547545026e-03
39.770000000 1.681870404796e-03
39.780000000 1.672198630522e-03
39.790000000 1.670888581813e-03
39.800000000 1.655260364491e-03
39.810000000 1.587439217375e-03
39.820000000 1.430252781498e-03
39.830000000 1.172608926387e-03
39.840000000 8.383730678648e-04
39.850000000 4.824049244836e-04
39.860000000 1.737943498550e-04
39.870000000 -4.750932894716e-05
39.880000000 -1.902886327937e-04
39.890000000 -3.193846792673e-04
39.900000000 -5.365371296920e-04
39.910000000 -9.408485044419e-04
39.920000000 -1.595387934775e-03
39.930000000 -2.499936953935e-03
39.940000000 -3.583984728246e-03
39.950000000 -4.721353947042e-03
39.960000000 -5.757975823384e-03
39.970000000 -6.548583030942e-03
39.980000000 -6.991144586298e-03
39.990000000 -7.042118032622e-03
40.000000000 -6.723881996942e-03
40.010000000 -6.111090928177e-03
40.020000000 -5.308792303373e-03
40.030000000 -4.425970349541e-03
40.040000000 -3.550148134486e-03
40.050000000 -2.745995077744e-03
40.060000000 -2.060323931448e-03
40.070000000 -1.538890714449e-03
40.080000000 -1.229182051591e-03
40.090000000 -1.172767576657e-03
40.100000000 -1.382496519554e-03
40.110000000 -1.825292261608e-03
40.120000000 -2.414100611748e-03
40.130000000 -3.024442356242e-03
40.140000000 -3.519060602207e-03
40.150000000 -3.783722425137e-03
40.160000000 -3.752892514021e-03
40.170000000 -3.420182648969e-03
40.180000000 -2.838979427893e-03
40.190000000 -2.104271793805e-03
40.200000000 -1.324520091095e-03
40.210000000 -5.903222115328e-04
40.220000000 5.220344214802e-05
40.230000000 6.079367850099e-04
40.240000000 1.118530627395e-03
40.250000000 1.634676984233e-03
40.260000000 2.188191633077e-03
40.270000000 2.773487211657e-03
40.280000000 3.352316725702e-03
40.290000000 3.875553965466e-03
40.300000000 4.313903999652e-03
40.310000000 4.681702091133e-03
40.320000000 5.031165760311e-03
40.330000000 5.430780429439e-03
40.340000000 5.936100138478e-03
40.350000000 6.566573533860e-03
40.360000000 7.303855213894e-03
40.370000000 8.095259098447e-03
40.380000000 8.873790541970e-03
40.390000000 9.571301375884e-03
40.400000000 1.013358932300e-02
40.410000000 1.052080565546e-02
40.420000000 1.070811151389e-02
40.430000000 1.068403028687e-02
40.440000000 1.044875142811e-02
40.450000000 1.001930547114e-02
40.460000000 9.432921250280e-03
40.470000000 8.747454029394e-03
40.480000000 8.033836923001e-03
40.490000000 7.369577053339e-03
40.500000000 6.815626530089e-03
40.510000000 6.407685649319e-03
40.520000000 6.145344658531e-03
40.530000000 5.998798447148e-03
40.540000000 5.926252513080e-03
40.550000000 5.891922175409e-03
40.560000000 5.876515254859e-03
40.570000000 5.879809397724e-03
40.580000000 5.916846814248e-03
40.590000000 6.007261846798e-03
40.600000000 6.161310213027e-03
40.610000000 6.366376162105e-03
40.620000000 6.579494053335e-03
40.630000000 6.737826296116e-03
40.640000000 6.775947360807e-03
40.650000000 6.650741339992e-03
40.660000000 6.353533920695e-03
40.670000000 5.908145120626e-03
40.680000000 5.352946791574e-03
40.690000000 4.724800789591e-03
40.700000000 4.041312262197e-03
40.710000000 3.307761429456e-03
40.720000000 2.530544822208e-03
40.730000000 1.735910918693e-03
40.740000000 9.776854001396e-04
40.750000000 3.271180835012e-04
40.760000000 -1.450239721054e-04
40.770000000 -3.978607409182e-04
40.780000000 -4.375024142949e-04
40.790000000 -3.213823556560e-04
40.800000000 -1.438722173293e-04
40.810000000 -1.467757672273e-05
40.820000000 -2.790757415320e-05
40.830000000 -2.344844390809e-04
40.840000000 -6.258243232492e-04
40.850000000 -1.132593770262e-03
40.860000000 -1.648603131880e-03
40.870000000 -2.065951042958e-03
40.880000000 -2.310235328782e-03
40.890000000 -2.358986099376e-03
40.900000000 -2.242260541789e-03
40.910000000 -2.026403866235e-03
40.920000000 -1.787310761289e-03
40.930000000 -1.591218217540e-03
40.940000000 -1.474710404705e-03
40.950000000 -1.439893274647e-03
40.960000000 -1.465590249785e-03
40.970000000 -1.519360897473e-03
40.980000000 -1.576870637148e-03
40.990000000 -1.623319101890e-03
41.000000000 -1.647458442577e-03
41.010000000 -1.636474249145e-03
41.020000000 -1.569528338487e-03
41.030000000 -1.425386678810e-03
41.040000000 -1.190888712912e-03
41.050000000 -8.648397531108e-04
41.060000000 -4.616643847843e-04
41.070000000 -1.704577101640e-06
41.080000000 4.945145755809e-04
41.090000000 1.011180292724e-03
41.100000000 1.539333447564e-03
41.110000000 2.072068238561e-03
41.120000000 2.601181405781e-03
41.130000000 3.113747716434e-03
41.140000000 3.596441298866e-03
41.150000000 4.032959775198e-03
41.160000000 4.404186841556e-03
41.170000000 4.685176742149e-03
41.180000000 4.847557635925e-03
41.190000000 4.859186678684e-03
41.200000000 4.699428755829e-03
41.210000000 4.371329351431e-03
41.220000000 3.911267072069e-03
41.230000000 3.387712676829e-03
41.240000000 2.880779645005e-03
41.250000000 2.462848697963e-03
41.260000000 2.180475879021e-03
41.270000000 2.047456583700e-03
41.280000000 2.054831646004e-03
41.290000000 2.179676229922e-03
41.300000000 2.397859357521e-03
41.310000000 2.687078342121e-03
41.320000000 3.023449180330e-03
41.330000000 3.370657269168e-03
41.340000000 3.677831447242e-03
41.350000000 3.883046950180e-03
41.360000000 3.930329934757e-03
41.370000000 3.789266141550e-03
41.380000000 3.468393310799e-03
41.390000000 3.024157826641e-03
41.400000000 2.548965246502e-03
41.410000000 2.150763410599e-03
41.420000000 1.921887301855e-03
41.430000000 1.908030080810e-03
41.440000000 2.089129402502e-03
41.450000000 2.382394184260e-03
41.460000000 2.657578800054e-03
41.470000000 2.776542206669e-03
41.480000000 2.630750906621e-03
41.490000000 2.174608722712e-03
41.500000000 1.443043259778e-03
41.510000000 5.370932197476e-04
41.520000000 -4.075150733765e-04
41.530000000 -1.260066539294e-03
41.540000000 -1.926519451670e-03
41.550000000 -2.371176401044e-03
41.560000000 -2.607900011643e-03
41.570000000 -2.690026994521e-03
41.580000000 -2.677834301022e-03
41.590000000 -2.609448031054e-03
41.600000000 -2.487937930676e-03
41.610000000 -2.280318230079e-03
41.620000000 -1.934880320231e-03
41.630000000 -1.411279618590e-03
41.640000000 -7.087073820906e-04
41.650000000 1.185915606764e-04
41.660000000 9.688074627293e-04
41.670000000 1.712433930968e-03
41.680000000 2.226781432768e-03
41.690000000 2.427623477327e-03
41.700000000 2.291121236611e-03
41.710000000 1.857880446401e-03
41.720000000 1.219804803961e-03
41.730000000 4.959725421917e-04
41.740000000 -2.029334825201e-04
41.750000000 -7.999871700889e-04
41.760000000 -1.268398325991e-03
41.770000000 -1.627441809893e-03
41.780000000 -1.924856417421e-03
41.790000000 -2.211343126090e-03
41.800000000 -2.519682455904e-03
41.810000000 -2.853003181688e-03
41.820000000 -3.189986334527e-03
41.830000000 -3.493803790026e-03
41.840000000 -3.727881667997e-03
41.850000000 -3.862907867251e-03
41.860000000 -3.877105015677e-03
41.870000000 -3.761758107505e-03
41.880000000 -3.522469812849e-03
41.890000000 -3.183830103601e-03
41.900000000 -2.785561611681e-03
41.910000000 -2.374464827413e-03
41.920000000 -1.995420631874e-03
41.930000000 -1.689042866880e-03
41.940000000 -1.485938306506e-03
41.950000000 -1.409635349393e-03
41.960000000 -1.470464995841e-03
41.970000000 -1.656713373116e-03
41.980000000 -1.924687076516e-03
41.990000000 -2.203259837117e-03
42.000000000 -2.411095918915e-03
42.010000000 -2.484231831295e-03
42.020000000 -2.411354226139e-03
42.030000000 -2.244835945885e-03
42.040000000 -2.091710801605e-03
42.050000000 -2.081988980860e-03
42.060000000 -2.322408883675e-03
42.070000000 -2.865127463771e-03
42.080000000 -3.690684458918e-03
42.090000000 -4.719201060692e-03
42.100000000 -5.827721072869e-03
42.110000000 -6.878034224304e-03
42.120000000 -7.744790060276e-03
42.130000000 -8.340037683078e-03
42.140000000 -8.630930839331e-03
42.150000000 -8.642784956853e-03
42.160000000 -8.451143649735e-03
42.170000000 -8.161988944085e-03
42.180000000 -7.883440634599e-03
42.190000000 -7.703380830443e-03
42.200000000 -7.677365844971e-03
42.210000000 -7.826295384143e-03
42.220000000 -8.146886969358e-03
42.230000000 -8.621911635387e-03
42.240000000 -9.222218346403e-03
42.250000000 -9.900056561884e-03
42.260000000 -1.058931291079e-02
42.270000000 -1.120456901939e-02
42.280000000 -1.165887790085e-02
42.290000000 -1.187890238445e-02
42.300000000 -1.182368041744e-02
42.310000000 -1.150105917302e-02
42.320000000 -1.097624310457e-02
42.330000000 -1.035918963629e-02
42.340000000 -9.789392202481e-03
42.350000000 -9.404197327017e-03
42.360000000 -9.313826720090e-03
42.370000000 -9.580252937595e-03
42.380000000 -1.020165997225e-02
42.390000000 -1.111535898460e-02
42.400000000 -1.220674133140e-02
42.410000000 -1.332777149961e-02
42.420000000 -1.432427892422e-02
42.430000000 -1.506038011568e-02
42.440000000 -1.543902885545e-02
42.450000000 -1.541169162405e-02
42.460000000 -1.497792023192e-02
42.470000000 -1.417688405739e-02
42.480000000 -1.307135514300e-02
42.490000000 -1.173524047069e-02
42.500000000 -1.024627680181e-02
42.510000000 -8.680003054838e-03
42.520000000 -7.113756086242e-03
42.530000000 -5.625691490438e-03
42.540000000 -4.292158277196e-03
42.550000000 -3.182249884169e-03
42.560000000 -2.347375321348e-03
42.570000000 -1.807499740283e-03
42.580000000 -1.545925905181e-03
42.590000000 -1.513478702912e-03
42.600000000 -1.632491251104e-03
42.610000000 -1.811703003808e-03
42.620000000 -1.959250994545e-03
42.630000000 -1.997011420417e-03
42.640000000 -1.871390938101e-03
42.650000000 -1.551873520197e-03
42.660000000 -1.035820475050e-03
42.670000000 -3.411684373322e-04
42.680000000 4.941286686441e-04
42.690000000 1.424495057801e-03
42.700000000 2.397878136055e-03
42.710000000 3.369058383384e-03
42.720000000 4.297157608239e-03
42.730000000 5.149663929337e-03
42.740000000 5.908792763597e-03
42.750000000 6.575527542985e-03
42.760000000 7.174673125338e-03
42.770000000 7.749288709544e-03
42.780000000 8.344873017938e-03
42.790000000 8.995089864226e-03
42.800000000 9.705429456457e-03
42.810000000 1.044811939462e-02
42.820000000 1.117368039828e-02
42.830000000 1.182085954638e-02
42.840000000 1.233822019812e-02
42.850000000 1.269649692994e-02
42.860000000 1.289354476714e-02
42.870000000 1.294566859853e-02
42.880000000 1.287512888246e-02
42.890000000 1.269995896897e-02
42.900000000 1.242990168365e-02
42.910000000 1.207249536240e-02
42.920000000 1.163136350049e-02
42.930000000 1.111230958602e-02
42.940000000 1.052048819287e-02
42.950000000 9.860537469044e-03
42.960000000 9.138232495580e-03
42.970000000 8.362482342342e-03
42.980000000 7.547155935662e-03
42.990000000 6.710260335907e-03
43.000000000 5.876732155424e-03
43.010000000 5.083390563877e-03
43.020000000 4.378883022169e-03
43.030000000 3.828073200128e-03
43.040000000 3.494346668841e-03
43.050000000 3.424175974313e-03
43.060000000 3.618642435525e-03
43.070000000 4.029267386386e-03
43.080000000 4.564679365297e-03
43.090000000 5.116997106780e-03
43.100000000 5.586927103755e-03
43.110000000 5.905357829026e-03
43.120000000 6.039253275789e-03
43.130000000 5.988475626073e-03
43.140000000 5.778307006592e-03
43.150000000 5.445909111174e-03
43.160000000 5.036105695159e-03
43.170000000 4.595297134593e-03
43.180000000 4.171974943830e-03
43.190000000 3.814662185267e-03
43.200000000 3.570000434967e-03
43.210000000 3.474719598102e-03
43.220000000 3.543712720502e-03
43.230000000 3.766871696657e-03
43.240000000 4.102554449783e-03
43.250000000 4.487753055064e-03
43.260000000 4.846450788818e-03
43.270000000 5.108653434346e-03
43.280000000 5.220902498567e-03
43.290000000 5.151542414918e-03
43.300000000 4.893671836699e-03
43.310000000 4.464392614056e-03
43.320000000 3.900642342240e-03
43.330000000 3.247579710075e-03
43.340000000 2.552805845820e-03
43.350000000 1.856426901402e-03
43.360000000 1.193392092489e-03
43.370000000 5.958397880202e-04
43.380000000 1.013670034755e-04
43.390000000 -2.550181009441e-04
43.400000000 -4.510815758500e-04
43.410000000 -4.917444548654e-04
43.420000000 -4.202958972534e-04
43.430000000 -3.074579655309e-04
43.440000000 -2.301217605346e-04
43.450000000 -2.369436462573e-04
43.460000000 -3.351022998820e-04
43.470000000 -4.870218297036e-04
43.480000000 -6.348300933217e-04
43.490000000 -7.270722715100e-04
43.500000000 -7.428866862700e-04
43.510000000 -6.966421910010e-04
43.520000000 -6.276592792804e-04
43.530000000 -5.763719494350e-04
43.540000000 -5.600367995023e-04
43.550000000 -5.602907054149e-04
43.560000000 -5.233014693494e-04
43.570000000 -3.789257343574e-04
43.580000000 -6.703857276027e-05
43.590000000 4.395983063919e-04
43.600000000 1.122831512212e-03
43.610000000 1.921666252726e-03
43.620000000 2.749090296995e-03
43.630000000 3.510442432774e-03
43.640000000 4.123641933321e-03
43.650000000 4.534685566921e-03
43.660000000 4.724156632800e-03
43.670000000 4.705800301858e-03
43.680000000 4.519757890449e-03
43.690000000 4.222204974185e-03
43.700000000 3.876650849065e-03
43.710000000 3.543822294473e-03
43.720000000 3.278371171619e-03
43.730000000 3.124115639402e-03
43.740000000 3.118639807913e-03
43.750000000 3.287819027260e-03
43.760000000 3.641662923227e-03
43.770000000 4.174357107858e-03
43.780000000 4.858516016858e-03
43.790000000 5.646283878313e-03
43.800000000 6.476766871343e-03
43.810000000 7.281131294834e-03
43.820000000 7.991947942673e-03
43.830000000 8.554490580578e-03
43.840000000 8.930852253981e-03
43.850000000 9.100740753079e-03
43.860000000 9.062679678448e-03
43.870000000 8.829747955318e-03
43.880000000 8.433650181487e-03
43.890000000 7.919409957897e-03
43.900000000 7.344179514945e-03
43.910000000 6.768661291151e-03
43.920000000 6.241666609029e-03
43.930000000 5.795009066302e-03
43.940000000 5.437016044151e-03
43.950000000 5.153946270771e-03
43.960000000 4.916742397332e-03
43.970000000 4.687400642346e-03
43.980000000 4.426436866728e-03
43.990000000 4.104476998359e-03
44.000000000 3.705956226068e-03
44.010000000 3.240151128257e-03
44.020000000 2.740092343553e-03
44.030000000 2.256286823258e-03
44.040000000 1.848648380002e-03
44.050000000 1.563148239730e-03
44.060000000 1.417349975637e-03
44.070000000 1.393215253594e-03
44.080000000 1.442475108622e-03
44.090000000 1.502271582479e-03
44.100000000 1.516972298158e-03
44.110000000 1.452670757066e-03
44.120000000 1.301800115381e-03
44.130000000 1.083409524315e-03
44.140000000 8.251901780138e-04
44.150000000 5.559767552968e-04
44.160000000 2.935075216462e-04
44.170000000 4.665365172099e-05
44.180000000 -1.817424229783e-04
44.190000000 -3.845691674780e-04
44.200000000 -5.481106945405e-04
44.210000000 -6.593117968283e-04
44.220000000 -7.083906788853e-04
44.230000000 -6.978193140637e-04
44.240000000 -6.444847541309e-04
44.250000000 -5.811061673060e-04
44.260000000 -5.459122178214e-04
44.270000000 -5.735917204545e-04
44.280000000 -6.806198388542e-04
44.290000000 -8.603452308081e-04
44.300000000 -1.087021739088e-03
44.310000000 -1.329685762928e-03
44.320000000 -1.569224147452e-03
44.330000000 -1.812387997718e-03
44.340000000 -2.094365474155e-03
44.350000000 -2.465889280925e-03
44.360000000 -2.972118342827e-03
44.370000000 -3.626477845926e-03
44.380000000 -4.390537772312e-03
44.390000000 -5.177047407859e-03
44.400000000 -5.866170777354e-03
44.410000000 -6.341220988107e-03
44.420000000 -6.520092651511e-03
44.430000000 -6.378596972939e-03
44.440000000 -5.954977129692e-03
44.450000000 -5.343916134219e-03
44.460000000 -4.669249023463e-03
44.470000000 -4.061315737302e-03
44.480000000 -3.631177591259e-03
44.490000000 -3.455256735419e-03
44.500000000 -3.568252709669e-03
44.510000000 -3.962144100837e-03
44.520000000 -4.590788258870e-03
44.530000000 -5.378150164029e-03
44.540000000 -6.230363094041e-03
44.550000000 -7.055245693610e-03
44.560000000 -7.773650773908e-03
44.570000000 -8.333821088114e-03
44.580000000 -8.714090195376e-03
44.590000000 -8.921220560320e-03
44.600000000 -8.985848321374e-03
44.610000000 -8.954978012053e-03
44.620000000 -8.887812293622e-03
44.630000000 -8.846433332830e-03
44.640000000 -8.887335199645e-03
44.650000000 -9.049163131666e-03
44.660000000 -9.344478480163e-03
44.670000000 -9.758578292082e-03
44.680000000 -1.025314528833e-02
44.690000000 -1.077844542701e-02
44.700000000 -1.128461473210e-02
44.710000000 -1.172797946546e-02
44.720000000 -1.207325668420e-02
44.730000000 -1.228869593922e-02
44.740000000 -1.234217917750e-02
44.750000000 -1.220086696982e-02
44.760000000 -1.184274979720e-02
44.770000000 -1.126715734234e-02
44.780000000 -1.050792914643e-02
44.790000000 -9.639500162143e-03
44.800000000 -8.763273022197e-03
44.810000000 -7.988278098322e-03
44.820000000 -7.399743584382e-03
44.830000000 -7.038507891698e-03
44.840000000 -6.897465581504e-03
44.850000000 -6.929536367683e-03
44.860000000 -7.068265073573e-03
44.870000000 -7.243935582996e-03
44.880000000 -7.400061337443e-03
44.890000000 -7.502107430646e-03
44.900000000 -7.540313802832e-03
44.910000000 -7.522275769112e-03
44.920000000 -7.461431789522e-03
44.930000000 -7.368644988705e-03
44.940000000 -7.252693779474e-03
44.950000000 -7.124605053922e-03
44.960000000 -7.007978016148e-03
44.970000000 -6.933113649362e-03
44.980000000 -6.932253776348e-03
44.990000000 -7.026177946697e-03
45.000000000 -7.216259663714e-03
45.010000000 -7.483510017232e-03
45.020000000 -7.791981865833e-03
45.030000000 -8.100147181650e-03
45.040000000 -8.374334018824e-03
45.050000000 -8.595840247486e-03
45.060000000 -8.757281555866e-03
45.070000000 -8.855399342143e-03
45.080000000 -8.883351481662e-03
45.090000000 -8.827592353117e-03
45.100000000 -8.671385173573e-03
45.110000000 -8.404614379252e-03
45.120000000 -8.028351616584e-03
45.130000000 -7.559362169394e-03
45.140000000 -7.026433358774e-03
45.150000000 -6.462812330694e-03
45.160000000 -5.904018145069e-03
45.170000000 -5.377598494027e-03
45.180000000 -4.896564171628e-03
45.190000000 -4.451985567437e-03
45.200000000 -4.013170934558e-03
45.210000000 -3.541788695436e-03
45.220000000 -3.009751026322e-03
45.230000000 -2.415998415845e-03
45.240000000 -1.788431764397e-03
45.250000000 -1.175929102125e-03
45.260000000 -6.355148507772e-04
45.270000000 -2.077922796498e-04
45.280000000 9.404377271770e-05
45.290000000 2.976909292551e-04
45.300000000 4.596828973069e-04
45.310000000 6.482756815916e-04
45.320000000 9.237716265928e-04
45.330000000 1.317541761986e-03
45.340000000 1.830209226274e-03
45.350000000 2.439165520082e-03
45.360000000 3.108107027216e-03
45.370000000 3.804946782502e-03
45.380000000 4.512301968997e-03
45.390000000 5.239366421638e-03
45.400000000 6.022693249568e-03
45.410000000 6.912307032778e-03
45.420000000 7.947525624128e-03
45.430000000 9.130853356758e-03
45.440000000 1.041715503441e-02
45.450000000 1.171511662281e-02
45.460000000 1.291645608203e-02
45.470000000 1.392393002132e-02
45.480000000 1.468366523901e-02
45.490000000 1.519572968662e-02
45.500000000 1.550275552202e-02
45.510000000 1.567145316843e-02
45.520000000 1.576773657359e-02
45.530000000 1.584245404614e-02
45.540000000 1.592142984520e-02
45.550000000 1.600760437849e-02
45.560000000 1.608702298838e-02
45.570000000 1.613832775585e-02
45.580000000 1.613912202760e-02
45.590000000 1.606842965818e-02
45.600000000 1.591081947346e-02
45.610000000 1.565365751955e-02
45.620000000 1.528646109511e-02
45.630000000 1.479833040000e-02
45.640000000 1.417626865907e-02
45.650000000 1.341264457153e-02
45.660000000 1.251008940027e-02
45.670000000 1.149421540193e-02
45.680000000 1.041924504829e-02
45.690000000 9.361667550981e-03
45.700000000 8.411401943696e-03
45.710000000 7.649939398776e-03
45.720000000 7.131544438758e-03
45.730000000 6.871020643981e-03
45.740000000 6.837553065091e-03
45.750000000 6.963403182020e-03
45.760000000 7.156997098364e-03
45.770000000 7.328955112739e-03
45.780000000 7.410670259210e-03
45.790000000 7.370926160908e-03
45.800000000 7.213295069168e-03
45.810000000 6.964055228172e-03
45.820000000 6.653794016276e-03
45.830000000 6.302320595605e-03
45.840000000 5.915249418065e-03
45.850000000 5.496482709405e-03
45.860000000 5.053259350610e-03
45.870000000 4.602870249469e-03
45.880000000 4.175081611227e-03
45.890000000 3.798830824115e-03
45.900000000 3.495175631028e-03
45.910000000 3.264989784745e-03
45.920000000 3.084297680104e-03
45.930000000 2.911468496773e-03
45.940000000 2.692400848537e-03
45.950000000 2.381772481015e-03
45.960000000 1.952808756605e-03
45.970000000 1.404836619927e-03
45.980000000 7.635942903258e-04
45.990000000 6.619625633331e-05
46.000000000 -6.499041399476e-04
46.010000000 -1.358476810579e-03
46.020000000 -2.047817403517e-03
46.030000000 -2.713203426313e-03
46.040000000 -3.348811074457e-03
46.050000000 -3.940473006367e-03
46.060000000 -4.470692443249e-03
46.070000000 -4.916796396558e-03
46.080000000 -5.260959921560e-03
46.090000000 -5.488704953135e-03
46.100000000 -5.589677262828e-03
46.110000000 -5.566590681851e-03
46.120000000 -5.445154742226e-03
46.130000000 -5.271866373223e-03
46.140000000 -5.110613048643e-03
46.150000000 -5.024488839965e-03
46.160000000 -5.052752505541e-03
46.170000000 -5.201889046454e-03
46.180000000 -5.438960029572e-03
46.190000000 -5.708626647655e-03
46.200000000 -5.949529388876e-03
46.210000000 -6.111192105598e-03
46.220000000 -6.162518048905e-03
46.230000000 -6.095392617889e-03
46.240000000 -5.924516465875e-03
46.250000000 -5.687562910115e-03
46.260000000 -5.438907086394e-03
46.270000000 -5.241032585675e-03
46.280000000 -5.147874576633e-03
46.290000000 -5.186249625999e-03
46.300000000 -5.345644754395e-03
46.310000000 -5.576151552851e-03
46.320000000 -5.800065650585e-03
46.330000000 -5.927548171360e-03
46.340000000 -5.880874907025e-03
46.350000000 -5.611520149648e-03
46.360000000 -5.112682664842e-03
46.370000000 -4.417611189008e-03
46.380000000 -3.587371313622e-03
46.390000000 -2.692090944893e-03
46.400000000 -1.793561821866e-03
46.410000000 -9.322850118092e-04
46.420000000 -1.257237183367e-04
46.430000000 6.280984455458e-04
46.440000000 1.339342777810e-03
46.450000000 2.012669845232e-03
46.460000000 2.640413372676e-03
46.470000000 3.200706959282e-03
46.480000000 3.663199969283e-03
46.490000000 3.998864248922e-03
46.500000000 4.198381294301e-03
46.510000000 4.274468849893e-03
46.520000000 4.266252182694e-03
46.530000000 4.227006620725e-03
46.540000000 4.203906153549e-03
46.550000000 4.225930126534e-03
46.560000000 4.296356186528e-03
46.570000000 4.405317288014e-03
46.580000000 4.537860601865e-03
46.590000000 4.687458601628e-03
46.600000000 4.855363845419e-03
46.610000000 5.040229964176e-03
46.620000000 5.233034063914e-03
46.630000000 5.410418943986e-03
46.640000000 5.542445834273e-03
46.650000000 5.595376139348e-03
46.660000000 5.543553058881e-03
46.670000000 5.376500745104e-03
46.680000000 5.098259393872e-03
46.690000000 4.730118903306e-03
46.700000000 4.307255933595e-03
46.710000000 3.872946671524e-03
46.720000000 3.468017038258e-03
46.730000000 3.125630385038e-03
46.740000000 2.859921606777e-03
46.750000000 2.659822764421e-03
46.760000000 2.498407707522e-03
46.770000000 2.338703720931e-03
46.780000000 2.149009130090e-03
46.790000000 1.905804824983e-03
46.800000000 1.599377043594e-03
46.810000000 1.230464483129e-03
46.820000000 8.091937212463e-04
46.830000000 3.559085304638e-04
46.840000000 -1.048518335003e-04
46.850000000 -5.436093167214e-04
46.860000000 -9.344760640040e-04
46.870000000 -1.253601124563e-03
46.880000000 -1.481103181892e-03
46.890000000 -1.599962090101e-03
46.900000000 -1.599620872864e-03
46.910000000 -1.475884749460e-03
46.920000000 -1.240141531137e-03
46.930000000 -9.221664471344e-04
46.940000000 -5.735685755166e-04
46.950000000 -2.515900682696e-04
46.960000000 -3.318014076740e-06
46.970000000 1.487491683411e-04
46.980000000 2.129540233877e-04
46.990000000 2.150785800696e-04
47.000000000 1.809888393258e-04
47.010000000 1.231182838407e-04
47.020000000 3.989166633035e-05
47.030000000 -7.511228202533e-05
47.040000000 -2.224633195932e-04
47.050000000 -3.878273099143e-04
47.060000000 -5.452995221222e-04
47.070000000 -6.644049773939e-04
47.080000000 -7.254358096960e-04
47.090000000 -7.242843610194e-04
47.100000000 -6.763574306573e-04
47.110000000 -6.070202529630e-04
47.120000000 -5.443309810044e-04
47.130000000 -5.106484352113e-04
47.140000000 -5.197635616042e-04
47.150000000 -5.807024282088e-04
47.160000000 -6.974381615728e-04
47.170000000 -8.765978509875e-04
47.180000000 -1.128553292163e-03
47.190000000 -1.462568769419e-03
47.200000000 -1.880831322066e-03
47.210000000 -2.374072923642e-03
47.220000000 -2.912099542382e-03
47.230000000 -3.450794194470e-03
47.240000000 -3.942165825781e-03
47.250000000 -4.345454467018e-03
47.260000000 -4.639670793789e-03
47.270000000 -4.824520266049e-03
47.280000000 -4.918395478638e-03
47.290000000 -4.946644749667e-03
47.300000000 -4.932517292996e-03
47.310000000 -4.888147979963e-03
47.320000000 -4.816106183305e-03
47.330000000 -4.714145361343e-03
47.340000000 -4.582569235579e-03
47.350000000 -4.429197518393e-03
47.360000000 -4.271120154140e-03
47.370000000 -4.129958014281e-03
47.380000000 -4.028752668312e-03
47.390000000 -3.987807864003e-03
47.400000000 -4.021699469880e-03
47.410000000 -4.138881256011e-03
47.420000000 -4.337887498175e-03
47.430000000 -4.603513675873e-03
47.440000000 -4.911317322568e-03
47.450000000 -5.234437603033e-03
47.460000000 -5.548574875478e-03
47.470000000 -5.838903785545e-03
47.480000000 -6.092541615834e-03
47.490000000 -6.297507935124e-03
47.500000000 -6.444171921500e-03
47.510000000 -6.524185147105e-03
47.520000000 -6.534508034192e-03
47.530000000 -6.477167818708e-03
47.540000000 -6.352508315458e-03
47.550000000 -6.156660779401e-03
47.560000000 -5.882535304203e-03
47.570000000 -5.523167617187e-03
47.580000000 -5.077457715836e-03
47.590000000 -4.555083103151e-03
47.600000000 -3.969959814976e-03
47.610000000 -3.345206488938e-03
47.620000000 -2.706291118926e-03
47.630000000 -2.077741485277e-03
47.640000000 -1.481386887783e-03
47.650000000 -9.262330937368e-04
47.660000000 -4.070215161059e-04
47.670000000 8.917252985892e-05
47.680000000 5.766764960037e-04
47.690000000 1.056059683146e-03
47.700000000 1.507616291153e-03
47.710000000 1.894392272776e-03
47.720000000 2.171335963998e-03
47.730000000 2.306236800894e-03
47.740000000 2.290291132826e-03
47.750000000 2.150828450082e-03
47.760000000 1.945315624440e-03
47.770000000 1.747891109467e-03
47.780000000 1.627929904831e-03
47.790000000 1.633918366634e-03
47.800000000 1.784495573901e-03
47.810000000 2.064750877194e-03
47.820000000 2.432870512095e-03
47.830000000 2.832785860292e-03
47.840000000 3.206467942585e-03
47.850000000 3.507908650194e-03
47.860000000 3.712042177537e-03
47.870000000 3.814461296626e-03
47.880000000 3.833822172043e-03
47.890000000 3.805934755997e-03
47.900000000 3.781135596935e-03
47.910000000 3.811566685406e-03
47.920000000 3.939627418484e-03
47.930000000 4.185811180639e-03
47.940000000 4.542431297101e-03
47.950000000 4.974287973606e-03
47.960000000 5.423782162892e-03
47.970000000 5.821939624609e-03
47.980000000 6.095328517825e-03
47.990000000 6.181472609882e-03
48.000000000 6.033403224372e-03
48.010000000 5.639941569352e-03
48.020000000 5.028200551263e-03
48.030000000 4.262684284325e-03
48.040000000 3.434878886235e-03
48.050000000 2.639703813432e-03
48.060000000 1.953044043907e-03
48.070000000 1.417533504646e-03
48.080000000 1.038839947689e-03
48.090000000 7.911431856683e-04
48.100000000 6.292283057455e-04
48.110000000 5.044112252380e-04
48.120000000 3.783804083596e-04
48.130000000 2.316451812641e-04
48.140000000 6.557954742658e-05
48.150000000 -1.025808505442e-04
48.160000000 -2.503524450909e-04
48.170000000 -3.594528803534e-04
48.180000000 -4.201876467436e-04
48.190000000 -4.303910815131e-04
48.200000000 -3.942563727982e-04
48.210000000 -3.158726273477e-04
48.220000000 -1.957513248673e-04
48.230000000 -3.780172540796e-05
48.240000000 1.484635825295e-04
48.250000000 3.456269255430e-04
48.260000000 5.266708035555e-04
48.270000000 6.646515547490e-04
48.280000000 7.347177689943e-04
48.290000000 7.278618427275e-04
48.300000000 6.504145082647e-04
48.310000000 5.223076400804e-04
48.320000000 3.713122469693e-04
48.330000000 2.261923669554e-04
48.340000000 1.069857096525e-04
48.350000000 2.621865084828e-05
48.360000000 -1.163397178711e-05
48.370000000 -4.088846290072e-06
48.380000000 5.072519521097e-05
48.390000000 1.565541263078e-04
48.400000000 3.124361506524e-04
48.410000000 5.030412166885e-04
48.420000000 6.990740380539e-04
48.430000000 8.545789061201e-04
48.440000000 9.207950705139e-04
48.450000000 8.570404467414e-04
48.460000000 6.443288793544e-04
48.470000000 2.946459927621e-04
48.480000000 -1.511873606293e-04
48.490000000 -6.275793325362e-04
48.500000000 -1.065250036959e-03
48.510000000 -1.404004818719e-03
48.520000000 -1.609118300077e-03
48.530000000 -1.676268115810e-03
48.540000000 -1.624160399341e-03
48.550000000 -1.492821276671e-03
48.560000000 -1.329051082515e-03
48.570000000 -1.180679548300e-03
48.580000000 -1.089524523796e-03
48.590000000 -1.080704998928e-03
48.600000000 -1.161787483200e-03
48.610000000 -1.316394303609e-03
48.620000000 -1.509964326393e-03
48.630000000 -1.701033090097e-03
48.640000000 -1.849887444779e-03
48.650000000 -1.927982383736e-03
48.660000000 -1.922287312741e-03
48.670000000 -1.833135609007e-03
48.680000000 -1.673888055230e-03
48.690000000 -1.466395887652e-03
48.700000000 -1.239958492188e-03
48.710000000 -1.029726287134e-03
48.720000000 -8.667256210246e-04
48.730000000 -7.736666049336e-04
48.740000000 -7.558041122494e-04
48.750000000 -8.029135063882e-04
48.760000000 -8.838263564636e-04
48.770000000 -9.570363097913e-04
48.780000000 -9.780198273324e-04
48.790000000 -9.097001179139e-04
48.800000000 -7.360308999904e-04
48.810000000 -4.618643864006e-04
48.820000000 -1.143126359010e-04
48.830000000 2.660588328053e-04
48.840000000 6.380248502925e-04
48.850000000 9.681847001800e-04
48.860000000 1.237306994423e-03
48.870000000 1.441721309717e-03
48.880000000 1.592937674383e-03
48.890000000 1.708942514163e-03
48.900000000 1.809102894701e-03
48.910000000 1.906825673780e-03
48.920000000 2.003675581339e-03
48.930000000 2.088399823645e-03
48.940000000 2.145983920101e-03
48.950000000 2.163024626809e-03
48.960000000 2.136172012125e-03
48.970000000 2.081528052666e-03
48.980000000 2.037448401122e-03
48.990000000 2.060738182547e-03
49.000000000 2.214215603041e-03
49.010000000 2.541318612417e-03
49.020000000 3.047569208648e-03
49.030000000 3.688029832144e-03
49.040000000 4.376130753186e-03
49.050000000 5.001202689014e-03
49.060000000 5.459383257363e-03
49.070000000 5.675205975361e-03
49.080000000 5.616274002605e-03
49.090000000 5.299844161621e-03
49.100000000 4.783262154716e-03
49.110000000 4.152014991914e-03
49.120000000 3.505551683373e-03
49.130000000 2.938123455175e-03
49.140000000 2.528217454301e-03
49.150000000 2.322093119582e-03
49.160000000 2.330887046806e-03
49.170000000 2.531410595119e-03
49.180000000 2.875982447607e-03
49.190000000 3.304658148517e-03
49.200000000 3.755099196111e-03
49.210000000 4.170794113774e-03
49.220000000 4.508971759178e-03
49.230000000 4.740538497725e-03
49.240000000 4.854640149538e-03
49.250000000 4.855802076371e-03
49.260000000 4.757883266751e-03
49.270000000 4.575286013968e-03
49.280000000 4.321177238494e-03
49.290000000 4.009439656385e-03
49.300000000 3.661546148597e-03
49.310000000 3.311386457522e-03
49.320000000 2.999021348628e-03
49.330000000 2.765361789295e-03
49.340000000 2.641390773142e-03
49.350000000 2.640343731679e-03
49.360000000 2.757129294560e-03
49.370000000 2.963361560583e-03
49.380000000 3.208933691271e-03
49.390000000 3.426190884708e-03
49.400000000 3.541490727827e-03
49.410000000 3.484830453498e-03
49.420000000 3.205943101854e-03
49.430000000 2.680518822223e-03
49.440000000 1.918500765656e-03
49.450000000 9.584643561889e-04
49.460000000 -1.378270684609e-04
49.470000000 -1.290591703044e-03
49.480000000 -2.410749213165e-03
49.490000000 -3.410315242088e-03
49.500000000 -4.218741907436e-03
49.510000000 -4.792569676775e-03
49.520000000 -5.127558695102e-03
49.530000000 -5.251594515799e-03
49.540000000 -5.221093943100e-03
49.550000000 -5.101449007666e-03
49.560000000 -4.951057349753e-03
49.570000000 -4.811918685322e-03
49.580000000 -4.708177919674e-03
49.590000000 -4.655732534699e-03
49.600000000 -4.671773813943e-03
49.610000000 -4.780370082453e-03
49.620000000 -5.007253833492e-03
49.630000000 -5.362542178260e-03
49.640000000 -5.835904115672e-03
49.650000000 -6.390549181895e-03
49.660000000 -6.971879760452e-03
49.670000000 -7.522007127736e-03
49.680000000 -7.992769083726e-03
49.690000000 -8.355583098804e-03
49.700000000 -8.599150869223e-03
49.710000000 -8.726904411509e-03
49.720000000 -8.746861307293e-03
49.730000000 -8.667450436239e-03
49.740000000 -8.497120856260e-03
49.750000000 -8.249985981479e-03
49.760000000 -7.949944103308e-03
49.770000000 -7.630517741946e-03
49.780000000 -7.325492596496e-03
49.790000000 -7.056401731085e-03
49.800000000 -6.823026139209e-03
49.810000000 -6.605207867058e-03
49.820000000 -6.373023873801e-03
49.830000000 -6.099475097940e-03
49.840000000 -5.773954001816e-03
49.850000000 -5.400113147831e-03
49.860000000 -4.990737764137e-03
49.870000000 -4.560615075712e-03
49.880000000 -4.125757444845e-03
49.890000000 -3.703326268526e-03
49.900000000 -3.314046178059e-03
49.910000000 -2.983514292210e-03
49.920000000 -2.733152902797e-03
49.930000000 -2.570604898490e-03
49.940000000 -2.486810042453e-03
49.950000000 -2.450654726671e-03
49.960000000 -2.423799105476e-03
49.970000000 -2.369463894628e-03
49.980000000 -2.266614166114e-03
49.990000000 -2.108866579072e-03
50.000000000 -1.902956423126e-03
50.010000000 -1.650295251387e-03
50.020000000 -1.344079511746e-03
50.030000000 -9.641161131471e-04
50.040000000 -4.860430822786e-04
50.050000000 1.078684397847e-04
50.060000000 8.191974850776e-04
50.070000000 1.629239383695e-03
50.080000000 2.498995965407e-03
50.090000000 3.374478028112e-03
50.100000000 4.200025770678e-03
50.110000000 4.920412451541e-03
50.120000000 5.491573792763e-03
50.130000000 5.879679752610e-03
50.140000000 6.064919682923e-03
50.150000000 6.042904012921e-03
50.160000000 5.824137840746e-03
50.170000000 5.441001596863e-03
50.180000000 4.945406204155e-03
50.190000000 4.401815713133e-03
50.200000000 3.882171287323e-03
50.210000000 3.449101827265e-03
50.220000000 3.153924371357e-03
50.230000000 3.023868493236e-03
50.240000000 3.058992406880e-03
50.250000000 3.230565551148e-03
50.260000000 3.483494267674e-03
50.270000000 3.747769412183e-03
50.280000000 3.953246307714e-03
50.290000000 4.039544059733e-03
50.300000000 3.972833884401e-03
50.310000000 3.742815152381e-03
50.320000000 3.361407159790e-03
50.330000000 2.858433453565e-03
50.340000000 2.270188767391e-03
50.350000000 1.639372990183e-03
50.360000000 1.015079101839e-03
50.370000000 4.487651064189e-04
50.380000000 -7.694996578630e-06
50.390000000 -3.091829298297e-04
50.400000000 -4.313932846127e-04
50.410000000 -3.802030335492e-04
50.420000000 -1.947584969849e-04
50.430000000 6.009839558539e-05
50.440000000 3.045726724269e-04
50.450000000 4.670098201610e-04
50.460000000 4.984218257203e-04
50.470000000 3.813963919161e-04
50.480000000 1.295946772981e-04
50.490000000 -2.233811135249e-04
50.500000000 -6.387027241173e-04
50.510000000 -1.082805881941e-03
50.520000000 -1.536818545825e-03
50.530000000 -1.992065712700e-03
50.540000000 -2.442286158679e-03
50.550000000 -2.880699300339e-03
50.560000000 -3.294317817980e-03
50.570000000 -3.666686665643e-03
50.580000000 -3.982831701350e-03
50.590000000 -4.230372003667e-03
50.600000000 -4.399212362182e-03
50.610000000 -4.482037891877e-03
50.620000000 -4.471039225969e-03
50.630000000 -4.366867122798e-03
50.640000000 -4.184497920103e-03
50.650000000 -3.960504943851e-03
50.660000000 -3.754941889153e-03
50.670000000 -3.638092009216e-03
50.680000000 -3.669054860699e-03
50.690000000 -3.872121378541e-03
50.700000000 -4.232253072136e-03
50.710000000 -4.693774564245e-03
50.720000000 -5.184277792859e-03
50.730000000 -5.632722996960e-03
50.740000000 -5.988097134737e-03
50.750000000 -6.221747789884e-03
50.760000000 -6.314178610686e-03
50.770000000 -6.253380779538e-03
50.780000000 -6.026133918438e-03
50.790000000 -5.619701495925e-03
50.800000000 -5.032564033726e-03
50.810000000 -4.281867564652e-03
50.820000000 -3.408639528395e-03
50.830000000 -2.479089171984e-03
50.840000000 -1.575193052471e-03
50.850000000 -7.797242140967e-04
50.860000000 -1.572237624643e-04
50.870000000 2.548545905416e-04
50.880000000 4.536886753742e-04
50.890000000 4.688764583945e-04
50.900000000 3.525486684890e-04
50.910000000 1.686865003870e-04
50.920000000 -1.611340403459e-05
50.930000000 -1.484875438393e-04
50.940000000 -1.985562578428e-04
50.950000000 -1.615853162020e-04
50.960000000 -5.887203738102e-05
50.970000000 7.582048683660e-05
50.980000000 2.052493827732e-04
50.990000000 2.998131162928e-04
51.000000000 3.437218198589e-04
51.010000000 3.377219688262e-04
51.020000000 2.959568101914e-04
51.030000000 2.426261837897e-04
51.040000000 2.078441470644e-04
51.050000000 2.207661355136e-04
51.060000000 3.064261898698e-04
51.070000000 4.819179348532e-04
51.080000000 7.542384864899e-04
51.090000000 1.113387061814e-03
51.100000000 1.533357965968e-03
51.110000000 1.974632836977e-03
51.120000000 2.386794113960e-03
51.130000000 2.715507089562e-03
51.140000000 2.914830110001e-03
51.150000000 2.958364510095e-03
51.160000000 2.843761576319e-03
51.170000000 2.596246222135e-03
51.180000000 2.258056474696e-03
51.190000000 1.882418387816e-03
51.200000000 1.515913604341e-03
51.210000000 1.191120247053e-03
51.220000000 9.292040462736e-04
51.230000000 7.451188999134e-04
51.240000000 6.575630028495e-04
51.250000000 6.866284514729e-04
51.260000000 8.499009874963e-04
51.270000000 1.151067891598e-03
51.280000000 1.570139554698e-03
51.290000000 2.065624922041e-03
51.300000000 2.584745781406e-03
51.310000000 3.078834673787e-03
51.320000000 3.516005924506e-03
51.330000000 3.888612424274e-03
51.340000000 4.206720684113e-03
51.350000000 4.486550951878e-03
51.360000000 4.742865986587e-03
51.370000000 4.981620605893e-03
51.380000000 5.201909040243e-03
51.390000000 5.400778301657e-03
51.400000000 5.575627590898e-03
51.410000000 5.728676768900e-03
51.420000000 5.869828728424e-03
51.430000000 6.009448638667e-03
51.440000000 6.154822324986e-03
51.450000000 6.302083600283e-03
51.460000000 6.439165712288e-03
51.470000000 6.546122054667e-03
51.480000000 6.605127977494e-03
51.490000000 6.612126475777e-03
51.500000000 6.572078470806e-03
51.510000000 6.497443720516e-03
51.520000000 6.404204416044e-03
51.530000000 6.303416980640e-03
51.540000000 6.197704001586e-03
51.550000000 6.083530371146e-03
51.560000000 5.947556190053e-03
51.570000000 5.769631062639e-03
51.580000000 5.528291429133e-03
51.590000000 5.206129460186e-03
51.600000000 4.794853309540e-03
51.610000000 4.298356755431e-03
51.620000000 3.734822433442e-03
51.630000000 3.137605725351e-03
51.640000000 2.551455539839e-03
51.650000000 2.028871496195e-03
51.660000000 1.622971824457e-03
51.670000000 1.374477350092e-03
51.680000000 1.306979246137e-03
51.690000000 1.423917466814e-03
51.700000000 1.709035692054e-03
51.710000000 2.130466944698e-03
51.720000000 2.642025052287e-03
51.730000000 3.187863895561e-03
51.740000000 3.705569136663e-03
51.750000000 4.133110805121e-03
51.760000000 4.415479423678e-03
51.770000000 4.518834518300e-03
51.780000000 4.422826378517e-03
51.790000000 4.130590848484e-03
51.800000000 3.660416634047e-03
51.810000000 3.051010403649e-03
51.820000000 2.357839164394e-03
51.830000000 1.646076107128e-03
51.840000000 9.818963962775e-04
51.850000000 4.154522350448e-04
51.860000000 -2.537517485504e-05
51.870000000 -3.407475360773e-04
51.880000000 -5.557922765441e-04
51.890000000 -7.128167420296e-04
51.900000000 -8.587660790167e-04
51.910000000 -1.035845362314e-03
51.920000000 -1.269606534462e-03
51.930000000 -1.566207114147e-03
51.940000000 -1.912844974983e-03
51.950000000 -2.282487823558e-03
51.960000000 -2.646352938498e-03
51.970000000 -2.976536140272e-03
51.980000000 -3.259664098617e-03
51.990000000 -3.498731117510e-03
52.000000000 -3.706868152980e-03
52.010000000 -3.906309123190e-03
52.020000000 -4.116832312975e-03
52.030000000 -4.344240175753e-03
52.040000000 -4.576263130307e-03
52.050000000 -4.783999704628e-03
52.060000000 -4.929945847185e-03
52.070000000 -4.982290594982e-03
52.080000000 -4.929476025044e-03
52.090000000 -4.786013204123e-03
52.100000000 -4.593405403478e-03
52.110000000 -4.414665842040e-03
52.120000000 -4.319419176849e-03
52.130000000 -4.368538781777e-03
52.140000000 -4.604072826983e-03
52.150000000 -5.037816705057e-03
52.160000000 -5.645954168654e-03
52.170000000 -6.372823882717e-03
52.180000000 -7.134529226016e-03
52.190000000 -7.832981424421e-03
52.200000000 -8.373985211680e-03
52.210000000 -8.682897481010e-03
52.220000000 -8.720105031342e-03
52.230000000 -8.488033263290e-03
52.240000000 -8.034713616489e-03
52.250000000 -7.440862064835e-03
52.260000000 -6.803312343193e-03
52.270000000 -6.207100416165e-03
52.280000000 -5.709377177721e-03
52.290000000 -5.323756011010e-03
52.300000000 -5.025996000736e-03
52.310000000 -4.762964135722e-03
52.320000000 -4.477431689877e-03
52.330000000 -4.130404321630e-03
52.340000000 -3.710372526903e-03
52.350000000 -3.240238213655e-03
52.360000000 -2.764603333847e-03
52.370000000 -2.335183678925e-03
52.380000000 -1.992750856889e-03
52.390000000 -1.755138760833e-03
52.400000000 -1.610070926164e-03
52.410000000 -1.516965279551e-03
52.420000000 -1.419809206967e-03
52.430000000 -1.259294845647e-03
52.440000000 -9.944525631253e-04
52.450000000 -6.114286884498e-04
52.460000000 -1.264743626211e-04
52.470000000 4.179314897980e-04
52.480000000 9.692187782591e-04
52.490000000 1.477891697919e-03
52.500000000 1.913166678516e-03
52.510000000 2.270060200401e-03
52.520000000 2.570242922764e-03
52.530000000 2.852277116955e-03
52.540000000 3.156438124611e-03
52.550000000 3.512755424055e-03
52.560000000 3.926822509633e-03
52.570000000 4.379150792868e-03
52.580000000 4.832768769564e-03
52.590000000 5.242302739196e-03
52.600000000 5.568332600825e-03
52.610000000 5.790477666987e-03
52.620000000 5.907621844512e-03
52.630000000 5.937204623037e-03
52.640000000 5.902450759028e-03
52.650000000 5.823253464322e-03
52.660000000 5.714784986620e-03
52.670000000 5.581484176517e-03
52.680000000 5.424629013844e-03
52.690000000 5.251416132710e-03
52.700000000 5.078018576061e-03
52.710000000 4.931147534452e-03
52.720000000 4.843718314775e-03
52.730000000 4.840162257034e-03
52.740000000 4.931164536555e-03
52.750000000 5.101736913052e-03
52.760000000 5.315588534956e-03
52.770000000 5.518880455807e-03
52.780000000 5.660100162058e-03
52.790000000 5.700476471193e-03
52.800000000 5.629561467543e-03
52.810000000 5.462831963491e-03
52.820000000 5.228920122526e-03
52.830000000 4.954034086642e-03
52.840000000 4.652470350855e-03
52.850000000 4.318850709516e-03
52.860000000 3.940305550477e-03
52.870000000 3.505961079681e-03
52.880000000 3.017945977145e-03
52.890000000 2.492668806148e-03
52.900000000 1.953554917254e-03
52.910000000 1.426115634063e-03
52.920000000 9.282273405549e-04
52.930000000 4.716508439212e-04
52.940000000 6.060740804122e-05
52.950000000 -3.025916036374e-04
52.960000000 -6.177394015758e-04
52.970000000 -8.831270132641e-04
52.980000000 -1.090786628811e-03
52.990000000 -1.227748973086e-03
53.000000000 -1.277624243505e-03
53.010000000 -1.227279411091e-03
53.020000000 -1.074026074367e-03
53.030000000 -8.372216818860e-04
53.040000000 -5.571843916577e-04
53.050000000 -2.897140862397e-04
53.060000000 -9.751402017730e-05
53.070000000 -3.099631631888e-05
53.080000000 -1.171928659795e-04
53.090000000 -3.598885518214e-04
53.100000000 -7.351742095887e-04
53.110000000 -1.206051946083e-03
53.120000000 -1.733293884587e-03
53.130000000 -2.285989326550e-03
53.140000000 -2.847278036142e-03
53.150000000 -3.409674618804e-03
53.160000000 -3.968817625985e-03
53.170000000 -4.512070736485e-03
53.180000000 -5.016756542686e-03
53.190000000 -5.453783598620e-03
53.200000000 -5.790662114560e-03
53.210000000 -6.006872352359e-03
53.220000000 -6.100015072240e-03
53.230000000 -6.086830043605e-03
53.240000000 -5.999346799499e-03
53.250000000 -5.872487624899e-03
53.260000000 -5.733401027899e-03
53.270000000 -5.596616735085e-03
53.280000000 -5.465665304288e-03
53.290000000 -5.341598452785e-03
53.300000000 -5.226302886546e-03
53.310000000 -5.124367843656e-03
53.320000000 -5.041145733816e-03
53.330000000 -4.981220044372e-03
53.340000000 -4.947103651551e-03
53.350000000 -4.940024272023e-03
53.360000000 -4.961916443595e-03
53.370000000 -5.015093312642e-03
53.380000000 -5.098761160091e-03
53.390000000 -5.210703103730e-03
53.400000000 -5.346101232851e-03
53.410000000 -5.498648390342e-03
53.420000000 -5.656635427716e-03
53.430000000 -5.802730399465e-03
53.440000000 -5.909388088806e-03
53.450000000 -5.939082983574e-03
53.460000000 -5.855224224488e-03
53.470000000 -5.629729339974e-03
53.480000000 -5.255025002255e-03
53.490000000 -4.754235912189e-03
53.500000000 -4.177425427098e-03
53.510000000 -3.595118171924e-03
53.520000000 -3.079895153383e-03
53.530000000 -2.691005499263e-03
53.540000000 -2.451606464075e-03
53.550000000 -2.345954062961e-03
53.560000000 -2.317077750653e-03
53.570000000 -2.285507470616e-03
53.580000000 -2.172573396770e-03
53.590000000 -1.919353299717e-03
53.600000000 -1.501334894403e-03
53.610000000 -9.330346287100e-04
53.620000000 -2.549814250654e-04
53.630000000 4.764893031412e-04
53.640000000 1.205345572700e-03
53.650000000 1.881332043018e-03
53.660000000 2.461782269786e-03
53.670000000 2.915945504350e-03
53.680000000 3.221320151288e-03
53.690000000 3.367939866457e-03
53.700000000 3.360217082922e-03
53.710000000 3.217705169098e-03
53.720000000 2.971478781171e-03
53.730000000 2.663331530611e-03
53.740000000 2.334045661698e-03
53.750000000 2.021645869594e-03
53.760000000 1.758929763686e-03
53.770000000 1.570670541796e-03
53.780000000 1.468832163705e-03
53.790000000 1.452579331205e-03
53.800000000 1.507260204301e-03
53.810000000 1.605614598776e-03
53.820000000 1.722758723636e-03
53.830000000 1.838422688045e-03
53.840000000 1.946263235465e-03
53.850000000 2.053608958012e-03
53.860000000 2.176799232424e-03
53.870000000 2.333059665157e-03
53.880000000 2.532071614803e-03
53.890000000 2.773993148620e-03
53.900000000 3.045206174248e-03
53.910000000 3.324229072170e-03
53.920000000 3.588241199303e-03
53.930000000 3.822439747642e-03
53.940000000 4.025509564313e-03
53.950000000 4.210306275828e-03
53.960000000 4.399707312822e-03
53.970000000 4.614739155651e-03
53.980000000 4.866883166550e-03
53.990000000 5.145055543148e-03
54.000000000 5.420234291131e-03
54.010000000 5.648476162829e-03
54.020000000 5.788330276114e-03
54.030000000 5.813534936019e-03
54.040000000 5.722093945328e-03
54.050000000 5.540206696526e-03
54.060000000 5.308120384264e-03
54.070000000 5.067662053407e-03
54.080000000 4.849794622652e-03
54.090000000 4.672122322428e-03
54.100000000 4.541163869589e-03
54.110000000 4.456237140790e-03
54.120000000 4.415313061077e-03
54.130000000 4.415780232266e-03
54.140000000 4.448621654363e-03
54.150000000 4.500468232117e-03
54.160000000 4.551602028583e-03
54.170000000 4.578095561460e-03
54.180000000 4.559157810898e-03
54.190000000 4.482793747631e-03
54.200000000 4.346826664181e-03
54.210000000 4.162037109503e-03
54.220000000 3.945564246313e-03
54.230000000 3.717812904358e-03
54.240000000 3.498698376143e-03
54.250000000 3.301589445244e-03
54.260000000 3.137953353984e-03
54.270000000 3.008647315500e-03
54.280000000 2.909625983613e-03
54.290000000 2.830309485299e-03
54.300000000 2.755975009925e-03
54.310000000 2.668160297128e-03
54.320000000 2.547436522976e-03
54.330000000 2.375005367620e-03
54.340000000 2.134466977493e-03
54.350000000 1.816870447615e-03
54.360000000 1.422553439407e-03
54.370000000 9.593201170703e-04
54.380000000 4.436314005290e-04
54.390000000 -1.097903284962e-04
54.400000000 -6.872385746659e-04
54.410000000 -1.281936308400e-03
54.420000000 -1.889197055370e-03
54.430000000 -2.501800910978e-03
54.440000000 -3.107189094235e-03
54.450000000 -3.683517010580e-03
54.460000000 -4.203436205150e-03
54.470000000 -4.645909000229e-03
54.480000000 -4.995228595427e-03
54.490000000 -5.244880839450e-03
54.500000000 -5.398329921460e-03
54.510000000 -5.463176203136e-03
54.520000000 -5.455107509908e-03
54.530000000 -5.390106869636e-03
54.540000000 -5.283490096454e-03
54.550000000 -5.148738926395e-03
54.560000000 -4.993698835033e-03
54.570000000 -4.821176756931e-03
54.580000000 -4.628430372136e-03
54.590000000 -4.412051546623e-03
54.600000000 -4.170957716571e-03
54.610000000 -3.905143657308e-03
54.620000000 -3.614159242608e-03
54.630000000 -3.296026864067e-03
54.640000000 -2.950559368649e-03
54.650000000 -2.577761670938e-03
54.660000000 -2.185283362206e-03
54.670000000 -1.787350771786e-03
54.680000000 -1.401773185365e-03
54.690000000 -1.048869479185e-03
54.700000000 -7.498622152763e-04
54.710000000 -5.228121251712e-04
54.720000000 -3.803888685766e-04
54.730000000 -3.276722050715e-04
54.740000000 -3.585456307334e-04
54.750000000 -4.520861998137e-04
54.760000000 -5.801150237896e-04
54.770000000 -7.095326431140e-04
54.780000000 -8.145794919732e-04
54.790000000 -8.787769861562e-04
54.800000000 -9.020115669250e-04
54.810000000 -8.914501512488e-04
54.820000000 -8.583753565762e-04
54.830000000 -8.074710867375e-04
54.840000000 -7.300121581560e-04
54.850000000 -6.029213711914e-04
54.860000000 -3.988044251982e-04
54.870000000 -1.035633414190e-04
54.880000000 2.749617011395e-04
54.890000000 6.993021578322e-04
54.900000000 1.110360230592e-03
54.910000000 1.439903449760e-03
54.920000000 1.629520238665e-03
54.930000000 1.644060955404e-03
54.940000000 1.476767383221e-03
54.950000000 1.148290305275e-03
54.960000000 7.010048514007e-04
54.970000000 1.904862237936e-04
54.980000000 -3.187031804820e-04
54.990000000 -7.622518598407e-04
55.000000000 -1.089752889157e-03
55.010000000 -1.267892024103e-03
55.020000000 -1.292767538998e-03
55.030000000 -1.183605877593e-03
55.040000000 -9.774024976910e-04
55.050000000 -7.145871195245e-04
55.060000000 -4.339470961173e-04
55.070000000 -1.632078445873e-04
55.080000000 7.943584702768e-05
55.090000000 2.819336973741e-04
55.100000000 4.376540101973e-04
55.110000000 5.451443527943e-04
55.120000000 6.099912014232e-04
55.130000000 6.426362828497e-04
55.140000000 6.556651548990e-04
55.150000000 6.561929725758e-04
55.160000000 6.376634938577e-04
55.170000000 5.822585906767e-04
55.180000000 4.658965568941e-04
55.190000000 2.688602329042e-04
55.200000000 -1.103432821432e-05
55.210000000 -3.544272553621e-04
55.220000000 -7.239574427628e-04
55.230000000 -1.072318318728e-03
55.240000000 -1.354445569898e-03
55.250000000 -1.540441241431e-03
55.260000000 -1.623682132377e-03
55.270000000 -1.615405538750e-03
55.280000000 -1.542376172726e-03
55.290000000 -1.432413361410e-03
55.300000000 -1.304135759875e-03
55.310000000 -1.162488326525e-03
55.320000000 -9.982888983949e-04
55.330000000 -7.999527812176e-04
55.340000000 -5.628145227337e-04
55.350000000 -2.988368162895e-04
55.360000000 -3.674541106432e-05
55.370000000 1.923176725508e-04
55.380000000 3.653577114519e-04
55.390000000 4.790165721238e-04
55.400000000 5.494358334392e-04
55.410000000 6.074707011742e-04
55.420000000 6.876218212542e-04
55.430000000 8.166825344500e-04
55.440000000 1.005754041603e-03
55.450000000 1.239955280354e-03
55.460000000 1.486108613027e-03
55.470000000 1.700010072564e-03
55.480000000 1.837074497722e-03
55.490000000 1.869053394945e-03
55.500000000 1.788274087284e-03
55.510000000 1.614573131163e-03
55.520000000 1.382599511911e-03
55.530000000 1.133597078624e-03
55.540000000 9.036751462185e-04
55.550000000 7.169950602573e-04
55.560000000 5.800762313633e-04
55.570000000 4.900908191973e-04
55.580000000 4.378352831677e-04
55.590000000 4.178459043604e-04
55.600000000 4.337905051023e-04
55.610000000 4.940165540926e-04
55.620000000 6.042037045911e-04
55.630000000 7.585482680811e-04
55.640000000 9.356890698565e-04
55.650000000 1.107831259819e-03
55.660000000 1.245076498343e-03
55.670000000 1.330863478433e-03
55.680000000 1.362126608533e-03
55.690000000 1.349344951773e-03
55.700000000 1.310306782090e-03
55.710000000 1.258562397065e-03
55.720000000 1.199450438017e-03
55.730000000 1.124203152438e-03
55.740000000 1.015632542844e-03
55.750000000 8.500203244232e-04
55.760000000 6.061290243475e-04
55.770000000 2.743379313960e-04
55.780000000 -1.350246487439e-04
55.790000000 -5.970885793357e-04
55.800000000 -1.078497310368e-03
55.810000000 -1.546958703378e-03
55.820000000 -1.983969906752e-03
55.830000000 -2.381384321034e-03
55.840000000 -2.740583890418e-03
55.850000000 -3.057817799683e-03
55.860000000 -3.320763126157e-03
55.870000000 -3.507927694427e-03
55.880000000 -3.594000768301e-03
55.890000000 -3.557971223426e-03
55.900000000 -3.397626862949e-03
55.910000000 -3.130366353039e-03
55.920000000 -2.794165000690e-03
55.930000000 -2.434860075740e-03
55.940000000 -2.099434189679e-03
55.950000000 -1.824707424740e-03
55.960000000 -1.634041979147e-03
55.970000000 -1.541086830741e-03
55.980000000 -1.546824306554e-03
55.990000000 -1.642878870573e-03
56.000000000 -1.810886690822e-03
56.010000000 -2.020338565757e-03
56.020000000 -2.228636343584e-03
56.030000000 -2.389945890524e-03
56.040000000 -2.462305053417e-03
56.050000000 -2.419719275548e-03
56.060000000 -2.261067184409e-03
56.070000000 -2.010173540775e-03
56.080000000 -1.714729219409e-03
56.090000000 -1.430532835201e-03
56.100000000 -1.210258893086e-03
56.110000000 -1.087550617472e-03
56.120000000 -1.070423744755e-03
56.130000000 -1.140640211098e-03
56.140000000 -1.260337492668e-03
56.150000000 -1.383864986712e-03
56.160000000 -1.470413436447e-03
56.170000000 -1.489267691346e-03
56.180000000 -1.424484098557e-03
56.190000000 -1.278676802604e-03
56.200000000 -1.062606076036e-03
56.210000000 -7.925998305138e-04
56.220000000 -4.833456313560e-04
56.230000000 -1.401338631824e-04
56.240000000 2.366255677943e-04
56.250000000 6.494438610453e-04
56.260000000 1.095868187583e-03
56.270000000 1.559498514711e-03
56.280000000 2.008416577686e-03
56.290000000 2.396347021202e-03
56.300000000 2.675473546952e-03
56.310000000 2.805172796152e-03
56.320000000 2.768199446883e-03
56.330000000 2.573877005394e-03
56.340000000 2.258663759805e-03
56.350000000 1.875584613054e-03
56.360000000 1.486567720759e-03
56.370000000 1.150852716260e-03
56.380000000 9.211565190242e-04
56.390000000 8.354096348050e-04
56.400000000 9.131974557811e-04
56.410000000 1.151651778659e-03
56.420000000 1.522646211985e-03
56.430000000 1.973686753302e-03
56.440000000 2.440255925322e-03
56.450000000 2.856348271235e-03
56.460000000 3.169423748253e-03
56.470000000 3.353256383492e-03
56.480000000 3.411252084598e-03
56.490000000 3.371784963999e-03
56.500000000 3.277075166720e-03
56.510000000 3.174207149802e-03
56.520000000 3.100056586751e-03
56.530000000 3.075804419633e-03
56.540000000 3.103961873988e-03
56.550000000 3.167119356499e-03
56.560000000 3.236241239855e-03
56.570000000 3.283174802147e-03
56.580000000 3.286412209783e-03
56.590000000 3.236469186255e-03
56.600000000 3.132656618107e-03
56.610000000 2.973506351108e-03
56.620000000 2.753278751461e-03
56.630000000 2.462359341232e-03
56.640000000 2.090936784927e-03
56.650000000 1.638458315432e-03
56.660000000 1.122337611942e-03
56.670000000 5.719564769569e-04
56.680000000 2.955512033815e-05
56.690000000 -4.623297219738e-04
56.700000000 -8.692922175015e-04
56.710000000 -1.167499007044e-03
56.720000000 -1.344410318939e-03
56.730000000 -1.398338321499e-03
56.740000000 -1.330448894975e-03
56.750000000 -1.146100131881e-03
56.760000000 -8.541141491257e-04
56.770000000 -4.675084508558e-04
56.780000000 -9.017918659067e-06
56.790000000 4.873174971830e-04
56.800000000 9.754375257626e-04
56.810000000 1.406883324547e-03
56.820000000 1.741036340957e-03
56.830000000 1.954533396530e-03
56.840000000 2.046744278621e-03
56.850000000 2.039507079846e-03
56.860000000 1.970633673372e-03
56.870000000 1.882403415300e-03
56.880000000 1.814365513184e-03
56.890000000 1.786073192749e-03
56.900000000 1.795006823396e-03
56.910000000 1.816816627859e-03
56.920000000 1.814265837306e-03
56.930000000 1.756593529426e-03
56.940000000 1.631368463219e-03
56.950000000 1.454314580970e-03
56.960000000 1.263907614636e-03
56.970000000 1.103102299672e-03
56.980000000 1.007900052901e-03
56.990000000 9.927851564596e-04
57.000000000 1.051413355017e-03
57.010000000 1.165943253673e-03
57.020000000 1.314235139403e-03
57.030000000 1.471635730454e-03
57.040000000 1.621437805594e-03
57.050000000 1.748324113020e-03
57.060000000 1.839855635693e-03
57.070000000 1.889395840600e-03
57.080000000 1.891987499698e-03
57.090000000 1.848240638353e-03
57.100000000 1.761780760925e-03
57.110000000 1.645003540632e-03
57.120000000 1.515084213817e-03
57.130000000 1.392610496152e-03
57.140000000 1.289751039262e-03
57.150000000 1.207318286595e-03
57.160000000 1.128802073063e-03
57.170000000 1.032175991336e-03
57.180000000 9.001581657480e-04
57.190000000 7.337776969059e-04
57.200000000 5.560626725493e-04
57.210000000 4.069086898819e-04
57.220000000 3.294916962793e-04
57.230000000 3.516292152149e-04
57.240000000 4.715076708981e-04
57.250000000 6.570187740643e-04
57.260000000 8.533080286628e-04
57.270000000 1.003346361088e-03
57.280000000 1.064375670302e-03
57.290000000 1.024537783655e-03
57.300000000 9.053917794221e-04
57.310000000 7.522696981066e-04
57.320000000 6.207507753984e-04
57.330000000 5.557541373236e-04
57.340000000 5.766672013355e-04
57.350000000 6.738195111182e-04
57.360000000 8.141851134358e-04
57.370000000 9.525968489500e-04
57.380000000 1.049869689324e-03
57.390000000 1.081252701511e-03
57.400000000 1.042233491542e-03
57.410000000 9.414025382692e-04
57.420000000 7.940853964472e-04
57.430000000 6.153997647843e-04
57.440000000 4.104183399649e-04
57.450000000 1.775113784137e-04
57.460000000 -8.871212246126e-05
57.470000000 -3.909773421314e-04
57.480000000 -7.269643408381e-04
57.490000000 -1.083936802824e-03
57.500000000 -1.444365052919e-03
57.510000000 -1.790275752912e-03
57.520000000 -2.111758553370e-03
57.530000000 -2.407880161472e-03
57.540000000 -2.681787420078e-03
57.550000000 -2.938675067939e-03
57.560000000 -3.176673550758e-03
57.570000000 -3.387671197382e-03
57.580000000 -3.558993542627e-03
57.590000000 -3.681883180291e-03
57.600000000 -3.760397042215e-03
57.610000000 -3.811378581418e-03
57.620000000 -3.862340654378e-03
57.630000000 -3.947275701977e-03
57.640000000 -4.090555493520e-03
57.650000000 -4.303821131482e-03
57.660000000 -4.580618226946e-03
57.670000000 -4.897448657745e-03
57.680000000 -5.219585742381e-03
57.690000000 -5.511176681416e-03
57.700000000 -5.742296979644e-03
57.710000000 -5.893273190504e-03
57.720000000 -5.961300669087e-03
57.730000000 -5.955421493820e-03
57.740000000 -5.898153339470e-03
57.750000000 -5.815474920971e-03
57.760000000 -5.726525004723e-03
57.770000000 -5.641656504188e-03
57.780000000 -5.558167652157e-03
57.790000000 -5.465095568978e-03
57.800000000 -5.348872636906e-03
57.810000000 -5.200293021028e-03
57.820000000 -5.020742696272e-03
57.830000000 -4.823624400061e-03
57.840000000 -4.632347501071e-03
57.850000000 -4.472561445594e-03
57.860000000 -4.361512697621e-03
57.870000000 -4.305682001363e-03
57.880000000 -4.292380766819e-03
57.890000000 -4.298125476251e-03
57.900000000 -4.296270976928e-03
57.910000000 -4.269465923130e-03
57.920000000 -4.211750725245e-03
57.930000000 -4.131725301760e-03
57.940000000 -4.046507756489e-03
57.950000000 -3.972023306990e-03
57.960000000 -3.919264298576e-03
57.970000000 -3.890257210455e-03
57.980000000 -3.875322007300e-03
57.990000000 -3.855517817277e-03
58.000000000 -3.805739966677e-03
58.010000000 -3.699751407206e-03
58.020000000 -3.513524403573e-03
58.030000000 -3.230329655675e-03
58.040000000 -2.850185704636e-03
58.050000000 -2.385048307994e-03
58.060000000 -1.863900597118e-03
58.070000000 -1.324458769351e-03
58.080000000 -8.080764728691e-04
58.090000000 -3.550909696796e-04
58.100000000 1.519280454687e-06
58.110000000 2.405635132101e-04
58.120000000 3.544483208679e-04
58.130000000 3.521704306469e-04
58.140000000 2.523011541155e-04
58.150000000 8.526147122427e-05
58.160000000 -1.154116883073e-04
58.170000000 -3.137930543905e-04
58.180000000 -4.804811108196e-04
58.190000000 -5.917095531876e-04
58.200000000 -6.350790825383e-04
58.210000000 -6.063950516003e-04
58.220000000 -5.093219124445e-04
58.230000000 -3.541462965679e-04
58.240000000 -1.506660435954e-04
58.250000000 8.264837910313e-05
58.260000000 3.244694604408e-04
58.270000000 5.442466351756e-04
58.280000000 7.079221936261e-04
58.290000000 7.812597892998e-04
58.300000000 7.412483781167e-04
58.310000000 5.790246115742e-04
58.320000000 3.037102615493e-04
58.330000000 -5.648102362943e-05
58.340000000 -4.595743966195e-04
58.350000000 -8.540629061822e-04
58.360000000 -1.189757800946e-03
58.370000000 -1.422031325245e-03
58.380000000 -1.521973362687e-03
58.390000000 -1.480158817156e-03
58.400000000 -1.309866670888e-03
58.410000000 -1.036857328289e-03
58.420000000 -6.952521956725e-04
58.430000000 -3.203525841207e-04
58.440000000 5.525814625970e-05
58.450000000 4.003451988939e-04
58.460000000 6.876909612375e-04
58.470000000 8.955511506463e-04
58.480000000 1.011415788681e-03
58.490000000 1.040425079683e-03
58.500000000 1.002042647038e-03
58.510000000 9.302240041024e-04
58.520000000 8.680688329906e-04
58.530000000 8.588444110535e-04
58.540000000 9.388880085523e-04
58.550000000 1.127649599892e-03
58.560000000 1.427697747315e-03
58.570000000 1.819230574873e-03
58.580000000 2.262683151483e-03
58.590000000 2.707340797338e-03
58.600000000 3.104529272911e-03
58.610000000 3.414675952909e-03
58.620000000 3.621800648585e-03
58.630000000 3.733002656715e-03
58.640000000 3.773235242703e-03
58.650000000 3.777911725859e-03
58.660000000 3.777652256218e-03
58.670000000 3.790672613107e-03
58.680000000 3.823288037763e-03
58.690000000 3.871997524921e-03
58.700000000 3.934983265678e-03
58.710000000 4.012064640237e-03
58.720000000 4.108512986432e-03
58.730000000 4.231120662235e-03
58.740000000 4.382220280125e-03
58.750000000 4.558751309983e-03
58.760000000 4.748957772911e-03
58.770000000 4.936854227066e-03
58.780000000 5.102401994465e-03
58.790000000 5.223754525205e-03
58.800000000 5.274264668622e-03
58.810000000 5.227672257972e-03
58.820000000 5.063373290820e-03
58.830000000 4.775109603281e-03
58.840000000 4.379135923357e-03
58.850000000 3.915398109370e-03
58.860000000 3.439429363098e-03
58.870000000 3.010862308756e-03
58.880000000 2.679786378197e-03
58.890000000 2.476645662615e-03
58.900000000 2.410059370188e-03
58.910000000 2.466527486685e-03
58.920000000 2.614441341630e-03
58.930000000 2.815650962046e-03
58.940000000 3.029993916525e-03
58.950000000 3.220982191249e-03
58.960000000 3.366456822747e-03
58.970000000 3.455783970531e-03
58.980000000 3.494595269454e-03
58.990000000 3.498159170981e-03
59.000000000 3.485610461254e-03
59.010000000 3.471388436811e-03
59.020000000 3.463223181706e-03
59.030000000 3.459198122526e-03
59.040000000 3.453052641798e-03
59.050000000 3.434623042444e-03
59.060000000 3.393317886988e-03
59.070000000 3.317347136483e-03
59.080000000 3.198462978568e-03
59.090000000 3.028323561940e-03
59.100000000 2.803612625201e-03
59.110000000 2.525962255317e-03
59.120000000 2.205334948013e-03
59.130000000 1.856215133451e-03
59.140000000 1.493607657416e-03
59.150000000 1.127451020779e-03
59.160000000 7.617175484668e-04
59.170000000 3.976413080252e-04
59.180000000 3.474659835805e-05
59.190000000 -3.221251580569e-04
59.200000000 -6.608227367200e-04
59.210000000 -9.635161998948e-04
59.220000000 -1.210855001849e-03
59.230000000 -1.388021352378e-03
59.240000000 -1.488725541684e-03
59.250000000 -1.516584202900e-03
59.260000000 -1.482482513731e-03
59.270000000 -1.399299480051e-03
59.280000000 -1.283857056777e-03
59.290000000 -1.152844620380e-03
59.300000000 -1.025039072439e-03
59.310000000 -9.191689075166e-04
59.320000000 -8.449422490153e-04
59.330000000 -8.045711904011e-04
59.340000000 -7.870133663704e-04
59.350000000 -7.717756562308e-04
59.360000000 -7.346579585505e-04
59.370000000 -6.571359344986e-04
59.380000000 -5.289227856098e-04
59.390000000 -3.476669741592e-04
59.400000000 -1.202036483767e-04
59.410000000 1.415431576423e-04
59.420000000 4.218371632835e-04
59.430000000 6.999133938452e-04
59.440000000 9.526428781934e-04
59.450000000 1.153347571658e-03
59.460000000 1.282708922558e-03
59.470000000 1.328900817927e-03
59.480000000 1.296052352517e-03
59.490000000 1.196723482610e-03
59.500000000 1.056096455442e-03
59.510000000 9.033859506342e-04
59.520000000 7.719597695016e-04
59.530000000 6.919272291774e-04
59.540000000 6.897551405179e-04
59.550000000 7.818608782515e-04
59.560000000 9.710511359368e-04
59.570000000 1.247285576129e-03
59.580000000 1.586455001404e-03
59.590000000 1.958154476746e-03
59.600000000 2.326798024455e-03
59.610000000 2.660311206768e-03
59.620000000 2.932244256834e-03
59.630000000 3.125700551888e-03
59.640000000 3.229805716804e-03
59.650000000 3.240595595068e-03
59.660000000 3.160623039786e-03
59.670000000 2.993759835222e-03
59.680000000 2.752396006829e-03
59.690000000 2.455156455269e-03
59.700000000 2.126252442697e-03
59.710000000 1.794525171513e-03
59.720000000 1.488806643193e-03
59.730000000 1.228386791586e-03
59.740000000 1.019588973323e-03
59.750000000 8.545314630451e-04
59.760000000 7.103668334694e-04
59.770000000 5.642929513953e-04
59.780000000 3.950842059835e-04
59.790000000 1.961503598284e-04
59.800000000 -2.940762226138e-05
59.810000000 -2.655485924967e-04
59.820000000 -4.956193667921e-04
59.830000000 -7.032834739205e-04
59.840000000 -8.803597795360e-04
59.850000000 -1.025969270369e-03
59.860000000 -1.141288825205e-03
59.870000000 -1.226313232530e-03
59.880000000 -1.276147984381e-03
59.890000000 -1.283930339795e-03
59.900000000 -1.243733904017e-03
59.910000000 -1.159479375162e-03
59.920000000 -1.044071472574e-03
59.930000000 -9.197734118193e-04
59.940000000 -8.156081329859e-04
59.950000000 -7.627261571282e-04
59.960000000 -7.894432244293e-04
59.970000000 -9.150604941535e-04
59.980000000 -1.147630753629e-03
59.990000000 -1.477735473650e-03
60.000000000 -1.881652063271e-03
60.010000000 -2.323452602941e-03
60.020000000 -2.765257585146e-03
60.030000000 -3.172600068108e-03
60.040000000 -3.521645343327e-03
60.050000000 -3.801979293440e-03
60.060000000 -4.015123432999e-03
60.070000000 -4.167478376626e-03
60.080000000 -4.267196518680e-03
60.090000000 -4.321170214508e-03
60.100000000 -4.334086370385e-03
60.110000000 -4.313912100756e-03
60.120000000 -4.273175869670e-03
60.130000000 -4.230791896227e-03
60.140000000 -4.205493745251e-03
60.150000000 -4.208410306293e-03
60.160000000 -4.239484381761e-03
60.170000000 -4.285623059745e-03
60.180000000 -4.329208245956e-03
60.190000000 -4.351546145288e-03
60.200000000 -4.340783570118e-03
60.210000000 -4.297495197295e-03
60.220000000 -4.232069769328e-03
60.230000000 -4.161602476448e-03
60.240000000 -4.102055268339e-03
60.250000000 -4.064521006689e-03
60.260000000 -4.050572461156e-03
60.270000000 -4.051791430920e-03
60.280000000 -4.053297746742e-03
60.290000000 -4.037479365597e-03
60.300000000 -3.994592869544e-03
60.310000000 -3.926687638581e-03
60.320000000 -3.849555562171e-03
60.330000000 -3.791752759437e-03
60.340000000 -3.776070000922e-03
60.350000000 -3.815070618743e-03
60.360000000 -3.902113079290e-03
60.370000000 -4.007411397955e-03
60.380000000 -4.089426546314e-03
60.390000000 -4.105354102029e-03
60.400000000 -4.021966430916e-03
60.410000000 -3.827078415557e-03
60.420000000 -3.529234812163e-03
60.430000000 -3.154722584529e-03
60.440000000 -2.738552513561e-03
60.450000000 -2.323180255312e-03
60.460000000 -1.949241002629e-03
60.470000000 -1.653589895755e-03
60.480000000 -1.465656675754e-03
60.490000000 -1.403756968691e-03
60.500000000 -1.470547775734e-03
60.510000000 -1.650020040039e-03
60.520000000 -1.911062633623e-03
60.530000000 -2.208507728601e-03
60.540000000 -2.492693804203e-03
60.550000000 -2.713787902769e-03
60.560000000 -2.834874159564e-03
60.570000000 -2.840590427796e-03
60.580000000 -2.738738417499e-03
60.590000000 -2.558345236580e-03
60.600000000 -2.338593250393e-03
60.610000000 -2.118255228894e-03
60.620000000 -1.923624956342e-03
60.630000000 -1.764664888944e-03
60.640000000 -1.636360516394e-03
60.650000000 -1.529142105847e-03
60.660000000 -1.437046656461e-03
60.670000000 -1.360942623779e-03
60.680000000 -1.309290297409e-03
60.690000000 -1.292544606183e-03
60.700000000 -1.312273622926e-03
60.710000000 -1.360345582321e-03
60.720000000 -1.417631934411e-03
60.730000000 -1.460732109455e-03
60.740000000 -1.465588384378e-03
60.750000000 -1.418649429071e-03
60.760000000 -1.322696905367e-03
60.770000000 -1.194410529725e-03
60.780000000 -1.067009585150e-03
60.790000000 -9.739179552862e-04
60.800000000 -9.431020820472e-04
60.810000000 -9.852170682506e-04
60.820000000 -1.085225159658e-03
60.830000000 -1.209991062361e-03
60.840000000 -1.312911670940e-03
60.850000000 -1.349599279570e-03
60.860000000 -1.288572790394e-03
60.870000000 -1.115585342827e-03
60.880000000 -8.342825784083e-04
60.890000000 -4.623835750457e-04
60.900000000 -2.499732734798e-05
60.910000000 4.488669114471e-04
60.920000000 9.281142854925e-04
60.930000000 1.381750762457e-03
60.940000000 1.784094702551e-03
60.950000000 2.113912503530e-03
60.960000000 2.359918773019e-03
60.970000000 2.522331137272e-03
60.980000000 2.608826283447e-03
60.990000000 2.635911425515e-03
61.000000000 2.625575250129e-03
61.010000000 2.600504818827e-03
61.020000000 2.586527777330e-03
61.030000000 2.602353617224e-03
61.040000000 2.663954373425e-03
61.050000000 2.776002449721e-03
61.060000000 2.933102040992e-03
61.070000000 3.117433047045e-03
61.080000000 3.305167578400e-03
61.090000000 3.471320138619e-03
61.100000000 3.595231161628e-03
61.110000000 3.669299087317e-03
61.120000000 3.699609643287e-03
61.130000000 3.705831471006e-03
61.140000000 3.715999432340e-03
61.150000000 3.759147509160e-03
61.160000000 3.856157934676e-03
61.170000000 4.018099446417e-03
61.180000000 4.243012299514e-03
61.190000000 4.521059785395e-03
61.200000000 4.834256276761e-03
61.210000000 5.162479543925e-03
61.220000000 5.485789978491e-03
61.230000000 5.787016496981e-03
61.240000000 6.050197122927e-03
61.250000000 6.260222589550e-03
61.260000000 6.403217130625e-03
61.270000000 6.465673375023e-03
61.280000000 6.441851367125e-03
61.290000000 6.329824423878e-03
61.300000000 6.136972393798e-03
61.310000000 5.879838476700e-03
61.320000000 5.578551395203e-03
61.330000000 5.254553735542e-03
61.340000000 4.925389086262e-03
61.350000000 4.599791367611e-03
61.360000000 4.278772734614e-03
61.370000000 3.953692259919e-03
61.380000000 3.615365861159e-03
61.390000000 3.257397129344e-03
61.400000000 2.878124085242e-03
61.410000000 2.486007502871e-03
61.420000000 2.096879487614e-03
61.430000000 1.733617140805e-03
61.440000000 1.417646263314e-03
61.450000000 1.166661677887e-03
61.460000000 9.906496356383e-04
61.470000000 8.894282441803e-04
61.480000000 8.542209444082e-04
61.490000000 8.694839469381e-04
61.500000000 9.217175173235e-04
61.510000000 1.001455473806e-03
61.520000000 1.106403975768e-03
61.530000000 1.240258651598e-03
61.540000000 1.404694926203e-03
61.550000000 1.590184417714e-03
61.560000000 1.774138755999e-03
61.570000000 1.920534981879e-03
61.580000000 1.987735385121e-03
61.590000000 1.938858508137e-03
61.600000000 1.752909524835e-03
61.610000000 1.432391798053e-03
61.620000000 1.002081416817e-03
61.630000000 5.058404953973e-04
61.640000000 -9.341030321198e-06
61.650000000 -4.988080330105e-04
61.660000000 -9.336999493163e-04
61.670000000 -1.298739443855e-03
61.680000000 -1.592704295512e-03
61.690000000 -1.820927269335e-03
61.700000000 -1.987501304258e-03
61.710000000 -2.089867708243e-03
61.720000000 -2.120282841447e-03
61.730000000 -2.068495019289e-03
61.740000000 -1.933501934246e-03
61.750000000 -1.727980523732e-03
61.760000000 -1.481764594675e-03
61.770000000 -1.235034196204e-03
61.780000000 -1.032076818535e-03
61.790000000 -9.059850881102e-04
61.800000000 -8.718505082903e-04
61.810000000 -9.268577452146e-04
61.820000000 -1.052052573514e-03
61.830000000 -1.223051056591e-03
61.840000000 -1.417393170508e-03
61.850000000 -1.613706446164e-03
61.860000000 -1.794790371188e-03
61.870000000 -1.945431264690e-03
61.880000000 -2.049192999292e-03
61.890000000 -2.090571084885e-03
61.900000000 -2.059297604281e-03
61.910000000 -1.951279821356e-03
61.920000000 -1.770546697000e-03
61.930000000 -1.529059653936e-03
61.940000000 -1.243242165696e-03
61.950000000 -9.341033400183e-04
61.960000000 -6.251547480625e-04
61.970000000 -3.382765291134e-04
61.980000000 -9.062573969497e-05
61.990000000 1.143810032133e-04
62.000000000 2.897533452291e-04
62.010000000 4.640681859020e-04
62.020000000 6.741562626424e-04
62.030000000 9.511038253066e-04
62.040000000 1.308470798875e-03
62.050000000 1.735606754774e-03
62.060000000 2.196885098915e-03
62.070000000 2.640757082165e-03
62.080000000 3.015218878194e-03
62.090000000 3.281277868213e-03
62.100000000 3.423177853201e-03
62.110000000 3.450376802469e-03
62.120000000 3.391353250001e-03
62.130000000 3.281272893674e-03
62.140000000 3.155143435547e-03
62.150000000 3.037687383506e-03
62.160000000 2.940834087656e-03
62.170000000 2.864972035109e-03
62.180000000 2.802031081973e-03
62.190000000 2.740957120972e-03
62.200000000 2.670297611242e-03
62.210000000 2.581380809862e-03
62.220000000 2.469547473736e-03
62.230000000 2.339658184694e-03
62.240000000 2.204828567112e-03
62.250000000 2.079663048430e-03
62.260000000 1.980866007205e-03
62.270000000 1.915537253892e-03
62.280000000 1.880744823141e-03
62.290000000 1.866842862946e-03
62.300000000 1.854913837517e-03
62.310000000 1.828216217850e-03
62.320000000 1.769086694487e-03
62.330000000 1.664096745597e-03
62.340000000 1.506968998007e-03
62.350000000 1.299208976286e-03
62.360000000 1.046272753496e-03
62.370000000 7.582526852536e-04
62.380000000 4.468148586176e-04
62.390000000 1.201416507310e-04
62.400000000 -2.158238648867e-04
62.410000000 -5.593473198232e-04
62.420000000 -9.102775500162e-04
62.430000000 -1.266703374228e-03
62.440000000 -1.622753301198e-03
62.450000000 -1.971019300130e-03
62.460000000 -2.299146933676e-03
62.470000000 -2.595036662815e-03
62.480000000 -2.845273032593e-03
62.490000000 -3.036053312546e-03
62.500000000 -3.154230106405e-03
62.510000000 -3.193286032088e-03
62.520000000 -3.154665218427e-03
62.530000000 -3.052265710041e-03
62.540000000 -2.912806641899e-03
62.550000000 -2.768039906736e-03
62.560000000 -2.649387616272e-03
62.570000000 -2.577792629856e-03
62.580000000 -2.558685195078e-03
62.590000000 -2.579528566026e-03
62.600000000 -2.617374745620e-03
62.610000000 -2.645330406832e-03
62.620000000 -2.643699376597e-03
62.630000000 -2.606886647515e-03
62.640000000 -2.547399469869e-03
62.650000000 -2.489573806371e-03
62.660000000 -2.468002791222e-03
62.670000000 -2.513226101188e-03
62.680000000 -2.649468138829e-03
62.690000000 -2.887666289523e-03
62.700000000 -3.225881214073e-03
62.710000000 -3.648094374073e-03
62.720000000 -4.126754211830e-03
62.730000000 -4.629737090271e-03
62.740000000 -5.121917979212e-03
62.750000000 -5.570264531768e-03
62.760000000 -5.946665949392e-03
62.770000000 -6.229126463528e-03
62.780000000 -6.402371411325e-03
62.790000000 -6.460452586473e-03
62.800000000 -6.407722008299e-03
62.810000000 -6.257013971379e-03
62.820000000 -6.030879257819e-03
62.830000000 -5.752538618030e-03
62.840000000 -5.446585868839e-03
62.850000000 -5.133154903631e-03
62.860000000 -4.822960288081e-03
62.870000000 -4.523638361409e-03
62.880000000 -4.237406251215e-03
62.890000000 -3.964763161521e-03
62.900000000 -3.708116499495e-03
62.910000000 -3.469498411652e-03
62.920000000 -3.251589844441e-03
62.930000000 -3.055632906595e-03
62.940000000 -2.880519969306e-03
62.950000000 -2.720124734812e-03
62.960000000 -2.564333620675e-03
62.970000000 -2.407053697832e-03
62.980000000 -2.244410561938e-03
62.990000000 -2.084129042621e-03
63.000000000 -1.937591131645e-03
63.010000000 -1.819532864029e-03
63.020000000 -1.738771294045e-03
63.030000000 -1.694048927251e-03
63.040000000 -1.675161448614e-03
63.050000000 -1.663182384368e-03
63.060000000 -1.636166895466e-03
63.070000000 -1.572491689292e-03
63.080000000 -1.456727348370e-03
63.090000000 -1.278490291554e-03
63.100000000 -1.032622978257e-03
63.110000000 -7.206302721817e-04
63.120000000 -3.492784514209e-04
63.130000000 6.694968910443e-05
63.140000000 5.078477600565e-04
63.150000000 9.491331208315e-04
63.160000000 1.362719860225e-03
63.170000000 1.726727398603e-03
63.180000000 2.023661479697e-03
63.190000000 2.248019510363e-03
63.200000000 2.406498034592e-03
63.210000000 2.510733084074e-03
63.220000000 2.580829111261e-03
63.230000000 2.636016657091e-03
63.240000000 2.692579185369e-03
63.250000000 2.758635292571e-03
63.260000000 2.833318797158e-03
63.270000000 2.906641515659e-03
63.280000000 2.962538018146e-03
63.290000000 2.988394923306e-03
63.300000000 2.977589915006e-03
63.310000000 2.938138013594e-03
63.320000000 2.886236538168e-03
63.330000000 2.843299192806e-03
63.340000000 2.827187437993e-03
63.350000000 2.847779532191e-03
63.360000000 2.906273587368e-03
63.370000000 2.998173483090e-03
63.380000000 3.116593430696e-03
63.390000000 3.254345081034e-03
63.400000000 3.403461843059e-03
63.410000000 3.551873505515e-03
63.420000000 3.679930511955e-03
63.430000000 3.764607462389e-03
63.440000000 3.783162857173e-03
63.450000000 3.721321373811e-03
63.460000000 3.581474495773e-03
63.470000000 3.384092013600e-03
63.480000000 3.160728964279e-03
63.490000000 2.944681085354e-03
63.500000000 2.762522944763e-03
63.510000000 2.623368880357e-03
63.520000000 2.523529826059e-03
63.530000000 2.448514146613e-03
63.540000000 2.381649347567e-03
63.550000000 2.312426852314e-03
63.560000000 2.236091922893e-03
63.570000000 2.156298139092e-03
63.580000000 2.078520490917e-03
63.590000000 2.008245977695e-03
63.600000000 1.948662646678e-03
63.610000000 1.900435288193e-03
63.620000000 1.866369837355e-03
63.630000000 1.848452955200e-03
63.640000000 1.846422841632e-03
63.650000000 1.856663290592e-03
63.660000000 1.868737578945e-03
63.670000000 1.866672743417e-03
63.680000000 1.835808621972e-03
63.690000000 1.767477222221e-03
63.700000000 1.662304678189e-03
63.710000000 1.529771085054e-03
63.720000000 1.383681929475e-03
63.730000000 1.239634314954e-03
63.740000000 1.110352486979e-03
63.750000000 1.003270203948e-03
63.760000000 9.186141000717e-04
63.770000000 8.490568013760e-04
63.780000000 7.838228177379e-04
63.790000000 7.104323265977e-04
63.800000000 6.174516617542e-04
63.810000000 5.007446041421e-04
63.820000000 3.616136686432e-04
63.830000000 2.126290859254e-04
63.840000000 6.970509509184e-05
63.850000000 -5.327956210949e-05
63.860000000 -1.525761723761e-04
63.870000000 -2.366563805189e-04
63.880000000 -3.243814903511e-04
63.890000000 -4.354901463456e-04
63.900000000 -5.809177090884e-04
63.910000000 -7.558577612584e-04
63.920000000 -9.388851825204e-04
63.930000000 -1.102995912715e-03
63.940000000 -1.220996385221e-03
63.950000000 -1.277317332556e-03
63.960000000 -1.272205645365e-03
63.970000000 -1.218880289848e-03
63.980000000 -1.136328947548e-03
63.990000000 -1.042704453882e-03
64.000000000 -9.485180730732e-04
64.010000000 -8.549367978018e-04
64.020000000 -7.548584272408e-04
64.030000000 -6.387580639844e-04
64.040000000 -5.022802927843e-04
64.050000000 -3.499970168091e-04
64.060000000 -1.992666709039e-04
64.070000000 -7.615466186731e-05
64.080000000 -4.895910568291e-06
64.090000000 -4.691708461986e-06
64.100000000 -8.294830007902e-05
64.110000000 -2.342541040813e-04
64.120000000 -4.442537941410e-04
64.130000000 -6.883940746950e-04
64.140000000 -9.397152441108e-04
64.150000000 -1.169145360113e-03
64.160000000 -1.350133357954e-03
64.170000000 -1.460704810248e-03
64.180000000 -1.487705003736e-03
64.190000000 -1.427761560284e-03
64.200000000 -1.288562262367e-03
64.210000000 -1.085191607480e-03
64.220000000 -8.411230572238e-04
64.230000000 -5.795510349199e-04
64.240000000 -3.210645302352e-04
64.250000000 -7.792729537985e-05
64.260000000 1.458006408586e-04
64.270000000 3.543758374662e-04
64.280000000 5.581662724656e-04
64.290000000 7.689595319170e-04
64.300000000 9.982720189585e-04
64.310000000 1.251545520319e-03
64.320000000 1.528817045132e-03
64.330000000 1.820539207464e-03
64.340000000 2.110823134315e-03
64.350000000 2.378799755566e-03
64.360000000 2.605931378732e-03
64.370000000 2.780179035823e-03
64.380000000 2.899897702338e-03
64.390000000 2.973111049489e-03
64.400000000 3.013260582771e-03
64.410000000 3.030231675075e-03
64.420000000 3.028161137024e-03
64.430000000 3.002601171831e-03
64.440000000 2.940265323255e-03
64.450000000 2.828732453195e-03
64.460000000 2.662680375528e-03
64.470000000 2.449711911652e-03
64.480000000 2.210717136320e-03
64.490000000 1.971335117386e-03
64.500000000 1.750574769425e-03
64.510000000 1.560228814653e-03
64.520000000 1.398822342107e-03
64.530000000 1.258560692316e-03
64.540000000 1.129502465610e-03
64.550000000 1.003680694994e-03
64.560000000 8.752593962730e-04
64.570000000 7.450012787706e-04
64.580000000 6.162337832271e-04
64.590000000 4.940150434609e-04
64.600000000 3.841668110053e-04
64.610000000 2.921060731039e-04
64.620000000 2.187754423413e-04
64.630000000 1.638859942096e-04
64.640000000 1.267531596354e-04
64.650000000 1.081917586848e-04
64.660000000 1.112809136370e-04
64.670000000 1.430007913076e-04
64.680000000 2.083115395362e-04
64.690000000 3.092779573623e-04
64.700000000 4.398190515540e-04
64.710000000 5.876747429477e-04
64.720000000 7.328437658463e-04
64.730000000 8.513193259704e-04
64.740000000 9.185587000270e-04
64.750000000 9.155857807677e-04
64.760000000 8.309808137609e-04
64.770000000 6.640410706171e-04
64.780000000 4.285689060643e-04
64.790000000 1.444882878366e-04
64.800000000 -1.586602166667e-04
64.810000000 -4.506675149033e-04
64.820000000 -7.028509064465e-04
64.830000000 -8.920474277329e-04
64.840000000 -1.004397752137e-03
64.850000000 -1.032399558524e-03
64.860000000 -9.790973202799e-04
64.870000000 -8.549332013950e-04
64.880000000 -6.766111338258e-04
64.890000000 -4.685259473633e-04
64.900000000 -2.579424869735e-04
64.910000000 -7.679374747441e-05
64.920000000 4.322354479222e-05
64.930000000 7.683745898130e-05
64.940000000 1.014650696611e-05
64.950000000 -1.527975998924e-04
64.960000000 -3.908735204067e-04
64.970000000 -6.692650842529e-04
64.980000000 -9.456990427678e-04
64.990000000 -1.181674881199e-03
65.000000000 -1.351714884684e-03
65.010000000 -1.445836378681e-03
65.020000000 -1.470914735344e-03
65.030000000 -1.441961538103e-03
65.040000000 -1.378497525768e-03
65.050000000 -1.299956261775e-03
65.060000000 -1.219808464141e-03
65.070000000 -1.149234412955e-03
65.080000000 -1.093674469025e-03
65.090000000 -1.058409679026e-03
65.100000000 -1.048317082001e-03
65.110000000 -1.066013476442e-03
65.120000000 -1.119021212693e-03
65.130000000 -1.212540085328e-03
65.140000000 -1.349278123685e-03
65.150000000 -1.522478586850e-03
65.160000000 -1.715761927542e-03
65.170000000 -1.899979699015e-03
65.180000000 -2.041876814235e-03
65.190000000 -2.108060656868e-03
65.200000000 -2.076216483884e-03
65.210000000 -1.942707296630e-03
65.220000000 -1.719782488916e-03
65.230000000 -1.439443142517e-03
65.240000000 -1.146079031559e-03
65.250000000 -8.887968990047e-04
65.260000000 -7.125935018138e-04
65.270000000 -6.528191212260e-04
65.280000000 -7.257715761606e-04
65.290000000 -9.283244983849e-04
65.300000000 -1.236519762755e-03
65.310000000 -1.610395175188e-03
65.320000000 -2.002420570420e-03
65.330000000 -2.366701732661e-03
65.340000000 -2.663930552675e-03
65.350000000 -2.869980903859e-03
65.360000000 -2.977287189950e-03
65.370000000 -2.991981855019e-03
65.380000000 -2.936782359293e-03
65.390000000 -2.841723353856e-03
65.400000000 -2.740828009573e-03
65.410000000 -2.664952044862e-03
65.420000000 -2.634211026853e-03
65.430000000 -2.655904376764e-03
65.440000000 -2.725129326433e-03
65.450000000 -2.830365800901e-03
65.460000000 -2.964048994620e-03
65.470000000 -3.123023700812e-03
65.480000000 -3.308619887711e-03
65.490000000 -3.522784932790e-03
65.500000000 -3.761607319131e-03
65.510000000 -4.011568531823e-03
65.520000000 -4.252360354037e-03
65.530000000 -4.460556088444e-03
65.540000000 -4.612312981778e-03
65.550000000 -4.690779986712e-03
65.560000000 -4.684046418539e-03
65.570000000 -4.586714471604e-03
65.580000000 -4.401431821163e-03
65.590000000 -4.139892479738e-03
65.600000000 -3.822602162226e-03
65.610000000 -3.482196731013e-03
65.620000000 -3.159414021764e-03
65.630000000 -2.897603760415e-03
65.640000000 -2.735824076574e-03
65.650000000 -2.698465526209e-03
65.660000000 -2.789292013444e-03
65.670000000 -2.988221259268e-03
65.680000000 -3.251758642324e-03
65.690000000 -3.521918202229e-03
65.700000000 -3.740008027491e-03
65.710000000 -3.853531674650e-03
65.720000000 -3.833707816696e-03
65.730000000 -3.675527545511e-03
65.740000000 -3.397527815576e-03
65.750000000 -3.037565295003e-03
65.760000000 -2.637429524888e-03
65.770000000 -2.239859063196e-03
65.780000000 -1.877030547389e-03
65.790000000 -1.568709518962e-03
65.800000000 -1.323551229809e-03
65.810000000 -1.137452078726e-03
65.820000000 -9.949887517276e-04
65.830000000 -8.769784385016e-04
65.840000000 -7.632704369076e-04
65.850000000 -6.382682429062e-04
65.860000000 -4.972901216266e-04
65.870000000 -3.453389205329e-04
65.880000000 -2.013055973946e-04
65.890000000 -8.639642141537e-05
65.900000000 -1.976503592480e-05
65.910000000 -1.265231401091e-05
65.920000000 -5.669737433949e-05
65.930000000 -1.327209435547e-04
65.940000000 -2.114108595603e-04
65.950000000 -2.621617830533e-04
65.960000000 -2.643517683238e-04
65.970000000 -2.074675998823e-04
65.980000000 -9.424321274521e-05
65.990000000 6.330152155223e-05
66.000000000 2.468737923166e-04
66.010000000 4.372888189517e-04
66.020000000 6.183713110592e-04
66.030000000 7.774709715738e-04
66.040000000 9.109384818139e-04
66.050000000 1.023121948732e-03
66.060000000 1.128322602283e-03
66.070000000 1.240725285954e-03
66.080000000 1.374805279054e-03
66.090000000 1.534746898910e-03
66.100000000 1.714791006119e-03
66.110000000 1.899366515543e-03
66.120000000 2.067159953222e-03
66.130000000 2.197790667731e-03
66.140000000 2.273887384559e-03
66.150000000 2.286222980975e-03
66.160000000 2.233808005575e-03
66.170000000 2.120843286544e-03
66.180000000 1.960592585045e-03
66.190000000 1.766456907231e-03
66.200000000 1.557099562293e-03
66.210000000 1.350833814012e-03
66.220000000 1.168669434644e-03
66.230000000 1.033127617996e-03
66.240000000 9.646954783225e-04
66.250000000 9.791690830480e-04
66.260000000 1.079515274585e-03
66.270000000 1.255217115809e-03
66.280000000 1.482889601208e-03
66.290000000 1.732421121306e-03
66.300000000 1.975283536203e-03
66.310000000 2.191402464260e-03
66.320000000 2.369843587279e-03
66.330000000 2.510004168845e-03
66.340000000 2.614265283993e-03
66.350000000 2.684851336977e-03
66.360000000 2.723709738046e-03
66.370000000 2.733619015828e-03
66.380000000 2.719677639252e-03
66.390000000 2.691779033976e-03
66.400000000 2.660346926963e-03
66.410000000 2.633785918653e-03
66.420000000 2.618664397749e-03
66.430000000 2.616531326918e-03
66.440000000 2.625693495987e-03
66.450000000 2.640772581245e-03
66.460000000 2.652854711216e-03
66.470000000 2.648940728809e-03
66.480000000 2.611838251514e-03
66.490000000 2.523447354298e-03
66.500000000 2.370992730248e-03
66.510000000 2.151383475107e-03
66.520000000 1.877958555515e-03
66.530000000 1.581304622026e-03
66.540000000 1.301318524340e-03
66.550000000 1.077929763402e-03
66.560000000 9.408855774837e-04
66.570000000 9.016583734131e-04
66.580000000 9.550247664972e-04
66.590000000 1.081463942941e-03
66.600000000 1.256820767020e-03
66.610000000 1.460706212890e-03
66.620000000 1.677508161991e-03
66.630000000 1.902864244979e-03
66.640000000 2.135012890180e-03
66.650000000 2.373345637776e-03
66.660000000 2.615364493278e-03
66.670000000 2.851290769667e-03
66.680000000 3.067849316362e-03
66.690000000 3.256273156264e-03
66.700000000 3.412619127317e-03
66.710000000 3.541779107576e-03
66.720000000 3.653800977572e-03
66.730000000 3.759951030179e-03
66.740000000 3.863166356079e-03
66.750000000 3.960998435793e-03
66.760000000 4.043477713919e-03
66.770000000 4.097246180607e-03
66.780000000 4.109031132688e-03
66.790000000 4.069917828457e-03
66.800000000 3.976371079753e-03
66.810000000 3.833895627155e-03
66.820000000 3.654883097469e-03
66.830000000 3.458699460811e-03
66.840000000 3.266427591655e-03
66.850000000 3.095810403582e-03
66.860000000 2.956808261841e-03
66.870000000 2.848738753054e-03
66.880000000 2.764438202113e-03
66.890000000 2.689299128316e-03
66.900000000 2.609589266492e-03
66.910000000 2.513982661672e-03
66.920000000 2.397667740285e-03
66.930000000 2.259984357870e-03
66.940000000 2.101041192029e-03
66.950000000 1.920385781816e-03
66.960000000 1.716989722320e-03
66.970000000 1.491497005132e-03
66.980000000 1.248231635914e-03
66.990000000 9.974155332079e-04
67.000000000 7.551115683699e-04
67.010000000 5.384680821160e-04
67.020000000 3.623669996803e-04
67.030000000 2.388769284669e-04
67.040000000 1.718639560180e-04
67.050000000 1.612549482733e-04
67.060000000 1.963471107900e-04
67.070000000 2.641779464055e-04
67.080000000 3.416120775883e-04
67.090000000 4.053826941298e-04
67.100000000 4.318495792213e-04
67.110000000 4.057006216200e-04
67.120000000 3.240221106762e-04
67.130000000 1.919507596394e-04
67.140000000 2.491044539886e-05
67.150000000 -1.579545416295e-04
67.160000000 -3.395381190296e-04
67.170000000 -5.101938075864e-04
67.180000000 -6.635656635234e-04
67.190000000 -8.004493531202e-04
67.200000000 -9.189624450963e-04
67.210000000 -1.017699495448e-03
67.220000000 -1.091773732178e-03
67.230000000 -1.133048029310e-03
67.240000000 -1.137682225421e-03
67.250000000 -1.105104025304e-03
67.260000000 -1.041957433632e-03
67.270000000 -9.645885774007e-04
67.280000000 -8.935153135259e-04
67.290000000 -8.489005348958e-04
67.300000000 -8.447639625042e-04
67.310000000 -8.795304366288e-04
67.320000000 -9.399695618857e-04
67.330000000 -1.001104941579e-03
67.340000000 -1.034346697918e-03
67.350000000 -1.017369035094e-03
67.360000000 -9.383863915355e-04
67.370000000 -8.000975572904e-04
67.380000000 -6.194318916754e-04
67.390000000 -4.229130323666e-04
67.400000000 -2.414426693032e-04
67.410000000 -1.069165645567e-04
67.420000000 -4.373711823023e-05
67.430000000 -6.575452783309e-05
67.440000000 -1.728127144543e-04
67.450000000 -3.520569426449e-04
67.460000000 -5.791019015108e-04
67.470000000 -8.302271899885e-04
67.480000000 -1.079507009926e-03
67.490000000 -1.308951778922e-03
67.500000000 -1.507044564933e-03
67.510000000 -1.666233708915e-03
67.520000000 -1.782037643893e-03
67.530000000 -1.850935945936e-03
67.540000000 -1.874901843932e-03
67.550000000 -1.858773827234e-03
67.560000000 -1.811141519321e-03
67.570000000 -1.745138375562e-03
67.580000000 -1.671729571743e-03
67.590000000 -1.602478679077e-03
67.600000000 -1.543617787900e-03
67.610000000 -1.497312809408e-03
67.620000000 -1.465479971987e-03
67.630000000 -1.446576668055e-03
67.640000000 -1.441710159428e-03
67.650000000 -1.449474330462e-03
67.660000000 -1.465489793319e-03
67.670000000 -1.485610852187e-03
67.680000000 -1.501037210381e-03
67.690000000 -1.506547975313e-03
67.700000000 -1.496835266209e-03
67.710000000 -1.472552977267e-03
67.720000000 -1.434191544544e-03
67.730000000 -1.385591980878e-03
67.740000000 -1.330385236770e-03
67.750000000 -1.273624625171e-03
67.760000000 -1.219885751774e-03
67.770000000 -1.172881802462e-03
67.780000000 -1.136560134967e-03
67.790000000 -1.114580434608e-03
67.800000000 -1.106778560416e-03
67.810000000 -1.110562296164e-03
67.820000000 -1.119784566721e-03
67.830000000 -1.124653882070e-03
67.840000000 -1.117738391129e-03
67.850000000 -1.095273765171e-03
67.860000000 -1.061592867319e-03
67.870000000 -1.025246063984e-03
67.880000000 -9.979261475004e-04
67.890000000 -9.912762451652e-04
67.900000000 -1.012925042533e-03
67.910000000 -1.063859278130e-03
67.920000000 -1.144300149842e-03
67.930000000 -1.249354940585e-03
67.940000000 -1.373484701287e-03
67.950000000 -1.507564147328e-03
67.960000000 -1.640292586353e-03
67.970000000 -1.762812634952e-03
67.980000000 -1.866799997538e-03
67.990000000 -1.951856068595e-03
68.000000000 -2.023392779190e-03
68.010000000 -2.091494916355e-03
68.020000000 -2.164553202752e-03
68.030000000 -2.245823366886e-03
68.040000000 -2.329120589311e-03
68.050000000 -2.404070839866e-03
68.060000000 -2.459614645907e-03
68.070000000 -2.487203890289e-03
68.080000000 -2.482852620227e-03
68.090000000 -2.444198695720e-03
68.100000000 -2.366337527519e-03
68.110000000 -2.240245033023e-03
68.120000000 -2.054223415396e-03
68.130000000 -1.803037435583e-03
68.140000000 -1.490904036266e-03
68.150000000 -1.137243020913e-03
68.160000000 -7.742931545659e-04
68.170000000 -4.381047498688e-04
68.180000000 -1.596690758655e-04
68.190000000 4.214416996537e-05
68.200000000 1.622543284787e-04
68.210000000 2.036546709923e-04
68.220000000 1.762948118170e-04
68.230000000 9.103191718206e-05
68.240000000 -4.141673684113e-05
68.250000000 -2.056934169404e-04
68.260000000 -3.816144867538e-04
68.270000000 -5.451127284624e-04
68.280000000 -6.702395703934e-04
68.290000000 -7.373936943602e-04
68.300000000 -7.352976218626e-04
68.310000000 -6.615953361258e-04
68.320000000 -5.214227096199e-04
68.330000000 -3.274456423868e-04
68.340000000 -9.438496611351e-05
68.350000000 1.620931150382e-04
68.360000000 4.268056094692e-04
68.370000000 6.882304110035e-04
68.380000000 9.362369911305e-04
68.390000000 1.164332048828e-03
68.400000000 1.368223839954e-03
68.410000000 1.546881822726e-03
68.420000000 1.704092619439e-03
68.430000000 1.843934920131e-03
68.440000000 1.972678265041e-03
68.450000000 2.090873476109e-03
68.460000000 2.193149093845e-03
68.470000000 2.271958346393e-03
68.480000000 2.315740038879e-03
68.490000000 2.318510027992e-03
68.500000000 2.279047582958e-03
68.510000000 2.198212522614e-03
68.520000000 2.080645847380e-03
68.530000000 1.928310878734e-03
68.540000000 1.743890608967e-03
68.550000000 1.528090332719e-03
68.560000000 1.284878620562e-03
68.570000000 1.022497049261e-03
68.580000000 7.520247160300e-04
68.590000000 4.850941577863e-04
68.600000000 2.346585278675e-04
68.610000000 1.152425625926e-05
68.620000000 -1.764211622384e-04
68.630000000 -3.240829136799e-04
68.640000000 -4.246700546702e-04
68.650000000 -4.716463823994e-04
68.660000000 -4.603300545779e-04
68.670000000 -3.862967048663e-04
68.680000000 -2.497717963392e-04
68.690000000 -5.830436981380e-05
68.700000000 1.722496312293e-04
68.710000000 4.184145216001e-04
68.720000000 6.524072363963e-04
68.730000000 8.479559470050e-04
68.740000000 9.848300267435e-04
68.750000000 1.056799731211e-03
68.760000000 1.069667818523e-03
68.770000000 1.040793447184e-03
68.780000000 9.956677002594e-04
68.790000000 9.591623496303e-04
68.800000000 9.484675574108e-04
68.810000000 9.705214464908e-04
68.820000000 1.019471362836e-03
68.830000000 1.082534863837e-03
68.840000000 1.143287569032e-03
68.850000000 1.191490728254e-03
68.860000000 1.224343701693e-03
68.870000000 1.247168556686e-03
68.880000000 1.273144624411e-03
68.890000000 1.315035726668e-03
68.900000000 1.385093018995e-03
68.910000000 1.487204992877e-03
68.920000000 1.620124495601e-03
68.930000000 1.777448769984e-03
68.940000000 1.952323453861e-03
68.950000000 2.139367650937e-03
68.960000000 2.334869076711e-03
68.970000000 2.533887541502e-03
68.980000000 2.729635376430e-03
68.990000000 2.910988489560e-03
69.000000000 3.064006151189e-03
69.010000000 3.176497724370e-03
69.020000000 3.240058668330e-03
69.030000000 3.252250095389e-03
69.040000000 3.219112962960e-03
69.050000000 3.149998395531e-03
69.060000000 3.057725622804e-03
69.070000000 2.952904824424e-03
69.080000000 2.843142413308e-03
69.090000000 2.728814611425e-03
69.100000000 2.607893127937e-03
69.110000000 2.476373565970e-03
69.120000000 2.334720472858e-03
69.130000000 2.187359270956e-03
69.140000000 2.044690127641e-03
69.150000000 1.918341223484e-03
69.160000000 1.812559219645e-03
69.170000000 1.727789413455e-03
69.180000000 1.654308286800e-03
69.190000000 1.578419225866e-03
69.200000000 1.488235678739e-03
69.210000000 1.377489042916e-03
69.220000000 1.245979141304e-03
69.230000000 1.098601567245e-03
69.240000000 9.432542722467e-04
69.250000000 7.882465912511e-04
69.260000000 6.411945333617e-04
69.270000000 5.099301149192e-04
69.280000000 4.004180408620e-04
69.290000000 3.179939919088e-04
69.300000000 2.637705697872e-04
69.310000000 2.371737543816e-04
69.320000000 2.373768815757e-04
69.330000000 2.624952706784e-04
69.340000000 3.124340297479e-04
69.350000000 3.849576735118e-04
69.360000000 4.718134977341e-04
69.370000000 5.562857220101e-04
69.380000000 6.190806515376e-04
69.390000000 6.400394121591e-04
69.400000000 6.013230929601e-04
69.410000000 4.956486716331e-04
69.420000000 3.221162615497e-04
69.430000000 8.980020783672e-05
69.440000000 -1.845371051634e-04
69.450000000 -4.788276269165e-04
69.460000000 -7.679813735033e-04
69.470000000 -1.025104878251e-03
69.480000000 -1.226307231932e-03
69.490000000 -1.351725658651e-03
69.500000000 -1.388312659842e-03
69.510000000 -1.333661892152e-03
69.520000000 -1.197582155797e-03
69.530000000 -1.003447990439e-03
69.540000000 -7.860092846317e-04
69.550000000 -5.869163575007e-04
69.560000000 -4.447745039306e-04
69.570000000 -3.898224098116e-04
69.580000000 -4.359183448188e-04
69.590000000 -5.800936896799e-04
69.600000000 -8.010725798479e-04
69.610000000 -1.068012628151e-03
69.620000000 -1.344325184545e-03
69.630000000 -1.600229447952e-03
69.640000000 -1.815292916647e-03
69.650000000 -1.982612654406e-03
69.660000000 -2.106825189730e-03
69.670000000 -2.198694619350e-03
69.680000000 -2.275604562171e-03
69.690000000 -2.351013591814e-03
69.700000000 -2.435473174069e-03
69.710000000 -2.531393019819e-03
69.720000000 -2.635459742410e-03
69.730000000 -2.738400549754e-03
69.740000000 -2.832250699692e-03
69.750000000 -2.914099149497e-03
69.760000000 -2.985945968965e-03
69.770000000 -3.056337176014e-03
69.780000000 -3.135667658481e-03
69.790000000 -3.234559165596e-03
69.800000000 -3.359298068368e-03
69.810000000 -3.513539895665e-03
69.820000000 -3.694905592514e-03
69.830000000 -3.895677781899e-03
69.840000000 -4.102988635256e-03
69.850000000 -4.298946866057e-03
69.860000000 -4.464957583044e-03
69.870000000 -4.586923419289e-03
69.880000000 -4.661210313969e-03
69.890000000 -4.693656258559e-03
69.900000000 -4.698703056368e-03
69.910000000 -4.691362722249e-03
69.920000000 -4.682936859969e-03
69.930000000 -4.677841777435e-03
69.940000000 -4.674513961929e-03
69.950000000 -4.668106346431e-03
69.960000000 -4.654165533422e-03
69.970000000 -4.626871896442e-03
69.980000000 -4.581112187676e-03
69.990000000 -4.513852666527e-03
70.000000000 -4.423999515815e-03
70.010000000 -4.317779710230e-03
70.020000000 -4.206473310700e-03
70.030000000 -4.105748478081e-03
70.040000000 -4.028056125234e-03
70.050000000 -3.977846865923e-03
70.060000000 -3.950085694605e-03
70.070000000 -3.930986780777e-03
70.080000000 -3.899062409683e-03
70.090000000 -3.833369387706e-03
70.100000000 -3.715119228195e-03
70.110000000 -3.534404488263e-03
70.120000000 -3.292037503226e-03
70.130000000 -2.999182340961e-03
70.140000000 -2.677902004688e-03
70.150000000 -2.357731461997e-03
70.160000000 -2.064055024053e-03
70.170000000 -1.816461661167e-03
70.180000000 -1.621094377102e-03
70.190000000 -1.471606194341e-03
70.200000000 -1.349195196718e-03
70.210000000 -1.228146391409e-03
70.220000000 -1.080448964222e-03
70.230000000 -8.838226538532e-04
70.240000000 -6.256960639148e-04
70.250000000 -3.038611140901e-04
70.260000000 6.963837541630e-05
70.270000000 4.753717460089e-04
70.280000000 8.868141733977e-04
70.290000000 1.274060692797e-03
70.300000000 1.608306916167e-03
70.310000000 1.864655056043e-03
70.320000000 2.025320545346e-03
70.330000000 2.083504811577e-03
70.340000000 2.045278642029e-03
70.350000000 1.925054766790e-03
70.360000000 1.746961752520e-03
70.370000000 1.533875912531e-03
70.380000000 1.307389683121e-03
70.390000000 1.082457452517e-03
70.400000000 8.711656657090e-04
70.410000000 6.820024938922e-04
70.420000000 5.229433346479e-04
70.430000000 4.039402049207e-04
70.440000000 3.318680992550e-04
70.450000000 3.107315356594e-04
70.460000000 3.387132897891e-04
70.470000000 4.086882342123e-04
70.480000000 5.060997003087e-04
70.490000000 6.150647830665e-04
70.500000000 7.210609916707e-04
70.510000000 8.139056642918e-04
70.520000000 8.883804907578e-04
70.530000000 9.465895316924e-04
70.540000000 9.941361915849e-04
70.550000000 1.037385740847e-03
70.560000000 1.084731239809e-03
70.570000000 1.141049763214e-03
70.580000000 1.210503274879e-03
70.590000000 1.295762803372e-03
70.600000000 1.394272087693e-03
70.610000000 1.500487738725e-03
70.620000000 1.605578905432e-03
70.630000000 1.700551972576e-03
70.640000000 1.774795482217e-03
70.650000000 1.821715070313e-03
70.660000000 1.837843275007e-03
70.670000000 1.821821728702e-03
70.680000000 1.776636024212e-03
70.690000000 1.703850596524e-03
70.700000000 1.608323466314e-03
70.710000000 1.498566672165e-03
70.720000000 1.387276183836e-03
70.730000000 1.291995756834e-03
70.740000000 1.227993366222e-03
70.750000000 1.207065077471e-03
70.760000000 1.235340474730e-03
70.770000000 1.306508432304e-03
70.780000000 1.407617119597e-03
70.790000000 1.523371368396e-03
70.800000000 1.634927096284e-03
70.810000000 1.724940245885e-03
70.820000000 1.774865797800e-03
70.830000000 1.770758913793e-03
70.840000000 1.702699475937e-03
70.850000000 1.566842303693e-03
70.860000000 1.367822633211e-03
70.870000000 1.119680869459e-03
70.880000000 8.453600141790e-04
70.890000000 5.719152931558e-04
70.900000000 3.332527848978e-04
70.910000000 1.598936320035e-04
70.920000000 7.328179576544e-05
70.930000000 8.072073414819e-05
70.940000000 1.690093973929e-04
70.950000000 3.083024820247e-04
70.960000000 4.608547866554e-04
70.970000000 5.901314747828e-04
70.980000000 6.711840333060e-04
70.990000000 6.947917572532e-04
71.000000000 6.663443688714e-04
71.010000000 6.025830022700e-04
71.020000000 5.284931105762e-04
71.030000000 4.682893309693e-04
71.040000000 4.403152956166e-04
71.050000000 4.560249235747e-04
71.060000000 5.151654038084e-04
71.070000000 6.085230726345e-04
71.080000000 7.242858078755e-04
71.090000000 8.502949000771e-04
71.100000000 9.763199527102e-04
71.110000000 1.094429683444e-03
71.120000000 1.191936722230e-03
71.130000000 1.255435966728e-03
71.140000000 1.270852362660e-03
71.150000000 1.230268791499e-03
71.160000000 1.135642484732e-03
71.170000000 1.004482450970e-03
71.180000000 8.611847083945e-04
71.190000000 7.382193844272e-04
71.200000000 6.613541591475e-04
71.210000000 6.470272284282e-04
71.220000000 6.987878459854e-04
71.230000000 8.080741768427e-04
71.240000000 9.598936794432e-04
71.250000000 1.134654572999e-03
71.260000000 1.317009049155e-03
71.270000000 1.495816097116e-03
71.280000000 1.665810459596e-03
71.290000000 1.823902077864e-03
71.300000000 1.966861417935e-03
71.310000000 2.088602107055e-03
71.320000000 2.177817558230e-03
71.330000000 2.224503505687e-03
71.340000000 2.220122487833e-03
71.350000000 2.167903350638e-03
71.360000000 2.081416809755e-03
71.370000000 1.985518874573e-03
71.380000000 1.908739645833e-03
71.390000000 1.871463163516e-03
71.400000000 1.884233343450e-03
71.410000000 1.943184287493e-03
71.420000000 2.033437422119e-03
71.430000000 2.133453042701e-03
71.440000000 2.223430810264e-03
71.450000000 2.285535663290e-03
71.460000000 2.310753304176e-03
71.470000000 2.296544758466e-03
71.480000000 2.242402572382e-03
71.490000000 2.152856401742e-03
71.500000000 2.033645258276e-03
71.510000000 1.893352648925e-03
71.520000000 1.742362226772e-03
71.530000000 1.594795341606e-03
71.540000000 1.463851499398e-03
71.550000000 1.362991541797e-03
71.560000000 1.304868626944e-03
71.570000000 1.301606116108e-03
71.580000000 1.357013874232e-03
71.590000000 1.470248541452e-03
71.600000000 1.631444312897e-03
71.610000000 1.825399661602e-03
71.620000000 2.037912510395e-03
71.630000000 2.250651357278e-03
71.640000000 2.444863517530e-03
71.650000000 2.600257976481e-03
71.660000000 2.694037163820e-03
71.670000000 2.706340066749e-03
71.680000000 2.630189741676e-03
71.690000000 2.471257246878e-03
71.700000000 2.252163045678e-03
71.710000000 2.007484702138e-03
71.720000000 1.771492383189e-03
71.730000000 1.570992097163e-03
71.740000000 1.419157490793e-03
71.750000000 1.310874133185e-03
71.760000000 1.225147869438e-03
71.770000000 1.131038264912e-03
71.780000000 9.940794192283e-04
71.790000000 7.890845586578e-04
71.800000000 5.042905732990e-04
71.810000000 1.443967548743e-04
71.820000000 -2.687368909969e-04
71.830000000 -7.012665784433e-04
71.840000000 -1.112985962154e-03
71.850000000 -1.465890948828e-03
71.860000000 -1.730318838323e-03
71.870000000 -1.897958645361e-03
71.880000000 -1.977138122982e-03
71.890000000 -1.992970484199e-03
71.900000000 -1.977703747537e-03
71.910000000 -1.961416312956e-03
71.920000000 -1.966271051412e-03
71.930000000 -2.004564485174e-03
71.940000000 -2.082545350109e-03
71.950000000 -2.199303382327e-03
71.960000000 -2.349473219476e-03
71.970000000 -2.526486669634e-03
71.980000000 -2.719144376290e-03
71.990000000 -2.912551484449e-03
72.000000000 -3.091587795507e-03
72.010000000 -3.243991574378e-03
72.020000000 -3.362708276972e-03
72.030000000 -3.447880881958e-03
72.040000000 -3.506116577750e-03
72.050000000 -3.546926066713e-03
72.060000000 -3.580666304876e-03
72.070000000 -3.611077846016e-03
72.080000000 -3.636356187113e-03
72.090000000 -3.649058267527e-03
72.100000000 -3.640204834423e-03
72.110000000 -3.601668335885e-03
72.120000000 -3.531226196122e-03
72.130000000 -3.434103137043e-03
72.140000000 -3.319071230147e-03
72.150000000 -3.198094869493e-03
72.160000000 -3.078960976156e-03
72.170000000 -2.963033992811e-03
72.180000000 -2.845787399590e-03
72.190000000 -2.717703094941e-03
72.200000000 -2.564711673367e-03
72.210000000 -2.377073551602e-03
72.220000000 -2.149894394453e-03
72.230000000 -1.888001114157e-03
72.240000000 -1.608883592725e-03
72.250000000 -1.336588581918e-03
72.260000000 -1.093647908833e-03
72.270000000 -8.937824701645e-04
72.280000000 -7.352962444717e-04
72.290000000 -6.044204333985e-04
72.300000000 -4.836026660864e-04
72.310000000 -3.552862173256e-04
72.320000000 -2.113333301691e-04
72.330000000 -5.534009441761e-05
72.340000000 1.014975442334e-04
72.350000000 2.456114042785e-04
72.360000000 3.676107931118e-04
72.370000000 4.635568517789e-04
72.380000000 5.383277667081e-04
72.390000000 6.016971935723e-04
72.400000000 6.616453069184e-04
72.410000000 7.254930748939e-04
72.420000000 7.916728746743e-04
72.430000000 8.544903173307e-04
72.440000000 9.075584418117e-04
72.450000000 9.427173808419e-04
72.460000000 9.576349901596e-04
72.470000000 9.572930155059e-04
72.480000000 9.497362487846e-04
72.490000000 9.447172231899e-04
72.500000000 9.465570068304e-04
72.510000000 9.565984293283e-04
72.520000000 9.668098125751e-04
72.530000000 9.672084377721e-04
72.540000000 9.486549936777e-04
72.550000000 9.064155507216e-04
72.560000000 8.423805490379e-04
72.570000000 7.651598903018e-04
72.580000000 6.846088379364e-04
72.590000000 6.113726517726e-04
72.600000000 5.553788421369e-04
72.610000000 5.207736195500e-04
72.620000000 5.065020538381e-04
72.630000000 5.044539965973e-04
72.640000000 5.034898936201e-04
72.650000000 4.877476829633e-04
72.660000000 4.456250627205e-04
72.670000000 3.703703125839e-04
72.680000000 2.614298954618e-04
72.690000000 1.283811199997e-04
72.700000000 -1.602313826102e-05
72.710000000 -1.534716856411e-04
72.720000000 -2.676629629531e-04
72.730000000 -3.453571318866e-04
72.740000000 -3.783468344967e-04
72.750000000 -3.661869598004e-04
72.760000000 -3.128694353925e-04
72.770000000 -2.299458966387e-04
72.780000000 -1.290924463457e-04
72.790000000 -2.308069381518e-05
72.800000000 8.079812605455e-05
72.810000000 1.809060596091e-04
72.820000000 2.805030083208e-04
72.830000000 3.883403961921e-04
72.840000000 5.122595692734e-04
72.850000000 6.623067466267e-04
72.860000000 8.404399046405e-04
72.870000000 1.041856982058e-03
72.880000000 1.251028319598e-03
72.890000000 1.443310086668e-03
72.900000000 1.593043226434e-03
72.910000000 1.677157831386e-03
72.920000000 1.683178403760e-03
72.930000000 1.610905015276e-03
72.940000000 1.470941108688e-03
72.950000000 1.281839312250e-03
72.960000000 1.066731103858e-03
72.970000000 8.487942340457e-04
72.980000000 6.485937886710e-04
72.990000000 4.785901861339e-04
73.000000000 3.450313002601e-04
73.010000000 2.421333473112e-04
73.020000000 1.601597748801e-04
73.030000000 8.946153616501e-05
73.040000000 2.604369827681e-05
73.050000000 -2.913061339323e-05
73.060000000 -7.315343602437e-05
73.070000000 -1.055997599270e-04
73.080000000 -1.250594814038e-04
73.090000000 -1.330117985727e-04
73.100000000 -1.295770095903e-04
73.110000000 -1.157240506087e-04
73.120000000 -9.354384744916e-05
73.130000000 -6.519851751453e-05
73.140000000 -3.444805957708e-05
73.150000000 -5.493964503293e-06
73.160000000 1.928925478650e-05
73.170000000 3.501461215815e-05
73.180000000 4.075251792578e-05
73.190000000 3.567533563812e-05
73.200000000 2.155403970368e-05
73.210000000 -2.080142155872e-07
73.220000000 -2.835620739283e-05
73.230000000 -6.143759887812e-05
73.240000000 -9.857773598602e-05
73.250000000 -1.416474556566e-04
73.260000000 -1.906356829018e-04
73.270000000 -2.458060234597e-04
73.280000000 -3.058136685967e-04
73.290000000 -3.669620775027e-04
73.300000000 -4.245751739098e-04
73.310000000 -4.726532007381e-04
73.320000000 -5.060377220201e-04
73.330000000 -5.176535502979e-04
73.340000000 -5.068213706223e-04
73.350000000 -4.727773451598e-04
73.360000000 -4.189065427277e-04
73.370000000 -3.508465114009e-04
73.380000000 -2.734951547008e-04
73.390000000 -1.943823350610e-04
73.400000000 -1.186254652050e-04
73.410000000 -4.975855367335e-05
73.420000000 9.966004674454e-06
73.430000000 6.052071719600e-05
73.440000000 1.027952401313e-04
73.450000000 1.385307538858e-04
73.460000000 1.674735497712e-04
73.470000000 1.905433850580e-04
73.480000000 2.068119650796e-04
73.490000000 2.165587647895e-04
73.500000000 2.186311980126e-04
73.510000000 2.125041435819e-04
73.520000000 1.993817052316e-04
73.530000000 1.805415543968e-04
73.540000000 1.576014069374e-04
73.550000000 1.327365001797e-04
73.560000000 1.082920156346e-04
73.570000000 8.546303853257e-05
73.580000000 6.632341964935e-05
73.590000000 5.224160225396e-05
73.600000000 4.360031015381e-05
73.610000000 4.022600174876e-05
73.620000000 4.162543036249e-05
73.630000000 4.737092866862e-05
73.640000000 5.633740371049e-05
73.650000000 6.930031342781e-05
73.660000000 8.705804164008e-05
73.670000000 1.090891934198e-04
73.680000000 1.359227117587e-04
73.690000000 1.686007289375e-04
73.700000000 2.066739191800e-04
73.710000000 2.485504650332e-04
73.720000000 2.924220267924e-04
73.730000000 3.365094972335e-04
73.740000000 3.795509811569e-04
73.750000000 4.182453451955e-04
73.760000000 4.523025175069e-04
73.770000000 4.809037246868e-04
73.780000000 5.044859442228e-04
73.790000000 5.241564997090e-04
73.800000000 5.406161677035e-04
73.810000000 5.556050146940e-04
73.820000000 5.693838804863e-04
73.830000000 5.842539861036e-04
73.840000000 5.991417176765e-04
73.850000000 6.146543666443e-04
73.860000000 6.316039126110e-04
73.870000000 6.473731190897e-04
73.880000000 6.636285373467e-04
73.890000000 6.785235176314e-04
73.900000000 6.925603632939e-04
73.910000000 7.050166693628e-04
73.920000000 7.146453755342e-04
73.930000000 7.221662735971e-04
73.940000000 7.265513062932e-04
73.950000000 7.273532596210e-04
73.960000000 7.234036254047e-04
73.970000000 7.167356787900e-04
73.980000000 7.045279512705e-04
73.990000000 6.883375911268e-04
74.000000000 6.669079897148e-04
74.010000000 6.407821283713e-04
74.020000000 6.106230112924e-04
74.030000000 5.754847143978e-04
74.040000000 5.371680517313e-04
74.050000000 4.956657629534e-04
74.060000000 4.519093083202e-04
74.070000000 4.064952743156e-04
74.080000000 3.598209194882e-04
74.090000000 3.126094942593e-04
74.100000000 2.664776102304e-04
74.110000000 2.203544002985e-04
74.120000000 1.753559201961e-04
74.130000000 1.320769198870e-04
74.140000000 9.011251857241e-05
74.150000000 4.930449289820e-05
74.160000000 1.040775069940e-05
74.170000000 -2.764751180195e-05
74.180000000 -6.459578960581e-05
74.190000000 -1.007691069413e-04
74.200000000 -1.376027844901e-04
74.210000000 -1.737084882221e-04
74.220000000 -2.108218799766e-04
74.230000000 -2.484344031028e-04
74.240000000 -2.872614217916e-04
74.250000000 -3.264704002614e-04
74.260000000 -3.667559992841e-04
74.270000000 -4.078584203946e-04
74.280000000 -4.492422719628e-04
74.290000000 -4.899595628252e-04
74.300000000 -5.303517477250e-04
74.310000000 -5.694416693409e-04
74.320000000 -6.067717916611e-04
74.330000000 -6.417892814094e-04
74.340000000 -6.738417939288e-04
74.350000000 -7.032494177324e-04
74.360000000 -7.289524115294e-04
74.370000000 -7.508445268491e-04
74.380000000 -7.689212325640e-04
74.390000000 -7.828682999871e-04
74.400000000 -7.929159589297e-04
74.410000000 -7.993503232667e-04
74.420000000 -8.015782537014e-04
74.430000000 -8.001814864247e-04
74.440000000 -7.955484077840e-04
74.450000000 -7.874911303821e-04
74.460000000 -7.768545888472e-04
74.470000000 -7.634618729491e-04
74.480000000 -7.476602053272e-04
74.490000000 -7.307638709606e-04
74.500000000 -7.116350156681e-04
74.510000000 -6.915638713923e-04
74.520000000 -6.714497047520e-04
74.530000000 -6.495237651396e-04
74.540000000 -6.282924312968e-04
74.550000000 -6.066464065825e-04
74.560000000 -5.844722621624e-04
74.570000000 -5.632779857829e-04
74.580000000 -5.418058036296e-04
74.590000000 -5.207967265472e-04
74.600000000 -4.997968092887e-04
74.610000000 -4.788025256822e-04
74.620000000 -4.577897727487e-04
74.630000000 -4.373145392769e-04
74.640000000 -4.162717431005e-04
74.650000000 -3.948557253440e-04
74.660000000 -3.735763104567e-04
74.670000000 -3.515567434037e-04
74.680000000 -3.295139224984e-04
74.690000000 -3.076249577647e-04
74.700000000 -2.847679347015e-04
74.710000000 -2.625364949937e-04
74.720000000 -2.398308874451e-04
74.730000000 -2.174420847585e-04
74.740000000 -1.955946415628e-04
74.750000000 -1.734727830055e-04
74.760000000 -1.522162658257e-04
74.770000000 -1.314645380776e-04
74.780000000 -1.122015979881e-04
74.790000000 -9.347344390730e-05
74.800000000 -7.616665754828e-05
74.810000000 -5.964738423380e-05
74.820000000 -4.549352349907e-05
74.830000000 -3.164599226220e-05
74.840000000 -1.966340352765e-05
74.850000000 -9.473746276025e-06
74.860000000 3.222163851249e-07
74.870000000 8.376692471693e-06
74.880000000 1.444056369644e-05
74.890000000 2.057456677467e-05
74.900000000 2.554159311940e-05
74.910000000 2.947113379727e-05
74.920000000 3.328499920352e-05
74.930000000 3.617716268758e-05
74.940000000 3.922987282147e-05
74.950000000 4.219659189257e-05
74.960000000 4.470897235327e-05
74.970000000 4.820766594724e-05
74.980000000 5.117841473759e-05
74.990000000 5.437693997388e-05
75.000000000 5.851871125825e-05
75.010000000 6.235435256441e-05
75.020000000 6.673950134781e-05
75.030000000 7.145440293898e-05
75.040000000 7.566319844031e-05
75.050000000 8.055703102919e-05
75.060000000 8.437093206162e-05
75.070000000 8.919125263525e-05
75.080000000 9.359022155041e-05
75.090000000 9.715937118319e-05
75.100000000 1.004627813519e-04
75.110000000 1.042638950454e-04
75.120000000 1.067147258340e-04
75.130000000 1.095389509192e-04
75.140000000 1.114086927094e-04
75.150000000 1.135246803729e-04
75.160000000 1.152498933749e-04
75.170000000 1.161874700406e-04
75.180000000 1.167487071167e-04
75.190000000 1.175236090042e-04
75.200000000 1.174055748150e-04
75.210000000 1.175404061246e-04
75.220000000 1.171945244236e-04
75.230000000 1.164197859639e-04
75.240000000 1.163197880732e-04
75.250000000 1.150983147198e-04
75.260000000 1.144859807303e-04
75.270000000 1.137498781719e-04
75.280000000 1.126949911695e-04
75.290000000 1.116997795415e-04
75.300000000 1.107297459090e-04
75.310000000 1.096574618403e-04
75.320000000 1.088001520528e-04
75.330000000 1.074061563367e-04
75.340000000 1.062313285745e-04
75.350000000 1.044454081217e-04
75.360000000 1.031980464269e-04
75.370000000 1.014775844134e-04
75.380000000 1.001565494811e-04
75.390000000 9.853322103162e-05
75.400000000 9.705795317309e-05
75.410000000 9.583993820741e-05
75.420000000 9.439061458633e-05
75.430000000 9.319915635173e-05
75.440000000 9.213894964648e-05
75.450000000 9.146442855980e-05
75.460000000 9.072121403954e-05
75.470000000 9.037898580288e-05
75.480000000 9.047533621333e-05
75.490000000 9.045678162138e-05
75.500000000 9.040272167934e-05
75.510000000 9.119210877077e-05
75.520000000 9.151224167494e-05
75.530000000 9.206901217505e-05
75.540000000 9.284202634078e-05
75.550000000 9.338449422644e-05
75.560000000 9.423762761758e-05
75.570000000 9.445525269804e-05
75.580000000 9.517640785594e-05
75.590000000 9.553944991135e-05
75.600000000 9.542100141254e-05
75.610000000 9.547027595924e-05
75.620000000 9.548128645331e-05
75.630000000 9.477313250667e-05
75.640000000 9.417097994953e-05
75.650000000 9.324329608646e-05
75.660000000 9.217101201771e-05
75.670000000 9.077319664303e-05
75.680000000 8.948033119907e-05
75.690000000 8.747291319877e-05
75.700000000 8.541521546033e-05
75.710000000 8.354965638747e-05
75.720000000 8.065894629836e-05
75.730000000 7.848265159675e-05
75.740000000 7.569444657547e-05
75.750000000 7.345325557218e-05
75.760000000 7.071920963474e-05
75.770000000 6.842165533098e-05
75.780000000 6.575909186732e-05
75.790000000 6.334661739293e-05
75.800000000 6.151644995873e-05
75.810000000 5.940095496956e-05
75.820000000 5.749831054222e-05
75.830000000 5.538348988386e-05
75.840000000 5.417476761212e-05
75.850000000 5.269709224505e-05
75.860000000 5.171996745259e-05
75.870000000 5.114394541105e-05
75.880000000 5.043839897443e-05
75.890000000 5.026731328869e-05
75.900000000 4.928454374272e-05
75.910000000 5.026775140614e-05
75.920000000 5.043543183376e-05
75.930000000 5.064692229473e-05
75.940000000 5.171080397363e-05
75.950000000 5.270851701546e-05
75.960000000 5.415053379875e-05
75.970000000 5.541739266302e-05
75.980000000 5.742596525611e-05
75.990000000 6.014025365244e-05
76.000000000 6.272174956594e-05
76.010000000 6.569118592045e-05
76.020000000 6.867772975930e-05
76.030000000 7.237389772811e-05
76.040000000 7.651001119989e-05
76.050000000 8.036436029816e-05
76.060000000 8.471401866727e-05
76.070000000 8.949336145841e-05
76.080000000 9.406974840967e-05
76.090000000 9.947517096629e-05
76.100000000 1.047741286122e-04
76.110000000 1.101263054527e-04
76.120000000 1.154563578003e-04
76.130000000 1.207828497223e-04
76.140000000 1.261409728559e-04
76.150000000 1.314299164348e-04
76.160000000 1.368527662910e-04
76.170000000 1.414020108889e-04
76.180000000 1.462256160593e-04
76.190000000 1.505043247976e-04
76.200000000 1.544867381862e-04
76.210000000 1.577617780259e-04
76.220000000 1.612265541207e-04
76.230000000 1.635342474692e-04
76.240000000 1.654317744988e-04
76.250000000 1.675010061137e-04
76.260000000 1.688162649855e-04
76.270000000 1.694675831073e-04
76.280000000 1.695193269998e-04
76.290000000 1.687433287462e-04
76.300000000 1.677483560820e-04
76.310000000 1.665155133026e-04
76.320000000 1.644710609830e-04
76.330000000 1.618023664490e-04
76.340000000 1.586657984989e-04
76.350000000 1.556500207559e-04
76.360000000 1.511057132305e-04
76.370000000 1.465696391868e-04
76.380000000 1.414765894308e-04
76.390000000 1.362318540652e-04
76.400000000 1.303126278225e-04
76.410000000 1.233620336285e-04
76.420000000 1.168855914714e-04
76.430000000 1.094312717169e-04
76.440000000 1.015086702214e-04
76.450000000 9.341245042229e-05
76.460000000 8.554587951176e-05
76.470000000 7.670854774263e-05
76.480000000 6.777898536038e-05
76.490000000 5.844329424337e-05
76.500000000 4.869684837136e-05
76.510000000 3.952123554790e-05
76.520000000 2.946455803668e-05
76.530000000 1.876291886748e-05
76.540000000 8.330846631914e-06
76.550000000 -1.417182004416e-06
76.560000000 -1.184218894400e-05
76.570000000 -2.256185176981e-05
76.580000000 -3.257443564187e-05
76.590000000 -4.246440370283e-05
76.600000000 -5.334888119005e-05
76.610000000 -6.337955304252e-05
76.620000000 -7.243193473198e-05
76.630000000 -8.263679657887e-05
76.640000000 -9.183668927149e-05
76.650000000 -1.007585103457e-04
76.660000000 -1.098815406684e-04
76.670000000 -1.185408670434e-04
76.680000000 -1.266349834264e-04
76.690000000 -1.342557726758e-04
76.700000000 -1.415994526836e-04
76.710000000 -1.486258656799e-04
76.720000000 -1.552221463997e-04
76.730000000 -1.617009954857e-04
76.740000000 -1.672998780818e-04
76.750000000 -1.723061935882e-04
76.760000000 -1.773305009111e-04
76.770000000 -1.816214043577e-04
76.780000000 -1.855190214200e-04
76.790000000 -1.889678899394e-04
76.800000000 -1.914672010705e-04
76.810000000 -1.943735328854e-04
76.820000000 -1.963658792205e-04
76.830000000 -1.974766436236e-04
76.840000000 -1.989521566824e-04
76.850000000 -1.995435095788e-04
76.860000000 -1.995679058916e-04
76.870000000 -1.995561170117e-04
76.880000000 -1.989218107088e-04
76.890000000 -1.975271397724e-04
76.900000000 -1.962639925189e-04
76.910000000 -1.946877380983e-04
76.920000000 -1.917674704761e-04
76.930000000 -1.895150654115e-04
76.940000000 -1.869388109908e-04
76.950000000 -1.835070084563e-04
76.960000000 -1.797821915737e-04
76.970000000 -1.766421977129e-04
76.980000000 -1.724728190778e-04
76.990000000 -1.686484433722e-04
77.000000000 -1.637631194609e-04
77.010000000 -1.595344288546e-04
77.020000000 -1.548702953176e-04
77.030000000 -1.502573826298e-04
77.040000000 -1.453198609666e-04
77.050000000 -1.402791429789e-04
77.060000000 -1.353052178393e-04
77.070000000 -1.302877745056e-04
77.080000000 -1.252977725386e-04
77.090000000 -1.197905000173e-04
77.100000000 -1.147955019169e-04
77.110000000 -1.097884881309e-04
77.120000000 -1.047995376226e-04
77.130000000 -9.977958532217e-05
77.140000000 -9.481160647570e-05
77.150000000 -8.975877150342e-05
77.160000000 -8.484369507333e-05
77.170000000 -8.019490182238e-05
77.180000000 -7.558753189815e-05
77.190000000 -7.076956574730e-05
77.200000000 -6.653826487514e-05
77.210000000 -6.231444554543e-05
77.220000000 -5.747544730979e-05
77.230000000 -5.353074311738e-05
77.240000000 -4.974631795875e-05
77.250000000 -4.664318267602e-05
77.260000000 -4.245338361063e-05
77.270000000 -3.926129419491e-05
77.280000000 -3.580958578643e-05
77.290000000 -3.276022776154e-05
77.300000000 -2.983228979242e-05
77.310000000 -2.670912036564e-05
77.320000000 -2.455819350968e-05
77.330000000 -2.181650336787e-05
77.340000000 -1.944813610521e-05
77.350000000 -1.760081774794e-05
77.360000000 -1.548164502925e-05
77.370000000 -1.360727055277e-05
77.380000000 -1.143597104758e-05
77.390000000 -9.838523322663e-06
77.400000000 -8.523334305269e-06
77.410000000 -6.779135196642e-06
77.420000000 -5.582027847302e-06
77.430000000 -4.197922262354e-06
77.440000000 -2.840737152009e-06
77.450000000 -1.760799447543e-06
77.460000000 -8.076560585346e-07
77.470000000 2.158406041685e-07
77.480000000 1.209910345146e-06
77.490000000 2.200020243249e-06
77.500000000 3.225921197296e-06
77.510000000 3.677794013327e-06
77.520000000 4.769132227039e-06
77.530000000 5.466437888687e-06
77.540000000 6.127730456522e-06
77.550000000 7.263016867891e-06
77.560000000 7.652197598859e-06
77.570000000 8.787484010228e-06
77.580000000 9.448776578063e-06
77.590000000 1.014608223971e-05
77.600000000 1.123847191220e-05
77.610000000 1.168783576141e-05
77.620000000 1.271968300857e-05
77.630000000 1.369872738086e-05
77.640000000 1.471168192942e-05
77.650000000 1.570565037132e-05
77.660000000 1.670566640541e-05
77.670000000 1.771067857291e-05
77.680000000 1.870026505935e-05
77.690000000 1.971740937967e-05
77.700000000 2.069059033411e-05
77.710000000 2.223467238098e-05
77.720000000 2.314983504514e-05
77.730000000 2.444327677084e-05
77.740000000 2.579639662694e-05
77.750000000 2.712433922234e-05
77.760000000 2.845052269971e-05
77.770000000 2.980531546975e-05
77.780000000 3.109996934403e-05
77.790000000 3.249928234515e-05
77.800000000 3.421051530374e-05
77.810000000 3.541159855928e-05
77.820000000 3.682356712488e-05
77.830000000 3.810119401201e-05
77.840000000 3.948123182303e-05
77.850000000 4.076559357806e-05
77.860000000 4.217411616421e-05
77.870000000 4.324485229675e-05
77.880000000 4.415249469244e-05
77.890000000 4.543594590887e-05
77.900000000 4.683209741257e-05
77.910000000 4.743836384458e-05
77.920000000 4.814743959610e-05
77.930000000 4.925487070059e-05
77.940000000 5.016068600762e-05
77.950000000 5.078892153706e-05
77.960000000 5.144669330041e-05
77.970000000 5.167238638464e-05
77.980000000 5.257019370868e-05
77.990000000 5.235589975804e-05
78.000000000 5.273104273472e-05
78.010000000 5.351733939457e-05
78.020000000 5.342643929830e-05
78.030000000 5.349115139641e-05
78.040000000 5.342408549895e-05
78.050000000 5.352147130485e-05
78.060000000 5.322503590083e-05
78.070000000 5.236323411768e-05
78.080000000 5.255812885800e-05
78.090000000 5.219096822158e-05
78.100000000 5.140274163253e-05
78.110000000 5.150267327047e-05
78.120000000 5.078367819638e-05
78.130000000 5.011514159627e-05
78.140000000 4.949263745136e-05
78.150000000 4.921505240307e-05
78.160000000 4.841321121119e-05
78.170000000 4.781659198623e-05
78.180000000 4.711636509322e-05
78.190000000 4.645373056372e-05
78.200000000 4.581195122871e-05
78.210000000 4.508561737787e-05
78.220000000 4.452606270550e-05
78.230000000 4.416706548969e-05
78.240000000 4.348135913671e-05
78.250000000 4.269879313492e-05
78.260000000 4.245393467008e-05
78.270000000 4.172584445709e-05
78.280000000 4.142161211352e-05
78.290000000 4.126951253444e-05
78.300000000 4.034572986226e-05
78.310000000 4.053039788553e-05
78.320000000 4.039530526440e-05
78.330000000 4.053653796889e-05
78.340000000 3.970747793741e-05
78.350000000 3.937889867910e-05
78.360000000 3.951917283434e-05
78.370000000 3.937642178047e-05
78.380000000 3.971348836688e-05
78.390000000 4.052556864761e-05
78.400000000 4.041536980347e-05
78.410000000 4.049746958003e-05
78.420000000 4.040019871757e-05
78.430000000 4.118346299894e-05
78.440000000 4.157205736896e-05
78.450000000 4.133294838095e-05
78.460000000 4.227273351574e-05
78.470000000 4.242985340539e-05
78.480000000 4.271041852704e-05
78.490000000 4.348489004162e-05
78.500000000 4.364910898224e-05
78.510000000 4.457979897812e-05
78.520000000 4.435415655168e-05
78.530000000 4.522160799159e-05
78.540000000 4.554038766781e-05
78.550000000 4.537163195349e-05
78.560000000 4.622395908612e-05
78.570000000 4.651845227060e-05
78.580000000 4.643110596794e-05
78.590000000 4.648087557262e-05
78.600000000 4.644404246002e-05
78.610000000 4.647756262111e-05
78.620000000 4.644146426231e-05
78.630000000 4.648730148271e-05
78.640000000 4.642253857751e-05
78.650000000 4.653319160241e-05
78.660000000 4.570417119203e-05
78.670000000 4.541746744708e-05
78.680000000 4.482951888794e-05
78.690000000 4.409567993687e-05
78.700000000 4.350077324694e-05
78.710000000 4.274224151868e-05
78.720000000 4.172023718807e-05
78.730000000 4.067568356934e-05
78.740000000 3.979551460841e-05
78.750000000 3.842646646033e-05
78.760000000 3.722041913955e-05
78.770000000 3.547781090622e-05
78.780000000 3.416882464848e-05
78.790000000 3.255398169220e-05
78.800000000 3.041369998404e-05
78.810000000 2.848864155509e-05
78.820000000 2.644942257496e-05
78.830000000 2.446183854362e-05
78.840000000 2.247364822535e-05
78.850000000 2.043236594876e-05
78.860000000 1.852527903292e-05
78.870000000 1.621340668040e-05
78.880000000 1.339083991148e-05
78.890000000 1.151279466999e-05
78.900000000 8.779809622660e-06
78.910000000 6.119829581551e-06
78.920000000 3.492430602300e-06
78.930000000 1.217354520828e-06
78.940000000 -1.585538129832e-06
78.950000000 -4.182157354785e-06
78.960000000 -6.882384247795e-06
78.970000000 -9.545018777299e-06
78.980000000 -1.218784957108e-05
78.990000000 -1.491167445511e-05
79.000000000 -1.747507250304e-05
79.010000000 -1.982802212667e-05
79.020000000 -2.252282361854e-05
79.030000000 -2.529402597630e-05
79.040000000 -2.755421671417e-05
79.050000000 -2.975857269720e-05
79.060000000 -3.261359213435e-05
79.070000000 -3.452869917255e-05
79.080000000 -3.649900158513e-05
79.090000000 -3.928599429863e-05
79.100000000 -4.159685481346e-05
79.110000000 -4.355226912656e-05
79.120000000 -4.534127410136e-05
79.130000000 -4.642161944154e-05
79.140000000 -4.866008855058e-05
79.150000000 -5.025345999116e-05
79.160000000 -5.152335215485e-05
79.170000000 -5.338668918735e-05
79.180000000 -5.420339855274e-05
79.190000000 -5.554356349294e-05
79.200000000 -5.689082472823e-05
79.210000000 -5.754957901695e-05
79.220000000 -5.819039590191e-05
79.230000000 -5.940861610338e-05
79.240000000 -5.948888370225e-05
79.250000000 -6.030963939295e-05
79.260000000 -6.055645697730e-05
79.270000000 -6.074404160308e-05
79.280000000 -6.164665237580e-05
79.290000000 -6.147098658190e-05
79.300000000 -6.161978522797e-05
79.310000000 -6.130412030697e-05
79.320000000 -6.043675174233e-05
79.330000000 -6.066187075710e-05
79.340000000 -6.023249095529e-05
79.350000000 -5.956602772423e-05
79.360000000 -5.929662690403e-05
79.370000000 -5.850413173284e-05
79.380000000 -5.788070014938e-05
79.390000000 -5.674248929059e-05
79.400000000 -5.581988596006e-05
79.410000000 -5.527430747496e-05
79.420000000 -5.429777206949e-05
79.430000000 -5.329286120106e-05
79.440000000 -5.227937860540e-05
79.450000000 -5.081239255712e-05
79.460000000 -4.975104064693e-05
79.470000000 -4.886594478347e-05
79.480000000 -4.752469631632e-05
79.490000000 -4.624721495077e-05
79.500000000 -4.478402553586e-05
79.510000000 -4.384469284727e-05
79.520000000 -4.253778456000e-05
79.530000000 -4.123828007387e-05
79.540000000 -3.978908063221e-05
79.550000000 -3.884013992584e-05
79.560000000 -3.754063543972e-05
79.570000000 -3.623372715244e-05
79.580000000 -3.479413572855e-05
79.590000000 -3.383120504895e-05
79.600000000 -3.255372368340e-05
79.610000000 -3.121247521624e-05
79.620000000 -3.032843081156e-05
79.630000000 -2.926456993456e-05
79.640000000 -2.830378891469e-05
79.650000000 -2.677793059914e-05
79.660000000 -2.579546496388e-05
79.670000000 -2.478199753645e-05
79.680000000 -2.379543289570e-05
79.690000000 -2.277786646278e-05
79.700000000 -2.180343397485e-05
79.710000000 -2.126444166184e-05
79.720000000 -2.032721901189e-05
79.730000000 -1.921479177398e-05
79.740000000 -1.854755291303e-05
79.750000000 -1.784096257056e-05
79.760000000 -1.727667855070e-05
79.770000000 -1.626054882393e-05
79.780000000 -1.549707176933e-05
79.790000000 -1.490714431287e-05
79.800000000 -1.416826199198e-05
79.810000000 -1.358519462282e-05
79.820000000 -1.279124194359e-05
79.830000000 -1.248596569416e-05
79.840000000 -1.191426196903e-05
79.850000000 -1.116358600049e-05
79.860000000 -1.058803889979e-05
79.870000000 -9.791060474067e-06
79.880000000 -9.483376556902e-06
79.890000000 -8.921280849543e-06
79.900000000 -8.150567315581e-06
79.910000000 -7.609981849920e-06
79.920000000 -7.256898859036e-06
79.930000000 -6.538584670367e-06
79.940000000 -6.320529216996e-06
79.950000000 -5.467187490814e-06
79.960000000 -4.927653483925e-06
79.970000000 -4.153379524378e-06
79.980000000 -3.598687618170e-06
79.990000000 -3.278603766437e-06
80.000000000 -2.500611447366e-06
80.010000000 -1.896455054004e-06
80.020000000 -1.188690992585e-06
80.030000000 -5.499053358978e-07
80.040000000 1.354242613339e-07
80.050000000 7.903854478822e-07
80.060000000 1.463081280837e-06
80.070000000 2.129424771412e-06
80.080000000 2.790433550151e-06
80.090000000 3.469176975295e-06
80.100000000 4.116534359215e-06
80.110000000 4.812504772993e-06
80.120000000 5.434884897682e-06
80.130000000 6.171870745395e-06
80.140000000 6.711622677864e-06
80.150000000 7.751633345631e-06
80.160000000 8.488619193344e-06
80.170000000 9.110999318033e-06
80.180000000 9.806969731811e-06
80.190000000 1.045432711573e-05
80.200000000 1.113307054088e-05
80.210000000 1.179407931961e-05
80.220000000 1.246042281019e-05
80.230000000 1.313417010192e-05
80.240000000 1.378557086288e-05
80.250000000 1.447935572004e-05
80.260000000 1.510112955780e-05
80.270000000 1.583989541138e-05
80.280000000 1.639207835078e-05
80.290000000 1.725387533688e-05
80.300000000 1.744081253078e-05
80.310000000 1.821956722518e-05
80.320000000 1.846945389162e-05
80.330000000 1.919099000070e-05
80.340000000 1.950382613968e-05
80.350000000 1.964311268053e-05
80.360000000 2.058871157780e-05
80.370000000 2.035356243266e-05
80.380000000 2.122708326496e-05
80.390000000 2.153991664807e-05
80.400000000 2.137971749275e-05
80.410000000 2.221805465214e-05
80.420000000 2.253351949842e-05
80.430000000 2.241434198269e-05
80.440000000 2.251345357818e-05
80.450000000 2.238570433522e-05
80.460000000 2.271954900122e-05
80.470000000 2.352504310987e-05
80.480000000 2.343268550556e-05
80.490000000 2.348058602241e-05
80.500000000 2.345366567777e-05
80.510000000 2.346609681466e-05
80.520000000 2.346611284875e-05
80.530000000 2.345266232127e-05
80.540000000 2.348212370090e-05
80.550000000 2.342936041789e-05
80.560000000 2.353030664937e-05
80.570000000 2.321111337097e-05
80.580000000 2.239906515842e-05
80.590000000 2.249145483091e-05
80.600000000 2.245017255432e-05
80.610000000 2.246250564772e-05
80.620000000 2.247589019989e-05
80.630000000 2.243209895649e-05
80.640000000 2.252938346332e-05
80.650000000 2.170877869177e-05
80.660000000 2.140357538660e-05
80.670000000 2.148354995629e-05
80.680000000 2.146366934512e-05
80.690000000 2.144022830837e-05
80.700000000 2.152404625362e-05
80.710000000 2.071253662097e-05
80.720000000 2.040128572361e-05
80.730000000 2.048510366886e-05
80.740000000 2.046166263211e-05
80.750000000 2.044283347972e-05
80.760000000 2.051924762382e-05
80.770000000 2.022144811980e-05
80.780000000 1.938739195491e-05
80.790000000 1.950722299397e-05
80.800000000 1.942741865677e-05
80.810000000 1.949716650939e-05
80.820000000 1.941987113900e-05
80.830000000 1.953585880249e-05
80.840000000 1.920810896509e-05
80.850000000 1.840095558688e-05
80.860000000 1.849083629255e-05
80.870000000 1.845060547474e-05
80.880000000 1.846293856814e-05
80.890000000 1.847632312031e-05
80.900000000 1.843253187691e-05
80.910000000 1.852981638373e-05
80.920000000 1.820947034748e-05
80.930000000 1.740400830702e-05
80.940000000 1.748503433548e-05
80.950000000 1.746159329872e-05
80.960000000 1.744555606312e-05
80.970000000 1.751697407381e-05
80.980000000 1.722576074188e-05
80.990000000 1.638313284975e-05
81.000000000 1.651580899523e-05
81.010000000 1.641422050111e-05
81.020000000 1.653343008502e-05
81.030000000 1.572129899721e-05
81.040000000 1.537479738137e-05
81.050000000 1.555204042379e-05
81.060000000 1.520823731669e-05
81.070000000 1.438777346531e-05
81.080000000 1.453558958601e-05
81.090000000 1.423188340998e-05
81.100000000 1.335339851244e-05
81.110000000 1.358886267574e-05
81.120000000 1.264819068099e-05
81.130000000 1.249653627375e-05
81.140000000 1.170601999989e-05
81.150000000 1.144876160048e-05
81.160000000 1.075501156737e-05
81.170000000 1.038691921266e-05
81.180000000 9.855973832949e-06
81.190000000 9.077888566014e-06
81.200000000 8.522177269213e-06
81.210000000 8.208477828037e-06
81.220000000 7.418117642577e-06
81.230000000 6.834030882822e-06
81.240000000 6.094129171336e-06
81.250000000 5.506742749866e-06
81.260000000 4.738402929107e-06
81.270000000 3.730861829517e-06
81.280000000 3.152619904603e-06
81.290000000 2.467033292107e-06
81.300000000 1.767995286269e-06
81.310000000 7.059935661070e-07
81.320000000 1.766880812409e-07
81.330000000 -5.598205264487e-07
81.340000000 -1.197600397491e-06
81.350000000 -2.345387205880e-06
81.360000000 -2.730874144006e-06
81.370000000 -3.863518221305e-06
81.380000000 -4.533750760575e-06
81.390000000 -5.214947526582e-06
81.400000000 -6.334140210540e-06
81.410000000 -6.739664714094e-06
81.420000000 -7.855281804237e-06
81.430000000 -8.544428842318e-06
81.440000000 -9.197895158301e-06
81.450000000 -9.874847397244e-06
81.460000000 -1.053101222197e-05
81.470000000 -1.121077503771e-05
81.480000000 -1.235855909022e-05
81.490000000 -1.255456211071e-05
81.500000000 -1.317525242152e-05
81.510000000 -1.391398620693e-05
81.520000000 -1.446613707814e-05
81.530000000 -1.532790199607e-05
81.540000000 -1.551480712179e-05
81.550000000 -1.629352974801e-05
81.560000000 -1.654338434627e-05
81.570000000 -1.726488838717e-05
81.580000000 -1.757769245798e-05
81.590000000 -1.821720566594e-05
81.600000000 -1.866251375973e-05
81.610000000 -1.842838400519e-05
81.620000000 -1.929936380250e-05
81.630000000 -1.961705995177e-05
81.640000000 -1.944827216927e-05
81.650000000 -1.980030849842e-05
81.660000000 -2.059397689124e-05
81.670000000 -2.050910748722e-05
81.680000000 -2.055289873062e-05
81.690000000 -2.052604761687e-05
81.700000000 -2.054315986902e-05
81.710000000 -2.053166282850e-05
81.720000000 -2.053915189464e-05
81.730000000 -2.053529248499e-05
81.740000000 -2.053527645090e-05
81.750000000 -2.053910379238e-05
81.760000000 -2.053053119928e-05
81.770000000 -2.054555659721e-05
81.780000000 -2.052100847573e-05
81.790000000 -2.056022745586e-05
81.800000000 -2.049636657886e-05
81.810000000 -2.061232217418e-05
81.820000000 -1.977081497172e-05
81.830000000 -1.949333360617e-05
81.840000000 -1.953145438534e-05
81.850000000 -1.958856127116e-05
81.860000000 -1.928905678504e-05
81.870000000 -1.847689362905e-05
81.880000000 -1.854799048811e-05
81.890000000 -1.856793152227e-05
81.900000000 -1.781702650108e-05
81.910000000 -1.743197075643e-05
81.920000000 -1.763172826292e-05
81.930000000 -1.727800211988e-05
81.940000000 -1.645645474155e-05
81.950000000 -1.661663872864e-05
81.960000000 -1.628545911785e-05
81.970000000 -1.545402077176e-05
81.980000000 -1.561420475884e-05
81.990000000 -1.529291611581e-05
82.000000000 -1.443998269625e-05
82.010000000 -1.463617977715e-05
82.020000000 -1.425852783366e-05
82.030000000 -1.349522287789e-05
82.040000000 -1.353520147748e-05
82.050000000 -1.357518007707e-05
82.060000000 -1.281187512130e-05
82.070000000 -1.243422317781e-05
82.080000000 -1.263042025871e-05
82.090000000 -1.177643538038e-05
82.100000000 -1.145870716293e-05
82.110000000 -1.161148734886e-05
82.120000000 -1.079350039612e-05
82.130000000 -1.043977425309e-05
82.140000000 -1.063597133398e-05
82.150000000 -1.025831939049e-05
82.160000000 -9.493962975956e-06
82.170000000 -9.537502001128e-06
82.180000000 -9.570076799565e-06
82.190000000 -8.819171778370e-06
82.200000000 -8.421482269451e-06
82.210000000 -8.649849068594e-06
82.220000000 -8.245807217297e-06
82.230000000 -7.507302130671e-06
82.240000000 -7.520890822451e-06
82.250000000 -7.593039140285e-06
82.260000000 -6.784719359862e-06
82.270000000 -6.476658314736e-06
82.280000000 -6.548806632570e-06
82.290000000 -6.562395324350e-06
82.300000000 -5.823890237725e-06
82.310000000 -5.419848386427e-06
82.320000000 -5.648215185570e-06
82.330000000 -5.250525676651e-06
82.340000000 -4.499620655457e-06
82.350000000 -4.532195453893e-06
82.360000000 -4.575734479066e-06
82.370000000 -3.810326605756e-06
82.380000000 -3.436235087851e-06
82.390000000 -3.625028367597e-06
82.400000000 -2.784494882609e-06
82.410000000 -2.444220132918e-06
82.420000000 -2.633013412664e-06
82.430000000 -2.258921894759e-06
82.440000000 -1.494565480222e-06
82.450000000 -1.534544079810e-06
82.460000000 -1.574522679398e-06
82.470000000 -8.112177236339e-07
82.480000000 -4.335657801438e-07
82.490000000 -6.297628610412e-07
82.500000000 2.231705585163e-07
82.510000000 5.444592015507e-07
82.520000000 3.842752144657e-07
82.530000000 1.215713560555e-06
82.540000000 1.546893171346e-06
82.550000000 1.386709184261e-06
82.560000000 2.208256562594e-06
82.570000000 2.560931246853e-06
82.580000000 2.364734165956e-06
82.590000000 2.742386109446e-06
82.600000000 3.506742523983e-06
82.610000000 3.463203498810e-06
82.620000000 3.430628700374e-06
82.630000000 4.181533721568e-06
82.640000000 4.579223230487e-06
82.650000000 4.350856431344e-06
82.660000000 5.255157017940e-06
82.670000000 5.493403369267e-06
82.680000000 5.480866136260e-06
82.690000000 5.406208851614e-06
82.700000000 6.218372007604e-06
82.710000000 6.520385460539e-06
82.720000000 6.458383740377e-06
82.730000000 6.428819520213e-06
82.740000000 7.192569647821e-06
82.750000000 7.555841235551e-06
82.760000000 7.405545460350e-06
82.770000000 7.523643162493e-06
82.780000000 7.386002951776e-06
82.790000000 7.722356584593e-06
82.800000000 8.532846826652e-06
82.810000000 8.426499249108e-06
82.820000000 8.498931853344e-06
82.830000000 8.432776494482e-06
82.840000000 8.509052474285e-06
82.850000000 8.394148337738e-06
82.860000000 8.719421276511e-06
82.870000000 9.531501557239e-06
82.880000000 9.433096360743e-06
82.890000000 9.487349219972e-06
82.900000000 9.453025074180e-06
82.910000000 9.475064228843e-06
82.920000000 9.461090289694e-06
82.930000000 9.469662882786e-06
82.940000000 9.464784082537e-06
82.950000000 9.467309083438e-06
82.960000000 9.466273658755e-06
82.970000000 9.466289692845e-06
82.980000000 9.466305726934e-06
82.990000000 9.466321761024e-06
83.000000000 9.466337795113e-06
83.010000000 9.466353829203e-06
83.020000000 9.466369863292e-06
83.030000000 9.466385897382e-06
83.040000000 9.466401931471e-06
83.050000000 9.467469424333e-06
83.060000000 9.464976491611e-06
83.070000000 9.469887360039e-06
83.080000000 9.461346835126e-06
83.090000000 9.475352842454e-06
83.100000000 9.453345755970e-06
83.110000000 9.487701969941e-06
83.120000000 9.432429720119e-06
83.130000000 9.533375951606e-06
83.140000000 8.716432904717e-06
83.150000000 8.399748593126e-06
83.160000000 8.500694824614e-06
83.170000000 8.446474033564e-06
83.180000000 8.478321280723e-06
83.190000000 8.461209028578e-06
83.200000000 8.466658476903e-06
83.210000000 8.472107925229e-06
83.220000000 8.454995673083e-06
83.230000000 8.486842920243e-06
83.240000000 8.432622129193e-06
83.250000000 8.533568360680e-06
83.260000000 7.717676772564e-06
83.270000000 7.398483494161e-06
83.280000000 7.504324559988e-06
83.290000000 7.440495751163e-06
83.300000000 7.488841938372e-06
83.310000000 7.444811731314e-06
83.320000000 7.493157918523e-06
83.330000000 7.429329109699e-06
83.340000000 7.536221634298e-06
83.350000000 7.214519389083e-06
83.360000000 6.403522635306e-06
83.370000000 6.495912307791e-06
83.380000000 6.454630031207e-06
83.390000000 6.466963124604e-06
83.400000000 6.480347676774e-06
83.410000000 6.436556433378e-06
83.420000000 6.533840940202e-06
83.430000000 5.713236168650e-06
83.440000000 5.408032863485e-06
83.450000000 5.489058891944e-06
83.460000000 5.465617855191e-06
83.470000000 5.449580619590e-06
83.480000000 5.519947171500e-06
83.490000000 5.231242806386e-06
83.500000000 4.384771538694e-06
83.510000000 4.522443817590e-06
83.520000000 4.414269151383e-06
83.530000000 4.542050462522e-06
83.540000000 4.218384462368e-06
83.550000000 3.390899301332e-06
83.560000000 3.522523988037e-06
83.570000000 3.408301729640e-06
83.580000000 3.556120606208e-06
83.590000000 3.193932545430e-06
83.600000000 2.430214486000e-06
83.610000000 2.458759315571e-06
83.620000000 2.524353529496e-06
83.630000000 2.214968343589e-06
83.640000000 1.416288649120e-06
83.650000000 1.467380010931e-06
83.660000000 1.519522831515e-06
83.670000000 1.217541446759e-06
83.680000000 4.153013267052e-07
83.690000000 4.674441472892e-07
83.700000000 5.195869678733e-07
83.710000000 2.176055831173e-07
83.720000000 -5.846345369367e-07
83.730000000 -5.324917163527e-07
83.740000000 -4.803488957687e-07
83.750000000 -7.823302805247e-07
83.760000000 -1.584570400579e-06
83.770000000 -1.532427579995e-06
83.780000000 -1.480284759411e-06
83.790000000 -2.282524879465e-06
83.800000000 -2.584506264221e-06
83.810000000 -2.532363443637e-06
83.820000000 -2.480220623053e-06
83.830000000 -3.282460743107e-06
83.840000000 -3.584442127863e-06
83.850000000 -3.532299307279e-06
83.860000000 -3.481207945467e-06
83.870000000 -4.279887639936e-06
83.880000000 -4.589272825844e-06
83.890000000 -4.523678611918e-06
83.900000000 -4.495133782348e-06
83.910000000 -4.758593106479e-06
83.920000000 -5.622091361328e-06
83.930000000 -5.471763517948e-06
83.940000000 -5.589829151912e-06
83.950000000 -5.452156873016e-06
83.960000000 -5.788478437654e-06
83.970000000 -6.598936611534e-06
83.980000000 -6.492556965811e-06
83.990000000 -6.564957501868e-06
84.000000000 -6.498770074827e-06
84.010000000 -6.575013986451e-06
84.020000000 -6.460077781725e-06
84.030000000 -6.785318652318e-06
84.040000000 -7.597366864868e-06
84.050000000 -7.498929600193e-06
84.060000000 -7.553150391242e-06
84.070000000 -7.518794177271e-06
84.080000000 -7.540801263756e-06
84.090000000 -7.526795256428e-06
84.100000000 -7.535335781341e-06
84.110000000 -7.530424912912e-06
84.120000000 -7.532917845634e-06
84.130000000 -7.531850352772e-06
84.140000000 -7.531834318683e-06
84.150000000 -7.531818284593e-06
84.160000000 -7.531802250504e-06
84.170000000 -7.531786216414e-06
84.180000000 -7.531770182325e-06
84.190000000 -7.531754148235e-06
84.200000000 -7.531738114146e-06
84.210000000 -7.531722080056e-06
84.220000000 -7.531706045967e-06
84.230000000 -7.531690011877e-06
84.240000000 -7.531673977788e-06
84.250000000 -7.531657943698e-06
84.260000000 -7.531641909609e-06
84.270000000 -7.532677334292e-06
84.280000000 -7.530152333390e-06
84.290000000 -7.535031133640e-06
84.300000000 -7.526458540548e-06
84.310000000 -7.540432479697e-06
84.320000000 -7.518393325033e-06
84.330000000 -7.552717470826e-06
84.340000000 -7.497413152824e-06
84.350000000 -7.598327316132e-06
84.360000000 -6.781352201065e-06
84.370000000 -6.465687280067e-06
84.380000000 -6.564092476563e-06
84.390000000 -6.513682992901e-06
84.400000000 -6.539450579691e-06
84.410000000 -6.531401398266e-06
84.420000000 -6.523352216841e-06
84.430000000 -6.549119803631e-06
84.440000000 -6.498710319969e-06
84.450000000 -6.597115516465e-06
84.460000000 -6.282502054240e-06
84.470000000 -5.463017972360e-06
84.480000000 -5.568826970008e-06
84.490000000 -5.504966093004e-06
84.500000000 -5.553280212035e-06
84.510000000 -5.509217936797e-06
84.520000000 -5.557532055828e-06
84.530000000 -5.493671178824e-06
84.540000000 -5.599480176471e-06
84.550000000 -5.281306288662e-06
84.560000000 -4.462873665555e-06
84.570000000 -4.568682663202e-06
84.580000000 -4.504821786198e-06
84.590000000 -4.553135905229e-06
84.600000000 -4.509073629991e-06
84.610000000 -4.557387749022e-06
84.620000000 -4.493526872018e-06
84.630000000 -4.599335869666e-06
84.640000000 -4.281161981856e-06
84.650000000 -3.462729358749e-06
84.660000000 -3.568538356396e-06
84.670000000 -3.504677479393e-06
84.680000000 -3.552991598423e-06
84.690000000 -3.508929323186e-06
84.700000000 -3.557243442216e-06
84.710000000 -3.494434023985e-06
84.720000000 -3.597734054821e-06
84.730000000 -2.783144807280e-06
84.740000000 -2.458923327280e-06
84.750000000 -2.573827463827e-06
84.760000000 -2.496500025251e-06
84.770000000 -2.565164350925e-06
84.780000000 -2.487836912350e-06
84.790000000 -2.603792507669e-06
84.800000000 -2.276010602085e-06
84.810000000 -1.468825155696e-06
84.820000000 -1.558673793189e-06
84.830000000 -1.518410907199e-06
84.840000000 -1.530711932417e-06
84.850000000 -1.543012957635e-06
84.860000000 -1.502750071645e-06
84.870000000 -1.592598709139e-06
84.880000000 -7.854132627493e-07
84.890000000 -4.576313571649e-07
84.900000000 -5.735869524842e-07
84.910000000 -4.962595139088e-07
84.920000000 -5.649238395827e-07
84.930000000 -4.875964010073e-07
84.940000000 -6.035519963266e-07
84.950000000 -2.757700907422e-07
84.960000000 5.314153556471e-07
84.970000000 4.415667181535e-07
84.980000000 4.818296041437e-07
84.990000000 4.695285789256e-07
85.000000000 4.572275537074e-07
85.010000000 4.985418984703e-07
85.020000000 4.061842941646e-07
85.030000000 7.169543808225e-07
85.040000000 1.538947429515e-06
85.050000000 1.432086973094e-06
85.060000000 1.495947850098e-06
85.070000000 1.447633731068e-06
85.080000000 1.491696006305e-06
85.090000000 1.443381887275e-06
85.100000000 1.507242764278e-06
85.110000000 1.401433766631e-06
85.120000000 2.220917848511e-06
85.130000000 2.536582769508e-06
85.140000000 2.434617147427e-06
85.150000000 2.492430432241e-06
85.160000000 2.453211452109e-06
85.170000000 2.483807165775e-06
85.180000000 2.455843253388e-06
85.190000000 2.486438967054e-06
85.200000000 2.447219986922e-06
85.210000000 2.505033271736e-06
85.220000000 2.403067649655e-06
85.230000000 2.719784029425e-06
85.240000000 3.536759144493e-06
85.250000000 3.435844981184e-06
85.260000000 3.491149299186e-06
85.270000000 3.456825153394e-06
85.280000000 3.478864308057e-06
85.290000000 3.464890368908e-06
85.300000000 3.473462962000e-06
85.310000000 3.468584161750e-06
85.320000000 3.471109162652e-06
85.330000000 3.470073737969e-06
85.340000000 3.470089772058e-06
85.350000000 3.470105806148e-06
85.360000000 3.470121840237e-06
85.370000000 3.470137874327e-06
85.380000000 3.470153908416e-06
85.390000000 3.470169942506e-06
85.400000000 3.470185976595e-06
85.410000000 3.470202010685e-06
85.420000000 3.470218044775e-06
85.430000000 3.470234078864e-06
85.440000000 3.470250112954e-06
85.450000000 3.470266147043e-06
85.460000000 3.470282181133e-06
85.470000000 3.470298215222e-06
85.480000000 3.470314249312e-06
85.490000000 3.470330283401e-06
85.500000000 3.470346317491e-06
85.510000000 3.470362351580e-06
85.520000000 3.470378385670e-06
85.530000000 3.470394419759e-06
85.540000000 3.470410453849e-06
85.550000000 3.470426487938e-06
85.560000000 3.470442522028e-06
85.570000000 3.470458556117e-06
85.580000000 3.470474590207e-06
85.590000000 3.470490624296e-06
85.600000000 3.471558117158e-06
85.610000000 3.469065184436e-06
85.620000000 3.473976052865e-06
85.630000000 3.465435527952e-06
85.640000000 3.479441535280e-06
85.650000000 3.457434448795e-06
85.660000000 3.491790662766e-06
85.670000000 3.436518412944e-06
85.680000000 3.537464644431e-06
85.690000000 2.720521597542e-06
85.700000000 2.403837285951e-06
85.710000000 2.504783517439e-06
85.720000000 2.449511267616e-06
85.730000000 2.483867481588e-06
85.740000000 2.461860395103e-06
85.750000000 2.475866402431e-06
85.760000000 2.467325877518e-06
85.770000000 2.473288204720e-06
85.780000000 2.468286305185e-06
85.790000000 2.474248632386e-06
85.800000000 2.465708107473e-06
85.810000000 2.479714114801e-06
85.820000000 2.457707028317e-06
85.830000000 2.492063242288e-06
85.840000000 2.436790992466e-06
85.850000000 2.537737223953e-06
85.860000000 2.221052912362e-06
85.870000000 1.404109865473e-06
85.880000000 1.505056096960e-06
85.890000000 1.449783847138e-06
85.900000000 1.485191519882e-06
85.910000000 1.460675466585e-06
85.920000000 1.479576308253e-06
85.930000000 1.462479224337e-06
85.940000000 1.481380066004e-06
85.950000000 1.456864012708e-06
85.960000000 1.492271685452e-06
85.970000000 1.436999435629e-06
85.980000000 1.537945667116e-06
85.990000000 7.210026202276e-07
86.000000000 4.043183086368e-07
86.010000000 5.063159988967e-07
86.020000000 4.485347822622e-07
86.030000000 4.877858305728e-07
86.040000000 4.572221850857e-07
86.050000000 4.852181656521e-07
86.060000000 4.546545201650e-07
86.070000000 4.939055684756e-07
86.080000000 4.361243518411e-07
86.090000000 5.381220421010e-07
86.100000000 -2.788210047878e-07
86.110000000 -5.944538576059e-07
86.120000000 -4.960165929308e-07
86.130000000 -5.463940084139e-07
86.140000000 -5.205943534451e-07
86.150000000 -5.286114666912e-07
86.160000000 -5.366285799374e-07
86.170000000 -5.108289249686e-07
86.180000000 -5.612063404517e-07
86.190000000 -4.627690757766e-07
86.200000000 -1.278660663893e-06
86.210000000 -1.595344975483e-06
86.220000000 -1.493347285224e-06
86.230000000 -1.551128501858e-06
86.240000000 -1.511877453548e-06
86.250000000 -1.542441099035e-06
86.260000000 -1.514445118468e-06
86.270000000 -1.545008763955e-06
86.280000000 -1.505757715645e-06
86.290000000 -1.563538932279e-06
86.300000000 -1.461541242019e-06
86.310000000 -1.778225553610e-06
86.320000000 -2.595168600499e-06
86.330000000 -2.494222369012e-06
86.340000000 -2.549494618834e-06
86.350000000 -2.515138404863e-06
86.360000000 -2.537145491347e-06
86.370000000 -2.523139484019e-06
86.380000000 -2.531680008932e-06
86.390000000 -2.525717681731e-06
86.400000000 -2.530719581266e-06
86.410000000 -2.524757254064e-06
86.420000000 -2.533297778977e-06
86.430000000 -2.519291771649e-06
86.440000000 -2.541298858134e-06
86.450000000 -2.506942644162e-06
86.460000000 -2.562214893985e-06
86.470000000 -2.461268662498e-06
86.480000000 -3.278211709386e-06
86.490000000 -3.594896020977e-06
86.500000000 -3.493949789490e-06
86.510000000 -3.549222039312e-06
86.520000000 -3.514865825341e-06
86.530000000 -3.536872911826e-06
86.540000000 -3.522866904498e-06
86.550000000 -3.531407429411e-06
86.560000000 -3.526496560982e-06
86.570000000 -3.528989493704e-06
86.580000000 -3.527922000842e-06
86.590000000 -3.527905966753e-06
86.600000000 -3.527889932663e-06
86.610000000 -3.527873898574e-06
86.620000000 -3.527857864484e-06
86.630000000 -3.527841830395e-06
86.640000000 -3.527825796305e-06
86.650000000 -3.527809762216e-06
86.660000000 -3.527793728126e-06
86.670000000 -3.527777694037e-06
86.680000000 -3.527761659947e-06
86.690000000 -3.527745625858e-06
86.700000000 -3.527729591768e-06
86.710000000 -3.527713557679e-06
86.720000000 -3.527697523589e-06
86.730000000 -3.528732948272e-06
86.740000000 -3.526207947371e-06
86.750000000 -3.531086747620e-06
86.760000000 -3.522514154528e-06
86.770000000 -3.536488093677e-06
86.780000000 -3.514448939014e-06
86.790000000 -3.548773084806e-06
86.800000000 -3.493468766805e-06
86.810000000 -3.594382930113e-06
86.820000000 -2.777407815045e-06
86.830000000 -2.460691435275e-06
86.840000000 -2.561605598583e-06
86.850000000 -2.506301280582e-06
86.860000000 -2.540625426374e-06
86.870000000 -2.518586271711e-06
86.880000000 -2.532560210860e-06
86.890000000 -2.523987617768e-06
86.900000000 -2.528866418017e-06
86.910000000 -2.526341417116e-06
86.920000000 -2.527376841799e-06
86.930000000 -2.527360807709e-06
86.940000000 -2.527344773620e-06
86.950000000 -2.527328739530e-06
86.960000000 -2.527312705441e-06
86.970000000 -2.527296671351e-06
86.980000000 -2.528332096035e-06
86.990000000 -2.525807095133e-06
87.000000000 -2.530685895383e-06
87.010000000 -2.522113302291e-06
87.020000000 -2.536087241440e-06
87.030000000 -2.514048086776e-06
87.040000000 -2.548372232568e-06
87.050000000 -2.493067914567e-06
87.060000000 -2.593982077875e-06
87.070000000 -1.777006962807e-06
87.080000000 -1.460290583037e-06
87.090000000 -1.561204746346e-06
87.100000000 -1.505900428344e-06
87.110000000 -1.540224574137e-06
87.120000000 -1.518185419473e-06
87.130000000 -1.532159358622e-06
87.140000000 -1.523586765530e-06
87.150000000 -1.528465565780e-06
87.160000000 -1.525940564878e-06
87.170000000 -1.528027448334e-06
87.180000000 -1.525502447432e-06
87.190000000 -1.530381247682e-06
87.200000000 -1.521808654590e-06
87.210000000 -1.535782593739e-06
87.220000000 -1.513743439075e-06
87.230000000 -1.548067584868e-06
87.240000000 -1.492763266866e-06
87.250000000 -1.593677430174e-06
87.260000000 -7.767023151066e-07
87.270000000 -4.599859353368e-07
87.280000000 -5.609000986450e-07
87.290000000 -5.055957806436e-07
87.300000000 -5.399199264359e-07
87.310000000 -5.178807717723e-07
87.320000000 -5.318547109212e-07
87.330000000 -5.232821178292e-07
87.340000000 -5.281609180790e-07
87.350000000 -5.256359171773e-07
87.360000000 -5.277228006332e-07
87.370000000 -5.251977997315e-07
87.380000000 -5.300765999813e-07
87.390000000 -5.215040068893e-07
87.400000000 -5.354779460382e-07
87.410000000 -5.134387913746e-07
87.420000000 -5.477629371669e-07
87.430000000 -4.924586191655e-07
87.440000000 -5.933727824737e-07
87.450000000 2.236023325941e-07
87.460000000 5.403187123639e-07
87.470000000 4.394045490557e-07
87.480000000 4.947088670571e-07
87.490000000 4.603847212648e-07
87.500000000 4.824238759284e-07
87.510000000 4.684499367795e-07
87.520000000 4.770225298715e-07
87.530000000 4.721437296217e-07
87.540000000 4.746687305234e-07
87.550000000 4.736333058402e-07
87.560000000 4.736493399297e-07
87.570000000 4.736653740192e-07
87.580000000 4.736814081087e-07
87.590000000 4.736974421982e-07
87.600000000 4.737134762877e-07
87.610000000 4.737295103773e-07
87.620000000 4.726940856941e-07
87.630000000 4.752190865957e-07
87.640000000 4.703402863460e-07
87.650000000 4.789128794380e-07
87.660000000 4.649389402890e-07
87.670000000 4.869780949526e-07
87.680000000 4.526539491604e-07
87.690000000 5.079582671618e-07
87.700000000 4.070441038535e-07
87.710000000 1.224019218921e-06
87.720000000 1.540735598691e-06
87.730000000 1.439821435383e-06
87.740000000 1.495125753384e-06
87.750000000 1.460801607592e-06
87.760000000 1.482840762256e-06
87.770000000 1.468866823107e-06
87.780000000 1.477439416199e-06
87.790000000 1.472560615949e-06
87.800000000 1.475085616851e-06
87.810000000 1.474050192167e-06
87.820000000 1.474066226257e-06
87.830000000 1.474082260346e-06
87.840000000 1.474098294436e-06
87.850000000 1.474114328525e-06
87.860000000 1.474130362615e-06
87.870000000 1.474146396705e-06
87.880000000 1.474162430794e-06
87.890000000 1.474178464884e-06
87.900000000 1.474194498973e-06
87.910000000 1.474210533063e-06
87.920000000 1.474226567152e-06
87.930000000 1.474242601242e-06
87.940000000 1.474258635331e-06
87.950000000 1.474274669421e-06
87.960000000 1.474290703510e-06
87.970000000 1.474306737600e-06
87.980000000 1.474322771689e-06
87.990000000 1.475390264551e-06
88.000000000 1.472897331829e-06
88.010000000 1.477808200257e-06
88.020000000 1.469267675345e-06
88.030000000 1.483273682672e-06
88.040000000 1.461266596188e-06
88.050000000 1.495622810159e-06
88.060000000 1.440350560337e-06
88.070000000 1.541296791824e-06
88.080000000 7.243537449352e-07
88.090000000 4.076694333444e-07
88.100000000 5.086156648317e-07
88.110000000 4.533434150093e-07
88.120000000 4.876996289806e-07
88.130000000 4.656925424960e-07
88.140000000 4.796985498240e-07
88.150000000 4.711580249110e-07
88.160000000 4.760688933398e-07
88.170000000 4.735759606172e-07
88.180000000 4.746434534793e-07
88.190000000 4.746594875688e-07
88.200000000 4.746755216584e-07
88.210000000 4.746915557479e-07
88.220000000 4.747075898374e-07
88.230000000 4.747236239269e-07
88.240000000 4.747396580164e-07
88.250000000 4.747556921059e-07
88.260000000 4.747717261954e-07
88.270000000 4.747877602849e-07
88.280000000 4.748037943744e-07
88.290000000 4.748198284639e-07
88.300000000 4.748358625535e-07
88.310000000 4.748518966430e-07
88.320000000 4.748679307325e-07
88.330000000 4.748839648220e-07
88.340000000 4.759514576842e-07
88.350000000 4.734585249615e-07
88.360000000 4.783693933903e-07
88.370000000 4.698288684774e-07
88.380000000 4.838348758053e-07
88.390000000 4.618277893207e-07
88.400000000 4.961840032920e-07
88.410000000 4.409117534697e-07
88.420000000 5.418579849569e-07
88.430000000 2.251736733661e-07
88.440000000 -5.917693735227e-07
88.450000000 -4.908231420355e-07
88.460000000 -5.460953918578e-07
88.470000000 -5.117391778866e-07
88.480000000 -5.337462643711e-07
88.490000000 -5.197402570432e-07
88.500000000 -5.282807819562e-07
88.510000000 -5.233699135274e-07
88.520000000 -5.258628462500e-07
88.530000000 -5.247953533878e-07
88.540000000 -5.247793192983e-07
88.550000000 -5.247632852088e-07
88.560000000 -5.247472511193e-07
88.570000000 -5.247312170298e-07
88.580000000 -5.247151829403e-07
88.590000000 -5.246991488507e-07
88.600000000 -5.246831147612e-07
88.610000000 -5.246670806717e-07
88.620000000 -5.246510465822e-07
88.630000000 -5.235835537200e-07
88.640000000 -5.260764864427e-07
88.650000000 -5.211656180139e-07
88.660000000 -5.297061429268e-07
88.670000000 -5.157001355989e-07
88.680000000 -5.377072220835e-07
88.690000000 -5.033510081122e-07
88.700000000 -5.586232579345e-07
88.710000000 -4.576770264473e-07
88.720000000 -1.274620073336e-06
88.730000000 -1.591304384927e-06
88.740000000 -1.490358153440e-06
88.750000000 -1.545630403262e-06
88.760000000 -1.511274189291e-06
88.770000000 -1.533281275775e-06
88.780000000 -1.519275268447e-06
88.790000000 -1.527815793360e-06
88.800000000 -1.522904924932e-06
88.810000000 -1.525397857654e-06
88.820000000 -1.524330364792e-06
88.830000000 -1.524314330702e-06
88.840000000 -1.524298296613e-06
88.850000000 -1.524282262523e-06
88.860000000 -1.524266228434e-06
88.870000000 -1.524250194344e-06
88.880000000 -1.524234160255e-06
88.890000000 -1.524218126165e-06
88.900000000 -1.524202092076e-06
88.910000000 -1.524186057986e-06
88.920000000 -1.524170023897e-06
88.930000000 -1.524153989807e-06
88.940000000 -1.524137955718e-06
88.950000000 -1.524121921628e-06
88.960000000 -1.524105887539e-06
88.970000000 -1.524089853449e-06
88.980000000 -1.524073819360e-06
88.990000000 -1.524057785270e-06
89.000000000 -1.524041751181e-06
89.010000000 -1.524025717091e-06
89.020000000 -1.524009683002e-06
89.030000000 -1.523993648912e-06
89.040000000 -1.523977614823e-06
89.050000000 -1.523961580733e-06
89.060000000 -1.523945546644e-06
89.070000000 -1.523929512554e-06
89.080000000 -1.523913478465e-06
89.090000000 -1.523897444375e-06
89.100000000 -1.523881410286e-06
89.110000000 -1.523865376196e-06
89.120000000 -1.523849342107e-06
89.130000000 -1.523833308017e-06
89.140000000 -1.523817273928e-06
89.150000000 -1.523801239838e-06
89.160000000 -1.523785205749e-06
89.170000000 -1.523769171659e-06
89.180000000 -1.523753137570e-06
89.190000000 -1.523737103480e-06
89.200000000 -1.523721069391e-06
89.210000000 -1.523705035301e-06
89.220000000 -1.523689001212e-06
89.230000000 -1.523672967122e-06
89.240000000 -1.523656933033e-06
89.250000000 -1.523640898943e-06
89.260000000 -1.523624864854e-06
89.270000000 -1.523608830764e-06
89.280000000 -1.523592796675e-06
89.290000000 -1.523576762585e-06
89.300000000 -1.523560728496e-06
89.310000000 -1.523544694406e-06
89.320000000 -1.523528660316e-06
89.330000000 -1.523512626227e-06
89.340000000 -1.523496592137e-06
89.350000000 -1.523480558048e-06
89.360000000 -1.523464523958e-06
89.370000000 -1.523448489869e-06
89.380000000 -1.523432455779e-06
89.390000000 -1.523416421690e-06
89.400000000 -1.523400387600e-06
89.410000000 -1.523384353511e-06
89.420000000 -1.523368319421e-06
89.430000000 -1.523352285332e-06
89.440000000 -1.523336251242e-06
89.450000000 -1.523320217153e-06
89.460000000 -1.523304183063e-06
89.470000000 -1.523288148974e-06
89.480000000 -1.523272114884e-06
89.490000000 -1.524307539567e-06
89.500000000 -1.521782538666e-06
89.510000000 -1.526661338916e-06
89.520000000 -1.518088745824e-06
89.530000000 -1.532062684973e-06
89.540000000 -1.510023530309e-06
89.550000000 -1.044088940803e-06
89.560000000 -9.887846228018e-07
89.570000000 -1.089698786110e-06
89.580000000 -7.729824063402e-07
89.590000000 -4.562660265704e-07
89.600000000 -5.571801898786e-07
89.610000000 -5.018758718773e-07
89.620000000 -5.362000176695e-07
89.630000000 -5.141608630059e-07
89.640000000 -5.281348021548e-07
89.650000000 -5.195622090628e-07
89.660000000 -5.244410093126e-07
89.670000000 -5.219160084110e-07
89.680000000 -5.229514330941e-07
89.690000000 -5.229353990046e-07
89.700000000 -5.229193649151e-07
89.710000000 -5.229033308256e-07
89.720000000 -5.228872967361e-07
89.730000000 -5.228712626466e-07
89.740000000 -5.228552285571e-07
89.750000000 -5.228391944676e-07
89.760000000 -5.228231603780e-07
89.770000000 -5.228071262885e-07
89.780000000 -5.227910921990e-07
89.790000000 -5.227750581095e-07
89.800000000 -5.227590240200e-07
89.810000000 -5.227429899305e-07
89.820000000 -5.227269558410e-07
89.830000000 -5.227109217515e-07
89.840000000 -5.226948876620e-07
89.850000000 -5.226788535725e-07
89.860000000 -5.226628194829e-07
89.870000000 -5.226467853934e-07
89.880000000 -5.226307513039e-07
89.890000000 -5.226147172144e-07
89.900000000 -5.225986831249e-07
89.910000000 -5.225826490354e-07
89.920000000 -5.225666149459e-07
89.930000000 -5.225505808564e-07
89.940000000 -5.225345467669e-07
89.950000000 -5.225185126774e-07
89.960000000 -5.235539373605e-07
89.970000000 -5.210289364589e-07
89.980000000 -5.259077367086e-07
89.990000000 -5.173351436166e-07
90.000000000 -5.313090827656e-07
90.010000000 -5.092699281020e-07
90.020000000 -5.435940738942e-07
90.030000000 -4.882897558929e-07
90.040000000 -5.892039192011e-07
90.050000000 -2.724875394313e-07
90.060000000 5.444875756366e-07
90.070000000 4.435734123284e-07
90.080000000 4.988777303297e-07
90.090000000 4.645535845375e-07
90.100000000 4.865927392011e-07
90.110000000 4.726188000521e-07
90.120000000 4.811913931441e-07
90.130000000 4.763125928944e-07
90.140000000 4.788375937960e-07
90.150000000 4.778021691129e-07
90.160000000 4.778182032024e-07
90.170000000 4.778342372919e-07
90.180000000 4.778502713814e-07
90.190000000 4.778663054709e-07
90.200000000 4.778823395604e-07
90.210000000 4.778983736499e-07
90.220000000 4.779144077394e-07
90.230000000 4.779304418289e-07
90.240000000 4.779464759184e-07
90.250000000 4.779625100080e-07
90.260000000 4.779785440975e-07
90.270000000 4.779945781870e-07
90.280000000 4.780106122765e-07
90.290000000 4.780266463660e-07
90.300000000 4.780426804555e-07
90.310000000 4.780587145450e-07
90.320000000 4.780747486345e-07
90.330000000 4.780907827240e-07
90.340000000 4.781068168135e-07
90.350000000 4.781228509031e-07
90.360000000 4.781388849926e-07
90.370000000 4.781549190821e-07
90.380000000 4.781709531716e-07
90.390000000 4.781869872611e-07
90.400000000 4.782030213506e-07
90.410000000 4.782190554401e-07
90.420000000 4.782350895296e-07
90.430000000 4.782511236191e-07
90.440000000 4.782671577086e-07
90.450000000 4.782831917982e-07
90.460000000 4.782992258877e-07
90.470000000 4.783152599772e-07
90.480000000 4.783312940667e-07
90.490000000 4.793987869289e-07
90.500000000 4.769058542062e-07
90.510000000 4.818167226350e-07
90.520000000 4.732761977221e-07
90.530000000 4.872822050500e-07
90.540000000 4.652751185654e-07
90.550000000 4.996313325367e-07
90.560000000 4.443590827144e-07
90.570000000 5.453053142016e-07
90.580000000 2.286210026108e-07
90.590000000 -8.806330897998e-08
90.600000000 1.288292250726e-08
90.610000000 -4.238932731509e-08
90.620000000 -8.033113343831e-09
90.630000000 -5.302989351264e-07
90.640000000 -5.162929277985e-07
90.650000000 -5.248334527115e-07
90.660000000 -5.199225842827e-07
90.670000000 -5.224155170053e-07
90.680000000 -5.213480241431e-07
90.690000000 -5.213319900536e-07
90.700000000 -5.213159559641e-07
90.710000000 -5.212999218746e-07
90.720000000 -5.212838877851e-07
90.730000000 -5.212678536956e-07
90.740000000 -5.212518196060e-07
90.750000000 -5.212357855165e-07
90.760000000 -5.212197514270e-07
90.770000000 -5.212037173375e-07
90.780000000 -5.211876832480e-07
90.790000000 -5.211716491585e-07
90.800000000 -5.211556150690e-07
90.810000000 -5.211395809795e-07
90.820000000 -5.211235468900e-07
90.830000000 -5.211075128005e-07
90.840000000 -5.210914787109e-07
90.850000000 -5.210754446214e-07
90.860000000 -5.210594105319e-07
90.870000000 -5.210433764424e-07
90.880000000 -5.210273423529e-07
90.890000000 -5.210113082634e-07
90.900000000 -5.209952741739e-07
90.910000000 -5.209792400844e-07
90.920000000 -5.209632059949e-07
90.930000000 -5.209471719053e-07
90.940000000 -5.209311378158e-07
90.950000000 -5.209151037263e-07
90.960000000 -5.208990696368e-07
90.970000000 -5.208830355473e-07
90.980000000 -5.208670014578e-07
90.990000000 -5.208509673683e-07
91.000000000 -5.208349332788e-07
91.010000000 -5.208188991893e-07
91.020000000 -5.208028650998e-07
91.030000000 -5.207868310102e-07
91.040000000 -5.207707969207e-07
91.050000000 -5.207547628312e-07
91.060000000 -5.207387287417e-07
91.070000000 -5.207226946522e-07
91.080000000 -5.207066605627e-07
91.090000000 -5.206906264732e-07
91.100000000 -5.206745923837e-07
91.110000000 -5.206585582942e-07
91.120000000 -5.206425242047e-07
91.130000000 -5.206264901151e-07
91.140000000 -5.206104560256e-07
91.150000000 -5.205944219361e-07
91.160000000 -5.205783878466e-07
91.170000000 -5.205623537571e-07
91.180000000 -5.205463196676e-07
91.190000000 -5.205302855781e-07
91.200000000 -5.205142514886e-07
91.210000000 -5.204982173991e-07
91.220000000 -5.204821833096e-07
91.230000000 -5.204661492200e-07
91.240000000 -5.204501151305e-07
91.250000000 -5.204340810410e-07
91.260000000 -5.204180469515e-07
91.270000000 -5.204020128620e-07
91.280000000 -5.203859787725e-07
91.290000000 -5.203699446830e-07
91.300000000 -5.203539105935e-07
91.310000000 -5.203378765040e-07
91.320000000 -5.203218424145e-07
91.330000000 -5.203058083249e-07
91.340000000 -5.202897742354e-07
91.350000000 -5.202737401459e-07
91.360000000 -5.202577060564e-07
91.370000000 -5.202416719669e-07
91.380000000 -5.202256378774e-07
91.390000000 -5.202096037879e-07
91.400000000 -5.201935696984e-07
91.410000000 -5.201775356089e-07
91.420000000 -5.201615015193e-07
91.430000000 -5.201454674298e-07
91.440000000 -5.201294333403e-07
91.450000000 -5.201133992508e-07
91.460000000 -5.200973651613e-07
91.470000000 -5.200813310718e-07
91.480000000 -5.200652969823e-07
91.490000000 -5.200492628928e-07
91.500000000 -5.200332288033e-07
91.510000000 -5.200171947138e-07
91.520000000 -5.200011606242e-07
91.530000000 -5.199851265347e-07
91.540000000 -5.199690924452e-07
91.550000000 -5.199530583557e-07
91.560000000 -5.199370242662e-07
91.570000000 -5.199209901767e-07
91.580000000 -5.199049560872e-07
91.590000000 -5.198889219977e-07
91.600000000 -5.198728879082e-07
91.610000000 -5.198568538187e-07
91.620000000 -5.198408197291e-07
91.630000000 -5.198247856396e-07
91.640000000 -5.198087515501e-07
91.650000000 -5.197927174606e-07
91.660000000 -5.197766833711e-07
91.670000000 -5.197606492816e-07
91.680000000 -5.197446151921e-07
91.690000000 -5.197285811026e-07
91.700000000 -5.197125470131e-07
91.710000000 -5.196965129236e-07
91.720000000 -5.196804788340e-07
91.730000000 -5.196644447445e-07
91.740000000 -5.196484106550e-07
91.750000000 -5.185809177928e-07
91.760000000 -5.210738505155e-07
91.770000000 -5.161629820867e-07
91.780000000 -5.247035069996e-07
91.790000000 -5.106974996717e-07
91.800000000 -5.327045861563e-07
91.810000000 -4.983483721850e-07
91.820000000 -5.536206220074e-07
91.830000000 -4.526743905201e-07
91.840000000 -7.704101608836e-07
91.850000000 -1.084585505662e-06
91.860000000 -9.874826497416e-07
91.870000000 -1.036707307374e-06
91.880000000 -1.011446232301e-06
91.890000000 -1.019986757214e-06
91.900000000 -1.026330956530e-06
91.910000000 -1.001606318105e-06
91.920000000 -1.063285467192e-06
91.930000000 -8.043663381464e-07
91.940000000 -3.856683022062e-07
91.950000000 -8.032828111947e-07
91.960000000 -1.064678838874e-06
91.970000000 -9.991242460408e-07
91.980000000 -1.029864408477e-06
91.990000000 -1.014393002083e-06
92.000000000 -1.019286970563e-06
92.010000000 -1.024165770813e-06
92.020000000 -1.008174208340e-06
92.030000000 -1.038654978565e-06
92.040000000 -9.858596273759e-07
92.050000000 -1.085722331911e-06
92.060000000 -7.690059521417e-07
92.070000000 -4.522895723719e-07
92.080000000 -5.532037356801e-07
92.090000000 -4.978994176787e-07
92.100000000 -5.322235634710e-07
92.110000000 -5.101844088074e-07
92.120000000 -5.241583479563e-07
92.130000000 -5.155857548643e-07
92.140000000 -5.204645551141e-07
92.150000000 -5.179395542124e-07
92.160000000 -5.189749788956e-07
92.170000000 -5.189589448061e-07
92.180000000 -5.189429107166e-07
92.190000000 -5.189268766271e-07
92.200000000 -5.189108425376e-07
92.210000000 -5.188948084480e-07
92.220000000 -5.188787743585e-07
92.230000000 -5.188627402690e-07
92.240000000 -5.188467061795e-07
92.250000000 -5.188306720900e-07
92.260000000 -5.188146380005e-07
92.270000000 -5.187986039110e-07
92.280000000 -5.187825698215e-07
92.290000000 -5.187665357320e-07
92.300000000 -5.187505016424e-07
92.310000000 -5.187344675529e-07
92.320000000 -5.187184334634e-07
92.330000000 -5.187023993739e-07
92.340000000 -5.186863652844e-07
92.350000000 -5.186703311949e-07
92.360000000 -5.186542971054e-07
92.370000000 -5.186382630159e-07
92.380000000 -5.186222289264e-07
92.390000000 -5.186061948369e-07
92.400000000 -5.185901607473e-07
92.410000000 -5.185741266578e-07
92.420000000 -5.185580925683e-07
92.430000000 -5.185420584788e-07
92.440000000 -5.185260243893e-07
92.450000000 -5.185099902998e-07
92.460000000 -5.184939562103e-07
92.470000000 -5.184779221208e-07
92.480000000 -5.184618880313e-07
92.490000000 -5.184458539418e-07
92.500000000 -5.184298198522e-07
92.510000000 -5.184137857627e-07
92.520000000 -5.183977516732e-07
92.530000000 -5.183817175837e-07
92.540000000 -5.183656834942e-07
92.550000000 -5.183496494047e-07
92.560000000 -5.183336153152e-07
92.570000000 -5.183175812257e-07
92.580000000 -5.183015471362e-07
92.590000000 -5.182855130467e-07
92.600000000 -5.182694789571e-07
92.610000000 -5.182534448676e-07
92.620000000 -5.182374107781e-07
92.630000000 -5.182213766886e-07
92.640000000 -5.182053425991e-07
92.650000000 -5.181893085096e-07
92.660000000 -5.181732744201e-07
92.670000000 -5.181572403306e-07
92.680000000 -5.181412062411e-07
92.690000000 -5.181251721515e-07
92.700000000 -5.181091380620e-07
92.710000000 -5.180931039725e-07
92.720000000 -5.180770698830e-07
92.730000000 -5.180610357935e-07
92.740000000 -5.180450017040e-07
92.750000000 -5.180289676145e-07
92.760000000 -5.180129335250e-07
92.770000000 -5.179968994355e-07
92.780000000 -5.179808653460e-07
92.790000000 -5.179648312564e-07
92.800000000 -5.179487971669e-07
92.810000000 -5.179327630774e-07
92.820000000 -5.179167289879e-07
92.830000000 -5.179006948984e-07
92.840000000 -5.178846608089e-07
92.850000000 -5.178686267194e-07
92.860000000 -5.178525926299e-07
92.870000000 -5.178365585404e-07
92.880000000 -5.178205244509e-07
92.890000000 -5.178044903613e-07
92.900000000 -5.177884562718e-07
92.910000000 -5.177724221823e-07
92.920000000 -5.177563880928e-07
92.930000000 -5.177403540033e-07
92.940000000 -5.177243199138e-07
92.950000000 -5.177082858243e-07
92.960000000 -5.176922517348e-07
92.970000000 -5.176762176453e-07
92.980000000 -5.176601835558e-07
92.990000000 -5.176441494662e-07
93.000000000 -5.176281153767e-07
93.010000000 -5.176120812872e-07
93.020000000 -5.175960471977e-07
93.030000000 -5.175800131082e-07
93.040000000 -5.175639790187e-07
93.050000000 -5.175479449292e-07
93.060000000 -5.175319108397e-07
93.070000000 -5.175158767502e-07
93.080000000 -5.174998426607e-07
93.090000000 -5.174838085711e-07
93.100000000 -5.174677744816e-07
93.110000000 -5.174517403921e-07
93.120000000 -5.174357063026e-07
93.130000000 -5.174196722131e-07
93.140000000 -5.174036381236e-07
93.150000000 -5.173876040341e-07
93.160000000 -5.173715699446e-07
93.170000000 -5.173555358551e-07
93.180000000 -5.173395017655e-07
93.190000000 -5.173234676760e-07
93.200000000 -5.173074335865e-07
93.210000000 -5.172913994970e-07
93.220000000 -5.172753654075e-07
93.230000000 -5.172593313180e-07
93.240000000 -5.172432972285e-07
93.250000000 -5.172272631390e-07
93.260000000 -5.172112290495e-07
93.270000000 -5.171951949600e-07
93.280000000 -5.171791608704e-07
93.290000000 -5.171631267809e-07
93.300000000 -5.171470926914e-07
93.310000000 -5.171310586019e-07
93.320000000 -5.171150245124e-07
93.330000000 -5.170989904229e-07
93.340000000 -5.170829563334e-07
93.350000000 -5.170669222439e-07
93.360000000 -5.170508881544e-07
93.370000000 -5.170348540649e-07
93.380000000 -5.170188199753e-07
93.390000000 -5.170027858858e-07
93.400000000 -5.169867517963e-07
93.410000000 -5.169707177068e-07
93.420000000 -5.169546836173e-07
93.430000000 -5.169386495278e-07
93.440000000 -5.169226154383e-07
93.450000000 -5.169065813488e-07
93.460000000 -5.168905472593e-07
93.470000000 -5.168745131698e-07
93.480000000 -5.168584790802e-07
93.490000000 -5.168424449907e-07
93.500000000 -5.168264109012e-07
93.510000000 -5.168103768117e-07
93.520000000 -5.167943427222e-07
93.530000000 -5.167783086327e-07
93.540000000 -5.167622745432e-07
93.550000000 -5.167462404537e-07
93.560000000 -5.167302063642e-07
93.570000000 -5.167141722746e-07
93.580000000 -5.166981381851e-07
93.590000000 -5.166821040956e-07
93.600000000 -5.166660700061e-07
93.610000000 -5.166500359166e-07
93.620000000 -5.166340018271e-07
93.630000000 -5.166179677376e-07
93.640000000 -5.166019336481e-07
93.650000000 -5.165858995586e-07
93.660000000 -5.165698654691e-07
93.670000000 -5.165538313795e-07
93.680000000 -5.165377972900e-07
93.690000000 -5.165217632005e-07
93.700000000 -5.165057291110e-07
93.710000000 -5.164896950215e-07
93.720000000 -5.164736609320e-07
93.730000000 -5.164576268425e-07
93.740000000 -5.164415927530e-07
93.750000000 -5.164255586635e-07
93.760000000 -5.164095245740e-07
93.770000000 -5.163934904844e-07
93.780000000 -5.163774563949e-07
93.790000000 -5.163614223054e-07
93.800000000 -5.163453882159e-07
93.810000000 -5.163293541264e-07
93.820000000 -5.163133200369e-07
93.830000000 -5.162972859474e-07
93.840000000 -5.162812518579e-07
93.850000000 -5.162652177684e-07
93.860000000 -5.162491836789e-07
93.870000000 -5.162331495893e-07
93.880000000 -5.162171154998e-07
93.890000000 -5.162010814103e-07
93.900000000 -5.161850473208e-07
93.910000000 -5.161690132313e-07
93.920000000 -5.161529791418e-07
93.930000000 -5.161369450523e-07
93.940000000 -5.161209109628e-07
93.950000000 -5.161048768733e-07
93.960000000 -5.160888427837e-07
93.970000000 -5.160728086942e-07
93.980000000 -5.160567746047e-07
93.990000000 -5.160407405152e-07
94.000000000 -5.160247064257e-07
94.010000000 -5.160086723362e-07
94.020000000 -5.159926382467e-07
94.030000000 -5.159766041572e-07
94.040000000 -5.159605700677e-07
94.050000000 -5.159445359782e-07
94.060000000 -5.159285018886e-07
94.070000000 -5.159124677991e-07
94.080000000 -5.158964337096e-07
94.090000000 -5.158803996201e-07
94.100000000 -5.158643655306e-07
94.110000000 -5.158483314411e-07
94.120000000 -5.158322973516e-07
94.130000000 -5.158162632621e-07
94.140000000 -5.158002291726e-07
94.150000000 -5.157841950831e-07
94.160000000 -5.157681609935e-07
94.170000000 -5.157521269040e-07
94.180000000 -5.157360928145e-07
94.190000000 -5.157200587250e-07
94.200000000 -5.157040246355e-07
94.210000000 -5.156879905460e-07
94.220000000 -5.156719564565e-07
94.230000000 -5.156559223670e-07
94.240000000 -5.156398882775e-07
94.250000000 -5.156238541880e-07
94.260000000 -5.156078200984e-07
94.270000000 -5.155917860089e-07
94.280000000 -5.155757519194e-07
94.290000000 -5.155597178299e-07
94.300000000 -5.155436837404e-07
94.310000000 -5.155276496509e-07
94.320000000 -5.155116155614e-07
94.330000000 -5.154955814719e-07
94.340000000 -5.154795473824e-07
94.350000000 -5.154635132929e-07
94.360000000 -5.154474792033e-07
94.370000000 -5.154314451138e-07
94.380000000 -5.154154110243e-07
94.390000000 -5.153993769348e-07
94.400000000 -5.153833428453e-07
94.410000000 -5.153673087558e-07
94.420000000 -5.153512746663e-07
94.430000000 -5.153352405768e-07
94.440000000 -5.153192064873e-07
94.450000000 -5.153031723977e-07
94.460000000 -5.152871383082e-07
94.470000000 -5.152711042187e-07
94.480000000 -5.152550701292e-07
94.490000000 -5.152390360397e-07
94.500000000 -5.152230019502e-07
94.510000000 -5.152069678607e-07
94.520000000 -5.151909337712e-07
94.530000000 -5.151748996817e-07
94.540000000 -5.151588655922e-07
94.550000000 -5.151428315026e-07
94.560000000 -5.151267974131e-07
94.570000000 -5.151107633236e-07
94.580000000 -5.150947292341e-07
94.590000000 -5.150786951446e-07
94.600000000 -5.150626610551e-07
94.610000000 -5.150466269656e-07
94.620000000 -5.150305928761e-07
94.630000000 -5.150145587866e-07
94.640000000 -5.149985246971e-07
94.650000000 -5.149824906075e-07
94.660000000 -5.149664565180e-07
94.670000000 -5.149504224285e-07
94.680000000 -5.149343883390e-07
94.690000000 -5.149183542495e-07
94.700000000 -5.149023201600e-07
94.710000000 -5.148862860705e-07
94.720000000 -5.148702519810e-07
94.730000000 -5.148542178915e-07
94.740000000 -5.148381838020e-07
94.750000000 -5.148221497124e-07
94.760000000 -5.148061156229e-07
94.770000000 -5.147900815334e-07
94.780000000 -5.147740474439e-07
94.790000000 -5.147580133544e-07
94.800000000 -5.147419792649e-07
94.810000000 -5.147259451754e-07
94.820000000 -5.147099110859e-07
94.830000000 -5.146938769964e-07
94.840000000 -5.146778429068e-07
94.850000000 -5.146618088173e-07
94.860000000 -5.146457747278e-07
94.870000000 -5.146297406383e-07
94.880000000 -5.146137065488e-07
94.890000000 -5.145976724593e-07
94.900000000 -5.145816383698e-07
94.910000000 -5.145656042803e-07
94.920000000 -5.145495701908e-07
94.930000000 -5.145335361013e-07
94.940000000 -5.145175020117e-07
94.950000000 -5.145014679222e-07
94.960000000 -5.144854338327e-07
94.970000000 -5.144693997432e-07
94.980000000 -5.144533656537e-07
94.990000000 -5.144373315642e-07
95.000000000 -5.144212974747e-07
95.010000000 -5.144052633852e-07
95.020000000 -5.143892292957e-07
95.030000000 -5.143731952062e-07
95.040000000 -5.143571611166e-07
95.050000000 -5.143411270271e-07
95.060000000 -5.143250929376e-07
95.070000000 -5.143090588481e-07
95.080000000 -5.142930247586e-07
95.090000000 -5.142769906691e-07
95.100000000 -5.142609565796e-07
95.110000000 -5.142449224901e-07
95.120000000 -5.142288884006e-07
95.130000000 -5.142128543111e-07
95.140000000 -5.141968202215e-07
95.150000000 -5.141807861320e-07
95.160000000 -5.141647520425e-07
95.170000000 -5.141487179530e-07
95.180000000 -5.141326838635e-07
95.190000000 -5.141166497740e-07
95.200000000 -5.141006156845e-07
95.210000000 -5.140845815950e-07
95.220000000 -5.140685475055e-07
95.230000000 -5.140525134160e-07
95.240000000 -5.140364793264e-07
95.250000000 -5.140204452369e-07
95.260000000 -5.140044111474e-07
95.270000000 -5.139883770579e-07
95.280000000 -5.139723429684e-07
95.290000000 -5.139563088789e-07
95.300000000 -5.139402747894e-07
95.310000000 -5.139242406999e-07
95.320000000 -5.139082066104e-07
95.330000000 -5.138921725208e-07
95.340000000 -5.138761384313e-07
95.350000000 -5.138601043418e-07
95.360000000 -5.138440702523e-07
95.370000000 -5.138280361628e-07
95.380000000 -5.138120020733e-07
95.390000000 -5.137959679838e-07
95.400000000 -5.137799338943e-07
95.410000000 -5.137638998048e-07
95.420000000 -5.137478657153e-07
95.430000000 -5.137318316257e-07
95.440000000 -5.137157975362e-07
95.450000000 -5.136997634467e-07
95.460000000 -5.136837293572e-07
95.470000000 -5.136676952677e-07
95.480000000 -5.136516611782e-07
95.490000000 -5.136356270887e-07
95.500000000 -5.136195929992e-07
95.510000000 -5.136035589097e-07
95.520000000 -5.135875248202e-07
95.530000000 -5.135714907306e-07
95.540000000 -5.135554566411e-07
95.550000000 -5.135394225516e-07
95.560000000 -5.135233884621e-07
95.570000000 -5.135073543726e-07
95.580000000 -5.134913202831e-07
95.590000000 -5.134752861936e-07
95.600000000 -5.134592521041e-07
95.610000000 -5.134432180146e-07
95.620000000 -5.134271839251e-07
95.630000000 -5.134111498355e-07
95.640000000 -5.133951157460e-07
95.650000000 -5.133790816565e-07
95.660000000 -5.133630475670e-07
95.670000000 -5.133470134775e-07
95.680000000 -5.133309793880e-07
95.690000000 -5.133149452985e-07
95.700000000 -5.132989112090e-07
95.710000000 -5.132828771195e-07
95.720000000 -5.132668430299e-07
95.730000000 -5.132508089404e-07
95.740000000 -5.132347748509e-07
95.750000000 -5.132187407614e-07
95.760000000 -5.132027066719e-07
95.770000000 -5.131866725824e-07
95.780000000 -5.131706384929e-07
95.790000000 -5.131546044034e-07
95.800000000 -5.131385703139e-07
95.810000000 -5.131225362244e-07
95.820000000 -5.131065021348e-07
95.830000000 -5.130904680453e-07
95.840000000 -5.130744339558e-07
95.850000000 -5.130583998663e-07
95.860000000 -5.130423657768e-07
95.870000000 -5.130263316873e-07
95.880000000 -5.130102975978e-07
95.890000000 -5.129942635083e-07
95.900000000 -5.129782294188e-07
95.910000000 -5.129621953293e-07
95.920000000 -5.129461612397e-07
95.930000000 -5.129301271502e-07
95.940000000 -5.129140930607e-07
95.950000000 -5.128980589712e-07
95.960000000 -5.128820248817e-07
95.970000000 -5.128659907922e-07
95.980000000 -5.128499567027e-07
95.990000000 -5.128339226132e-07
96.000000000 -5.128178885237e-07
96.010000000 -5.128018544342e-07
96.020000000 -5.127858203446e-07
96.030000000 -5.127697862551e-07
96.040000000 -5.127537521656e-07
96.050000000 -5.127377180761e-07
96.060000000 -5.127216839866e-07
96.070000000 -5.127056498971e-07
96.080000000 -5.126896158076e-07
96.090000000 -5.126735817181e-07
96.100000000 -5.126575476286e-07
96.110000000 -5.126415135391e-07
96.120000000 -5.126254794495e-07
96.130000000 -5.126094453600e-07
96.140000000 -5.125934112705e-07
96.150000000 -5.125773771810e-07
96.160000000 -5.125613430915e-07
96.170000000 -5.125453090020e-07
96.180000000 -5.125292749125e-07
96.190000000 -5.125132408230e-07
96.200000000 -5.124972067335e-07
96.210000000 -5.124811726439e-07
96.220000000 -5.124651385544e-07
96.230000000 -5.124491044649e-07
96.240000000 -5.124330703754e-07
96.250000000 -5.124170362859e-07
96.260000000 -5.124010021964e-07
96.270000000 -5.123849681069e-07
96.280000000 -5.123689340174e-07
96.290000000 -5.123528999279e-07
96.300000000 -5.123368658384e-07
96.310000000 -5.123208317488e-07
96.320000000 -5.123047976593e-07
96.330000000 -5.122887635698e-07
96.340000000 -5.122727294803e-07
96.350000000 -5.122566953908e-07
96.360000000 -5.122406613013e-07
96.370000000 -5.122246272118e-07
96.380000000 -5.122085931223e-07
96.390000000 -5.121925590328e-07
96.400000000 -5.121765249433e-07
96.410000000 -5.121604908537e-07
96.420000000 -5.121444567642e-07
96.430000000 -5.121284226747e-07
96.440000000 -5.121123885852e-07
96.450000000 -5.120963544957e-07
96.460000000 -5.120803204062e-07
96.470000000 -5.120642863167e-07
96.480000000 -5.120482522272e-07
96.490000000 -5.120322181377e-07
96.500000000 -5.120161840482e-07
96.510000000 -5.120001499586e-07
96.520000000 -5.119841158691e-07
96.530000000 -5.119680817796e-07
96.540000000 -5.119520476901e-07
96.550000000 -5.119360136006e-07
96.560000000 -5.119199795111e-07
96.570000000 -5.119039454216e-07
96.580000000 -5.118879113321e-07
96.590000000 -5.118718772426e-07
96.600000000 -5.118558431530e-07
96.610000000 -5.118398090635e-07
96.620000000 -5.118237749740e-07
96.630000000 -5.118077408845e-07
96.640000000 -5.117917067950e-07
96.650000000 -5.117756727055e-07
96.660000000 -5.117596386160e-07
96.670000000 -5.117436045265e-07
96.680000000 -5.117275704370e-07
96.690000000 -5.117115363475e-07
96.700000000 -5.116955022579e-07
96.710000000 -5.116794681684e-07
96.720000000 -5.116634340789e-07
96.730000000 -5.116473999894e-07
96.740000000 -5.116313658999e-07
96.750000000 -5.116153318104e-07
96.760000000 -5.115992977209e-07
96.770000000 -5.115832636314e-07
96.780000000 -5.115672295419e-07
96.790000000 -5.115511954524e-07
96.800000000 -5.115351613628e-07
96.810000000 -5.115191272733e-07
96.820000000 -5.115030931838e-07
96.830000000 -5.114870590943e-07
96.840000000 -5.114710250048e-07
96.850000000 -5.114549909153e-07
96.860000000 -5.114389568258e-07
96.870000000 -5.114229227363e-07
96.880000000 -5.114068886468e-07
96.890000000 -5.113908545573e-07
96.900000000 -5.113748204677e-07
96.910000000 -5.113587863782e-07
96.920000000 -5.113427522887e-07
96.930000000 -5.113267181992e-07
96.940000000 -5.113106841097e-07
96.950000000 -5.112946500202e-07
96.960000000 -5.112786159307e-07
96.970000000 -5.112625818412e-07
96.980000000 -5.112465477517e-07
96.990000000 -5.112305136622e-07
97.000000000 -5.112144795726e-07
97.010000000 -5.111984454831e-07
97.020000000 -5.111824113936e-07
97.030000000 -5.111663773041e-07
97.040000000 -5.111503432146e-07
97.050000000 -5.111343091251e-07
97.060000000 -5.111182750356e-07
97.070000000 -5.111022409461e-07
97.080000000 -5.110862068566e-07
97.090000000 -5.110701727670e-07
97.100000000 -5.110541386775e-07
97.110000000 -5.110381045880e-07
97.120000000 -5.110220704985e-07
97.130000000 -5.110060364090e-07
97.140000000 -5.109900023195e-07
97.150000000 -5.109739682300e-07
97.160000000 -5.109579341405e-07
97.170000000 -5.109419000510e-07
97.180000000 -5.109258659615e-07
97.190000000 -5.109098318719e-07
97.200000000 -5.108937977824e-07
97.210000000 -5.108777636929e-07
97.220000000 -5.108617296034e-07
97.230000000 -5.108456955139e-07
97.240000000 -5.108296614244e-07
97.250000000 -5.108136273349e-07
97.260000000 -5.107975932454e-07
97.270000000 -5.107815591559e-07
97.280000000 -5.107655250664e-07
97.290000000 -5.107494909768e-07
97.300000000 -5.107334568873e-07
97.310000000 -5.107174227978e-07
97.320000000 -5.107013887083e-07
97.330000000 -5.106853546188e-07
97.340000000 -5.106693205293e-07
97.350000000 -5.106532864398e-07
97.360000000 -5.106372523503e-07
97.370000000 -5.106212182608e-07
97.380000000 -5.106051841713e-07
97.390000000 -5.105891500817e-07
97.400000000 -5.105731159922e-07
97.410000000 -5.105570819027e-07
97.420000000 -5.105410478132e-07
97.430000000 -5.105250137237e-07
97.440000000 -5.105089796342e-07
97.450000000 -5.104929455447e-07
97.460000000 -5.104769114552e-07
97.470000000 -5.104608773657e-07
97.480000000 -5.104448432761e-07
97.490000000 -5.104288091866e-07
97.500000000 -5.104127750971e-07
97.510000000 -5.103967410076e-07
97.520000000 -5.103807069181e-07
97.530000000 -5.103646728286e-07
97.540000000 -5.103486387391e-07
97.550000000 -5.103326046496e-07
97.560000000 -5.103165705601e-07
97.570000000 -5.103005364706e-07
97.580000000 -5.102845023810e-07
97.590000000 -5.102684682915e-07
97.600000000 -5.102524342020e-07
97.610000000 -5.102364001125e-07
97.620000000 -5.102203660230e-07
97.630000000 -5.102043319335e-07
97.640000000 -5.101882978440e-07
97.650000000 -5.101722637545e-07
97.660000000 -5.101562296650e-07
97.670000000 -5.101401955755e-07
97.680000000 -5.101241614859e-07
97.690000000 -5.101081273964e-07
97.700000000 -5.100920933069e-07
97.710000000 -5.100760592174e-07
97.720000000 -5.100600251279e-07
97.730000000 -5.100439910384e-07
97.740000000 -5.100279569489e-07
97.750000000 -5.100119228594e-07
97.760000000 -5.099958887699e-07
97.770000000 -5.099798546804e-07
97.780000000 -5.099638205908e-07
97.790000000 -5.099477865013e-07
97.800000000 -5.099317524118e-07
97.810000000 -5.099157183223e-07
97.820000000 -5.098996842328e-07
97.830000000 -5.098836501433e-07
97.840000000 -5.098676160538e-07
97.850000000 -5.098515819643e-07
97.860000000 -5.098355478748e-07
97.870000000 -5.098195137852e-07
97.880000000 -5.098034796957e-07
97.890000000 -5.097874456062e-07
97.900000000 -5.097714115167e-07
97.910000000 -5.097553774272e-07
97.920000000 -5.097393433377e-07
97.930000000 -5.097233092482e-07
97.940000000 -5.097072751587e-07
97.950000000 -5.096912410692e-07
97.960000000 -5.096752069797e-07
97.970000000 -5.096591728901e-07
97.980000000 -5.096431388006e-07
97.990000000 -5.096271047111e-07
98.000000000 -5.096110706216e-07
98.010000000 -5.095950365321e-07
98.020000000 -5.095790024426e-07
98.030000000 -5.095629683531e-07
98.040000000 -5.095469342636e-07
98.050000000 -5.095309001741e-07
98.060000000 -5.095148660846e-07
98.070000000 -5.094988319950e-07
98.080000000 -5.094827979055e-07
98.090000000 -5.094667638160e-07
98.100000000 -5.094507297265e-07
98.110000000 -5.094346956370e-07
98.120000000 -5.094186615475e-07
98.130000000 -5.094026274580e-07
98.140000000 -5.093865933685e-07
98.150000000 -5.093705592790e-07
98.160000000 -5.093545251895e-07
98.170000000 -5.093384910999e-07
98.180000000 -5.093224570104e-07
98.190000000 -5.093064229209e-07
98.200000000 -5.092903888314e-07
98.210000000 -5.092743547419e-07
98.220000000 -5.092583206524e-07
98.230000000 -5.092422865629e-07
98.240000000 -5.092262524734e-07
98.250000000 -5.092102183839e-07
98.260000000 -5.091941842944e-07
98.270000000 -5.091781502048e-07
98.280000000 -5.091621161153e-07
98.290000000 -5.091460820258e-07
98.300000000 -5.091300479363e-07
98.310000000 -5.091140138468e-07
98.320000000 -5.090979797573e-07
98.330000000 -5.090819456678e-07
98.340000000 -5.090659115783e-07
98.350000000 -5.090498774888e-07
98.360000000 -5.090338433992e-07
98.370000000 -5.090178093097e-07
98.380000000 -5.090017752202e-07
98.390000000 -5.089857411307e-07
98.400000000 -5.089697070412e-07
98.410000000 -5.089536729517e-07
98.420000000 -5.089376388622e-07
98.430000000 -5.089216047727e-07
98.440000000 -5.089055706832e-07
98.450000000 -5.088895365937e-07
98.460000000 -5.088735025041e-07
98.470000000 -5.088574684146e-07
98.480000000 -5.088414343251e-07
98.490000000 -5.088254002356e-07
98.500000000 -5.088093661461e-07
98.510000000 -5.087933320566e-07
98.520000000 -5.087772979671e-07
98.530000000 -5.087612638776e-07
98.540000000 -5.087452297881e-07
98.550000000 -5.087291956986e-07
98.560000000 -5.087131616090e-07
98.570000000 -5.086971275195e-07
98.580000000 -5.086810934300e-07
98.590000000 -5.086650593405e-07
98.600000000 -5.086490252510e-07
98.610000000 -5.086329911615e-07
98.620000000 -5.086169570720e-07
98.630000000 -5.086009229825e-07
98.640000000 -5.085848888930e-07
98.650000000 -5.085688548035e-07
98.660000000 -5.085528207139e-07
98.670000000 -5.085367866244e-07
98.680000000 -5.085207525349e-07
98.690000000 -5.085047184454e-07
98.700000000 -5.084886843559e-07
98.710000000 -5.084726502664e-07
98.720000000 -5.084566161769e-07
98.730000000 -5.084405820874e-07
98.740000000 -5.084245479979e-07
98.750000000 -5.084085139083e-07
98.760000000 -5.083924798188e-07
98.770000000 -5.083764457293e-07
98.780000000 -5.083604116398e-07
98.790000000 -5.083443775503e-07
98.800000000 -5.083283434608e-07
98.810000000 -5.083123093713e-07
98.820000000 -5.082962752818e-07
98.830000000 -5.082802411923e-07
98.840000000 -5.082642071028e-07
98.850000000 -5.082481730132e-07
98.860000000 -5.082321389237e-07
98.870000000 -5.082161048342e-07
98.880000000 -5.082000707447e-07
98.890000000 -5.081840366552e-07
98.900000000 -5.081680025657e-07
98.910000000 -5.081519684762e-07
98.920000000 -5.081359343867e-07
98.930000000 -5.081199002972e-07
98.940000000 -5.081038662077e-07
98.950000000 -5.080878321181e-07
98.960000000 -5.080717980286e-07
98.970000000 -5.080557639391e-07
98.980000000 -5.080397298496e-07
98.990000000 -5.080236957601e-07
99.000000000 -5.080076616706e-07
99.010000000 -5.079916275811e-07
99.020000000 -5.079755934916e-07
99.030000000 -5.079595594021e-07
99.040000000 -5.079435253126e-07
99.050000000 -5.079274912230e-07
99.060000000 -5.079114571335e-07
99.070000000 -5.078954230440e-07
99.080000000 -5.078793889545e-07
99.090000000 -5.078633548650e-07
99.100000000 -5.078473207755e-07
99.110000000 -5.078312866860e-07
99.120000000 -5.078152525965e-07
99.130000000 -5.077992185070e-07
99.140000000 -5.077831844175e-07
99.150000000 -5.077671503279e-07
99.160000000 -5.077511162384e-07
99.170000000 -5.077350821489e-07
99.180000000 -5.077190480594e-07
99.190000000 -5.077030139699e-07
99.200000000 -5.076869798804e-07
99.210000000 -5.076709457909e-07
99.220000000 -5.076549117014e-07
99.230000000 -5.076388776119e-07
99.240000000 -5.076228435223e-07
99.250000000 -5.076068094328e-07
99.260000000 -5.075907753433e-07
99.270000000 -5.075747412538e-07
99.280000000 -5.075587071643e-07
99.290000000 -5.075426730748e-07
99.300000000 -5.075266389853e-07
99.310000000 -5.075106048958e-07
99.320000000 -5.074945708063e-07
99.330000000 -5.074785367168e-07
99.340000000 -5.074625026272e-07
99.350000000 -5.074464685377e-07
99.360000000 -5.074304344482e-07
99.370000000 -5.074144003587e-07
99.380000000 -5.073983662692e-07
99.390000000 -5.073823321797e-07
99.400000000 -5.073662980902e-07
99.410000000 -5.073502640007e-07
99.420000000 -5.073342299112e-07
99.430000000 -5.073181958217e-07
99.440000000 -5.073021617321e-07
99.450000000 -5.072861276426e-07
99.460000000 -5.072700935531e-07
99.470000000 -5.072540594636e-07
99.480000000 -5.072380253741e-07
99.490000000 -5.072219912846e-07
99.500000000 -5.072059571951e-07
99.510000000 -5.071899231056e-07
99.520000000 -5.071738890161e-07
99.530000000 -5.071578549266e-07
99.540000000 -5.071418208370e-07
99.550000000 -5.071257867475e-07
99.560000000 -5.071097526580e-07
99.570000000 -5.070937185685e-07
99.580000000 -5.070776844790e-07
99.590000000 -5.070616503895e-07
99.600000000 -5.070456163000e-07
99.610000000 -5.070295822105e-07
99.620000000 -5.070135481210e-07
99.630000000 -5.069975140314e-07
99.640000000 -5.069814799419e-07
99.650000000 -5.069654458524e-07
99.660000000 -5.069494117629e-07
99.670000000 -5.069333776734e-07
99.680000000 -5.069173435839e-07
99.690000000 -5.069013094944e-07
99.700000000 -5.068852754049e-07
99.710000000 -5.068692413154e-07
99.720000000 -5.068532072259e-07
99.730000000 -5.068371731363e-07
99.740000000 -5.068211390468e-07
99.750000000 -5.068051049573e-07
99.760000000 -5.067890708678e-07
99.770000000 -5.067730367783e-07
99.780000000 -5.067570026888e-07
99.790000000 -5.067409685993e-07
99.800000000 -5.067249345098e-07
99.810000000 -5.067089004203e-07
99.820000000 -5.066928663308e-07
99.830000000 -5.066768322412e-07
99.840000000 -5.066607981517e-07
99.850000000 -5.066447640622e-07
99.860000000 -5.066287299727e-07
99.870000000 -5.066126958832e-07
99.880000000 -5.065966617937e-07
99.890000000 -5.065806277042e-07
99.900000000 -5.065645936147e-07
99.910000000 -5.065485595252e-07
99.920000000 -5.065325254357e-07
99.930000000 -5.065164913461e-07
99.940000000 -5.065004572566e-07
99.950000000 -5.064844231671e-07
99.960000000 -5.064683890776e-07
99.970000000 -5.064523549881e-07
99.980000000 -5.064363208986e-07
99.990000000 -5.064202868091e-07
100.000000000 -5.064042527196e-07
100.010000000 -5.063882186301e-07
100.020000000 -5.063721845406e-07
100.030000000 -5.063561504510e-07
100.040000000 -5.063401163615e-07
100.050000000 -5.063240822720e-07
100.060000000 -5.063080481825e-07
100.070000000 -5.062920140930e-07
100.080000000 -5.062759800035e-07
100.090000000 -5.062599459140e-07
100.100000000 -5.062439118245e-07
100.110000000 -5.062278777350e-07
100.120000000 -5.062118436454e-07
100.130000000 -5.061958095559e-07
100.140000000 -5.061797754664e-07
100.150000000 -5.061637413769e-07
100.160000000 -5.061477072874e-07
100.170000000 -5.061316731979e-07
100.180000000 -5.061156391084e-07
100.190000000 -5.060996050189e-07
100.200000000 -5.060835709294e-07
100.210000000 -5.060675368399e-07
100.220000000 -5.060515027503e-07
100.230000000 -5.060354686608e-07
100.240000000 -5.060194345713e-07
100.250000000 -5.060034004818e-07
100.260000000 -5.059873663923e-07
100.270000000 -5.059713323028e-07
100.280000000 -5.059552982133e-07
100.290000000 -5.059392641238e-07
100.300000000 -5.059232300343e-07
100.310000000 -5.059071959448e-07
100.320000000 -5.058911618552e-07
100.330000000 -5.058751277657e-07
100.340000000 -5.058590936762e-07
100.350000000 -5.058430595867e-07
100.360000000 -5.058270254972e-07
100.370000000 -5.058109914077e-07
100.380000000 -5.057949573182e-07
100.390000000 -5.057789232287e-07
100.400000000 -5.057628891392e-07
100.410000000 -5.057468550497e-07
100.420000000 -5.057308209601e-07
100.430000000 -5.057147868706e-07
100.440000000 -5.056987527811e-07
100.450000000 -5.056827186916e-07
100.460000000 -5.056666846021e-07
100.470000000 -5.056506505126e-07
100.480000000 -5.056346164231e-07
100.490000000 -5.056185823336e-07
100.500000000 -5.056025482441e-07
100.510000000 -5.055865141545e-07
100.520000000 -5.055704800650e-07
100.530000000 -5.055544459755e-07
100.540000000 -5.055384118860e-07
100.550000000 -5.055223777965e-07
100.560000000 -5.055063437070e-07
100.570000000 -5.054903096175e-07
100.580000000 -5.054742755280e-07
100.590000000 -5.054582414385e-07
100.600000000 -5.064936661216e-07
100.610000000 -5.039686652200e-07
100.620000000 -5.088474654698e-07
100.630000000 -5.002748723778e-07
100.640000000 -5.131973527540e-07
100.650000000 -4.936671649026e-07
100.660000000 -5.230964763555e-07
100.670000000 -4.763487173566e-07
100.680000000 -5.632729074264e-07
100.690000000 -2.685796482307e-07
100.700000000 8.247691142087e-08
100.710000000 -7.372553579921e-08
100.720000000 8.250897959989e-08
100.730000000 -2.685155118726e-07
100.740000000 -5.631767028894e-07
100.750000000 -4.762204446406e-07
100.760000000 -5.229361354604e-07
100.770000000 -4.934747558284e-07
100.780000000 -5.129728755009e-07
100.790000000 -5.000183269456e-07
100.800000000 -5.085588518586e-07
100.810000000 -5.036479834298e-07
100.820000000 -5.061409161524e-07
100.830000000 -5.050734232902e-07
100.840000000 -5.050573892007e-07
100.850000000 -5.050413551112e-07
100.860000000 -5.050253210217e-07
100.870000000 -5.050092869322e-07
100.880000000 -5.049932528427e-07
100.890000000 -5.049772187532e-07
100.900000000 -5.049611846636e-07
100.910000000 -5.049451505741e-07
100.920000000 -5.049291164846e-07
100.930000000 -5.049130823951e-07
100.940000000 -5.048970483056e-07
100.950000000 -5.048810142161e-07
100.960000000 -5.048649801266e-07
100.970000000 -5.048489460371e-07
100.980000000 -5.048329119476e-07
100.990000000 -5.048168778581e-07
101.000000000 -5.048008437685e-07
101.010000000 -5.047848096790e-07
101.020000000 -5.047687755895e-07
101.030000000 -5.047527415000e-07
101.040000000 -5.047367074105e-07
101.050000000 -5.047206733210e-07
101.060000000 -5.047046392315e-07
101.070000000 -5.046886051420e-07
101.080000000 -5.046725710525e-07
101.090000000 -5.046565369630e-07
101.100000000 -5.046405028734e-07
101.110000000 -5.046244687839e-07
101.120000000 -5.046084346944e-07
101.130000000 -5.045924006049e-07
101.140000000 -5.045763665154e-07
101.150000000 -5.045603324259e-07
101.160000000 -5.045442983364e-07
101.170000000 -5.045282642469e-07
101.180000000 -5.045122301574e-07
101.190000000 -5.044961960679e-07
101.200000000 -5.044801619783e-07
101.210000000 -5.044641278888e-07
101.220000000 -5.044480937993e-07
101.230000000 -5.044320597098e-07
101.240000000 -5.044160256203e-07
101.250000000 -5.043999915308e-07
101.260000000 -5.043839574413e-07
101.270000000 -5.043679233518e-07
101.280000000 -5.043518892623e-07
101.290000000 -5.043358551728e-07
101.300000000 -5.043198210832e-07
101.310000000 -5.043037869937e-07
101.320000000 -5.042877529042e-07
101.330000000 -5.042717188147e-07
101.340000000 -5.042556847252e-07
101.350000000 -5.042396506357e-07
101.360000000 -5.042236165462e-07
101.370000000 -5.042075824567e-07
101.380000000 -5.041915483672e-07
101.390000000 -5.041755142776e-07
101.400000000 -5.041594801881e-07
101.410000000 -5.041434460986e-07
101.420000000 -5.041274120091e-07
101.430000000 -5.041113779196e-07
101.440000000 -5.040953438301e-07
101.450000000 -5.040793097406e-07
101.460000000 -5.040632756511e-07
101.470000000 -5.040472415616e-07
101.480000000 -5.040312074721e-07
101.490000000 -5.040151733825e-07
101.500000000 -5.039991392930e-07
101.510000000 -5.039831052035e-07
101.520000000 -5.039670711140e-07
101.530000000 -5.039510370245e-07
101.540000000 -5.039350029350e-07
101.550000000 -5.039189688455e-07
101.560000000 -5.039029347560e-07
101.570000000 -5.038869006665e-07
101.580000000 -5.038708665770e-07
101.590000000 -5.038548324874e-07
101.600000000 -5.038387983979e-07
101.610000000 -5.038227643084e-07
101.620000000 -5.038067302189e-07
101.630000000 -5.037906961294e-07
101.640000000 -5.037746620399e-07
101.650000000 -5.037586279504e-07
101.660000000 -5.037425938609e-07
101.670000000 -5.037265597714e-07
101.680000000 -5.037105256819e-07
101.690000000 -5.036944915923e-07
101.700000000 -5.036784575028e-07
101.710000000 -5.036624234133e-07
101.720000000 -5.036463893238e-07
101.730000000 -5.036303552343e-07
101.740000000 -5.036143211448e-07
101.750000000 -5.035982870553e-07
101.760000000 -5.035822529658e-07
101.770000000 -5.035662188763e-07
101.780000000 -5.035501847867e-07
101.790000000 -5.035341506972e-07
101.800000000 -5.035181166077e-07
101.810000000 -5.035020825182e-07
101.820000000 -5.034860484287e-07
101.830000000 -5.034700143392e-07
101.840000000 -5.034539802497e-07
101.850000000 -5.034379461602e-07
101.860000000 -5.034219120707e-07
101.870000000 -5.034058779812e-07
101.880000000 -5.033898438916e-07
101.890000000 -5.033738098021e-07
101.900000000 -5.033577757126e-07
101.910000000 -5.033417416231e-07
101.920000000 -5.033257075336e-07
101.930000000 -5.033096734441e-07
101.940000000 -5.032936393546e-07
101.950000000 -5.032776052651e-07
101.960000000 -5.032615711756e-07
101.970000000 -5.032455370861e-07
101.980000000 -5.032295029965e-07
101.990000000 -5.032134689070e-07
102.000000000 -5.031974348175e-07
102.010000000 -5.031814007280e-07
102.020000000 -5.031653666385e-07
102.030000000 -5.031493325490e-07
102.040000000 -5.031332984595e-07
102.050000000 -5.031172643700e-07
102.060000000 -5.031012302805e-07
102.070000000 -5.030851961910e-07
102.080000000 -5.030691621014e-07
102.090000000 -5.030531280119e-07
102.100000000 -5.030370939224e-07
102.110000000 -5.030210598329e-07
102.120000000 -5.030050257434e-07
102.130000000 -5.029889916539e-07
102.140000000 -5.029729575644e-07
102.150000000 -5.029569234749e-07
102.160000000 -5.029408893854e-07
102.170000000 -5.029248552959e-07
102.180000000 -5.029088212063e-07
102.190000000 -5.028927871168e-07
102.200000000 -5.028767530273e-07
102.210000000 -5.028607189378e-07
102.220000000 -5.028446848483e-07
102.230000000 -5.028286507588e-07
102.240000000 -5.028126166693e-07
102.250000000 -5.027965825798e-07
102.260000000 -5.027805484903e-07
102.270000000 -5.027645144007e-07
102.280000000 -5.027484803112e-07
102.290000000 -5.027324462217e-07
102.300000000 -5.027164121322e-07
102.310000000 -5.027003780427e-07
102.320000000 -5.026843439532e-07
102.330000000 -5.026683098637e-07
102.340000000 -5.026522757742e-07
102.350000000 -5.026362416847e-07
102.360000000 -5.026202075952e-07
102.370000000 -5.026041735056e-07
102.380000000 -5.025881394161e-07
102.390000000 -5.025721053266e-07
102.400000000 -5.025560712371e-07
102.410000000 -5.025400371476e-07
102.420000000 -5.025240030581e-07
102.430000000 -5.025079689686e-07
102.440000000 -5.024919348791e-07
102.450000000 -5.024759007896e-07
102.460000000 -5.024598667001e-07
102.470000000 -5.024438326105e-07
102.480000000 -5.024277985210e-07
102.490000000 -5.024117644315e-07
102.500000000 -5.023957303420e-07
102.510000000 -5.023796962525e-07
102.520000000 -5.023636621630e-07
102.530000000 -5.023476280735e-07
102.540000000 -5.023315939840e-07
102.550000000 -5.023155598945e-07
102.560000000 -5.022995258050e-07
102.570000000 -5.022834917154e-07
102.580000000 -5.022674576259e-07
102.590000000 -5.022514235364e-07
102.600000000 -5.022353894469e-07
102.610000000 -5.022193553574e-07
102.620000000 -5.022033212679e-07
102.630000000 -5.021872871784e-07
102.640000000 -5.021712530889e-07
102.650000000 -5.021552189994e-07
102.660000000 -5.021391849098e-07
102.670000000 -5.021231508203e-07
102.680000000 -5.021071167308e-07
102.690000000 -5.020910826413e-07
102.700000000 -5.020750485518e-07
102.710000000 -5.020590144623e-07
102.720000000 -5.020429803728e-07
102.730000000 -5.020269462833e-07
102.740000000 -5.020109121938e-07
102.750000000 -5.019948781043e-07
102.760000000 -5.019788440147e-07
102.770000000 -5.019628099252e-07
102.780000000 -5.019467758357e-07
102.790000000 -5.019307417462e-07
102.800000000 -5.019147076567e-07
102.810000000 -5.029501323399e-07
102.820000000 -5.004251314382e-07
102.830000000 -5.053039316880e-07
102.840000000 -4.967313385960e-07
102.850000000 -5.107052777449e-07
102.860000000 -4.886661230813e-07
102.870000000 -5.219388101009e-07
102.880000000 -4.691434589117e-07
102.890000000 -5.651627878806e-07
102.900000000 -2.570029671133e-07
102.910000000 7.370338589496e-08
102.920000000 -4.923389798734e-08
102.930000000 4.041059989577e-08
102.940000000 -4.920182980832e-08
102.950000000 7.376752225300e-08
102.960000000 -2.569067625762e-07
102.970000000 -5.650345151645e-07
102.980000000 -4.689831180166e-07
102.990000000 -5.217464010268e-07
103.000000000 -4.884416458282e-07
103.010000000 -5.104487323128e-07
103.020000000 -4.964427249848e-07
103.030000000 -5.049832498978e-07
103.040000000 -5.000723814690e-07
103.050000000 -5.025653141916e-07
103.060000000 -5.014978213294e-07
103.070000000 -5.014817872399e-07
103.080000000 -5.014657531504e-07
103.090000000 -5.014497190609e-07
103.100000000 -5.014336849714e-07
103.110000000 -5.014176508819e-07
103.120000000 -5.014016167924e-07
103.130000000 -5.013855827029e-07
103.140000000 -5.013695486134e-07
103.150000000 -5.013535145238e-07
103.160000000 -5.013374804343e-07
103.170000000 -5.013214463448e-07
103.180000000 -5.013054122553e-07
103.190000000 -5.012893781658e-07
103.200000000 -5.012733440763e-07
103.210000000 -5.012573099868e-07
103.220000000 -5.012412758973e-07
103.230000000 -5.012252418078e-07
103.240000000 -5.012092077183e-07
103.250000000 -5.011931736287e-07
103.260000000 -5.011771395392e-07
103.270000000 -5.011611054497e-07
103.280000000 -5.011450713602e-07
103.290000000 -5.011290372707e-07
103.300000000 -5.011130031812e-07
103.310000000 -5.010969690917e-07
103.320000000 -5.010809350022e-07
103.330000000 -5.010649009127e-07
103.340000000 -5.010488668232e-07
103.350000000 -5.010328327336e-07
103.360000000 -5.010167986441e-07
103.370000000 -5.010007645546e-07
103.380000000 -5.009847304651e-07
103.390000000 -5.009686963756e-07
103.400000000 -5.009526622861e-07
103.410000000 -5.009366281966e-07
103.420000000 -5.009205941071e-07
103.430000000 -5.009045600176e-07
103.440000000 -5.008885259281e-07
103.450000000 -5.008724918385e-07
103.460000000 -5.008564577490e-07
103.470000000 -5.008404236595e-07
103.480000000 -5.008243895700e-07
103.490000000 -5.008083554805e-07
103.500000000 -5.007923213910e-07
103.510000000 -5.007762873015e-07
103.520000000 -5.007602532120e-07
103.530000000 -5.007442191225e-07
103.540000000 -5.007281850329e-07
103.550000000 -5.007121509434e-07
103.560000000 -5.006961168539e-07
103.570000000 -5.006800827644e-07
103.580000000 -5.006640486749e-07
103.590000000 -5.006480145854e-07
103.600000000 -5.006319804959e-07
103.610000000 -5.006159464064e-07
103.620000000 -5.005999123169e-07
103.630000000 -5.005838782274e-07
103.640000000 -5.005678441378e-07
103.650000000 -5.005518100483e-07
103.660000000 -5.005357759588e-07
103.670000000 -5.005197418693e-07
103.680000000 -5.005037077798e-07
103.690000000 -5.004876736903e-07
103.700000000 -5.004716396008e-07
103.710000000 -5.004556055113e-07
103.720000000 -5.004395714218e-07
103.730000000 -5.004235373323e-07
103.740000000 -5.004075032427e-07
103.750000000 -5.003914691532e-07
103.760000000 -5.003754350637e-07
103.770000000 -5.003594009742e-07
103.780000000 -5.003433668847e-07
103.790000000 -5.003273327952e-07
103.800000000 -5.003112987057e-07
103.810000000 -5.002952646162e-07
103.820000000 -5.002792305267e-07
103.830000000 -5.002631964372e-07
103.840000000 -5.002471623476e-07
103.850000000 -5.002311282581e-07
103.860000000 -5.002150941686e-07
103.870000000 -5.001990600791e-07
103.880000000 -5.001830259896e-07
103.890000000 -5.001669919001e-07
103.900000000 -5.001509578106e-07
103.910000000 -5.001349237211e-07
103.920000000 -5.001188896316e-07
103.930000000 -5.001028555420e-07
103.940000000 -5.000868214525e-07
103.950000000 -5.000707873630e-07
103.960000000 -5.000547532735e-07
103.970000000 -5.000387191840e-07
103.980000000 -5.000226850945e-07
103.990000000 -5.000066510050e-07
104.000000000 -4.999906169155e-07
104.010000000 -4.999745828260e-07
104.020000000 -4.999585487365e-07
104.030000000 -4.999425146469e-07
104.040000000 -4.999264805574e-07
104.050000000 -4.999104464679e-07
104.060000000 -4.998944123784e-07
104.070000000 -4.998783782889e-07
104.080000000 -4.998623441994e-07
104.090000000 -4.998463101099e-07
104.100000000 -4.998302760204e-07
104.110000000 -4.998142419309e-07
104.120000000 -4.997982078414e-07
104.130000000 -4.997821737518e-07
104.140000000 -4.997661396623e-07
104.150000000 -4.997501055728e-07
104.160000000 -4.997340714833e-07
104.170000000 -4.997180373938e-07
104.180000000 -4.997020033043e-07
104.190000000 -4.996859692148e-07
104.200000000 -4.996699351253e-07
104.210000000 -4.996539010358e-07
104.220000000 -4.996378669463e-07
104.230000000 -4.996218328567e-07
104.240000000 -4.996057987672e-07
104.250000000 -4.995897646777e-07
104.260000000 -4.995737305882e-07
104.270000000 -4.995576964987e-07
104.280000000 -4.995416624092e-07
104.290000000 -4.995256283197e-07
104.300000000 -4.995095942302e-07
104.310000000 -4.994935601407e-07
104.320000000 -4.994775260512e-07
104.330000000 -4.994614919616e-07
104.340000000 -4.994454578721e-07
104.350000000 -4.994294237826e-07
104.360000000 -4.994133896931e-07
104.370000000 -4.993973556036e-07
104.380000000 -4.993813215141e-07
104.390000000 -4.993652874246e-07
104.400000000 -4.993492533351e-07
104.410000000 -4.993332192456e-07
104.420000000 -4.993171851560e-07
104.430000000 -4.993011510665e-07
104.440000000 -4.992851169770e-07
104.450000000 -4.992690828875e-07
104.460000000 -4.992530487980e-07
104.470000000 -4.992370147085e-07
104.480000000 -4.992209806190e-07
104.490000000 -4.992049465295e-07
104.500000000 -4.991889124400e-07
104.510000000 -4.991728783505e-07
104.520000000 -4.991568442609e-07
104.530000000 -4.991408101714e-07
104.540000000 -4.991247760819e-07
104.550000000 -4.991087419924e-07
104.560000000 -4.990927079029e-07
104.570000000 -4.990766738134e-07
104.580000000 -4.990606397239e-07
104.590000000 -4.990446056344e-07
104.600000000 -4.990285715449e-07
104.610000000 -4.990125374554e-07
104.620000000 -4.989965033658e-07
104.630000000 -4.989804692763e-07
104.640000000 -4.989644351868e-07
104.650000000 -4.989484010973e-07
104.660000000 -4.989323670078e-07
104.670000000 -4.989163329183e-07
104.680000000 -4.989002988288e-07
104.690000000 -4.988842647393e-07
104.700000000 -4.988682306498e-07
104.710000000 -4.988521965603e-07
104.720000000 -4.988361624707e-07
104.730000000 -4.988201283812e-07
104.740000000 -4.988040942917e-07
104.750000000 -4.987880602022e-07
104.760000000 -4.987720261127e-07
104.770000000 -4.987559920232e-07
104.780000000 -4.987399579337e-07
104.790000000 -4.987239238442e-07
104.800000000 -4.987078897547e-07
104.810000000 -4.986918556651e-07
104.820000000 -4.986758215756e-07
104.830000000 -4.986597874861e-07
104.840000000 -4.986437533966e-07
104.850000000 -4.986277193071e-07
104.860000000 -4.986116852176e-07
104.870000000 -4.985956511281e-07
104.880000000 -4.985796170386e-07
104.890000000 -4.985635829491e-07
104.900000000 -4.985475488596e-07
104.910000000 -4.985315147700e-07
104.920000000 -4.985154806805e-07
104.930000000 -4.984994465910e-07
104.940000000 -4.984834125015e-07
104.950000000 -4.984673784120e-07
104.960000000 -4.984513443225e-07
104.970000000 -4.984353102330e-07
104.980000000 -4.984192761435e-07
104.990000000 -4.984032420540e-07
105.000000000 -4.983872079645e-07
105.010000000 -4.983711738749e-07
105.020000000 -4.983551397854e-07
105.030000000 -4.983391056959e-07
105.040000000 -4.983230716064e-07
105.050000000 -4.983070375169e-07
105.060000000 -4.982910034274e-07
105.070000000 -4.982749693379e-07
105.080000000 -4.982589352484e-07
105.090000000 -4.982429011589e-07
105.100000000 -4.982268670694e-07
105.110000000 -4.982108329798e-07
105.120000000 -4.981947988903e-07
105.130000000 -4.981787648008e-07
105.140000000 -4.981627307113e-07
105.150000000 -4.981466966218e-07
105.160000000 -4.981306625323e-07
105.170000000 -4.981146284428e-07
105.180000000 -4.980985943533e-07
105.190000000 -4.980825602638e-07
105.200000000 -4.980665261743e-07
105.210000000 -4.980504920847e-07
105.220000000 -4.980344579952e-07
105.230000000 -4.980184239057e-07
105.240000000 -4.980023898162e-07
105.250000000 -4.979863557267e-07
105.260000000 -4.979703216372e-07
105.270000000 -4.979542875477e-07
105.280000000 -4.979382534582e-07
105.290000000 -4.979222193687e-07
105.300000000 -4.979061852791e-07
105.310000000 -4.978901511896e-07
105.320000000 -4.978741171001e-07
105.330000000 -4.978580830106e-07
105.340000000 -4.978420489211e-07
105.350000000 -4.978260148316e-07
105.360000000 -4.978099807421e-07
105.370000000 -4.977939466526e-07
105.380000000 -4.977779125631e-07
105.390000000 -4.977618784736e-07
105.400000000 -4.977458443840e-07
105.410000000 -4.977298102945e-07
105.420000000 -4.977137762050e-07
105.430000000 -4.976977421155e-07
105.440000000 -4.976817080260e-07
105.450000000 -4.976656739365e-07
105.460000000 -4.976496398470e-07
105.470000000 -4.976336057575e-07
105.480000000 -4.976175716680e-07
105.490000000 -4.976015375785e-07
105.500000000 -4.975855034889e-07
105.510000000 -4.975694693994e-07
105.520000000 -4.975534353099e-07
105.530000000 -4.975374012204e-07
105.540000000 -4.975213671309e-07
105.550000000 -4.975053330414e-07
105.560000000 -4.974892989519e-07
105.570000000 -4.974732648624e-07
105.580000000 -4.974572307729e-07
105.590000000 -4.974411966834e-07
105.600000000 -4.974251625938e-07
105.610000000 -4.974091285043e-07
105.620000000 -4.973930944148e-07
105.630000000 -4.973770603253e-07
105.640000000 -4.973610262358e-07
105.650000000 -4.973449921463e-07
105.660000000 -4.973289580568e-07
105.670000000 -4.973129239673e-07
105.680000000 -4.972968898778e-07
105.690000000 -4.972808557882e-07
105.700000000 -4.972648216987e-07
105.710000000 -4.972487876092e-07
105.720000000 -4.972327535197e-07
105.730000000 -4.972167194302e-07
105.740000000 -4.972006853407e-07
105.750000000 -4.971846512512e-07
105.760000000 -4.971686171617e-07
105.770000000 -4.971525830722e-07
105.780000000 -4.971365489827e-07
105.790000000 -4.971205148931e-07
105.800000000 -4.971044808036e-07
105.810000000 -4.970884467141e-07
105.820000000 -4.970724126246e-07
105.830000000 -4.970563785351e-07
105.840000000 -4.970403444456e-07
105.850000000 -4.970243103561e-07
105.860000000 -4.970082762666e-07
105.870000000 -4.969922421771e-07
105.880000000 -4.969762080876e-07
105.890000000 -4.969601739980e-07
105.900000000 -4.969441399085e-07
105.910000000 -4.969281058190e-07
105.920000000 -4.969120717295e-07
105.930000000 -4.968960376400e-07
105.940000000 -4.968800035505e-07
105.950000000 -4.968639694610e-07
105.960000000 -4.968479353715e-07
105.970000000 -4.968319012820e-07
105.980000000 -4.968158671925e-07
105.990000000 -4.967998331029e-07
106.000000000 -4.967837990134e-07
106.010000000 -4.967677649239e-07
106.020000000 -4.967517308344e-07
106.030000000 -4.967356967449e-07
106.040000000 -4.967196626554e-07
106.050000000 -4.967036285659e-07
106.060000000 -4.966875944764e-07
106.070000000 -4.966715603869e-07
106.080000000 -4.966555262974e-07
106.090000000 -4.966394922078e-07
106.100000000 -4.966234581183e-07
106.110000000 -4.966074240288e-07
106.120000000 -4.965913899393e-07
106.130000000 -4.965753558498e-07
106.140000000 -4.965593217603e-07
106.150000000 -4.965432876708e-07
106.160000000 -4.965272535813e-07
106.170000000 -4.965112194918e-07
106.180000000 -4.964951854022e-07
106.190000000 -4.964791513127e-07
106.200000000 -4.964631172232e-07
106.210000000 -4.964470831337e-07
106.220000000 -4.964310490442e-07
106.230000000 -4.964150149547e-07
106.240000000 -4.963989808652e-07
106.250000000 -4.963829467757e-07
106.260000000 -4.963669126862e-07
106.270000000 -4.963508785967e-07
106.280000000 -4.963348445071e-07
106.290000000 -4.963188104176e-07
106.300000000 -4.963027763281e-07
106.310000000 -4.962867422386e-07
106.320000000 -4.962707081491e-07
106.330000000 -4.962546740596e-07
106.340000000 -4.962386399701e-07
106.350000000 -4.962226058806e-07
106.360000000 -4.962065717911e-07
106.370000000 -4.961905377016e-07
106.380000000 -4.961745036120e-07
106.390000000 -4.961584695225e-07
106.400000000 -4.961424354330e-07
106.410000000 -4.961264013435e-07
106.420000000 -4.961103672540e-07
106.430000000 -4.960943331645e-07
106.440000000 -4.960782990750e-07
106.450000000 -4.960622649855e-07
106.460000000 -4.960462308960e-07
106.470000000 -4.960301968065e-07
106.480000000 -4.960141627169e-07
106.490000000 -4.959981286274e-07
106.500000000 -4.959820945379e-07
106.510000000 -4.959660604484e-07
106.520000000 -4.959500263589e-07
106.530000000 -4.959339922694e-07
106.540000000 -4.959179581799e-07
106.550000000 -4.959019240904e-07
106.560000000 -4.958858900009e-07
106.570000000 -4.958698559113e-07
106.580000000 -4.958538218218e-07
106.590000000 -4.958377877323e-07
106.600000000 -4.958217536428e-07
106.610000000 -4.958057195533e-07
106.620000000 -4.957896854638e-07
106.630000000 -4.957736513743e-07
106.640000000 -4.957576172848e-07
106.650000000 -4.957415831953e-07
106.660000000 -4.957255491058e-07
106.670000000 -4.957095150162e-07
106.680000000 -4.956934809267e-07
106.690000000 -4.956774468372e-07
106.700000000 -4.956614127477e-07
106.710000000 -4.956453786582e-07
106.720000000 -4.956293445687e-07
106.730000000 -4.956133104792e-07
106.740000000 -4.955972763897e-07
106.750000000 -4.955812423002e-07
106.760000000 -4.955652082107e-07
106.770000000 -4.955491741211e-07
106.780000000 -4.955331400316e-07
106.790000000 -4.955171059421e-07
106.800000000 -4.955010718526e-07
106.810000000 -4.954850377631e-07
106.820000000 -4.954690036736e-07
106.830000000 -4.954529695841e-07
106.840000000 -4.954369354946e-07
106.850000000 -4.954209014051e-07
106.860000000 -4.954048673156e-07
106.870000000 -4.953888332260e-07
106.880000000 -4.953727991365e-07
106.890000000 -4.953567650470e-07
106.900000000 -4.953407309575e-07
106.910000000 -4.953246968680e-07
106.920000000 -4.953086627785e-07
106.930000000 -4.952926286890e-07
106.940000000 -4.952765945995e-07
106.950000000 -4.952605605100e-07
106.960000000 -4.952445264204e-07
106.970000000 -4.952284923309e-07
106.980000000 -4.952124582414e-07
106.990000000 -4.951964241519e-07
107.000000000 -4.951803900624e-07
107.010000000 -4.951643559729e-07
107.020000000 -4.951483218834e-07
107.030000000 -4.951322877939e-07
107.040000000 -4.951162537044e-07
107.050000000 -4.951002196149e-07
107.060000000 -4.950841855253e-07
107.070000000 -4.950681514358e-07
107.080000000 -4.950521173463e-07
107.090000000 -4.950360832568e-07
107.100000000 -4.950200491673e-07
107.110000000 -4.950040150778e-07
107.120000000 -4.949879809883e-07
107.130000000 -4.949719468988e-07
107.140000000 -4.949559128093e-07
107.150000000 -4.949398787198e-07
107.160000000 -4.949238446302e-07
107.170000000 -4.949078105407e-07
107.180000000 -4.948917764512e-07
107.190000000 -4.948757423617e-07
107.200000000 -4.948597082722e-07
107.210000000 -4.948436741827e-07
107.220000000 -4.948276400932e-07
107.230000000 -4.948116060037e-07
107.240000000 -4.947955719142e-07
107.250000000 -4.947795378247e-07
107.260000000 -4.947635037351e-07
107.270000000 -4.947474696456e-07
107.280000000 -4.947314355561e-07
107.290000000 -4.947154014666e-07
107.300000000 -4.946993673771e-07
107.310000000 -4.946833332876e-07
107.320000000 -4.946672991981e-07
107.330000000 -4.946512651086e-07
107.340000000 -4.946352310191e-07
107.350000000 -4.946191969296e-07
107.360000000 -4.946031628400e-07
107.370000000 -4.945871287505e-07
107.380000000 -4.945710946610e-07
107.390000000 -4.945550605715e-07
107.400000000 -4.945390264820e-07
107.410000000 -4.945229923925e-07
107.420000000 -4.945069583030e-07
107.430000000 -4.944909242135e-07
107.440000000 -4.944748901240e-07
107.450000000 -4.944588560344e-07
107.460000000 -4.944428219449e-07
107.470000000 -4.944267878554e-07
107.480000000 -4.944107537659e-07
107.490000000 -4.943947196764e-07
107.500000000 -4.943786855869e-07
107.510000000 -4.943626514974e-07
107.520000000 -4.943466174079e-07
107.530000000 -4.943305833184e-07
107.540000000 -4.943145492289e-07
107.550000000 -4.942985151393e-07
107.560000000 -4.942824810498e-07
107.570000000 -4.942664469603e-07
107.580000000 -4.942504128708e-07
107.590000000 -4.942343787813e-07
107.600000000 -4.942183446918e-07
107.610000000 -4.942023106023e-07
107.620000000 -4.941862765128e-07
107.630000000 -4.941702424233e-07
107.640000000 -4.941542083338e-07
107.650000000 -4.941381742442e-07
107.660000000 -4.941221401547e-07
107.670000000 -4.941061060652e-07
107.680000000 -4.940900719757e-07
107.690000000 -4.940740378862e-07
107.700000000 -4.940580037967e-07
107.710000000 -4.940419697072e-07
107.720000000 -4.940259356177e-07
107.730000000 -4.940099015282e-07
107.740000000 -4.939938674387e-07
107.750000000 -4.939778333491e-07
107.760000000 -4.939617992596e-07
107.770000000 -4.939457651701e-07
107.780000000 -4.939297310806e-07
107.790000000 -4.939136969911e-07
107.800000000 -4.938976629016e-07
107.810000000 -4.938816288121e-07
107.820000000 -4.938655947226e-07
107.830000000 -4.938495606331e-07
107.840000000 -4.938335265435e-07
107.850000000 -4.938174924540e-07
107.860000000 -4.938014583645e-07
107.870000000 -4.937854242750e-07
107.880000000 -4.937693901855e-07
107.890000000 -4.937533560960e-07
107.900000000 -4.937373220065e-07
107.910000000 -4.937212879170e-07
107.920000000 -4.937052538275e-07
107.930000000 -4.936892197380e-07
107.940000000 -4.936731856484e-07
107.950000000 -4.936571515589e-07
107.960000000 -4.936411174694e-07
107.970000000 -4.936250833799e-07
107.980000000 -4.936090492904e-07
107.990000000 -4.935930152009e-07
108.000000000 -4.935769811114e-07
108.010000000 -4.935609470219e-07
108.020000000 -4.935449129324e-07
108.030000000 -4.935288788429e-07
108.040000000 -4.935128447533e-07
108.050000000 -4.934968106638e-07
108.060000000 -4.934807765743e-07
108.070000000 -4.934647424848e-07
108.080000000 -4.934487083953e-07
108.090000000 -4.934326743058e-07
108.100000000 -4.934166402163e-07
108.110000000 -4.934006061268e-07
108.120000000 -4.933845720373e-07
108.130000000 -4.933685379478e-07
108.140000000 -4.933525038582e-07
108.150000000 -4.933364697687e-07
108.160000000 -4.933204356792e-07
108.170000000 -4.933044015897e-07
108.180000000 -4.932883675002e-07
108.190000000 -4.932723334107e-07
108.200000000 -4.932562993212e-07
108.210000000 -4.932402652317e-07
108.220000000 -4.932242311422e-07
108.230000000 -4.932081970527e-07
108.240000000 -4.931921629631e-07
108.250000000 -4.931761288736e-07
108.260000000 -4.931600947841e-07
108.270000000 -4.931440606946e-07
108.280000000 -4.931280266051e-07
108.290000000 -4.931119925156e-07
108.300000000 -4.930959584261e-07
108.310000000 -4.930799243366e-07
108.320000000 -4.930638902471e-07
108.330000000 -4.930478561575e-07
108.340000000 -4.930318220680e-07
108.350000000 -4.930157879785e-07
108.360000000 -4.929997538890e-07
108.370000000 -4.929837197995e-07
108.380000000 -4.929676857100e-07
108.390000000 -4.929516516205e-07
108.400000000 -4.929356175310e-07
108.410000000 -4.929195834415e-07
108.420000000 -4.929035493520e-07
108.430000000 -4.928875152624e-07
108.440000000 -4.928714811729e-07
108.450000000 -4.928554470834e-07
108.460000000 -4.928394129939e-07
108.470000000 -4.928233789044e-07
108.480000000 -4.928073448149e-07
108.490000000 -4.927913107254e-07
108.500000000 -4.927752766359e-07
108.510000000 -4.927592425464e-07
108.520000000 -4.927432084569e-07
108.530000000 -4.927271743673e-07
108.540000000 -4.927111402778e-07
108.550000000 -4.926951061883e-07
108.560000000 -4.926790720988e-07
108.570000000 -4.926630380093e-07
108.580000000 -4.926470039198e-07
108.590000000 -4.926309698303e-07
108.600000000 -4.926149357408e-07
108.610000000 -4.925989016513e-07
108.620000000 -4.925828675618e-07
108.630000000 -4.925668334722e-07
108.640000000 -4.925507993827e-07
108.650000000 -4.925347652932e-07
108.660000000 -4.925187312037e-07
108.670000000 -4.925026971142e-07
108.680000000 -4.924866630247e-07
108.690000000 -4.924706289352e-07
108.700000000 -4.924545948457e-07
108.710000000 -4.924385607562e-07
108.720000000 -4.924225266666e-07
108.730000000 -4.924064925771e-07
108.740000000 -4.923904584876e-07
108.750000000 -4.923744243981e-07
108.760000000 -4.923583903086e-07
108.770000000 -4.923423562191e-07
108.780000000 -4.923263221296e-07
108.790000000 -4.923102880401e-07
108.800000000 -4.922942539506e-07
108.810000000 -4.922782198611e-07
108.820000000 -4.922621857715e-07
108.830000000 -4.922461516820e-07
108.840000000 -4.922301175925e-07
108.850000000 -4.922140835030e-07
108.860000000 -4.921980494135e-07
108.870000000 -4.921820153240e-07
108.880000000 -4.921659812345e-07
108.890000000 -4.921499471450e-07
108.900000000 -4.921339130555e-07
108.910000000 -4.921178789660e-07
108.920000000 -4.921018448764e-07
108.930000000 -4.920858107869e-07
108.940000000 -4.920697766974e-07
108.950000000 -4.920537426079e-07
108.960000000 -4.920377085184e-07
108.970000000 -4.920216744289e-07
108.980000000 -4.920056403394e-07
108.990000000 -4.919896062499e-07
109.000000000 -4.919735721604e-07
109.010000000 -4.919575380709e-07
109.020000000 -4.919415039813e-07
109.030000000 -4.919254698918e-07
109.040000000 -4.919094358023e-07
109.050000000 -4.918934017128e-07
109.060000000 -4.918773676233e-07
109.070000000 -4.918613335338e-07
109.080000000 -4.918452994443e-07
109.090000000 -4.918292653548e-07
109.100000000 -4.918132312653e-07
109.110000000 -4.917971971758e-07
109.120000000 -4.917811630862e-07
109.130000000 -4.917651289967e-07
109.140000000 -4.917490949072e-07
109.150000000 -4.917330608177e-07
109.160000000 -4.917170267282e-07
109.170000000 -4.917009926387e-07
109.180000000 -4.916849585492e-07
109.190000000 -4.916689244597e-07
109.200000000 -4.916528903702e-07
109.210000000 -4.916368562806e-07
109.220000000 -4.916208221911e-07
109.230000000 -4.916047881016e-07
109.240000000 -4.915887540121e-07
109.250000000 -4.915727199226e-07
109.260000000 -4.915566858331e-07
109.270000000 -4.915406517436e-07
109.280000000 -4.915246176541e-07
109.290000000 -4.904571247919e-07
109.300000000 -4.929500575145e-07
109.310000000 -4.880391890857e-07
109.320000000 -4.965797139987e-07
109.330000000 -4.825737066708e-07
109.340000000 -5.045807931553e-07
109.350000000 -4.702245791841e-07
109.360000000 -5.254968290064e-07
109.370000000 -4.245505975192e-07
109.380000000 -7.412349091100e-07
109.390000000 -1.057919220701e-06
109.400000000 -9.569729892135e-07
109.410000000 -1.012245239036e-06
109.420000000 -9.789404838373e-07
109.430000000 -9.984386035097e-07
109.440000000 -9.893274305210e-07
109.450000000 -9.893113964315e-07
109.460000000 -9.983905012412e-07
109.470000000 -9.788603133897e-07
109.480000000 -1.012133000409e-06
109.490000000 -9.568286824079e-07
109.500000000 -1.057742845716e-06
109.510000000 -7.410264659463e-07
109.520000000 -4.243100861765e-07
109.530000000 -5.252242494847e-07
109.540000000 -4.699199314834e-07
109.550000000 -5.042440772756e-07
109.560000000 -4.822049226120e-07
109.570000000 -4.961788617609e-07
109.580000000 -4.876062686690e-07
109.590000000 -4.924850689187e-07
109.600000000 -4.899600680171e-07
109.610000000 -4.909954927002e-07
109.620000000 -4.909794586107e-07
109.630000000 -4.909634245212e-07
109.640000000 -4.909473904317e-07
109.650000000 -4.909313563422e-07
109.660000000 -4.909153222527e-07
109.670000000 -4.908992881632e-07
109.680000000 -4.908832540737e-07
109.690000000 -4.908672199842e-07
109.700000000 -4.908511858946e-07
109.710000000 -4.908351518051e-07
109.720000000 -4.908191177156e-07
109.730000000 -4.908030836261e-07
109.740000000 -4.907870495366e-07
109.750000000 -4.907710154471e-07
109.760000000 -4.907549813576e-07
109.770000000 -4.907389472681e-07
109.780000000 -4.907229131786e-07
109.790000000 -4.907068790891e-07
109.800000000 -4.906908449995e-07
109.810000000 -4.906748109100e-07
109.820000000 -4.906587768205e-07
109.830000000 -4.906427427310e-07
109.840000000 -4.906267086415e-07
109.850000000 -4.906106745520e-07
109.860000000 -4.905946404625e-07
109.870000000 -4.905786063730e-07
109.880000000 -4.905625722835e-07
109.890000000 -4.905465381940e-07
109.900000000 -4.905305041044e-07
109.910000000 -4.905144700149e-07
109.920000000 -4.904984359254e-07
109.930000000 -4.904824018359e-07
109.940000000 -4.904663677464e-07
109.950000000 -4.904503336569e-07
109.960000000 -4.904342995674e-07
109.970000000 -4.904182654779e-07
109.980000000 -4.904022313884e-07
109.990000000 -4.903861972989e-07
110.000000000 -4.903701632093e-07
110.010000000 -4.903541291198e-07
110.020000000 -4.903380950303e-07
110.030000000 -4.903220609408e-07
110.040000000 -4.903060268513e-07
110.050000000 -4.902899927618e-07
110.060000000 -4.902739586723e-07
110.070000000 -4.902579245828e-07
110.080000000 -4.912933492659e-07
110.090000000 -4.887683483643e-07
110.100000000 -4.936471486141e-07
110.110000000 -4.850745555221e-07
110.120000000 -4.990484946710e-07
110.130000000 -4.770093400074e-07
110.140000000 -5.113334857996e-07
110.150000000 -4.560291677983e-07
110.160000000 -5.569433311065e-07
110.170000000 -2.402269513367e-07
110.180000000 7.648942843313e-08
110.190000000 -2.442473487509e-08
110.200000000 3.087958312627e-08
110.210000000 -3.444562665961e-09
110.220000000 1.859459199762e-08
110.230000000 4.620652848699e-09
110.240000000 1.319324594069e-08
110.250000000 8.314445690913e-09
110.260000000 1.083944659257e-08
110.270000000 1.085548068208e-08
110.280000000 8.362547959444e-09
110.290000000 1.327341638824e-08
110.300000000 4.732891475270e-09
110.310000000 1.873889880322e-08
110.320000000 -3.268187681349e-09
110.330000000 3.108802628991e-08
110.340000000 -2.418422353244e-08
110.350000000 7.676200795480e-08
110.360000000 -2.399223036360e-07
110.370000000 -5.566066152268e-07
110.380000000 -4.556603837395e-07
110.390000000 -5.109326335619e-07
110.400000000 -4.765764195906e-07
110.410000000 -4.985835060752e-07
110.420000000 -4.845774987472e-07
110.430000000 -4.931180236602e-07
110.440000000 -4.882071552314e-07
110.450000000 -4.907000879541e-07
110.460000000 -4.896325950919e-07
110.470000000 -4.896165610024e-07
110.480000000 -4.896005269128e-07
110.490000000 -4.895844928233e-07
110.500000000 -4.895684587338e-07
110.510000000 -4.895524246443e-07
110.520000000 -4.895363905548e-07
110.530000000 -4.895203564653e-07
110.540000000 -4.895043223758e-07
110.550000000 -4.894882882863e-07
110.560000000 -4.894722541968e-07
110.570000000 -4.894562201073e-07
110.580000000 -4.894401860177e-07
110.590000000 -4.883726931556e-07
110.600000000 -4.908656258782e-07
110.610000000 -4.859547574494e-07
110.620000000 -4.944952823624e-07
110.630000000 -4.804892750344e-07
110.640000000 -5.024963615190e-07
110.650000000 -4.681401475477e-07
110.660000000 -5.244638561428e-07
110.670000000 -4.210086578434e-07
110.680000000 -7.425878037734e-07
110.690000000 -1.050715556362e-06
110.700000000 -9.637592981129e-07
110.710000000 -9.970084273612e-07
110.720000000 -9.969923932717e-07
110.730000000 -9.637111958444e-07
110.740000000 -1.050635385914e-06
110.750000000 -7.424755651469e-07
110.760000000 -4.208643510378e-07
110.770000000 -5.242874811581e-07
110.780000000 -4.679317043841e-07
110.790000000 -5.022558501763e-07
110.800000000 -4.791652367401e-07
110.810000000 -4.956481427012e-07
110.820000000 -4.821807152699e-07
110.830000000 -4.956160745221e-07
110.840000000 -4.791011003820e-07
110.850000000 -5.021596456393e-07
110.860000000 -4.678034316680e-07
110.870000000 -5.230756814904e-07
110.880000000 -4.221294500031e-07
110.890000000 -7.398652203666e-07
110.900000000 -1.054040565145e-06
110.910000000 -9.579891679973e-07
110.920000000 -1.004704858817e-06
110.930000000 -9.843386180843e-07
110.940000000 -9.843225839948e-07
110.950000000 -1.004656756549e-06
110.960000000 -9.579089975497e-07
110.970000000 -1.053928326519e-06
110.980000000 -7.397209135610e-07
110.990000000 -4.219530750185e-07
111.000000000 -5.228672383267e-07
111.010000000 -4.675629203254e-07
111.020000000 -5.018870661176e-07
111.030000000 -4.798479114540e-07
111.040000000 -4.938218506029e-07
111.050000000 -4.852492575110e-07
111.060000000 -4.901280577607e-07
111.070000000 -4.876030568591e-07
111.080000000 -4.886384815422e-07
111.090000000 -4.886224474527e-07
111.100000000 -4.886064133632e-07
111.110000000 -4.885903792737e-07
111.120000000 -4.885743451842e-07
111.130000000 -4.885583110947e-07
111.140000000 -4.885422770052e-07
111.150000000 -4.885262429157e-07
111.160000000 -4.885102088262e-07
111.170000000 -4.884941747366e-07
111.180000000 -4.884781406471e-07
111.190000000 -4.895135653303e-07
111.200000000 -4.869885644286e-07
111.210000000 -4.918673646784e-07
111.220000000 -4.832947715864e-07
111.230000000 -4.972687107354e-07
111.240000000 -4.752295560718e-07
111.250000000 -5.095537018640e-07
111.260000000 -4.542493838626e-07
111.270000000 -5.551635471709e-07
111.280000000 -2.384471674010e-07
111.290000000 7.826921236877e-08
111.300000000 -2.264495093946e-08
111.310000000 3.265936706191e-08
111.320000000 -1.664778730326e-09
111.330000000 2.037437593326e-08
111.340000000 6.400436784334e-09
111.350000000 1.497302987633e-08
111.360000000 1.009422962655e-08
111.370000000 1.261923052821e-08
111.380000000 1.158380584504e-08
111.390000000 1.159983993455e-08
111.400000000 1.161587402406e-08
111.410000000 1.163190811357e-08
111.420000000 1.164794220308e-08
111.430000000 1.166397629259e-08
111.440000000 1.273146915478e-08
111.450000000 1.023853643214e-08
111.460000000 1.514940486094e-08
111.470000000 6.608879947967e-09
111.480000000 2.061488727591e-08
111.490000000 -1.392199208652e-09
111.500000000 3.296401476260e-08
111.510000000 -2.230823505974e-08
111.520000000 7.863799642750e-08
111.530000000 -2.380463151633e-07
111.540000000 -5.547306267541e-07
111.550000000 -4.537843952668e-07
111.560000000 -5.090566450892e-07
111.570000000 -4.747004311179e-07
111.580000000 -4.967075176025e-07
111.590000000 -4.827015102745e-07
111.600000000 -4.912420351875e-07
111.610000000 -4.863311667587e-07
111.620000000 -4.888240994814e-07
111.630000000 -4.877566066192e-07
111.640000000 -4.877405725297e-07
111.650000000 -4.877245384402e-07
111.660000000 -4.877085043506e-07
111.670000000 -4.876924702611e-07
111.680000000 -4.876764361716e-07
111.690000000 -4.876604020821e-07
111.700000000 -4.876443679926e-07
111.710000000 -4.876283339031e-07
111.720000000 -4.876122998136e-07
111.730000000 -4.875962657241e-07
111.740000000 -4.875802316346e-07
111.750000000 -4.875641975450e-07
111.760000000 -4.875481634555e-07
111.770000000 -4.864806705934e-07
111.780000000 -4.889736033160e-07
111.790000000 -4.840627348872e-07
111.800000000 -4.926032598002e-07
111.810000000 -4.785972524722e-07
111.820000000 -5.006043389568e-07
111.830000000 -4.662481249855e-07
111.840000000 -5.215203748079e-07
111.850000000 -4.205741433206e-07
111.860000000 -7.372584549114e-07
111.870000000 -1.053942766502e-06
111.880000000 -9.529965350150e-07
111.890000000 -1.008268784837e-06
111.900000000 -9.739125708661e-07
111.910000000 -9.959196573506e-07
111.920000000 -9.819136500227e-07
111.930000000 -9.904541749357e-07
111.940000000 -9.855433065069e-07
111.950000000 -9.880362392295e-07
111.960000000 -9.869687463673e-07
111.970000000 -9.880041710505e-07
111.980000000 -9.854791701488e-07
111.990000000 -9.903579703986e-07
112.000000000 -9.817853773066e-07
112.010000000 -9.957593164555e-07
112.020000000 -9.737201617919e-07
112.030000000 -1.008044307584e-06
112.040000000 -9.527399895828e-07
112.050000000 -1.053654152891e-06
112.060000000 -7.369377731212e-07
112.070000000 -4.202213933514e-07
112.080000000 -5.211355566596e-07
112.090000000 -4.658312386583e-07
112.100000000 -5.001553844505e-07
112.110000000 -4.781162297869e-07
112.120000000 -4.920901689358e-07
112.130000000 -4.835175758438e-07
112.140000000 -4.883963760936e-07
112.150000000 -4.858713751920e-07
112.160000000 -4.869067998751e-07
112.170000000 -4.868907657856e-07
112.180000000 -4.868747316961e-07
112.190000000 -4.868586976066e-07
112.200000000 -4.868426635171e-07
112.210000000 -4.868266294276e-07
112.220000000 -4.868105953381e-07
112.230000000 -4.867945612486e-07
112.240000000 -4.867785271590e-07
112.250000000 -4.867624930695e-07
112.260000000 -4.867464589800e-07
112.270000000 -4.867304248905e-07
112.280000000 -4.867143908010e-07
112.290000000 -4.866983567115e-07
112.300000000 -4.866823226220e-07
112.310000000 -4.866662885325e-07
112.320000000 -4.866502544430e-07
112.330000000 -4.866342203535e-07
112.340000000 -4.866181862639e-07
112.350000000 -4.866021521744e-07
112.360000000 -4.865861180849e-07
112.370000000 -4.865700839954e-07
112.380000000 -4.865540499059e-07
112.390000000 -4.865380158164e-07
112.400000000 -4.865219817269e-07
112.410000000 -4.865059476374e-07
112.420000000 -4.864899135479e-07
112.430000000 -4.864738794584e-07
112.440000000 -4.864578453688e-07
112.450000000 -4.864418112793e-07
112.460000000 -4.864257771898e-07
112.470000000 -4.864097431003e-07
112.480000000 -4.863937090108e-07
112.490000000 -4.863776749213e-07
112.500000000 -4.863616408318e-07
112.510000000 -4.863456067423e-07
112.520000000 -4.863295726528e-07
112.530000000 -4.863135385633e-07
112.540000000 -4.862975044737e-07
112.550000000 -4.862814703842e-07
112.560000000 -4.862654362947e-07
112.570000000 -4.862494022052e-07
112.580000000 -4.862333681157e-07
112.590000000 -4.862173340262e-07
112.600000000 -4.862012999367e-07
112.610000000 -4.861852658472e-07
112.620000000 -4.861692317577e-07
112.630000000 -4.861531976681e-07
112.640000000 -4.861371635786e-07
112.650000000 -4.861211294891e-07
112.660000000 -4.861050953996e-07
112.670000000 -4.860890613101e-07
112.680000000 -4.860730272206e-07
112.690000000 -4.860569931311e-07
112.700000000 -4.860409590416e-07
112.710000000 -4.860249249521e-07
112.720000000 -4.860088908626e-07
112.730000000 -4.859928567730e-07
112.740000000 -4.859768226835e-07
112.750000000 -4.859607885940e-07
112.760000000 -4.859447545045e-07
112.770000000 -4.859287204150e-07
112.780000000 -4.859126863255e-07
112.790000000 -4.858966522360e-07
112.800000000 -4.858806181465e-07
112.810000000 -4.858645840570e-07
112.820000000 -4.858485499675e-07
112.830000000 -4.858325158779e-07
112.840000000 -4.858164817884e-07
112.850000000 -4.858004476989e-07
112.860000000 -4.857844136094e-07
112.870000000 -4.857683795199e-07
112.880000000 -4.857523454304e-07
112.890000000 -4.867877701136e-07
112.900000000 -4.842627692119e-07
112.910000000 -4.891415694617e-07
112.920000000 -4.805689763697e-07
112.930000000 -4.945429155186e-07
112.940000000 -4.725037608550e-07
112.950000000 -5.068279066473e-07
112.960000000 -4.504721298732e-07
112.970000000 -5.538952599936e-07
112.980000000 -2.322840458845e-07
112.990000000 7.587577488284e-08
113.000000000 -1.104841518695e-08
113.010000000 2.223278224034e-08
113.020000000 2.224881632985e-08
113.030000000 -1.100031291842e-08
113.040000000 7.595594533039e-08
113.050000000 -2.321718072579e-07
113.060000000 -5.537509531880e-07
113.070000000 -4.502957548886e-07
113.080000000 -5.066194634836e-07
113.090000000 -4.722632495124e-07
113.100000000 -4.942703359969e-07
113.110000000 -4.802643286690e-07
113.120000000 -4.888048535820e-07
113.130000000 -4.838939851532e-07
113.140000000 -4.863869178758e-07
113.150000000 -4.853194250136e-07
113.160000000 -4.853033909241e-07
113.170000000 -4.852873568346e-07
113.180000000 -4.852713227451e-07
113.190000000 -4.852552886556e-07
113.200000000 -4.852392545661e-07
113.210000000 -4.852232204766e-07
113.220000000 -4.852071863870e-07
113.230000000 -4.851911522975e-07
113.240000000 -4.851751182080e-07
113.250000000 -4.851590841185e-07
113.260000000 -4.851430500290e-07
113.270000000 -4.851270159395e-07
113.280000000 -4.851109818500e-07
113.290000000 -4.850949477605e-07
113.300000000 -4.850789136710e-07
113.310000000 -4.850628795815e-07
113.320000000 -4.850468454919e-07
113.330000000 -4.850308114024e-07
113.340000000 -4.850147773129e-07
113.350000000 -4.849987432234e-07
113.360000000 -4.849827091339e-07
113.370000000 -4.849666750444e-07
113.380000000 -4.849506409549e-07
113.390000000 -4.849346068654e-07
113.400000000 -4.849185727759e-07
113.410000000 -4.849025386864e-07
113.420000000 -4.848865045968e-07
113.430000000 -4.848704705073e-07
113.440000000 -4.848544364178e-07
113.450000000 -4.848384023283e-07
113.460000000 -4.848223682388e-07
113.470000000 -4.848063341493e-07
113.480000000 -4.847903000598e-07
113.490000000 -4.847742659703e-07
113.500000000 -4.847582318808e-07
113.510000000 -4.847421977912e-07
113.520000000 -4.847261637017e-07
113.530000000 -4.847101296122e-07
113.540000000 -4.846940955227e-07
113.550000000 -4.846780614332e-07
113.560000000 -4.846620273437e-07
113.570000000 -4.846459932542e-07
113.580000000 -4.846299591647e-07
113.590000000 -4.846139250752e-07
113.600000000 -4.845978909857e-07
113.610000000 -4.845818568961e-07
113.620000000 -4.845658228066e-07
113.630000000 -4.845497887171e-07
113.640000000 -4.855852134003e-07
113.650000000 -4.830602124986e-07
113.660000000 -4.879390127484e-07
113.670000000 -4.793664196564e-07
113.680000000 -4.933403588053e-07
113.690000000 -4.713012041418e-07
113.700000000 -5.056253499340e-07
113.710000000 -4.503210319326e-07
113.720000000 -5.512351952408e-07
113.730000000 -2.345188154710e-07
113.740000000 8.219756429877e-08
113.750000000 -1.871659900945e-08
113.760000000 3.658771899192e-08
113.770000000 2.263573199681e-09
113.780000000 2.535418663594e-08
113.790000000 8.871280674868e-09
113.800000000 2.233870810615e-08
113.810000000 8.903348853889e-09
113.820000000 2.541832299398e-08
113.830000000 2.359777736742e-09
113.840000000 3.671599170800e-08
113.850000000 -1.855625811435e-08
113.860000000 8.133851460022e-08
113.870000000 -2.317853714057e-07
113.880000000 -5.558734841480e-07
113.890000000 -4.414758593190e-07
113.900000000 -5.192946413822e-07
113.910000000 -4.489253335985e-07
113.920000000 -5.272957205388e-07
113.930000000 -4.236612494173e-07
113.940000000 -5.884202556399e-07
113.950000000 -1.658788441330e-07
113.960000000 -1.683717768557e-07
113.970000000 -5.849348270715e-07
113.980000000 -4.287003116724e-07
113.990000000 -5.183127413765e-07
114.000000000 -4.619334068312e-07
114.010000000 -4.979304665542e-07
114.020000000 -4.753679002237e-07
114.030000000 -4.888032594760e-07
114.040000000 -4.813834242351e-07
114.050000000 -4.849278157304e-07
114.060000000 -4.838603228682e-07
114.070000000 -4.838442887787e-07
114.080000000 -4.838282546892e-07
114.090000000 -4.838122205997e-07
114.100000000 -4.837961865101e-07
114.110000000 -4.837801524206e-07
114.120000000 -4.837641183311e-07
114.130000000 -4.837480842416e-07
114.140000000 -4.837320501521e-07
114.150000000 -4.837160160626e-07
114.160000000 -4.836999819731e-07
114.170000000 -4.836839478836e-07
114.180000000 -4.836679137941e-07
114.190000000 -4.836518797046e-07
114.200000000 -4.836358456150e-07
114.210000000 -4.825683527529e-07
114.220000000 -4.850612854755e-07
114.230000000 -4.801504170467e-07
114.240000000 -4.886909419597e-07
114.250000000 -4.746849346317e-07
114.260000000 -4.966920211163e-07
114.270000000 -4.623358071450e-07
114.280000000 -5.176080569674e-07
114.290000000 -4.166618254801e-07
114.300000000 -7.333461370709e-07
114.310000000 -1.050030448662e-06
114.320000000 -9.490842171745e-07
114.330000000 -1.004356466997e-06
114.340000000 -9.700002530256e-07
114.350000000 -9.920073395101e-07
114.360000000 -9.790527909549e-07
114.370000000 -9.850843490557e-07
114.380000000 -9.850683149662e-07
114.390000000 -9.790046886863e-07
114.400000000 -9.919271690626e-07
114.410000000 -9.698880143990e-07
114.420000000 -1.004212160191e-06
114.430000000 -9.489078421899e-07
114.440000000 -1.049822005498e-06
114.450000000 -7.331056257283e-07
114.460000000 -4.163892459585e-07
114.470000000 -5.173034092667e-07
114.480000000 -4.619990912653e-07
114.490000000 -4.963232370576e-07
114.500000000 -4.742840823940e-07
114.510000000 -4.882580215429e-07
114.520000000 -4.796854284509e-07
114.530000000 -4.845642287007e-07
114.540000000 -4.820392277990e-07
114.550000000 -4.830746524822e-07
114.560000000 -4.830586183927e-07
114.570000000 -4.830425843032e-07
114.580000000 -4.830265502137e-07
114.590000000 -4.830105161241e-07
114.600000000 -4.829944820346e-07
114.610000000 -4.829784479451e-07
114.620000000 -4.829624138556e-07
114.630000000 -4.829463797661e-07
114.640000000 -4.829303456766e-07
114.650000000 -4.829143115871e-07
114.660000000 -4.828982774976e-07
114.670000000 -4.828822434081e-07
114.680000000 -4.828662093186e-07
114.690000000 -4.828501752290e-07
114.700000000 -4.828341411395e-07
114.710000000 -4.828181070500e-07
114.720000000 -4.828020729605e-07
114.730000000 -4.827860388710e-07
114.740000000 -4.827700047815e-07
114.750000000 -4.827539706920e-07
114.760000000 -4.827379366025e-07
114.770000000 -4.827219025130e-07
114.780000000 -4.827058684234e-07
114.790000000 -4.826898343339e-07
114.800000000 -4.826738002444e-07
114.810000000 -4.826577661549e-07
114.820000000 -4.826417320654e-07
114.830000000 -4.826256979759e-07
114.840000000 -4.826096638864e-07
114.850000000 -4.825936297969e-07
114.860000000 -4.825775957074e-07
114.870000000 -4.825615616179e-07
114.880000000 -4.825455275283e-07
114.890000000 -4.825294934388e-07
114.900000000 -4.825134593493e-07
114.910000000 -4.824974252598e-07
114.920000000 -4.824813911703e-07
114.930000000 -4.824653570808e-07
114.940000000 -4.824493229913e-07
114.950000000 -4.824332889018e-07
114.960000000 -4.824172548123e-07
114.970000000 -4.824012207228e-07
114.980000000 -4.823851866332e-07
114.990000000 -4.823691525437e-07
115.000000000 -4.823531184542e-07
115.010000000 -4.823370843647e-07
115.020000000 -4.823210502752e-07
115.030000000 -4.823050161857e-07
115.040000000 -4.822889820962e-07
115.050000000 -4.822729480067e-07
115.060000000 -4.822569139172e-07
115.070000000 -4.822408798277e-07
115.080000000 -4.822248457381e-07
115.090000000 -4.822088116486e-07
115.100000000 -4.821927775591e-07
115.110000000 -4.821767434696e-07
115.120000000 -4.821607093801e-07
115.130000000 -4.821446752906e-07
115.140000000 -4.821286412011e-07
115.150000000 -4.821126071116e-07
115.160000000 -4.820965730221e-07
115.170000000 -4.820805389326e-07
115.180000000 -4.820645048430e-07
115.190000000 -4.820484707535e-07
115.200000000 -4.820324366640e-07
115.210000000 -4.820164025745e-07
115.220000000 -4.820003684850e-07
115.230000000 -4.819843343955e-07
115.240000000 -4.819683003060e-07
115.250000000 -4.819522662165e-07
115.260000000 -4.819362321270e-07
115.270000000 -4.819201980374e-07
115.280000000 -4.819041639479e-07
115.290000000 -4.818881298584e-07
115.300000000 -4.818720957689e-07
115.310000000 -4.818560616794e-07
115.320000000 -4.818400275899e-07
115.330000000 -4.818239935004e-07
115.340000000 -4.818079594109e-07
115.350000000 -4.817919253214e-07
115.360000000 -4.817758912319e-07
115.370000000 -4.817598571423e-07
115.380000000 -4.817438230528e-07
115.390000000 -4.817277889633e-07
115.400000000 -4.817117548738e-07
115.410000000 -4.816957207843e-07
115.420000000 -4.816796866948e-07
115.430000000 -4.816636526053e-07
115.440000000 -4.816476185158e-07
115.450000000 -4.816315844263e-07
115.460000000 -4.816155503368e-07
115.470000000 -4.815995162472e-07
115.480000000 -4.815834821577e-07
115.490000000 -4.815674480682e-07
115.500000000 -4.815514139787e-07
115.510000000 -4.815353798892e-07
115.520000000 -4.815193457997e-07
115.530000000 -4.815033117102e-07
115.540000000 -4.814872776207e-07
115.550000000 -4.814712435312e-07
115.560000000 -4.814552094417e-07
115.570000000 -4.814391753521e-07
115.580000000 -4.814231412626e-07
115.590000000 -4.814071071731e-07
115.600000000 -4.813910730836e-07
115.610000000 -4.813750389941e-07
115.620000000 -4.813590049046e-07
115.630000000 -4.813429708151e-07
115.640000000 -4.813269367256e-07
115.650000000 -4.813109026361e-07
115.660000000 -4.812948685465e-07
115.670000000 -4.812788344570e-07
115.680000000 -4.812628003675e-07
115.690000000 -4.812467662780e-07
115.700000000 -4.812307321885e-07
115.710000000 -4.812146980990e-07
115.720000000 -4.811986640095e-07
115.730000000 -4.811826299200e-07
115.740000000 -4.811665958305e-07
115.750000000 -4.811505617410e-07
115.760000000 -4.811345276514e-07
115.770000000 -4.811184935619e-07
115.780000000 -4.811024594724e-07
115.790000000 -4.810864253829e-07
115.800000000 -4.810703912934e-07
115.810000000 -4.810543572039e-07
115.820000000 -4.810383231144e-07
115.830000000 -4.810222890249e-07
115.840000000 -4.810062549354e-07
115.850000000 -4.809902208459e-07
115.860000000 -4.809741867563e-07
115.870000000 -4.809581526668e-07
115.880000000 -4.809421185773e-07
115.890000000 -4.809260844878e-07
115.900000000 -4.809100503983e-07
115.910000000 -4.808940163088e-07
115.920000000 -4.808779822193e-07
115.930000000 -4.808619481298e-07
115.940000000 -4.808459140403e-07
115.950000000 -4.808298799508e-07
115.960000000 -4.808138458612e-07
115.970000000 -4.807978117717e-07
115.980000000 -4.807817776822e-07
115.990000000 -4.807657435927e-07
116.000000000 -4.807497095032e-07
116.010000000 -4.807336754137e-07
116.020000000 -4.807176413242e-07
116.030000000 -4.807016072347e-07
116.040000000 -4.817370319178e-07
116.050000000 -4.792120310162e-07
116.060000000 -4.840908312660e-07
116.070000000 -4.755182381740e-07
116.080000000 -4.894921773229e-07
116.090000000 -4.674530226593e-07
116.100000000 -5.017771684515e-07
116.110000000 -4.464728504502e-07
116.120000000 -5.473870137584e-07
116.130000000 -2.306706339886e-07
116.140000000 8.604574578123e-08
116.150000000 -1.486841752700e-08
116.160000000 4.043590047437e-08
116.170000000 6.111754682136e-09
116.180000000 2.815090934572e-08
116.190000000 1.522842896947e-08
116.200000000 2.129205524932e-08
116.210000000 2.130808933883e-08
116.220000000 1.527653123800e-08
116.230000000 2.823107979327e-08
116.240000000 6.223993308708e-09
116.250000000 4.058020727996e-08
116.260000000 -1.469204254238e-08
116.270000000 8.625418894486e-08
116.280000000 -2.304301226459e-07
116.290000000 -5.471144342367e-07
116.300000000 -4.461682027495e-07
116.310000000 -5.014404525718e-07
116.320000000 -4.670842386006e-07
116.330000000 -4.890913250851e-07
116.340000000 -4.750853177572e-07
116.350000000 -4.836258426702e-07
116.360000000 -4.787149742414e-07
116.370000000 -4.812079069640e-07
116.380000000 -4.801404141018e-07
116.390000000 -4.801243800123e-07
116.400000000 -4.801083459228e-07
116.410000000 -4.800923118333e-07
116.420000000 -4.800762777438e-07
116.430000000 -4.800602436543e-07
116.440000000 -4.800442095648e-07
116.450000000 -4.800281754752e-07
116.460000000 -4.800121413857e-07
116.470000000 -4.799961072962e-07
116.480000000 -4.799800732067e-07
116.490000000 -4.799640391172e-07
116.500000000 -4.799480050277e-07
116.510000000 -4.799319709382e-07
116.520000000 -4.799159368487e-07
116.530000000 -4.798999027592e-07
116.540000000 -4.798838686696e-07
116.550000000 -4.798678345801e-07
116.560000000 -4.798518004906e-07
116.570000000 -4.798357664011e-07
116.580000000 -4.798197323116e-07
116.590000000 -4.798036982221e-07
116.600000000 -4.797876641326e-07
116.610000000 -4.797716300431e-07
116.620000000 -4.797555959536e-07
116.630000000 -4.797395618641e-07
116.640000000 -4.797235277745e-07
116.650000000 -4.797074936850e-07
116.660000000 -4.796914595955e-07
116.670000000 -4.796754255060e-07
116.680000000 -4.796593914165e-07
116.690000000 -4.796433573270e-07
116.700000000 -4.796273232375e-07
116.710000000 -4.796112891480e-07
116.720000000 -4.795952550585e-07
116.730000000 -4.795792209690e-07
116.740000000 -4.795631868794e-07
116.750000000 -4.795471527899e-07
116.760000000 -4.795311187004e-07
116.770000000 -4.795150846109e-07
116.780000000 -4.794990505214e-07
116.790000000 -4.794830164319e-07
116.800000000 -4.794669823424e-07
116.810000000 -4.794509482529e-07
116.820000000 -4.794349141634e-07
116.830000000 -4.794188800739e-07
116.840000000 -4.794028459843e-07
116.850000000 -4.793868118948e-07
116.860000000 -4.793707778053e-07
116.870000000 -4.793547437158e-07
116.880000000 -4.793387096263e-07
116.890000000 -4.793226755368e-07
116.900000000 -4.793066414473e-07
116.910000000 -4.792906073578e-07
116.920000000 -4.792745732683e-07
116.930000000 -4.792585391787e-07
116.940000000 -4.792425050892e-07
116.950000000 -4.792264709997e-07
116.960000000 -4.792104369102e-07
116.970000000 -4.791944028207e-07
116.980000000 -4.791783687312e-07
116.990000000 -4.791623346417e-07
117.000000000 -4.791463005522e-07
117.010000000 -4.791302664627e-07
117.020000000 -4.791142323732e-07
117.030000000 -4.790981982836e-07
117.040000000 -4.790821641941e-07
117.050000000 -4.790661301046e-07
117.060000000 -4.790500960151e-07
117.070000000 -4.790340619256e-07
117.080000000 -4.790180278361e-07
117.090000000 -4.790019937466e-07
117.100000000 -4.789859596571e-07
117.110000000 -4.789699255676e-07
117.120000000 -4.789538914781e-07
117.130000000 -4.789378573885e-07
117.140000000 -4.789218232990e-07
117.150000000 -4.789057892095e-07
117.160000000 -4.788897551200e-07
117.170000000 -4.788737210305e-07
117.180000000 -4.788576869410e-07
117.190000000 -4.788416528515e-07
117.200000000 -4.788256187620e-07
117.210000000 -4.788095846725e-07
117.220000000 -4.787935505830e-07
117.230000000 -4.787775164934e-07
117.240000000 -4.787614824039e-07
117.250000000 -4.787454483144e-07
117.260000000 -4.787294142249e-07
117.270000000 -4.787133801354e-07
117.280000000 -4.797488048186e-07
117.290000000 -4.772238039169e-07
117.300000000 -4.821026041667e-07
117.310000000 -4.735300110747e-07
117.320000000 -4.875039502236e-07
117.330000000 -4.654647955600e-07
117.340000000 -4.997889413523e-07
117.350000000 -4.444846233509e-07
117.360000000 -5.453987866591e-07
117.370000000 -2.286824068893e-07
117.380000000 8.803397288050e-08
117.390000000 -1.288019042773e-08
117.400000000 4.347558634631e-08
117.410000000 6.642473741932e-09
117.420000000 3.357646274480e-08
117.430000000 1.104596459340e-08
117.440000000 3.360853092383e-08
117.450000000 6.706610099973e-09
117.460000000 4.357179088338e-08
117.470000000 -1.275191771165e-08
117.480000000 8.819431377560e-08
117.490000000 -2.284899978152e-07
117.500000000 -5.451743094060e-07
117.510000000 -4.442280779187e-07
117.520000000 -4.995003277411e-07
117.530000000 -4.651441137698e-07
117.540000000 -4.871512002544e-07
117.550000000 -4.731451929264e-07
117.560000000 -4.816857178394e-07
117.570000000 -4.767748494106e-07
117.580000000 -4.792677821333e-07
117.590000000 -4.782002892711e-07
117.600000000 -4.781842551816e-07
117.610000000 -4.781682210921e-07
117.620000000 -4.781521870025e-07
117.630000000 -4.781361529130e-07
117.640000000 -4.781201188235e-07
117.650000000 -4.781040847340e-07
117.660000000 -4.770365918718e-07
117.670000000 -4.795295245945e-07
117.680000000 -4.746186561657e-07
117.690000000 -4.831591810786e-07
117.700000000 -4.691531737507e-07
117.710000000 -4.911602602353e-07
117.720000000 -4.568040462640e-07
117.730000000 -5.120762960863e-07
117.740000000 -4.111300645991e-07
117.750000000 -7.278143761899e-07
117.760000000 -1.044498687781e-06
117.770000000 -9.435524562934e-07
117.780000000 -9.988247061158e-07
117.790000000 -9.644684921445e-07
117.800000000 -9.864755786291e-07
117.810000000 -9.724695713012e-07
117.820000000 -9.810100962141e-07
117.830000000 -9.760992277853e-07
117.840000000 -9.785921605080e-07
117.850000000 -9.775246676458e-07
117.860000000 -9.775086335563e-07
117.870000000 -9.774925994668e-07
117.880000000 -9.774765653772e-07
117.890000000 -9.774605312877e-07
117.900000000 -9.774444971982e-07
117.910000000 -9.774284631087e-07
117.920000000 -9.774124290192e-07
117.930000000 -9.773963949297e-07
117.940000000 -9.773803608402e-07
117.950000000 -9.773643267507e-07
117.960000000 -9.773482926612e-07
117.970000000 -9.773322585717e-07
117.980000000 -9.773162244821e-07
117.990000000 -9.783516491653e-07
118.000000000 -9.758266482637e-07
118.010000000 -9.796539897408e-07
118.020000000 -9.735903634609e-07
118.030000000 -9.826694682705e-07
118.040000000 -9.691868726094e-07
118.050000000 -9.895210451632e-07
118.060000000 -9.562398477360e-07
118.070000000 -1.022813831162e-06
118.080000000 -7.613857353045e-07
118.090000000 -3.437391581369e-07
118.100000000 -7.613536671255e-07
118.110000000 -1.023801153577e-06
118.120000000 -9.546861351594e-07
118.130000000 -9.928300987470e-07
118.140000000 -9.639072990117e-07
118.150000000 -9.913477997322e-07
118.160000000 -9.602135061695e-07
118.170000000 -1.000585244152e-06
118.180000000 -9.414375505841e-07
118.190000000 -1.044860680704e-06
118.200000000 -7.270928421619e-07
118.210000000 -4.103764623921e-07
118.220000000 -5.123420844730e-07
118.230000000 -4.545287996595e-07
118.240000000 -4.937477797910e-07
118.250000000 -4.631520661250e-07
118.260000000 -4.911159785123e-07
118.270000000 -4.605202648463e-07
118.280000000 -4.997392449778e-07
118.290000000 -4.419259601643e-07
118.300000000 -5.438915822452e-07
118.310000000 -2.271752024754e-07
118.320000000 8.954117729446e-08
118.330000000 -1.137298601377e-08
118.340000000 4.393133198760e-08
118.350000000 9.607186195367e-09
118.360000000 3.164634085895e-08
118.370000000 1.767240171003e-08
118.380000000 2.624499480202e-08
118.390000000 2.136619455224e-08
118.400000000 2.389119545390e-08
118.410000000 2.285577077073e-08
118.420000000 2.287180486024e-08
118.430000000 2.288783894975e-08
118.440000000 2.290387303926e-08
118.450000000 2.291990712877e-08
118.460000000 2.293594121828e-08
118.470000000 2.295197530780e-08
118.480000000 2.296800939731e-08
118.490000000 2.298404348682e-08
118.500000000 2.300007757633e-08
118.510000000 2.301611166584e-08
118.520000000 2.303214575535e-08
118.530000000 2.304817984486e-08
118.540000000 2.306421393437e-08
118.550000000 2.308024802388e-08
118.560000000 2.309628211339e-08
118.570000000 2.311231620290e-08
118.580000000 2.312835029241e-08
118.590000000 2.314438438192e-08
118.600000000 2.316041847143e-08
118.610000000 2.317645256094e-08
118.620000000 2.319248665045e-08
118.630000000 2.320852073996e-08
118.640000000 2.322455482947e-08
118.650000000 2.324058891898e-08
118.660000000 2.325662300849e-08
118.670000000 2.327265709800e-08
118.680000000 2.328869118751e-08
118.690000000 2.330472527702e-08
118.700000000 2.332075936653e-08
118.710000000 2.438825222872e-08
118.720000000 2.189531950608e-08
118.730000000 2.680618793488e-08
118.740000000 1.826566302190e-08
118.750000000 3.227167034985e-08
118.760000000 1.026458386529e-08
118.770000000 4.462079783654e-08
118.780000000 -1.065145198581e-08
118.790000000 9.029477950144e-08
118.800000000 -2.263895320894e-07
118.810000000 -5.430738436801e-07
118.820000000 -4.421276121929e-07
118.830000000 -4.973998620152e-07
118.840000000 -4.630436480440e-07
118.850000000 -4.850507345286e-07
118.860000000 -4.710447272006e-07
118.870000000 -4.795852521136e-07
118.880000000 -4.746743836848e-07
118.890000000 -4.771673164074e-07
118.900000000 -4.760998235452e-07
118.910000000 -4.760837894557e-07
118.920000000 -4.760677553662e-07
118.930000000 -4.760517212767e-07
118.940000000 -4.760356871872e-07
118.950000000 -4.760196530977e-07
118.960000000 -4.760036190082e-07
118.970000000 -4.759875849187e-07
118.980000000 -4.759715508292e-07
118.990000000 -4.759555167396e-07
119.000000000 -4.759394826501e-07
119.010000000 -4.759234485606e-07
119.020000000 -4.759074144711e-07
119.030000000 -4.758913803816e-07
119.040000000 -4.758753462921e-07
119.050000000 -4.758593122026e-07
119.060000000 -4.758432781131e-07
119.070000000 -4.758272440236e-07
119.080000000 -4.758112099341e-07
119.090000000 -4.757951758445e-07
119.100000000 -4.757791417550e-07
119.110000000 -4.757631076655e-07
119.120000000 -4.757470735760e-07
119.130000000 -4.757310394865e-07
119.140000000 -4.757150053970e-07
119.150000000 -4.756989713075e-07
119.160000000 -4.756829372180e-07
119.170000000 -4.746154443558e-07
119.180000000 -4.771083770784e-07
119.190000000 -4.721975086496e-07
119.200000000 -4.807380335626e-07
119.210000000 -4.667320262346e-07
119.220000000 -4.887391127192e-07
119.230000000 -4.543828987480e-07
119.240000000 -5.096551485703e-07
119.250000000 -4.087089170831e-07
119.260000000 -7.253932286739e-07
119.270000000 -1.043128999037e-06
119.280000000 -9.396738007379e-07
119.290000000 -9.998408848996e-07
119.300000000 -9.569281119258e-07
119.310000000 -9.929251716488e-07
119.320000000 -9.568960437468e-07
119.330000000 -9.987252897688e-07
119.340000000 -9.410351042403e-07
119.350000000 -1.039563400021e-06
119.360000000 -7.303521204814e-07
119.370000000 -3.996457674732e-07
119.380000000 -5.225830513555e-07
119.390000000 -4.329385534724e-07
119.400000000 -5.225509831764e-07
119.410000000 -3.995816311151e-07
119.420000000 -7.302559159444e-07
119.430000000 -1.038383668533e-06
119.440000000 -9.423322713847e-07
119.450000000 -9.950955543949e-07
119.460000000 -9.617907991963e-07
119.470000000 -9.837978856809e-07
119.480000000 -9.697918783529e-07
119.490000000 -9.783324032659e-07
119.500000000 -9.734215348371e-07
119.510000000 -9.759144675598e-07
119.520000000 -9.748469746976e-07
119.530000000 -9.748309406081e-07
119.540000000 -9.748149065185e-07
119.550000000 -9.747988724290e-07
119.560000000 -9.747828383395e-07
119.570000000 -9.747668042500e-07
119.580000000 -9.747507701605e-07
119.590000000 -9.747347360710e-07
119.600000000 -9.747187019815e-07
119.610000000 -9.747026678920e-07
119.620000000 -9.746866338025e-07
119.630000000 -9.746705997130e-07
119.640000000 -9.746545656234e-07
119.650000000 -9.746385315339e-07
119.660000000 -9.746224974444e-07
119.670000000 -9.746064633549e-07
119.680000000 -9.745904292654e-07
119.690000000 -9.745743951759e-07
119.700000000 -9.745583610864e-07
119.710000000 -9.745423269969e-07
119.720000000 -9.745262929074e-07
119.730000000 -9.745102588179e-07
119.740000000 -9.744942247283e-07
119.750000000 -9.744781906388e-07
119.760000000 -9.744621565493e-07
119.770000000 -9.744461224598e-07
119.780000000 -9.744300883703e-07
119.790000000 -9.744140542808e-07
119.800000000 -9.743980201913e-07
119.810000000 -9.743819861018e-07
119.820000000 -9.743659520123e-07
119.830000000 -9.743499179228e-07
119.840000000 -9.743338838332e-07
119.850000000 -9.743178497437e-07
119.860000000 -9.753532744269e-07
119.870000000 -9.728282735252e-07
119.880000000 -9.777070737750e-07
119.890000000 -9.691344806830e-07
119.900000000 -9.831084198319e-07
119.910000000 -9.610692651684e-07
119.920000000 -9.953934109606e-07
119.930000000 -9.400890929592e-07
119.940000000 -1.041003256267e-06
119.950000000 -7.242868764976e-07
119.960000000 -4.075704967278e-07
119.970000000 -5.084846600361e-07
119.980000000 -4.531803420347e-07
119.990000000 -4.875044878269e-07
120.000000000 -4.654653331633e-07
120.010000000 -4.794392723123e-07
120.020000000 -4.708666792203e-07
120.030000000 -4.757454794701e-07
120.040000000 -4.732204785684e-07
120.050000000 -4.742559032516e-07
120.060000000 -4.742398691620e-07
120.070000000 -4.742238350725e-07
120.080000000 -4.742078009830e-07
120.090000000 -4.741917668935e-07
120.100000000 -4.741757328040e-07
120.110000000 -4.741596987145e-07
120.120000000 -4.741436646250e-07
120.130000000 -4.741276305355e-07
120.140000000 -4.741115964460e-07
120.150000000 -4.740955623565e-07
120.160000000 -4.740795282669e-07
120.170000000 -4.740634941774e-07
120.180000000 -4.740474600879e-07
120.190000000 -4.740314259984e-07
120.200000000 -4.740153919089e-07
120.210000000 -4.739993578194e-07
120.220000000 -4.739833237299e-07
120.230000000 -4.739672896404e-07
120.240000000 -4.739512555509e-07
120.250000000 -4.739352214614e-07
120.260000000 -4.739191873718e-07
120.270000000 -4.739031532823e-07
120.280000000 -4.738871191928e-07
120.290000000 -4.738710851033e-07
120.300000000 -4.738550510138e-07
120.310000000 -4.738390169243e-07
120.320000000 -4.738229828348e-07
120.330000000 -4.738069487453e-07
120.340000000 -4.737909146558e-07
120.350000000 -4.737748805663e-07
120.360000000 -4.737588464767e-07
120.370000000 -4.737428123872e-07
120.380000000 -4.737267782977e-07
120.390000000 -4.737107442082e-07
120.400000000 -4.736947101187e-07
120.410000000 -4.736786760292e-07
120.420000000 -4.736626419397e-07
120.430000000 -4.736466078502e-07
120.440000000 -4.736305737607e-07
120.450000000 -4.736145396711e-07
120.460000000 -4.735985055816e-07
120.470000000 -4.735824714921e-07
120.480000000 -4.735664374026e-07
120.490000000 -4.735504033131e-07
120.500000000 -4.735343692236e-07
120.510000000 -4.735183351341e-07
120.520000000 -4.735023010446e-07
120.530000000 -4.734862669551e-07
120.540000000 -4.734702328656e-07
120.550000000 -4.734541987760e-07
120.560000000 -4.734381646865e-07
120.570000000 -4.734221305970e-07
120.580000000 -4.734060965075e-07
120.590000000 -4.733900624180e-07
120.600000000 -4.733740283285e-07
120.610000000 -4.733579942390e-07
120.620000000 -4.733419601495e-07
120.630000000 -4.733259260600e-07
120.640000000 -4.733098919705e-07
120.650000000 -4.732938578809e-07
120.660000000 -4.732778237914e-07
120.670000000 -4.732617897019e-07
120.680000000 -4.732457556124e-07
120.690000000 -4.732297215229e-07
120.700000000 -4.732136874334e-07
120.710000000 -4.731976533439e-07
120.720000000 -4.731816192544e-07
120.730000000 -4.731655851649e-07
120.740000000 -4.731495510754e-07
120.750000000 -4.731335169858e-07
120.760000000 -4.731174828963e-07
120.770000000 -4.731014488068e-07
120.780000000 -4.730854147173e-07
120.790000000 -4.730693806278e-07
120.800000000 -4.730533465383e-07
120.810000000 -4.730373124488e-07
120.820000000 -4.730212783593e-07
120.830000000 -4.730052442698e-07
120.840000000 -4.729892101802e-07
120.850000000 -4.729731760907e-07
120.860000000 -4.729571420012e-07
120.870000000 -4.729411079117e-07
120.880000000 -4.729250738222e-07
120.890000000 -4.739604985054e-07
120.900000000 -4.714354976037e-07
120.910000000 -4.763142978535e-07
120.920000000 -4.677417047615e-07
120.930000000 -4.817156439104e-07
120.940000000 -4.596764892468e-07
120.950000000 -4.940006350391e-07
120.960000000 -4.386963170377e-07
120.970000000 -5.396104803459e-07
120.980000000 -2.228941005761e-07
120.990000000 9.382227919369e-08
121.000000000 -7.091884114534e-09
121.010000000 4.821243388683e-08
121.020000000 1.388828809460e-08
121.030000000 3.592744275818e-08
121.040000000 2.195350360926e-08
121.050000000 3.052609670125e-08
121.060000000 2.564729645147e-08
121.070000000 2.817229735313e-08
121.080000000 2.713687266997e-08
121.090000000 2.715290675948e-08
121.100000000 2.716894084899e-08
121.110000000 2.718497493850e-08
121.120000000 2.720100902801e-08
121.130000000 2.721704311752e-08
121.140000000 2.723307720703e-08
121.150000000 2.724911129654e-08
121.160000000 2.726514538605e-08
121.170000000 2.728117947556e-08
121.180000000 2.729721356507e-08
121.190000000 2.731324765458e-08
121.200000000 2.732928174409e-08
121.210000000 2.734531583360e-08
121.220000000 2.630989115043e-08
121.230000000 2.883489205209e-08
121.240000000 2.500755057499e-08
121.250000000 3.107117685483e-08
121.260000000 2.199207204520e-08
121.270000000 3.547466770630e-08
121.280000000 1.514049515250e-08
121.290000000 4.842169257979e-08
121.300000000 -1.815229084669e-08
121.310000000 2.432758050113e-07
121.320000000 6.619738409515e-07
121.330000000 2.418503651508e-07
121.340000000 -1.465082818883e-08
121.350000000 4.339866441419e-08
121.360000000 2.413950840435e-08
121.370000000 2.248262856310e-08
121.380000000 4.337228096276e-08
121.390000000 -2.804829960442e-09
121.400000000 9.209380933647e-08
121.410000000 -2.207471266877e-07
121.420000000 -5.399404050906e-07
121.430000000 -4.379427148307e-07
121.440000000 -4.932149646531e-07
121.450000000 -4.588587506818e-07
121.460000000 -4.808658371664e-07
121.470000000 -4.668598298384e-07
121.480000000 -4.754003547514e-07
121.490000000 -4.704894863226e-07
121.500000000 -4.729824190452e-07
121.510000000 -4.719149261831e-07
121.520000000 -4.718988920936e-07
121.530000000 -4.718828580040e-07
121.540000000 -4.718668239145e-07
121.550000000 -4.718507898250e-07
121.560000000 -4.718347557355e-07
121.570000000 -4.718187216460e-07
121.580000000 -4.718026875565e-07
121.590000000 -4.717866534670e-07
121.600000000 -4.717706193775e-07
121.610000000 -4.717545852880e-07
121.620000000 -4.706870924258e-07
121.630000000 -4.731800251484e-07
121.640000000 -4.682691567196e-07
121.650000000 -4.768096816326e-07
121.660000000 -4.628036743046e-07
121.670000000 -4.848107607892e-07
121.680000000 -4.504545468180e-07
121.690000000 -5.057267966403e-07
121.700000000 -4.058320239257e-07
121.710000000 -7.200073687044e-07
121.720000000 -1.041586514634e-06
121.730000000 -9.320837241447e-07
121.740000000 -1.001345947206e-06
121.750000000 -9.449666126602e-07
121.760000000 -1.001313879026e-06
121.770000000 -9.320195877867e-07
121.780000000 -1.041490310097e-06
121.790000000 -7.198790959883e-07
121.800000000 -4.056716830306e-07
121.810000000 -5.055343875662e-07
121.820000000 -4.502300695648e-07
121.830000000 -4.845542153570e-07
121.840000000 -4.625150606935e-07
121.850000000 -4.764889998424e-07
121.860000000 -4.679164067504e-07
121.870000000 -4.727952070002e-07
121.880000000 -4.702702060985e-07
121.890000000 -4.713056307817e-07
121.900000000 -4.712895966922e-07
121.910000000 -4.712735626027e-07
121.920000000 -4.712575285131e-07
121.930000000 -4.712414944236e-07
121.940000000 -4.712254603341e-07
121.950000000 -4.701579674719e-07
121.960000000 -4.726509001946e-07
121.970000000 -4.677400317658e-07
121.980000000 -4.762805566788e-07
121.990000000 -4.622745493508e-07
122.000000000 -4.842816358354e-07
122.010000000 -4.499254218641e-07
122.020000000 -5.051976716865e-07
122.030000000 -4.042514401992e-07
122.040000000 -7.219872105627e-07
122.050000000 -1.036162555341e-06
122.060000000 -9.401111581934e-07
122.070000000 -9.868268490132e-07
122.080000000 -9.664606082804e-07
122.090000000 -9.664445741909e-07
122.100000000 -9.867787467447e-07
122.110000000 -9.400309877458e-07
122.120000000 -1.036050316715e-06
122.130000000 -7.218429037571e-07
122.140000000 -4.040750652146e-07
122.150000000 -5.049892285228e-07
122.160000000 -4.496849105215e-07
122.170000000 -4.840090563137e-07
122.180000000 -4.619699016501e-07
122.190000000 -4.759438407990e-07
122.200000000 -4.663197889344e-07
122.210000000 -4.737075559963e-07
122.220000000 -4.662877207553e-07
122.230000000 -4.758797044410e-07
122.240000000 -4.618736971130e-07
122.250000000 -4.838807835976e-07
122.260000000 -4.495245696264e-07
122.270000000 -5.047968194487e-07
122.280000000 -4.049020467341e-07
122.290000000 -7.190773915128e-07
122.300000000 -1.040656537443e-06
122.310000000 -9.311537469531e-07
122.320000000 -1.000415970014e-06
122.330000000 -9.440366354686e-07
122.340000000 -1.000383901835e-06
122.350000000 -9.310896105951e-07
122.360000000 -1.040560332906e-06
122.370000000 -7.189491187967e-07
122.380000000 -4.047417058390e-07
122.390000000 -5.046044103746e-07
122.400000000 -4.493000923732e-07
122.410000000 -4.836242381654e-07
122.420000000 -4.615850835019e-07
122.430000000 -4.755590226508e-07
122.440000000 -4.669864295588e-07
122.450000000 -4.718652298086e-07
122.460000000 -4.693402289069e-07
122.470000000 -4.703756535901e-07
122.480000000 -4.703596195006e-07
122.490000000 -4.703435854111e-07
122.500000000 -4.703275513216e-07
122.510000000 -4.703115172320e-07
122.520000000 -4.702954831425e-07
122.530000000 -4.702794490530e-07
122.540000000 -4.702634149635e-07
122.550000000 -4.702473808740e-07
122.560000000 -4.702313467845e-07
122.570000000 -4.702153126950e-07
122.580000000 -4.701992786055e-07
122.590000000 -4.701832445160e-07
122.600000000 -4.701672104264e-07
122.610000000 -4.701511763369e-07
122.620000000 -4.701351422474e-07
122.630000000 -4.701191081579e-07
122.640000000 -4.701030740684e-07
122.650000000 -4.700870399789e-07
122.660000000 -4.700710058894e-07
122.670000000 -4.700549717999e-07
122.680000000 -4.700389377104e-07
122.690000000 -4.700229036209e-07
122.700000000 -4.700068695313e-07
122.710000000 -4.699908354418e-07
122.720000000 -4.699748013523e-07
122.730000000 -4.699587672628e-07
122.740000000 -4.699427331733e-07
122.750000000 -4.699266990838e-07
122.760000000 -4.699106649943e-07
122.770000000 -4.698946309048e-07
122.780000000 -4.698785968153e-07
122.790000000 -4.698625627258e-07
122.800000000 -4.698465286362e-07
122.810000000 -4.698304945467e-07
122.820000000 -4.698144604572e-07
122.830000000 -4.697984263677e-07
122.840000000 -4.697823922782e-07
122.850000000 -4.697663581887e-07
122.860000000 -4.697503240992e-07
122.870000000 -4.697342900097e-07
122.880000000 -4.697182559202e-07
122.890000000 -4.697022218307e-07
122.900000000 -4.696861877411e-07
122.910000000 -4.696701536516e-07
122.920000000 -4.696541195621e-07
122.930000000 -4.696380854726e-07
122.940000000 -4.696220513831e-07
122.950000000 -4.696060172936e-07
122.960000000 -4.695899832041e-07
122.970000000 -4.695739491146e-07
122.980000000 -4.695579150251e-07
122.990000000 -4.684904221629e-07
123.000000000 -4.709833548855e-07
123.010000000 -4.660724864567e-07
123.020000000 -4.746130113697e-07
123.030000000 -4.606070040417e-07
123.040000000 -4.826140905263e-07
123.050000000 -4.482578765550e-07
123.060000000 -5.035301263774e-07
123.070000000 -4.025838948902e-07
123.080000000 -7.192682064809e-07
123.090000000 -1.037003976844e-06
123.100000000 -9.335487785450e-07
123.110000000 -9.937158627067e-07
123.120000000 -9.508030897329e-07
123.130000000 -9.868001494559e-07
123.140000000 -9.507710215539e-07
123.150000000 -9.936517263486e-07
123.160000000 -9.334525740080e-07
123.170000000 -1.036875704128e-06
123.180000000 -7.191078655858e-07
123.190000000 -4.023914858160e-07
123.200000000 -5.033056491243e-07
123.210000000 -4.480013311229e-07
123.220000000 -4.823254769151e-07
123.230000000 -4.602863222515e-07
123.240000000 -4.742602614005e-07
123.250000000 -4.656876683085e-07
123.260000000 -4.705664685582e-07
123.270000000 -4.680414676566e-07
123.280000000 -4.690768923398e-07
123.290000000 -4.690608582502e-07
123.300000000 -4.690448241607e-07
123.310000000 -4.690287900712e-07
123.320000000 -4.690127559817e-07
123.330000000 -4.689967218922e-07
123.340000000 -4.689806878027e-07
123.350000000 -4.700161124859e-07
123.360000000 -4.674911115842e-07
123.370000000 -4.723699118340e-07
123.380000000 -4.637973187420e-07
123.390000000 -4.777712578909e-07
123.400000000 -4.557321032273e-07
123.410000000 -4.900562490196e-07
123.420000000 -4.347519310182e-07
123.430000000 -5.356660943264e-07
123.440000000 -2.189497145566e-07
123.450000000 9.776666521321e-08
123.460000000 -3.147498095018e-09
123.470000000 5.215681990635e-08
123.480000000 1.783267411411e-08
123.490000000 3.987182877770e-08
123.500000000 2.589788962877e-08
123.510000000 3.447048272077e-08
123.520000000 2.959168247099e-08
123.530000000 3.211668337265e-08
123.540000000 3.108125868948e-08
123.550000000 3.109729277899e-08
123.560000000 3.111332686850e-08
123.570000000 3.112936095801e-08
123.580000000 3.114539504752e-08
123.590000000 3.116142913703e-08
123.600000000 3.117746322654e-08
123.610000000 3.224495608873e-08
123.620000000 2.975202336609e-08
123.630000000 3.466289179489e-08
123.640000000 2.612236688192e-08
123.650000000 4.012837420986e-08
123.660000000 1.812128772530e-08
123.670000000 5.142604292388e-08
123.680000000 -1.337240086320e-09
123.690000000 9.471415706164e-08
123.700000000 -2.134135955267e-07
123.710000000 -5.440878803559e-07
123.720000000 -4.211185282946e-07
123.730000000 -5.107309579987e-07
123.740000000 -4.200350013429e-07
123.750000000 -5.454812520373e-07
123.760000000 -2.098800646898e-07
123.770000000 8.972319707505e-08
123.780000000 7.693841344551e-09
123.790000000 3.846607195970e-08
123.800000000 3.953356482188e-08
123.810000000 6.284435573609e-09
123.820000000 9.324069382242e-08
123.830000000 -2.148870587659e-07
123.840000000 -5.364662046960e-07
123.850000000 -4.330110063966e-07
123.860000000 -4.893347149916e-07
123.870000000 -4.549785010203e-07
123.880000000 -4.769855875049e-07
123.890000000 -4.629795801770e-07
123.900000000 -4.715201050899e-07
123.910000000 -4.666092366611e-07
123.920000000 -4.691021693838e-07
123.930000000 -4.680346765216e-07
123.940000000 -4.680186424321e-07
123.950000000 -4.680026083426e-07
123.960000000 -4.679865742531e-07
123.970000000 -4.679705401635e-07
123.980000000 -4.679545060740e-07
123.990000000 -4.679384719845e-07
124.000000000 -4.679224378950e-07
124.010000000 -4.679064038055e-07
124.020000000 -4.678903697160e-07
124.030000000 -4.689257943992e-07
124.040000000 -4.664007934975e-07
124.050000000 -4.712795937473e-07
124.060000000 -4.627070006553e-07
124.070000000 -4.766809398042e-07
124.080000000 -4.546417851406e-07
124.090000000 -4.889659309329e-07
124.100000000 -4.326101541588e-07
124.110000000 -5.360332842792e-07
124.120000000 -2.144220701701e-07
124.130000000 9.373775059724e-08
124.140000000 6.813560527447e-09
124.150000000 4.009475795474e-08
124.160000000 4.011079204425e-08
124.170000000 6.861662795977e-09
124.180000000 9.381792104479e-08
124.190000000 -2.143098315435e-07
124.200000000 -5.369404362463e-07
124.210000000 -4.309762711347e-07
124.220000000 -4.921948140690e-07
124.230000000 -4.492820410953e-07
124.240000000 -4.852791008183e-07
124.250000000 -4.492499729163e-07
124.260000000 -4.921306777110e-07
124.270000000 -4.319315253704e-07
124.280000000 -5.353546554907e-07
124.290000000 -2.175868169482e-07
124.300000000 1.001810215943e-07
124.310000000 -3.242108526121e-09
124.320000000 5.695704381453e-08
124.330000000 1.407633901982e-08
124.340000000 5.010546692184e-08
124.350000000 1.410840719884e-08
124.360000000 5.702118017258e-08
124.370000000 -3.145903989059e-09
124.380000000 1.003092943103e-07
124.390000000 -2.174264760531e-07
124.400000000 -5.341107876439e-07
124.410000000 -4.331645561567e-07
124.420000000 -4.884368059790e-07
124.430000000 -4.540805920078e-07
124.440000000 -4.760876784923e-07
124.450000000 -4.620816711644e-07
124.460000000 -4.706221960774e-07
124.470000000 -4.657113276486e-07
124.480000000 -4.682042603712e-07
124.490000000 -4.660853087363e-07
124.500000000 -4.685782414590e-07
124.510000000 -4.636673730302e-07
124.520000000 -4.722078979432e-07
124.530000000 -4.582018906152e-07
124.540000000 -4.802089770998e-07
124.550000000 -4.458527631285e-07
124.560000000 -5.011250129509e-07
124.570000000 -4.001787814636e-07
124.580000000 -7.168630930544e-07
124.590000000 -1.033547404645e-06
124.600000000 -9.326011731580e-07
124.610000000 -9.878734229803e-07
124.620000000 -9.535172090090e-07
124.630000000 -9.755242954936e-07
124.640000000 -9.615182881657e-07
124.650000000 -9.700588130786e-07
124.660000000 -9.651479446498e-07
124.670000000 -9.676408773725e-07
124.680000000 -9.665733845103e-07
124.690000000 -9.665573504208e-07
124.700000000 -9.665413163313e-07
124.710000000 -9.665252822418e-07
124.720000000 -9.665092481523e-07
124.730000000 -9.664932140627e-07
124.740000000 -9.664771799732e-07
124.750000000 -9.664611458837e-07
124.760000000 -9.664451117942e-07
124.770000000 -9.664290777047e-07
124.780000000 -9.664130436152e-07
124.790000000 -9.663970095257e-07
124.800000000 -9.663809754362e-07
124.810000000 -9.663649413467e-07
124.820000000 -9.663489072571e-07
124.830000000 -9.663328731676e-07
124.840000000 -9.663168390781e-07
124.850000000 -9.663008049886e-07
124.860000000 -9.662847708991e-07
124.870000000 -9.662687368096e-07
124.880000000 -9.673041614928e-07
124.890000000 -9.647791605911e-07
124.900000000 -9.696579608409e-07
124.910000000 -9.610853677489e-07
124.920000000 -9.750593068978e-07
124.930000000 -9.530201522342e-07
124.940000000 -9.873442980265e-07
124.950000000 -9.320399800251e-07
124.960000000 -1.032954143333e-06
124.970000000 -7.162377635635e-07
124.980000000 -3.995213837937e-07
124.990000000 -5.004355471019e-07
125.000000000 -4.451312291006e-07
125.010000000 -4.794553748928e-07
125.020000000 -4.574162202292e-07
125.030000000 -4.713901593781e-07
125.040000000 -4.628175662861e-07
125.050000000 -4.676963665359e-07
125.060000000 -4.651713656343e-07
125.070000000 -4.672582490901e-07
125.080000000 -4.647332481884e-07
125.090000000 -4.696120484382e-07
125.100000000 -4.610394553462e-07
125.110000000 -4.750133944952e-07
125.120000000 -4.529742398316e-07
125.130000000 -4.872983856238e-07
125.140000000 -4.319940676224e-07
125.150000000 -5.329082309307e-07
125.160000000 -2.161918511608e-07
125.170000000 1.005245286090e-07
125.180000000 6.618240734171e-10
125.190000000 5.345717526264e-08
125.200000000 2.402786380969e-08
125.210000000 3.751045947079e-08
125.220000000 3.752649356030e-08
125.230000000 2.407596607822e-08
125.240000000 5.353734571019e-08
125.250000000 7.740626999887e-10
125.260000000 1.006688354146e-07
125.270000000 -2.160154761762e-07
125.280000000 -5.326997877670e-07
125.290000000 -4.317535562798e-07
125.300000000 -4.870258061021e-07
125.310000000 -4.526695921309e-07
125.320000000 -4.746766786154e-07
125.330000000 -4.606706712875e-07
125.340000000 -4.692111962005e-07
125.350000000 -4.643003277717e-07
125.360000000 -4.667932604943e-07
125.370000000 -4.657257676321e-07
125.380000000 -4.657097335426e-07
125.390000000 -4.656936994531e-07
125.400000000 -4.656776653636e-07
125.410000000 -4.656616312741e-07
125.420000000 -4.645941384119e-07
125.430000000 -4.670870711345e-07
125.440000000 -4.621762027057e-07
125.450000000 -4.707167276187e-07
125.460000000 -4.567107202908e-07
125.470000000 -4.787178067753e-07
125.480000000 -4.443615928041e-07
125.490000000 -4.996338426264e-07
125.500000000 -3.986876111392e-07
125.510000000 -7.153719227300e-07
125.520000000 -1.032056234321e-06
125.530000000 -9.311100028335e-07
125.540000000 -9.863822526559e-07
125.550000000 -9.520260386846e-07
125.560000000 -9.740331251692e-07
125.570000000 -9.600271178412e-07
125.580000000 -9.685676427542e-07
125.590000000 -9.636567743254e-07
125.600000000 -9.661497070480e-07
125.610000000 -9.650822141858e-07
125.620000000 -9.650661800963e-07
125.630000000 -9.650501460068e-07
125.640000000 -9.650341119173e-07
125.650000000 -9.650180778278e-07
125.660000000 -9.650020437383e-07
125.670000000 -9.649860096488e-07
125.680000000 -9.649699755593e-07
125.690000000 -9.649539414698e-07
125.700000000 -9.649379073802e-07
125.710000000 -9.649218732907e-07
125.720000000 -9.649058392012e-07
125.730000000 -9.648898051117e-07
125.740000000 -9.648737710222e-07
125.750000000 -9.648577369327e-07
125.760000000 -9.648417028432e-07
125.770000000 -9.648256687537e-07
125.780000000 -9.648096346642e-07
125.790000000 -9.647936005747e-07
125.800000000 -9.658290252578e-07
125.810000000 -9.633040243562e-07
125.820000000 -9.681828246059e-07
125.830000000 -9.596102315139e-07
125.840000000 -9.735841706629e-07
125.850000000 -9.515450159993e-07
125.860000000 -9.858691617915e-07
125.870000000 -9.305648437902e-07
125.880000000 -1.031479007098e-06
125.890000000 -7.147626273286e-07
125.900000000 -3.980462475588e-07
125.910000000 -4.989604108670e-07
125.920000000 -4.436560928656e-07
125.930000000 -4.779802386578e-07
125.940000000 -4.559410839943e-07
125.950000000 -4.699150231432e-07
125.960000000 -4.623938888239e-07
125.970000000 -4.647637222615e-07
125.980000000 -4.671335556991e-07
125.990000000 -4.596124213798e-07
126.000000000 -4.735863605287e-07
126.010000000 -4.515472058652e-07
126.020000000 -4.858713516574e-07
126.030000000 -4.295155748833e-07
126.040000000 -5.329387050037e-07
126.050000000 -2.113274908946e-07
126.060000000 9.683232987271e-08
126.070000000 8.856681030246e-09
126.080000000 4.464684526969e-08
126.090000000 3.976804501991e-08
126.100000000 1.507547477412e-08
126.110000000 8.804175978449e-08
126.120000000 -1.980628722297e-07
126.130000000 -5.539821980416e-07
126.140000000 -3.941872570576e-07
126.150000000 -5.539501298625e-07
126.160000000 -1.979987358717e-07
126.170000000 8.813796432155e-08
126.180000000 1.520374749020e-08
126.190000000 3.992838591501e-08
126.200000000 4.483925434381e-08
126.210000000 9.081158283389e-09
126.220000000 9.708887530487e-08
126.230000000 -2.110388772834e-07
126.240000000 -5.326180232135e-07
126.250000000 -4.291628249141e-07
126.260000000 -4.854865335091e-07
126.270000000 -4.521817783106e-07
126.280000000 -4.716798979830e-07
126.290000000 -4.625687249943e-07
126.300000000 -4.625526909048e-07
126.310000000 -4.716317957144e-07
126.320000000 -4.510501490903e-07
126.330000000 -4.868318029220e-07
126.340000000 -4.266326505814e-07
126.350000000 -5.361033728921e-07
126.360000000 -2.053970198838e-07
126.370000000 8.929623931189e-08
126.380000000 2.272225588541e-08
126.390000000 2.378974874759e-08
126.400000000 8.683537476827e-08
126.410000000 -2.004220150970e-07
126.420000000 -5.445476932680e-07
126.430000000 -4.124983705374e-07
126.440000000 -5.086785485115e-07
126.450000000 -4.154500672723e-07
126.460000000 -5.281370763231e-07
126.470000000 -3.579125876856e-07
126.480000000 -7.840836556766e-07
126.490000000 -7.791727872478e-07
126.500000000 -3.640351768924e-07
126.510000000 -5.191861653398e-07
126.520000000 -4.295416674567e-07
126.530000000 -4.858889338230e-07
126.540000000 -4.498598059210e-07
126.550000000 -4.723903040724e-07
126.560000000 -4.599743354138e-07
126.570000000 -4.648531356636e-07
126.580000000 -4.661715103285e-07
126.590000000 -4.586503760092e-07
126.600000000 -4.726243151581e-07
126.610000000 -4.505851604945e-07
126.620000000 -4.849093062868e-07
126.630000000 -4.296049882854e-07
126.640000000 -5.305191515936e-07
126.650000000 -2.138027718238e-07
126.660000000 1.029136079460e-07
126.670000000 1.999444637766e-09
126.680000000 5.730376263913e-08
126.690000000 2.297961684690e-08
126.700000000 4.607023028316e-08
126.710000000 2.958732432209e-08
126.720000000 4.305475175337e-08
126.730000000 2.961939250111e-08
126.740000000 4.613436664120e-08
126.750000000 2.307582138396e-08
126.760000000 5.743203535522e-08
126.770000000 2.159785532869e-09
126.780000000 1.031060170201e-07
126.790000000 -2.135782945707e-07
126.800000000 -5.302626061615e-07
126.810000000 -4.293163746742e-07
126.820000000 -4.845886244966e-07
126.830000000 -4.502324105253e-07
126.840000000 -4.722394970099e-07
126.850000000 -4.582334896819e-07
126.860000000 -4.667740145949e-07
126.870000000 -4.618631461661e-07
126.880000000 -4.643560788887e-07
126.890000000 -4.632885860266e-07
126.900000000 -4.632725519371e-07
126.910000000 -4.632565178475e-07
126.920000000 -4.632404837580e-07
126.930000000 -4.632244496685e-07
126.940000000 -4.632084155790e-07
126.950000000 -4.631923814895e-07
126.960000000 -4.631763474000e-07
126.970000000 -4.631603133105e-07
126.980000000 -4.631442792210e-07
126.990000000 -4.631282451315e-07
127.000000000 -4.631122110419e-07
127.010000000 -4.630961769524e-07
127.020000000 -4.630801428629e-07
127.030000000 -4.630641087734e-07
127.040000000 -4.630480746839e-07
127.050000000 -4.630320405944e-07
127.060000000 -4.630160065049e-07
127.070000000 -4.629999724154e-07
127.080000000 -4.640353970985e-07
127.090000000 -4.615103961969e-07
127.100000000 -4.663891964467e-07
127.110000000 -4.578166033547e-07
127.120000000 -4.717905425036e-07
127.130000000 -4.497513878400e-07
127.140000000 -4.840755336322e-07
127.150000000 -4.287712156309e-07
127.160000000 -5.296853789391e-07
127.170000000 -2.129689991693e-07
127.180000000 1.037473806005e-07
127.190000000 2.833217292298e-09
127.200000000 5.813753529367e-08
127.210000000 2.381338950143e-08
127.220000000 4.585254416502e-08
127.230000000 3.187860501609e-08
127.240000000 4.045119810808e-08
127.250000000 3.557239785831e-08
127.260000000 3.809739875996e-08
127.270000000 3.706197407680e-08
127.280000000 3.707800816631e-08
127.290000000 3.709404225582e-08
127.300000000 3.711007634533e-08
127.310000000 3.712611043484e-08
127.320000000 3.609068575167e-08
127.330000000 3.861568665333e-08
127.340000000 3.373688640355e-08
127.350000000 4.230947949555e-08
127.360000000 2.833554034662e-08
127.370000000 5.037469501021e-08
127.380000000 1.710200799065e-08
127.390000000 6.989735917987e-08
127.400000000 -2.612196978907e-08
127.410000000 2.820378509783e-07
127.420000000 6.127442039865e-07
127.430000000 4.898069201042e-07
127.440000000 5.794514179873e-07
127.450000000 4.898389882832e-07
127.460000000 6.128083403445e-07
127.470000000 2.821340555153e-07
127.480000000 -2.599369707299e-08
127.490000000 7.005770007497e-08
127.500000000 1.729441706477e-08
127.510000000 5.059917226335e-08
127.520000000 2.964354455146e-08
127.530000000 4.114058506726e-08
127.540000000 3.749489449357e-08
127.550000000 3.384920391989e-08
127.560000000 4.534624443569e-08
127.570000000 2.439061672380e-08
127.580000000 5.874683069505e-08
127.590000000 3.474580872708e-09
127.600000000 1.044208123600e-07
127.610000000 -2.122634992308e-07
127.620000000 -5.289478108216e-07
127.630000000 -4.280015793344e-07
127.640000000 -4.832738291567e-07
127.650000000 -4.478661564128e-07
127.660000000 -4.723822097095e-07
127.670000000 -4.534813680423e-07
127.680000000 -4.705784519577e-07
127.690000000 -4.516776102905e-07
127.700000000 -4.761936635872e-07
127.710000000 -4.407859908433e-07
127.720000000 -4.960582406656e-07
127.730000000 -3.951120091784e-07
127.740000000 -7.117963207692e-07
127.750000000 -1.028480632360e-06
127.760000000 -9.275344008727e-07
127.770000000 -9.828066506951e-07
127.780000000 -9.484504367238e-07
127.790000000 -9.704575232084e-07
127.800000000 -9.564515158804e-07
127.810000000 -9.649920407934e-07
127.820000000 -9.600811723646e-07
127.830000000 -9.625741050872e-07
127.840000000 -9.615066122251e-07
127.850000000 -9.614905781355e-07
127.860000000 -9.604230852734e-07
127.870000000 -9.629160179960e-07
127.880000000 -9.580051495672e-07
127.890000000 -9.665456744802e-07
127.900000000 -9.525396671522e-07
127.910000000 -9.745467536368e-07
127.920000000 -9.401905396655e-07
127.930000000 -9.954627894879e-07
127.940000000 -8.945165580006e-07
127.950000000 -1.212252328364e-06
127.960000000 -1.526427673143e-06
127.970000000 -1.430376275995e-06
127.980000000 -1.477091966815e-06
127.990000000 -1.456725726082e-06
128.000000000 -1.456709691992e-06
128.010000000 -1.477043864546e-06
128.020000000 -1.430296105547e-06
128.030000000 -1.526315434516e-06
128.040000000 -1.212108021559e-06
128.050000000 -8.943401830160e-07
128.060000000 -9.952543463243e-07
128.070000000 -9.399500283229e-07
128.080000000 -9.742741741151e-07
128.090000000 -9.522350194515e-07
128.100000000 -9.662089586005e-07
128.110000000 -9.576363655085e-07
128.120000000 -9.625151657582e-07
128.130000000 -9.599901648566e-07
128.140000000 -9.610255895398e-07
128.150000000 -9.610095554502e-07
128.160000000 -9.609935213607e-07
128.170000000 -9.609774872712e-07
128.180000000 -9.609614531817e-07
128.190000000 -9.609454190922e-07
128.200000000 -9.609293850027e-07
128.210000000 -9.609133509132e-07
128.220000000 -9.608973168237e-07
128.230000000 -9.608812827342e-07
128.240000000 -9.619167074173e-07
128.250000000 -9.593917065157e-07
128.260000000 -9.642705067654e-07
128.270000000 -9.556979136735e-07
128.280000000 -9.696718528224e-07
128.290000000 -9.476326981588e-07
128.300000000 -9.819568439510e-07
128.310000000 -9.266525259497e-07
128.320000000 -1.027566689258e-06
128.330000000 -7.108503094881e-07
128.340000000 -3.941339297183e-07
128.350000000 -4.950480930265e-07
128.360000000 -4.397437750251e-07
128.370000000 -4.740679208174e-07
128.380000000 -4.520287661538e-07
128.390000000 -4.660027053027e-07
128.400000000 -4.574301122107e-07
128.410000000 -4.623089124605e-07
128.420000000 -4.597839115588e-07
128.430000000 -4.608193362420e-07
128.440000000 -4.608033021525e-07
128.450000000 -4.607872680630e-07
128.460000000 -4.607712339735e-07
128.470000000 -4.607551998839e-07
128.480000000 -4.607391657944e-07
128.490000000 -4.607231317049e-07
128.500000000 -4.607070976154e-07
128.510000000 -4.606910635259e-07
128.520000000 -4.606750294364e-07
128.530000000 -4.606589953469e-07
128.540000000 -4.606429612574e-07
128.550000000 -4.606269271679e-07
128.560000000 -4.606108930784e-07
128.570000000 -4.605948589888e-07
128.580000000 -4.605788248993e-07
128.590000000 -4.605627908098e-07
128.600000000 -4.605467567203e-07
128.610000000 -4.605307226308e-07
128.620000000 -4.605146885413e-07
128.630000000 -4.604986544518e-07
128.640000000 -4.604826203623e-07
128.650000000 -4.604665862728e-07
128.660000000 -4.604505521832e-07
128.670000000 -4.604345180937e-07
128.680000000 -4.604184840042e-07
128.690000000 -4.604024499147e-07
128.700000000 -4.603864158252e-07
128.710000000 -4.603703817357e-07
128.720000000 -4.593028888735e-07
128.730000000 -4.617958215962e-07
128.740000000 -4.568849531674e-07
128.750000000 -4.654254780803e-07
128.760000000 -4.514194707524e-07
128.770000000 -4.734265572369e-07
128.780000000 -4.390703432657e-07
128.790000000 -4.943425930880e-07
128.800000000 -3.933963616008e-07
128.810000000 -7.100806731916e-07
128.820000000 -1.026764984782e-06
128.830000000 -9.258187532951e-07
128.840000000 -9.810910031175e-07
128.850000000 -9.467347891462e-07
128.860000000 -9.687418756308e-07
128.870000000 -9.547358683028e-07
128.880000000 -9.643278519885e-07
128.890000000 -9.569080167475e-07
128.900000000 -9.642957838095e-07
128.910000000 -9.546717319448e-07
128.920000000 -9.686456710937e-07
128.930000000 -9.466065164301e-07
128.940000000 -9.809306622224e-07
128.950000000 -9.256263442210e-07
128.960000000 -1.026540507529e-06
128.970000000 -7.098241277594e-07
128.980000000 -3.931077479896e-07
128.990000000 -4.950733700705e-07
129.000000000 -4.372600852570e-07
129.010000000 -4.764790653885e-07
129.020000000 -4.458833517224e-07
129.030000000 -4.738472641098e-07
129.040000000 -4.432515504437e-07
129.050000000 -4.824705305753e-07
129.060000000 -4.246572457617e-07
129.070000000 -5.276743266153e-07
129.080000000 -2.084489800334e-07
129.090000000 1.033725653972e-07
129.100000000 1.101496109142e-08
129.110000000 5.232930585435e-08
129.120000000 4.002828063619e-08
129.130000000 2.772725541803e-08
129.140000000 6.904160018096e-08
129.150000000 -2.331600412478e-08
129.160000000 2.885055413057e-07
129.170000000 6.087823466604e-07
129.180000000 5.043077577673e-07
129.190000000 5.645069101080e-07
129.200000000 5.216262053133e-07
129.210000000 5.576553332153e-07
129.220000000 5.216582734923e-07
129.230000000 5.645710464660e-07
129.240000000 5.044039623044e-07
129.250000000 6.078591606038e-07
129.260000000 2.901233902403e-07
129.270000000 -2.656092135047e-08
129.280000000 7.438531013677e-08
129.290000000 1.911306031443e-08
129.300000000 5.346927428568e-08
129.310000000 3.146218780112e-08
129.320000000 4.546819512906e-08
129.330000000 3.692767021609e-08
129.340000000 4.183853864489e-08
129.350000000 3.934560592225e-08
129.360000000 4.041309878444e-08
129.370000000 4.148059164662e-08
129.380000000 3.898765892398e-08
129.390000000 4.389852735278e-08
129.400000000 3.535800243981e-08
129.410000000 4.936400976776e-08
129.420000000 2.735692328319e-08
129.430000000 6.171313725445e-08
129.440000000 6.440887432100e-09
129.450000000 1.073871189193e-07
129.460000000 -2.092971926714e-07
129.470000000 -5.259815042622e-07
129.480000000 -4.250352727750e-07
129.490000000 -4.803075225973e-07
129.500000000 -4.459513086261e-07
129.510000000 -4.679583951106e-07
129.520000000 -4.539523877827e-07
129.530000000 -4.624929126957e-07
129.540000000 -4.575820442669e-07
129.550000000 -4.590235182168e-07
129.560000000 -4.604649921668e-07
129.570000000 -4.555541237380e-07
129.580000000 -4.640946486510e-07
129.590000000 -4.500886413230e-07
129.600000000 -4.720957278076e-07
129.610000000 -4.377395138363e-07
129.620000000 -4.930117636587e-07
129.630000000 -3.920655321714e-07
129.640000000 -7.087498437622e-07
129.650000000 -1.025434155353e-06
129.660000000 -9.244879238658e-07
129.670000000 -9.797601736881e-07
129.680000000 -9.454039597169e-07
129.690000000 -9.674110462014e-07
129.700000000 -9.534050388735e-07
129.710000000 -9.619455637865e-07
129.720000000 -9.570346953577e-07
129.730000000 -9.595276280803e-07
129.740000000 -9.584601352181e-07
129.750000000 -9.584441011286e-07
129.760000000 -9.584280670391e-07
129.770000000 -9.584120329496e-07
129.780000000 -9.583959988601e-07
129.790000000 -9.583799647706e-07
129.800000000 -9.583639306811e-07
129.810000000 -9.583478965915e-07
129.820000000 -9.583318625020e-07
129.830000000 -9.583158284125e-07
129.840000000 -9.582997943230e-07
129.850000000 -9.582837602335e-07
129.860000000 -9.582677261440e-07
129.870000000 -9.582516920545e-07
129.880000000 -9.582356579650e-07
129.890000000 -9.582196238755e-07
129.900000000 -9.582035897860e-07
129.910000000 -9.581875556964e-07
129.920000000 -9.581715216069e-07
129.930000000 -9.581554875174e-07
129.940000000 -9.581394534279e-07
129.950000000 -9.591748781111e-07
129.960000000 -9.566498772094e-07
129.970000000 -9.615286774592e-07
129.980000000 -9.529560843672e-07
129.990000000 -9.669300235161e-07
130.000000000 -9.459423276252e-07
130.010000000 -9.777575066053e-07
130.020000000 -9.273480229432e-07
130.030000000 -1.019705627249e-06
130.040000000 -7.169792207176e-07
130.050000000 -3.782397203737e-07
130.060000000 -5.134940635637e-07
130.070000000 -4.029014616504e-07
130.080000000 -5.381558048404e-07
130.090000000 -1.994163044965e-07
130.100000000 1.043615608075e-07
130.110000000 9.494989689628e-09
130.120000000 6.479930769100e-08
130.130000000 2.442756970843e-08
130.140000000 5.940523883777e-08
130.150000000 2.340817911477e-08
130.160000000 6.632095208851e-08
130.170000000 6.153867926874e-09
130.180000000 1.096090662263e-07
130.190000000 -2.081267041372e-07
130.200000000 -5.248110157280e-07
130.210000000 -4.228133254681e-07
130.220000000 -4.805945421026e-07
130.230000000 -4.413434937920e-07
130.240000000 -4.719071392791e-07
130.250000000 -4.439111587127e-07
130.260000000 -4.744748041997e-07
130.270000000 -4.352237558892e-07
130.280000000 -4.930049725237e-07
130.290000000 -3.910072822638e-07
130.300000000 -7.076915938546e-07
130.310000000 -1.024375905445e-06
130.320000000 -9.234296739581e-07
130.330000000 -9.787019237805e-07
130.340000000 -9.443457098092e-07
130.350000000 -9.663527962938e-07
130.360000000 -9.523467889658e-07
130.370000000 -9.608873138788e-07
130.380000000 -9.559764454500e-07
130.390000000 -9.584693781726e-07
130.400000000 -9.574018853104e-07
130.410000000 -9.573858512209e-07
130.420000000 -9.573698171314e-07
130.430000000 -9.573537830419e-07
130.440000000 -9.573377489524e-07
130.450000000 -9.573217148629e-07
130.460000000 -9.573056807734e-07
130.470000000 -9.572896466839e-07
130.480000000 -9.572736125944e-07
130.490000000 -9.572575785048e-07
130.500000000 -9.572415444153e-07
130.510000000 -9.582769690985e-07
130.520000000 -9.557519681968e-07
130.530000000 -9.606307684466e-07
130.540000000 -9.520581753546e-07
130.550000000 -9.660321145036e-07
130.560000000 -9.439929598400e-07
130.570000000 -9.793685644049e-07
130.580000000 -9.215552795914e-07
130.590000000 -1.027364277239e-06
130.600000000 -7.020913384666e-07
130.610000000 -3.993649319352e-07
130.620000000 -4.782559746694e-07
130.630000000 -4.572918365497e-07
130.640000000 -4.363276984301e-07
130.650000000 -5.152187411643e-07
130.660000000 -2.124923346329e-07
130.670000000 1.127806041394e-07
130.680000000 8.023065264571e-09
130.690000000 6.332738326594e-08
130.700000000 3.284661304032e-08
130.710000000 4.632920870142e-08
130.720000000 4.634524279093e-08
130.730000000 3.289471530885e-08
130.740000000 6.235609494081e-08
130.750000000 9.592811930616e-09
130.760000000 1.094875846452e-07
130.770000000 -2.071967269456e-07
130.780000000 -5.238810385364e-07
130.790000000 -4.229348070492e-07
130.800000000 -4.782070568715e-07
130.810000000 -4.438508429002e-07
130.820000000 -4.658579293848e-07
130.830000000 -4.518519220569e-07
130.840000000 -4.603924469698e-07
130.850000000 -4.554815785410e-07
130.860000000 -4.579745112637e-07
130.870000000 -4.569070184015e-07
130.880000000 -4.568909843120e-07
130.890000000 -4.568749502225e-07
130.900000000 -4.568589161330e-07
130.910000000 -4.568428820434e-07
130.920000000 -4.568268479539e-07
130.930000000 -4.568108138644e-07
130.940000000 -4.567947797749e-07
130.950000000 -4.567787456854e-07
130.960000000 -4.567627115959e-07
130.970000000 -4.567466775064e-07
130.980000000 -4.567306434169e-07
130.990000000 -4.567146093274e-07
131.000000000 -4.566985752379e-07
131.010000000 -4.566825411483e-07
131.020000000 -4.566665070588e-07
131.030000000 -4.566504729693e-07
131.040000000 -4.566344388798e-07
131.050000000 -4.566184047903e-07
131.060000000 -4.566023707008e-07
131.070000000 -4.565863366113e-07
131.080000000 -4.565703025218e-07
131.090000000 -4.565542684323e-07
131.100000000 -4.565382343428e-07
131.110000000 -4.565222002532e-07
131.120000000 -4.565061661637e-07
131.130000000 -4.564901320742e-07
131.140000000 -4.564740979847e-07
131.150000000 -4.564580638952e-07
131.160000000 -4.564420298057e-07
131.170000000 -4.564259957162e-07
131.180000000 -4.564099616267e-07
131.190000000 -4.563939275372e-07
131.200000000 -4.563778934477e-07
131.210000000 -4.563618593581e-07
131.220000000 -4.563458252686e-07
131.230000000 -4.563297911791e-07
131.240000000 -4.563137570896e-07
131.250000000 -4.562977230001e-07
131.260000000 -4.562816889106e-07
131.270000000 -4.562656548211e-07
131.280000000 -4.562496207316e-07
131.290000000 -4.562335866421e-07
131.300000000 -4.562175525525e-07
131.310000000 -4.562015184630e-07
131.320000000 -4.561854843735e-07
131.330000000 -4.561694502840e-07
131.340000000 -4.561534161945e-07
131.350000000 -4.561373821050e-07
131.360000000 -4.561213480155e-07
131.370000000 -4.561053139260e-07
131.380000000 -4.560892798365e-07
131.390000000 -4.560732457470e-07
131.400000000 -4.560572116574e-07
131.410000000 -4.560411775679e-07
131.420000000 -4.560251434784e-07
131.430000000 -4.560091093889e-07
131.440000000 -4.570445340721e-07
131.450000000 -4.545195331704e-07
131.460000000 -4.593983334202e-07
131.470000000 -4.508257403282e-07
131.480000000 -4.647996794771e-07
131.490000000 -4.427605248135e-07
131.500000000 -4.770846706058e-07
131.510000000 -4.217803526044e-07
131.520000000 -5.226945159126e-07
131.530000000 -2.059781361428e-07
131.540000000 1.107382436270e-07
131.550000000 9.824080318759e-09
131.560000000 6.512839832013e-08
131.570000000 3.080425252789e-08
131.580000000 5.284340719148e-08
131.590000000 3.886946804255e-08
131.600000000 4.744206113454e-08
131.610000000 4.256326088477e-08
131.620000000 4.403680301375e-08
131.630000000 4.551034514273e-08
131.640000000 4.063154489295e-08
131.650000000 4.920413798495e-08
131.660000000 3.523019883602e-08
131.670000000 5.726935349961e-08
131.680000000 2.294520770737e-08
131.690000000 7.824952570874e-08
131.700000000 -2.266463759949e-08
131.710000000 2.940517421703e-07
131.720000000 6.107681219401e-07
131.730000000 5.098539586319e-07
131.740000000 5.641068178606e-07
131.750000000 5.322916388805e-07
131.760000000 5.494359592048e-07
131.770000000 5.440185790584e-07
131.780000000 5.386011989119e-07
131.790000000 5.557455192362e-07
131.800000000 5.239303402561e-07
131.810000000 5.781831994848e-07
131.820000000 4.772690361766e-07
131.830000000 7.939854159464e-07
131.840000000 1.110701795716e-06
131.850000000 1.010839091181e-06
131.860000000 1.063634442370e-06
131.870000000 1.034205130917e-06
131.880000000 1.047687726578e-06
131.890000000 1.047703760668e-06
131.900000000 1.035304691958e-06
131.910000000 1.062257104778e-06
131.920000000 1.014388656107e-06
131.930000000 1.105726869819e-06
131.940000000 8.040839902395e-07
131.950000000 4.628675912625e-07
131.960000000 6.030488369707e-07
131.970000000 4.839317442341e-07
131.980000000 6.332081288415e-07
131.990000000 2.724775761025e-07
132.000000000 4.123417631927e-09
132.010000000 4.122480620483e-08
132.020000000 9.177758811951e-08
132.030000000 -1.930755104017e-07
132.040000000 -5.307314837939e-07
132.050000000 -4.157952790682e-07
132.060000000 -4.796240878930e-07
132.070000000 -4.403730395825e-07
132.080000000 -4.638376341065e-07
132.090000000 -4.512891348180e-07
132.100000000 -4.549348253917e-07
132.110000000 -4.585805159654e-07
132.120000000 -4.470834754496e-07
132.130000000 -4.680391031615e-07
132.140000000 -4.336828891903e-07
132.150000000 -4.889551390126e-07
132.160000000 -3.880089075254e-07
132.170000000 -7.046932191161e-07
132.180000000 -1.021377530707e-06
132.190000000 -9.204312992197e-07
132.200000000 -9.757035490420e-07
132.210000000 -9.402958762981e-07
132.220000000 -9.648119295948e-07
132.230000000 -9.459110879276e-07
132.240000000 -9.619567130704e-07
132.250000000 -9.455648382153e-07
132.260000000 -9.651860571727e-07
132.270000000 -9.383349434313e-07
132.280000000 -9.796172200152e-07
132.290000000 -9.017455678747e-07
132.300000000 -1.181580732772e-06
132.310000000 -1.558448162614e-06
132.320000000 -1.348015174726e-06
132.330000000 -1.733977743467e-06
132.340000000 -1.994298754602e-06
132.350000000 -1.949715823571e-06
132.360000000 -1.935709816243e-06
132.370000000 -2.010840358672e-06
132.380000000 -1.710200806364e-06
132.390000000 -1.384512386980e-06
132.400000000 -1.488036816179e-06
132.410000000 -1.436394222841e-06
132.420000000 -1.459237362207e-06
132.430000000 -1.458169869344e-06
132.440000000 -1.437803628612e-06
132.450000000 -1.484519319431e-06
132.460000000 -1.389519381056e-06
132.470000000 -1.701185759023e-06
132.480000000 -2.023816363725e-06
132.490000000 -1.914313573236e-06
132.500000000 -1.983575796296e-06
132.510000000 -1.927196461751e-06
132.520000000 -1.983543728117e-06
132.530000000 -1.914249436878e-06
132.540000000 -2.023720159188e-06
132.550000000 -1.702108945079e-06
132.560000000 -1.387901532122e-06
132.570000000 -1.487764236657e-06
132.580000000 -1.432459918656e-06
132.590000000 -1.466784064448e-06
132.600000000 -1.444744909784e-06
132.610000000 -1.458718848933e-06
132.620000000 -1.450146255841e-06
132.630000000 -1.456076514864e-06
132.640000000 -1.451042547150e-06
132.650000000 -1.456972806172e-06
132.660000000 -1.449451671853e-06
132.670000000 -1.460916644190e-06
132.680000000 -1.443772323866e-06
132.690000000 -1.469539910655e-06
132.700000000 -1.428225565892e-06
132.710000000 -1.507116608627e-06
132.720000000 -1.224740408738e-06
132.730000000 -8.527357450568e-07
132.740000000 -1.054580105763e-06
132.750000000 -6.825754420811e-07
132.760000000 -4.001992421930e-07
132.770000000 -4.790902849272e-07
132.780000000 -4.377759401643e-07
132.790000000 -4.635435269540e-07
132.800000000 -4.463992066297e-07
132.810000000 -4.578641789665e-07
132.820000000 -4.503430446472e-07
132.830000000 -4.552218448970e-07
132.840000000 -4.526968439953e-07
132.850000000 -4.537322686785e-07
132.860000000 -4.537162345890e-07
132.870000000 -4.537002004994e-07
132.880000000 -4.536841664099e-07
132.890000000 -4.536681323204e-07
132.900000000 -4.536520982309e-07
132.910000000 -4.536360641414e-07
132.920000000 -4.546714888246e-07
132.930000000 -4.521464879229e-07
132.940000000 -4.570252881727e-07
132.950000000 -4.484526950807e-07
132.960000000 -4.634780930023e-07
132.970000000 -4.389299715266e-07
132.980000000 -4.781489516581e-07
132.990000000 -4.142880746542e-07
133.000000000 -5.291922112009e-07
133.010000000 -1.904527108570e-07
133.020000000 9.192348903106e-08
133.030000000 4.629760963469e-08
133.040000000 6.717302383243e-10
133.050000000 2.830479301264e-07
133.060000000 6.217874304703e-07
133.070000000 5.068832939236e-07
133.080000000 5.707441709275e-07
133.090000000 5.315251907959e-07
133.100000000 5.571247710444e-07
133.110000000 5.395904063106e-07
133.120000000 5.530578337419e-07
133.130000000 5.396224744896e-07
133.140000000 5.561374486297e-07
133.150000000 5.330789033725e-07
133.160000000 5.674351173437e-07
133.170000000 5.121628675214e-07
133.180000000 6.131090990086e-07
133.190000000 2.964247874178e-07
133.200000000 -2.025952417295e-08
133.210000000 8.068670731429e-08
133.220000000 2.541445749195e-08
133.230000000 5.977067146320e-08
133.240000000 3.881504375131e-08
133.250000000 5.031208426711e-08
133.260000000 4.666639369343e-08
133.270000000 4.302070311974e-08
133.280000000 5.451774363554e-08
133.290000000 3.356211592365e-08
133.300000000 6.791832989491e-08
133.310000000 1.369753884523e-08
133.320000000 1.121348035203e-07
133.330000000 -1.996546737312e-07
133.340000000 -5.248955443244e-07
133.350000000 -4.099593395988e-07
133.360000000 -4.862032512225e-07
133.370000000 -4.200158241817e-07
133.380000000 -4.924163602388e-07
133.390000000 -3.860367145156e-07
133.400000000 -6.972876118704e-07
133.410000000 -1.031100209696e-06
133.420000000 -8.983227651392e-07
133.430000000 -1.007831840101e-06
133.440000000 -8.725454287317e-07
133.450000000 -1.211252860897e-06
133.460000000 -1.513947199249e-06
133.470000000 -1.421557526764e-06
133.480000000 -1.471934942247e-06
133.490000000 -1.440087695088e-06
133.500000000 -1.461043322800e-06
133.510000000 -1.447037315472e-06
133.520000000 -1.455577840385e-06
133.530000000 -1.450666971956e-06
133.540000000 -1.453159904679e-06
133.550000000 -1.452092411817e-06
133.560000000 -1.453127836500e-06
133.570000000 -1.450602835598e-06
133.580000000 -1.455481635848e-06
133.590000000 -1.446909042756e-06
133.600000000 -1.461934440678e-06
133.610000000 -1.437386319202e-06
133.620000000 -1.476605299333e-06
133.630000000 -1.413795881102e-06
133.640000000 -1.526191050837e-06
133.650000000 -1.192346384832e-06
133.660000000 -9.014136259416e-07
133.670000000 -9.620809373490e-07
133.680000000 -9.821232705865e-07
133.690000000 -7.414910517316e-07
133.700000000 -3.340118741341e-07
133.710000000 -5.723927403194e-07
133.720000000 -1.558184238228e-07
133.730000000 6.635110004287e-08
133.740000000 7.708852110233e-08
133.750000000 -3.397223987772e-08
133.760000000 3.493341574081e-07
133.770000000 3.794169921981e-07
133.780000000 -6.919267697860e-08
133.790000000 1.239922841928e-07
133.800000000 -1.829816353267e-08
133.810000000 1.300393287963e-07
133.820000000 -2.065812491449e-07
133.830000000 -5.275541081467e-07
133.840000000 -3.962519925157e-07
133.850000000 -5.279223523496e-07
133.860000000 -2.072612979348e-07
133.870000000 1.322906975192e-07
133.880000000 -3.843540371352e-08
133.890000000 2.992290800864e-07
133.900000000 6.277984249872e-07
133.910000000 4.674913386172e-07
133.920000000 7.922173079514e-07
133.930000000 1.138438350754e-06
133.940000000 9.537222762826e-07
133.950000000 1.314245933538e-06
133.960000000 1.605178692429e-06
133.970000000 1.518883848543e-06
133.980000000 1.567601994457e-06
133.990000000 1.532226389892e-06
134.000000000 1.563360683455e-06
134.010000000 1.529872590544e-06
134.020000000 1.571733904745e-06
134.030000000 1.511566820584e-06
134.040000000 1.616073477656e-06
134.050000000 1.295828740480e-06
134.060000000 9.840392632287e-07
134.070000000 1.076428935713e-06
134.080000000 1.036198117902e-06
134.090000000 1.046022244487e-06
134.100000000 1.063250172224e-06
134.110000000 1.013411336637e-06
134.120000000 1.119790982361e-06
134.130000000 7.859783845349e-07
134.140000000 5.011252860137e-07
134.150000000 5.478346923618e-07
134.160000000 5.934926399372e-07
134.170000000 3.111485082281e-07
134.180000000 -2.755892393672e-08
134.190000000 8.737728078896e-08
134.200000000 2.354847196413e-08
134.210000000 6.279952027468e-08
134.220000000 3.828346697796e-08
134.230000000 5.334093307859e-08
134.240000000 4.480040816561e-08
134.250000000 4.971127659441e-08
134.260000000 4.826980264445e-08
134.270000000 4.682832869449e-08
134.280000000 5.173919712328e-08
134.290000000 4.319867221031e-08
134.300000000 5.720467953826e-08
134.310000000 3.519759305369e-08
134.320000000 6.955380702495e-08
134.330000000 1.428155720260e-08
134.340000000 1.152277886898e-07
134.350000000 -2.014565229009e-07
134.360000000 -5.181408344917e-07
134.370000000 -4.171946030045e-07
134.380000000 -4.724668528268e-07
134.390000000 -4.381106388556e-07
134.400000000 -4.601177253401e-07
134.410000000 -4.461117180122e-07
134.420000000 -4.546522429252e-07
134.430000000 -4.497413744964e-07
134.440000000 -4.522343072190e-07
134.450000000 -4.511668143568e-07
134.460000000 -4.511507802673e-07
134.470000000 -4.521862049505e-07
134.480000000 -4.496612040488e-07
134.490000000 -4.545400042986e-07
134.500000000 -4.459674112066e-07
134.510000000 -4.599413503555e-07
134.520000000 -4.389536544646e-07
134.530000000 -4.697173746720e-07
134.540000000 -4.218168578221e-07
134.550000000 -5.092796277886e-07
134.560000000 -2.151097802597e-07
134.570000000 1.376196933227e-07
134.580000000 -1.965777044139e-08
134.590000000 1.263264701263e-07
134.600000000 -6.672512378772e-08
134.610000000 3.778394082932e-07
134.620000000 3.563603689145e-07
134.630000000 -4.121657464529e-08
134.640000000 9.299482017973e-08
134.650000000 3.272643693973e-08
134.660000000 4.424703522681e-08
134.670000000 9.205188666676e-08
134.680000000 -1.752508130312e-07
134.690000000 -5.491937954493e-07
134.700000000 -3.570418516477e-07
134.710000000 -7.057397930832e-07
134.720000000 -1.030839743505e-06
134.730000000 -8.681147214290e-07
134.740000000 -1.200313722814e-06
134.750000000 -1.532512724199e-06
134.760000000 -1.369787702123e-06
134.770000000 -1.694887652545e-06
134.780000000 -2.042534135208e-06
134.790000000 -1.852891158218e-06
134.800000000 -2.221939306297e-06
134.810000000 -2.497798564997e-06
134.820000000 -2.437055199092e-06
134.830000000 -2.443997295794e-06
134.840000000 -2.477329300304e-06
134.850000000 -2.384954796049e-06
134.860000000 -2.704148074452e-06
134.870000000 -3.007365824471e-06
134.880000000 -2.933355971714e-06
134.890000000 -2.940743738776e-06
134.900000000 -2.998761163200e-06
134.910000000 -2.715548910430e-06
134.920000000 -2.367714271187e-06
134.930000000 -2.502968614377e-06
134.940000000 -2.401471151363e-06
134.950000000 -2.517211340791e-06
134.960000000 -2.211760561556e-06
134.970000000 -1.853745871113e-06
134.980000000 -2.047033672817e-06
134.990000000 -1.679923843474e-06
135.000000000 -1.395038676774e-06
135.010000000 -1.476032637054e-06
135.020000000 -1.432209325478e-06
135.030000000 -1.462871746607e-06
135.040000000 -1.437170867281e-06
135.050000000 -1.462625812856e-06
135.060000000 -1.433081557963e-06
135.070000000 -1.472300538094e-06
135.080000000 -1.414487253281e-06
135.090000000 -1.516452875361e-06
135.100000000 -1.199736495592e-06
135.110000000 -8.830201158218e-07
135.120000000 -9.849857379027e-07
135.130000000 -9.271724530892e-07
135.140000000 -9.663914332207e-07
135.150000000 -9.357957195546e-07
135.160000000 -9.648110907147e-07
135.170000000 -9.317064102365e-07
135.180000000 -9.758202247073e-07
135.190000000 -9.094503808913e-07
135.200000000 -1.025405976211e-06
135.210000000 -6.866664758667e-07
135.220000000 -4.032388172060e-07
135.230000000 -4.513736634145e-07
135.240000000 -4.921047084716e-07
135.250000000 -2.182850675860e-07
135.260000000 1.344444059963e-07
135.270000000 -2.482851124408e-09
135.280000000 9.571820576119e-08
135.290000000 1.210941717807e-09
135.300000000 1.266892605913e-07
135.310000000 -2.050364830106e-07
135.320000000 -5.131642355989e-07
135.330000000 -4.171128384510e-07
135.340000000 -4.698761214612e-07
135.350000000 -4.365713662626e-07
135.360000000 -4.585784527472e-07
135.370000000 -4.445724454192e-07
135.380000000 -4.531129703322e-07
135.390000000 -4.482021019034e-07
135.400000000 -4.506950346260e-07
135.410000000 -4.496275417638e-07
135.420000000 -4.496115076743e-07
135.430000000 -4.495954735848e-07
135.440000000 -4.495794394953e-07
135.450000000 -4.495634054058e-07
135.460000000 -4.495473713163e-07
135.470000000 -4.495313372268e-07
135.480000000 -4.495153031373e-07
135.490000000 -4.494992690478e-07
135.500000000 -4.505346937309e-07
135.510000000 -4.480096928293e-07
135.520000000 -4.528884930790e-07
135.530000000 -4.443158999871e-07
135.540000000 -4.582898391360e-07
135.550000000 -4.362506844724e-07
135.560000000 -4.705748302646e-07
135.570000000 -4.152705122633e-07
135.580000000 -5.161846755715e-07
135.590000000 -1.994682958017e-07
135.600000000 1.172480839681e-07
135.610000000 1.633392065991e-08
135.620000000 7.163823866128e-08
135.630000000 3.731409286905e-08
135.640000000 5.830178875995e-08
135.650000000 4.683681642318e-08
135.660000000 5.051457517588e-08
135.670000000 5.419233392859e-08
135.680000000 4.272736159181e-08
135.690000000 6.371505748272e-08
135.700000000 3.044237046316e-08
135.710000000 8.323772165238e-08
135.720000000 -1.278160731656e-08
135.730000000 2.953782134508e-07
135.740000000 6.271360252317e-07
135.750000000 5.016897745372e-07
135.760000000 5.962291067596e-07
135.770000000 4.970086592804e-07
135.780000000 6.364769513923e-07
135.790000000 2.788847116497e-07
135.800000000 1.365369794563e-08
135.810000000 4.042683794329e-08
135.820000000 1.106168729049e-07
135.830000000 -2.071188974586e-07
135.840000000 -4.905380457116e-07
135.850000000 -4.765320383836e-07
135.860000000 -2.236605015282e-07
135.870000000 1.322908924627e-07
135.880000000 6.844641768245e-09
135.890000000 7.719039178072e-08
135.900000000 3.430968698601e-08
135.910000000 6.124367598888e-08
135.920000000 4.476077002781e-08
135.930000000 5.438482189247e-08
135.940000000 4.845456287002e-08
135.950000000 5.348853058383e-08
135.960000000 4.755827156137e-08
135.970000000 5.613086465337e-08
135.980000000 4.215692550444e-08
135.990000000 6.419608016803e-08
136.000000000 2.987193437579e-08
136.010000000 8.517625237716e-08
136.020000000 -1.468645215839e-08
136.030000000 2.995209607993e-07
136.040000000 6.211321749084e-07
136.050000000 5.116614525977e-07
136.060000000 5.809557438375e-07
136.070000000 5.235570186985e-07
136.080000000 5.824453200560e-07
136.090000000 5.082882626559e-07
136.100000000 6.252961533754e-07
136.110000000 2.922360010191e-07
136.120000000 -4.811057524798e-09
136.130000000 6.824863553783e-08
136.140000000 5.678366320106e-08
136.150000000 7.337966009364e-09
136.160000000 2.772990630985e-07
136.170000000 6.467947599680e-07
136.180000000 4.633117951730e-07
136.190000000 7.983660130824e-07
136.200000000 1.145002536496e-06
136.210000000 9.501559276751e-07
136.220000000 1.331445272185e-06
136.230000000 1.587026013515e-06
136.240000000 1.571081687450e-06
136.250000000 1.351429640804e-06
136.260000000 9.220422860732e-07
136.270000000 1.189377154313e-06
136.280000000 7.296636066710e-07
136.290000000 5.875859856591e-07
136.300000000 2.945204669801e-07
136.310000000 3.142044992328e-08
136.320000000 -1.445600701521e-07
136.330000000 -5.581930392757e-07
136.340000000 -3.721906072594e-07
136.350000000 -5.208359208000e-07
136.360000000 -3.526747286148e-07
136.370000000 -7.244708071684e-07
136.380000000 -9.868786725271e-07
136.390000000 -9.522862507663e-07
136.400000000 -9.006820100790e-07
136.410000000 -1.186586567373e-06
136.420000000 -1.521733573953e-06
136.430000000 -1.411692203566e-06
136.440000000 -1.466964453389e-06
136.450000000 -1.441703378317e-06
136.460000000 -1.444196311039e-06
136.470000000 -1.463479024820e-06
136.480000000 -1.416731265822e-06
136.490000000 -1.512750594791e-06
136.500000000 -1.198543181833e-06
136.510000000 -8.818268020630e-07
136.520000000 -9.802319985591e-07
136.530000000 -9.298225148970e-07
136.540000000 -9.566415604595e-07
136.550000000 -9.460834122222e-07
136.560000000 -9.429290651363e-07
136.570000000 -9.601400929236e-07
136.580000000 -9.237205824999e-07
136.590000000 -1.000102658422e-06
136.600000000 -7.187779173066e-07
136.610000000 -3.467732536249e-07
136.620000000 -5.486176143308e-07
136.630000000 -1.766129506492e-07
136.640000000 1.068147080116e-07
136.650000000 2.541469846527e-08
136.660000000 7.162387756749e-08
136.670000000 3.729973177526e-08
136.680000000 6.738256656531e-08
136.690000000 3.640344046661e-08
136.700000000 7.336992032838e-08
136.710000000 2.175939516923e-08
136.720000000 1.112246202302e-07
136.730000000 -1.844880295592e-07
136.740000000 -5.355125210317e-07
136.750000000 -3.792780056326e-07
136.760000000 -5.354804528527e-07
136.770000000 -1.844238932012e-07
136.780000000 1.102693659946e-07
136.790000000 2.334517592479e-08
136.800000000 7.009293492367e-08
136.810000000 4.066362347072e-08
136.820000000 6.019381132216e-08
136.830000000 4.832278971859e-08
136.840000000 5.438641599843e-08
136.850000000 5.440245008794e-08
136.860000000 4.837089198712e-08
136.870000000 6.237689931506e-08
136.880000000 3.786084601835e-08
136.890000000 7.711189432889e-08
136.900000000 1.328308550407e-08
136.910000000 1.282192902297e-07
136.920000000 -2.094366831624e-07
136.930000000 -4.942897816836e-07
136.940000000 -4.437369997690e-07
136.950000000 -4.066356111961e-07
136.960000000 -6.739383108940e-07
136.970000000 -1.037177830445e-06
136.980000000 -8.830066114984e-07
136.990000000 -1.009628804465e-06
137.000000000 -8.579665523303e-07
137.010000000 -1.216311237542e-06
137.020000000 -1.492170496243e-06
137.030000000 -1.441079134431e-06
137.040000000 -1.412549473091e-06
137.050000000 -1.663062391730e-06
137.060000000 -2.056006649034e-06
137.070000000 -1.840140246911e-06
137.080000000 -2.220669401416e-06
137.090000000 -2.497067240013e-06
137.100000000 -2.423162062724e-06
137.110000000 -2.458498046196e-06
137.120000000 -2.440203491457e-06
137.130000000 -2.445834737176e-06
137.140000000 -2.451465982895e-06
137.150000000 -2.432119969383e-06
137.160000000 -2.471016378440e-06
137.170000000 -2.389707400000e-06
137.180000000 -2.679556631939e-06
137.190000000 -3.037539254203e-06
137.200000000 -2.857685945892e-06
137.210000000 -3.196369820286e-06
137.220000000 -3.531493269094e-06
137.230000000 -3.356534795123e-06
137.240000000 -3.707012317157e-06
137.250000000 -4.009394014295e-06
137.260000000 -3.908447782808e-06
137.270000000 -3.978022647083e-06
137.280000000 -3.910924681441e-06
137.290000000 -4.004435043598e-06
137.300000000 -3.715472671622e-06
137.310000000 -3.342416549168e-06
137.320000000 -3.554407507546e-06
137.330000000 -3.160379723290e-06
137.340000000 -2.916187078850e-06
137.350000000 -2.932284737443e-06
137.360000000 -3.003381596504e-06
137.370000000 -2.695320551379e-06
137.380000000 -2.387259506253e-06
137.390000000 -2.459407824087e-06
137.400000000 -2.472996515867e-06
137.410000000 -2.234750164540e-06
137.420000000 -1.830708313242e-06
137.430000000 -2.059075112385e-06
137.440000000 -1.661385603466e-06
137.450000000 -1.409687858797e-06
137.460000000 -1.444771624046e-06
137.470000000 -1.483415814879e-06
137.480000000 -1.226823235870e-06
137.490000000 -8.376902859537e-07
137.500000000 -1.051015653086e-06
137.510000000 -6.715058891744e-07
137.520000000 -3.940245236256e-07
137.530000000 -4.704065995476e-07
137.540000000 -4.301437135574e-07
137.550000000 -4.559113003471e-07
137.560000000 -4.387669800228e-07
137.570000000 -4.502319523596e-07
137.580000000 -4.427108180403e-07
137.590000000 -4.475896182901e-07
137.600000000 -4.450646173884e-07
137.610000000 -4.471515008443e-07
137.620000000 -4.446264999426e-07
137.630000000 -4.505567589651e-07
137.640000000 -4.394751990609e-07
137.650000000 -4.593954313218e-07
137.660000000 -4.262907508436e-07
137.670000000 -4.805511629862e-07
137.680000000 -3.921581985962e-07
137.690000000 -5.462973493638e-07
137.700000000 -1.426615473330e-07
137.710000000 2.228551510680e-08
137.720000000 3.202779363041e-07
137.730000000 5.484556637038e-07
137.740000000 8.002313821171e-07
137.750000000 1.068796881589e-06
137.760000000 1.275487925062e-06
137.770000000 1.614227425406e-06
137.780000000 1.573956986502e-06
137.790000000 1.326135451449e-06
137.800000000 9.846200391689e-07
137.810000000 1.070871733363e-06
137.820000000 1.085112408161e-06
137.830000000 8.299106297292e-07
137.840000000 4.619822503852e-07
137.850000000 6.147794394845e-07
137.860000000 4.820576208780e-07
137.870000000 7.847840274094e-07
137.880000000 1.162836283281e-06
137.890000000 9.277032014663e-07
137.900000000 1.368462710631e-06
137.910000000 1.521514826352e-06
137.920000000 1.809594479586e-06
137.930000000 2.072625265743e-06
137.940000000 2.254071268234e-06
137.950000000 2.657194191388e-06
137.960000000 2.488435721198e-06
137.970000000 2.607608439885e-06
137.980000000 2.499111202603e-06
137.990000000 2.633146080479e-06
138.000000000 2.296525502538e-06
138.010000000 1.990906716762e-06
138.020000000 2.085906655137e-06
138.030000000 2.034194830900e-06
138.040000000 2.064990619286e-06
138.050000000 2.047878367141e-06
138.060000000 2.054379274239e-06
138.070000000 2.057319755752e-06
138.080000000 2.045102337946e-06
138.090000000 2.068393026103e-06
138.100000000 2.028162208292e-06
138.110000000 2.106033860432e-06
138.120000000 1.826198695535e-06
138.130000000 1.449331265693e-06
138.140000000 1.659764253581e-06
138.150000000 1.273801684840e-06
138.160000000 1.014532132477e-06
138.170000000 1.056606096697e-06
138.180000000 1.075506938364e-06
138.190000000 9.928712957051e-07
138.200000000 1.303940395666e-06
138.210000000 1.616060954400e-06
138.220000000 1.530916344929e-06
138.230000000 1.555763479709e-06
138.240000000 1.586771918113e-06
138.250000000 1.347438632101e-06
138.260000000 9.283874169716e-07
138.270000000 1.193096851091e-06
138.280000000 7.289039497214e-07
138.290000000 6.007150028696e-07
138.300000000 2.819646389533e-07
138.310000000 6.217684139239e-08
138.320000000 -1.851687900569e-07
138.330000000 -4.720879409036e-07
138.340000000 -6.440841652410e-07
138.350000000 -1.031574206411e-06
138.360000000 -1.042334015814e-06
138.370000000 -1.846301842211e-06
138.380000000 -1.865004032663e-06
138.390000000 -2.235904367495e-06
138.400000000 -2.435542033133e-06
138.410000000 -2.674776775939e-06
138.420000000 -3.010046881804e-06
138.430000000 -2.944796806723e-06
138.440000000 -2.753407803026e-06
138.450000000 -2.311802311120e-06
138.460000000 -2.576263539018e-06
138.470000000 -2.135992455866e-06
138.480000000 -1.941993186278e-06
138.490000000 -1.880719017394e-06
138.500000000 -2.211393302223e-06
138.510000000 -2.456774412862e-06
138.520000000 -2.646843681818e-06
138.530000000 -3.044287256985e-06
138.540000000 -2.879472624812e-06
138.550000000 -2.994951550657e-06
138.560000000 -2.891317079535e-06
138.570000000 -3.018967546854e-06
138.580000000 -2.691922918508e-06
138.590000000 -2.372282091315e-06
138.600000000 -2.489273082085e-06
138.610000000 -2.402137551014e-06
138.620000000 -2.491749980718e-06
138.630000000 -2.366271661845e-06
138.640000000 -2.702892239786e-06
138.650000000 -3.001005925332e-06
138.660000000 -2.922381827723e-06
138.670000000 -2.946951298683e-06
138.680000000 -2.959366430715e-06
138.690000000 -2.906986560137e-06
138.700000000 -3.025112617092e-06
138.710000000 -2.665425012718e-06
138.720000000 -2.438837323988e-06
138.730000000 -2.246669934528e-06
138.740000000 -1.697078678012e-06
138.750000000 -1.135087486927e-06
138.760000000 -9.569100707049e-07
138.770000000 -7.121426369670e-07
138.780000000 -3.771871946996e-07
138.790000000 -4.565239077935e-07
138.800000000 -4.781562797003e-07
138.810000000 -2.157163461627e-07
138.820000000 1.431838188950e-07
138.830000000 2.819235474437e-09
138.840000000 1.014263416268e-07
138.850000000 8.376585622921e-09
138.860000000 1.279086113844e-07
138.870000000 -1.927516064028e-07
138.880000000 -5.197641665689e-07
138.890000000 -3.941845486170e-07
138.900000000 -4.927690179353e-07
138.910000000 -3.870476925900e-07
138.920000000 -5.357685973516e-07
138.930000000 -1.648153924426e-07
138.940000000 6.694631831320e-08
138.950000000 2.483923208035e-07
138.960000000 6.817328605874e-07
138.970000000 4.326098055339e-07
138.980000000 8.486607103637e-07
138.990000000 1.082706757132e-06
139.000000000 1.067660557312e-06
139.010000000 1.003149870338e-06
139.020000000 1.296591596040e-06
139.030000000 1.629384803272e-06
139.040000000 1.518041092311e-06
139.050000000 1.578341543730e-06
139.060000000 1.544017397937e-06
139.070000000 1.560008960411e-06
139.080000000 1.558973535727e-06
139.090000000 1.546574467018e-06
139.100000000 1.573526879838e-06
139.110000000 1.525658431167e-06
139.120000000 1.616996644879e-06
139.130000000 1.314302306527e-06
139.140000000 9.755948743618e-07
139.150000000 1.110881285731e-06
139.160000000 9.992692932239e-07
139.170000000 1.137064671405e-06
139.180000000 7.934624049009e-07
139.190000000 4.982731667783e-07
139.200000000 5.791818328368e-07
139.210000000 5.448812448158e-07
139.220000000 5.534538379078e-07
139.230000000 5.689016865301e-07
139.240000000 5.136086348095e-07
139.250000000 7.709293356445e-07
139.260000000 1.175798247352e-06
139.270000000 9.270906729097e-07
139.280000000 1.372862378814e-06
139.290000000 1.526114569255e-06
139.300000000 1.809643759431e-06
139.310000000 2.094322951585e-06
139.320000000 2.097248264868e-06
139.330000000 1.806347574157e-06
139.340000000 1.529257583861e-06
139.350000000 1.380640456622e-06
139.360000000 7.863299645672e-07
139.370000000 2.783331063601e-07
139.380000000 2.391174928233e-08
139.390000000 -9.285236468037e-08
139.400000000 -7.837110986701e-07
139.410000000 -9.597067869753e-07
139.420000000 -9.471374857886e-07
139.430000000 -9.346667278072e-07
139.440000000 -9.628445057671e-07
139.450000000 -9.121360088016e-07
139.460000000 -1.009074265913e-06
139.470000000 -6.949681520340e-07
139.480000000 -3.758659047371e-07
139.490000000 -4.782375760848e-07
139.500000000 -4.218817993107e-07
139.510000000 -4.562059451030e-07
139.520000000 -4.341667904394e-07
139.530000000 -4.470892708156e-07
139.540000000 -4.410256445358e-07
139.550000000 -4.399581516736e-07
139.560000000 -4.484986765866e-07
139.570000000 -4.306492936920e-07
139.580000000 -4.601614804064e-07
139.590000000 -4.143242600088e-07
139.600000000 -4.867247960660e-07
139.610000000 -3.599949436995e-07
139.620000000 -7.179775659637e-07
139.630000000 -9.557548007308e-07
139.640000000 -1.137168735042e-06
139.650000000 -1.564429614457e-06
139.660000000 -1.328213005690e-06
139.670000000 -1.722208721767e-06
139.680000000 -1.990562880237e-06
139.690000000 -1.919144869554e-06
139.700000000 -1.958041278611e-06
139.710000000 -1.929855756115e-06
139.720000000 -1.954473108490e-06
139.730000000 -1.928986094736e-06
139.740000000 -1.958498281450e-06
139.750000000 -1.919247233139e-06
139.760000000 -1.977028449774e-06
139.770000000 -1.875030759514e-06
139.780000000 -2.191715071105e-06
139.790000000 -2.508399382696e-06
139.800000000 -2.407453151208e-06
139.810000000 -2.462725401031e-06
139.820000000 -2.428369187059e-06
139.830000000 -2.450376273544e-06
139.840000000 -2.436370266216e-06
139.850000000 -2.445962249902e-06
139.860000000 -2.438542414661e-06
139.870000000 -2.445930181723e-06
139.880000000 -2.436306129858e-06
139.890000000 -2.450280069007e-06
139.900000000 -2.427189455571e-06
139.910000000 -2.464022568175e-06
139.920000000 -2.403823415834e-06
139.930000000 -2.513294138145e-06
139.940000000 -2.182587785137e-06
139.950000000 -1.887894525941e-06
139.960000000 -1.955519968140e-06
139.970000000 -1.952994967239e-06
139.980000000 -1.892335208745e-06
139.990000000 -2.176982332720e-06
140.000000000 -2.524032458315e-06
140.010000000 -2.389896281360e-06
140.020000000 -2.487327992827e-06
140.030000000 -2.392036215136e-06
140.040000000 -2.519785458096e-06
140.050000000 -2.182120974296e-06
140.060000000 -1.897579946441e-06
140.070000000 -1.812169307009e-06
140.080000000 -1.070684980547e-06
140.090000000 -9.891177166817e-07
140.100000000 -6.960201298237e-07
140.110000000 -3.723456192623e-07
140.120000000 -4.770202828757e-07
140.130000000 -4.185776518779e-07
140.140000000 -4.568777038667e-07
140.150000000 -4.297193165004e-07
140.160000000 -4.509739575158e-07
140.170000000 -4.323872973818e-07
140.180000000 -4.523075296427e-07
140.190000000 -4.288108669396e-07
140.200000000 -4.616775046924e-07
140.210000000 -4.123194798030e-07
140.220000000 -5.021681172966e-07
140.230000000 -2.043365451045e-07
140.240000000 1.429595142419e-07
140.250000000 -7.336260959223e-09
140.260000000 1.277884283402e-07
140.270000000 -4.670092907078e-08
140.280000000 3.558834141874e-07
140.290000000 5.436896500827e-07
140.300000000 7.900555120313e-07
140.310000000 1.121773702719e-06
140.320000000 1.046825577065e-06
140.330000000 1.017276525131e-06
140.340000000 1.294219310783e-06
140.350000000 1.627525396891e-06
140.360000000 1.530801005352e-06
140.370000000 1.560321702474e-06
140.380000000 1.581285840594e-06
140.390000000 1.493838238857e-06
140.400000000 1.815449452966e-06
140.410000000 2.107633745350e-06
140.420000000 2.055049735162e-06
140.430000000 2.026995056487e-06
140.440000000 2.140879802440e-06
140.450000000 1.768907206937e-06
140.460000000 1.572451840615e-06
140.470000000 1.312474968325e-06
140.480000000 1.031642901541e-06
140.490000000 8.612944930443e-07
140.500000000 4.522573449565e-07
140.510000000 6.246083089107e-07
140.520000000 5.019072328179e-07
140.530000000 6.153313726180e-07
140.540000000 4.727720039186e-07
140.550000000 8.234146232772e-07
140.560000000 1.107042356658e-06
140.570000000 1.045363207571e-06
140.580000000 1.045379241661e-06
140.590000000 1.108141917700e-06
140.600000000 8.220372856853e-07
140.610000000 4.763215688450e-07
140.620000000 6.103564467209e-07
140.630000000 5.109543483383e-07
140.640000000 6.116643720360e-07
140.650000000 4.736856561426e-07
140.660000000 8.274665884976e-07
140.670000000 1.098777262571e-06
140.680000000 1.062941051853e-06
140.690000000 1.007301105415e-06
140.700000000 1.302209770502e-06
140.710000000 1.624872443384e-06
140.720000000 1.533242960904e-06
140.730000000 1.560700361574e-06
140.740000000 1.592883358036e-06
140.750000000 1.346552320140e-06
140.760000000 9.434614651638e-07
140.770000000 1.177169107118e-06
140.780000000 7.649496597150e-07
140.790000000 5.529560458271e-07
140.800000000 3.673523397468e-07
140.810000000 -7.649824600583e-08
140.820000000 1.994919568786e-07
140.830000000 -2.669203293448e-07
140.840000000 -4.025130773481e-07
140.850000000 -7.030836962568e-07
140.860000000 -9.562927455567e-07
140.870000000 -1.146263238871e-06
140.880000000 -1.539207496175e-06
140.890000000 -1.383883519377e-06
140.900000000 -1.482673963241e-06
140.910000000 -1.407409821118e-06
140.920000000 -1.474822613299e-06
140.930000000 -1.399582028948e-06
140.940000000 -1.511561718070e-06
140.950000000 -1.188899045189e-06
140.960000000 -8.736401734583e-07
140.970000000 -9.760118448060e-07
140.980000000 -9.158126924654e-07
140.990000000 -9.576419384874e-07
141.000000000 -9.241217773975e-07
141.010000000 -9.552240027812e-07
141.020000000 -9.208677888100e-07
141.030000000 -9.670448997332e-07
141.040000000 -8.856128220079e-07
141.050000000 -1.169008412490e-06
141.060000000 -1.542032466765e-06
141.070000000 -1.337647071068e-06
141.080000000 -1.715565959682e-06
141.090000000 -1.986844565577e-06
141.100000000 -1.926806262241e-06
141.110000000 -1.938560318021e-06
141.120000000 -1.957530390588e-06
141.130000000 -1.904735039399e-06
141.140000000 -2.015056982821e-06
141.150000000 -1.672052492837e-06
141.160000000 -1.417867349125e-06
141.170000000 -1.255007140909e-06
141.180000000 -8.033880804759e-07
141.190000000 -1.075976097398e-06
141.200000000 -6.115977953209e-07
141.210000000 -6.105303024587e-07
141.220000000 -1.077385503169e-06
141.230000000 -7.998705837286e-07
141.240000000 -1.258962676213e-06
141.250000000 -1.410309809823e-06
141.260000000 -1.681591171591e-06
141.270000000 -1.997728513744e-06
141.280000000 -1.931181779628e-06
141.290000000 -1.900143151475e-06
141.300000000 -2.172057735531e-06
141.310000000 -2.518270267926e-06
141.320000000 -2.398439228861e-06
141.330000000 -2.464777004498e-06
141.340000000 -2.425525956187e-06
141.350000000 -2.447533042672e-06
141.360000000 -2.437370410910e-06
141.370000000 -2.437354376821e-06
141.380000000 -2.446433481630e-06
141.390000000 -2.426903293779e-06
141.400000000 -2.461227439571e-06
141.410000000 -2.403414154758e-06
141.420000000 -2.510274611178e-06
141.430000000 -2.183544164366e-06
141.440000000 -1.883203625362e-06
141.450000000 -1.959484402206e-06
141.460000000 -1.942496170282e-06
141.470000000 -1.915884752354e-06
141.480000000 -2.003431129733e-06
141.490000000 -1.685190033407e-06
141.500000000 -1.397525860785e-06
141.510000000 -1.299881769458e-06
141.520000000 -5.877196892537e-07
141.530000000 -4.529670590219e-07
141.540000000 -2.607996695616e-07
141.550000000 3.795751866802e-07
141.560000000 5.916008687471e-07
141.570000000 5.501647611197e-07
141.580000000 5.656954850034e-07
141.590000000 5.598481012424e-07
141.600000000 5.594638229500e-07
141.610000000 5.645990897422e-07
141.620000000 5.537588281507e-07
141.630000000 5.717392013563e-07
141.640000000 5.399475801475e-07
141.650000000 6.055021729804e-07
141.660000000 3.441061453014e-07
141.670000000 -7.350836368710e-08
141.680000000 3.430867547078e-07
141.690000000 6.070238173779e-07
141.700000000 5.355549996121e-07
141.710000000 5.773927560419e-07
141.720000000 5.430686102496e-07
141.730000000 5.785743264848e-07
141.740000000 5.351550417934e-07
141.750000000 5.965069519851e-07
141.760000000 4.917494131103e-07
141.770000000 8.109747596923e-07
141.780000000 1.126639680689e-06
141.790000000 1.025725517381e-06
141.800000000 1.081029835383e-06
141.810000000 1.046705689590e-06
141.820000000 1.068744844254e-06
141.830000000 1.055822363878e-06
141.840000000 1.061885990157e-06
141.850000000 1.061902024247e-06
141.860000000 1.055870466146e-06
141.870000000 1.069876473474e-06
141.880000000 1.045360420177e-06
141.890000000 1.084611468488e-06
141.900000000 1.020782659663e-06
141.910000000 1.135718864389e-06
141.920000000 7.970114322239e-07
141.930000000 5.157187592876e-07
141.940000000 5.588677400508e-07
141.950000000 6.094205219655e-07
141.960000000 3.185198312540e-07
141.970000000 -6.197627672479e-09
141.980000000 8.671545647913e-08
141.990000000 5.722682753604e-08
142.000000000 4.118959193473e-08
142.010000000 1.176037360358e-07
142.020000000 -1.840391435439e-07
142.030000000 -5.092800141372e-07
142.040000000 -4.034389483107e-07
142.050000000 -4.612201649452e-07
142.060000000 -4.258124922012e-07
142.070000000 -4.478195786858e-07
142.080000000 -4.338135713579e-07
142.090000000 -4.423540962708e-07
142.100000000 -4.374432278420e-07
142.110000000 -4.388847017920e-07
142.120000000 -4.403261757420e-07
142.130000000 -4.354153073132e-07
142.140000000 -4.439558322261e-07
142.150000000 -4.299498248982e-07
142.160000000 -4.519569113827e-07
142.170000000 -4.176006974115e-07
142.180000000 -4.728729472338e-07
142.190000000 -3.719267157466e-07
142.200000000 -6.896624861101e-07
142.210000000 -1.003837830889e-06
142.220000000 -9.077864337407e-07
142.230000000 -9.545021245606e-07
142.240000000 -9.341358838278e-07
142.250000000 -9.341198497383e-07
142.260000000 -9.544540222921e-07
142.270000000 -9.077062632932e-07
142.280000000 -1.003725592262e-06
142.290000000 -6.895181793045e-07
142.300000000 -3.717503407620e-07
142.310000000 -4.726645040702e-07
142.320000000 -4.173601860688e-07
142.330000000 -4.516843318611e-07
142.340000000 -4.296451771975e-07
142.350000000 -4.436191163464e-07
142.360000000 -4.350465232544e-07
142.370000000 -4.399253235042e-07
142.380000000 -4.374003226025e-07
142.390000000 -4.384357472857e-07
142.400000000 -4.394711719689e-07
142.410000000 -4.369461710672e-07
142.420000000 -4.418249713170e-07
142.430000000 -4.332523782250e-07
142.440000000 -4.461748586012e-07
142.450000000 -4.266446707498e-07
142.460000000 -4.560739822028e-07
142.470000000 -4.093262232039e-07
142.480000000 -4.962504132737e-07
142.490000000 -2.015571540779e-07
142.500000000 1.494994055736e-07
142.510000000 -6.703041646446e-09
142.520000000 1.495314737527e-07
142.530000000 -2.014930177199e-07
142.540000000 -4.961542087366e-07
142.550000000 -4.102494092605e-07
142.560000000 -4.544561332682e-07
142.570000000 -4.288381292028e-07
142.580000000 -4.422886566849e-07
142.590000000 -4.384292470288e-07
142.600000000 -4.335032103702e-07
142.610000000 -4.489425485847e-07
142.620000000 -4.181703179695e-07
142.630000000 -4.826413838507e-07
142.640000000 -2.237222548049e-07
142.650000000 1.988191567020e-07
142.660000000 -2.273519112890e-07
142.670000000 -4.747579657295e-07
142.680000000 -4.291235759254e-07
142.690000000 -4.305414921041e-07
142.700000000 -4.605687009438e-07
142.710000000 -3.816455900307e-07
142.720000000 -6.752447894839e-07
142.730000000 -1.019999813839e-06
142.740000000 -8.808700269035e-07
142.750000000 -9.939395274498e-07
142.760000000 -8.586531160808e-07
142.770000000 -1.194851581434e-06
142.780000000 -1.502440754125e-06
142.790000000 -1.401494522638e-06
142.800000000 -1.465861911359e-06
142.810000000 -1.413043002399e-06
142.820000000 -1.465829843180e-06
142.830000000 -1.401430386280e-06
142.840000000 -1.502344549588e-06
142.850000000 -1.194723308717e-06
142.860000000 -8.584927751857e-07
142.870000000 -9.937471183757e-07
142.880000000 -8.806455496503e-07
142.890000000 -1.020794727180e-06
142.900000000 -6.734986678332e-07
142.910000000 -3.847622345403e-07
142.920000000 -4.550967182720e-07
142.930000000 -4.390274144916e-07
142.940000000 -4.155543095599e-07
142.950000000 -4.954968110667e-07
142.960000000 -1.927704045353e-07
142.970000000 1.325025342370e-07
142.980000000 2.669353658948e-08
142.990000000 8.450682140299e-08
143.000000000 4.913121683809e-08
143.010000000 7.011891272899e-08
143.020000000 5.865394039222e-08
143.030000000 6.233169914492e-08
143.040000000 6.600945789763e-08
143.050000000 5.454448556085e-08
143.060000000 7.553218145176e-08
143.070000000 4.225949443220e-08
143.080000000 9.505484562142e-08
143.090000000 -9.644833475178e-10
143.100000000 3.082467961925e-07
143.110000000 6.364441823886e-07
143.120000000 5.184017328456e-07
143.130000000 5.994896717262e-07
143.140000000 5.238672152605e-07
143.150000000 6.248134467478e-07
143.160000000 3.284793418003e-07
143.170000000 -3.493669469985e-08
143.180000000 1.609934410732e-07
143.190000000 -2.059612208052e-07
143.200000000 -4.942516456262e-07
143.210000000 -4.067719757105e-07
143.220000000 -4.620442255329e-07
143.230000000 -4.142214499900e-07
143.240000000 -4.656738820171e-07
143.250000000 -3.988885575894e-07
143.260000000 -5.073078211274e-07
143.270000000 -1.856966070183e-07
143.280000000 1.285108059393e-07
143.290000000 2.864810140377e-08
143.300000000 8.500387817781e-08
143.310000000 4.817076557343e-08
143.320000000 7.510475457630e-08
143.330000000 5.257425642490e-08
143.340000000 7.513682275532e-08
143.350000000 4.823490193147e-08
143.360000000 8.510008271487e-08
143.370000000 2.877637411985e-08
143.380000000 1.297226056071e-07
143.390000000 -1.869617059837e-07
143.400000000 -5.036460175745e-07
143.410000000 -4.016483273146e-07
143.420000000 -4.594295439491e-07
143.430000000 -4.201784956385e-07
143.440000000 -4.507421411256e-07
143.450000000 -4.227461605592e-07
143.460000000 -4.533098060462e-07
143.470000000 -4.140587577357e-07
143.480000000 -4.718399743702e-07
143.490000000 -3.687908253376e-07
143.500000000 -6.879841037405e-07
143.510000000 -9.997735809920e-07
143.520000000 -9.073839085073e-07
143.530000000 -9.486661850912e-07
143.540000000 -9.363330916940e-07
143.550000000 -9.239999982968e-07
143.560000000 -9.652822748807e-07
143.570000000 -8.728926023960e-07
143.580000000 -1.184682079647e-06
143.590000000 -1.504926816823e-06
143.600000000 -1.400420159751e-06
143.610000000 -1.460587243913e-06
143.620000000 -1.417674470939e-06
143.630000000 -1.453671530662e-06
143.640000000 -1.417642402760e-06
143.650000000 -1.461574566327e-06
143.660000000 -1.398866447174e-06
143.670000000 -1.507184411634e-06
143.680000000 -1.180860014089e-06
143.690000000 -8.781336075578e-07
143.700000000 -9.570246502919e-07
143.710000000 -9.360605121723e-07
143.720000000 -9.150963740527e-07
143.730000000 -9.939874167868e-07
143.740000000 -6.912610102555e-07
143.750000000 -3.659880714832e-07
143.760000000 -4.717970691307e-07
143.770000000 -4.139837843172e-07
143.780000000 -4.493593888821e-07
143.790000000 -4.273202342185e-07
143.800000000 -4.412941733674e-07
143.810000000 -4.327215802754e-07
143.820000000 -4.376003805252e-07
143.830000000 -4.350753796236e-07
143.840000000 -4.361108043067e-07
143.850000000 -4.371462289899e-07
143.860000000 -4.346212280882e-07
143.870000000 -4.395000283380e-07
143.880000000 -4.298759764733e-07
143.890000000 -4.463588824344e-07
143.900000000 -4.194248934315e-07
143.910000000 -4.623055982263e-07
143.920000000 -3.930113069865e-07
143.930000000 -5.159485908687e-07
143.940000000 -1.648920312172e-07
143.950000000 9.548460586809e-08
143.960000000 9.800960676974e-08
143.970000000 -1.682812552485e-07
143.980000000 -5.107491877185e-07
143.990000000 -4.017698088956e-07
144.000000000 -4.490089113824e-07
144.010000000 -4.404363182904e-07
144.020000000 -4.120499552024e-07
144.030000000 -4.964651784600e-07
144.040000000 -1.893568164653e-07
144.050000000 1.322543976438e-07
144.060000000 2.883126752338e-08
144.070000000 8.518704429742e-08
144.080000000 5.086289850519e-08
144.090000000 7.290205316877e-08
144.100000000 5.892811401985e-08
144.110000000 6.750070711184e-08
144.120000000 6.262190686206e-08
144.130000000 6.514690776372e-08
144.140000000 6.411148308056e-08
144.150000000 6.412751717007e-08
144.160000000 6.414355125958e-08
144.170000000 6.415958534909e-08
144.180000000 6.417561943860e-08
144.190000000 6.419165352811e-08
144.200000000 6.420768761762e-08
144.210000000 6.422372170713e-08
144.220000000 6.423975579664e-08
144.230000000 6.425578988615e-08
144.240000000 6.427182397566e-08
144.250000000 6.428785806517e-08
144.260000000 6.535535092736e-08
144.270000000 6.286241820472e-08
144.280000000 6.777328663352e-08
144.290000000 5.923276172054e-08
144.300000000 7.323876904849e-08
144.310000000 5.123168256393e-08
144.320000000 8.558789653518e-08
144.330000000 3.031564671283e-08
144.340000000 1.312618782001e-07
144.350000000 -1.854224333907e-07
144.360000000 -5.021067449815e-07
144.370000000 -4.011605134943e-07
144.380000000 -4.564327633166e-07
144.390000000 -4.210250905727e-07
144.400000000 -4.455411438694e-07
144.410000000 -4.266403022022e-07
144.420000000 -4.437373861176e-07
144.430000000 -4.248365444504e-07
144.440000000 -4.493525977471e-07
144.450000000 -4.139449250032e-07
144.460000000 -4.692171748255e-07
144.470000000 -3.682709433383e-07
144.480000000 -6.849552549290e-07
144.490000000 -1.001639566520e-06
144.500000000 -9.006933350326e-07
144.510000000 -9.559655848549e-07
144.520000000 -9.216093708837e-07
144.530000000 -9.436164573683e-07
144.540000000 -9.306619088130e-07
144.550000000 -9.366934669138e-07
144.560000000 -9.366774328243e-07
144.570000000 -9.306138065445e-07
144.580000000 -9.435362869207e-07
144.590000000 -9.225485910298e-07
144.600000000 -9.543637700099e-07
144.610000000 -9.029028275751e-07
144.620000000 -9.977693986930e-07
144.630000000 -6.901481578224e-07
144.640000000 -3.599652164809e-07
144.650000000 -4.812295864325e-07
144.660000000 -3.926601050933e-07
144.670000000 -4.935742684016e-07
144.680000000 -2.101230519695e-07
144.690000000 1.935335519596e-07
144.700000000 -2.155243980265e-07
144.710000000 -4.818152600447e-07
144.720000000 -4.127002416270e-07
144.730000000 -4.470008296480e-07
144.740000000 -4.266345889152e-07
144.750000000 -4.400851163972e-07
144.760000000 -4.309739434086e-07
144.770000000 -4.370055015094e-07
144.780000000 -4.331460918533e-07
144.790000000 -4.356390245759e-07
144.800000000 -4.345715317137e-07
144.810000000 -4.345554976242e-07
144.820000000 -4.345394635347e-07
144.830000000 -4.345234294452e-07
144.840000000 -4.345073953557e-07
144.850000000 -4.344913612662e-07
144.860000000 -4.344753271767e-07
144.870000000 -4.344592930872e-07
144.880000000 -4.344432589977e-07
144.890000000 -4.344272249081e-07
144.900000000 -4.344111908186e-07
144.910000000 -4.343951567291e-07
144.920000000 -4.343791226396e-07
144.930000000 -4.343630885501e-07
144.940000000 -4.343470544606e-07
144.950000000 -4.343310203711e-07
144.960000000 -4.343149862816e-07
144.970000000 -4.342989521921e-07
144.980000000 -4.342829181026e-07
144.990000000 -4.342668840130e-07
145.000000000 -4.342508499235e-07
145.010000000 -4.342348158340e-07
145.020000000 -4.342187817445e-07
145.030000000 -4.342027476550e-07
145.040000000 -4.341867135655e-07
145.050000000 -4.341706794760e-07
145.060000000 -4.341546453865e-07
145.070000000 -4.341386112970e-07
145.080000000 -4.341225772075e-07
145.090000000 -4.341065431179e-07
145.100000000 -4.340905090284e-07
145.110000000 -4.340744749389e-07
145.120000000 -4.340584408494e-07
145.130000000 -4.340424067599e-07
145.140000000 -4.340263726704e-07
145.150000000 -4.340103385809e-07
145.160000000 -4.339943044914e-07
145.170000000 -4.339782704019e-07
145.180000000 -4.339622363123e-07
145.190000000 -4.339462022228e-07
145.200000000 -4.339301681333e-07
145.210000000 -4.339141340438e-07
145.220000000 -4.338980999543e-07
145.230000000 -4.338820658648e-07
145.240000000 -4.338660317753e-07
145.250000000 -4.338499976858e-07
145.260000000 -4.338339635963e-07
145.270000000 -4.338179295068e-07
145.280000000 -4.338018954172e-07
145.290000000 -4.337858613277e-07
145.300000000 -4.337698272382e-07
145.310000000 -4.337537931487e-07
145.320000000 -4.337377590592e-07
145.330000000 -4.337217249697e-07
145.340000000 -4.337056908802e-07
145.350000000 -4.336896567907e-07
145.360000000 -4.336736227012e-07
145.370000000 -4.336575886117e-07
145.380000000 -4.336415545221e-07
145.390000000 -4.336255204326e-07
145.400000000 -4.336094863431e-07
145.410000000 -4.335934522536e-07
145.420000000 -4.335774181641e-07
145.430000000 -4.335613840746e-07
145.440000000 -4.335453499851e-07
145.450000000 -4.324778571229e-07
145.460000000 -4.349707898455e-07
145.470000000 -4.300599214167e-07
145.480000000 -4.386004463297e-07
145.490000000 -4.256458977744e-07
145.500000000 -4.451440174469e-07
145.510000000 -4.156826378149e-07
145.520000000 -4.623983286348e-07
145.530000000 -3.754420703859e-07
145.540000000 -6.701032614027e-07
145.550000000 -1.021127752875e-06
145.560000000 -8.659446962488e-07
145.570000000 -1.019638176657e-06
145.580000000 -6.734764513444e-07
145.590000000 -3.702266331462e-07
145.600000000 -4.711407964544e-07
145.610000000 -4.023699168815e-07
145.620000000 -4.661394082162e-07
145.630000000 -3.913209364529e-07
145.640000000 -5.051736142269e-07
145.650000000 -1.799006754546e-07
145.660000000 1.319208699760e-07
145.670000000 3.351567347988e-08
145.680000000 8.776853270857e-08
145.690000000 5.449584568901e-08
145.700000000 7.402603354045e-08
145.710000000 6.494692873081e-08
145.720000000 6.496296282032e-08
145.730000000 7.407413580898e-08
145.740000000 5.457601613656e-08
145.750000000 8.788077133514e-08
145.760000000 3.260852151280e-08
145.770000000 1.335547530000e-07
145.780000000 -1.831295585907e-07
145.790000000 -4.998138701815e-07
145.800000000 -3.988676386943e-07
145.810000000 -4.541398885166e-07
145.820000000 -4.197836745454e-07
145.830000000 -4.417907610300e-07
145.840000000 -4.277847537020e-07
145.850000000 -4.363252786150e-07
145.860000000 -4.314144101862e-07
145.870000000 -4.339073429088e-07
145.880000000 -4.328398500466e-07
145.890000000 -4.328238159571e-07
145.900000000 -4.328077818676e-07
145.910000000 -4.327917477781e-07
145.920000000 -4.327757136886e-07
145.930000000 -4.327596795991e-07
145.940000000 -4.327436455096e-07
145.950000000 -4.327276114201e-07
145.960000000 -4.327115773306e-07
145.970000000 -4.326955432410e-07
145.980000000 -4.326795091515e-07
145.990000000 -4.326634750620e-07
146.000000000 -4.326474409725e-07
146.010000000 -4.326314068830e-07
146.020000000 -4.326153727935e-07
146.030000000 -4.325993387040e-07
146.040000000 -4.325833046145e-07
146.050000000 -4.325672705250e-07
146.060000000 -4.325512364354e-07
146.070000000 -4.325352023459e-07
146.080000000 -4.325191682564e-07
146.090000000 -4.325031341669e-07
146.100000000 -4.324871000774e-07
146.110000000 -4.324710659879e-07
146.120000000 -4.324550318984e-07
146.130000000 -4.324389978089e-07
146.140000000 -4.324229637194e-07
146.150000000 -4.324069296299e-07
146.160000000 -4.323908955403e-07
146.170000000 -4.323748614508e-07
146.180000000 -4.323588273613e-07
146.190000000 -4.323427932718e-07
146.200000000 -4.323267591823e-07
146.210000000 -4.323107250928e-07
146.220000000 -4.322946910033e-07
146.230000000 -4.322786569138e-07
146.240000000 -4.322626228243e-07
146.250000000 -4.322465887348e-07
146.260000000 -4.322305546452e-07
146.270000000 -4.322145205557e-07
146.280000000 -4.321984864662e-07
146.290000000 -4.321824523767e-07
146.300000000 -4.321664182872e-07
146.310000000 -4.321503841977e-07
146.320000000 -4.321343501082e-07
146.330000000 -4.321183160187e-07
146.340000000 -4.321022819292e-07
146.350000000 -4.320862478397e-07
146.360000000 -4.320702137501e-07
146.370000000 -4.320541796606e-07
146.380000000 -4.320381455711e-07
146.390000000 -4.320221114816e-07
146.400000000 -4.320060773921e-07
146.410000000 -4.319900433026e-07
146.420000000 -4.319740092131e-07
146.430000000 -4.319579751236e-07
146.440000000 -4.319419410341e-07
146.450000000 -4.319259069445e-07
146.460000000 -4.319098728550e-07
146.470000000 -4.318938387655e-07
146.480000000 -4.318778046760e-07
146.490000000 -4.318617705865e-07
146.500000000 -4.318457364970e-07
146.510000000 -4.318297024075e-07
146.520000000 -4.318136683180e-07
146.530000000 -4.317976342285e-07
146.540000000 -4.317816001390e-07
146.550000000 -4.317655660494e-07
146.560000000 -4.317495319599e-07
146.570000000 -4.317334978704e-07
146.580000000 -4.317174637809e-07
146.590000000 -4.317014296914e-07
146.600000000 -4.316853956019e-07
146.610000000 -4.316693615124e-07
146.620000000 -4.316533274229e-07
146.630000000 -4.316372933334e-07
146.640000000 -4.316212592439e-07
146.650000000 -4.316052251543e-07
146.660000000 -4.315891910648e-07
146.670000000 -4.315731569753e-07
146.680000000 -4.315571228858e-07
146.690000000 -4.315410887963e-07
146.700000000 -4.304735959341e-07
146.710000000 -4.329665286568e-07
146.720000000 -4.280556602280e-07
146.730000000 -4.365961851409e-07
146.740000000 -4.225901778130e-07
146.750000000 -4.445972642975e-07
146.760000000 -4.102410503263e-07
146.770000000 -4.655133001486e-07
146.780000000 -3.645670686614e-07
146.790000000 -6.812513802522e-07
146.800000000 -9.979356918430e-07
146.810000000 -8.969894603557e-07
146.820000000 -9.522617101781e-07
146.830000000 -9.179054962068e-07
146.840000000 -9.399125826914e-07
146.850000000 -9.259065753634e-07
146.860000000 -9.344471002764e-07
146.870000000 -9.295362318476e-07
146.880000000 -9.320291645703e-07
146.890000000 -9.320131304807e-07
146.900000000 -9.294881295791e-07
146.910000000 -9.343669298289e-07
146.920000000 -9.257943367369e-07
146.930000000 -9.387168171131e-07
146.940000000 -9.191866292617e-07
146.950000000 -9.486159407146e-07
146.960000000 -9.018681817157e-07
146.970000000 -9.887923717855e-07
146.980000000 -6.940991125898e-07
146.990000000 -3.430425529382e-07
147.000000000 -4.992450001583e-07
147.010000000 -3.430104847592e-07
147.020000000 -6.940349762318e-07
147.030000000 -9.886961672485e-07
147.040000000 -9.017399089997e-07
147.050000000 -9.484555998195e-07
147.060000000 -9.189942201876e-07
147.070000000 -9.384923398600e-07
147.080000000 -9.255377913047e-07
147.090000000 -9.351297749904e-07
147.100000000 -9.277099397494e-07
147.110000000 -9.350977068113e-07
147.120000000 -9.254736549467e-07
147.130000000 -9.394475940956e-07
147.140000000 -9.174084394320e-07
147.150000000 -9.517325852242e-07
147.160000000 -8.964282672229e-07
147.170000000 -9.973424305311e-07
147.180000000 -6.806260507613e-07
147.190000000 -3.639096709915e-07
147.200000000 -4.648238342997e-07
147.210000000 -4.095195162983e-07
147.220000000 -4.438436620906e-07
147.230000000 -4.218045074270e-07
147.240000000 -4.357784465759e-07
147.250000000 -4.272058534839e-07
147.260000000 -4.320846537337e-07
147.270000000 -4.306111116047e-07
147.280000000 -4.291375694757e-07
147.290000000 -4.340163697255e-07
147.300000000 -4.243923178608e-07
147.310000000 -4.408752238219e-07
147.320000000 -4.139412348190e-07
147.330000000 -4.568219396138e-07
147.340000000 -3.875276483740e-07
147.350000000 -5.104649322563e-07
147.360000000 -1.594083726047e-07
147.370000000 1.020197232533e-07
147.380000000 1.020357573428e-07
147.390000000 -1.593602703362e-07
147.400000000 -5.103847618087e-07
147.410000000 -3.884668685201e-07
147.420000000 -4.552201247687e-07
147.430000000 -4.172021861342e-07
147.440000000 -4.355475479556e-07
147.450000000 -4.330225470540e-07
147.460000000 -4.205914101655e-07
147.470000000 -4.500207216185e-07
147.480000000 -3.961739116566e-07
147.490000000 -4.985455830043e-07
147.500000000 -1.769343688952e-07
147.510000000 1.312254518722e-07
147.520000000 4.430126180237e-08
147.530000000 7.758245922966e-08
147.540000000 7.759849331917e-08
147.550000000 4.434936407090e-08
147.560000000 1.313056223197e-07
147.570000000 -1.768221302686e-07
147.580000000 -4.984012761987e-07
147.590000000 -3.938946191266e-07
147.600000000 -4.527272945338e-07
147.610000000 -4.134762462232e-07
147.620000000 -4.450913504830e-07
147.630000000 -4.145864031044e-07
147.640000000 -4.500448829308e-07
147.650000000 -4.022372756177e-07
147.660000000 -4.729570067180e-07
147.670000000 -3.514451626962e-07
147.680000000 -6.975748198294e-07
147.690000000 -9.675274065108e-07
147.700000000 -9.535213991829e-07
147.710000000 -7.141164238990e-07
147.720000000 -3.287196843657e-07
147.730000000 -5.069452521598e-07
147.740000000 -3.367207635223e-07
147.750000000 -6.963018139973e-07
147.760000000 -9.860681706748e-07
147.770000000 -9.026723380108e-07
147.780000000 -9.458276032458e-07
147.790000000 -9.212610579531e-07
147.800000000 -9.322026186231e-07
147.810000000 -9.332380433062e-07
147.820000000 -9.197554476451e-07
147.830000000 -9.491847590981e-07
147.840000000 -8.963894079089e-07
147.850000000 -9.962521124444e-07
147.860000000 -6.795357326746e-07
147.870000000 -3.628193529048e-07
147.880000000 -4.637335162130e-07
147.890000000 -4.084291982116e-07
147.900000000 -4.427533440039e-07
147.910000000 -4.207141893403e-07
147.920000000 -4.346881284892e-07
147.930000000 -4.261155353972e-07
147.940000000 -4.309943356470e-07
147.950000000 -4.284693347453e-07
147.960000000 -4.295047594285e-07
147.970000000 -4.294887253390e-07
147.980000000 -4.294726912495e-07
147.990000000 -4.294566571600e-07
148.000000000 -4.294406230705e-07
148.010000000 -4.294245889810e-07
148.020000000 -4.294085548914e-07
148.030000000 -4.293925208019e-07
148.040000000 -4.293764867124e-07
148.050000000 -4.293604526229e-07
148.060000000 -4.293444185334e-07
148.070000000 -4.293283844439e-07
148.080000000 -4.293123503544e-07
148.090000000 -4.292963162649e-07
148.100000000 -4.292802821754e-07
148.110000000 -4.292642480859e-07
148.120000000 -4.292482139963e-07
148.130000000 -4.292321799068e-07
148.140000000 -4.292161458173e-07
148.150000000 -4.292001117278e-07
148.160000000 -4.291840776383e-07
148.170000000 -4.291680435488e-07
148.180000000 -4.291520094593e-07
148.190000000 -4.291359753698e-07
148.200000000 -4.291199412803e-07
148.210000000 -4.291039071907e-07
148.220000000 -4.290878731012e-07
148.230000000 -4.290718390117e-07
148.240000000 -4.290558049222e-07
148.250000000 -4.290397708327e-07
148.260000000 -4.290237367432e-07
148.270000000 -4.290077026537e-07
148.280000000 -4.289916685642e-07
148.290000000 -4.289756344747e-07
148.300000000 -4.289596003852e-07
148.310000000 -4.289435662956e-07
148.320000000 -4.289275322061e-07
148.330000000 -4.289114981166e-07
148.340000000 -4.299469227998e-07
148.350000000 -4.274219218981e-07
148.360000000 -4.323007221479e-07
148.370000000 -4.237281290559e-07
148.380000000 -4.377020682048e-07
148.390000000 -4.156629135413e-07
148.400000000 -4.499870593335e-07
148.410000000 -3.946827413321e-07
148.420000000 -4.955969046403e-07
148.430000000 -1.788805248705e-07
148.440000000 1.378358548993e-07
148.450000000 3.692169159105e-08
148.460000000 9.222600959242e-08
148.470000000 5.790186380018e-08
148.480000000 7.994101846377e-08
148.490000000 6.596707931484e-08
148.500000000 7.453967240683e-08
148.510000000 6.966087215706e-08
148.520000000 7.218587305871e-08
148.530000000 7.220190714822e-08
148.540000000 6.970897442559e-08
148.550000000 7.461984285438e-08
148.560000000 6.607931794141e-08
148.570000000 8.008532526936e-08
148.580000000 5.807823878479e-08
148.590000000 9.243445275605e-08
148.600000000 3.716220293370e-08
148.610000000 1.381084344209e-07
148.620000000 -1.785758771698e-07
148.630000000 -4.952601887606e-07
148.640000000 -3.943139572734e-07
148.650000000 -4.506376658684e-07
148.660000000 -4.137724850850e-07
148.670000000 -4.406744059089e-07
148.680000000 -4.181118395784e-07
148.690000000 -4.406423377298e-07
148.700000000 -4.137083487270e-07
148.710000000 -4.505414613314e-07
148.720000000 -3.941856845573e-07
148.730000000 -4.950998478655e-07
148.740000000 -1.783834680957e-07
148.750000000 1.383329116741e-07
148.760000000 3.741874836587e-08
148.770000000 9.272306636723e-08
148.780000000 5.839892057500e-08
148.790000000 8.043807523858e-08
148.800000000 6.646413608966e-08
148.810000000 7.608818795433e-08
148.820000000 6.870042089240e-08
148.830000000 7.612025613335e-08
148.840000000 6.652827244770e-08
148.850000000 8.053427977564e-08
148.860000000 5.852719329108e-08
148.870000000 9.288340726234e-08
148.880000000 3.761115743999e-08
148.890000000 1.385573889272e-07
148.900000000 -1.781269226636e-07
148.910000000 -4.948112342543e-07
148.920000000 -3.938650027671e-07
148.930000000 -4.491372525895e-07
148.940000000 -4.147810386182e-07
148.950000000 -4.367881251028e-07
148.960000000 -4.227821177748e-07
148.970000000 -4.313226426878e-07
148.980000000 -4.264117742590e-07
148.990000000 -4.289047069816e-07
149.000000000 -4.278372141194e-07
149.010000000 -4.278211800299e-07
149.020000000 -4.278051459404e-07
149.030000000 -4.277891118509e-07
149.040000000 -4.277730777614e-07
149.050000000 -4.267055848992e-07
149.060000000 -4.291985176219e-07
149.070000000 -4.242876491931e-07
149.080000000 -4.328281741060e-07
149.090000000 -4.188221667781e-07
149.100000000 -4.408292532626e-07
149.110000000 -4.064730392914e-07
149.120000000 -4.617452891137e-07
149.130000000 -3.607990576265e-07
149.140000000 -6.774833692173e-07
149.150000000 -9.941676808081e-07
149.160000000 -8.932214493208e-07
149.170000000 -9.484936991432e-07
149.180000000 -9.141374851719e-07
149.190000000 -9.361445716565e-07
149.200000000 -9.221385643285e-07
149.210000000 -9.306790892415e-07
149.220000000 -9.257682208127e-07
149.230000000 -9.282611535353e-07
149.240000000 -9.271936606732e-07
149.250000000 -9.271776265837e-07
149.260000000 -9.271615924941e-07
149.270000000 -9.271455584046e-07
149.280000000 -9.271295243151e-07
149.290000000 -9.271134902256e-07
149.300000000 -9.270974561361e-07
149.310000000 -9.281328808193e-07
149.320000000 -9.256078799176e-07
149.330000000 -9.304866801674e-07
149.340000000 -9.219140870754e-07
149.350000000 -9.358880262243e-07
149.360000000 -9.138488715607e-07
149.370000000 -9.481730173530e-07
149.380000000 -8.928686993516e-07
149.390000000 -9.937828626598e-07
149.400000000 -6.770664828900e-07
149.410000000 -3.603501031202e-07
149.420000000 -4.612642664284e-07
149.430000000 -4.059599484271e-07
149.440000000 -4.402840942193e-07
149.450000000 -4.182449395557e-07
149.460000000 -4.322188787046e-07
149.470000000 -4.236462856126e-07
149.480000000 -4.285250858624e-07
149.490000000 -4.270515437334e-07
149.500000000 -4.255780016045e-07
149.510000000 -4.304568018542e-07
149.520000000 -4.218842087622e-07
149.530000000 -4.358581479112e-07
149.540000000 -4.138189932476e-07
149.550000000 -4.481431390398e-07
149.560000000 -3.928388210384e-07
149.570000000 -4.937529843467e-07
149.580000000 -1.770366045769e-07
149.590000000 1.396797751929e-07
149.600000000 3.876561188473e-08
149.610000000 9.406992988609e-08
149.620000000 5.974578409386e-08
149.630000000 8.178493875744e-08
149.640000000 6.781099960852e-08
149.650000000 7.638359270051e-08
149.660000000 7.150479245073e-08
149.670000000 7.402979335239e-08
149.680000000 7.299436866923e-08
149.690000000 7.301040275874e-08
149.700000000 7.407789562092e-08
149.710000000 7.158496289828e-08
149.720000000 7.649583132708e-08
149.730000000 6.795530641411e-08
149.740000000 8.196131374206e-08
149.750000000 5.995422725749e-08
149.760000000 9.431044122875e-08
149.770000000 3.903819140640e-08
149.780000000 1.399844228936e-07
149.790000000 -1.766998886971e-07
149.800000000 -4.933842002879e-07
149.810000000 -3.924379688007e-07
149.820000000 -4.477102186230e-07
149.830000000 -4.133540046518e-07
149.840000000 -4.353610911363e-07
149.850000000 -4.213550838084e-07
149.860000000 -4.298956087214e-07
149.870000000 -4.249847402926e-07
149.880000000 -4.274776730152e-07
149.890000000 -4.264101801530e-07
149.900000000 -4.263941460635e-07
149.910000000 -4.263781119740e-07
149.920000000 -4.263620778845e-07
149.930000000 -4.273975025677e-07
149.940000000 -4.248725016660e-07
149.950000000 -4.297513019158e-07
149.960000000 -4.211787088238e-07
149.970000000 -4.351526479727e-07
149.980000000 -4.131134933091e-07
149.990000000 -4.474376391014e-07
150.000000000 -3.921333211000e-07
150.010000000 -4.930474844082e-07
150.020000000 -1.763311046384e-07
150.030000000 1.403852751314e-07
150.040000000 4.052257059585e-08
150.050000000 9.331792178507e-08
150.060000000 6.388861033212e-08
150.070000000 7.737120599323e-08
150.080000000 7.738724008274e-08
150.090000000 6.393671260065e-08
150.100000000 9.339809223262e-08
150.110000000 4.063480922242e-08
150.120000000 1.405295819370e-07
150.130000000 -1.761547296538e-07
150.140000000 -4.928390412446e-07
150.150000000 -3.929442685300e-07
150.160000000 -4.457075515402e-07
150.170000000 -4.162461719083e-07
150.180000000 -4.296966993903e-07
150.190000000 -4.296806653008e-07
150.200000000 -4.161980696397e-07
150.210000000 -4.445759223200e-07
150.220000000 -3.942895379429e-07
150.230000000 -4.892574081392e-07
150.240000000 -1.810975873719e-07
150.250000000 1.506602244091e-07
150.260000000 2.521397371462e-08
150.270000000 1.187018471643e-07
150.280000000 2.304182526992e-08
150.290000000 1.551063162304e-07
150.300000000 -1.890345301704e-07
150.310000000 -4.768120761154e-07
150.320000000 -4.140258423053e-07
150.330000000 -4.001991077995e-07
150.340000000 -6.283064143693e-07
150.350000000 -1.067944043932e-06
150.360000000 -6.363074935259e-07
150.370000000 -3.834359566705e-07
150.380000000 -4.451151057577e-07
150.390000000 -4.143428751425e-07
150.400000000 -4.336255889236e-07
150.410000000 -4.190915344899e-07
150.420000000 -4.306796061117e-07
150.430000000 -4.197211454925e-07
150.440000000 -4.321050459721e-07
150.450000000 -4.166415306047e-07
150.460000000 -4.371911090498e-07
150.470000000 -4.077297294178e-07
150.480000000 -4.544454202377e-07
150.490000000 -3.674891619889e-07
150.500000000 -6.621503530056e-07
150.510000000 -1.014226303251e-06
150.520000000 -8.554828210395e-07
150.530000000 -1.016580102599e-06
150.540000000 -6.569669839449e-07
150.550000000 -3.752122392149e-07
150.560000000 -4.426222755228e-07
150.570000000 -4.253198620663e-07
150.580000000 -4.080174486099e-07
150.590000000 -4.754274849178e-07
150.600000000 -1.936727401878e-07
150.610000000 1.659403784662e-07
150.620000000 4.843096906878e-09
150.630000000 1.635865791181e-07
150.640000000 -1.884893711271e-07
150.650000000 -4.831505621438e-07
150.660000000 -3.961943038950e-07
150.670000000 -4.439614534875e-07
150.680000000 -4.119911070434e-07
150.690000000 -4.363840610551e-07
150.700000000 -4.148729534974e-07
150.710000000 -4.374034516488e-07
150.720000000 -4.094180038732e-07
150.730000000 -4.487600832898e-07
150.740000000 -3.875094721764e-07
150.750000000 -4.969801944871e-07
150.760000000 -1.662738414789e-07
150.770000000 1.284194177169e-07
150.780000000 6.184543429037e-08
150.790000000 6.186146837988e-08
150.800000000 1.284675199854e-07
150.810000000 -1.661936710313e-07
150.820000000 -4.968679558606e-07
150.830000000 -3.873651653708e-07
150.840000000 -4.485837083051e-07
150.850000000 -4.092095607096e-07
150.860000000 -4.371629403061e-07
150.870000000 -4.146003739757e-07
150.880000000 -4.360794133544e-07
150.890000000 -4.116543911637e-07
150.900000000 -4.435926694288e-07
150.910000000 -3.957934516572e-07
150.920000000 -4.827176417270e-07
150.930000000 -1.880243825313e-07
150.940000000 1.630321771203e-07
150.950000000 6.829729900188e-09
150.960000000 1.630642452993e-07
150.970000000 -1.879602461732e-07
150.980000000 -4.826214371900e-07
150.990000000 -3.956651789412e-07
151.000000000 -4.423808697610e-07
151.010000000 -4.129194901291e-07
151.020000000 -4.334690685741e-07
151.030000000 -4.180055532067e-07
151.040000000 -4.314409124590e-07
151.050000000 -4.179734850277e-07
151.060000000 -4.344563909888e-07
151.070000000 -4.113657775525e-07
151.080000000 -4.456899233448e-07
151.090000000 -3.893341465707e-07
151.100000000 -4.927572766911e-07
151.110000000 -1.711460625820e-07
151.120000000 1.370137581853e-07
151.130000000 5.008956811556e-08
151.140000000 8.337076554285e-08
151.150000000 8.338679963236e-08
151.160000000 5.013767038409e-08
151.170000000 1.370939286329e-07
151.180000000 -1.710338239554e-07
151.190000000 -4.926129698855e-07
151.200000000 -3.891577715861e-07
151.210000000 -4.454814801811e-07
151.220000000 -4.111252662099e-07
151.230000000 -4.331323526944e-07
151.240000000 -4.191263453665e-07
151.250000000 -4.276668702795e-07
151.260000000 -4.227560018507e-07
151.270000000 -4.252489345733e-07
151.280000000 -4.241814417111e-07
151.290000000 -4.241654076216e-07
151.300000000 -4.241493735321e-07
151.310000000 -4.241333394426e-07
151.320000000 -4.241173053531e-07
151.330000000 -4.241012712636e-07
151.340000000 -4.240852371740e-07
151.350000000 -4.240692030845e-07
151.360000000 -4.240531689950e-07
151.370000000 -4.240371349055e-07
151.380000000 -4.240211008160e-07
151.390000000 -4.250565254992e-07
151.400000000 -4.225315245975e-07
151.410000000 -4.274103248473e-07
151.420000000 -4.188377317553e-07
151.430000000 -4.328116709042e-07
151.440000000 -4.107725162406e-07
151.450000000 -4.450966620329e-07
151.460000000 -3.887408852588e-07
151.470000000 -4.921640153792e-07
151.480000000 -1.705528012701e-07
151.490000000 1.386584782699e-07
151.500000000 4.922532138797e-08
151.510000000 8.740135315455e-08
151.520000000 7.886082824157e-08
151.530000000 5.960167223174e-08
151.540000000 1.245348099065e-07
151.550000000 -1.492527628001e-07
151.560000000 -5.261201926420e-07
151.570000000 -3.217347969449e-07
151.580000000 -6.958103099929e-07
151.590000000 -9.756454748898e-07
151.600000000 -9.016171983159e-07
151.610000000 -9.343429158973e-07
151.620000000 -9.225332341670e-07
151.630000000 -9.176223657382e-07
151.640000000 -9.404655051042e-07
151.650000000 -8.926662873326e-07
151.660000000 -9.886856163015e-07
151.670000000 -6.744782033439e-07
151.680000000 -3.567103648014e-07
151.690000000 -4.576245281096e-07
151.700000000 -4.023202101082e-07
151.710000000 -4.355928971278e-07
151.720000000 -4.160627092764e-07
151.730000000 -4.251418140860e-07
151.740000000 -4.251257799965e-07
151.750000000 -4.170660657805e-07
151.760000000 -4.340552186408e-07
151.770000000 -4.056452977815e-07
151.780000000 -4.523609886013e-07
151.790000000 -3.654047303525e-07
151.800000000 -6.600659213693e-07
151.810000000 -1.011090412842e-06
151.820000000 -8.548558974427e-07
151.830000000 -1.010006885890e-06
151.840000000 -6.614592930507e-07
151.850000000 -3.618711995157e-07
151.860000000 -4.573519485879e-07
151.870000000 -3.966142163506e-07
151.880000000 -4.480666483776e-07
151.890000000 -3.952477394171e-07
151.900000000 -4.609495368931e-07
151.910000000 -3.563415807426e-07
151.920000000 -6.693641676702e-07
151.930000000 -9.985809444600e-07
151.940000000 -8.741540843592e-07
151.950000000 -9.686613484026e-07
151.960000000 -8.704602915170e-07
151.970000000 -1.007387548638e-06
151.980000000 -6.536066162827e-07
151.990000000 -3.822959422093e-07
152.000000000 -4.181321529271e-07
152.010000000 -4.748235581381e-07
152.020000000 -1.774059262389e-07
152.030000000 1.393104535309e-07
152.040000000 5.874649686599e-08
152.050000000 6.731908995799e-08
152.060000000 1.290303072242e-07
152.070000000 -1.631219169804e-07
152.080000000 -4.948476605823e-07
152.090000000 -3.853448700925e-07
152.100000000 -4.444604954815e-07
152.110000000 -4.101042815103e-07
152.120000000 -4.293194512009e-07
152.130000000 -4.213610360633e-07
152.140000000 -4.208064220771e-07
152.150000000 -4.304135739926e-07
152.160000000 -4.100473332597e-07
152.170000000 -4.471398380746e-07
152.180000000 -3.719772274666e-07
152.190000000 -6.473632283840e-07
152.200000000 -1.042954616798e-06
152.210000000 -6.596482195127e-07
152.220000000 -3.429318397429e-07
152.230000000 -5.104360205671e-07
152.240000000 -1.604544774595e-07
152.250000000 1.359116956670e-07
152.260000000 4.846409393040e-08
152.270000000 9.467327303262e-08
152.280000000 6.639671943072e-08
152.290000000 8.564395730037e-08
152.300000000 7.167001815144e-08
152.310000000 8.408598681005e-08
152.320000000 7.065062755779e-08
152.330000000 8.716560169788e-08
152.340000000 6.410705644064e-08
152.350000000 9.846327041190e-08
152.360000000 4.424247936222e-08
152.370000000 1.426797440373e-07
152.380000000 -1.691097332142e-07
152.390000000 -4.943506038075e-07
152.400000000 -3.794143990818e-07
152.410000000 -4.567097694782e-07
152.420000000 -3.869619168525e-07
152.430000000 -4.667662540611e-07
152.440000000 -3.469352149961e-07
152.450000000 -6.807326445919e-07
152.460000000 -9.795836073776e-07
152.470000000 -9.006604964645e-07
152.480000000 -9.254359419717e-07
152.490000000 -9.378114529098e-07
152.500000000 -8.728783152351e-07
152.510000000 -1.153549533013e-06
152.520000000 -1.513130583488e-06
152.530000000 -1.352001233750e-06
152.540000000 -1.510712647782e-06
152.550000000 -1.158604629358e-06
152.560000000 -8.639113701622e-07
152.570000000 -9.508355602320e-07
152.580000000 -9.040878012331e-07
152.590000000 -9.335171126861e-07
152.600000000 -9.139869248346e-07
152.610000000 -9.269094052109e-07
152.620000000 -9.183368121189e-07
152.630000000 -9.232156123687e-07
152.640000000 -9.206906114670e-07
152.650000000 -9.217260361502e-07
152.660000000 -9.217100020607e-07
152.670000000 -9.216939679712e-07
152.680000000 -9.216779338816e-07
152.690000000 -9.227133585648e-07
152.700000000 -9.201883576632e-07
152.710000000 -9.250671579129e-07
152.720000000 -9.164945648209e-07
152.730000000 -9.304685039699e-07
152.740000000 -9.084293493063e-07
152.750000000 -9.427534950985e-07
152.760000000 -8.874491770971e-07
152.770000000 -9.883633404054e-07
152.780000000 -6.716469606356e-07
152.790000000 -3.559820396384e-07
152.800000000 -4.543872361345e-07
152.810000000 -4.039777524724e-07
152.820000000 -4.297453392622e-07
152.830000000 -4.216961578370e-07
152.840000000 -4.136469764119e-07
152.850000000 -4.394145632016e-07
152.860000000 -3.890050795395e-07
152.870000000 -4.874102760356e-07
152.880000000 -1.717453550385e-07
152.890000000 1.449710247313e-07
152.900000000 4.405686142310e-08
152.910000000 9.936117942447e-08
152.920000000 6.503703363223e-08
152.930000000 8.812764706849e-08
152.940000000 7.059328233475e-08
152.950000000 8.656967657817e-08
152.960000000 6.823948298663e-08
152.970000000 9.331101612920e-08
152.980000000 5.626249763353e-08
152.990000000 1.126418321789e-07
153.000000000 2.302940247476e-08
153.010000000 1.792639178739e-07
153.020000000 -2.383505911147e-07
153.030000000 -2.383345570251e-07
153.040000000 1.793120201424e-07
153.050000000 2.310957292232e-08
153.060000000 1.127540708054e-07
153.070000000 5.640680443912e-08
153.080000000 9.243593234114e-08
153.090000000 6.990543418973e-08
153.100000000 8.337286162101e-08
153.110000000 7.598509455909e-08
153.120000000 7.956155423342e-08
153.130000000 7.852612955025e-08
153.140000000 7.854216363976e-08
153.150000000 7.855819772928e-08
153.160000000 7.857423181879e-08
153.170000000 7.859026590830e-08
153.180000000 7.965775877048e-08
153.190000000 7.716482604784e-08
153.200000000 8.207569447664e-08
153.210000000 7.353516956367e-08
153.220000000 8.754117689162e-08
153.230000000 6.553409040705e-08
153.240000000 9.989030437831e-08
153.250000000 4.461805455596e-08
153.260000000 1.455642860432e-07
153.270000000 -1.700685667749e-07
153.280000000 -4.892618451779e-07
153.290000000 -3.834207793513e-07
153.300000000 -4.461981294035e-07
153.310000000 -4.003609090059e-07
153.320000000 -4.394962817253e-07
153.330000000 -3.997066535181e-07
153.340000000 -4.495454891045e-07
153.350000000 -3.657275438520e-07
153.360000000 -6.516321011459e-07
153.370000000 -1.020044271064e-06
153.380000000 -8.230626765180e-07
153.390000000 -1.186478713018e-06
153.400000000 -1.482812817966e-06
153.410000000 -1.381866586478e-06
153.420000000 -1.457489042944e-06
153.430000000 -1.376401104063e-06
153.440000000 -1.494443553606e-06
153.450000000 -1.166246167410e-06
153.460000000 -8.570348878703e-07
153.470000000 -9.530542168393e-07
153.480000000 -9.013103244227e-07
153.490000000 -9.320740446301e-07
153.500000000 -9.149297243059e-07
153.510000000 -9.203471044523e-07
153.520000000 -9.257644845987e-07
153.530000000 -9.086201642744e-07
153.540000000 -9.404353432545e-07
153.550000000 -8.861824840258e-07
153.560000000 -9.870966473341e-07
153.570000000 -6.703802675643e-07
153.580000000 -3.536638877944e-07
153.590000000 -4.545780511027e-07
153.600000000 -3.992737331013e-07
153.610000000 -4.335978788935e-07
153.620000000 -4.115587242299e-07
153.630000000 -4.255326633789e-07
153.640000000 -4.169600702869e-07
153.650000000 -4.218388705367e-07
153.660000000 -4.193138696350e-07
153.670000000 -4.203492943182e-07
153.680000000 -4.203332602287e-07
153.690000000 -4.203172261391e-07
153.700000000 -4.213526508223e-07
153.710000000 -4.188276499206e-07
153.720000000 -4.237064501704e-07
153.730000000 -4.151338570784e-07
153.740000000 -4.291077962274e-07
153.750000000 -4.070686415638e-07
153.760000000 -4.413927873560e-07
153.770000000 -3.850370105820e-07
153.780000000 -4.884601407023e-07
153.790000000 -1.668489265932e-07
153.800000000 1.423623529468e-07
153.810000000 5.292919606483e-08
153.820000000 9.110522783141e-08
153.830000000 8.256470291844e-08
153.840000000 6.330554690860e-08
153.850000000 1.282386845833e-07
153.860000000 -1.455488881232e-07
153.870000000 -5.224163179652e-07
153.880000000 -3.180309222680e-07
153.890000000 -6.910549765434e-07
153.900000000 -9.733991082524e-07
153.910000000 -8.944759973392e-07
153.920000000 -9.357582739231e-07
153.930000000 -9.099586189544e-07
153.940000000 -9.270708710997e-07
153.950000000 -9.155738305839e-07
153.960000000 -9.230628967242e-07
153.970000000 -9.181520282954e-07
153.980000000 -9.206449610180e-07
153.990000000 -9.195774681558e-07
154.000000000 -9.206128928390e-07
154.010000000 -9.180878919373e-07
154.020000000 -9.229666921871e-07
154.030000000 -9.143940990951e-07
154.040000000 -9.283680382440e-07
154.050000000 -9.063288835804e-07
154.060000000 -9.406530293727e-07
154.070000000 -8.853487113713e-07
154.080000000 -9.862628746795e-07
154.090000000 -6.695464949097e-07
154.100000000 -3.528301151399e-07
154.110000000 -4.537442784481e-07
154.120000000 -3.984399604468e-07
154.130000000 -4.327641062390e-07
154.140000000 -4.107249515754e-07
154.150000000 -4.246988907243e-07
154.160000000 -4.161262976323e-07
154.170000000 -4.210050978821e-07
154.180000000 -4.184800969805e-07
154.190000000 -4.195155216636e-07
154.200000000 -4.205509463468e-07
154.210000000 -4.180259454451e-07
154.220000000 -4.229047456949e-07
154.230000000 -4.143321526029e-07
154.240000000 -4.293575505245e-07
154.250000000 -4.048094290488e-07
154.260000000 -4.440284091803e-07
154.270000000 -3.801675321765e-07
154.280000000 -4.950716687231e-07
154.290000000 -1.563321683792e-07
154.300000000 1.260440315088e-07
154.310000000 8.041815211246e-08
154.320000000 3.479227271610e-08
154.330000000 3.171684726042e-07
154.340000000 6.559079729480e-07
154.350000000 5.420552951741e-07
154.360000000 6.034072053658e-07
154.370000000 5.690830595735e-07
154.380000000 5.850746220468e-07
154.390000000 5.840391973636e-07
154.400000000 5.705886698815e-07
154.410000000 6.000500495135e-07
154.420000000 5.472867665033e-07
154.430000000 6.471815392179e-07
154.440000000 3.304972276271e-07
154.450000000 1.381291603629e-08
154.460000000 1.147591475235e-07
154.470000000 5.948689770119e-08
154.480000000 9.489457044512e-08
154.490000000 7.037851714840e-08
154.500000000 8.927935881564e-08
154.510000000 7.323373367286e-08
154.520000000 8.962560852795e-08
154.530000000 7.000438957052e-08
154.540000000 9.685550331197e-08
154.550000000 5.557322672806e-08
154.560000000 1.344963376412e-07
154.570000000 -1.488992528405e-07
154.580000000 -5.183628815310e-07
154.590000000 -3.213812869853e-07
154.600000000 -6.847973234855e-07
154.610000000 -9.811314284329e-07
154.620000000 -8.791337381730e-07
154.630000000 -9.572651614508e-07
154.640000000 -8.712823882309e-07
154.650000000 -9.978813967764e-07
154.660000000 -6.556940373419e-07
154.670000000 -3.685058783759e-07
154.680000000 -4.301850274631e-07
154.690000000 -4.326779601858e-07
154.700000000 -3.639689910349e-07
154.710000000 -6.611391488638e-07
154.720000000 -9.869185993537e-07
154.730000000 -8.859723678665e-07
154.740000000 -9.321494787897e-07
154.750000000 -9.173074185804e-07
154.760000000 -9.060257839558e-07
154.770000000 -9.483595193124e-07
154.780000000 -8.534608800155e-07
154.790000000 -1.170145191606e-06
154.800000000 -1.480781911007e-06
154.810000000 -1.392774193985e-06
154.820000000 -1.427074782006e-06
154.830000000 -1.424549781105e-06
154.840000000 -1.396163418017e-06
154.850000000 -1.474531049084e-06
154.860000000 -1.180361201555e-06
154.870000000 -8.367268668718e-07
154.880000000 -9.744901768739e-07
154.890000000 -8.628461161880e-07
154.900000000 -9.981004593780e-07
154.910000000 -6.593609590341e-07
154.920000000 -3.566345525027e-07
154.930000000 -4.489921568085e-07
154.940000000 -3.996341319191e-07
154.950000000 -4.289403440870e-07
154.960000000 -4.128474825354e-07
154.970000000 -4.182648626818e-07
154.980000000 -4.236822428283e-07
154.990000000 -4.065379225040e-07
155.000000000 -4.383531014841e-07
155.010000000 -3.830487834827e-07
155.020000000 -4.864719136031e-07
155.030000000 -1.648606994940e-07
155.040000000 1.432991212734e-07
155.050000000 5.637493120357e-08
155.060000000 8.965612863086e-08
155.070000000 8.967216272037e-08
155.080000000 5.642303347210e-08
155.090000000 1.433792917209e-07
155.100000000 -1.657999196401e-07
155.110000000 -4.848700987580e-07
155.120000000 -3.863097347979e-07
155.130000000 -4.340768843904e-07
155.140000000 -4.137106436576e-07
155.150000000 -4.136946095681e-07
155.160000000 -4.340287821219e-07
155.170000000 -3.872810231230e-07
155.180000000 -4.833003520920e-07
155.190000000 -1.690929391343e-07
155.200000000 1.486748994082e-07
155.210000000 4.776073609996e-08
155.220000000 1.030650541013e-07
155.230000000 6.874090830910e-08
155.240000000 9.078006297268e-08
155.250000000 7.680612382376e-08
155.260000000 8.537871691575e-08
155.270000000 8.049991666597e-08
155.280000000 8.407637634030e-08
155.290000000 8.053198484499e-08
155.300000000 8.544285327379e-08
155.310000000 7.690232836082e-08
155.320000000 9.090833568876e-08
155.330000000 6.890124920420e-08
155.340000000 1.032574631755e-07
155.350000000 4.798521335311e-08
155.360000000 1.489314448404e-07
155.370000000 -1.677528667504e-07
155.380000000 -4.844371783412e-07
155.390000000 -3.834909468540e-07
155.400000000 -4.387631966763e-07
155.410000000 -4.044069827051e-07
155.420000000 -4.264140691896e-07
155.430000000 -4.124080618617e-07
155.440000000 -4.209485867747e-07
155.450000000 -4.160377183459e-07
155.460000000 -4.185306510685e-07
155.470000000 -4.174631582063e-07
155.480000000 -4.174471241168e-07
155.490000000 -4.174310900273e-07
155.500000000 -4.174150559378e-07
155.510000000 -4.173990218483e-07
155.520000000 -4.173829877588e-07
155.530000000 -4.173669536693e-07
155.540000000 -4.173509195797e-07
155.550000000 -4.173348854902e-07
155.560000000 -4.173188514007e-07
155.570000000 -4.173028173112e-07
155.580000000 -4.172867832217e-07
155.590000000 -4.172707491322e-07
155.600000000 -4.172547150427e-07
155.610000000 -4.172386809532e-07
155.620000000 -4.172226468637e-07
155.630000000 -4.172066127742e-07
155.640000000 -4.171905786846e-07
155.650000000 -4.171745445951e-07
155.660000000 -4.171585105056e-07
155.670000000 -4.171424764161e-07
155.680000000 -4.171264423266e-07
155.690000000 -4.171104082371e-07
155.700000000 -4.170943741476e-07
155.710000000 -4.170783400581e-07
155.720000000 -4.170623059686e-07
155.730000000 -4.180977306517e-07
155.740000000 -4.155727297501e-07
155.750000000 -4.204515299998e-07
155.760000000 -4.118789369079e-07
155.770000000 -4.258528760568e-07
155.780000000 -4.038137213932e-07
155.790000000 -4.381378671854e-07
155.800000000 -3.817820904114e-07
155.810000000 -4.852052205318e-07
155.820000000 -1.635940064227e-07
155.830000000 1.445658143447e-07
155.840000000 5.764162427488e-08
155.850000000 9.092282170217e-08
155.860000000 9.093885579168e-08
155.870000000 5.768972654341e-08
155.880000000 1.446459847922e-07
155.890000000 -1.634817677961e-07
155.900000000 -4.850609137262e-07
155.910000000 -3.816057154268e-07
155.920000000 -4.379294240218e-07
155.930000000 -4.025217512779e-07
155.940000000 -4.270378045746e-07
155.950000000 -4.081369629073e-07
155.960000000 -4.252340468228e-07
155.970000000 -4.063332051556e-07
155.980000000 -4.308492584523e-07
155.990000000 -3.954415857084e-07
156.000000000 -4.507138355307e-07
156.010000000 -3.497676040435e-07
156.020000000 -6.664519156342e-07
156.030000000 -9.831362272250e-07
156.040000000 -8.821899957378e-07
156.050000000 -9.374622455601e-07
156.060000000 -9.031060315889e-07
156.070000000 -9.251131180734e-07
156.080000000 -9.111071107455e-07
156.090000000 -9.196476356585e-07
156.100000000 -9.147367672297e-07
156.110000000 -9.172296999523e-07
156.120000000 -9.161622070901e-07
156.130000000 -9.161461730006e-07
156.140000000 -9.161301389111e-07
156.150000000 -9.161141048216e-07
156.160000000 -9.160980707321e-07
156.170000000 -9.160820366426e-07
156.180000000 -9.160660025531e-07
156.190000000 -9.160499684636e-07
156.200000000 -9.160339343740e-07
156.210000000 -9.160179002845e-07
156.220000000 -9.170533249677e-07
156.230000000 -9.145283240660e-07
156.240000000 -9.194071243158e-07
156.250000000 -9.108345312238e-07
156.260000000 -9.248084703728e-07
156.270000000 -9.027693157092e-07
156.280000000 -9.370934615014e-07
156.290000000 -8.817891435000e-07
156.300000000 -9.827033068083e-07
156.310000000 -6.659869270384e-07
156.320000000 -3.492705472686e-07
156.330000000 -4.501847105769e-07
156.340000000 -3.948803925755e-07
156.350000000 -4.302559971404e-07
156.360000000 -4.057078756647e-07
156.370000000 -4.245766491529e-07
156.380000000 -4.074474970584e-07
156.390000000 -4.263162705466e-07
156.400000000 -4.017681490709e-07
156.410000000 -4.371437536358e-07
156.420000000 -3.818394356344e-07
156.430000000 -4.827535989427e-07
156.440000000 -1.660372191728e-07
156.450000000 1.517306193696e-07
156.460000000 4.830748924927e-08
156.470000000 1.085066415899e-07
156.480000000 6.562593679521e-08
156.490000000 1.016550646972e-07
156.500000000 6.565800497423e-08
156.510000000 1.085707779480e-07
156.520000000 4.840369378633e-08
156.530000000 1.518588920857e-07
156.540000000 -1.658768782777e-07
156.550000000 -4.825611898685e-07
156.560000000 -3.816149583813e-07
156.570000000 -4.368872082036e-07
156.580000000 -4.025309942324e-07
156.590000000 -4.245380807169e-07
156.600000000 -4.105320733890e-07
156.610000000 -4.190725983020e-07
156.620000000 -4.141617298732e-07
156.630000000 -4.166546625958e-07
156.640000000 -4.155871697336e-07
156.650000000 -4.155711356441e-07
156.660000000 -4.155551015546e-07
156.670000000 -4.155390674651e-07
156.680000000 -4.155230333756e-07
156.690000000 -4.155069992861e-07
156.700000000 -4.154909651966e-07
156.710000000 -4.154749311071e-07
156.720000000 -4.154588970175e-07
156.730000000 -4.154428629280e-07
156.740000000 -4.154268288385e-07
156.750000000 -4.154107947490e-07
156.760000000 -4.153947606595e-07
156.770000000 -4.153787265700e-07
156.780000000 -4.153626924805e-07
156.790000000 -4.153466583910e-07
156.800000000 -4.153306243015e-07
156.810000000 -4.163660489846e-07
156.820000000 -4.138410480830e-07
156.830000000 -4.187198483327e-07
156.840000000 -4.101472552408e-07
156.850000000 -4.241211943897e-07
156.860000000 -4.020820397261e-07
156.870000000 -4.364061855183e-07
156.880000000 -3.811018675170e-07
156.890000000 -4.820160308252e-07
156.900000000 -1.652996510554e-07
156.910000000 1.514167287144e-07
156.920000000 5.050256540621e-08
156.930000000 1.058068834076e-07
156.940000000 7.148273761535e-08
156.950000000 9.352189227893e-08
156.960000000 7.954795313001e-08
156.970000000 8.812054622200e-08
156.980000000 8.324174597222e-08
156.990000000 8.576674687388e-08
157.000000000 8.473132219071e-08
157.010000000 8.474735628022e-08
157.020000000 8.476339036973e-08
157.030000000 8.477942445924e-08
157.040000000 8.584691732143e-08
157.050000000 8.335398459879e-08
157.060000000 8.826485302759e-08
157.070000000 7.972432811462e-08
157.080000000 9.373033544256e-08
157.090000000 7.172324895800e-08
157.100000000 1.060794629293e-07
157.110000000 5.080721310691e-08
157.120000000 1.517534445942e-07
157.130000000 -1.649308669966e-07
157.140000000 -4.816151785874e-07
157.150000000 -3.806689471002e-07
157.160000000 -4.359411969225e-07
157.170000000 -4.015849829513e-07
157.180000000 -4.225406106632e-07
157.190000000 -4.110435701474e-07
157.200000000 -4.146892607211e-07
157.210000000 -4.183349512947e-07
157.220000000 -4.068379107789e-07
157.230000000 -4.277935384908e-07
157.240000000 -3.934373245196e-07
157.250000000 -4.487095743419e-07
157.260000000 -3.477633428547e-07
157.270000000 -6.644476544455e-07
157.280000000 -9.821834248089e-07
157.290000000 -8.787282265095e-07
157.300000000 -9.388953106712e-07
157.310000000 -8.959825376974e-07
157.320000000 -9.319795974204e-07
157.330000000 -8.959504695184e-07
157.340000000 -9.388311743131e-07
157.350000000 -8.786320219725e-07
157.360000000 -9.820551520928e-07
157.370000000 -6.642873135504e-07
157.380000000 -3.475709337806e-07
157.390000000 -4.484850970888e-07
157.400000000 -3.931807790874e-07
157.410000000 -4.275049248796e-07
157.420000000 -4.054657702161e-07
157.430000000 -4.194397093650e-07
157.440000000 -4.108671162730e-07
157.450000000 -4.157459165228e-07
157.460000000 -4.132209156211e-07
157.470000000 -4.142563403043e-07
157.480000000 -4.142403062148e-07
157.490000000 -4.142242721253e-07
157.500000000 -4.142082380357e-07
157.510000000 -4.141922039462e-07
157.520000000 -4.141761698567e-07
157.530000000 -4.141601357672e-07
157.540000000 -4.141441016777e-07
157.550000000 -4.141280675882e-07
157.560000000 -4.141120334987e-07
157.570000000 -4.140959994092e-07
157.580000000 -4.140799653197e-07
157.590000000 -4.140639312302e-07
157.600000000 -4.140478971406e-07
157.610000000 -4.140318630511e-07
157.620000000 -4.140158289616e-07
157.630000000 -4.139997948721e-07
157.640000000 -4.139837607826e-07
157.650000000 -4.139677266931e-07
157.660000000 -4.139516926036e-07
157.670000000 -4.139356585141e-07
157.680000000 -4.139196244246e-07
157.690000000 -4.139035903350e-07
157.700000000 -4.138875562455e-07
157.710000000 -4.138715221560e-07
157.720000000 -4.138554880665e-07
157.730000000 -4.138394539770e-07
157.740000000 -4.138234198875e-07
157.750000000 -4.138073857980e-07
157.760000000 -4.137913517085e-07
157.770000000 -4.137753176190e-07
157.780000000 -4.137592835295e-07
157.790000000 -4.137432494399e-07
157.800000000 -4.137272153504e-07
157.810000000 -4.137111812609e-07
157.820000000 -4.136951471714e-07
157.830000000 -4.136791130819e-07
157.840000000 -4.136630789924e-07
157.850000000 -4.136470449029e-07
157.860000000 -4.136310108134e-07
157.870000000 -4.136149767239e-07
157.880000000 -4.135989426344e-07
157.890000000 -4.135829085448e-07
157.900000000 -4.135668744553e-07
157.910000000 -4.135508403658e-07
157.920000000 -4.135348062763e-07
157.930000000 -4.135187721868e-07
157.940000000 -4.135027380973e-07
157.950000000 -4.134867040078e-07
157.960000000 -4.134706699183e-07
157.970000000 -4.134546358288e-07
157.980000000 -4.134386017393e-07
157.990000000 -4.134225676497e-07
158.000000000 -4.134065335602e-07
158.010000000 -4.133904994707e-07
158.020000000 -4.133744653812e-07
158.030000000 -4.133584312917e-07
158.040000000 -4.133423972022e-07
158.050000000 -4.133263631127e-07
158.060000000 -4.133103290232e-07
158.070000000 -4.132942949337e-07
158.080000000 -4.132782608442e-07
158.090000000 -4.132622267546e-07
158.100000000 -4.132461926651e-07
158.110000000 -4.132301585756e-07
158.120000000 -4.132141244861e-07
158.130000000 -4.131980903966e-07
158.140000000 -4.131820563071e-07
158.150000000 -4.131660222176e-07
158.160000000 -4.131499881281e-07
158.170000000 -4.131339540386e-07
158.180000000 -4.131179199490e-07
158.190000000 -4.131018858595e-07
158.200000000 -4.130858517700e-07
158.210000000 -4.130698176805e-07
158.220000000 -4.130537835910e-07
158.230000000 -4.130377495015e-07
158.240000000 -4.130217154120e-07
158.250000000 -4.130056813225e-07
158.260000000 -4.129896472330e-07
158.270000000 -4.129736131435e-07
158.280000000 -4.129575790539e-07
158.290000000 -4.129415449644e-07
158.300000000 -4.129255108749e-07
158.310000000 -4.129094767854e-07
158.320000000 -4.128934426959e-07
158.330000000 -4.128774086064e-07
158.340000000 -4.128613745169e-07
158.350000000 -4.128453404274e-07
158.360000000 -4.128293063379e-07
158.370000000 -4.128132722484e-07
158.380000000 -4.127972381588e-07
158.390000000 -4.127812040693e-07
158.400000000 -4.127651699798e-07
158.410000000 -4.127491358903e-07
158.420000000 -4.127331018008e-07
158.430000000 -4.127170677113e-07
158.440000000 -4.127010336218e-07
158.450000000 -4.126849995323e-07
158.460000000 -4.126689654428e-07
158.470000000 -4.126529313533e-07
158.480000000 -4.126368972637e-07
158.490000000 -4.126208631742e-07
158.500000000 -4.126048290847e-07
158.510000000 -4.125887949952e-07
158.520000000 -4.125727609057e-07
158.530000000 -4.125567268162e-07
158.540000000 -4.125406927267e-07
158.550000000 -4.125246586372e-07
158.560000000 -4.125086245477e-07
158.570000000 -4.124925904581e-07
158.580000000 -4.124765563686e-07
158.590000000 -4.124605222791e-07
158.600000000 -4.124444881896e-07
158.610000000 -4.124284541001e-07
158.620000000 -4.124124200106e-07
158.630000000 -4.123963859211e-07
158.640000000 -4.123803518316e-07
158.650000000 -4.123643177421e-07
158.660000000 -4.123482836526e-07
158.670000000 -4.123322495630e-07
158.680000000 -4.123162154735e-07
158.690000000 -4.123001813840e-07
158.700000000 -4.122841472945e-07
158.710000000 -4.122681132050e-07
158.720000000 -4.122520791155e-07
158.730000000 -4.122360450260e-07
158.740000000 -4.122200109365e-07
158.750000000 -4.122039768470e-07
158.760000000 -4.121879427575e-07
158.770000000 -4.121719086679e-07
158.780000000 -4.121558745784e-07
158.790000000 -4.121398404889e-07
158.800000000 -4.121238063994e-07
158.810000000 -4.121077723099e-07
158.820000000 -4.120917382204e-07
158.830000000 -4.120757041309e-07
158.840000000 -4.120596700414e-07
158.850000000 -4.120436359519e-07
158.860000000 -4.120276018624e-07
158.870000000 -4.120115677728e-07
158.880000000 -4.119955336833e-07
158.890000000 -4.119794995938e-07
158.900000000 -4.119634655043e-07
158.910000000 -4.119474314148e-07
158.920000000 -4.119313973253e-07
158.930000000 -4.119153632358e-07
158.940000000 -4.118993291463e-07
158.950000000 -4.118832950568e-07
158.960000000 -4.118672609673e-07
158.970000000 -4.118512268777e-07
158.980000000 -4.118351927882e-07
158.990000000 -4.118191586987e-07
159.000000000 -4.118031246092e-07
159.010000000 -4.117870905197e-07
159.020000000 -4.117710564302e-07
159.030000000 -4.117550223407e-07
159.040000000 -4.117389882512e-07
159.050000000 -4.117229541617e-07
159.060000000 -4.117069200721e-07
159.070000000 -4.116908859826e-07
159.080000000 -4.116748518931e-07
159.090000000 -4.116588178036e-07
159.100000000 -4.116427837141e-07
159.110000000 -4.116267496246e-07
159.120000000 -4.116107155351e-07
159.130000000 -4.115946814456e-07
159.140000000 -4.115786473561e-07
159.150000000 -4.115626132666e-07
159.160000000 -4.115465791770e-07
159.170000000 -4.115305450875e-07
159.180000000 -4.115145109980e-07
159.190000000 -4.114984769085e-07
159.200000000 -4.114824428190e-07
159.210000000 -4.114664087295e-07
159.220000000 -4.114503746400e-07
159.230000000 -4.114343405505e-07
159.240000000 -4.114183064610e-07
159.250000000 -4.114022723715e-07
159.260000000 -4.113862382819e-07
159.270000000 -4.113702041924e-07
159.280000000 -4.113541701029e-07
159.290000000 -4.113381360134e-07
159.300000000 -4.113221019239e-07
159.310000000 -4.113060678344e-07
159.320000000 -4.112900337449e-07
159.330000000 -4.112739996554e-07
159.340000000 -4.112579655659e-07
159.350000000 -4.112419314764e-07
159.360000000 -4.112258973868e-07
159.370000000 -4.112098632973e-07
159.380000000 -4.111938292078e-07
159.390000000 -4.111777951183e-07
159.400000000 -4.111617610288e-07
159.410000000 -4.111457269393e-07
159.420000000 -4.111296928498e-07
159.430000000 -4.111136587603e-07
159.440000000 -4.110976246708e-07
159.450000000 -4.110815905812e-07
159.460000000 -4.110655564917e-07
159.470000000 -4.110495224022e-07
159.480000000 -4.110334883127e-07
159.490000000 -4.110174542232e-07
159.500000000 -4.110014201337e-07
159.510000000 -4.109853860442e-07
159.520000000 -4.109693519547e-07
159.530000000 -4.109533178652e-07
159.540000000 -4.109372837757e-07
159.550000000 -4.109212496861e-07
159.560000000 -4.109052155966e-07
159.570000000 -4.108891815071e-07
159.580000000 -4.108731474176e-07
159.590000000 -4.108571133281e-07
159.600000000 -4.108410792386e-07
159.610000000 -4.108250451491e-07
159.620000000 -4.108090110596e-07
159.630000000 -4.107929769701e-07
159.640000000 -4.107769428806e-07
159.650000000 -4.107609087910e-07
159.660000000 -4.107448747015e-07
159.670000000 -4.107288406120e-07
159.680000000 -4.107128065225e-07
159.690000000 -4.106967724330e-07
159.700000000 -4.106807383435e-07
159.710000000 -4.106647042540e-07
159.720000000 -4.106486701645e-07
159.730000000 -4.106326360750e-07
159.740000000 -4.106166019855e-07
159.750000000 -4.106005678959e-07
159.760000000 -4.105845338064e-07
159.770000000 -4.105684997169e-07
159.780000000 -4.105524656274e-07
159.790000000 -4.105364315379e-07
159.800000000 -4.105203974484e-07
159.810000000 -4.105043633589e-07
159.820000000 -4.104883292694e-07
159.830000000 -4.104722951799e-07
159.840000000 -4.104562610904e-07
159.850000000 -4.104402270008e-07
159.860000000 -4.104241929113e-07
159.870000000 -4.104081588218e-07
159.880000000 -4.103921247323e-07
159.890000000 -4.103760906428e-07
159.900000000 -4.103600565533e-07
159.910000000 -4.103440224638e-07
159.920000000 -4.103279883743e-07
159.930000000 -4.103119542848e-07
159.940000000 -4.102959201952e-07
159.950000000 -4.102798861057e-07
159.960000000 -4.102638520162e-07
159.970000000 -4.102478179267e-07
159.980000000 -4.102317838372e-07
159.990000000 -4.102157497477e-07
160.000000000 -4.101997156582e-07
160.010000000 -4.101836815687e-07
160.020000000 -4.101676474792e-07
160.030000000 -4.101516133897e-07
160.040000000 -4.101355793001e-07
160.050000000 -4.101195452106e-07
160.060000000 -4.101035111211e-07
160.070000000 -4.100874770316e-07
160.080000000 -4.100714429421e-07
160.090000000 -4.100554088526e-07
160.100000000 -4.100393747631e-07
160.110000000 -4.100233406736e-07
160.120000000 -4.100073065841e-07
160.130000000 -4.099912724946e-07
160.140000000 -4.099752384050e-07
160.150000000 -4.099592043155e-07
160.160000000 -4.099431702260e-07
160.170000000 -4.099271361365e-07
160.180000000 -4.099111020470e-07
160.190000000 -4.098950679575e-07
160.200000000 -4.098790338680e-07
160.210000000 -4.098629997785e-07
160.220000000 -4.098469656890e-07
160.230000000 -4.098309315995e-07
160.240000000 -4.098148975099e-07
160.250000000 -4.097988634204e-07
160.260000000 -4.097828293309e-07
160.270000000 -4.097667952414e-07
160.280000000 -4.097507611519e-07
160.290000000 -4.097347270624e-07
160.300000000 -4.097186929729e-07
160.310000000 -4.097026588834e-07
160.320000000 -4.096866247939e-07
160.330000000 -4.096705907043e-07
160.340000000 -4.096545566148e-07
160.350000000 -4.096385225253e-07
160.360000000 -4.096224884358e-07
160.370000000 -4.096064543463e-07
160.380000000 -4.095904202568e-07
160.390000000 -4.095743861673e-07
160.400000000 -4.095583520778e-07
160.410000000 -4.095423179883e-07
160.420000000 -4.095262838988e-07
160.430000000 -4.095102498092e-07
160.440000000 -4.094942157197e-07
160.450000000 -4.094781816302e-07
160.460000000 -4.094621475407e-07
160.470000000 -4.094461134512e-07
160.480000000 -4.094300793617e-07
160.490000000 -4.094140452722e-07
160.500000000 -4.093980111827e-07
160.510000000 -4.093819770932e-07
160.520000000 -4.093659430037e-07
160.530000000 -4.093499089141e-07
160.540000000 -4.093338748246e-07
160.550000000 -4.093178407351e-07
160.560000000 -4.093018066456e-07
160.570000000 -4.092857725561e-07
160.580000000 -4.092697384666e-07
160.590000000 -4.092537043771e-07
160.600000000 -4.092376702876e-07
160.610000000 -4.092216361981e-07
160.620000000 -4.092056021086e-07
160.630000000 -4.091895680190e-07
160.640000000 -4.091735339295e-07
160.650000000 -4.091574998400e-07
160.660000000 -4.091414657505e-07
160.670000000 -4.091254316610e-07
160.680000000 -4.091093975715e-07
160.690000000 -4.090933634820e-07
160.700000000 -4.090773293925e-07
160.710000000 -4.090612953030e-07
160.720000000 -4.090452612135e-07
160.730000000 -4.090292271239e-07
160.740000000 -4.090131930344e-07
160.750000000 -4.089971589449e-07
160.760000000 -4.089811248554e-07
160.770000000 -4.089650907659e-07
160.780000000 -4.089490566764e-07
160.790000000 -4.089330225869e-07
160.800000000 -4.089169884974e-07
160.810000000 -4.089009544079e-07
160.820000000 -4.088849203183e-07
160.830000000 -4.088688862288e-07
160.840000000 -4.088528521393e-07
160.850000000 -4.088368180498e-07
160.860000000 -4.088207839603e-07
160.870000000 -4.088047498708e-07
160.880000000 -4.087887157813e-07
160.890000000 -4.087726816918e-07
160.900000000 -4.087566476023e-07
160.910000000 -4.087406135128e-07
160.920000000 -4.087245794232e-07
160.930000000 -4.087085453337e-07
160.940000000 -4.086925112442e-07
160.950000000 -4.086764771547e-07
160.960000000 -4.086604430652e-07
160.970000000 -4.086444089757e-07
160.980000000 -4.086283748862e-07
160.990000000 -4.086123407967e-07
161.000000000 -4.085963067072e-07
161.010000000 -4.085802726177e-07
161.020000000 -4.085642385281e-07
161.030000000 -4.085482044386e-07
161.040000000 -4.085321703491e-07
161.050000000 -4.085161362596e-07
161.060000000 -4.085001021701e-07
161.070000000 -4.084840680806e-07
161.080000000 -4.084680339911e-07
161.090000000 -4.084519999016e-07
161.100000000 -4.084359658121e-07
161.110000000 -4.084199317226e-07
161.120000000 -4.084038976330e-07
161.130000000 -4.083878635435e-07
161.140000000 -4.083718294540e-07
161.150000000 -4.083557953645e-07
161.160000000 -4.083397612750e-07
161.170000000 -4.083237271855e-07
161.180000000 -4.083076930960e-07
161.190000000 -4.082916590065e-07
161.200000000 -4.082756249170e-07
161.210000000 -4.082595908274e-07
161.220000000 -4.082435567379e-07
161.230000000 -4.082275226484e-07
161.240000000 -4.082114885589e-07
161.250000000 -4.081954544694e-07
161.260000000 -4.081794203799e-07
161.270000000 -4.081633862904e-07
161.280000000 -4.081473522009e-07
161.290000000 -4.081313181114e-07
161.300000000 -4.081152840219e-07
161.310000000 -4.080992499323e-07
161.320000000 -4.080832158428e-07
161.330000000 -4.080671817533e-07
161.340000000 -4.080511476638e-07
161.350000000 -4.080351135743e-07
161.360000000 -4.080190794848e-07
161.370000000 -4.080030453953e-07
161.380000000 -4.079870113058e-07
161.390000000 -4.079709772163e-07
161.400000000 -4.079549431268e-07
161.410000000 -4.079389090372e-07
161.420000000 -4.079228749477e-07
161.430000000 -4.079068408582e-07
161.440000000 -4.078908067687e-07
161.450000000 -4.078747726792e-07
161.460000000 -4.078587385897e-07
161.470000000 -4.078427045002e-07
161.480000000 -4.078266704107e-07
161.490000000 -4.078106363212e-07
161.500000000 -4.077946022317e-07
161.510000000 -4.077785681421e-07
161.520000000 -4.077625340526e-07
161.530000000 -4.077464999631e-07
161.540000000 -4.077304658736e-07
161.550000000 -4.077144317841e-07
161.560000000 -4.076983976946e-07
161.570000000 -4.076823636051e-07
161.580000000 -4.076663295156e-07
161.590000000 -4.076502954261e-07
161.600000000 -4.076342613365e-07
161.610000000 -4.076182272470e-07
161.620000000 -4.076021931575e-07
161.630000000 -4.075861590680e-07
161.640000000 -4.075701249785e-07
161.650000000 -4.075540908890e-07
161.660000000 -4.075380567995e-07
161.670000000 -4.075220227100e-07
161.680000000 -4.075059886205e-07
161.690000000 -4.074899545310e-07
161.700000000 -4.074739204414e-07
161.710000000 -4.074578863519e-07
161.720000000 -4.074418522624e-07
161.730000000 -4.074258181729e-07
161.740000000 -4.074097840834e-07
161.750000000 -4.073937499939e-07
161.760000000 -4.073777159044e-07
161.770000000 -4.073616818149e-07
161.780000000 -4.073456477254e-07
161.790000000 -4.073296136359e-07
161.800000000 -4.073135795463e-07
161.810000000 -4.072975454568e-07
161.820000000 -4.072815113673e-07
161.830000000 -4.072654772778e-07
161.840000000 -4.072494431883e-07
161.850000000 -4.072334090988e-07
161.860000000 -4.072173750093e-07
161.870000000 -4.072013409198e-07
161.880000000 -4.071853068303e-07
161.890000000 -4.071692727408e-07
161.900000000 -4.071532386512e-07
161.910000000 -4.071372045617e-07
161.920000000 -4.071211704722e-07
161.930000000 -4.071051363827e-07
161.940000000 -4.070891022932e-07
161.950000000 -4.070730682037e-07
161.960000000 -4.070570341142e-07
161.970000000 -4.070410000247e-07
161.980000000 -4.070249659352e-07
161.990000000 -4.070089318457e-07
162.000000000 -4.069928977561e-07
162.010000000 -4.069768636666e-07
162.020000000 -4.069608295771e-07
162.030000000 -4.069447954876e-07
162.040000000 -4.069287613981e-07
162.050000000 -4.069127273086e-07
162.060000000 -4.068966932191e-07
162.070000000 -4.068806591296e-07
162.080000000 -4.068646250401e-07
162.090000000 -4.068485909505e-07
162.100000000 -4.068325568610e-07
162.110000000 -4.068165227715e-07
162.120000000 -4.068004886820e-07
162.130000000 -4.067844545925e-07
162.140000000 -4.067684205030e-07
162.150000000 -4.067523864135e-07
162.160000000 -4.067363523240e-07
162.170000000 -4.067203182345e-07
162.180000000 -4.067042841450e-07
162.190000000 -4.066882500554e-07
162.200000000 -4.066722159659e-07
162.210000000 -4.066561818764e-07
162.220000000 -4.066401477869e-07
162.230000000 -4.066241136974e-07
162.240000000 -4.066080796079e-07
162.250000000 -4.065920455184e-07
162.260000000 -4.065760114289e-07
162.270000000 -4.065599773394e-07
162.280000000 -4.065439432499e-07
162.290000000 -4.065279091603e-07
162.300000000 -4.065118750708e-07
162.310000000 -4.064958409813e-07
162.320000000 -4.064798068918e-07
162.330000000 -4.064637728023e-07
162.340000000 -4.064477387128e-07
162.350000000 -4.064317046233e-07
162.360000000 -4.064156705338e-07
162.370000000 -4.063996364443e-07
162.380000000 -4.063836023548e-07
162.390000000 -4.063675682652e-07
162.400000000 -4.063515341757e-07
162.410000000 -4.063355000862e-07
162.420000000 -4.063194659967e-07
162.430000000 -4.063034319072e-07
162.440000000 -4.062873978177e-07
162.450000000 -4.062713637282e-07
162.460000000 -4.062553296387e-07
162.470000000 -4.062392955492e-07
162.480000000 -4.062232614596e-07
162.490000000 -4.062072273701e-07
162.500000000 -4.061911932806e-07
162.510000000 -4.061751591911e-07
162.520000000 -4.061591251016e-07
162.530000000 -4.061430910121e-07
162.540000000 -4.061270569226e-07
162.550000000 -4.061110228331e-07
162.560000000 -4.060949887436e-07
162.570000000 -4.060789546541e-07
162.580000000 -4.060629205645e-07
162.590000000 -4.060468864750e-07
162.600000000 -4.060308523855e-07
162.610000000 -4.060148182960e-07
162.620000000 -4.059987842065e-07
162.630000000 -4.059827501170e-07
162.640000000 -4.059667160275e-07
162.650000000 -4.059506819380e-07
162.660000000 -4.059346478485e-07
162.670000000 -4.059186137590e-07
162.680000000 -4.059025796694e-07
162.690000000 -4.058865455799e-07
162.700000000 -4.058705114904e-07
162.710000000 -4.058544774009e-07
162.720000000 -4.058384433114e-07
162.730000000 -4.058224092219e-07
162.740000000 -4.058063751324e-07
162.750000000 -4.057903410429e-07
162.760000000 -4.057743069534e-07
162.770000000 -4.057582728639e-07
162.780000000 -4.057422387743e-07
162.790000000 -4.057262046848e-07
162.800000000 -4.057101705953e-07
162.810000000 -4.056941365058e-07
162.820000000 -4.056781024163e-07
162.830000000 -4.056620683268e-07
162.840000000 -4.056460342373e-07
162.850000000 -4.056300001478e-07
162.860000000 -4.056139660583e-07
162.870000000 -4.055979319688e-07
162.880000000 -4.055818978792e-07
162.890000000 -4.055658637897e-07
162.900000000 -4.055498297002e-07
162.910000000 -4.055337956107e-07
162.920000000 -4.055177615212e-07
162.930000000 -4.055017274317e-07
162.940000000 -4.054856933422e-07
162.950000000 -4.054696592527e-07
162.960000000 -4.054536251632e-07
162.970000000 -4.054375910736e-07
162.980000000 -4.054215569841e-07
162.990000000 -4.054055228946e-07
163.000000000 -4.053894888051e-07
163.010000000 -4.053734547156e-07
163.020000000 -4.053574206261e-07
163.030000000 -4.053413865366e-07
163.040000000 -4.053253524471e-07
163.050000000 -4.053093183576e-07
163.060000000 -4.052932842681e-07
163.070000000 -4.052772501785e-07
163.080000000 -4.052612160890e-07
163.090000000 -4.052451819995e-07
163.100000000 -4.052291479100e-07
163.110000000 -4.052131138205e-07
163.120000000 -4.051970797310e-07
163.130000000 -4.051810456415e-07
163.140000000 -4.051650115520e-07
163.150000000 -4.051489774625e-07
163.160000000 -4.051329433730e-07
163.170000000 -4.051169092834e-07
163.180000000 -4.051008751939e-07
163.190000000 -4.050848411044e-07
163.200000000 -4.050688070149e-07
163.210000000 -4.050527729254e-07
163.220000000 -4.050367388359e-07
163.230000000 -4.050207047464e-07
163.240000000 -4.050046706569e-07
163.250000000 -4.049886365674e-07
163.260000000 -4.049726024779e-07
163.270000000 -4.049565683883e-07
163.280000000 -4.049405342988e-07
163.290000000 -4.049245002093e-07
163.300000000 -4.049084661198e-07
163.310000000 -4.048924320303e-07
163.320000000 -4.048763979408e-07
163.330000000 -4.048603638513e-07
163.340000000 -4.048443297618e-07
163.350000000 -4.048282956723e-07
163.360000000 -4.048122615827e-07
163.370000000 -4.047962274932e-07
163.380000000 -4.047801934037e-07
163.390000000 -4.047641593142e-07
163.400000000 -4.047481252247e-07
163.410000000 -4.047320911352e-07
163.420000000 -4.047160570457e-07
163.430000000 -4.047000229562e-07
163.440000000 -4.046839888667e-07
163.450000000 -4.046679547772e-07
163.460000000 -4.046519206876e-07
163.470000000 -4.046358865981e-07
163.480000000 -4.046198525086e-07
163.490000000 -4.046038184191e-07
163.500000000 -4.045877843296e-07
163.510000000 -4.045717502401e-07
163.520000000 -4.045557161506e-07
163.530000000 -4.045396820611e-07
163.540000000 -4.045236479716e-07
163.550000000 -4.045076138821e-07
163.560000000 -4.044915797925e-07
163.570000000 -4.044755457030e-07
163.580000000 -4.044595116135e-07
163.590000000 -4.044434775240e-07
163.600000000 -4.044274434345e-07
163.610000000 -4.044114093450e-07
163.620000000 -4.043953752555e-07
163.630000000 -4.043793411660e-07
163.640000000 -4.043633070765e-07
163.650000000 -4.043472729870e-07
163.660000000 -4.043312388974e-07
163.670000000 -4.043152048079e-07
163.680000000 -4.042991707184e-07
163.690000000 -4.042831366289e-07
163.700000000 -4.042671025394e-07
163.710000000 -4.042510684499e-07
163.720000000 -4.042350343604e-07
163.730000000 -4.042190002709e-07
163.740000000 -4.042029661814e-07
163.750000000 -4.041869320919e-07
163.760000000 -4.041708980023e-07
163.770000000 -4.041548639128e-07
163.780000000 -4.041388298233e-07
163.790000000 -4.041227957338e-07
163.800000000 -4.041067616443e-07
163.810000000 -4.040907275548e-07
163.820000000 -4.040746934653e-07
163.830000000 -4.040586593758e-07
