0.000000000 3.232834349554e-06
0.010000000 3.232781717553e-06
0.020000000 3.232729085553e-06
0.030000000 3.232676453552e-06
0.040000000 3.231572362779e-06
0.050000000 3.234028697590e-06
0.060000000 3.229081231251e-06
0.070000000 3.237585158252e-06
0.080000000 3.223542553013e-06
0.090000000 3.245513041587e-06
0.100000000 3.211120229705e-06
0.110000000 3.266355881616e-06
0.120000000 3.165373052218e-06
0.130000000 3.482020765897e-06
0.140000000 4.297875756102e-06
0.150000000 4.199401893516e-06
0.160000000 4.249742711088e-06
0.170000000 4.223906458208e-06
0.180000000 4.231886973544e-06
0.190000000 4.239867488879e-06
0.200000000 4.214031235999e-06
0.210000000 4.263320594798e-06
0.220000000 4.167355699024e-06
0.230000000 4.978315854890e-06
0.240000000 5.303520127572e-06
0.250000000 5.188547324935e-06
0.260000000 5.265806097421e-06
0.270000000 5.196021646884e-06
0.280000000 5.275789386182e-06
0.290000000 5.155921749205e-06
0.300000000 5.989941316188e-06
0.310000000 6.286652763518e-06
0.320000000 6.212710988318e-06
0.330000000 6.227660167235e-06
0.340000000 6.257112198267e-06
0.350000000 6.163111057432e-06
0.360000000 6.990559620557e-06
0.370000000 7.276528879019e-06
0.380000000 7.233444599423e-06
0.390000000 7.178778014322e-06
0.400000000 7.477162375582e-06
0.410000000 8.289256865482e-06
0.420000000 8.218091340331e-06
0.430000000 8.198081640082e-06
0.440000000 8.448659259889e-06
0.450000000 9.333905073738e-06
0.460000000 9.133027442393e-06
0.470000000 9.490245344920e-06
0.480000000 1.030326879724e-05
0.490000000 1.015897650422e-05
0.500000000 1.046159462357e-05
0.510000000 1.134004292319e-05
0.520000000 1.110454216198e-05
0.530000000 1.204517755882e-05
0.540000000 1.219574390937e-05
0.550000000 1.298873255214e-05
0.560000000 1.324211097807e-05
0.570000000 1.394082054668e-05
0.580000000 1.430229013140e-05
0.590000000 1.484177064043e-05
0.600000000 1.560802566181e-05
0.610000000 1.618087263326e-05
0.620000000 1.695524524850e-05
0.630000000 1.746259231396e-05
0.640000000 1.853562296203e-05
0.650000000 1.923066363199e-05
0.660000000 1.991391065431e-05
0.670000000 2.100194311329e-05
0.680000000 2.197695808152e-05
0.690000000 2.294235261962e-05
0.700000000 2.419020586672e-05
0.710000000 2.559284464318e-05
0.720000000 2.685549969972e-05
0.730000000 2.827539362399e-05
0.740000000 2.997370288022e-05
0.750000000 3.116686132268e-05
0.760000000 3.324068840254e-05
0.770000000 3.523322253804e-05
0.780000000 3.717202156308e-05
0.790000000 3.946150219469e-05
0.800000000 4.228198445067e-05
0.810000000 4.481913409469e-05
0.820000000 4.826141943908e-05
0.830000000 5.149474786114e-05
0.840000000 5.508238282246e-05
0.850000000 5.998186975989e-05
0.860000000 6.438847646960e-05
0.870000000 7.019415679059e-05
0.880000000 7.613128602632e-05
0.890000000 8.306187144085e-05
0.900000000 9.138318344075e-05
0.910000000 1.006095786753e-04
0.920000000 1.112893039190e-04
0.930000000 1.239256503822e-04
0.940000000 1.392120006985e-04
0.950000000 1.579391162449e-04
0.960000000 1.797982711288e-04
0.970000000 2.062668941581e-04
0.980000000 2.392174357729e-04
0.990000000 2.791400719490e-04
1.000000000 3.265562023112e-04
1.010000000 3.810779036383e-04
1.020000000 4.403931071707e-04
1.030000000 5.013070373010e-04
1.040000000 5.574369259749e-04
1.050000000 6.072648056282e-04
1.060000000 6.493095879042e-04
1.070000000 6.839405446381e-04
1.080000000 7.119579683369e-04
1.090000000 7.340344323152e-04
1.100000000 7.522963013647e-04
1.110000000 7.672746751973e-04
1.120000000 7.797707138243e-04
1.130000000 7.912250987008e-04
1.140000000 8.010476780782e-04
1.150000000 8.100829827654e-04
1.160000000 8.181389357882e-04
1.170000000 8.241636231389e-04
1.180000000 8.273962793246e-04
1.190000000 8.283764166895e-04
1.200000000 8.272525491954e-04
1.210000000 8.260252084045e-04
1.220000000 8.266273996171e-04
1.230000000 8.303120533744e-04
1.240000000 8.399560040437e-04
1.250000000 8.533227150201e-04
1.260000000 8.694684046193e-04
1.270000000 8.855964378307e-04
1.280000000 8.972335988743e-04
1.290000000 9.042995972833e-04
1.300000000 9.063555837031e-04
1.310000000 9.032236910546e-04
1.320000000 8.991611286922e-04
1.330000000 8.922792620730e-04
1.340000000 8.843696416131e-04
1.350000000 8.776204501674e-04
1.360000000 8.734841142247e-04
1.370000000 8.772637048536e-04
1.380000000 8.929662810155e-04
1.390000000 9.204050181788e-04
1.400000000 9.551257525677e-04
1.410000000 9.883468352727e-04
1.420000000 1.010201364866e-03
1.430000000 1.010361410052e-03
1.440000000 9.831840708005e-04
1.450000000 9.301617603213e-04
1.460000000 8.583528563758e-04
1.470000000 7.764607063494e-04
1.480000000 6.972262148998e-04
1.490000000 6.310807190194e-04
1.500000000 5.871239082761e-04
1.510000000 5.721301144945e-04
1.520000000 5.898314812817e-04
1.530000000 6.405486173518e-04
1.540000000 7.201480166068e-04
1.550000000 8.218986510991e-04
1.560000000 9.334648935034e-04
1.570000000 1.044678528600e-03
1.580000000 1.146470028869e-03
1.590000000 1.234595120089e-03
1.600000000 1.305745288341e-03
1.610000000 1.359575990833e-03
1.620000000 1.394899803421e-03
1.630000000 1.405939290393e-03
1.640000000 1.388091860780e-03
1.650000000 1.336257937009e-03
1.660000000 1.248055310508e-03
1.670000000 1.121951711836e-03
1.680000000 9.586688658955e-04
1.690000000 7.566932472842e-04
1.700000000 5.153274332926e-04
1.710000000 2.404742037179e-04
1.720000000 -5.565855710609e-05
1.730000000 -3.541891764186e-04
1.740000000 -6.357246429426e-04
1.750000000 -8.840971556328e-04
1.760000000 -1.088514390502e-03
1.770000000 -1.240707317080e-03
1.780000000 -1.338472401761e-03
1.790000000 -1.382229510005e-03
1.800000000 -1.378669417252e-03
1.810000000 -1.336979231780e-03
1.820000000 -1.265218731009e-03
1.830000000 -1.172195036310e-03
1.840000000 -1.066513118355e-03
1.850000000 -9.592537908847e-04
1.860000000 -8.601798965359e-04
1.870000000 -7.709444194629e-04
1.880000000 -6.851198532928e-04
1.890000000 -5.851269304808e-04
1.900000000 -4.530684097492e-04
1.910000000 -2.728719282616e-04
1.920000000 -3.756639954130e-05
1.930000000 2.476578301863e-04
1.940000000 5.696307052639e-04
1.950000000 9.000749616024e-04
1.960000000 1.204049181935e-03
1.970000000 1.440332272272e-03
1.980000000 1.572842548233e-03
1.990000000 1.580366127556e-03
2.000000000 1.465084956189e-03
2.010000000 1.252070724099e-03
2.020000000 9.827498103622e-04
2.030000000 6.983994154898e-04
2.040000000 4.309962197064e-04
2.050000000 1.990980645200e-04
2.060000000 1.015865506885e-05
2.070000000 -1.339573684342e-04
2.080000000 -2.343398683636e-04
2.090000000 -2.953359148981e-04
2.100000000 -3.208572888796e-04
2.110000000 -3.171964643045e-04
2.120000000 -2.912109991310e-04
2.130000000 -2.471443698104e-04
2.140000000 -1.880594014272e-04
2.150000000 -1.140236263781e-04
2.160000000 -2.436497653607e-05
2.170000000 7.486616665175e-05
2.180000000 1.733503016343e-04
2.190000000 2.582573163965e-04
2.200000000 3.230832218119e-04
2.210000000 3.672964060562e-04
2.220000000 3.967362167439e-04
2.230000000 4.225862874023e-04
2.240000000 4.556109041871e-04
2.250000000 5.019587723840e-04
2.260000000 5.661347090385e-04
2.270000000 6.439915317267e-04
2.280000000 7.185604346416e-04
2.290000000 7.574163036009e-04
2.300000000 7.174243121228e-04
2.310000000 5.646276371702e-04
2.320000000 2.856482666444e-04
2.330000000 -1.056077477430e-04
2.340000000 -5.791844007991e-04
2.350000000 -1.100115750332e-03
2.360000000 -1.644342774743e-03
2.370000000 -2.197992066021e-03
2.380000000 -2.757897798264e-03
2.390000000 -3.322359141294e-03
2.400000000 -3.883845162190e-03
2.410000000 -4.420651441832e-03
2.420000000 -4.892729407112e-03
2.430000000 -5.251348207386e-03
2.440000000 -5.456324676547e-03
2.450000000 -5.485255557438e-03
2.460000000 -5.338024042229e-03
2.470000000 -5.024578735728e-03
2.480000000 -4.564336177839e-03
2.490000000 -3.992175346671e-03
2.500000000 -3.359831935393e-03
2.510000000 -2.727185357075e-03
2.520000000 -2.139680867684e-03
2.530000000 -1.620516235953e-03
2.540000000 -1.167629700868e-03
2.550000000 -7.644789247791e-04
2.560000000 -3.992278237717e-04
2.570000000 -8.036399648937e-05
2.580000000 1.573918602292e-04
2.590000000 2.709848041843e-04
2.600000000 2.375143889978e-04
2.610000000 7.135641531961e-05
2.620000000 -1.788486406108e-04
2.630000000 -4.563155360635e-04
2.640000000 -7.173866673869e-04
2.650000000 -9.404923410072e-04
2.660000000 -1.119898018356e-03
2.670000000 -1.254954510273e-03
2.680000000 -1.344918618512e-03
2.690000000 -1.383739684191e-03
2.700000000 -1.360877235901e-03
2.710000000 -1.258373287928e-03
2.720000000 -1.055294710283e-03
2.730000000 -7.319665271600e-04
2.740000000 -2.700180326732e-04
2.750000000 3.458870307698e-04
2.760000000 1.121356666237e-03
2.770000000 2.039945965712e-03
2.780000000 3.054479068617e-03
2.790000000 4.087246772363e-03
2.800000000 5.046601176231e-03
2.810000000 5.851338780886e-03
2.820000000 6.445751170116e-03
2.830000000 6.799971920406e-03
2.840000000 6.906082862271e-03
2.850000000 6.781709675810e-03
2.860000000 6.478995333367e-03
2.870000000 6.080873588620e-03
2.880000000 5.683622174792e-03
2.890000000 5.358416127830e-03
2.900000000 5.121354606396e-03
2.910000000 4.928287669093e-03
2.920000000 4.692316694001e-03
2.930000000 4.321668321895e-03
2.940000000 3.754476654723e-03
2.950000000 2.976513430802e-03
2.960000000 2.020789197579e-03
2.970000000 9.558989728756e-04
2.980000000 -1.379400583136e-04
2.990000000 -1.186148478374e-03
3.000000000 -2.128872514821e-03
3.010000000 -2.919356443755e-03
3.020000000 -3.513614847208e-03
3.030000000 -3.873803424499e-03
3.040000000 -3.980998338653e-03
3.050000000 -3.852587907657e-03
3.060000000 -3.541184164301e-03
3.070000000 -3.114633729043e-03
3.080000000 -2.636114491738e-03
3.090000000 -2.142619660696e-03
3.100000000 -1.651824998567e-03
3.110000000 -1.179939331629e-03
3.120000000 -7.554249011020e-04
3.130000000 -4.131322907554e-04
3.140000000 -1.792236928725e-04
3.150000000 -4.834208329468e-05
3.160000000 1.804585380186e-05
3.170000000 7.291937143606e-05
3.180000000 1.543771508055e-04
3.190000000 2.671114941674e-04
3.200000000 3.732678228262e-04
3.210000000 4.059230353727e-04
3.220000000 2.937142198822e-04
3.230000000 -2.098725897851e-05
3.240000000 -5.632168903634e-04
3.250000000 -1.312650192558e-03
3.260000000 -2.215681123714e-03
3.270000000 -3.197659536946e-03
3.280000000 -4.185091033057e-03
3.290000000 -5.114331747421e-03
3.300000000 -5.925071080333e-03
3.310000000 -6.553810416851e-03
3.320000000 -6.937926738312e-03
3.330000000 -7.030500610194e-03
3.340000000 -6.815084430610e-03
3.350000000 -6.301976603027e-03
3.360000000 -5.517399642894e-03
3.370000000 -4.485142467672e-03
3.380000000 -3.238399005112e-03
3.390000000 -1.834428087931e-03
3.400000000 -3.642575845613e-04
3.410000000 1.044825180621e-03
3.420000000 2.260504225572e-03
3.430000000 3.173362973159e-03
3.440000000 3.720653114066e-03
3.450000000 3.895135138169e-03
3.460000000 3.748098615769e-03
3.470000000 3.379396510771e-03
3.480000000 2.922161102833e-03
3.490000000 2.508164450845e-03
3.500000000 2.215501866931e-03
3.510000000 2.039383006383e-03
3.520000000 1.896012421478e-03
3.530000000 1.665230210466e-03
3.540000000 1.245417150421e-03
3.550000000 5.927419048322e-04
3.560000000 -2.684111552984e-04
3.570000000 -1.256962636219e-03
3.580000000 -2.263515612714e-03
3.590000000 -3.179166231985e-03
3.600000000 -3.919657885922e-03
3.610000000 -4.432590063745e-03
3.620000000 -4.687831845434e-03
3.630000000 -4.675855879055e-03
3.640000000 -4.399784256183e-03
3.650000000 -3.883165316520e-03
3.660000000 -3.166072699726e-03
3.670000000 -2.303977363095e-03
3.680000000 -1.366002254609e-03
3.690000000 -4.312136392877e-04
3.700000000 4.093555587911e-04
3.710000000 1.061232423582e-03
3.720000000 1.436258171000e-03
3.730000000 1.472314872435e-03
3.740000000 1.143690326864e-03
3.750000000 4.730157164468e-04
3.760000000 -4.764025792516e-04
3.770000000 -1.611371327186e-03
3.780000000 -2.834197742110e-03
3.790000000 -4.061951163293e-03
3.800000000 -5.239811554967e-03
3.810000000 -6.335428672040e-03
3.820000000 -7.327019582000e-03
3.830000000 -8.195958666489e-03
3.840000000 -8.925674017709e-03
3.850000000 -9.505393425999e-03
3.860000000 -9.931060627964e-03
3.870000000 -1.021002588638e-02
3.880000000 -1.035637883075e-02
3.890000000 -1.039050976087e-02
3.900000000 -1.032770487172e-02
3.910000000 -1.017732281571e-02
3.920000000 -9.931693434448e-03
3.930000000 -9.572110042006e-03
3.940000000 -9.065835786977e-03
3.950000000 -8.375181765563e-03
3.960000000 -7.465324523573e-03
3.970000000 -6.319171544934e-03
3.980000000 -4.953777979813e-03
3.990000000 -3.442913118358e-03
4.000000000 -1.920132626230e-03
4.010000000 -5.582721090344e-04
4.020000000 4.784499667334e-04
4.030000000 1.083186914799e-03
4.040000000 1.229175636401e-03
4.050000000 9.736944486275e-04
4.060000000 4.332804776077e-04
4.070000000 -2.355317963440e-04
4.080000000 -8.690626924476e-04
4.090000000 -1.328598995771e-03
4.100000000 -1.533747153303e-03
4.110000000 -1.478413260480e-03
4.120000000 -1.223767558730e-03
4.130000000 -8.729484713651e-04
4.140000000 -5.293318828825e-04
4.150000000 -2.581198777459e-04
4.160000000 -6.265797645529e-05
4.170000000 1.166898408421e-04
4.180000000 3.816022600452e-04
4.190000000 8.347083626304e-04
4.200000000 1.535354952728e-03
4.210000000 2.476265189063e-03
4.220000000 3.590124412332e-03
4.230000000 4.791439220516e-03
4.240000000 6.010312469130e-03
4.250000000 7.206583300769e-03
4.260000000 8.360501795418e-03
4.270000000 9.447880882916e-03
4.280000000 1.042652357698e-02
4.290000000 1.123522669163e-02
4.300000000 1.182574602417e-02
4.310000000 1.219091644762e-02
4.320000000 1.237915184663e-02
4.330000000 1.247015952326e-02
4.340000000 1.252313309182e-02
4.350000000 1.254409251559e-02
4.360000000 1.246763846062e-02
4.370000000 1.219138451304e-02
4.380000000 1.162192017050e-02
4.390000000 1.072344864766e-02
4.400000000 9.539779508566e-03
4.410000000 8.178236099349e-03
4.420000000 6.776850315956e-03
4.430000000 5.465401328202e-03
4.440000000 4.343961653750e-03
4.450000000 3.466595498164e-03
4.460000000 2.841190278542e-03
4.470000000 2.437511519174e-03
4.480000000 2.212460081124e-03
4.490000000 2.128832464446e-03
4.500000000 2.155572173451e-03
4.510000000 2.253703593372e-03
4.520000000 2.362470590604e-03
4.530000000 2.410475166218e-03
4.540000000 2.337818057414e-03
4.550000000 2.114121300453e-03
4.560000000 1.742741250188e-03
4.570000000 1.240836489153e-03
4.580000000 6.220398614311e-04
4.590000000 -1.099296796143e-04
4.600000000 -9.578732857183e-04
4.610000000 -1.909369177056e-03
4.620000000 -2.917136059092e-03
4.630000000 -3.900446956528e-03
4.640000000 -4.768418558852e-03
4.650000000 -5.458295618350e-03
4.660000000 -5.959980004494e-03
4.670000000 -6.312131027583e-03
4.680000000 -6.570335983720e-03
4.690000000 -6.774077968297e-03
4.700000000 -6.926184237787e-03
4.710000000 -6.998401384362e-03
4.720000000 -6.959881372433e-03
4.730000000 -6.797475947958e-03
4.740000000 -6.506411318951e-03
4.750000000 -6.069370242015e-03
4.760000000 -5.444942568463e-03
4.770000000 -4.584188657667e-03
4.780000000 -3.460662304965e-03
4.790000000 -2.096312090306e-03
4.800000000 -5.612075495758e-04
4.810000000 1.039418433267e-03
4.820000000 2.585594587899e-03
4.830000000 3.969305822938e-03
4.840000000 5.108192629192e-03
4.850000000 5.958367019555e-03
4.860000000 6.518402728871e-03
4.870000000 6.825284499513e-03
4.880000000 6.950236364641e-03
4.890000000 6.972916783975e-03
4.900000000 6.958148686541e-03
4.910000000 6.935390172367e-03
4.920000000 6.892483867816e-03
4.930000000 6.801078431453e-03
4.940000000 6.643329063488e-03
4.950000000 6.437450758532e-03
4.960000000 6.250963507417e-03
4.970000000 6.183047945614e-03
4.980000000 6.328488134396e-03
4.990000000 6.745955716943e-03
5.000000000 7.437924843843e-03
5.010000000 8.351225896819e-03
5.020000000 9.400560672993e-03
5.030000000 1.048930760813e-02
5.040000000 1.151699859386e-02
5.050000000 1.237315545096e-02
5.060000000 1.293669015953e-02
5.070000000 1.309676616362e-02
5.080000000 1.278871350724e-02
5.090000000 1.203092515856e-02
5.100000000 1.093033850255e-02
5.110000000 9.659303932170e-03
5.120000000 8.405596976398e-03
5.130000000 7.331255179988e-03
5.140000000 6.530825654960e-03
5.150000000 6.026860856639e-03
5.160000000 5.764588507347e-03
5.170000000 5.630172310342e-03
5.180000000 5.480859354769e-03
5.190000000 5.180727258202e-03
5.200000000 4.636360265115e-03
5.210000000 3.810552693034e-03
5.220000000 2.739594585514e-03
5.230000000 1.533072755590e-03
5.240000000 3.644113266178e-04
5.250000000 -5.637828548077e-04
5.260000000 -1.076266024219e-03
5.270000000 -1.078301927858e-03
5.280000000 -5.826429510150e-04
5.290000000 3.027141982775e-04
5.300000000 1.412108763611e-03
5.310000000 2.569158461089e-03
5.320000000 3.617992882630e-03
5.330000000 4.442159490424e-03
5.340000000 4.975426801884e-03
5.350000000 5.203952199874e-03
5.360000000 5.156209002669e-03
5.370000000 4.880698537881e-03
5.380000000 4.421461377838e-03
5.390000000 3.809023925140e-03
5.400000000 3.062773155955e-03
5.410000000 2.197610458693e-03
5.420000000 1.229363473123e-03
5.430000000 1.763995703666e-04
5.440000000 -9.347600121070e-04
5.450000000 -2.068060640470e-03
5.460000000 -3.189689349375e-03
5.470000000 -4.278310597627e-03
5.480000000 -5.342704912641e-03
5.490000000 -6.418750976650e-03
5.500000000 -7.550671277941e-03
5.510000000 -8.771996211106e-03
5.520000000 -1.007665455753e-02
5.530000000 -1.140840191262e-02
5.540000000 -1.266665660861e-02
5.550000000 -1.372938456195e-02
5.560000000 -1.449852906374e-02
5.570000000 -1.493060974246e-02
5.580000000 -1.503960730773e-02
5.590000000 -1.487442437418e-02
5.600000000 -1.449397281174e-02
5.610000000 -1.395740040798e-02
5.620000000 -1.333044371030e-02
5.630000000 -1.268275812000e-02
5.640000000 -1.207540076268e-02
5.650000000 -1.154259846701e-02
5.660000000 -1.108207501130e-02
5.670000000 -1.065815217567e-02
5.680000000 -1.021447552535e-02
5.690000000 -9.692995078451e-03
5.700000000 -9.054088522768e-03
5.710000000 -8.297052506913e-03
5.720000000 -7.455847320872e-03
5.730000000 -6.575543640674e-03
5.740000000 -5.672188815097e-03
5.750000000 -4.722635097388e-03
5.760000000 -3.679950078112e-03
5.770000000 -2.516737396886e-03
5.780000000 -1.264920239903e-03
5.790000000 -2.055754284550e-05
5.800000000 1.081817795490e-03
5.810000000 1.914167016921e-03
5.820000000 2.401023610368e-03
5.830000000 2.546195398971e-03
5.840000000 2.422332691823e-03
5.850000000 2.132080176882e-03
5.860000000 1.771363231672e-03
5.870000000 1.403143119283e-03
5.880000000 1.069529106295e-03
5.890000000 8.091208103306e-04
5.900000000 6.662060189093e-04
5.910000000 6.832558794937e-04
5.920000000 8.781811959259e-04
5.930000000 1.226646093429e-03
5.940000000 1.664224160266e-03
5.950000000 2.097847277054e-03
5.960000000 2.427659122061e-03
5.970000000 2.572250118563e-03
5.980000000 2.479982774496e-03
5.990000000 2.130259343068e-03
6.000000000 1.534833049169e-03
6.010000000 7.297714824723e-04
6.020000000 -2.143966295396e-04
6.030000000 -1.190778120349e-03
6.040000000 -2.068689252849e-03
6.050000000 -2.737722703002e-03
6.060000000 -3.151801040076e-03
6.070000000 -3.351653703685e-03
6.080000000 -3.451243693822e-03
6.090000000 -3.602284105309e-03
6.100000000 -3.950200730610e-03
6.110000000 -4.605757964091e-03
6.120000000 -5.616169400105e-03
6.130000000 -6.950658893388e-03
6.140000000 -8.508817534583e-03
6.150000000 -1.014549330027e-02
6.160000000 -1.170447457208e-02
6.170000000 -1.304324191566e-02
6.180000000 -1.405336941718e-02
6.190000000 -1.466548770606e-02
6.200000000 -1.485423307328e-02
6.210000000 -1.463167809643e-02
6.220000000 -1.404592370625e-02
6.230000000 -1.317990618897e-02
6.240000000 -1.214567208624e-02
6.250000000 -1.107092897620e-02
6.260000000 -1.007116462192e-02
6.270000000 -9.231882789826e-03
6.280000000 -8.593110352577e-03
6.290000000 -8.157886520338e-03
6.300000000 -7.890013467123e-03
6.310000000 -7.715267309843e-03
6.320000000 -7.523547779539e-03
6.330000000 -7.184842284499e-03
6.340000000 -6.576020888657e-03
6.350000000 -5.612556304833e-03
6.360000000 -4.270304820155e-03
6.370000000 -2.600852216840e-03
6.380000000 -7.218335857184e-04
6.390000000 1.207844958089e-03
6.400000000 3.026219444920e-03
6.410000000 4.601036898630e-03
6.420000000 5.847595625289e-03
6.430000000 6.720858875962e-03
6.440000000 7.206919229600e-03
6.450000000 7.309622519153e-03
6.460000000 7.061397542736e-03
6.470000000 6.539528559716e-03
6.480000000 5.873967717331e-03
6.490000000 5.236373249524e-03
6.500000000 4.795736856489e-03
6.510000000 4.667782129972e-03
6.520000000 4.878428829056e-03
6.530000000 5.359940219322e-03
6.540000000 5.968182331280e-03
6.550000000 6.532371093302e-03
6.560000000 6.890740844336e-03
6.570000000 6.918500916684e-03
6.580000000 6.547775662518e-03
6.590000000 5.787455615099e-03
6.600000000 4.739822312179e-03
6.610000000 3.584084866347e-03
6.620000000 2.528985184842e-03
6.630000000 1.736822961374e-03
6.640000000 1.278178517498e-03
6.650000000 1.128957516481e-03
6.660000000 1.211539603140e-03
6.670000000 1.442564383693e-03
6.680000000 1.761621729004e-03
6.690000000 2.132966854748e-03
6.700000000 2.538394690112e-03
6.710000000 2.961406675495e-03
6.720000000 3.387803140988e-03
6.730000000 3.804977141271e-03
6.740000000 4.207022393484e-03
6.750000000 4.600167552194e-03
6.760000000 4.996548572005e-03
6.770000000 5.406529908299e-03
6.780000000 5.813656048693e-03
6.790000000 6.164341222598e-03
6.800000000 6.373934546346e-03
6.810000000 6.354498164944e-03
6.820000000 6.056818866449e-03
6.830000000 5.488444000192e-03
6.840000000 4.712067625125e-03
6.850000000 3.817395465848e-03
6.860000000 2.896411549796e-03
6.870000000 2.041885908533e-03
6.880000000 1.354479728404e-03
6.890000000 9.432310117182e-04
6.900000000 8.900765089646e-04
6.910000000 1.207423507389e-03
6.920000000 1.815740440222e-03
6.930000000 2.565072516347e-03
6.940000000 3.293738478617e-03
6.950000000 3.877678830946e-03
6.960000000 4.250151123263e-03
6.970000000 4.388591436110e-03
6.980000000 4.299468452646e-03
6.990000000 4.018258880049e-03
7.000000000 3.614842930313e-03
7.010000000 3.185339362262e-03
7.020000000 2.820277465273e-03
7.030000000 2.569956250540e-03
7.040000000 2.433710944719e-03
7.050000000 2.378068395806e-03
7.060000000 2.371338626199e-03
7.070000000 2.413859877574e-03
7.080000000 2.539408235755e-03
7.090000000 2.790095255663e-03
7.100000000 3.181470971063e-03
7.110000000 3.674260206043e-03
7.120000000 4.174822638260e-03
7.130000000 4.561824167840e-03
7.140000000 4.733819034877e-03
7.150000000 4.638080848866e-03
7.160000000 4.281150431004e-03
7.170000000 3.712800436803e-03
7.180000000 3.000271677711e-03
7.190000000 2.216727697365e-03
7.200000000 1.434678766257e-03
7.210000000 7.248485871862e-04
7.220000000 1.504255691656e-04
7.230000000 -2.442779408438e-04
7.240000000 -4.432659585753e-04
7.250000000 -4.585596748051e-04
7.260000000 -3.358544815321e-04
7.270000000 -1.474166297270e-04
7.280000000 2.007233939252e-05
7.290000000 9.778372277843e-05
7.300000000 7.345147064464e-05
7.310000000 5.908155190056e-06
7.320000000 -7.256694834481e-07
7.330000000 1.557128030488e-04
7.340000000 5.233060518067e-04
7.350000000 1.073791982153e-03
7.360000000 1.708298776182e-03
7.370000000 2.282980768193e-03
7.380000000 2.638026228018e-03
7.390000000 2.634694501314e-03
7.400000000 2.191389430693e-03
7.410000000 1.321546139204e-03
7.420000000 1.416123787828e-04
7.430000000 -1.146220428951e-03
7.440000000 -2.302801344079e-03
7.450000000 -3.114241968894e-03
7.460000000 -3.440883735510e-03
7.470000000 -3.246175333123e-03
7.480000000 -2.589846041673e-03
7.490000000 -1.602688826872e-03
7.500000000 -4.471937140441e-04
7.510000000 7.186753805798e-04
7.520000000 1.761380671941e-03
7.530000000 2.588936492114e-03
7.540000000 3.162708987667e-03
7.550000000 3.505862328860e-03
7.560000000 3.687812856819e-03
7.570000000 3.804281434737e-03
7.580000000 3.943904976690e-03
7.590000000 4.165722645485e-03
7.600000000 4.501245156896e-03
7.610000000 4.946524400340e-03
7.620000000 5.472035345677e-03
7.630000000 6.021039987409e-03
7.640000000 6.531689980545e-03
7.650000000 6.960014183326e-03
7.660000000 7.304965013690e-03
7.670000000 7.601970954998e-03
7.680000000 7.901299179851e-03
7.690000000 8.233618487592e-03
7.700000000 8.587667713117e-03
7.710000000 8.903977558429e-03
7.720000000 9.094794319103e-03
7.730000000 9.067935825133e-03
7.740000000 8.757554523582e-03
7.750000000 8.148001501575e-03
7.760000000 7.277671735270e-03
7.770000000 6.239260213182e-03
7.780000000 5.155262757981e-03
7.790000000 4.155873508627e-03
7.800000000 3.349972692481e-03
7.810000000 2.806672652636e-03
7.820000000 2.537089534198e-03
7.830000000 2.489315911323e-03
7.840000000 2.546346743810e-03
7.850000000 2.534267852273e-03
7.860000000 2.264568121265e-03
7.870000000 1.591707713213e-03
7.880000000 4.754751928665e-04
7.890000000 -9.894060491109e-04
7.900000000 -2.605651085392e-03
7.910000000 -4.146177444436e-03
7.920000000 -5.435805480332e-03
7.930000000 -6.399289552909e-03
7.940000000 -7.063040011588e-03
7.950000000 -7.514520386449e-03
7.960000000 -7.858310689595e-03
7.970000000 -8.177063221067e-03
7.980000000 -8.508406025929e-03
7.990000000 -8.834674517893e-03
8.000000000 -9.086607642512e-03
8.010000000 -9.170175887287e-03
8.020000000 -8.996200605974e-03
8.030000000 -8.522804438580e-03
8.040000000 -7.774231274216e-03
8.050000000 -6.833271506689e-03
8.060000000 -5.809481333301e-03
8.070000000 -4.794477428129e-03
8.080000000 -3.828794276194e-03
8.090000000 -2.899198471604e-03
8.100000000 -1.975206023950e-03
8.110000000 -1.048998641257e-03
8.120000000 -1.580663862151e-04
8.130000000 6.245858199550e-04
8.140000000 1.219740001130e-03
8.150000000 1.571996842923e-03
8.160000000 1.662206855063e-03
8.170000000 1.505345943217e-03
8.180000000 1.143252502094e-03
8.190000000 6.302540194813e-04
8.200000000 1.412518119640e-05
8.210000000 -6.816952566162e-04
8.220000000 -1.475259153131e-03
8.230000000 -2.409492798487e-03
8.240000000 -3.527295352644e-03
8.250000000 -4.838392456504e-03
8.260000000 -6.301667044660e-03
8.270000000 -7.816590739013e-03
8.280000000 -9.244591116694e-03
8.290000000 -1.044925464989e-02
8.300000000 -1.134207697333e-02
8.310000000 -1.192423085950e-02
8.320000000 -1.227763939726e-02
8.330000000 -1.252171716506e-02
8.340000000 -1.274339596763e-02
8.350000000 -1.295837687021e-02
8.360000000 -1.310313771810e-02
8.370000000 -1.306539511794e-02
8.380000000 -1.272715247211e-02
8.390000000 -1.200360851067e-02
8.400000000 -1.088888487492e-02
8.410000000 -9.481432565445e-03
8.420000000 -7.972575521667e-03
8.430000000 -6.588911936263e-03
8.440000000 -5.509230708053e-03
8.450000000 -4.808889622627e-03
8.460000000 -4.453519611989e-03
8.470000000 -4.346284826407e-03
8.480000000 -4.377949308189e-03
8.490000000 -4.457250714713e-03
8.500000000 -4.526458269547e-03
8.510000000 -4.559309147051e-03
8.520000000 -4.564944107984e-03
8.530000000 -4.587246646730e-03
8.540000000 -4.691830024857e-03
8.550000000 -4.936726705620e-03
8.560000000 -5.336782133518e-03
8.570000000 -5.833746614742e-03
8.580000000 -6.299093893620e-03
8.590000000 -6.559257511684e-03
8.600000000 -6.432132847028e-03
8.610000000 -5.774592332130e-03
8.620000000 -4.523885738951e-03
8.630000000 -2.735786031553e-03
8.640000000 -5.755667458353e-04
8.650000000 1.727762213427e-03
8.660000000 3.955632880195e-03
8.670000000 5.957906030744e-03
8.680000000 7.652669127743e-03
8.690000000 8.992031435919e-03
8.700000000 9.921488887577e-03
8.710000000 1.038246950472e-02
8.720000000 1.034816264815e-02
8.730000000 9.871541725590e-03
8.740000000 9.093718671962e-03
8.750000000 8.203799695988e-03
8.760000000 7.385958229348e-03
8.770000000 6.764365155614e-03
8.780000000 6.394257467537e-03
8.790000000 6.270932263541e-03
8.800000000 6.332684372056e-03
8.810000000 6.471785316994e-03
8.820000000 6.549224700040e-03
8.830000000 6.443403520441e-03
8.840000000 6.100714686184e-03
8.850000000 5.547060191829e-03
8.860000000 4.862766867833e-03
8.870000000 4.118880650107e-03
8.880000000 3.334398484411e-03
8.890000000 2.475691368570e-03
8.900000000 1.494778326053e-03
8.910000000 3.719549904597e-04
8.920000000 -8.528503107314e-04
8.930000000 -2.076678778967e-03
8.940000000 -3.148930932605e-03
8.950000000 -3.908037858390e-03
8.960000000 -4.230116211777e-03
8.970000000 -4.073581300864e-03
8.980000000 -3.497089699202e-03
8.990000000 -2.638515467345e-03
9.000000000 -1.671147161344e-03
9.010000000 -7.552134687148e-04
9.020000000 -1.231252873208e-05
9.030000000 4.761273500268e-04
9.040000000 6.569901359841e-04
9.050000000 5.041452228709e-04
9.060000000 3.248717854641e-05
9.070000000 -6.855859912019e-04
9.080000000 -1.525565415715e-03
9.090000000 -2.348048237952e-03
9.100000000 -3.056445684851e-03
9.110000000 -3.637221914957e-03
9.120000000 -4.150927820916e-03
9.130000000 -4.689761041742e-03
9.140000000 -5.318124877825e-03
9.150000000 -6.038494635332e-03
9.160000000 -6.797278281907e-03
9.170000000 -7.508865093338e-03
9.180000000 -8.084364573650e-03
9.190000000 -8.433900278174e-03
9.200000000 -8.465873364576e-03
9.210000000 -8.094842998399e-03
9.220000000 -7.267381728080e-03
9.230000000 -5.999142313141e-03
9.240000000 -4.397590095999e-03
9.250000000 -2.644310763674e-03
9.260000000 -9.353834725241e-04
9.270000000 5.851148633421e-04
9.280000000 1.875775186902e-03
9.290000000 2.990756053557e-03
9.300000000 4.034767198962e-03
9.310000000 5.096038702716e-03
9.320000000 6.204379860599e-03
9.330000000 7.313015507928e-03
9.340000000 8.310490266487e-03
9.350000000 9.044532914716e-03
9.360000000 9.359133554907e-03
9.370000000 9.147601896578e-03
9.380000000 8.396111850973e-03
9.390000000 7.207954037482e-03
9.400000000 5.779223096269e-03
9.410000000 4.327947279183e-03
9.420000000 3.024271915997e-03
9.430000000 1.954564870584e-03
9.440000000 1.132568952310e-03
9.450000000 5.366079383081e-04
9.460000000 1.431739834855e-04
9.470000000 -5.501530124353e-05
9.480000000 -4.553059940239e-05
9.490000000 1.998116599345e-04
9.500000000 7.096457247442e-04
9.510000000 1.485958590879e-03
9.520000000 2.476319408116e-03
9.530000000 3.567157469819e-03
9.540000000 4.602857381084e-03
9.550000000 5.431238351943e-03
9.560000000 5.943872093094e-03
9.570000000 6.096003441456e-03
9.580000000 5.902959906877e-03
9.590000000 5.410785572012e-03
9.600000000 4.677795313141e-03
9.610000000 3.750770404278e-03
9.620000000 2.659263452016e-03
9.630000000 1.430920775971e-03
9.640000000 1.230767085137e-04
9.650000000 -1.145424058397e-03
9.660000000 -2.192543467869e-03
9.670000000 -2.819903508930e-03
9.680000000 -2.891942909689e-03
9.690000000 -2.400125605619e-03
9.700000000 -1.482545258827e-03
9.710000000 -3.865071533042e-04
9.720000000 6.081930642275e-04
9.730000000 1.265244361454e-03
9.740000000 1.452054143560e-03
9.750000000 1.167108955204e-03
9.760000000 5.292553300380e-04
9.770000000 -2.581060964861e-04
9.780000000 -9.680682581301e-04
9.790000000 -1.415429532792e-03
9.800000000 -1.514745370875e-03
9.810000000 -1.291743033597e-03
9.820000000 -8.716217921349e-04
9.830000000 -4.313572680467e-04
9.840000000 -1.396704013016e-04
9.850000000 -9.175789397642e-05
9.860000000 -2.797960528581e-04
9.870000000 -6.083224233409e-04
9.880000000 -9.599461795998e-04
9.890000000 -1.275713409430e-03
9.900000000 -1.581712100757e-03
9.910000000 -1.963908988327e-03
9.920000000 -2.506259840075e-03
9.930000000 -3.231313780005e-03
9.940000000 -4.084454940014e-03
9.950000000 -4.955786644205e-03
9.960000000 -5.716251860142e-03
9.970000000 -6.250505747152e-03
9.980000000 -6.483357266929e-03
9.990000000 -6.386343190781e-03
10.000000000 -5.977664753286e-03
10.010000000 -5.306535721231e-03
10.020000000 -4.440806785128e-03
10.030000000 -3.453087345068e-03
10.040000000 -2.418871189373e-03
10.050000000 -1.412364221376e-03
10.060000000 -4.963199098933e-04
10.070000000 2.889467691656e-04
10.080000000 9.307197940927e-04
10.090000000 1.424893293081e-03
10.100000000 1.752170794152e-03
10.110000000 1.871111366943e-03
10.120000000 1.732842167882e-03
10.130000000 1.330013055941e-03
10.140000000 7.184249792443e-04
10.150000000 1.196136883428e-05
10.160000000 -6.652032685333e-04
10.170000000 -1.220131488379e-03
10.180000000 -1.615741964935e-03
10.190000000 -1.862993879568e-03
10.200000000 -1.989216275368e-03
10.210000000 -2.011356010242e-03
10.220000000 -1.911575865291e-03
10.230000000 -1.633388551849e-03
10.240000000 -1.102064900713e-03
10.250000000 -2.582234408428e-04
10.260000000 9.046904214105e-04
10.270000000 2.323176921245e-03
10.280000000 3.871048588568e-03
10.290000000 5.389442693212e-03
10.300000000 6.724279426426e-03
10.310000000 7.750281558324e-03
10.320000000 8.392149410151e-03
10.330000000 8.623310835484e-03
10.340000000 8.466438511594e-03
10.350000000 7.983281576988e-03
10.360000000 7.263046891276e-03
10.370000000 6.404925440843e-03
10.380000000 5.498282074482e-03
10.390000000 4.590673832087e-03
10.400000000 3.675800917068e-03
10.410000000 2.688807648040e-03
10.420000000 1.539021846454e-03
10.430000000 1.631268982268e-04
10.440000000 -1.434055020643e-03
10.450000000 -3.160648301132e-03
10.460000000 -4.859805874673e-03
10.470000000 -6.352689039516e-03
10.480000000 -7.492360679274e-03
10.490000000 -8.202087462757e-03
10.500000000 -8.481543358290e-03
10.510000000 -8.392822564697e-03
10.520000000 -8.025248999952e-03
10.530000000 -7.471111483242e-03
10.540000000 -6.800770594793e-03
10.550000000 -6.052387855037e-03
10.560000000 -5.226876001233e-03
10.570000000 -4.300612241934e-03
10.580000000 -3.240237554224e-03
10.590000000 -2.020471739890e-03
10.600000000 -6.400546998193e-04
10.610000000 8.651055562686e-04
10.620000000 2.402543545935e-03
10.630000000 3.819851843222e-03
10.640000000 4.925558285849e-03
10.650000000 5.533509212354e-03
10.660000000 5.522517381844e-03
10.670000000 4.881295817572e-03
10.680000000 3.729372497103e-03
10.690000000 2.287621752799e-03
10.700000000 8.047345534527e-04
10.710000000 -5.220599416496e-04
10.720000000 -1.602467895250e-03
10.730000000 -2.448321327537e-03
10.740000000 -3.131263283566e-03
10.750000000 -3.726911920616e-03
10.760000000 -4.276968275073e-03
10.770000000 -4.788800885660e-03
10.780000000 -5.250991836153e-03
10.790000000 -5.647443679778e-03
10.800000000 -5.961195783987e-03
10.810000000 -6.163322555015e-03
10.820000000 -6.215196352476e-03
10.830000000 -6.070566383814e-03
10.840000000 -5.694381084465e-03
10.850000000 -5.073941489615e-03
10.860000000 -4.235157094842e-03
10.870000000 -3.238619283580e-03
10.880000000 -2.169354625564e-03
10.890000000 -1.116190403275e-03
10.900000000 -1.566707984200e-04
10.910000000 6.469147832669e-04
10.920000000 1.241604737625e-03
10.930000000 1.585049745921e-03
10.940000000 1.661234002124e-03
10.950000000 1.502432229543e-03
10.960000000 1.193297692611e-03
10.970000000 8.479213657178e-04
10.980000000 5.651013590084e-04
10.990000000 3.797503983690e-04
11.000000000 2.470798540078e-04
11.010000000 5.790118939413e-05
11.020000000 -3.073684153128e-04
11.030000000 -9.197351751784e-04
11.040000000 -1.772283294415e-03
11.050000000 -2.785576379782e-03
11.060000000 -3.851636655627e-03
11.070000000 -4.880399817466e-03
11.080000000 -5.819192842220e-03
11.090000000 -6.646050128434e-03
11.100000000 -7.346404799998e-03
11.110000000 -7.890891666955e-03
11.120000000 -8.225202838828e-03
11.130000000 -8.285155438287e-03
11.140000000 -8.012106942473e-03
11.150000000 -7.375444688818e-03
11.160000000 -6.388652112213e-03
11.170000000 -5.119945927598e-03
11.180000000 -3.689926166278e-03
11.190000000 -2.250331757168e-03
11.200000000 -9.556275847264e-04
11.210000000 7.515481371284e-05
11.220000000 7.794382804783e-04
11.230000000 1.162478980223e-03
11.240000000 1.300550643699e-03
11.250000000 1.318494086699e-03
11.260000000 1.353313671800e-03
11.270000000 1.518854580202e-03
11.280000000 1.869318845049e-03
11.290000000 2.390695548871e-03
11.300000000 3.010741089662e-03
11.310000000 3.624118165930e-03
11.320000000 4.132158994254e-03
11.330000000 4.474461596464e-03
11.340000000 4.642919607806e-03
11.350000000 4.671835742957e-03
11.360000000 4.607416155394e-03
11.370000000 4.489845198663e-03
11.380000000 4.342498428906e-03
11.390000000 4.181881827595e-03
11.400000000 4.031024535223e-03
11.410000000 3.932022369909e-03
11.420000000 3.949729828584e-03
11.430000000 4.166531568234e-03
11.440000000 4.657724137465e-03
11.450000000 5.451982440137e-03
11.460000000 6.500124934910e-03
11.470000000 7.667907399928e-03
11.480000000 8.772422475455e-03
11.490000000 9.631442974237e-03
11.500000000 1.011999863682e-02
11.510000000 1.019155967949e-02
11.520000000 9.881096793260e-03
11.530000000 9.273642469002e-03
11.540000000 8.466228045010e-03
11.550000000 7.527649260549e-03
11.560000000 6.486856301628e-03
11.570000000 5.345131312338e-03
11.580000000 4.098796777309e-03
11.590000000 2.763671958666e-03
11.600000000 1.386350076908e-03
11.610000000 4.343212053635e-05
11.620000000 -1.170861505624e-03
11.630000000 -2.167281553012e-03
11.640000000 -2.881326647842e-03
11.650000000 -3.296322953165e-03
11.660000000 -3.453820842821e-03
11.670000000 -3.446094839065e-03
11.680000000 -3.382995911875e-03
11.690000000 -3.360135704889e-03
11.700000000 -3.441964967115e-03
11.710000000 -3.663440118628e-03
11.720000000 -4.041551089088e-03
11.730000000 -4.570573579655e-03
11.740000000 -5.205449491945e-03
11.750000000 -5.866550038335e-03
11.760000000 -6.467809989369e-03
11.770000000 -6.966341537014e-03
11.780000000 -7.378669375823e-03
11.790000000 -7.761715018201e-03
11.800000000 -8.160518908422e-03
11.810000000 -8.571474798883e-03
11.820000000 -8.948932618043e-03
11.830000000 -9.234212544467e-03
11.840000000 -9.386398769664e-03
11.850000000 -9.388286932491e-03
11.860000000 -9.236591547367e-03
11.870000000 -8.934678920312e-03
11.880000000 -8.491471177662e-03
11.890000000 -7.920109951541e-03
11.900000000 -7.239009581012e-03
11.910000000 -6.473898531761e-03
11.920000000 -5.658055068535e-03
11.930000000 -4.828621623542e-03
11.940000000 -4.017221086953e-03
11.950000000 -3.235550984692e-03
11.960000000 -2.470833965675e-03
11.970000000 -1.700225968658e-03
11.980000000 -9.109378111435e-04
11.990000000 -1.147795477786e-04
12.000000000 6.527369012589e-04
12.010000000 1.340521004332e-03
12.020000000 1.902305489150e-03
12.030000000 2.300476855184e-03
12.040000000 2.522671247758e-03
12.050000000 2.582953779891e-03
12.060000000 2.524439183060e-03
12.070000000 2.422299462946e-03
12.080000000 2.376540382436e-03
12.090000000 2.493738816625e-03
12.100000000 2.853003390911e-03
12.110000000 3.464992268594e-03
12.120000000 4.257199473294e-03
12.130000000 5.081488036960e-03
12.140000000 5.756065048573e-03
12.150000000 6.114091073648e-03
12.160000000 6.055238452895e-03
12.170000000 5.579716450446e-03
12.180000000 4.789400668459e-03
12.190000000 3.861749365769e-03
12.200000000 3.005346802118e-03
12.210000000 2.411613912714e-03
12.220000000 2.221657299492e-03
12.230000000 2.504418675505e-03
12.240000000 3.250844239098e-03
12.250000000 4.376695504127e-03
12.260000000 5.735595356059e-03
12.270000000 7.141236531827e-03
12.280000000 8.405166501841e-03
12.290000000 9.382132903215e-03
12.300000000 9.995303201065e-03
12.310000000 1.024169952082e-02
12.320000000 1.016977676838e-02
12.330000000 9.851067806422e-03
12.340000000 9.360563930572e-03
12.350000000 8.768693359265e-03
12.360000000 8.136597732458e-03
12.370000000 7.506279203823e-03
12.380000000 6.883753933272e-03
12.390000000 6.238385730615e-03
12.400000000 5.495166434864e-03
12.410000000 4.555312448362e-03
12.420000000 3.320453698491e-03
12.430000000 1.733967073091e-03
12.440000000 -1.802742095801e-04
12.450000000 -2.300704082362e-03
12.460000000 -4.426426838533e-03
12.470000000 -6.329388443289e-03
12.480000000 -7.817015017919e-03
12.490000000 -8.778786816035e-03
12.500000000 -9.202000164504e-03
12.510000000 -9.159773338449e-03
12.520000000 -8.780385370545e-03
12.530000000 -8.213173017378e-03
12.540000000 -7.589230684235e-03
12.550000000 -7.000679604502e-03
12.560000000 -6.484558438305e-03
12.570000000 -6.028466062767e-03
12.580000000 -5.588294122367e-03
12.590000000 -5.115126007589e-03
12.600000000 -4.580731518527e-03
12.610000000 -3.995408127349e-03
12.620000000 -3.415911750976e-03
12.630000000 -2.938251890011e-03
12.640000000 -2.669222757123e-03
12.650000000 -2.679454436864e-03
12.660000000 -2.959322875178e-03
12.670000000 -3.402910219478e-03
12.680000000 -3.837333965929e-03
12.690000000 -4.081532777224e-03
12.700000000 -3.993992346548e-03
12.710000000 -3.513258997538e-03
12.720000000 -2.662258646081e-03
12.730000000 -1.530340740269e-03
12.740000000 -2.495906325243e-04
12.750000000 1.036001385626e-03
12.760000000 2.185031423463e-03
12.770000000 3.072610036462e-03
12.780000000 3.598701620863e-03
12.790000000 3.710547184630e-03
12.800000000 3.420407840533e-03
12.810000000 2.804419687776e-03
12.820000000 1.990719314947e-03
12.830000000 1.134999524088e-03
12.840000000 3.939647140248e-04
12.850000000 -1.027529188854e-04
12.860000000 -2.725553285929e-04
12.870000000 -9.018886192060e-05
12.880000000 4.248117851259e-04
12.890000000 1.233935783515e-03
12.900000000 2.300698027489e-03
12.910000000 3.601434118543e-03
12.920000000 5.117378895498e-03
12.930000000 6.807918217914e-03
12.940000000 8.590442150930e-03
12.950000000 1.033077736151e-02
12.960000000 1.186472139346e-02
12.970000000 1.303683542236e-02
12.980000000 1.373574479742e-02
12.990000000 1.390276169623e-02
13.000000000 1.353357528899e-02
13.010000000 1.267618442753e-02
13.020000000 1.142771779246e-02
13.030000000 9.933160115828e-03
13.040000000 8.369300981027e-03
13.050000000 6.921783358509e-03
13.060000000 5.745095277980e-03
13.070000000 4.922155417535e-03
13.080000000 4.435286404412e-03
13.090000000 4.175317728152e-03
13.100000000 3.993426151673e-03
13.110000000 3.756546820976e-03
13.120000000 3.390311424309e-03
13.130000000 2.893513615261e-03
13.140000000 2.334866235569e-03
13.150000000 1.834226007727e-03
13.160000000 1.529137909641e-03
13.170000000 1.523684237454e-03
13.180000000 1.842647085524e-03
13.190000000 2.412264671221e-03
13.200000000 3.080897989619e-03
13.210000000 3.687530922727e-03
13.220000000 4.125678099760e-03
13.230000000 4.378695720579e-03
13.240000000 4.489617730394e-03
13.250000000 4.508807411771e-03
13.260000000 4.448138631595e-03
13.270000000 4.283846958521e-03
13.280000000 3.977119426520e-03
13.290000000 3.498278808872e-03
13.300000000 2.824610910209e-03
13.310000000 1.943153312100e-03
13.320000000 8.454373345608e-04
13.330000000 -4.685803488433e-04
13.340000000 -1.980718271407e-03
13.350000000 -3.641759877345e-03
13.360000000 -5.362361037358e-03
13.370000000 -7.024297361748e-03
13.380000000 -8.501374322413e-03
13.390000000 -9.687293678773e-03
13.400000000 -1.050594791943e-02
13.410000000 -1.090871385550e-02
13.420000000 -1.087065541042e-02
13.430000000 -1.038913270974e-02
13.440000000 -9.488568605013e-03
13.450000000 -8.234855926076e-03
13.460000000 -6.730685480101e-03
13.470000000 -5.096904231392e-03
13.480000000 -3.435883092987e-03
13.490000000 -1.801289583257e-03
13.500000000 -2.113039588253e-04
13.510000000 1.309190427933e-03
13.520000000 2.690249633312e-03
13.530000000 3.822502693260e-03
13.540000000 4.599572344781e-03
13.550000000 4.974750513051e-03
13.560000000 4.982008169806e-03
13.570000000 4.719344821797e-03
13.580000000 4.321168012415e-03
13.590000000 3.924475667737e-03
13.600000000 3.645006660180e-03
13.610000000 3.558738045160e-03
13.620000000 3.688591724264e-03
13.630000000 3.996447750105e-03
13.640000000 4.402640104604e-03
13.650000000 4.818683278868e-03
13.660000000 5.162933040289e-03
13.670000000 5.376429208570e-03
13.680000000 5.417325974722e-03
13.690000000 5.255953750329e-03
13.700000000 4.882009946355e-03
13.710000000 4.319620570477e-03
13.720000000 3.639007044514e-03
13.730000000 2.956438869032e-03
13.740000000 2.408607024560e-03
13.750000000 2.105576725609e-03
13.760000000 2.085705857429e-03
13.770000000 2.296723434137e-03
13.780000000 2.603602300774e-03
13.790000000 2.833032518663e-03
13.800000000 2.831908734798e-03
13.810000000 2.513765369096e-03
13.820000000 1.874724099312e-03
13.830000000 9.874004500797e-04
13.840000000 -2.450337206097e-05
13.850000000 -1.009678787423e-03
13.860000000 -1.813967587672e-03
13.870000000 -2.316057482131e-03
13.880000000 -2.463749598711e-03
13.890000000 -2.298676781174e-03
13.900000000 -1.952387745822e-03
13.910000000 -1.606405403036e-03
13.920000000 -1.447797957465e-03
13.930000000 -1.617481070382e-03
13.940000000 -2.181666488832e-03
13.950000000 -3.122345134172e-03
13.960000000 -4.339400709781e-03
13.970000000 -5.666937199113e-03
13.980000000 -6.906285077989e-03
13.990000000 -7.861141135752e-03
14.000000000 -8.376653868990e-03
14.010000000 -8.362460449633e-03
14.020000000 -7.807898918289e-03
14.030000000 -6.782398316341e-03
14.040000000 -5.433050935408e-03
14.050000000 -3.960045112928e-03
14.060000000 -2.573825546018e-03
14.070000000 -1.449481445324e-03
14.080000000 -7.056930616878e-04
14.090000000 -3.954101443981e-04
14.100000000 -5.162094189172e-04
14.110000000 -1.015351106259e-03
14.120000000 -1.804344957606e-03
14.130000000 -2.773355343947e-03
14.140000000 -3.807604847276e-03
14.150000000 -4.803692887134e-03
14.160000000 -5.676273352242e-03
14.170000000 -6.362577521087e-03
14.180000000 -6.814470427031e-03
14.190000000 -6.995145982099e-03
14.200000000 -6.868859275347e-03
14.210000000 -6.401931759803e-03
14.220000000 -5.578360328650e-03
14.230000000 -4.419341629931e-03
14.240000000 -3.005734352344e-03
14.250000000 -1.489707417216e-03
14.260000000 -6.699191766495e-05
14.270000000 1.069626846300e-03
14.280000000 1.791899365665e-03
14.290000000 2.096092050082e-03
14.300000000 2.106167472618e-03
14.310000000 2.030897652503e-03
14.320000000 2.085716913597e-03
14.330000000 2.413354360583e-03
14.340000000 3.049272593328e-03
14.350000000 3.924845737165e-03
14.360000000 4.908640405229e-03
14.370000000 5.855505911082e-03
14.380000000 6.654696875198e-03
14.390000000 7.256781821671e-03
14.400000000 7.670947371634e-03
14.410000000 7.936809333857e-03
14.420000000 8.092323836190e-03
14.430000000 8.166737746789e-03
14.440000000 8.186810705481e-03
14.450000000 8.193414998373e-03
14.460000000 8.245359111256e-03
14.470000000 8.409464660843e-03
14.480000000 8.739568583845e-03
14.490000000 9.251260217385e-03
14.500000000 9.905395867055e-03
14.510000000 1.061188185384e-02
14.520000000 1.124976865697e-02
14.530000000 1.169683771206e-02
14.540000000 1.185749244164e-02
14.550000000 1.168251505109e-02
14.560000000 1.117808157647e-02
14.570000000 1.040314577953e-02
14.580000000 9.436595987259e-03
14.590000000 8.355231223295e-03
14.600000000 7.220887824558e-03
14.610000000 6.094987678435e-03
14.620000000 5.053899821064e-03
14.630000000 4.196379896789e-03
14.640000000 3.621585972079e-03
14.650000000 3.410538005867e-03
14.660000000 3.599987811225e-03
14.670000000 4.163350487303e-03
14.680000000 5.001879710985e-03
14.690000000 5.953646128529e-03
14.700000000 6.833397037535e-03
14.710000000 7.476576966871e-03
14.720000000 7.766611857316e-03
14.730000000 7.650342780000e-03
14.740000000 7.138446754532e-03
14.750000000 6.291813677082e-03
14.760000000 5.196087917615e-03
14.770000000 3.922297837920e-03
14.780000000 2.493961405877e-03
14.790000000 8.919918076869e-04
14.800000000 -9.042820687458e-04
14.810000000 -2.863586951290e-03
14.820000000 -4.887182572118e-03
14.830000000 -6.834614934537e-03
14.840000000 -8.577770537295e-03
14.850000000 -1.004262920825e-02
14.860000000 -1.121520134638e-02
14.870000000 -1.211599415129e-02
14.880000000 -1.278024383292e-02
14.890000000 -1.323369052968e-02
14.900000000 -1.348876990005e-02
14.910000000 -1.353742348799e-02
14.920000000 -1.335643749933e-02
14.930000000 -1.291317039901e-02
14.940000000 -1.217918593342e-02
14.950000000 -1.114768699264e-02
14.960000000 -9.847038490274e-03
14.970000000 -8.344088547087e-03
14.980000000 -6.741396614427e-03
14.990000000 -5.168161968027e-03
15.000000000 -3.768800918982e-03
15.010000000 -2.682123131925e-03
15.020000000 -2.010299400790e-03
15.030000000 -1.794364474534e-03
15.040000000 -2.018246871250e-03
15.050000000 -2.638395046038e-03
15.060000000 -3.619377096074e-03
15.070000000 -4.938775283150e-03
15.080000000 -6.564605439508e-03
15.090000000 -8.430091662233e-03
15.100000000 -1.042824761297e-02
15.110000000 -1.242610690531e-02
15.120000000 -1.428108124559e-02
15.130000000 -1.585002949818e-02
15.140000000 -1.698688345913e-02
15.150000000 -1.756690748543e-02
15.160000000 -1.751858566968e-02
15.170000000 -1.684684357735e-02
15.180000000 -1.563316617790e-02
15.190000000 -1.398980042468e-02
15.200000000 -1.201828757169e-02
15.210000000 -9.780770910830e-03
15.220000000 -7.310344842970e-03
15.230000000 -4.642766808259e-03
15.240000000 -1.840083591772e-03
15.250000000 1.008681789458e-03
15.260000000 3.808478545780e-03
15.270000000 6.477770623898e-03
15.280000000 8.949273174762e-03
15.290000000 1.115177314859e-02
15.300000000 1.300624126787e-02
15.310000000 1.444773070360e-02
15.320000000 1.544747326851e-02
15.330000000 1.601956168896e-02
15.340000000 1.620226445840e-02
15.350000000 1.603523322666e-02
15.360000000 1.554807470138e-02
15.370000000 1.475714423653e-02
15.380000000 1.367685279774e-02
15.390000000 1.232331897847e-02
15.400000000 1.072202200417e-02
15.410000000 8.923172555890e-03
15.420000000 7.017886930620e-03
15.430000000 5.146454025004e-03
15.440000000 3.485883399705e-03
15.450000000 2.206017880031e-03
15.460000000 1.421389100442e-03
15.470000000 1.157687938487e-03
15.480000000 1.353770583221e-03
15.490000000 1.896075254917e-03
15.500000000 2.672544877898e-03
15.510000000 3.601874477271e-03
15.520000000 4.633427850273e-03
15.530000000 5.715101382382e-03
15.540000000 6.771984052478e-03
15.550000000 7.703403780817e-03
15.560000000 8.403318136503e-03
15.570000000 8.775907381843e-03
15.580000000 8.756612781822e-03
15.590000000 8.318740073459e-03
15.600000000 7.481519490425e-03
15.610000000 6.311661668239e-03
15.620000000 4.916764639057e-03
15.630000000 3.431386401585e-03
15.640000000 1.994107985831e-03
15.650000000 7.191160499957e-04
15.660000000 -3.234711346015e-04
15.670000000 -1.117391799295e-03
15.680000000 -1.688617569637e-03
15.690000000 -2.091794295680e-03
15.700000000 -2.381831144318e-03
15.710000000 -2.593439738937e-03
15.720000000 -2.729069933537e-03
15.730000000 -2.756830532623e-03
15.740000000 -2.617530632612e-03
15.750000000 -2.236066202030e-03
15.760000000 -1.555279560978e-03
15.770000000 -5.614922690040e-04
15.780000000 6.856153116069e-04
15.790000000 2.070872772418e-03
15.800000000 3.450926945721e-03
15.810000000 4.690040082833e-03
15.820000000 5.678392770894e-03
15.830000000 6.336933928636e-03
15.840000000 6.620543879660e-03
15.850000000 6.517074034748e-03
15.860000000 6.050325095206e-03
15.870000000 5.282298477491e-03
15.880000000 4.311993793300e-03
15.890000000 3.260062090667e-03
15.900000000 2.240724330722e-03
15.910000000 1.338909848253e-03
15.920000000 6.049672639334e-04
15.930000000 4.849351973046e-05
15.940000000 -3.521143306765e-04
15.950000000 -6.392466791551e-04
15.960000000 -8.594120811949e-04
15.970000000 -1.028369048850e-03
15.980000000 -1.125168161739e-03
15.990000000 -1.092170614927e-03
16.000000000 -8.683014565430e-04
16.010000000 -4.251388564118e-04
16.020000000 2.020649084264e-04
16.030000000 9.171276962636e-04
16.040000000 1.597238414365e-03
16.050000000 2.138508438044e-03
16.060000000 2.492040968195e-03
16.070000000 2.668413329374e-03
16.080000000 2.720614027094e-03
16.090000000 2.707642234028e-03
16.100000000 2.657918809121e-03
16.110000000 2.546756797185e-03
16.120000000 2.310715288534e-03
16.130000000 1.893612824291e-03
16.140000000 1.288250293260e-03
16.150000000 5.447284229160e-04
16.160000000 -2.620654873404e-04
16.170000000 -1.077883329774e-03
16.180000000 -1.887191144878e-03
16.190000000 -2.679746945642e-03
16.200000000 -3.409738446914e-03
16.210000000 -3.979587369199e-03
16.220000000 -4.265625893115e-03
16.230000000 -4.177996055738e-03
16.240000000 -3.701469975733e-03
16.250000000 -2.914752128973e-03
16.260000000 -1.955738814845e-03
16.270000000 -9.805956852211e-04
16.280000000 -1.293009646267e-04
16.290000000 4.904498720067e-04
16.300000000 8.029052502540e-04
16.310000000 7.547242485291e-04
16.320000000 3.207638341294e-04
16.330000000 -4.904282037084e-04
16.340000000 -1.631140829624e-03
16.350000000 -3.019436675722e-03
16.360000000 -4.542724717379e-03
16.370000000 -6.082639524377e-03
16.380000000 -7.537725318980e-03
16.390000000 -8.847758274567e-03
16.400000000 -9.997838200220e-03
16.410000000 -1.100051430446e-02
16.420000000 -1.187905346333e-02
16.430000000 -1.264686192884e-02
16.440000000 -1.330399650460e-02
16.450000000 -1.383055028519e-02
16.460000000 -1.419585962657e-02
16.470000000 -1.436317075652e-02
16.480000000 -1.430274955379e-02
16.490000000 -1.399613812268e-02
16.500000000 -1.344568565681e-02
16.510000000 -1.267230679673e-02
16.520000000 -1.170360198179e-02
16.530000000 -1.056101575086e-02
16.540000000 -9.255218306773e-03
16.550000000 -7.790566625963e-03
16.560000000 -6.187947747338e-03
16.570000000 -4.494905323965e-03
16.580000000 -2.790290355105e-03
16.590000000 -1.171269083525e-03
16.600000000 2.647360003784e-04
16.610000000 1.430850840859e-03
16.620000000 2.266255451757e-03
16.630000000 2.744060335955e-03
16.640000000 2.875637403742e-03
16.650000000 2.708675724450e-03
16.660000000 2.318096897764e-03
16.670000000 1.796335865882e-03
16.680000000 1.246133420405e-03
16.690000000 7.777159231818e-04
16.700000000 4.900079780001e-04
16.710000000 4.511668650606e-04
16.720000000 6.839165845375e-04
16.730000000 1.169410890932e-03
16.740000000 1.857938546780e-03
16.750000000 2.672571046507e-03
16.760000000 3.516287334949e-03
16.770000000 4.285050469709e-03
16.780000000 4.901381394562e-03
16.790000000 5.340361957091e-03
16.800000000 5.634488399307e-03
16.810000000 5.857920674897e-03
16.820000000 6.102893608007e-03
16.830000000 6.464326569801e-03
16.840000000 7.025111167393e-03
16.850000000 7.833037188404e-03
16.860000000 8.877540874919e-03
16.870000000 1.007554329302e-02
16.880000000 1.127636404674e-02
16.890000000 1.229112369789e-02
16.900000000 1.293626559416e-02
16.910000000 1.305700392130e-02
16.920000000 1.255865693588e-02
16.930000000 1.142311636448e-02
16.940000000 9.727222099699e-03
16.950000000 7.652102703069e-03
16.960000000 5.451903005132e-03
16.970000000 3.391202042124e-03
16.980000000 1.673564277507e-03
16.990000000 3.903953205810e-04
17.000000000 -4.853802432135e-04
17.010000000 -1.067438518089e-03
17.020000000 -1.488005689068e-03
17.030000000 -1.834437808606e-03
17.040000000 -2.113873599105e-03
17.050000000 -2.267420470566e-03
17.060000000 -2.211305040879e-03
17.070000000 -1.880107610617e-03
17.080000000 -1.240814845837e-03
17.090000000 -2.983994955084e-04
17.100000000 8.956130847331e-04
17.110000000 2.237058730608e-03
17.120000000 3.572186315463e-03
17.130000000 4.728196715507e-03
17.140000000 5.560734363021e-03
17.150000000 5.992725753590e-03
17.160000000 6.025457476611e-03
17.170000000 5.718576012470e-03
17.180000000 5.159221922582e-03
17.190000000 4.429982014378e-03
17.200000000 3.575306929787e-03
17.210000000 2.576371668914e-03
17.220000000 1.344369966826e-03
17.230000000 -2.456645453851e-04
17.240000000 -2.290703578005e-03
17.250000000 -4.788623539846e-03
17.260000000 -7.623671264858e-03
17.270000000 -1.059181539960e-02
17.280000000 -1.346753817109e-02
17.290000000 -1.605082854061e-02
17.300000000 -1.818337022700e-02
17.310000000 -1.974430673123e-02
17.320000000 -2.064804256209e-02
17.330000000 -2.084559547203e-02
17.340000000 -2.033420336699e-02
17.350000000 -1.915981695957e-02
17.360000000 -1.741349877973e-02
17.370000000 -1.522392559711e-02
17.380000000 -1.275001882544e-02
17.390000000 -1.016988603798e-02
17.400000000 -7.664859857239e-03
17.410000000 -5.394352662951e-03
17.420000000 -3.479177252939e-03
17.430000000 -1.991550962664e-03
17.440000000 -9.493633385549e-04
17.450000000 -3.162450747818e-04
17.460000000 4.791310387603e-06
17.470000000 1.688785713920e-04
17.480000000 3.522106550059e-04
17.490000000 6.951675372892e-04
17.500000000 1.249121454539e-03
17.510000000 1.950132807832e-03
17.520000000 2.648222754427e-03
17.530000000 3.166718711164e-03
17.540000000 3.373167684353e-03
17.550000000 3.223796722695e-03
17.560000000 2.768393830656e-03
17.570000000 2.103321923612e-03
17.580000000 1.324039152013e-03
17.590000000 4.987594325898e-04
17.600000000 -3.173860285536e-04
17.610000000 -1.052306793961e-03
17.620000000 -1.594548314578e-03
17.630000000 -1.807258199511e-03
17.640000000 -1.558725116014e-03
17.650000000 -7.551049824202e-04
17.660000000 6.367702100921e-04
17.670000000 2.583361590650e-03
17.680000000 4.977979579588e-03
17.690000000 7.650355126044e-03
17.700000000 1.038837778703e-02
17.710000000 1.297105754621e-02
17.720000000 1.519241635879e-02
17.730000000 1.688997694501e-02
17.740000000 1.796744380083e-02
17.750000000 1.841478419960e-02
17.760000000 1.830948174440e-02
17.770000000 1.779115544327e-02
17.780000000 1.703054640694e-02
17.790000000 1.619223301959e-02
17.800000000 1.540644973534e-02
17.810000000 1.474243083865e-02
17.820000000 1.420134313853e-02
17.830000000 1.372702142784e-02
17.840000000 1.323411419562e-02
17.850000000 1.265251119932e-02
17.860000000 1.195773252430e-02
17.870000000 1.118653688794e-02
17.880000000 1.042374886405e-02
17.890000000 9.768390395913e-03
17.900000000 9.294592061199e-03
17.910000000 9.017836604935e-03
17.920000000 8.893694558034e-03
17.930000000 8.835915505752e-03
17.940000000 8.752874657659e-03
17.950000000 8.573936076563e-03
17.960000000 8.258187073009e-03
17.970000000 7.795132184153e-03
17.980000000 7.213782108096e-03
17.990000000 6.585925891549e-03
18.000000000 6.014964093587e-03
18.010000000 5.597270969806e-03
18.020000000 5.384432707725e-03
18.030000000 5.360920070900e-03
18.040000000 5.452183573233e-03
18.050000000 5.558881540519e-03
18.060000000 5.590338368941e-03
18.070000000 5.492857524043e-03
18.080000000 5.253665032040e-03
18.090000000 4.878799150030e-03
18.100000000 4.357422436991e-03
18.110000000 3.645355598107e-03
18.120000000 2.676990508408e-03
18.130000000 1.399100762295e-03
18.140000000 -2.024339574576e-04
18.150000000 -2.076522760185e-03
18.160000000 -4.119545166451e-03
18.170000000 -6.194482390721e-03
18.180000000 -8.160383232908e-03
18.190000000 -9.891129432685e-03
18.200000000 -1.128443701384e-02
18.210000000 -1.228156304309e-02
18.220000000 -1.288578068204e-02
18.230000000 -1.316692603598e-02
18.240000000 -1.323828357256e-02
18.250000000 -1.321252531458e-02
18.260000000 -1.316602843455e-02
18.270000000 -1.312298053457e-02
18.280000000 -1.306212103142e-02
18.290000000 -1.294616209734e-02
18.300000000 -1.274846384873e-02
18.310000000 -1.248547437097e-02
18.320000000 -1.222952772826e-02
18.330000000 -1.210014781004e-02
18.340000000 -1.223614082304e-02
18.350000000 -1.274966947779e-02
18.360000000 -1.369804955145e-02
18.370000000 -1.507570206622e-02
18.380000000 -1.683498781014e-02
18.390000000 -1.889877523196e-02
18.400000000 -2.115484748616e-02
18.410000000 -2.343722587399e-02
18.420000000 -2.552232327551e-02
18.430000000 -2.715371559775e-02
18.440000000 -2.808973076257e-02
18.450000000 -2.816442750193e-02
18.460000000 -2.732308985203e-02
18.470000000 -2.563623501103e-02
18.480000000 -2.327875743467e-02
18.490000000 -2.047925696665e-02
18.500000000 -1.746573387235e-02
18.510000000 -1.443040850973e-02
18.520000000 -1.152217144819e-02
18.530000000 -8.855471515569e-03
18.540000000 -6.524389274842e-03
18.550000000 -4.602521066240e-03
18.560000000 -3.137796126674e-03
18.570000000 -2.144895593156e-03
18.580000000 -1.598038024871e-03
18.590000000 -1.430849411456e-03
18.600000000 -1.533240170663e-03
18.610000000 -1.772054798926e-03
18.620000000 -2.030510362111e-03
18.630000000 -2.248621630500e-03
18.640000000 -2.453482139995e-03
18.650000000 -2.750551080506e-03
18.660000000 -3.283749246193e-03
18.670000000 -4.170076782366e-03
18.680000000 -5.436752986062e-03
18.690000000 -6.991974072613e-03
18.700000000 -8.645568176360e-03
18.710000000 -1.015741796178e-02
18.720000000 -1.128223410187e-02
18.730000000 -1.179613022830e-02
18.740000000 -1.152220599035e-02
18.750000000 -1.038059824019e-02
18.760000000 -8.443387776487e-03
18.770000000 -5.955064936166e-03
18.780000000 -3.279339801666e-03
18.790000000 -8.006177577347e-04
18.800000000 1.191816321413e-03
18.810000000 2.565176186546e-03
18.820000000 3.337862651152e-03
18.830000000 3.631387889621e-03
18.840000000 3.606802465348e-03
18.850000000 3.418317144232e-03
18.860000000 3.195315422954e-03
18.870000000 3.027474217446e-03
18.880000000 2.956668960177e-03
18.890000000 2.968714382916e-03
18.900000000 2.996690686182e-03
18.910000000 2.931729997040e-03
18.920000000 2.653661805846e-03
18.930000000 2.070149457363e-03
18.940000000 1.147234815305e-03
18.950000000 -7.800199010615e-05
18.960000000 -1.518454650124e-03
18.970000000 -3.079124434646e-03
18.980000000 -4.687581066613e-03
18.990000000 -6.291456572306e-03
19.000000000 -7.816854189304e-03
19.010000000 -9.124650408625e-03
19.020000000 -1.000500257263e-02
19.030000000 -1.021503960864e-02
19.040000000 -9.552357559331e-03
19.050000000 -7.930457010009e-03
19.060000000 -5.426671471361e-03
19.070000000 -2.285954649621e-03
19.080000000 1.122764424394e-03
19.090000000 4.397303961509e-03
19.100000000 7.202947395842e-03
19.110000000 9.344742462840e-03
19.120000000 1.078491678445e-02
19.130000000 1.160884856281e-02
19.140000000 1.196086956058e-02
19.150000000 1.197304306411e-02
19.160000000 1.172722713118e-02
19.170000000 1.126362489790e-02
19.180000000 1.062442721386e-02
19.190000000 9.909788028910e-03
19.200000000 9.285286943173e-03
19.210000000 8.938945784664e-03
19.220000000 9.010743942792e-03
19.230000000 9.548382726086e-03
19.240000000 1.050049789407e-02
19.250000000 1.175318975145e-02
19.260000000 1.316586626186e-02
19.270000000 1.460951049363e-02
19.280000000 1.599484151604e-02
19.290000000 1.730708557359e-02
19.300000000 1.862048190341e-02
19.310000000 2.007093068654e-02
19.320000000 2.178246666562e-02
19.330000000 2.378306668826e-02
19.340000000 2.594369016631e-02
19.350000000 2.798837363329e-02
19.360000000 2.956019045169e-02
19.370000000 3.033163118187e-02
19.380000000 3.010838002576e-02
19.390000000 2.889141307931e-02
19.400000000 2.687300485860e-02
19.410000000 2.438359887098e-02
19.420000000 2.181328710919e-02
19.430000000 1.952022691563e-02
19.440000000 1.774501772078e-02
19.450000000 1.653397227707e-02
19.460000000 1.570470080557e-02
19.470000000 1.487773375446e-02
19.480000000 1.358594461527e-02
19.490000000 1.141504184869e-02
19.500000000 8.135285744134e-03
19.510000000 3.771292530384e-03
19.520000000 -1.403048377748e-03
19.530000000 -6.928002365605e-03
19.540000000 -1.225555196105e-02
19.550000000 -1.685903317732e-02
19.560000000 -2.032783572610e-02
19.570000000 -2.244360672528e-02
19.580000000 -2.320364514148e-02
19.590000000 -2.279254672800e-02
19.600000000 -2.151061862831e-02
19.610000000 -1.969663501577e-02
19.620000000 -1.767561296264e-02
19.630000000 -1.574415667078e-02
19.640000000 -1.416379755831e-02
19.650000000 -1.314876915101e-02
19.660000000 -1.282701265854e-02
19.670000000 -1.320346645497e-02
19.680000000 -1.414316786541e-02
19.690000000 -1.540618648362e-02
19.700000000 -1.673253739046e-02
19.710000000 -1.794018838433e-02
19.720000000 -1.898949975035e-02
19.730000000 -1.996918190733e-02
19.740000000 -2.103095879840e-02
19.750000000 -2.231363618109e-02
19.760000000 -2.390439894862e-02
19.770000000 -2.584562014462e-02
19.780000000 -2.816570029187e-02
19.790000000 -3.088897889755e-02
19.800000000 -3.402397353518e-02
19.810000000 -3.751858608620e-02
19.820000000 -4.121465847878e-02
19.830000000 -4.482364460150e-02
19.840000000 -4.796525724709e-02
19.850000000 -5.024705981138e-02
19.860000000 -5.136292899895e-02
19.870000000 -5.116014636494e-02
19.880000000 -4.966134797806e-02
19.890000000 -4.702510859433e-02
19.900000000 -4.349604643884e-02
19.910000000 -3.932962768177e-02
19.920000000 -3.473135843444e-02
19.930000000 -2.981307010055e-02
19.940000000 -2.459378387203e-02
19.950000000 -1.904104210052e-02
19.960000000 -1.313474137622e-02
19.970000000 -6.924902340180e-03
19.980000000 -5.546459723143e-04
19.990000000 5.758542930648e-03
20.000000000 1.175364643366e-02
20.010000000 1.716768593866e-02
20.020000000 2.178451714984e-02
20.030000000 2.548061068929e-02
20.040000000 2.826106579353e-02
20.050000000 3.023779965139e-02
20.060000000 3.156016001444e-02
20.070000000 3.232396691560e-02
20.080000000 3.252119054017e-02
20.090000000 3.204534975367e-02
20.100000000 3.076211156987e-02
20.110000000 2.859247478421e-02
20.120000000 2.557334648937e-02
20.130000000 2.186139737608e-02
20.140000000 1.769892117307e-02
20.150000000 1.336234548129e-02
20.160000000 9.112877435127e-03
20.170000000 5.164868819898e-03
20.180000000 1.676097260173e-03
20.190000000 -1.243666320606e-03
20.200000000 -3.494757607011e-03
20.210000000 -4.960934599206e-03
20.220000000 -5.507364140074e-03
20.230000000 -5.012387876920e-03
20.240000000 -3.408657148143e-03
20.250000000 -7.092390198286e-04
20.260000000 2.980416578176e-03
20.270000000 7.465516561814e-03
20.280000000 1.247624502519e-02
20.290000000 1.769947427585e-02
20.300000000 2.281197951593e-02
20.310000000 2.751429160418e-02
20.320000000 3.156141298956e-02
20.330000000 3.477963634115e-02
20.340000000 3.705872658683e-02
20.350000000 3.833168479596e-02
20.360000000 3.855142547106e-02
20.370000000 3.768644577946e-02
20.380000000 3.573012948966e-02
20.390000000 3.271575918336e-02
20.400000000 2.872909153611e-02
20.410000000 2.391428631553e-02
20.420000000 1.848087294847e-02
20.430000000 1.269860264675e-02
20.440000000 6.881533495831e-03
20.450000000 1.357667069145e-03
20.460000000 -3.558875951898e-03
20.470000000 -7.599094848361e-03
20.480000000 -1.056888602462e-02
20.490000000 -1.235846088575e-02
20.500000000 -1.294256835867e-02
20.510000000 -1.236345289209e-02
20.520000000 -1.072198958585e-02
20.530000000 -8.179551589038e-03
20.540000000 -4.962763537540e-03
20.550000000 -1.371824540322e-03
20.560000000 2.234469631725e-03
20.570000000 5.474837598298e-03
20.580000000 8.001441726289e-03
20.590000000 9.567620348435e-03
20.600000000 1.007093123416e-02
20.610000000 9.563116194203e-03
20.620000000 8.228821297379e-03
20.630000000 6.339081056959e-03
20.640000000 4.207962769752e-03
20.650000000 2.150492569248e-03
20.660000000 4.490267067125e-04
20.670000000 -6.885390596778e-04
20.680000000 -1.164475372745e-03
20.690000000 -1.017268849470e-03
20.700000000 -4.102633445659e-04
20.710000000 4.200519632016e-04
20.720000000 1.242729562728e-03
20.730000000 1.911638438511e-03
20.740000000 2.400874716236e-03
20.750000000 2.788749551175e-03
20.760000000 3.201859057039e-03
20.770000000 3.743228927148e-03
20.780000000 4.449829669002e-03
20.790000000 5.275236278434e-03
20.800000000 6.105506216755e-03
20.810000000 6.783567020320e-03
20.820000000 7.136292256310e-03
20.830000000 7.002920479366e-03
20.840000000 6.273283212572e-03
20.850000000 4.933365391104e-03
20.860000000 3.104174427845e-03
20.870000000 1.044290913970e-03
20.880000000 -8.999429806657e-04
20.890000000 -2.393939544809e-03
20.900000000 -3.216997383996e-03
20.910000000 -3.332312974374e-03
20.920000000 -2.891445903711e-03
20.930000000 -2.174126699504e-03
20.940000000 -1.482511997580e-03
20.950000000 -1.032998649916e-03
20.960000000 -8.958573379814e-04
20.970000000 -9.981957270729e-04
20.980000000 -1.186196966288e-03
20.990000000 -1.305092907966e-03
21.000000000 -1.258724046136e-03
21.010000000 -1.033616288625e-03
21.020000000 -6.715236494731e-04
21.030000000 -2.244793182157e-04
21.040000000 2.934029855970e-04
21.050000000 9.093038401878e-04
21.060000000 1.656039746555e-03
21.070000000 2.513173796783e-03
21.080000000 3.374067888416e-03
21.090000000 4.056648437795e-03
21.100000000 4.348113661459e-03
21.110000000 4.059697015331e-03
21.120000000 3.070596990085e-03
21.130000000 1.352168141181e-03
21.140000000 -1.021511833321e-03
21.150000000 -3.883227766269e-03
21.160000000 -6.990510690680e-03
21.170000000 -1.006536784137e-02
21.180000000 -1.283988738535e-02
21.190000000 -1.510862570751e-02
21.200000000 -1.677179633721e-02
21.210000000 -1.784823303608e-02
21.220000000 -1.845800258434e-02
21.230000000 -1.876495205170e-02
21.240000000 -1.891059749104e-02
21.250000000 -1.895770115183e-02
21.260000000 -1.886405020302e-02
21.270000000 -1.851214279057e-02
21.280000000 -1.776554085607e-02
21.290000000 -1.653518124449e-02
21.300000000 -1.481982090915e-02
21.310000000 -1.271334751217e-02
21.320000000 -1.037566888396e-02
21.330000000 -7.991878269909e-03
21.340000000 -5.731282746143e-03
21.350000000 -3.712404177243e-03
21.360000000 -1.999734784887e-03
21.370000000 -6.197197263726e-04
21.380000000 4.059783842112e-04
21.390000000 1.033018789766e-03
21.400000000 1.188937879788e-03
21.410000000 7.946066948938e-04
21.420000000 -1.915655308232e-04
21.430000000 -1.730313416271e-03
21.440000000 -3.680864291987e-03
21.450000000 -5.814576226054e-03
21.460000000 -7.868075076223e-03
21.470000000 -9.608876382245e-03
21.480000000 -1.089878116258e-02
21.490000000 -1.172857693064e-02
21.500000000 -1.220017663694e-02
21.510000000 -1.247773026590e-02
21.520000000 -1.270683148066e-02
21.530000000 -1.294272419546e-02
21.540000000 -1.310632760758e-02
21.550000000 -1.299635142507e-02
21.560000000 -1.234727156727e-02
21.570000000 -1.091320816147e-02
21.580000000 -8.548321060535e-03
21.590000000 -5.235437967110e-03
21.600000000 -1.081812825882e-03
21.610000000 3.717111304884e-03
21.620000000 8.903432750442e-03
21.630000000 1.417420535625e-02
21.640000000 1.920624047772e-02
21.650000000 2.368406064793e-02
21.660000000 2.733723644317e-02
21.670000000 2.997029722305e-02
21.680000000 3.148063948134e-02
21.690000000 3.185979908237e-02
21.700000000 3.119934297256e-02
21.710000000 2.968703821618e-02
21.720000000 2.759313606937e-02
21.730000000 2.523277234412e-02
21.740000000 2.292076650522e-02
21.750000000 2.092817224133e-02
21.760000000 1.945757629624e-02
21.770000000 1.863730331934e-02
21.780000000 1.852812850564e-02
21.790000000 1.913069703265e-02
21.800000000 2.039796393388e-02
21.810000000 2.225024343335e-02
21.820000000 2.458551662352e-02
21.830000000 2.729485060618e-02
21.840000000 3.026613913688e-02
21.850000000 3.337565601480e-02
21.860000000 3.648453630171e-02
21.870000000 3.944707769307e-02
21.880000000 4.212927050507e-02
21.890000000 4.442576722376e-02
21.900000000 4.626243241914e-02
21.910000000 4.758248062775e-02
21.920000000 4.833370321056e-02
21.930000000 4.845724719920e-02
21.940000000 4.788732776384e-02
21.950000000 4.656744158048e-02
21.960000000 4.447507124184e-02
21.970000000 4.165305239048e-02
21.980000000 3.823222238072e-02
21.990000000 3.443366804124e-02
22.000000000 3.054457100407e-02
22.010000000 2.685795000179e-02
22.020000000 2.358870238106e-02
22.030000000 2.080125342816e-02
22.040000000 1.838283061621e-02
22.050000000 1.608874217620e-02
22.060000000 1.363126188800e-02
22.070000000 1.078973894555e-02
22.080000000 7.487626484194e-03
22.090000000 3.809905277946e-03
22.100000000 -4.291993847040e-05
22.110000000 -3.832725775239e-03
22.120000000 -7.354398871842e-03
22.130000000 -1.048694397544e-02
22.140000000 -1.320498349109e-02
22.150000000 -1.555901969230e-02
22.160000000 -1.763725364616e-02
22.170000000 -1.951614004502e-02
22.180000000 -2.123083200468e-02
22.190000000 -2.276025750744e-02
22.200000000 -2.403742712957e-02
22.210000000 -2.497799692686e-02
22.220000000 -2.552261385193e-02
22.230000000 -2.567930633628e-02
22.240000000 -2.554078425958e-02
22.250000000 -2.527276384640e-02
22.260000000 -2.507211883253e-02
22.270000000 -2.511789417460e-02
22.280000000 -2.554376338500e-02
22.290000000 -2.641227126417e-02
22.300000000 -2.770319812934e-02
22.310000000 -2.931155220338e-02
22.320000000 -3.105945952398e-02
22.330000000 -3.271794432270e-02
22.340000000 -3.405129239355e-02
22.350000000 -3.486263964682e-02
22.360000000 -3.502645459285e-02
22.370000000 -3.451225737561e-02
22.380000000 -3.338149501156e-02
22.390000000 -3.176716747744e-02
22.400000000 -2.983266512175e-02
22.410000000 -2.774009739683e-02
22.420000000 -2.563315803586e-02
22.430000000 -2.364421905872e-02
22.440000000 -2.191180808569e-02
22.450000000 -2.057764361505e-02
22.460000000 -1.976250129734e-02
22.470000000 -1.952643056311e-02
22.480000000 -1.983706911203e-02
22.490000000 -2.056443160108e-02
22.500000000 -2.149495071133e-02
22.510000000 -2.236878522919e-02
22.520000000 -2.292643992601e-02
22.530000000 -2.296010126136e-02
22.540000000 -2.234835877564e-02
22.550000000 -2.107638638276e-02
22.560000000 -1.923078839534e-02
22.570000000 -1.696733100035e-02
22.580000000 -1.446781222661e-02
22.590000000 -1.188026734090e-02
22.600000000 -9.292327166268e-03
22.610000000 -6.736768137815e-03
22.620000000 -4.238056476870e-03
22.630000000 -1.859753437287e-03
22.640000000 2.848566465777e-04
22.650000000 2.052841433041e-03
22.660000000 3.317937109441e-03
22.670000000 4.006641332995e-03
22.680000000 4.120644646666e-03
22.690000000 3.742053783165e-03
22.700000000 3.012684178760e-03
22.710000000 2.100065238039e-03
22.720000000 1.167578705560e-03
22.730000000 3.498768081565e-04
22.740000000 -2.502592512706e-04
22.750000000 -5.742077760653e-04
22.760000000 -6.142280810817e-04
22.770000000 -4.137013795394e-04
22.780000000 -5.758094415790e-05
22.790000000 3.598756165791e-04
22.800000000 7.576722222143e-04
22.810000000 1.089647182480e-03
22.820000000 1.336875447171e-03
22.830000000 1.496670062935e-03
22.840000000 1.568711261033e-03
22.850000000 1.553530083741e-03
22.860000000 1.462275136187e-03
22.870000000 1.322428706342e-03
22.880000000 1.175173763926e-03
22.890000000 1.059965638599e-03
22.900000000 9.942219695804e-04
22.910000000 9.508962053256e-04
22.920000000 8.498710489881e-04
22.930000000 5.643216044111e-04
22.940000000 -4.932938596235e-05
22.950000000 -1.102157162673e-03
22.960000000 -2.614664642996e-03
22.970000000 -4.498840937843e-03
22.980000000 -6.578879937437e-03
22.990000000 -8.652181356135e-03
23.000000000 -1.057068403933e-02
23.010000000 -1.229321020916e-02
23.020000000 -1.389559135176e-02
23.030000000 -1.553130449684e-02
23.040000000 -1.736418566887e-02
23.050000000 -1.950130670372e-02
23.060000000 -2.195966125349e-02
23.070000000 -2.466449282582e-02
23.080000000 -2.747365115573e-02
23.090000000 -3.020814507170e-02
23.100000000 -3.267354837724e-02
23.110000000 -3.467798916682e-02
23.120000000 -3.604890785905e-02
23.130000000 -3.666079217286e-02
23.140000000 -3.646809743242e-02
23.150000000 -3.552779039419e-02
23.160000000 -3.398736633280e-02
23.170000000 -3.203979154136e-02
23.180000000 -2.985594556015e-02
23.190000000 -2.754054159546e-02
23.200000000 -2.511894424129e-02
23.210000000 -2.256646017127e-02
23.220000000 -1.986071104496e-02
23.230000000 -1.703795168291e-02
23.240000000 -1.422620144367e-02
23.250000000 -1.164173994026e-02
23.260000000 -9.541907239054e-03
23.270000000 -8.153012469489e-03
23.280000000 -7.613470530204e-03
23.290000000 -7.929569455650e-03
23.300000000 -8.979181381383e-03
23.310000000 -1.052965048151e-02
23.320000000 -1.228752246990e-02
23.330000000 -1.395509897652e-02
23.340000000 -1.527627801713e-02
23.350000000 -1.607510010565e-02
23.360000000 -1.626481250585e-02
23.370000000 -1.584181488941e-02
23.380000000 -1.486073806952e-02
23.390000000 -1.340767160382e-02
23.400000000 -1.157053237553e-02
23.410000000 -9.414946450078e-03
23.420000000 -6.976899383955e-03
23.430000000 -4.275443633314e-03
23.440000000 -1.331531437868e-03
23.450000000 1.809788419317e-03
23.460000000 5.081922428483e-03
23.470000000 8.417725855624e-03
23.480000000 1.176988836101e-02
23.490000000 1.511776807515e-02
23.500000000 1.844457206727e-02
23.510000000 2.170779195388e-02
23.520000000 2.480195021536e-02
23.530000000 2.755222029213e-02
23.540000000 2.973720595694e-02
23.550000000 3.114445132957e-02
23.560000000 3.163389561704e-02
23.570000000 3.117804588727e-02
23.580000000 2.987621767966e-02
23.590000000 2.793628080876e-02
23.600000000 2.563432100906e-02
23.610000000 2.326183492006e-02
23.620000000 2.107925332233e-02
23.630000000 1.927786216408e-02
23.640000000 1.796864484467e-02
23.650000000 1.718110099238e-02
23.660000000 1.686614721001e-02
23.670000000 1.691470352198e-02
23.680000000 1.718923272012e-02
23.690000000 1.756059128640e-02
23.700000000 1.793941701089e-02
23.710000000 1.828864455890e-02
23.720000000 1.861962536942e-02
23.730000000 1.897973044469e-02
23.740000000 1.943098296965e-02
23.750000000 2.001446081458e-02
23.760000000 2.072310682863e-02
23.770000000 2.148859179248e-02
23.780000000 2.219039637217e-02
23.790000000 2.268060477137e-02
23.800000000 2.281240251723e-02
23.810000000 2.246711139962e-02
23.820000000 2.156713881046e-02
23.830000000 2.008590002577e-02
23.840000000 1.805015357007e-02
23.850000000 1.553843006536e-02
23.860000000 1.267762537170e-02
23.870000000 9.640186046926e-03
23.880000000 6.624618672426e-03
23.890000000 3.833525853008e-03
23.900000000 1.429259640738e-03
23.910000000 -5.108941058487e-04
23.920000000 -2.015092205526e-03
23.930000000 -3.212604001436e-03
23.940000000 -4.284860135745e-03
23.950000000 -5.384611835941e-03
23.960000000 -6.584866026019e-03
23.970000000 -7.861138543258e-03
23.980000000 -9.122803297130e-03
23.990000000 -1.026128207558e-02
24.000000000 -1.118028862455e-02
24.010000000 -1.179692738336e-02
24.020000000 -1.203931770428e-02
24.030000000 -1.184172590164e-02
24.040000000 -1.115672302438e-02
24.050000000 -9.971980747489e-03
24.060000000 -8.323839979797e-03
24.070000000 -6.301624705720e-03
24.080000000 -4.031454862914e-03
24.090000000 -1.648566427517e-03
24.100000000 7.348942285718e-04
24.110000000 3.044233241718e-03
24.120000000 5.248047054358e-03
24.130000000 7.349848223936e-03
24.140000000 9.381768193035e-03
24.150000000 1.138028050773e-02
24.160000000 1.335674346518e-02
24.170000000 1.527423367759e-02
24.180000000 1.704909467644e-02
24.190000000 1.859018714177e-02
24.200000000 1.983814910534e-02
24.210000000 2.079480323824e-02
24.220000000 2.151990104903e-02
24.230000000 2.211155443309e-02
24.240000000 2.267807957616e-02
24.250000000 2.331114504004e-02
24.260000000 2.406428868058e-02
24.270000000 2.493702076281e-02
24.280000000 2.587763041994e-02
24.290000000 2.679459309889e-02
24.300000000 2.757833309040e-02
24.310000000 2.812517471975e-02
24.320000000 2.836562088979e-02
24.330000000 2.828654600533e-02
24.340000000 2.793377211876e-02
24.350000000 2.740003586167e-02
24.360000000 2.679345388708e-02
24.370000000 2.620430123146e-02
24.380000000 2.567236979512e-02
24.390000000 2.516157140997e-02
24.400000000 2.454690903436e-02
24.410000000 2.362493645099e-02
24.420000000 2.215212641783e-02
24.430000000 1.990489898687e-02
24.440000000 1.674329279598e-02
24.450000000 1.265898379104e-02
24.460000000 7.794103137656e-03
24.470000000 2.430620904263e-03
24.480000000 -3.051140384168e-03
24.490000000 -8.226614244239e-03
24.500000000 -1.268777861014e-02
24.510000000 -1.610294122020e-02
24.520000000 -1.827193219923e-02
24.530000000 -1.915192623205e-02
24.540000000 -1.885562304393e-02
24.550000000 -1.762020833355e-02
24.560000000 -1.577066717819e-02
24.570000000 -1.368560273984e-02
24.580000000 -1.175173650443e-02
24.590000000 -1.032150062824e-02
24.600000000 -9.660527965693e-03
24.610000000 -9.922436780201e-03
24.620000000 -1.114493793786e-02
24.630000000 -1.326280124703e-02
24.640000000 -1.612226119410e-02
24.650000000 -1.949595338297e-02
24.660000000 -2.309855042276e-02
24.670000000 -2.661710399691e-02
24.680000000 -2.974192344750e-02
24.690000000 -3.221242268976e-02
24.700000000 -3.386091979051e-02
24.710000000 -3.463937584817e-02
24.720000000 -3.461694885535e-02
24.730000000 -3.394430373889e-02
24.740000000 -3.279968994114e-02
24.750000000 -3.134940698438e-02
24.760000000 -2.972138558782e-02
24.770000000 -2.800861881622e-02
24.780000000 -2.628436610610e-02
24.790000000 -2.461566930854e-02
24.800000000 -2.306051071218e-02
24.810000000 -2.164923082946e-02
24.820000000 -2.036423149027e-02
24.830000000 -1.914490058486e-02
24.840000000 -1.791020380848e-02
24.850000000 -1.659241787914e-02
24.860000000 -1.515874739583e-02
24.870000000 -1.360542591013e-02
24.880000000 -1.193418711994e-02
24.890000000 -1.013480859318e-02
24.900000000 -8.192848762975e-03
24.910000000 -6.115425809094e-03
24.920000000 -3.950843695429e-03
24.930000000 -1.774072294762e-03
24.940000000 3.609348694260e-04
24.950000000 2.463185860617e-03
24.960000000 4.607160985849e-03
24.970000000 6.897211646748e-03
24.980000000 9.404625680760e-03
24.990000000 1.212793780941e-02
25.000000000 1.497964118016e-02
25.010000000 1.780396130478e-02
25.020000000 2.041259478601e-02
25.030000000 2.262299206759e-02
25.040000000 2.428288819157e-02
25.050000000 2.529188557249e-02
25.060000000 2.561729842321e-02
25.070000000 2.531332856967e-02
25.080000000 2.453826412509e-02
25.090000000 2.353813729374e-02
25.100000000 2.261111725560e-02
25.110000000 2.205433675212e-02
25.120000000 2.211872933392e-02
25.130000000 2.297689634161e-02
25.140000000 2.469314659265e-02
25.150000000 2.720409698954e-02
25.160000000 3.031695524622e-02
25.170000000 3.372874130362e-02
25.180000000 3.708125898620e-02
25.190000000 4.002925378077e-02
25.200000000 4.230782294359e-02
25.210000000 4.377053786825e-02
25.220000000 4.438599073821e-02
25.230000000 4.420396305919e-02
25.240000000 4.330079667553e-02
25.250000000 4.174449374826e-02
25.260000000 3.958541810095e-02
25.270000000 3.686960999604e-02
25.280000000 3.366768224566e-02
25.290000000 3.008882320236e-02
25.300000000 2.628485022201e-02
25.310000000 2.244251588242e-02
25.320000000 1.876385467230e-02
25.330000000 1.543887892033e-02
25.340000000 1.260604987530e-02
25.350000000 1.031504106032e-02
25.360000000 8.498029796957e-03
25.370000000 6.965226306716e-03
25.380000000 5.433637744810e-03
25.390000000 3.571103235634e-03
25.400000000 1.067135135920e-03
25.410000000 -2.301642498234e-03
25.420000000 -6.615853853300e-03
25.430000000 -1.178224396555e-02
25.440000000 -1.754845857234e-02
25.450000000 -2.355047251563e-02
25.460000000 -2.937747984233e-02
25.470000000 -3.463262001659e-02
25.480000000 -3.898086833670e-02
25.490000000 -4.218511406149e-02
25.500000000 -4.414340945749e-02
25.510000000 -4.490512881011e-02
25.520000000 -4.465991910672e-02
25.530000000 -4.369289851035e-02
25.540000000 -4.233307715193e-02
25.550000000 -4.092366992786e-02
25.560000000 -3.981618934100e-02
25.570000000 -3.936155838538e-02
25.580000000 -3.988299196067e-02
25.590000000 -4.161525373621e-02
25.600000000 -4.462607044939e-02
25.610000000 -4.875339466616e-02
25.620000000 -5.359769598661e-02
25.630000000 -5.858431081119e-02
25.640000000 -6.308511747900e-02
25.650000000 -6.656031423113e-02
25.660000000 -6.865608928000e-02
25.670000000 -6.925041184850e-02
25.680000000 -6.842860768996e-02
25.690000000 -6.642242396342e-02
25.700000000 -6.353656662995e-02
25.710000000 -6.007712528675e-02
25.720000000 -5.630010141922e-02
25.730000000 -5.238584379757e-02
25.740000000 -4.843401151143e-02
25.750000000 -4.448405045700e-02
25.760000000 -4.053506775245e-02
25.770000000 -3.656605390845e-02
25.780000000 -3.254794594867e-02
25.790000000 -2.844761108433e-02
25.800000000 -2.422949941839e-02
25.810000000 -1.986186740007e-02
25.820000000 -1.532551248368e-02
25.830000000 -1.061405583677e-02
25.840000000 -5.740285609398e-03
25.850000000 -7.484808241571e-04
25.860000000 4.276657826841e-03
25.870000000 9.195186980616e-03
25.880000000 1.380568757705e-02
25.890000000 1.786274274177e-02
25.900000000 2.110752772203e-02
25.910000000 2.333129164053e-02
25.920000000 2.444065553693e-02
25.930000000 2.450622635895e-02
25.940000000 2.376958004849e-02
25.950000000 2.260193058690e-02
25.960000000 2.142635354525e-02
25.970000000 2.062878879614e-02
25.980000000 2.049340935737e-02
25.990000000 2.117722025151e-02
26.000000000 2.272779898998e-02
26.010000000 2.511162800087e-02
26.020000000 2.822379174911e-02
26.030000000 3.187664164129e-02
26.040000000 3.579675077127e-02
26.050000000 3.965161319955e-02
26.060000000 4.311709837346e-02
26.070000000 4.594497038486e-02
26.080000000 4.802169849563e-02
26.090000000 4.937097345722e-02
26.100000000 5.011619258850e-02
26.110000000 5.040747704563e-02
26.120000000 5.035616693262e-02
26.130000000 5.000685428851e-02
26.140000000 4.935622203241e-02
26.150000000 4.840141019696e-02
26.160000000 4.717575396650e-02
26.170000000 4.575934501126e-02
26.180000000 4.425345260202e-02
26.190000000 4.273493494257e-02
26.200000000 4.121676877156e-02
26.210000000 3.964163638262e-02
26.220000000 3.790159471530e-02
26.230000000 3.587936440783e-02
26.240000000 3.349490576292e-02
26.250000000 3.074778507405e-02
26.260000000 2.772585216438e-02
26.270000000 2.457903619509e-02
26.280000000 2.146602866282e-02
26.290000000 1.850518593107e-02
26.300000000 1.575680446135e-02
26.310000000 1.321778852722e-02
26.320000000 1.084837434950e-02
26.330000000 8.602370203807e-03
26.340000000 6.471271481486e-03
26.350000000 4.502488879637e-03
26.360000000 2.790134352162e-03
26.370000000 1.441401281841e-03
26.380000000 5.457689842614e-04
26.390000000 1.679075872975e-04
26.400000000 3.545970336055e-04
26.410000000 1.122866715557e-03
26.420000000 2.441294957931e-03
26.430000000 4.200152123812e-03
26.440000000 6.215231274459e-03
26.450000000 8.263747561014e-03
26.460000000 1.013992316506e-02
26.470000000 1.170149319157e-02
26.480000000 1.287200273832e-02
26.490000000 1.361409444042e-02
26.500000000 1.389266494905e-02
26.510000000 1.365776321432e-02
26.520000000 1.284602998371e-02
26.530000000 1.139294909991e-02
26.540000000 9.252804714771e-03
26.550000000 6.419638478123e-03
26.560000000 2.944801551045e-03
26.570000000 -1.041027542281e-03
26.580000000 -5.322349182975e-03
26.590000000 -9.606598768319e-03
26.600000000 -1.354971882941e-02
26.610000000 -1.680668851527e-02
26.620000000 -1.908395494876e-02
26.630000000 -2.019929824342e-02
26.640000000 -2.011551706510e-02
26.650000000 -1.895055355842e-02
26.660000000 -1.696405475737e-02
26.670000000 -1.451663645924e-02
26.680000000 -1.201688629628e-02
26.690000000 -9.846881253833e-03
26.700000000 -8.293821487259e-03
26.710000000 -7.477208544355e-03
26.720000000 -7.313471541284e-03
26.730000000 -7.518581760396e-03
26.740000000 -7.679547891469e-03
26.750000000 -7.362974186347e-03
26.760000000 -6.238906430645e-03
26.770000000 -4.172766826903e-03
26.780000000 -1.261220627647e-03
26.790000000 2.201871660477e-03
26.800000000 5.814074855049e-03
26.810000000 9.177483469461e-03
26.820000000 1.198012157243e-02
26.830000000 1.401976378923e-02
26.840000000 1.518890533100e-02
26.850000000 1.544466636659e-02
26.860000000 1.479241293299e-02
26.870000000 1.328626322252e-02
26.880000000 1.102812147205e-02
26.890000000 8.161494978538e-03
26.900000000 4.867959485836e-03
26.910000000 1.362690641583e-03
26.920000000 -2.109539655229e-03
26.930000000 -5.294639216982e-03
26.940000000 -7.952056897587e-03
26.950000000 -9.885252827527e-03
26.960000000 -1.095624220140e-02
26.970000000 -1.109963994732e-02
26.980000000 -1.033016295178e-02
26.990000000 -8.741970194397e-03
27.000000000 -6.512980559632e-03
27.010000000 -3.884859053325e-03
27.020000000 -1.131823053356e-03
27.030000000 1.484549742447e-03
27.040000000 3.776634084957e-03
27.050000000 5.667525050969e-03
27.060000000 7.190972598513e-03
27.070000000 8.455722496290e-03
27.080000000 9.574979836638e-03
27.090000000 1.061283447698e-02
27.100000000 1.156316225511e-02
27.110000000 1.235823913421e-02
27.120000000 1.289774095855e-02
27.130000000 1.306924847644e-02
27.140000000 1.276189337211e-02
27.150000000 1.186993817097e-02
27.160000000 1.029422516439e-02
27.170000000 7.954834422101e-03
27.180000000 4.820290706231e-03
27.190000000 9.470858791460e-04
27.200000000 -3.488480786576e-03
27.210000000 -8.183443929256e-03
27.220000000 -1.274573251010e-02
27.230000000 -1.675619884057e-02
27.240000000 -1.984041215973e-02
27.250000000 -2.172525469092e-02
27.260000000 -2.226317654845e-02
27.270000000 -2.142405357718e-02
27.280000000 -1.927235184715e-02
27.290000000 -1.595232946820e-02
27.300000000 -1.166460567577e-02
27.310000000 -6.645816274863e-03
27.320000000 -1.141512719548e-03
27.330000000 4.629064022730e-03
27.340000000 1.047975245342e-02
27.350000000 1.624969500974e-02
27.360000000 2.177525683075e-02
27.370000000 2.685437110896e-02
27.380000000 3.123315029892e-02
27.390000000 3.462951232509e-02
27.400000000 3.678306076009e-02
27.410000000 3.752960647897e-02
27.420000000 3.684469142925e-02
27.430000000 3.485703671432e-02
27.440000000 3.182459074606e-02
27.450000000 2.809262146188e-02
27.460000000 2.406084446544e-02
27.470000000 2.014668053052e-02
27.480000000 1.674383358181e-02
27.490000000 1.417497701044e-02
27.500000000 1.264927612730e-02
27.510000000 1.222123155859e-02
27.520000000 1.278001001471e-02
27.530000000 1.406513574541e-02
27.540000000 1.570926324499e-02
27.550000000 1.730439081712e-02
27.560000000 1.846951327594e-02
27.570000000 1.890277385402e-02
27.580000000 1.841758647762e-02
27.590000000 1.697055020161e-02
27.600000000 1.466758725407e-02
27.610000000 1.175897494565e-02
27.620000000 8.595609632669e-03
27.630000000 5.564981838558e-03
27.640000000 3.009977668373e-03
27.650000000 1.161558062685e-03
27.660000000 1.081493698328e-04
27.670000000 -1.935505008752e-04
27.680000000 1.072410588568e-04
27.690000000 7.811312238503e-04
27.700000000 1.541009120742e-03
27.710000000 2.078047917872e-03
27.720000000 2.116637827712e-03
27.730000000 1.479068531184e-03
27.740000000 1.330707790800e-04
27.750000000 -1.818185417869e-03
27.760000000 -4.197523236037e-03
27.770000000 -6.846858714358e-03
27.780000000 -9.710005067160e-03
27.790000000 -1.285986714641e-02
27.800000000 -1.644977299047e-02
27.810000000 -2.061703026360e-02
27.820000000 -2.540371578490e-02
27.830000000 -3.072704988702e-02
27.840000000 -3.641527119893e-02
27.850000000 -4.227466922998e-02
27.860000000 -4.813654225064e-02
27.870000000 -5.385920915274e-02
27.880000000 -5.929228861258e-02
27.890000000 -6.423864113115e-02
27.900000000 -6.843827240589e-02
27.910000000 -7.160379213466e-02
27.920000000 -7.347585429720e-02
27.930000000 -7.387173338176e-02
27.940000000 -7.271575318233e-02
27.950000000 -7.003890160276e-02
27.960000000 -6.596589490312e-02
27.970000000 -6.069926424070e-02
27.980000000 -5.451438820795e-02
27.990000000 -4.774110896356e-02
28.000000000 -4.074214971147e-02
28.010000000 -3.387575119401e-02
28.020000000 -2.745748731551e-02
28.030000000 -2.174965602871e-02
28.040000000 -1.695701001378e-02
28.050000000 -1.322617354344e-02
28.060000000 -1.062905249167e-02
28.070000000 -9.125150674667e-03
28.080000000 -8.531093530622e-03
28.090000000 -8.523189015617e-03
28.100000000 -8.679602827483e-03
28.110000000 -8.566642300212e-03
28.120000000 -7.847394923744e-03
28.130000000 -6.369354297019e-03
28.140000000 -4.208872793255e-03
28.150000000 -1.618476045532e-03
28.160000000 1.082447440435e-03
28.170000000 3.632302413742e-03
28.180000000 5.897620950979e-03
28.190000000 7.869389220779e-03
28.200000000 9.629985202648e-03
28.210000000 1.131121883762e-02
28.220000000 1.306537793378e-02
28.230000000 1.504765727828e-02
28.240000000 1.739873169805e-02
28.250000000 2.021240922857e-02
28.260000000 2.348682289127e-02
28.270000000 2.707512105638e-02
28.280000000 3.067498565958e-02
28.290000000 3.387795205853e-02
28.300000000 3.627822136387e-02
28.310000000 3.758472783318e-02
28.320000000 3.770728242680e-02
28.330000000 3.676008963042e-02
28.340000000 3.500415442792e-02
28.350000000 3.274036972945e-02
28.360000000 3.021722538863e-02
28.370000000 2.757585018588e-02
28.380000000 2.485041494551e-02
28.390000000 2.201523626970e-02
28.400000000 1.904467646701e-02
28.410000000 1.595992621589e-02
28.420000000 1.283759290875e-02
28.430000000 9.766180494218e-03
28.440000000 6.785256476095e-03
28.450000000 3.847441299641e-03
28.460000000 8.482022327641e-04
28.470000000 -2.294919770445e-03
28.480000000 -5.558853689462e-03
28.490000000 -8.789050537934e-03
28.500000000 -1.174605849568e-02
28.510000000 -1.419244075405e-02
28.520000000 -1.598337345773e-02
28.530000000 -1.710879597241e-02
28.540000000 -1.767485604147e-02
28.550000000 -1.783875629937e-02
28.560000000 -1.774173587778e-02
28.570000000 -1.746708032419e-02
28.580000000 -1.704273016053e-02
28.590000000 -1.645936383932e-02
28.600000000 -1.567745260700e-02
28.610000000 -1.462329744356e-02
28.620000000 -1.318505594227e-02
28.630000000 -1.122708365116e-02
28.640000000 -8.626668733375e-03
28.650000000 -5.322844379691e-03
28.660000000 -1.358766403646e-03
28.670000000 3.110539082913e-03
28.680000000 7.847916750721e-03
28.690000000 1.259644298572e-02
28.700000000 1.714297152919e-02
28.710000000 2.135465575572e-02
28.720000000 2.518956879920e-02
28.730000000 2.868010009234e-02
28.740000000 3.190992585047e-02
28.750000000 3.498195345891e-02
28.760000000 3.798982001462e-02
28.770000000 4.099111781476e-02
28.780000000 4.399472841867e-02
28.790000000 4.695064385427e-02
28.800000000 4.976443319012e-02
28.810000000 5.231075463428e-02
28.820000000 5.444299427123e-02
28.830000000 5.599422547816e-02
28.840000000 5.677475280953e-02
28.850000000 5.658635791384e-02
28.860000000 5.527873415092e-02
28.870000000 5.282395043825e-02
28.880000000 4.938660479427e-02
28.890000000 4.533624399774e-02
28.900000000 4.116956973087e-02
28.910000000 3.738452090549e-02
28.920000000 3.433961297727e-02
28.930000000 3.216875874732e-02
28.940000000 3.078090918006e-02
28.950000000 2.993267836900e-02
28.960000000 2.933783377268e-02
28.970000000 2.876911571348e-02
28.980000000 2.810543253702e-02
28.990000000 2.731862858990e-02
29.000000000 2.641598795277e-02
29.010000000 2.538410002786e-02
29.020000000 2.416097075733e-02
29.030000000 2.265246420371e-02
29.040000000 2.076780678699e-02
29.050000000 1.845664658907e-02
29.060000000 1.573479242006e-02
29.070000000 1.269162577403e-02
29.080000000 9.482301666206e-03
29.090000000 6.295036387534e-03
29.100000000 3.302906012928e-03
29.110000000 6.072239656979e-04
29.120000000 -1.804078280157e-03
29.130000000 -4.060271135367e-03
29.140000000 -6.369226505040e-03
29.150000000 -8.966858103189e-03
29.160000000 -1.205013617350e-02
29.170000000 -1.572549879323e-02
29.180000000 -1.997256565320e-02
29.190000000 -2.463129534697e-02
29.200000000 -2.942181266115e-02
29.210000000 -3.399040829891e-02
29.220000000 -3.798409825762e-02
29.230000000 -4.112189970370e-02
29.240000000 -4.323727787660e-02
29.250000000 -4.427808081939e-02
29.260000000 -4.427626784161e-02
29.270000000 -4.332441429091e-02
29.280000000 -4.158831504699e-02
29.290000000 -3.932132337046e-02
29.300000000 -3.686095590636e-02
29.310000000 -3.457361191146e-02
29.320000000 -3.276477334685e-02
29.330000000 -3.159705969725e-02
29.340000000 -3.105826674346e-02
29.350000000 -3.099166021523e-02
29.360000000 -3.116753151015e-02
29.370000000 -3.135449560107e-02
29.380000000 -3.136850591175e-02
29.390000000 -3.110236734142e-02
29.400000000 -3.052658425171e-02
29.410000000 -2.967963214150e-02
29.420000000 -2.863673014804e-02
29.430000000 -2.748528880900e-02
29.440000000 -2.630517393453e-02
29.450000000 -2.515833585082e-02
29.460000000 -2.407240833671e-02
29.470000000 -2.301169204438e-02
29.480000000 -2.184637827589e-02
29.490000000 -2.033878057271e-02
29.500000000 -1.817497768511e-02
29.510000000 -1.505038377977e-02
29.520000000 -1.079626120245e-02
29.530000000 -5.493633709949e-03
29.540000000 4.742569755091e-04
29.550000000 6.481386327897e-03
29.560000000 1.180062070204e-02
29.570000000 1.577528751032e-02
29.580000000 1.796013806771e-02
29.590000000 1.819340196881e-02
29.600000000 1.660027840420e-02
29.610000000 1.352951931021e-02
29.620000000 9.447089313189e-03
29.630000000 4.829141668560e-03
29.640000000 9.230875957515e-05
29.650000000 -4.428005969935e-03
29.660000000 -8.470200869280e-03
29.670000000 -1.183558324562e-02
29.680000000 -1.438985044041e-02
29.690000000 -1.606268410660e-02
29.700000000 -1.683809773406e-02
29.710000000 -1.673636518371e-02
29.720000000 -1.580878912712e-02
29.730000000 -1.414561197809e-02
29.740000000 -1.190407840365e-02
29.750000000 -9.320659425173e-03
29.760000000 -6.697986482385e-03
29.770000000 -4.347118564123e-03
29.780000000 -2.525314435915e-03
29.790000000 -1.375945448185e-03
29.800000000 -8.991466272359e-04
29.810000000 -9.654662554539e-04
29.820000000 -1.356144425665e-03
29.830000000 -1.830459292008e-03
29.840000000 -2.191742697458e-03
29.850000000 -2.341073270234e-03
29.860000000 -2.294053890446e-03
29.870000000 -2.164112027001e-03
29.880000000 -2.117409606956e-03
29.890000000 -2.313460337507e-03
29.900000000 -2.858696589240e-03
29.910000000 -3.776072452013e-03
29.920000000 -5.006276947777e-03
29.930000000 -6.438094738357e-03
29.940000000 -7.952691465521e-03
29.950000000 -9.469573862952e-03
29.960000000 -1.095755311114e-02
29.970000000 -1.241773991240e-02
29.980000000 -1.384822256824e-02
29.990000000 -1.522269944070e-02
30.000000000 -1.647912499867e-02
30.010000000 -1.752252483217e-02
30.020000000 -1.823276851519e-02
30.030000000 -1.847045053144e-02
30.040000000 -1.810341522519e-02
30.050000000 -1.703144949035e-02
30.060000000 -1.521533676181e-02
30.070000000 -1.269827792957e-02
30.080000000 -9.612067190942e-03
30.090000000 -6.172518436758e-03
30.100000000 -2.643032620887e-03
30.110000000 7.030288095693e-04
30.120000000 3.612208906280e-03
30.130000000 5.864000605533e-03
30.140000000 7.280826332141e-03
30.150000000 7.761179546767e-03
30.160000000 7.337203917698e-03
30.170000000 6.218358959803e-03
30.180000000 4.781256120245e-03
30.190000000 3.494004908734e-03
30.200000000 2.783909263795e-03
30.210000000 2.900158157941e-03
30.220000000 3.829064421217e-03
30.230000000 5.281597261498e-03
30.240000000 6.773696694601e-03
30.250000000 7.756460958449e-03
30.260000000 7.766536484510e-03
30.270000000 6.542473087459e-03
30.280000000 4.078054042437e-03
30.290000000 6.070034785336e-04
30.300000000 -3.479872095307e-03
30.310000000 -7.731218930749e-03
30.320000000 -1.171845949355e-02
30.330000000 -1.508265095337e-02
30.340000000 -1.757673294529e-02
30.350000000 -1.909205195818e-02
30.360000000 -1.966811951768e-02
30.370000000 -1.946900801897e-02
30.380000000 -1.872623768627e-02
30.390000000 -1.768233738242e-02
30.400000000 -1.655817454742e-02
30.410000000 -1.553380331451e-02
30.420000000 -1.474595896262e-02
30.430000000 -1.427317422069e-02
30.440000000 -1.411121780356e-02
30.450000000 -1.415820963643e-02
30.460000000 -1.422378639648e-02
30.470000000 -1.407376541336e-02
30.480000000 -1.351172549556e-02
30.490000000 -1.246058844529e-02
30.500000000 -1.100042510247e-02
30.510000000 -9.365436263294e-03
30.520000000 -7.881484577443e-03
30.530000000 -6.892347184323e-03
30.540000000 -6.687654853576e-03
30.550000000 -7.443248039290e-03
30.560000000 -9.186699236531e-03
30.570000000 -1.178303302338e-02
30.580000000 -1.495571420819e-02
30.590000000 -1.832193066508e-02
30.600000000 -2.145822569862e-02
30.610000000 -2.397509274606e-02
30.620000000 -2.560394817253e-02
30.630000000 -2.626634329593e-02
30.640000000 -2.609809009528e-02
30.650000000 -2.540075722049e-02
30.660000000 -2.454738818435e-02
30.670000000 -2.386863727968e-02
30.680000000 -2.358242301453e-02
30.690000000 -2.377348773043e-02
30.700000000 -2.442239031294e-02
30.710000000 -2.544912430498e-02
30.720000000 -2.672798642365e-02
30.730000000 -2.809311905840e-02
30.740000000 -2.933142875559e-02
30.750000000 -3.021147179216e-02
30.760000000 -3.054138944534e-02
30.770000000 -3.024256935375e-02
30.780000000 -2.939831487606e-02
30.790000000 -2.824244020076e-02
30.800000000 -2.709575415300e-02
30.810000000 -2.627483775313e-02
30.820000000 -2.600564427947e-02
30.830000000 -2.636864095128e-02
30.840000000 -2.728415454904e-02
30.850000000 -2.852677513807e-02
30.860000000 -2.978028845626e-02
30.870000000 -3.069537491143e-02
30.880000000 -3.095366314454e-02
30.890000000 -3.031268389874e-02
30.900000000 -2.862857755618e-02
30.910000000 -2.588207598809e-02
30.920000000 -2.218879423392e-02
30.930000000 -1.778277480703e-02
30.940000000 -1.295790517116e-02
30.950000000 -8.000959806264e-03
30.960000000 -3.131390564841e-03
30.970000000 1.509294794995e-03
30.980000000 5.834320218710e-03
30.990000000 9.782443924020e-03
31.000000000 1.330015863184e-02
31.010000000 1.633975592065e-02
31.020000000 1.887480984718e-02
31.030000000 2.091098918997e-02
31.040000000 2.249402917366e-02
31.050000000 2.368919579693e-02
31.060000000 2.455510325945e-02
31.070000000 2.511438690428e-02
31.080000000 2.535687928728e-02
31.090000000 2.528299292714e-02
31.100000000 2.495613041576e-02
31.110000000 2.453513138662e-02
31.120000000 2.426205305400e-02
31.130000000 2.441278957934e-02
31.140000000 2.523090422681e-02
31.150000000 2.687318003858e-02
31.160000000 2.936624373634e-02
31.170000000 3.258415087171e-02
31.180000000 3.624981401599e-02
31.190000000 3.997055109690e-02
31.200000000 4.330091841612e-02
31.210000000 4.582259206481e-02
31.220000000 4.721656410064e-02
31.230000000 4.731013718881e-02
31.240000000 4.609097010146e-02
31.250000000 4.368386389313e-02
31.260000000 4.030445661196e-02
31.270000000 3.620013244691e-02
31.280000000 3.159391373150e-02
31.290000000 2.662840599999e-02
31.300000000 2.133682249870e-02
31.310000000 1.565336718150e-02
31.320000000 9.477185076498e-03
31.330000000 2.773787363741e-03
31.340000000 -4.342636866781e-03
31.350000000 -1.158301873416e-02
31.360000000 -1.852126677135e-02
31.370000000 -2.468553562482e-02
31.380000000 -2.965114521908e-02
31.390000000 -3.311508646968e-02
31.400000000 -3.493346385943e-02
31.410000000 -3.512769176558e-02
31.420000000 -3.384839426652e-02
31.430000000 -3.132373216353e-02
31.440000000 -2.780613168597e-02
31.450000000 -2.352900469037e-02
31.460000000 -1.868382165381e-02
31.470000000 -1.341993020454e-02
31.480000000 -7.855947014125e-03
31.490000000 -2.117988742026e-03
31.500000000 3.623605147777e-03
31.510000000 9.131644058724e-03
31.520000000 1.410720582230e-02
31.530000000 1.822352137896e-02
31.540000000 2.117772967215e-02
31.550000000 2.274912976953e-02
31.560000000 2.284925819790e-02
31.570000000 2.155231167135e-02
31.580000000 1.909812646595e-02
31.590000000 1.586136860747e-02
31.600000000 1.229450519848e-02
31.610000000 8.853032889030e-03
31.620000000 5.910792752960e-03
31.630000000 3.694553308340e-03
31.640000000 2.232040054931e-03
31.650000000 1.350954084666e-03
31.660000000 7.331561751872e-04
31.670000000 1.736400255203e-05
31.680000000 -1.081802182843e-03
31.690000000 -2.685913349211e-03
31.700000000 -4.718391700253e-03
31.710000000 -6.941324339023e-03
31.720000000 -9.020552503211e-03
31.730000000 -1.061612946566e-02
31.740000000 -1.144201228112e-02
31.750000000 -1.131984374069e-02
31.760000000 -1.020280614567e-02
31.770000000 -8.190127983087e-03
31.780000000 -5.503564143230e-03
31.790000000 -2.431691232725e-03
31.800000000 7.428287270141e-04
31.810000000 3.807485483808e-03
31.820000000 6.642162829632e-03
31.830000000 9.213133600092e-03
31.840000000 1.153802192150e-02
31.850000000 1.363148019427e-02
31.860000000 1.545810297126e-02
31.870000000 1.691085160135e-02
31.880000000 1.782738993968e-02
31.890000000 1.802409974915e-02
31.900000000 1.734597319301e-02
31.910000000 1.571451065712e-02
31.920000000 1.318365160593e-02
31.930000000 9.974313163381e-03
31.940000000 6.465132460692e-03
31.950000000 3.120041555957e-03
31.960000000 3.762754438669e-04
31.970000000 -1.472671477546e-03
31.980000000 -2.348451823385e-03
31.990000000 -2.392477659054e-03
32.000000000 -1.903371149872e-03
32.010000000 -1.242177585605e-03
32.020000000 -7.425483180283e-04
32.030000000 -6.448264350126e-04
32.040000000 -1.052090592264e-03
32.050000000 -1.915554198950e-03
32.060000000 -3.051483019042e-03
32.070000000 -4.190123808210e-03
32.080000000 -5.046923868807e-03
32.090000000 -5.393344848005e-03
32.100000000 -5.104675599905e-03
32.110000000 -4.188133311804e-03
32.120000000 -2.773134263021e-03
32.130000000 -1.082756394600e-03
32.140000000 6.219729813486e-04
32.150000000 2.113227709358e-03
32.160000000 3.258057558935e-03
32.170000000 4.045616395796e-03
32.180000000 4.563085429996e-03
32.190000000 4.938778727633e-03
32.200000000 5.278174610926e-03
32.210000000 5.607553867984e-03
32.220000000 5.850384085467e-03
32.230000000 5.837226645125e-03
32.240000000 5.354717854908e-03
32.250000000 4.201766114919e-03
32.260000000 2.250227833025e-03
32.270000000 -5.324000485047e-04
32.280000000 -4.088476444877e-03
32.290000000 -8.291321225184e-03
32.300000000 -1.296522433492e-02
32.310000000 -1.790392272826e-02
32.320000000 -2.288628223090e-02
32.330000000 -2.769125545574e-02
32.340000000 -3.213065263134e-02
32.350000000 -3.607875986316e-02
32.360000000 -3.949587333439e-02
32.370000000 -4.242191538403e-02
32.380000000 -4.494542249100e-02
32.390000000 -4.715395500543e-02
32.400000000 -4.908224257579e-02
32.410000000 -5.068597717188e-02
32.420000000 -5.184287977586e-02
32.430000000 -5.238470986605e-02
32.440000000 -5.214515076204e-02
32.450000000 -5.100122268617e-02
32.460000000 -4.890281494258e-02
32.470000000 -4.588644233611e-02
32.480000000 -4.208570161588e-02
32.490000000 -3.773255433433e-02
32.500000000 -3.314703038206e-02
32.510000000 -2.869428622834e-02
32.520000000 -2.473574418694e-02
32.530000000 -2.156317590184e-02
32.540000000 -1.935965400741e-02
32.550000000 -1.818403333964e-02
32.560000000 -1.797707752708e-02
32.570000000 -1.857825995865e-02
32.580000000 -1.974657509421e-02
32.590000000 -2.118134847020e-02
32.600000000 -2.254708068973e-02
32.610000000 -2.350142948268e-02
32.620000000 -2.374498928170e-02
32.630000000 -2.306878931726e-02
32.640000000 -2.140355011987e-02
32.650000000 -1.883148977037e-02
32.660000000 -1.556473176777e-02
32.670000000 -1.189562382633e-02
32.680000000 -8.141985829685e-03
32.690000000 -4.603456337970e-03
32.700000000 -1.537737595146e-03
32.710000000 8.544933306477e-04
32.720000000 2.443780525568e-03
32.730000000 3.195756689273e-03
32.740000000 3.192780508953e-03
32.750000000 2.643632357801e-03
32.760000000 1.857357094154e-03
32.770000000 1.182605204222e-03
32.780000000 9.428040552939e-04
32.790000000 1.367707200976e-03
32.800000000 2.545052766881e-03
32.810000000 4.382803352031e-03
32.820000000 6.614878682648e-03
32.830000000 8.865477938637e-03
32.840000000 1.074610502048e-02
32.850000000 1.195288163863e-02
32.860000000 1.232523046006e-02
32.870000000 1.184867887911e-02
32.880000000 1.062977802500e-02
32.890000000 8.844544592726e-03
32.900000000 6.701614606915e-03
32.910000000 4.406573085443e-03
32.920000000 2.138455093147e-03
32.930000000 3.857989200979e-05
32.940000000 -1.782138007079e-03
32.950000000 -3.221830062403e-03
32.960000000 -4.168691955169e-03
32.970000000 -4.500150627827e-03
32.980000000 -4.104586308951e-03
32.990000000 -2.907789781721e-03
33.000000000 -8.817883392978e-04
33.010000000 1.954867757444e-03
33.020000000 5.533386379122e-03
33.030000000 9.735599539830e-03
33.040000000 1.438833758867e-02
33.050000000 1.927647711000e-02
33.060000000 2.416821016032e-02
33.070000000 2.884604588223e-02
33.080000000 3.313071489129e-02
33.090000000 3.688338667697e-02
33.100000000 4.000058601480e-02
33.110000000 4.239197983129e-02
33.120000000 4.397295536316e-02
33.130000000 4.467279911631e-02
33.140000000 4.445409846013e-02
33.150000000 4.332744475592e-02
33.160000000 4.135221863623e-02
33.170000000 3.863438672429e-02
33.180000000 3.533869170946e-02
33.190000000 3.172537494109e-02
33.200000000 2.817263088763e-02
33.210000000 2.515755962821e-02
33.220000000 2.317957754436e-02
33.230000000 2.264814214908e-02
33.240000000 2.376569478437e-02
33.250000000 2.646743803220e-02
33.260000000 3.043420771741e-02
33.270000000 3.517202889634e-02
33.280000000 4.012819448917e-02
33.290000000 4.479479288138e-02
33.300000000 4.876776126248e-02
33.310000000 5.176393913577e-02
33.320000000 5.362082646070e-02
33.330000000 5.430597813448e-02
33.340000000 5.392929469079e-02
33.350000000 5.272807445489e-02
33.360000000 5.101339002645e-02
33.370000000 4.906617766272e-02
33.380000000 4.703133991538e-02
33.390000000 4.486031151150e-02
33.400000000 4.232747062278e-02
33.410000000 3.912832869736e-02
33.420000000 3.500046832878e-02
33.430000000 2.982273548404e-02
33.440000000 2.366459477245e-02
33.450000000 1.678683845564e-02
33.460000000 9.611696187430e-03
33.470000000 2.686387750374e-03
33.480000000 -3.384332771478e-03
33.490000000 -8.023451989688e-03
33.500000000 -1.079239526291e-02
33.510000000 -1.148538242753e-02
33.520000000 -1.018877018240e-02
33.530000000 -7.270750328917e-03
33.540000000 -3.314538105147e-03
33.550000000 1.000834705546e-03
33.560000000 5.025625059088e-03
33.570000000 8.260422091747e-03
33.580000000 1.043645641643e-02
33.590000000 1.156229815767e-02
33.600000000 1.191689663673e-02
33.610000000 1.197046874274e-02
33.620000000 1.224982025464e-02
33.630000000 1.317671093039e-02
33.640000000 1.494712269893e-02
33.650000000 1.748461841494e-02
33.660000000 2.048674318557e-02
33.670000000 2.353600063169e-02
33.680000000 2.622541534410e-02
33.690000000 2.825927091685e-02
33.700000000 2.949209391139e-02
33.710000000 2.991019751636e-02
33.720000000 2.958448451689e-02
33.730000000 2.862519921865e-02
33.740000000 2.716099580174e-02
33.750000000 2.533197096565e-02
33.760000000 2.329004167357e-02
33.770000000 2.118339200272e-02
33.780000000 1.913205833398e-02
33.790000000 1.719945866332e-02
33.800000000 1.538800955210e-02
33.810000000 1.364857205559e-02
33.820000000 1.189516566870e-02
33.830000000 1.002299021181e-02
33.840000000 7.928940138431e-03
33.850000000 5.539507646289e-03
33.860000000 2.839106998506e-03
33.870000000 -1.157787656367e-04
33.880000000 -3.212740723948e-03
33.890000000 -6.316419813439e-03
33.900000000 -9.311853872260e-03
33.910000000 -1.211347971238e-02
33.920000000 -1.465856056740e-02
33.930000000 -1.688986694203e-02
33.940000000 -1.876192737373e-02
33.950000000 -2.026996248136e-02
33.960000000 -2.147984747090e-02
33.970000000 -2.253089339474e-02
33.980000000 -2.359813347958e-02
33.990000000 -2.484383756742e-02
34.000000000 -2.637276721158e-02
34.010000000 -2.821603948160e-02
34.020000000 -3.034263726534e-02
34.030000000 -3.268825032820e-02
34.040000000 -3.516818250023e-02
34.050000000 -3.768266911769e-02
34.060000000 -4.011216414611e-02
34.070000000 -4.231767782918e-02
34.080000000 -4.416292120457e-02
34.090000000 -4.553747693110e-02
34.100000000 -4.636851675717e-02
34.110000000 -4.663388149806e-02
34.120000000 -4.637293000154e-02
34.130000000 -4.569167054102e-02
34.140000000 -4.474937043836e-02
34.150000000 -4.372387937611e-02
34.160000000 -4.277134462074e-02
34.170000000 -4.200360346877e-02
34.180000000 -4.147075403122e-02
34.190000000 -4.116510581749e-02
34.200000000 -4.104254422996e-02
34.210000000 -4.105812306197e-02
34.220000000 -4.121237970541e-02
34.230000000 -4.155487501953e-02
34.240000000 -4.214613763051e-02
34.250000000 -4.299014853745e-02
34.260000000 -4.398760448645e-02
34.270000000 -4.493307671306e-02
34.280000000 -4.553785116451e-02
34.290000000 -4.546590228236e-02
34.300000000 -4.437056806293e-02
34.310000000 -4.193438304967e-02
34.320000000 -3.791762594471e-02
34.330000000 -3.221964553091e-02
34.340000000 -2.492613531893e-02
34.350000000 -1.632045962715e-02
34.360000000 -6.845488071049e-03
34.370000000 2.971923611120e-03
34.380000000 1.259157347569e-02
34.390000000 2.152058150534e-02
34.400000000 2.935685815165e-02
34.410000000 3.582740580578e-02
34.420000000 4.082496595237e-02
34.430000000 4.440616682910e-02
34.440000000 4.674897739608e-02
34.450000000 4.807846730387e-02
34.460000000 4.859371700564e-02
34.470000000 4.844402799524e-02
34.480000000 4.773485098191e-02
34.490000000 4.655623489762e-02
34.500000000 4.499791422613e-02
34.510000000 4.315071228677e-02
34.520000000 4.110546061731e-02
34.530000000 3.894787785514e-02
34.540000000 3.675325150290e-02
34.550000000 3.457547760474e-02
34.560000000 3.243913141008e-02
34.570000000 3.033825493013e-02
34.580000000 2.825212602796e-02
34.590000000 2.616832419573e-02
34.600000000 2.410676417329e-02
34.610000000 2.214518310306e-02
34.620000000 2.042214302693e-02
34.630000000 1.912339691474e-02
34.640000000 1.844625196561e-02
34.650000000 1.855076372885e-02
34.660000000 1.951354059353e-02
34.670000000 2.129733555819e-02
34.680000000 2.375012822252e-02
34.690000000 2.664392518797e-02
34.700000000 2.972770650240e-02
34.710000000 3.277510444466e-02
34.720000000 3.559500023226e-02
34.730000000 3.802152412819e-02
34.740000000 3.990012496016e-02
34.750000000 4.109228148917e-02
34.760000000 4.150532441086e-02
34.770000000 4.111167252886e-02
34.780000000 3.994256084948e-02
34.790000000 3.806069745969e-02
34.800000000 3.554573901150e-02
34.810000000 3.248597276363e-02
34.820000000 2.898249578396e-02
34.830000000 2.514865664466e-02
34.840000000 2.109966518536e-02
34.850000000 1.693981230586e-02
34.860000000 1.276259563757e-02
34.870000000 8.660691437607e-03
34.880000000 4.736579171501e-03
34.890000000 1.101021774189e-03
34.900000000 -2.144304034330e-03
34.910000000 -4.938773863351e-03
34.920000000 -7.291285052353e-03
34.930000000 -9.280949741903e-03
34.940000000 -1.103365943150e-02
34.950000000 -1.267550782978e-02
34.960000000 -1.427979675797e-02
34.970000000 -1.582222825731e-02
34.980000000 -1.716661896575e-02
34.990000000 -1.809137988237e-02
35.000000000 -1.834463658153e-02
35.010000000 -1.771778927103e-02
35.020000000 -1.610175243293e-02
35.030000000 -1.353053280536e-02
35.040000000 -1.018381143436e-02
35.050000000 -6.363484671989e-03
35.060000000 -2.445027811198e-03
35.070000000 1.197431254711e-03
35.080000000 4.274024754732e-03
35.090000000 6.646109372307e-03
35.100000000 8.363495643253e-03
35.110000000 9.651092977797e-03
35.120000000 1.085098176377e-02
35.130000000 1.232743157183e-02
35.140000000 1.437034718273e-02
35.150000000 1.712108050898e-02
35.160000000 2.053835914304e-02
35.170000000 2.442151915121e-02
35.180000000 2.847309199952e-02
35.190000000 3.237724206734e-02
35.200000000 3.586600579888e-02
35.210000000 3.874667796958e-02
35.220000000 4.090268146112e-02
35.230000000 4.228305741575e-02
35.240000000 4.290680504021e-02
35.250000000 4.286072903943e-02
35.260000000 4.227834270646e-02
35.270000000 4.129933041043e-02
35.280000000 4.002751252198e-02
35.290000000 3.851882081141e-02
35.300000000 3.679026512414e-02
35.310000000 3.484448793145e-02
35.320000000 3.269621397430e-02
35.330000000 3.037695617625e-02
35.340000000 2.794413442112e-02
35.350000000 2.547685999354e-02
35.360000000 2.307123081065e-02
35.370000000 2.083002499113e-02
35.380000000 1.883809463013e-02
35.390000000 1.712675205405e-02
35.400000000 1.564334526424e-02
35.410000000 1.424385361423e-02
35.420000000 1.272707996615e-02
35.430000000 1.089484126915e-02
35.440000000 8.616030722479e-03
35.450000000 5.860373081695e-03
35.460000000 2.697140566541e-03
35.470000000 -7.366868200795e-04
35.480000000 -4.270876034704e-03
35.490000000 -7.728382324669e-03
35.500000000 -1.094560162119e-02
35.510000000 -1.377532710050e-02
35.520000000 -1.610135148915e-02
35.530000000 -1.785207524956e-02
35.540000000 -1.901645585042e-02
35.550000000 -1.966038765937e-02
35.560000000 -1.991866192179e-02
35.570000000 -1.996846051182e-02
35.580000000 -1.998649530469e-02
35.590000000 -2.009928826902e-02
35.600000000 -2.036136819293e-02
35.610000000 -2.075288695004e-02
35.620000000 -2.121453302400e-02
35.630000000 -2.167641507258e-02
35.640000000 -2.208963257011e-02
35.650000000 -2.243548634983e-02
35.660000000 -2.272095397421e-02
35.670000000 -2.296655102011e-02
35.680000000 -2.318397606608e-02
35.690000000 -2.336024338478e-02
35.700000000 -2.346116982927e-02
35.710000000 -2.345286843039e-02
35.720000000 -2.330958818144e-02
35.730000000 -2.301213311440e-02
35.740000000 -2.252857430059e-02
35.750000000 -2.182851818762e-02
35.760000000 -2.091501215754e-02
35.770000000 -1.986314246203e-02
35.780000000 -1.883068989156e-02
35.790000000 -1.801620033538e-02
35.800000000 -1.760191338733e-02
35.810000000 -1.768216206096e-02
35.820000000 -1.823025728244e-02
35.830000000 -1.910400763625e-02
35.840000000 -2.010583504445e-02
35.850000000 -2.105173589667e-02
35.860000000 -2.182027137524e-02
35.870000000 -2.236607356000e-02
35.880000000 -2.270096185583e-02
35.890000000 -2.287205384089e-02
35.900000000 -2.294302643019e-02
35.910000000 -2.298215656876e-02
35.920000000 -2.304538362954e-02
35.930000000 -2.316307026094e-02
35.940000000 -2.332368833670e-02
35.950000000 -2.346881485183e-02
35.960000000 -2.350678848136e-02
35.970000000 -2.334703631232e-02
35.980000000 -2.293995978575e-02
35.990000000 -2.230187227064e-02
36.000000000 -2.150619111681e-02
36.010000000 -2.065703671227e-02
36.020000000 -1.985241564890e-02
36.030000000 -1.915869787919e-02
36.040000000 -1.859121816640e-02
36.050000000 -1.809851233040e-02
36.060000000 -1.756313422829e-02
36.070000000 -1.681836158518e-02
36.080000000 -1.567984978478e-02
36.090000000 -1.397951926576e-02
36.100000000 -1.157902447703e-02
36.110000000 -8.368183857130e-03
36.120000000 -4.265721924460e-03
36.130000000 7.613206970329e-04
36.140000000 6.659502553073e-03
36.150000000 1.324863722772e-02
36.160000000 2.021139577384e-02
36.170000000 2.713668986598e-02
36.180000000 3.359594938671e-02
36.190000000 3.922513296521e-02
36.200000000 4.378789665393e-02
36.210000000 4.718676353963e-02
36.220000000 4.944169113393e-02
36.230000000 5.065120344054e-02
36.240000000 5.095523104031e-02
36.250000000 5.051427302773e-02
36.260000000 4.948597571357e-02
36.270000000 4.800516601697e-02
36.280000000 4.615889835843e-02
36.290000000 4.398504620285e-02
36.300000000 4.148486982972e-02
36.310000000 3.865240023587e-02
36.320000000 3.550884345277e-02
36.330000000 3.212504644286e-02
36.340000000 2.863004990617e-02
36.350000000 2.519659253987e-02
36.360000000 2.200751618901e-02
36.370000000 1.920902507206e-02
36.380000000 1.686937419843e-02
36.390000000 1.496316319237e-02
36.400000000 1.340017834316e-02
36.410000000 1.207282494194e-02
36.420000000 1.091241543403e-02
36.430000000 9.915210271458e-03
36.440000000 9.117898029528e-03
36.450000000 8.552507861729e-03
36.460000000 8.194049543558e-03
36.470000000 7.942350559333e-03
36.480000000 7.639570779237e-03
36.490000000 7.107625172555e-03
36.500000000 6.191054948880e-03
36.510000000 4.773905088944e-03
36.520000000 2.790337705212e-03
36.530000000 2.170805378942e-04
36.540000000 -2.934735285883e-03
36.550000000 -6.630782122440e-03
36.560000000 -1.082742864180e-02
36.570000000 -1.548346546245e-02
36.580000000 -2.054995102962e-02
36.590000000 -2.594445099163e-02
36.600000000 -3.151509670897e-02
36.610000000 -3.703463326654e-02
36.620000000 -4.222837130098e-02
36.630000000 -4.683893705759e-02
36.640000000 -5.067743948097e-02
36.650000000 -5.364556806208e-02
36.660000000 -5.573273765592e-02
36.670000000 -5.699006014427e-02
36.680000000 -5.749878509409e-02
36.690000000 -5.733665309593e-02
36.700000000 -5.655523612522e-02
36.710000000 -5.518069115839e-02
36.720000000 -5.323677186014e-02
36.730000000 -5.077076861158e-02
36.740000000 -4.787602966799e-02
36.750000000 -4.469279698456e-02
36.760000000 -4.139222788246e-02
36.770000000 -3.815516869019e-02
36.780000000 -3.513823931413e-02
36.790000000 -3.245542477019e-02
36.800000000 -3.016650549051e-02
36.810000000 -2.828616246700e-02
36.820000000 -2.678695317717e-02
36.830000000 -2.559319557590e-02
36.840000000 -2.457581465948e-02
36.850000000 -2.355305567366e-02
36.860000000 -2.230548661373e-02
36.870000000 -2.061257995428e-02
36.880000000 -1.830810254682e-02
36.890000000 -1.531552095701e-02
36.900000000 -1.167032171652e-02
36.910000000 -7.502699684084e-03
36.920000000 -2.991414226689e-03
36.930000000 1.685723471417e-03
36.940000000 6.392377196659e-03
36.950000000 1.104008495241e-02
36.960000000 1.557431851669e-02
36.970000000 1.994900444456e-02
36.980000000 2.411733177140e-02
36.990000000 2.803306810564e-02
37.000000000 3.165941911155e-02
37.010000000 3.497218990240e-02
37.020000000 3.795325464888e-02
37.030000000 4.057871238838e-02
37.040000000 4.280801512043e-02
37.050000000 4.457774199688e-02
37.060000000 4.580447908177e-02
37.070000000 4.640493318345e-02
37.080000000 4.631516970312e-02
37.090000000 4.550096897929e-02
37.100000000 4.396020468085e-02
37.110000000 4.170811176831e-02
37.120000000 3.876951665900e-02
37.130000000 3.517809096538e-02
37.140000000 3.098900573542e-02
37.150000000 2.629555170179e-02
37.160000000 2.124041842409e-02
37.170000000 1.602047136895e-02
37.180000000 1.088379693454e-02
37.190000000 6.109715714886e-03
37.200000000 1.974841470354e-03
37.210000000 -1.299291126909e-03
37.220000000 -3.596400679104e-03
37.230000000 -4.942569299027e-03
37.240000000 -5.510720931100e-03
37.250000000 -5.582904529103e-03
37.260000000 -5.485973608660e-03
37.270000000 -5.511160520387e-03
37.280000000 -5.840375986559e-03
37.290000000 -6.511732644619e-03
37.300000000 -7.428619527691e-03
37.310000000 -8.402100920988e-03
37.320000000 -9.207145235288e-03
37.330000000 -9.623876958967e-03
37.340000000 -9.478201448984e-03
37.350000000 -8.679258080293e-03
37.360000000 -7.264870885652e-03
37.370000000 -5.428768240483e-03
37.380000000 -3.503125328524e-03
37.390000000 -1.872604668004e-03
37.400000000 -8.717061476902e-04
37.410000000 -6.919036385594e-04
37.420000000 -1.342675092670e-03
37.430000000 -2.678330928924e-03
37.440000000 -4.453666045221e-03
37.450000000 -6.402658076351e-03
37.460000000 -8.284631415568e-03
37.470000000 -9.910816641668e-03
37.480000000 -1.114125836228e-02
37.490000000 -1.188636857014e-02
37.500000000 -1.210500173659e-02
37.510000000 -1.181584906728e-02
37.520000000 -1.109561819761e-02
37.530000000 -1.006102765787e-02
37.540000000 -8.851686754329e-03
37.550000000 -7.602700697215e-03
37.560000000 -6.429320862977e-03
37.570000000 -5.419354282018e-03
37.580000000 -4.624947978502e-03
37.590000000 -4.054302085969e-03
37.600000000 -3.673184393221e-03
37.610000000 -3.420856367512e-03
37.620000000 -3.235734028151e-03
37.630000000 -3.073771953562e-03
37.640000000 -2.909246551489e-03
37.650000000 -2.724010147096e-03
37.660000000 -2.506637953731e-03
37.670000000 -2.268048119035e-03
37.680000000 -2.052669003585e-03
37.690000000 -1.936158366086e-03
37.700000000 -2.003460180684e-03
37.710000000 -2.319354019558e-03
37.720000000 -2.907567115584e-03
37.730000000 -3.745643603357e-03
37.740000000 -4.780319422149e-03
37.750000000 -5.956429682407e-03
37.760000000 -7.234390128068e-03
37.770000000 -8.592474213337e-03
37.780000000 -1.000860833608e-02
37.790000000 -1.143358844545e-02
37.800000000 -1.277385000912e-02
37.810000000 -1.390060656470e-02
37.820000000 -1.467818352837e-02
37.830000000 -1.501237354152e-02
37.840000000 -1.488145053743e-02
37.850000000 -1.433545175736e-02
37.860000000 -1.346973313553e-02
37.870000000 -1.237927237121e-02
37.880000000 -1.113454075489e-02
37.890000000 -9.788151187165e-03
37.900000000 -8.400229869839e-03
37.910000000 -7.069749433792e-03
37.920000000 -5.938240591308e-03
37.930000000 -5.164422307006e-03
37.940000000 -4.887208699400e-03
37.950000000 -5.181955815070e-03
37.960000000 -6.047772887583e-03
37.970000000 -7.419909978228e-03
37.980000000 -9.195742899251e-03
37.990000000 -1.126003972136e-02
38.000000000 -1.349215979935e-02
38.010000000 -1.577550494705e-02
38.020000000 -1.799990261389e-02
38.030000000 -2.007367965777e-02
38.040000000 -2.192187519651e-02
38.050000000 -2.347823923469e-02
38.060000000 -2.467888649700e-02
38.070000000 -2.546040640415e-02
38.080000000 -2.577318652347e-02
38.090000000 -2.560036148902e-02
38.100000000 -2.497513050378e-02
38.110000000 -2.398698246830e-02
38.120000000 -2.276611990919e-02
38.130000000 -2.146146301992e-02
38.140000000 -2.019818702761e-02
38.150000000 -1.906033976568e-02
38.160000000 -1.808270046951e-02
38.170000000 -1.726110938222e-02
38.180000000 -1.656326865857e-02
38.190000000 -1.592293590627e-02
38.200000000 -1.523739802803e-02
38.210000000 -1.437606072546e-02
38.220000000 -1.320380681379e-02
38.230000000 -1.161331178665e-02
38.240000000 -9.545914414260e-03
38.250000000 -7.006338597597e-03
38.260000000 -4.065056684519e-03
38.270000000 -8.680598646662e-04
38.280000000 2.378465286179e-03
38.290000000 5.436237442706e-03
38.300000000 8.086764788094e-03
38.310000000 1.017601575939e-02
38.320000000 1.163188204377e-02
38.330000000 1.245576757533e-02
38.340000000 1.270235083551e-02
38.350000000 1.245914928904e-02
38.360000000 1.183323220365e-02
38.370000000 1.094984146153e-02
38.380000000 9.952175658975e-03
38.390000000 8.999162416903e-03
38.400000000 8.253028451093e-03
38.410000000 7.864822871344e-03
38.420000000 7.950282765562e-03
38.430000000 8.564229277021e-03
38.440000000 9.683138413574e-03
38.450000000 1.120400497549e-02
38.460000000 1.297341977042e-02
38.470000000 1.482957353837e-02
38.480000000 1.663325917418e-02
38.490000000 1.827620465876e-02
38.500000000 1.967763113934e-02
38.510000000 2.078285395291e-02
38.520000000 2.156870880296e-02
38.530000000 2.204614093718e-02
38.540000000 2.224906590154e-02
38.550000000 2.222278268984e-02
38.560000000 2.201064632651e-02
38.570000000 2.164881282166e-02
38.580000000 2.115968763728e-02
38.590000000 2.053844205689e-02
38.600000000 1.974618481941e-02
38.610000000 1.870547660766e-02
38.620000000 1.731177538886e-02
38.630000000 1.546576191519e-02
38.640000000 1.311838665425e-02
38.650000000 1.032552205251e-02
38.660000000 7.285127489125e-03
38.670000000 4.318996295970e-03
38.680000000 1.795832086965e-03
38.690000000 2.287287888612e-05
38.700000000 -8.466547018303e-04
38.710000000 -8.399583003621e-04
38.720000000 -1.459793235628e-04
38.730000000 9.355489319284e-04
38.740000000 2.053350476358e-03
38.750000000 2.850416536576e-03
38.760000000 3.023266508566e-03
38.770000000 2.375406251280e-03
38.780000000 8.634040439864e-04
38.790000000 -1.375123786844e-03
38.800000000 -4.052878319136e-03
38.810000000 -6.803597274913e-03
38.820000000 -9.282695000833e-03
38.830000000 -1.124522948303e-02
38.840000000 -1.257597468194e-02
38.850000000 -1.327837309874e-02
38.860000000 -1.342373234623e-02
38.870000000 -1.310772461791e-02
38.880000000 -1.241947466408e-02
38.890000000 -1.145731704604e-02
38.900000000 -1.035755726319e-02
38.910000000 -9.317283827012e-03
38.920000000 -8.581264433561e-03
38.930000000 -8.393927597835e-03
38.940000000 -8.942848854924e-03
38.950000000 -1.031666649448e-02
38.960000000 -1.249024630758e-02
38.970000000 -1.533023051833e-02
38.980000000 -1.860859550211e-02
38.990000000 -2.201889751391e-02
39.000000000 -2.521024933605e-02
39.010000000 -2.784355013300e-02
39.020000000 -2.966594760499e-02
39.030000000 -3.055916641652e-02
39.040000000 -3.055586122783e-02
39.050000000 -2.979784385143e-02
39.060000000 -2.848844801896e-02
39.070000000 -2.684026833263e-02
39.080000000 -2.504146275305e-02
39.090000000 -2.324358457411e-02
39.100000000 -2.155159387503e-02
39.110000000 -2.002915861612e-02
39.120000000 -1.870490157916e-02
39.130000000 -1.758448394229e-02
39.140000000 -1.667802060536e-02
39.150000000 -1.600432763087e-02
39.160000000 -1.558268618750e-02
39.170000000 -1.539186583641e-02
39.180000000 -1.534621481843e-02
39.190000000 -1.529756915541e-02
39.200000000 -1.508397886644e-02
39.210000000 -1.459035205691e-02
39.220000000 -1.378498876589e-02
39.230000000 -1.271524988304e-02
39.240000000 -1.146185883138e-02
39.250000000 -1.009359444316e-02
39.260000000 -8.652053024815e-03
39.270000000 -7.165513993876e-03
39.280000000 -5.676216375767e-03
39.290000000 -4.241906973302e-03
39.300000000 -2.925341972455e-03
39.310000000 -1.782678019193e-03
39.320000000 -8.663782674661e-04
39.330000000 -2.210546840207e-04
39.340000000 1.377572632394e-04
39.350000000 2.484171151468e-04
39.360000000 2.023887652798e-04
39.370000000 1.110001204600e-04
39.380000000 7.451694575106e-05
39.390000000 1.632524997357e-04
39.400000000 4.217676825720e-04
39.410000000 8.729185824411e-04
39.420000000 1.510452390230e-03
39.430000000 2.302134270806e-03
39.440000000 3.184745660990e-03
39.450000000 4.080666092410e-03
39.460000000 4.919571678296e-03
39.470000000 5.669269983966e-03
39.480000000 6.372246712185e-03
39.490000000 7.144825064744e-03
39.500000000 8.148302734954e-03
39.510000000 9.527537205344e-03
39.520000000 1.134662495423e-02
39.530000000 1.354129212486e-02
39.540000000 1.590792070549e-02
39.550000000 1.813486897286e-02
39.560000000 1.988040910390e-02
39.570000000 2.086578562403e-02
39.580000000 2.094075878380e-02
39.590000000 2.011017541191e-02
39.600000000 1.851360907722e-02
39.610000000 1.638223534678e-02
39.620000000 1.398518629855e-02
39.630000000 1.158329507558e-02
39.640000000 9.393156976539e-03
39.650000000 7.576060178720e-03
39.660000000 6.239895280253e-03
39.670000000 5.446710121522e-03
39.680000000 5.218596500949e-03
39.690000000 5.533354268382e-03
39.700000000 6.320168351498e-03
39.710000000 7.462204571212e-03
39.720000000 8.808110499583e-03
39.730000000 1.019917215568e-02
39.740000000 1.150462933585e-02
39.750000000 1.264235182900e-02
39.760000000 1.357971665549e-02
39.770000000 1.431534722918e-02
39.780000000 1.486853331386e-02
39.790000000 1.528969936894e-02
39.800000000 1.567153886667e-02
39.810000000 1.613574684495e-02
39.820000000 1.679089289182e-02
39.830000000 1.767754572785e-02
39.840000000 1.874967768747e-02
39.850000000 1.988268433598e-02
39.860000000 2.091742793541e-02
39.870000000 2.170438028891e-02
39.880000000 2.213681011189e-02
39.890000000 2.216589853462e-02
39.900000000 2.179239721135e-02
39.910000000 2.105786229158e-02
39.920000000 2.003589043205e-02
39.930000000 1.883058409794e-02
39.940000000 1.757596709449e-02
39.950000000 1.642019333555e-02
39.960000000 1.549467323256e-02
39.970000000 1.487921328467e-02
39.980000000 1.457951005363e-02
39.990000000 1.452517368663e-02
40.000000000 1.459155315924e-02
40.010000000 1.463720331549e-02
40.020000000 1.453283152588e-02
40.030000000 1.418464348551e-02
40.040000000 1.355460789980e-02
40.050000000 1.266732373316e-02
40.060000000 1.160510030090e-02
40.070000000 1.050032948483e-02
40.080000000 9.504651970203e-03
40.090000000 8.760458012027e-03
40.100000000 8.375169101786e-03
40.110000000 8.403339564096e-03
40.120000000 8.838323966176e-03
40.130000000 9.603913695074e-03
40.140000000 1.054495981668e-02
40.150000000 1.143451752879e-02
40.160000000 1.199602004032e-02
40.170000000 1.194725507480e-02
40.180000000 1.105930062486e-02
40.190000000 9.208346250797e-03
40.200000000 6.408338510554e-03
40.210000000 2.806657196970e-03
40.220000000 -1.351786217631e-03
40.230000000 -5.770031383705e-03
40.240000000 -1.013229026725e-02
40.250000000 -1.414546795455e-02
40.260000000 -1.758643076819e-02
40.270000000 -2.033893028615e-02
40.280000000 -2.240200260818e-02
40.290000000 -2.385259215660e-02
40.300000000 -2.479846087659e-02
40.310000000 -2.533845327011e-02
40.320000000 -2.555024378243e-02
40.330000000 -2.549386677630e-02
40.340000000 -2.521885214154e-02
40.350000000 -2.477532152255e-02
40.360000000 -2.421843360973e-02
40.370000000 -2.362073377922e-02
40.380000000 -2.306492858316e-02
40.390000000 -2.262824540368e-02
40.400000000 -2.234770744311e-02
40.410000000 -2.220112383470e-02
40.420000000 -2.209099192442e-02
40.430000000 -2.186249054961e-02
40.440000000 -2.133164791958e-02
40.450000000 -2.032142576264e-02
40.460000000 -1.870966069159e-02
40.470000000 -1.646300434113e-02
40.480000000 -1.366331665628e-02
40.490000000 -1.049785170986e-02
40.500000000 -7.220791714661e-03
40.510000000 -4.096143211820e-03
40.520000000 -1.343809803958e-03
40.530000000 8.839039294190e-04
40.540000000 2.500336450851e-03
40.550000000 3.472409355155e-03
40.560000000 3.815012098301e-03
40.570000000 3.610136053126e-03
40.580000000 3.019567601905e-03
40.590000000 2.268708901122e-03
40.600000000 1.612843082182e-03
40.610000000 1.280139533866e-03
40.620000000 1.425666341510e-03
40.630000000 2.101580347507e-03
40.640000000 3.250979537668e-03
40.650000000 4.720647431928e-03
40.660000000 6.298575824871e-03
40.670000000 7.762485658823e-03
40.680000000 8.928893727540e-03
40.690000000 9.695709157329e-03
40.700000000 1.006536668779e-02
40.710000000 1.013560699190e-02
40.720000000 1.006664266367e-02
40.730000000 1.001868594782e-02
40.740000000 1.008994380396e-02
40.750000000 1.028845530936e-02
40.760000000 1.053853642901e-02
40.770000000 1.071364335648e-02
40.780000000 1.067639705646e-02
40.790000000 1.030909388917e-02
40.800000000 9.538984073487e-03
40.810000000 8.345860819643e-03
40.820000000 6.762778609649e-03
40.830000000 4.862642932594e-03
40.840000000 2.741930487004e-03
40.850000000 5.115446066781e-04
40.860000000 -1.721580500285e-03
40.870000000 -3.863100396180e-03
40.880000000 -5.839426674468e-03
40.890000000 -7.602754887946e-03
40.900000000 -9.133966472736e-03
40.910000000 -1.044770786843e-02
40.920000000 -1.157087725153e-02
40.930000000 -1.251689955698e-02
40.940000000 -1.324945858326e-02
40.950000000 -1.368073580574e-02
40.960000000 -1.369379842691e-02
40.970000000 -1.318668038923e-02
40.980000000 -1.210970354247e-02
40.990000000 -1.048028166156e-02
41.000000000 -8.377143465874e-03
41.010000000 -5.925004314779e-03
41.020000000 -3.275028773585e-03
41.030000000 -5.801867488042e-04
41.040000000 2.043935137003e-03
41.050000000 4.542843774264e-03
41.060000000 6.933310162696e-03
41.070000000 9.259479956261e-03
41.080000000 1.152950708024e-02
41.090000000 1.366521220726e-02
41.100000000 1.550475046699e-02
41.110000000 1.684426893697e-02
41.120000000 1.750919606182e-02
41.130000000 1.740559248845e-02
41.140000000 1.653821380418e-02
41.150000000 1.500567167686e-02
41.160000000 1.297949463456e-02
41.170000000 1.067235243923e-02
41.180000000 8.315325971549e-03
41.190000000 6.137497457033e-03
41.200000000 4.343939262609e-03
41.210000000 3.095719573408e-03
41.220000000 2.484208691370e-03
41.230000000 2.515946806266e-03
41.240000000 3.110657159107e-03
41.250000000 4.124279038678e-03
41.260000000 5.382574622585e-03
41.270000000 6.715046120650e-03
41.280000000 7.977865512471e-03
41.290000000 9.067529660462e-03
41.300000000 9.924913209601e-03
41.310000000 1.052989427000e-02
41.320000000 1.089517311486e-02
41.330000000 1.105154553903e-02
41.340000000 1.102881398169e-02
41.350000000 1.083216701614e-02
41.360000000 1.042894819026e-02
41.370000000 9.763939485530e-03
41.380000000 8.795753198774e-03
41.390000000 7.521131104311e-03
41.400000000 5.978158420597e-03
41.410000000 4.223365663735e-03
41.420000000 2.314006591679e-03
41.430000000 3.035620926008e-04
41.440000000 -1.755010557910e-03
41.450000000 -3.803528445492e-03
41.460000000 -5.784724767473e-03
41.470000000 -7.644386537624e-03
41.480000000 -9.317888639671e-03
41.490000000 -1.072100139024e-02
41.500000000 -1.173751754756e-02
41.510000000 -1.221676727705e-02
41.520000000 -1.200241222355e-02
41.530000000 -1.098071890172e-02
41.540000000 -9.132621181663e-03
41.550000000 -6.557860248194e-03
41.560000000 -3.453832852683e-03
41.570000000 -7.207640279422e-05
41.580000000 3.331236672762e-03
41.590000000 6.530021336803e-03
41.600000000 9.352260571466e-03
41.610000000 1.168997512299e-02
41.620000000 1.350467687560e-02
41.630000000 1.482083094895e-02
41.640000000 1.571194260187e-02
41.650000000 1.627457324616e-02
41.660000000 1.659851799492e-02
41.670000000 1.673623964632e-02
41.680000000 1.670209010512e-02
41.690000000 1.648786355024e-02
41.700000000 1.608597738716e-02
41.710000000 1.550269889870e-02
41.720000000 1.476520877461e-02
41.730000000 1.391469152110e-02
41.740000000 1.299417534648e-02
41.750000000 1.203459400450e-02
41.760000000 1.103759817664e-02
41.770000000 9.985936360865e-03
41.780000000 8.862017835533e-03
41.790000000 7.667187968175e-03
41.800000000 6.426249281450e-03
41.810000000 5.174610805294e-03
41.820000000 3.953019756211e-03
41.830000000 2.807926387996e-03
41.840000000 1.793626436381e-03
41.850000000 9.750380328224e-04
41.860000000 4.102151372276e-04
41.870000000 1.278738074476e-04
41.880000000 1.049605140464e-04
41.890000000 2.592558300811e-04
41.900000000 4.616921759491e-04
41.910000000 5.768082438771e-04
41.920000000 5.047321983239e-04
41.930000000 2.177860702887e-04
41.940000000 -2.297295824073e-04
41.950000000 -7.277266407115e-04
41.960000000 -1.145015518771e-03
41.970000000 -1.373397227315e-03
41.980000000 -1.352379124216e-03
41.990000000 -1.079081813562e-03
42.000000000 -6.100010508800e-04
42.010000000 -4.395965415609e-05
42.020000000 4.802153258061e-04
42.030000000 7.837776037469e-04
42.040000000 6.483897905955e-04
42.050000000 -1.581570550912e-04
42.060000000 -1.817199825234e-03
42.070000000 -4.385330755886e-03
42.080000000 -7.738357702113e-03
42.090000000 -1.158151432516e-02
42.100000000 -1.551564555496e-02
42.110000000 -1.913565407989e-02
42.120000000 -2.211102554695e-02
42.130000000 -2.421772411924e-02
42.140000000 -2.533985499887e-02
42.150000000 -2.545234760874e-02
42.160000000 -2.460927041710e-02
42.170000000 -2.294320792529e-02
42.180000000 -2.064319083031e-02
42.190000000 -1.793297883424e-02
42.200000000 -1.503459430725e-02
42.210000000 -1.213926953384e-02
42.220000000 -9.397415691502e-03
42.230000000 -6.915226836340e-03
42.240000000 -4.765820811010e-03
42.250000000 -2.991144496858e-03
42.260000000 -1.604428975728e-03
42.270000000 -5.813473242463e-04
42.280000000 1.441824333606e-04
42.290000000 6.694797530838e-04
42.300000000 1.100785329660e-03
42.310000000 1.527611371465e-03
42.320000000 2.006377762385e-03
42.330000000 2.560276941619e-03
42.340000000 3.190619409619e-03
42.350000000 3.877064543262e-03
42.360000000 4.578419637889e-03
42.370000000 5.229200883225e-03
42.380000000 5.747193048567e-03
42.390000000 6.049399343496e-03
42.400000000 6.081525218431e-03
42.410000000 5.838512455617e-03
42.420000000 5.366063689859e-03
42.430000000 4.738831183429e-03
42.440000000 4.021425500144e-03
42.450000000 3.251764115330e-03
42.460000000 2.444122077213e-03
42.470000000 1.612312096904e-03
42.480000000 7.865997873309e-04
42.490000000 1.009230781487e-05
42.500000000 -6.656989518978e-04
42.510000000 -1.194782538113e-03
42.520000000 -1.542890613287e-03
42.530000000 -1.700554331750e-03
42.540000000 -1.689746497520e-03
42.550000000 -1.570176568815e-03
42.560000000 -1.435090255925e-03
42.570000000 -1.382642906771e-03
42.580000000 -1.490367649319e-03
42.590000000 -1.787531669423e-03
42.600000000 -2.243348535739e-03
42.610000000 -2.775519623824e-03
42.620000000 -3.277863130285e-03
42.630000000 -3.649412104511e-03
42.640000000 -3.825139885849e-03
42.650000000 -3.792064398904e-03
42.660000000 -3.597810013770e-03
42.670000000 -3.344588680954e-03
42.680000000 -3.176866044009e-03
42.690000000 -3.259832047033e-03
42.700000000 -3.743957125801e-03
42.710000000 -4.714487096859e-03
42.720000000 -6.145831893624e-03
42.730000000 -7.879975391634e-03
42.740000000 -9.660936146915e-03
42.750000000 -1.120551074491e-02
42.760000000 -1.229577488140e-02
42.770000000 -1.283418222014e-02
42.780000000 -1.286569139305e-02
42.790000000 -1.254780399487e-02
42.800000000 -1.208498378466e-02
42.810000000 -1.165654515350e-02
42.820000000 -1.136333918992e-02
42.830000000 -1.121989577827e-02
42.840000000 -1.118441086540e-02
42.850000000 -1.120226481123e-02
42.860000000 -1.123082543922e-02
42.870000000 -1.124018519093e-02
42.880000000 -1.121031357627e-02
42.890000000 -1.113008047183e-02
42.900000000 -1.100743662828e-02
42.910000000 -1.087380600483e-02
42.920000000 -1.076443536534e-02
42.930000000 -1.068988758397e-02
42.940000000 -1.061109737680e-02
42.950000000 -1.044079690582e-02
42.960000000 -1.006867057009e-02
42.970000000 -9.397502865380e-03
42.980000000 -8.382293027715e-03
42.990000000 -7.050003920347e-03
43.000000000 -5.513165138650e-03
43.010000000 -3.946401414398e-03
43.020000000 -2.542172797121e-03
43.030000000 -1.454744289926e-03
43.040000000 -7.501342399824e-04
43.050000000 -3.759531575109e-04
43.060000000 -1.736167637973e-04
43.070000000 6.963428255534e-05
43.080000000 5.468885521648e-04
43.090000000 1.347928930196e-03
43.100000000 2.423716125960e-03
43.110000000 3.596890084118e-03
43.120000000 4.624502637695e-03
43.130000000 5.271382279208e-03
43.140000000 5.368798366553e-03
43.150000000 4.843185503909e-03
43.160000000 3.716078120013e-03
43.170000000 2.092045708437e-03
43.180000000 1.369131389502e-04
43.190000000 -1.938013898893e-03
43.200000000 -3.892635377575e-03
43.210000000 -5.477223876875e-03
43.220000000 -6.470835597512e-03
43.230000000 -6.724046352229e-03
43.240000000 -6.193565498007e-03
43.250000000 -4.944003205172e-03
43.260000000 -3.118291421838e-03
43.270000000 -8.926830745826e-04
43.280000000 1.556442758261e-03
43.290000000 4.062214243833e-03
43.300000000 6.473499032973e-03
43.310000000 8.652564133127e-03
43.320000000 1.049605711744e-02
43.330000000 1.193841402886e-02
43.340000000 1.295935130683e-02
43.350000000 1.358064004599e-02
43.360000000 1.385231668797e-02
43.370000000 1.383436658283e-02
43.380000000 1.357512385222e-02
43.390000000 1.308919120898e-02
43.400000000 1.236076390684e-02
43.410000000 1.135532266255e-02
43.420000000 1.004900518748e-02
43.430000000 8.458753686931e-03
43.440000000 6.655031776074e-03
43.450000000 4.758664861941e-03
43.460000000 2.908922660514e-03
43.470000000 1.226513485386e-03
43.480000000 -2.252790098659e-04
43.490000000 -1.448114523910e-03
43.500000000 -2.495792332796e-03
43.510000000 -3.426976300434e-03
43.520000000 -4.265465602574e-03
43.530000000 -4.972856025481e-03
43.540000000 -5.463797904977e-03
43.550000000 -5.642464171042e-03
43.560000000 -5.439824531518e-03
43.570000000 -4.838880380051e-03
43.580000000 -3.865907404894e-03
43.590000000 -2.573149368672e-03
43.600000000 -1.023038433115e-03
43.610000000 6.980573882872e-04
43.620000000 2.459739953448e-03
43.630000000 4.077624522389e-03
43.640000000 5.336242212443e-03
43.650000000 6.041716321318e-03
43.660000000 6.088591204485e-03
43.670000000 5.509561577825e-03
43.680000000 4.477251938026e-03
43.690000000 3.261354671310e-03
43.700000000 2.142613609459e-03
43.710000000 1.328043743780e-03
43.720000000 9.044870764169e-04
43.730000000 8.389924565813e-04
43.740000000 1.013051829937e-03
43.750000000 1.264205629860e-03
43.760000000 1.432674584008e-03
43.770000000 1.386142790505e-03
43.780000000 1.033230275923e-03
43.790000000 3.175519465874e-04
43.800000000 -7.937966095865e-04
43.810000000 -2.300757978407e-03
43.820000000 -4.149982259355e-03
43.830000000 -6.222141216498e-03
43.840000000 -8.335160554006e-03
43.850000000 -1.027463901881e-02
43.860000000 -1.183541608074e-02
43.870000000 -1.285711007295e-02
43.880000000 -1.325360605650e-02
43.890000000 -1.301835859049e-02
43.900000000 -1.221508591360e-02
43.910000000 -1.095127295654e-02
43.920000000 -9.358850651831e-03
43.930000000 -7.571332894160e-03
43.940000000 -5.715985437758e-03
43.950000000 -3.908970591473e-03
43.960000000 -2.251160666336e-03
43.970000000 -8.259445463021e-04
43.980000000 3.111163069271e-04
43.990000000 1.139212732565e-03
44.000000000 1.669941630248e-03
44.010000000 1.930859988878e-03
44.020000000 1.944132124890e-03
44.030000000 1.718605469337e-03
44.040000000 1.256242971874e-03
44.050000000 5.793814321979e-04
44.060000000 -2.451302629491e-04
44.070000000 -1.100803254788e-03
44.080000000 -1.852349004017e-03
44.090000000 -2.386281500225e-03
44.100000000 -2.660521528436e-03
44.110000000 -2.725006482510e-03
44.120000000 -2.705062223678e-03
44.130000000 -2.761725363074e-03
44.140000000 -3.033101456183e-03
44.150000000 -3.589008020695e-03
44.160000000 -4.417229154751e-03
44.170000000 -5.432218698951e-03
44.180000000 -6.496310636641e-03
44.190000000 -7.441968472905e-03
44.200000000 -8.081296541310e-03
44.210000000 -8.228580048295e-03
44.220000000 -7.730524930439e-03
44.230000000 -6.501193347402e-03
44.240000000 -4.551796540167e-03
44.250000000 -2.005397635964e-03
44.260000000 9.207424242840e-04
44.270000000 3.958414210521e-03
44.280000000 6.843271337982e-03
44.290000000 9.370251895738e-03
44.300000000 1.141753765798e-02
44.310000000 1.294588783634e-02
44.320000000 1.397473387722e-02
44.330000000 1.455312935744e-02
44.340000000 1.474591563842e-02
44.350000000 1.462030078661e-02
44.360000000 1.423917859323e-02
44.370000000 1.365520906851e-02
44.380000000 1.291235760904e-02
44.390000000 1.204415900463e-02
44.400000000 1.108473993464e-02
44.410000000 1.008062663376e-02
44.420000000 9.111680312892e-03
44.430000000 8.290177555137e-03
44.440000000 7.745127179490e-03
44.450000000 7.587973924372e-03
44.460000000 7.873166770249e-03
44.470000000 8.575118697299e-03
44.480000000 9.583766591957e-03
44.490000000 1.072199446636e-02
44.500000000 1.177762061639e-02
44.510000000 1.255325516676e-02
44.520000000 1.291436681487e-02
44.530000000 1.282514720756e-02
44.540000000 1.235749388400e-02
44.550000000 1.166138058542e-02
44.560000000 1.091426973220e-02
44.570000000 1.025709233232e-02
44.580000000 9.744571878576e-03
44.590000000 9.327589516259e-03
44.600000000 8.866577571262e-03
44.610000000 8.175978029247e-03
44.620000000 7.087310354868e-03
44.630000000 5.507388577592e-03
44.640000000 3.459882705085e-03
44.650000000 1.086471998293e-03
44.660000000 -1.400296434187e-03
44.670000000 -3.781418042174e-03
44.680000000 -5.900467631591e-03
44.690000000 -7.691024549853e-03
44.700000000 -9.170134034637e-03
44.710000000 -1.039817417408e-02
44.720000000 -1.142928184834e-02
44.730000000 -1.228237570228e-02
44.740000000 -1.292742994842e-02
44.750000000 -1.328948855060e-02
44.760000000 -1.327809110071e-02
44.770000000 -1.282017296904e-02
44.780000000 -1.189014178359e-02
44.790000000 -1.051287464162e-02
44.800000000 -8.761845122137e-03
44.810000000 -6.743746385023e-03
44.820000000 -4.591115793567e-03
44.830000000 -2.451261068080e-03
44.840000000 -4.736127131722e-04
44.850000000 1.202697020402e-03
44.860000000 2.470171757281e-03
44.870000000 3.264649732214e-03
44.880000000 3.574965183883e-03
44.890000000 3.434247737816e-03
44.900000000 2.901702763126e-03
44.910000000 2.042489325446e-03
44.920000000 9.190771480992e-04
44.930000000 -4.042153994767e-04
44.940000000 -1.855872354514e-03
44.950000000 -3.353754176537e-03
44.960000000 -4.805996567393e-03
44.970000000 -6.114046433102e-03
44.980000000 -7.176193391955e-03
44.990000000 -7.889204361172e-03
45.000000000 -8.153834637762e-03
45.010000000 -7.894958365253e-03
45.020000000 -7.084774975614e-03
45.030000000 -5.751748587362e-03
45.040000000 -3.984460383428e-03
45.050000000 -1.903995985306e-03
45.060000000 3.633999388364e-04
45.070000000 2.708284222314e-03
45.080000000 5.047939265425e-03
45.090000000 7.316555895653e-03
45.100000000 9.458019631924e-03
45.110000000 1.140842920604e-02
45.120000000 1.310146698780e-02
45.130000000 1.446992204704e-02
45.140000000 1.545334952197e-02
45.150000000 1.600247162646e-02
45.160000000 1.607952753737e-02
45.170000000 1.565722927970e-02
45.180000000 1.471723055897e-02
45.190000000 1.326574641876e-02
45.200000000 1.135436360816e-02
45.210000000 9.092392064414e-03
45.220000000 6.633473469645e-03
45.230000000 4.149983538252e-03
45.240000000 1.807106433086e-03
45.250000000 -2.544429401599e-04
45.260000000 -1.930384155984e-03
45.270000000 -3.163201382564e-03
45.280000000 -3.946356518681e-03
45.290000000 -4.330455241317e-03
45.300000000 -4.411997241333e-03
45.310000000 -4.320097369740e-03
45.320000000 -4.182555381977e-03
45.330000000 -4.097792029844e-03
45.340000000 -4.110314547183e-03
45.350000000 -4.210448716445e-03
45.360000000 -4.346444486965e-03
45.370000000 -4.458906343800e-03
45.380000000 -4.524244181673e-03
45.390000000 -4.587985442590e-03
45.400000000 -4.767240169795e-03
45.410000000 -5.202073332559e-03
45.420000000 -5.994588664399e-03
45.430000000 -7.165001929805e-03
45.440000000 -8.652115882094e-03
45.450000000 -1.033739840126e-02
45.460000000 -1.207571422901e-02
45.470000000 -1.371191018198e-02
45.480000000 -1.510013739924e-02
45.490000000 -1.612315997606e-02
45.500000000 -1.671809664828e-02
45.510000000 -1.687990831469e-02
45.520000000 -1.665185578023e-02
45.530000000 -1.609103595202e-02
45.540000000 -1.523348879099e-02
45.550000000 -1.408092657776e-02
45.560000000 -1.261951523017e-02
45.570000000 -1.084218537932e-02
45.580000000 -8.779548723692e-03
45.590000000 -6.505620937261e-03
45.600000000 -4.125116776533e-03
45.610000000 -1.765167807745e-03
45.620000000 4.386774233135e-04
45.630000000 2.346595394658e-03
45.640000000 3.826651105628e-03
45.650000000 4.773905478015e-03
45.660000000 5.126461385225e-03
45.670000000 4.881925199504e-03
45.680000000 4.103397709756e-03
45.690000000 2.910148339851e-03
45.700000000 1.457867860529e-03
45.710000000 -8.890159290589e-05
45.720000000 -1.590237125699e-03
45.730000000 -2.943980431128e-03
45.740000000 -4.090327305882e-03
45.750000000 -5.005131196862e-03
45.760000000 -5.694750393765e-03
45.770000000 -6.190800744397e-03
45.780000000 -6.544834108283e-03
45.790000000 -6.814284283824e-03
45.800000000 -7.047167378888e-03
45.810000000 -7.273407972281e-03
45.820000000 -7.499721988949e-03
45.830000000 -7.708213015716e-03
45.840000000 -7.858841372126e-03
45.850000000 -7.892872156998e-03
45.860000000 -7.748582437048e-03
45.870000000 -7.369501789852e-03
45.880000000 -6.717269447274e-03
45.890000000 -5.773431011921e-03
45.900000000 -4.540435223042e-03
45.910000000 -3.038730402316e-03
45.920000000 -1.300793304533e-03
45.930000000 6.267799783178e-04
45.940000000 2.678216649224e-03
45.950000000 4.760374917184e-03
45.960000000 6.755583269813e-03
45.970000000 8.538182022725e-03
45.980000000 1.000629265944e-02
45.990000000 1.110463460559e-02
46.000000000 1.182992379820e-02
46.010000000 1.220952052434e-02
46.020000000 1.227938045369e-02
46.030000000 1.207014655284e-02
46.040000000 1.160718096866e-02
46.050000000 1.092314390448e-02
46.060000000 1.007599887732e-02
46.070000000 9.145570451994e-03
46.080000000 8.221885597190e-03
46.090000000 7.374418234509e-03
46.100000000 6.634647393280e-03
46.110000000 6.000208244531e-03
46.120000000 5.464722911186e-03
46.130000000 5.047311682586e-03
46.140000000 4.795553172161e-03
46.150000000 4.763174453543e-03
46.160000000 4.978996302901e-03
46.170000000 5.424352640571e-03
46.180000000 6.023773293806e-03
46.190000000 6.658607697087e-03
46.200000000 7.192933874910e-03
46.210000000 7.504484007499e-03
46.220000000 7.503130301505e-03
46.230000000 7.127590478859e-03
46.240000000 6.344504898713e-03
46.250000000 5.148448234117e-03
46.260000000 3.584694810146e-03
46.270000000 1.767383376732e-03
46.280000000 -1.154228937515e-04
46.290000000 -1.828288881489e-03
46.300000000 -3.138085257455e-03
46.310000000 -3.865041748348e-03
46.320000000 -3.924299710000e-03
46.330000000 -3.331915255985e-03
46.340000000 -2.186826816887e-03
46.350000000 -6.316629848245e-04
46.360000000 1.183511680956e-03
46.370000000 3.125239071678e-03
46.380000000 5.080741121306e-03
46.390000000 6.952388962474e-03
46.400000000 8.649941395154e-03
46.410000000 1.009432234808e-02
46.420000000 1.122824347974e-02
46.430000000 1.201981004637e-02
46.440000000 1.246284025362e-02
46.450000000 1.255813016428e-02
46.460000000 1.231215884555e-02
46.470000000 1.173993482972e-02
46.480000000 1.088492332189e-02
46.490000000 9.824416175753e-03
46.500000000 8.667307259898e-03
46.510000000 7.526263560788e-03
46.520000000 6.497687247261e-03
46.530000000 5.641926719482e-03
46.540000000 4.968223568235e-03
46.550000000 4.433782506883e-03
46.560000000 3.966149006693e-03
46.570000000 3.500866730483e-03
46.580000000 3.015711514307e-03
46.590000000 2.534194687269e-03
46.600000000 2.104533617422e-03
46.610000000 1.765750905011e-03
46.620000000 1.528251989242e-03
46.630000000 1.371422526831e-03
46.640000000 1.259687634702e-03
46.650000000 1.164068257140e-03
46.660000000 1.074244909372e-03
46.670000000 1.002448775749e-03
46.680000000 9.770962275660e-04
46.690000000 1.029678673066e-03
46.700000000 1.173620308188e-03
46.710000000 1.387973913656e-03
46.720000000 1.605819543797e-03
46.730000000 1.734799139211e-03
46.740000000 1.691119688797e-03
46.750000000 1.423374312420e-03
46.760000000 9.072285431508e-04
46.770000000 1.255786278176e-04
46.780000000 -9.339995911530e-04
46.790000000 -2.270570752686e-03
46.800000000 -3.848245642585e-03
46.810000000 -5.598138165178e-03
46.820000000 -7.428521436241e-03
46.830000000 -9.247859963084e-03
46.840000000 -1.098802003349e-02
46.850000000 -1.260628035955e-02
46.860000000 -1.407617147911e-02
46.870000000 -1.535962582827e-02
46.880000000 -1.638094557727e-02
46.890000000 -1.703499338306e-02
46.900000000 -1.721527419553e-02
46.910000000 -1.686589135627e-02
46.920000000 -1.601312987026e-02
46.930000000 -1.476744126943e-02
46.940000000 -1.329791777374e-02
46.950000000 -1.178771103948e-02
46.960000000 -1.039268722993e-02
46.970000000 -9.210230392858e-03
46.980000000 -8.275443568905e-03
46.990000000 -7.558696769944e-03
47.000000000 -6.977465998722e-03
47.010000000 -6.424591820579e-03
47.020000000 -5.806460827270e-03
47.030000000 -5.084214041316e-03
47.040000000 -4.286350574477e-03
47.050000000 -3.481337796441e-03
47.060000000 -2.739579616289e-03
47.070000000 -2.103843236859e-03
47.080000000 -1.588389217964e-03
47.090000000 -1.189237479024e-03
47.100000000 -8.941266030213e-04
47.110000000 -6.823342861748e-04
47.120000000 -5.221656980770e-04
47.130000000 -3.726242813209e-04
47.140000000 -1.804298304253e-04
47.150000000 1.084212112405e-04
47.160000000 5.309817701194e-04
47.170000000 1.082165492847e-03
47.180000000 1.708816380963e-03
47.190000000 2.328474121977e-03
47.200000000 2.867830352931e-03
47.210000000 3.302619536601e-03
47.220000000 3.666100095493e-03
47.230000000 4.027025310606e-03
47.240000000 4.450969074672e-03
47.250000000 4.977421455538e-03
47.260000000 5.609054324748e-03
47.270000000 6.315454267175e-03
47.280000000 7.045637435948e-03
47.290000000 7.740441357828e-03
47.300000000 8.343108616793e-03
47.310000000 8.804487487220e-03
47.320000000 9.084294035833e-03
47.330000000 9.152743779863e-03
47.340000000 8.993641583259e-03
47.350000000 8.607929951360e-03
47.360000000 8.020629500537e-03
47.370000000 7.291442875908e-03
47.380000000 6.520717431852e-03
47.390000000 5.845954988748e-03
47.400000000 5.409565035593e-03
47.410000000 5.319663819996e-03
47.420000000 5.612802741960e-03
47.430000000 6.246541758141e-03
47.440000000 7.121335730760e-03
47.450000000 8.122388026145e-03
47.460000000 9.153061683319e-03
47.470000000 1.014258869716e-02
47.480000000 1.102492354123e-02
47.490000000 1.171354409731e-02
47.500000000 1.210627348217e-02
47.510000000 1.211127247575e-02
47.520000000 1.168443563070e-02
47.530000000 1.085900436700e-02
47.540000000 9.748548874685e-03
47.550000000 8.515993056822e-03
47.560000000 7.324304659967e-03
47.570000000 6.284597524969e-03
47.580000000 5.425680047592e-03
47.590000000 4.713574993936e-03
47.600000000 4.087325432965e-03
47.610000000 3.496307993343e-03
47.620000000 2.910543910780e-03
47.630000000 2.304833099632e-03
47.640000000 1.638154945694e-03
47.650000000 8.491053161451e-04
47.660000000 -1.355835782999e-04
47.670000000 -1.383793666938e-03
47.680000000 -2.932166336395e-03
47.690000000 -4.767028291131e-03
47.700000000 -6.801186430454e-03
47.710000000 -8.881007382951e-03
47.720000000 -1.081742644343e-02
47.730000000 -1.243334978194e-02
47.740000000 -1.360558938520e-02
47.750000000 -1.427922285040e-02
47.760000000 -1.446265648506e-02
47.770000000 -1.421683697155e-02
47.780000000 -1.363909976166e-02
47.790000000 -1.284611296291e-02
47.800000000 -1.194594215078e-02
47.810000000 -1.101254446472e-02
47.820000000 -1.007915288362e-02
47.830000000 -9.151879502926e-03
47.840000000 -8.231803836105e-03
47.850000000 -7.330400677050e-03
47.860000000 -6.481198348646e-03
47.870000000 -5.737077743598e-03
47.880000000 -5.159383060871e-03
47.890000000 -4.792297347119e-03
47.900000000 -4.635865758740e-03
47.910000000 -4.634676907597e-03
47.920000000 -4.695396739629e-03
47.930000000 -4.716988290603e-03
47.940000000 -4.611436857066e-03
47.950000000 -4.317687974607e-03
47.960000000 -3.799819769254e-03
47.970000000 -3.045502279673e-03
47.980000000 -2.062619041207e-03
47.990000000 -8.873657452986e-04
48.000000000 4.141144794330e-04
48.010000000 1.750052839789e-03
48.020000000 3.021377215456e-03
48.030000000 4.148560594379e-03
48.040000000 5.088614233735e-03
48.050000000 5.843519374070e-03
48.060000000 6.457887285751e-03
48.070000000 7.002345154480e-03
48.080000000 7.547633835812e-03
48.090000000 8.130698381354e-03
48.100000000 8.730069582103e-03
48.110000000 9.280768745488e-03
48.120000000 9.698135097860e-03
48.130000000 9.914950663260e-03
48.140000000 9.897168903123e-03
48.150000000 9.658109836074e-03
48.160000000 9.241668230512e-03
48.170000000 8.704203888709e-03
48.180000000 8.097029515700e-03
48.190000000 7.454059116327e-03
48.200000000 6.800777922272e-03
48.210000000 6.162204383402e-03
48.220000000 5.562161170752e-03
48.230000000 5.026121756567e-03
48.240000000 4.574656651686e-03
48.250000000 4.224617973112e-03
48.260000000 3.990046769359e-03
48.270000000 3.878671083771e-03
48.280000000 3.895692083308e-03
48.290000000 4.032496698502e-03
48.300000000 4.255428071622e-03
48.310000000 4.491940646362e-03
48.320000000 4.631545137264e-03
48.330000000 4.548168780515e-03
48.340000000 4.125925572283e-03
48.350000000 3.288133841620e-03
48.360000000 2.006497694798e-03
48.370000000 3.117275813358e-04
48.380000000 -1.710447708688e-03
48.390000000 -3.925001072699e-03
48.400000000 -6.160227525363e-03
48.410000000 -8.236272016747e-03
48.420000000 -9.998711311203e-03
48.430000000 -1.134478794167e-02
48.440000000 -1.223586261078e-02
48.450000000 -1.268897462342e-02
48.460000000 -1.275224894885e-02
48.470000000 -1.248110833155e-02
48.480000000 -1.192511136728e-02
48.490000000 -1.113033577246e-02
48.500000000 -1.015524445992e-02
48.510000000 -9.067884066414e-03
48.520000000 -7.940764662550e-03
48.530000000 -6.831499055588e-03
48.540000000 -5.766881275958e-03
48.550000000 -4.751605512878e-03
48.560000000 -3.795734555163e-03
48.570000000 -2.937604842130e-03
48.580000000 -2.251386951189e-03
48.590000000 -1.822255423682e-03
48.600000000 -1.710236131902e-03
48.610000000 -1.926099362900e-03
48.620000000 -2.428489710648e-03
48.630000000 -3.146335584296e-03
48.640000000 -3.989622668732e-03
48.650000000 -4.859991035077e-03
48.660000000 -5.657299632898e-03
48.670000000 -6.290771210036e-03
48.680000000 -6.690858693509e-03
48.690000000 -6.814770262106e-03
48.700000000 -6.639092655454e-03
48.710000000 -6.164120565928e-03
48.720000000 -5.411838263082e-03
48.730000000 -4.440849736596e-03
48.740000000 -3.343406979651e-03
48.750000000 -2.231579041056e-03
48.760000000 -1.216595781144e-03
48.770000000 -3.829403784061e-04
48.780000000 2.423124387465e-04
48.790000000 6.912903487987e-04
48.800000000 1.043666780274e-03
48.810000000 1.384259669094e-03
48.820000000 1.760722408623e-03
48.830000000 2.161818184370e-03
48.840000000 2.515019990834e-03
48.850000000 2.720854687519e-03
48.860000000 2.690502493168e-03
48.870000000 2.377247904356e-03
48.880000000 1.782834203886e-03
48.890000000 9.529391648538e-04
48.900000000 -3.769528717081e-05
48.910000000 -1.097364083448e-03
48.920000000 -2.124498863400e-03
48.930000000 -3.020248084876e-03
48.940000000 -3.709122679124e-03
48.950000000 -4.155040249960e-03
48.960000000 -4.370128545828e-03
48.970000000 -4.399094031602e-03
48.980000000 -4.298231792124e-03
48.990000000 -4.112225029066e-03
49.000000000 -3.863232371161e-03
49.010000000 -3.559089007382e-03
49.020000000 -3.198477901334e-03
49.030000000 -2.783933788746e-03
49.040000000 -2.321631448990e-03
49.050000000 -1.821489066576e-03
49.060000000 -1.297366214647e-03
49.070000000 -7.662258503959e-04
49.080000000 -2.438394871128e-04
49.090000000 2.524692100562e-04
49.100000000 7.053998907622e-04
49.110000000 1.097429931684e-03
49.120000000 1.407574048450e-03
49.130000000 1.622750768071e-03
49.140000000 1.738956688036e-03
49.150000000 1.773044031673e-03
49.160000000 1.756126663219e-03
49.170000000 1.729885430122e-03
49.180000000 1.727931463628e-03
49.190000000 1.761663543449e-03
49.200000000 1.812681637107e-03
49.210000000 1.826549438262e-03
49.220000000 1.737486788564e-03
49.230000000 1.497699542916e-03
49.240000000 1.102913249433e-03
49.250000000 5.970560916494e-04
49.260000000 5.350985189483e-05
49.270000000 -4.525206749014e-04
49.280000000 -8.689699553430e-04
49.290000000 -1.173749625887e-03
49.300000000 -1.370929471321e-03
49.310000000 -1.479688888631e-03
49.320000000 -1.519964793432e-03
49.330000000 -1.500768486721e-03
49.340000000 -1.412592095057e-03
49.350000000 -1.236564699875e-03
49.360000000 -9.593970098457e-04
49.370000000 -5.940697874578e-04
49.380000000 -1.802086273593e-04
49.390000000 2.265498128083e-04
49.400000000 5.771539047473e-04
49.410000000 8.426583502709e-04
49.420000000 1.013152349545e-03
49.430000000 1.090117331504e-03
49.440000000 1.081375032088e-03
49.450000000 9.941414414178e-04
49.460000000 8.407838481828e-04
49.470000000 6.461510820509e-04
49.480000000 4.566750296559e-04
49.490000000 3.364770530005e-04
49.500000000 3.561343308876e-04
49.510000000 5.633900628743e-04
49.520000000 9.693371846461e-04
49.530000000 1.550450080063e-03
49.540000000 2.260364793113e-03
49.550000000 3.057667379143e-03
49.560000000 3.910784359172e-03
49.570000000 4.802203695105e-03
49.580000000 5.727492436926e-03
49.590000000 6.684851580941e-03
49.600000000 7.668500114104e-03
49.610000000 8.664997163767e-03
49.620000000 9.647646228954e-03
49.630000000 1.058407058810e-02
49.640000000 1.144355704488e-02
49.650000000 1.219826291646e-02
49.660000000 1.282459477711e-02
49.670000000 1.329844844074e-02
49.680000000 1.359822228266e-02
49.690000000 1.370948014606e-02
49.700000000 1.362635499885e-02
49.710000000 1.334928773510e-02
49.720000000 1.288167758660e-02
49.730000000 1.222958351780e-02
49.740000000 1.140628947761e-02
49.750000000 1.043057130615e-02
49.760000000 9.328262549880e-03
49.770000000 8.127708765770e-03
49.780000000 6.855232798597e-03
49.790000000 5.537185927777e-03
49.800000000 4.202758731128e-03
49.810000000 2.889974996729e-03
49.820000000 1.640713328064e-03
49.830000000 4.963092827958e-04
49.840000000 -5.080941357235e-04
49.850000000 -1.354158142715e-03
49.860000000 -2.039061375830e-03
49.870000000 -2.576109117479e-03
49.880000000 -2.991037134736e-03
49.890000000 -3.314846521544e-03
49.900000000 -3.581916669845e-03
49.910000000 -3.820608103538e-03
49.920000000 -4.051446964057e-03
49.930000000 -4.286029551594e-03
49.940000000 -4.524093510279e-03
49.950000000 -4.762925445576e-03
49.960000000 -4.994249055203e-03
49.970000000 -5.205808956090e-03
49.980000000 -5.386302796382e-03
49.990000000 -5.522698957139e-03
50.000000000 -5.606488765812e-03
50.010000000 -5.635833290157e-03
50.020000000 -5.622586236204e-03
50.030000000 -5.589471441211e-03
50.040000000 -5.564929504801e-03
50.050000000 -5.570693676562e-03
50.060000000 -5.610396458320e-03
50.070000000 -5.668794902647e-03
50.080000000 -5.714662140599e-03
50.090000000 -5.711566967832e-03
50.100000000 -5.636617722222e-03
50.110000000 -5.481426424750e-03
50.120000000 -5.254382734667e-03
50.130000000 -4.970130843195e-03
50.140000000 -4.639754303207e-03
50.150000000 -4.278005803837e-03
50.160000000 -3.905052309160e-03
50.170000000 -3.553045130366e-03
50.180000000 -3.256115198925e-03
50.190000000 -3.039861674726e-03
50.200000000 -2.907135747226e-03
50.210000000 -2.836161711607e-03
50.220000000 -2.788166194635e-03
50.230000000 -2.717491360001e-03
50.240000000 -2.584931336226e-03
50.250000000 -2.366383242629e-03
50.260000000 -2.055812816113e-03
50.270000000 -1.664481388574e-03
50.280000000 -1.218315254100e-03
50.290000000 -7.502349868346e-04
50.300000000 -2.950838968514e-04
50.310000000 1.160315868233e-04
50.320000000 4.633703948683e-04
50.330000000 7.403673622270e-04
50.340000000 9.523735981502e-04
50.350000000 1.115500170622e-03
50.360000000 1.248539410429e-03
50.370000000 1.369775854754e-03
50.380000000 1.491780923292e-03
50.390000000 1.620920353235e-03
50.400000000 1.754772856893e-03
50.410000000 1.883641183374e-03
50.420000000 1.999806172632e-03
50.430000000 2.094387768110e-03
50.440000000 2.163529334184e-03
50.450000000 2.205824179539e-03
50.460000000 2.224550555906e-03
50.470000000 2.223347841971e-03
50.480000000 2.208593925990e-03
50.490000000 2.187734471713e-03
50.500000000 2.163242288629e-03
50.510000000 2.136306799843e-03
50.520000000 2.106911662906e-03
50.530000000 2.075592645415e-03
50.540000000 2.042556910629e-03
50.550000000 2.008520771757e-03
50.560000000 1.976601987851e-03
50.570000000 1.947115575962e-03
50.580000000 1.922733533009e-03
50.590000000 1.905910831039e-03
50.600000000 1.899213057798e-03
50.610000000 1.902816066312e-03
50.620000000 1.914463024594e-03
50.630000000 1.927847331019e-03
50.640000000 1.935848437347e-03
50.650000000 1.924162876112e-03
50.660000000 1.877585618364e-03
50.670000000 1.779571853114e-03
50.680000000 1.615307158430e-03
50.690000000 1.375843076609e-03
50.700000000 1.062441085953e-03
50.710000000 6.850759919923e-04
50.720000000 2.619268859684e-04
50.730000000 -1.844669515836e-04
50.740000000 -6.316768314262e-04
50.750000000 -1.063408780050e-03
50.760000000 -1.466612856328e-03
50.770000000 -1.836865877600e-03
50.780000000 -2.173202143373e-03
50.790000000 -2.480195104616e-03
50.800000000 -2.759493904906e-03
50.810000000 -3.012415495251e-03
50.820000000 -3.237192572671e-03
50.830000000 -3.429529861257e-03
50.840000000 -3.585531948070e-03
50.850000000 -3.701343968414e-03
50.860000000 -3.775208105355e-03
50.870000000 -3.805276849278e-03
50.880000000 -3.793890597900e-03
50.890000000 -3.741843563875e-03
50.900000000 -3.652265469744e-03
50.910000000 -3.530683196723e-03
50.920000000 -3.383252695554e-03
50.930000000 -3.218366144930e-03
50.940000000 -3.044563044683e-03
50.950000000 -2.869784618316e-03
50.960000000 -2.698804520913e-03
50.970000000 -2.538017001212e-03
50.980000000 -2.391192184267e-03
50.990000000 -2.262866569011e-03
51.000000000 -2.157353040677e-03
51.010000000 -2.076849569994e-03
51.020000000 -2.019859926956e-03
51.030000000 -1.982000374532e-03
51.040000000 -1.958081402082e-03
51.050000000 -1.939637273531e-03
51.060000000 -1.919852260260e-03
51.070000000 -1.892555173890e-03
51.080000000 -1.850683383040e-03
51.090000000 -1.789810122272e-03
51.100000000 -1.707987968825e-03
51.110000000 -1.604414257633e-03
51.120000000 -1.481741157744e-03
51.130000000 -1.343951990854e-03
51.140000000 -1.195714509982e-03
51.150000000 -1.042157931545e-03
51.160000000 -8.858536900994e-04
51.170000000 -7.295912065747e-04
51.180000000 -5.759954949627e-04
51.190000000 -4.270920305131e-04
51.200000000 -2.840591360419e-04
51.210000000 -1.475910677005e-04
51.220000000 -1.821930957261e-05
51.230000000 1.033979748824e-04
51.240000000 2.182374890267e-04
51.250000000 3.248854943652e-04
51.260000000 4.233880014902e-04
51.270000000 5.128407408714e-04
51.280000000 5.912834858885e-04
51.290000000 6.574303453773e-04
51.300000000 7.092835858817e-04
51.310000000 7.481189749828e-04
51.320000000 7.730143743756e-04
51.330000000 7.855890812462e-04
51.340000000 7.876364921187e-04
51.350000000 7.820403341492e-04
51.360000000 7.709702920998e-04
51.370000000 7.548663657889e-04
51.380000000 7.348279636598e-04
51.390000000 7.110674877854e-04
51.400000000 6.839275752744e-04
51.410000000 6.517361437582e-04
51.420000000 6.160387748474e-04
51.430000000 5.765558904011e-04
51.440000000 5.341588753255e-04
51.450000000 4.898523539135e-04
51.460000000 4.439786687036e-04
51.470000000 3.958458438517e-04
51.480000000 3.460501193908e-04
51.490000000 2.923110302427e-04
51.500000000 2.349403772271e-04
51.510000000 1.740794394568e-04
51.520000000 1.083094559595e-04
51.530000000 3.814486247828e-05
51.540000000 -3.490342762892e-05
51.550000000 -1.100060247327e-04
51.560000000 -1.854854123464e-04
51.570000000 -2.593526512892e-04
51.580000000 -3.293788189038e-04
51.590000000 -3.953556766780e-04
51.600000000 -4.544188742496e-04
51.610000000 -5.056732535014e-04
51.620000000 -5.490897329899e-04
51.630000000 -5.837616674663e-04
51.640000000 -6.097263585824e-04
51.650000000 -6.278177388911e-04
51.660000000 -6.375299212697e-04
51.670000000 -6.391868163029e-04
51.680000000 -6.333464120920e-04
51.690000000 -6.185740927557e-04
51.700000000 -5.953550883493e-04
51.710000000 -5.630639255939e-04
51.720000000 -5.213746010556e-04
51.730000000 -4.703778840051e-04
51.740000000 -4.100377065593e-04
51.750000000 -3.403304084585e-04
51.760000000 -2.621402214182e-04
51.770000000 -1.764892897803e-04
51.780000000 -8.336666612009e-05
51.790000000 1.602725771063e-05
51.800000000 1.202721236859e-04
51.810000000 2.293655866659e-04
51.820000000 3.428696458269e-04
51.830000000 4.592298052504e-04
51.840000000 5.789474629966e-04
51.850000000 7.011415397016e-04
51.860000000 8.248163053680e-04
51.870000000 9.499222929078e-04
51.880000000 1.075377422445e-03
51.890000000 1.199397904117e-03
51.900000000 1.321909335518e-03
51.910000000 1.441877968227e-03
51.920000000 1.556961412282e-03
51.930000000 1.666683262725e-03
51.940000000 1.770164812281e-03
51.950000000 1.866618975194e-03
51.960000000 1.954733255825e-03
51.970000000 2.033840260327e-03
51.980000000 2.103420516080e-03
51.990000000 2.163914548054e-03
52.000000000 2.214053977806e-03
52.010000000 2.254857944068e-03
52.020000000 2.285754946649e-03
52.030000000 2.307337519020e-03
52.040000000 2.320134408521e-03
52.050000000 2.322836491670e-03
52.060000000 2.315045952747e-03
52.070000000 2.294973641706e-03
52.080000000 2.262281063720e-03
52.090000000 2.217794886850e-03
52.100000000 2.162347292183e-03
52.110000000 2.097224137012e-03
52.120000000 2.023715435929e-03
52.130000000 1.943971984625e-03
52.140000000 1.858454226770e-03
52.150000000 1.768232817987e-03
52.160000000 1.675168708525e-03
52.170000000 1.580175550691e-03
52.180000000 1.483117996712e-03
52.190000000 1.384286148903e-03
52.200000000 1.285713185791e-03
52.210000000 1.186782946354e-03
52.220000000 1.087011139178e-03
52.230000000 9.874538621230e-04
52.240000000 8.874573081932e-04
52.250000000 7.874656051114e-04
52.260000000 6.869177768094e-04
52.270000000 5.869920632019e-04
52.280000000 4.873251151317e-04
52.290000000 3.883687313294e-04
52.300000000 2.898905842869e-04
52.310000000 1.927466509645e-04
52.320000000 9.778902462107e-05
52.330000000 4.785777166085e-06
52.340000000 -8.630347366082e-05
52.350000000 -1.748604964454e-04
52.360000000 -2.596867280018e-04
52.370000000 -3.427179478486e-04
52.380000000 -4.213764475705e-04
52.390000000 -4.956038431729e-04
52.400000000 -5.666692680614e-04
52.410000000 -6.336886223011e-04
52.420000000 -6.959974877382e-04
52.430000000 -7.537500952776e-04
52.440000000 -8.059725871564e-04
52.450000000 -8.538195644221e-04
52.460000000 -8.957670535296e-04
52.470000000 -9.320817283001e-04
52.480000000 -9.628819678715e-04
52.490000000 -9.868415262286e-04
52.500000000 -1.004163754386e-03
52.510000000 -1.014409188865e-03
52.520000000 -1.018095150247e-03
52.530000000 -1.015120184684e-03
52.540000000 -1.005341237006e-03
52.550000000 -9.899876313888e-04
52.560000000 -9.691006538909e-04
52.570000000 -9.421400967836e-04
52.580000000 -9.112365276424e-04
52.590000000 -8.754248434841e-04
52.600000000 -8.354201149825e-04
52.610000000 -7.913186900417e-04
52.620000000 -7.442592849107e-04
52.630000000 -6.945787143470e-04
52.640000000 -6.418006179231e-04
52.650000000 -5.864950422371e-04
52.660000000 -5.291064242594e-04
52.670000000 -4.704432480061e-04
52.680000000 -4.099428926896e-04
52.690000000 -3.480560099213e-04
52.700000000 -2.860941754028e-04
52.710000000 -2.233218902340e-04
52.720000000 -1.609080308090e-04
52.730000000 -9.927936898006e-05
52.740000000 -3.821391878035e-05
52.750000000 2.192356324065e-05
52.760000000 7.982820739833e-05
52.770000000 1.359733881862e-04
52.780000000 1.891411236662e-04
52.790000000 2.402359192648e-04
52.800000000 2.882639059519e-04
52.810000000 3.330115962682e-04
52.820000000 3.740297234324e-04
52.830000000 4.117656442618e-04
52.840000000 4.458167984974e-04
52.850000000 4.753650860924e-04
52.860000000 5.011004930011e-04
52.870000000 5.221273056636e-04
52.880000000 5.382101226887e-04
52.890000000 5.490120820812e-04
52.900000000 5.560389612171e-04
52.910000000 5.568291677726e-04
52.920000000 5.524435611700e-04
52.930000000 5.432467392258e-04
52.940000000 5.279939952698e-04
52.950000000 5.085392450642e-04
52.960000000 4.832989912410e-04
52.970000000 4.535513485003e-04
52.980000000 4.203875877362e-04
52.990000000 3.822443838001e-04
53.000000000 3.409714156804e-04
53.010000000 2.962462232385e-04
53.020000000 2.484048865510e-04
53.030000000 1.984362922864e-04
53.040000000 1.456476006279e-04
53.050000000 9.127839153992e-05
53.060000000 3.555758105345e-05
53.070000000 -2.119985494722e-05
53.080000000 -7.900903960811e-05
53.090000000 -1.370191617157e-04
53.100000000 -1.957460623965e-04
53.110000000 -2.542083560676e-04
53.120000000 -3.117706305152e-04
53.130000000 -3.689284235376e-04
53.140000000 -4.249084171404e-04
53.150000000 -4.797135669469e-04
53.160000000 -5.325155164771e-04
53.170000000 -5.831205455724e-04
53.180000000 -6.318243604809e-04
53.190000000 -6.785186935849e-04
53.200000000 -7.223490358308e-04
53.210000000 -7.629949504860e-04
53.220000000 -8.010601591668e-04
53.230000000 -8.356495422611e-04
53.240000000 -8.672638642279e-04
53.250000000 -8.956464430378e-04
53.260000000 -9.205982063088e-04
53.270000000 -9.423411139116e-04
53.280000000 -9.599246178517e-04
53.290000000 -9.743509947178e-04
53.300000000 -9.845684284487e-04
53.310000000 -9.918490752938e-04
53.320000000 -9.959259799665e-04
53.330000000 -9.958359211603e-04
53.340000000 -9.925883351268e-04
53.350000000 -9.857886371536e-04
53.360000000 -9.761390184073e-04
53.370000000 -9.630576137647e-04
53.380000000 -9.470109891062e-04
53.390000000 -9.283184338637e-04
53.400000000 -9.065761434392e-04
53.410000000 -8.822252241065e-04
53.420000000 -8.554463089336e-04
53.430000000 -8.273339246655e-04
53.440000000 -7.961307334599e-04
53.450000000 -7.634599396356e-04
53.460000000 -7.294562301313e-04
53.470000000 -6.934703259999e-04
53.480000000 -6.560471748743e-04
53.490000000 -6.176697671205e-04
53.500000000 -5.786400765135e-04
53.510000000 -5.385643285125e-04
53.520000000 -4.983779013732e-04
53.530000000 -4.572679144914e-04
53.540000000 -4.163151198083e-04
53.550000000 -3.752873599672e-04
53.560000000 -3.342706448500e-04
53.570000000 -2.939386342531e-04
53.580000000 -2.542421799072e-04
53.590000000 -2.159240966072e-04
53.600000000 -1.782533027829e-04
53.610000000 -1.418636926495e-04
53.620000000 -1.069641088275e-04
53.630000000 -7.359151994437e-05
53.640000000 -4.238580825325e-05
53.650000000 -1.263447174224e-05
53.660000000 1.466899342774e-05
53.670000000 4.030786431895e-05
53.680000000 6.378399249432e-05
53.690000000 8.386587248214e-05
53.700000000 1.024151753760e-04
53.710000000 1.183512543433e-04
53.720000000 1.319449150426e-04
53.730000000 1.436641214749e-04
53.740000000 1.526477848699e-04
53.750000000 1.589584246964e-04
53.760000000 1.628231839943e-04
53.770000000 1.654405261718e-04
53.780000000 1.652829717254e-04
53.790000000 1.636513633792e-04
53.800000000 1.598855266831e-04
53.810000000 1.545386161569e-04
53.820000000 1.476413129384e-04
53.830000000 1.387214874109e-04
53.840000000 1.296156354284e-04
53.850000000 1.186748617969e-04
53.860000000 1.078355175512e-04
53.870000000 9.574359689005e-05
53.880000000 8.290539023680e-05
53.890000000 7.081251363406e-05
53.900000000 5.762479381763e-05
53.910000000 4.476672561333e-05
53.920000000 3.159933244576e-05
53.930000000 1.894837905511e-05
53.940000000 6.869838721446e-06
53.950000000 -4.319479293618e-06
53.960000000 -1.540265231353e-05
53.970000000 -2.490465790286e-05
53.980000000 -3.384263834619e-05
53.990000000 -4.200124425141e-05
54.000000000 -4.807502100998e-05
54.010000000 -5.347847018258e-05
54.020000000 -5.742406276210e-05
54.030000000 -5.966065830049e-05
54.040000000 -6.076415126772e-05
54.050000000 -5.965566156613e-05
54.060000000 -5.694482927605e-05
54.070000000 -5.296932776137e-05
54.080000000 -4.699035205517e-05
54.090000000 -3.892013764754e-05
54.100000000 -2.918976647490e-05
54.110000000 -1.820109296776e-05
54.120000000 -5.902131880307e-06
54.130000000 7.993125961013e-06
54.140000000 2.408233891374e-05
54.150000000 4.135914589436e-05
54.160000000 6.009578786808e-05
54.170000000 7.937178811371e-05
54.180000000 1.000737457687e-04
54.190000000 1.220650821433e-04
54.200000000 1.452713032919e-04
54.210000000 1.680493787624e-04
54.220000000 1.921583078805e-04
54.230000000 2.165016758164e-04
54.240000000 2.410643557432e-04
54.250000000 2.658230974736e-04
54.260000000 2.904018155019e-04
54.270000000 3.151969922795e-04
54.280000000 3.395324396346e-04
54.290000000 3.634229471108e-04
54.300000000 3.868690958906e-04
54.310000000 4.094054542195e-04
54.320000000 4.316049640879e-04
54.330000000 4.524910717879e-04
54.340000000 4.725666894461e-04
54.350000000 4.915222002600e-04
54.360000000 5.095686338362e-04
54.370000000 5.258811780818e-04
54.380000000 5.407049695126e-04
54.390000000 5.549499893669e-04
54.400000000 5.667924678911e-04
54.410000000 5.775641534377e-04
54.420000000 5.866771330954e-04
54.430000000 5.935109468536e-04
54.440000000 5.989312953811e-04
54.450000000 6.025606045916e-04
54.460000000 6.045580429928e-04
54.470000000 6.049356262702e-04
54.480000000 6.035051584117e-04
54.490000000 6.006897181477e-04
54.500000000 5.955480333647e-04
54.510000000 5.888228908008e-04
54.520000000 5.804075398394e-04
54.530000000 5.702919459509e-04
54.540000000 5.591075333726e-04
54.550000000 5.455605643272e-04
54.560000000 5.313419582260e-04
54.570000000 5.148147277328e-04
54.580000000 4.975845858359e-04
54.590000000 4.785475537143e-04
54.600000000 4.584874002712e-04
54.610000000 4.376491915306e-04
54.620000000 4.151810831063e-04
54.630000000 3.922748325769e-04
54.640000000 3.685111211406e-04
54.650000000 3.443012469444e-04
54.660000000 3.189524183039e-04
54.670000000 2.931386669354e-04
54.680000000 2.681173242369e-04
54.690000000 2.416170855862e-04
54.700000000 2.154654846544e-04
54.710000000 1.893465508118e-04
54.720000000 1.637508542603e-04
54.730000000 1.383671098848e-04
54.740000000 1.133969757865e-04
54.750000000 8.868936125315e-05
54.760000000 6.454318651406e-05
54.770000000 4.171310969637e-05
54.780000000 1.881178765599e-05
54.790000000 -2.382624097107e-06
54.800000000 -2.312542466390e-05
54.810000000 -4.246626522964e-05
54.820000000 -6.088140785599e-05
54.830000000 -7.788354851324e-05
54.840000000 -9.396973667729e-05
54.850000000 -1.081446425370e-04
54.860000000 -1.217430470593e-04
54.870000000 -1.328391141521e-04
54.880000000 -1.437344887283e-04
54.890000000 -1.526692390094e-04
54.900000000 -1.599326136671e-04
54.910000000 -1.659680183166e-04
54.920000000 -1.706125812591e-04
54.930000000 -1.739589459358e-04
54.940000000 -1.759515853353e-04
54.950000000 -1.761177985562e-04
54.960000000 -1.754552924924e-04
54.970000000 -1.734411401145e-04
54.980000000 -1.701322276363e-04
54.990000000 -1.654069596331e-04
55.000000000 -1.601426224413e-04
55.010000000 -1.533934970549e-04
55.020000000 -1.456464354633e-04
55.030000000 -1.373821817498e-04
55.040000000 -1.281398314164e-04
55.050000000 -1.180023185003e-04
55.060000000 -1.081885619384e-04
55.070000000 -9.710741232272e-05
55.080000000 -8.573942043168e-05
55.090000000 -7.420898483809e-05
55.100000000 -6.240796745466e-05
55.110000000 -5.089437643145e-05
55.120000000 -3.899965016176e-05
55.130000000 -2.783758093499e-05
55.140000000 -1.601610165466e-05
55.150000000 -4.962806130336e-06
55.160000000 5.103452131731e-06
55.170000000 1.612709417897e-05
55.180000000 2.516485961568e-05
55.190000000 3.427909120224e-05
55.200000000 4.299339222289e-05
55.210000000 5.032932495339e-05
55.220000000 5.692984349624e-05
55.230000000 6.307871978043e-05
55.240000000 6.800364974374e-05
55.250000000 7.203784542389e-05
55.260000000 7.503914326396e-05
55.270000000 7.700454447753e-05
55.280000000 7.808079141234e-05
55.290000000 7.844679939903e-05
55.300000000 7.768187508103e-05
55.310000000 7.513260405524e-05
55.320000000 7.235870769763e-05
55.330000000 6.824209258360e-05
55.340000000 6.328765163184e-05
55.350000000 5.729852596598e-05
55.360000000 5.021393386965e-05
55.370000000 4.253431072286e-05
55.380000000 3.381126164514e-05
55.390000000 2.442480939917e-05
55.400000000 1.459475807615e-05
55.410000000 3.438462234040e-06
55.420000000 -8.241613258578e-06
55.430000000 -2.025879534784e-05
55.440000000 -3.304801345801e-05
55.450000000 -4.594934365834e-05
55.460000000 -5.939957243727e-05
55.470000000 -7.291191825240e-05
55.480000000 -8.715794149688e-05
55.490000000 -1.009459415652e-04
55.500000000 -1.153387952060e-04
55.510000000 -1.296047102348e-04
55.520000000 -1.435488150730e-04
55.530000000 -1.575598264708e-04
55.540000000 -1.715995735337e-04
55.550000000 -1.853717798250e-04
55.560000000 -1.982910535625e-04
55.570000000 -2.113512521312e-04
55.580000000 -2.236688416006e-04
55.590000000 -2.353298941213e-04
55.600000000 -2.463629969497e-04
55.610000000 -2.566227353774e-04
55.620000000 -2.665720967175e-04
55.630000000 -2.759414442350e-04
55.640000000 -2.845945857094e-04
55.650000000 -2.919565921020e-04
55.660000000 -2.985454128299e-04
55.670000000 -3.046930439060e-04
55.680000000 -3.096301800546e-04
55.690000000 -3.136372304385e-04
55.700000000 -3.166851675532e-04
55.710000000 -3.190612740691e-04
55.720000000 -3.204368596929e-04
55.730000000 -3.206340036402e-04
55.740000000 -3.203867959057e-04
55.750000000 -3.191823439900e-04
55.760000000 -3.168143744672e-04
55.770000000 -3.139279967978e-04
55.780000000 -3.098948525764e-04
55.790000000 -3.048514420169e-04
55.800000000 -2.996127965783e-04
55.810000000 -2.931270316231e-04
55.820000000 -2.866964141020e-04
55.830000000 -2.785113713914e-04
55.840000000 -2.706310318828e-04
55.850000000 -2.618974831495e-04
55.860000000 -2.526030735234e-04
55.870000000 -2.430660527695e-04
55.880000000 -2.330615084095e-04
55.890000000 -2.226036139293e-04
55.900000000 -2.123739310990e-04
55.910000000 -2.012817854385e-04
55.920000000 -1.903460143478e-04
55.930000000 -1.792776251448e-04
55.940000000 -1.683736876452e-04
55.950000000 -1.565754588582e-04
55.960000000 -1.452172821305e-04
55.970000000 -1.343873360715e-04
55.980000000 -1.232040266979e-04
55.990000000 -1.130970912110e-04
56.000000000 -1.023093288369e-04
56.010000000 -9.199687199646e-05
56.020000000 -8.205493021423e-05
56.030000000 -7.272297941897e-05
56.040000000 -6.335669322088e-05
56.050000000 -5.474000582364e-05
56.060000000 -4.601096905975e-05
56.070000000 -3.856772720570e-05
56.080000000 -3.065674312895e-05
56.090000000 -2.411728342182e-05
56.100000000 -1.776361077665e-05
56.110000000 -1.167881003871e-05
56.120000000 -6.870079652280e-06
56.130000000 -1.733810448228e-06
56.140000000 3.005544900450e-06
56.150000000 6.257835002393e-06
56.160000000 9.648099247586e-06
56.170000000 1.277298085326e-05
56.180000000 1.495666944225e-05
56.190000000 1.698949005075e-05
56.200000000 1.872859312831e-05
56.210000000 1.971790534341e-05
56.220000000 2.050010274487e-05
56.230000000 2.042580716704e-05
56.240000000 2.044046572220e-05
56.250000000 2.047864177118e-05
56.260000000 2.023883960984e-05
56.270000000 1.917509667895e-05
56.280000000 1.868906205214e-05
56.290000000 1.770622957411e-05
56.300000000 1.665045711427e-05
56.310000000 1.576489310897e-05
56.320000000 1.441548185781e-05
56.330000000 1.315569907044e-05
56.340000000 1.214823320595e-05
56.350000000 1.142064209821e-05
56.360000000 1.075189969996e-05
56.370000000 9.658505448988e-06
56.380000000 8.668529560324e-06
56.390000000 8.359841064667e-06
56.400000000 8.479211514802e-06
56.410000000 8.383998066189e-06
56.420000000 8.485998156194e-06
56.430000000 8.839637653056e-06
56.440000000 9.197875886021e-06
56.450000000 1.058997476721e-05
56.460000000 1.198361970385e-05
56.470000000 1.362138653475e-05
56.480000000 1.562384286956e-05
56.490000000 1.798002448154e-05
56.500000000 2.059483083991e-05
56.510000000 2.368679253923e-05
56.520000000 2.685417990240e-05
56.530000000 3.095802153631e-05
56.540000000 3.492593171669e-05
56.550000000 3.889474002332e-05
56.560000000 4.313203498982e-05
56.570000000 4.819349276372e-05
56.580000000 5.318476047343e-05
56.590000000 5.814606367983e-05
56.600000000 6.387663569306e-05
56.610000000 6.996189153270e-05
56.620000000 7.540837047540e-05
56.630000000 8.145496609011e-05
56.640000000 8.740596339015e-05
56.650000000 9.347217270014e-05
56.660000000 9.936461313000e-05
56.670000000 1.056881354963e-04
56.680000000 1.124995166633e-04
56.690000000 1.184069985252e-04
56.700000000 1.244525191233e-04
56.710000000 1.299339361433e-04
56.720000000 1.359317283471e-04
56.730000000 1.419709570259e-04
56.740000000 1.472514477446e-04
56.750000000 1.521463971413e-04
56.760000000 1.572496918057e-04
56.770000000 1.619803466942e-04
56.780000000 1.659240995018e-04
56.790000000 1.699543192757e-04
56.800000000 1.739440003585e-04
56.810000000 1.773169878148e-04
56.820000000 1.799065024664e-04
56.830000000 1.821726963075e-04
56.840000000 1.845484289385e-04
56.850000000 1.862206500560e-04
56.860000000 1.871670131295e-04
56.870000000 1.882493049006e-04
56.880000000 1.884723426107e-04
56.890000000 1.884637334197e-04
56.900000000 1.882594752532e-04
56.910000000 1.871535975895e-04
56.920000000 1.857397531886e-04
56.930000000 1.840170333574e-04
56.940000000 1.817346205596e-04
56.950000000 1.786617919211e-04
56.960000000 1.757408523405e-04
56.970000000 1.724906300629e-04
56.980000000 1.684103047137e-04
56.990000000 1.644841317936e-04
57.000000000 1.597501497207e-04
57.010000000 1.546374802796e-04
57.020000000 1.497691046102e-04
57.030000000 1.444244057766e-04
57.040000000 1.386485868131e-04
57.050000000 1.335600220647e-04
57.060000000 1.266792365746e-04
57.070000000 1.203391100043e-04
57.080000000 1.145523893422e-04
57.090000000 1.081205710116e-04
57.100000000 1.014697325295e-04
57.110000000 9.516458929116e-05
57.120000000 8.843455189290e-05
57.130000000 8.219424238321e-05
57.140000000 7.539874654560e-05
57.150000000 6.923770755989e-05
57.160000000 6.282121974477e-05
57.170000000 5.649625962249e-05
57.180000000 5.037463320682e-05
57.190000000 4.497907766199e-05
57.200000000 3.885241824767e-05
57.210000000 3.317645446505e-05
57.220000000 2.798902557154e-05
57.230000000 2.251207820635e-05
57.240000000 1.799704532261e-05
57.250000000 1.365405626816e-05
57.260000000 9.388142410413e-06
57.270000000 5.401418675400e-06
57.280000000 1.623389758419e-06
57.290000000 -1.316302865031e-06
57.300000000 -4.307900237108e-06
57.310000000 -7.387833663398e-06
57.320000000 -9.581417185065e-06
57.330000000 -1.163936836687e-05
57.340000000 -1.330425795820e-05
57.350000000 -1.457025805001e-05
57.360000000 -1.636992533871e-05
57.370000000 -1.735849696429e-05
57.380000000 -1.758251686728e-05
57.390000000 -1.828634963352e-05
57.400000000 -1.866549568296e-05
57.410000000 -1.852435520234e-05
57.420000000 -1.811901653602e-05
57.430000000 -1.789860426012e-05
57.440000000 -1.672519628392e-05
57.450000000 -1.612541253836e-05
57.460000000 -1.516751642502e-05
57.470000000 -1.367232809616e-05
57.480000000 -1.296898881945e-05
57.490000000 -1.149436384576e-05
57.500000000 -9.857097189213e-06
57.510000000 -8.565525776485e-06
57.520000000 -7.293991929185e-06
57.530000000 -5.632193185254e-06
57.540000000 -4.192858551140e-06
57.550000000 -3.433595012360e-06
57.560000000 -1.541886125708e-06
57.570000000 -2.610360999495e-07
57.580000000 6.449788225369e-07
57.590000000 1.720980161703e-06
57.600000000 2.635158504797e-06
57.610000000 3.763286630458e-06
57.620000000 3.918120726523e-06
57.630000000 4.649611667897e-06
57.640000000 5.036166984911e-06
57.650000000 4.854010951643e-06
57.660000000 5.033451455019e-06
57.670000000 4.157607095866e-06
57.680000000 3.905174864702e-06
57.690000000 3.287652976441e-06
57.700000000 2.097041683249e-06
57.710000000 1.297977260094e-06
57.720000000 -1.171600829529e-07
57.730000000 -1.805444068832e-06
57.740000000 -3.527112441231e-06
57.750000000 -5.538646079658e-06
57.760000000 -7.793501043568e-06
57.770000000 -1.063480200417e-05
57.780000000 -1.267808977987e-05
57.790000000 -1.595647889042e-05
57.800000000 -1.848864006040e-05
57.810000000 -2.149213001870e-05
57.820000000 -2.495349737198e-05
57.830000000 -2.768513572473e-05
57.840000000 -3.162985229177e-05
57.850000000 -3.480838688698e-05
57.860000000 -3.852297402930e-05
57.870000000 -4.207404885898e-05
57.880000000 -4.610897689195e-05
57.890000000 -4.984807256389e-05
57.900000000 -5.347580573490e-05
57.910000000 -5.714467314919e-05
57.920000000 -6.099804425182e-05
57.930000000 -6.518001550781e-05
57.940000000 -6.827608260061e-05
57.950000000 -7.208552879037e-05
57.960000000 -7.534788322084e-05
57.970000000 -7.901312561649e-05
57.980000000 -8.245247260507e-05
57.990000000 -8.521949984061e-05
58.000000000 -8.845865669281e-05
58.010000000 -9.100426650026e-05
58.020000000 -9.336822721651e-05
58.030000000 -9.605800169954e-05
58.040000000 -9.834146595611e-05
58.050000000 -1.004426280583e-04
58.060000000 -1.019241568151e-04
58.070000000 -1.037137917545e-04
58.080000000 -1.052944236200e-04
58.090000000 -1.064061278364e-04
58.100000000 -1.070649480353e-04
58.110000000 -1.072926481044e-04
58.120000000 -1.081831117829e-04
58.130000000 -1.079970851075e-04
58.140000000 -1.081792411407e-04
58.150000000 -1.078003234546e-04
58.160000000 -1.070527556858e-04
58.170000000 -1.069260910781e-04
58.180000000 -1.057515454091e-04
58.190000000 -1.049251448833e-04
58.200000000 -1.030533722630e-04
58.210000000 -1.017976079696e-04
58.220000000 -1.001828016112e-04
58.230000000 -9.798831967581e-05
58.240000000 -9.619500779646e-05
58.250000000 -9.376921746523e-05
58.260000000 -9.110051990800e-05
58.270000000 -8.883432606688e-05
58.280000000 -8.603646614755e-05
58.290000000 -8.392086706571e-05
58.300000000 -8.077073098770e-05
58.310000000 -7.786615277136e-05
58.320000000 -7.479241480336e-05
58.330000000 -7.185884480286e-05
58.340000000 -6.878367288460e-05
58.350000000 -6.589572123981e-05
58.360000000 -6.257312723302e-05
58.370000000 -5.925898848615e-05
58.380000000 -5.635786839800e-05
58.390000000 -5.330514171291e-05
58.400000000 -4.983332949638e-05
58.410000000 -4.682137307485e-05
58.420000000 -4.381798838055e-05
58.430000000 -4.133688554212e-05
58.440000000 -3.829862208804e-05
58.450000000 -3.536460641718e-05
58.460000000 -3.224254105194e-05
58.470000000 -3.009616221580e-05
58.480000000 -2.734013918704e-05
58.490000000 -2.499940505633e-05
58.500000000 -2.310414838604e-05
58.510000000 -2.056369543084e-05
58.520000000 -1.856123909603e-05
58.530000000 -1.660748487304e-05
58.540000000 -1.499454898363e-05
58.550000000 -1.334832689281e-05
58.560000000 -1.158468229651e-05
58.570000000 -1.026087047749e-05
58.580000000 -8.837102105297e-06
58.590000000 -7.854602838734e-06
58.600000000 -6.605698132858e-06
58.610000000 -5.221621592908e-06
58.620000000 -4.406385531571e-06
58.630000000 -3.220269348870e-06
58.640000000 -2.609345987160e-06
58.650000000 -1.850850856808e-06
58.660000000 -8.449363937982e-07
58.670000000 -2.527332025302e-07
58.680000000 3.990236016110e-07
58.690000000 6.731347256851e-07
58.700000000 1.453278262034e-06
58.710000000 1.612416339818e-06
58.720000000 2.546465564571e-06
58.730000000 2.314909478007e-06
58.740000000 3.192023368879e-06
58.750000000 3.492255620701e-06
58.760000000 3.855727163207e-06
58.770000000 4.153450448216e-06
58.780000000 4.534148979357e-06
58.790000000 4.796804035901e-06
58.800000000 5.239689664255e-06
58.810000000 5.885619915765e-06
58.820000000 6.687165117530e-06
58.830000000 6.925502111454e-06
58.840000000 7.647692308678e-06
58.850000000 8.472694581286e-06
58.860000000 8.570866363591e-06
58.870000000 9.729965049865e-06
58.880000000 1.063110593991e-05
58.890000000 1.170140658160e-05
58.900000000 1.264393919038e-05
58.910000000 1.370273526787e-05
58.920000000 1.461532029912e-05
58.930000000 1.639985695513e-05
58.940000000 1.777387980695e-05
58.950000000 1.856687187109e-05
58.960000000 2.044863500067e-05
58.970000000 2.170334783536e-05
58.980000000 2.331067265127e-05
58.990000000 2.503446093738e-05
59.000000000 2.663329176736e-05
59.010000000 2.789383115468e-05
59.020000000 2.990728194948e-05
59.030000000 3.198072807815e-05
59.040000000 3.367117292708e-05
59.050000000 3.486491946629e-05
59.060000000 3.693347076063e-05
59.070000000 3.895547811442e-05
59.080000000 4.020202752850e-05
59.090000000 4.182288147906e-05
59.100000000 4.401153686182e-05
59.110000000 4.567665892845e-05
59.120000000 4.682554673140e-05
59.130000000 4.903361822443e-05
59.140000000 5.012576023543e-05
59.150000000 5.192853854687e-05
59.160000000 5.321926171950e-05
59.170000000 5.417890181261e-05
59.180000000 5.561458119484e-05
59.190000000 5.693319929544e-05
59.200000000 5.820917804463e-05
59.210000000 5.921017687140e-05
59.220000000 5.993158389140e-05
59.230000000 6.061775536114e-05
59.240000000 6.117551707345e-05
59.250000000 6.222474375595e-05
59.260000000 6.292273332620e-05
59.270000000 6.313456784582e-05
59.280000000 6.352175124997e-05
59.290000000 6.335793541534e-05
59.300000000 6.348298576105e-05
59.310000000 6.335478260463e-05
59.320000000 6.352811636127e-05
59.330000000 6.312298645329e-05
59.340000000 6.244300163893e-05
59.350000000 6.217962698124e-05
59.360000000 6.138814667091e-05
59.370000000 6.075610676231e-05
59.380000000 6.013544640186e-05
59.390000000 5.918247238948e-05
59.400000000 5.819849382907e-05
59.410000000 5.696805448524e-05
59.420000000 5.504378103438e-05
59.430000000 5.430737034364e-05
59.440000000 5.284946111856e-05
59.450000000 5.120854483575e-05
59.460000000 4.990976337117e-05
59.470000000 4.815958137152e-05
59.480000000 4.695641338985e-05
59.490000000 4.510198360698e-05
59.500000000 4.404920517591e-05
59.510000000 4.180513268747e-05
59.520000000 4.019406444067e-05
59.530000000 3.898122653080e-05
59.540000000 3.687304587480e-05
59.550000000 3.497469907008e-05
59.560000000 3.333076405557e-05
59.570000000 3.169657724310e-05
59.580000000 2.994746750412e-05
59.590000000 2.794131524648e-05
59.600000000 2.634026858130e-05
59.610000000 2.470500675229e-05
59.620000000 2.340363857959e-05
59.630000000 2.166525022758e-05
59.640000000 2.043787349547e-05
59.650000000 1.862643336103e-05
59.660000000 1.749067064786e-05
59.670000000 1.603514729030e-05
59.680000000 1.478741233845e-05
59.690000000 1.338584285605e-05
59.700000000 1.211847149026e-05
59.710000000 1.119376550950e-05
59.720000000 1.014687985351e-05
59.730000000 9.186178703040e-06
59.740000000 8.146774589510e-06
59.750000000 7.193554981497e-06
59.760000000 6.117104239485e-06
59.770000000 5.888189502155e-06
59.780000000 5.282249919399e-06
59.790000000 4.043072265297e-06
59.800000000 3.975151103135e-06
59.810000000 3.149330612930e-06
59.820000000 2.899407348578e-06
59.830000000 2.225915298257e-06
59.840000000 1.791480964904e-06
59.850000000 2.036499648116e-06
59.860000000 1.131009705759e-06
59.870000000 8.789627219635e-07
59.880000000 9.257799791706e-07
59.890000000 9.247155094903e-07
59.900000000 8.926492476450e-07
59.910000000 4.771912502820e-07
59.920000000 1.719192790274e-07
59.930000000 -1.523387988833e-07
59.940000000 -4.656639914680e-08
59.950000000 -1.044162818714e-07
59.960000000 -6.802581644484e-08
59.970000000 -5.928692711297e-07
59.980000000 -5.740370955525e-07
59.990000000 -5.901513867854e-07
60.000000000 -5.738281780204e-07
60.010000000 -5.924666042952e-07
60.020000000 -1.067400399981e-06
60.030000000 -1.106365475128e-06
60.040000000 -1.030121296196e-06
60.050000000 -1.808816923096e-06
60.060000000 -2.185454005725e-06
60.070000000 -2.476707151623e-06
60.080000000 -2.860825776710e-06
60.090000000 -3.612059235132e-06
60.100000000 -3.725278171936e-06
60.110000000 -4.939283859676e-06
60.120000000 -5.053936746749e-06
60.130000000 -5.789595092385e-06
60.140000000 -6.843921414745e-06
60.150000000 -7.839401783481e-06
60.160000000 -8.308233509112e-06
60.170000000 -9.393139511048e-06
60.180000000 -1.008902426257e-05
60.190000000 -1.076236248185e-05
60.200000000 -1.187313497992e-05
60.210000000 -1.280683380220e-05
60.220000000 -1.385521658732e-05
60.230000000 -1.481373194498e-05
60.240000000 -1.585721989576e-05
60.250000000 -1.680198424385e-05
60.260000000 -1.789387193435e-05
60.270000000 -1.859673837443e-05
60.280000000 -1.924680193964e-05
60.290000000 -2.040307305295e-05
60.300000000 -2.124690720365e-05
60.310000000 -2.309825909651e-05
60.320000000 -2.439298895361e-05
60.330000000 -2.530610136145e-05
60.340000000 -2.635393717714e-05
60.350000000 -2.732203549678e-05
60.360000000 -2.834649711688e-05
60.370000000 -2.932610613419e-05
60.380000000 -2.984593759632e-05
60.390000000 -3.082501856652e-05
60.400000000 -3.185190627817e-05
60.410000000 -3.281199500825e-05
60.420000000 -3.388834445119e-05
60.430000000 -3.410975408829e-05
60.440000000 -3.473322226966e-05
60.450000000 -3.594233312306e-05
60.460000000 -3.605806102668e-05
60.470000000 -3.680824302633e-05
60.480000000 -3.719341311019e-05
60.490000000 -3.698189855398e-05
60.500000000 -3.786368920624e-05
60.510000000 -3.813462099761e-05
60.520000000 -3.806985782511e-05
60.530000000 -3.809169461402e-05
60.540000000 -3.809425621283e-05
60.550000000 -3.806657839481e-05
60.560000000 -3.814000339032e-05
60.570000000 -3.785413543094e-05
60.580000000 -3.749724086536e-05
60.590000000 -3.716936693605e-05
60.600000000 -3.684709550033e-05
60.610000000 -3.648486629616e-05
60.620000000 -3.620281355316e-05
60.630000000 -3.578393196509e-05
60.640000000 -3.510344612780e-05
60.650000000 -3.485362812745e-05
60.660000000 -3.403396049344e-05
60.670000000 -3.395320608081e-05
60.680000000 -3.273405389374e-05
60.690000000 -3.209889732873e-05
60.700000000 -3.141532773534e-05
60.710000000 -3.075437245446e-05
60.720000000 -3.009248747646e-05
60.730000000 -2.940798892065e-05
60.740000000 -2.828884800283e-05
60.750000000 -2.738799619623e-05
60.760000000 -2.626028355118e-05
60.770000000 -2.559416481510e-05
60.780000000 -2.489943678635e-05
60.790000000 -2.430632305648e-05
60.800000000 -2.335676913805e-05
60.810000000 -2.232393909821e-05
60.820000000 -2.134747235883e-05
60.830000000 -2.032864018325e-05
60.840000000 -1.934580593326e-05
60.850000000 -1.832592229891e-05
60.860000000 -1.735301598510e-05
60.870000000 -1.631278214411e-05
60.880000000 -1.587588689555e-05
60.890000000 -1.476352832373e-05
60.900000000 -1.409635812887e-05
60.910000000 -1.338983645248e-05
60.920000000 -1.232431090465e-05
60.930000000 -1.181206900485e-05
60.940000000 -1.104020535642e-05
60.950000000 -1.046735838497e-05
60.960000000 -9.697542938006e-06
60.970000000 -9.166517688901e-06
60.980000000 -8.288829008731e-06
60.990000000 -8.117819541999e-06
61.000000000 -7.319612727951e-06
61.010000000 -7.098287552953e-06
61.020000000 -6.332250457151e-06
61.030000000 -6.089836257952e-06
61.040000000 -5.339759522304e-06
61.050000000 -5.082537720802e-06
61.060000000 -4.349472804080e-06
61.070000000 -4.068653011565e-06
61.080000000 -3.370549729883e-06
61.090000000 -3.036927062496e-06
61.100000000 -2.421048443456e-06
61.110000000 -1.943607229329e-06
61.120000000 -2.226631782009e-06
61.130000000 -1.277541125246e-06
61.140000000 -1.098971768961e-06
61.150000000 -8.770006859421e-07
61.160000000 1.906505808269e-08
61.170000000 -1.900457953183e-07
61.180000000 6.749511109663e-07
61.190000000 9.821811146721e-07
61.200000000 8.393245294838e-07
61.210000000 1.646813268488e-06
61.220000000 2.011551439474e-06
61.230000000 1.802440586073e-06
61.240000000 2.698506330098e-06
61.250000000 2.919425954344e-06
61.260000000 3.601814471512e-06
61.270000000 4.042191133053e-06
61.280000000 3.776178399300e-06
61.290000000 4.722876556560e-06
61.300000000 4.891521353041e-06
61.310000000 5.638037663104e-06
61.320000000 5.978535586021e-06
61.330000000 6.517081998677e-06
61.340000000 7.306611674126e-06
61.350000000 7.830015355693e-06
61.360000000 8.201914488064e-06
61.370000000 8.896679382030e-06
61.380000000 9.147548841153e-06
61.390000000 9.950428451672e-06
61.400000000 1.008306015434e-05
61.410000000 1.105125338507e-05
61.420000000 1.127455696008e-05
61.430000000 1.171744258844e-05
61.440000000 1.240377578025e-05
61.450000000 1.261426585684e-05
61.460000000 1.352745988710e-05
61.470000000 1.329256541282e-05
61.480000000 1.419780917101e-05
61.490000000 1.442864106470e-05
61.500000000 1.506350854627e-05
61.510000000 1.575128373857e-05
61.520000000 1.640043027682e-05
61.530000000 1.658533117359e-05
61.540000000 1.773046836230e-05
61.550000000 1.792526022682e-05
61.560000000 1.855291169161e-05
61.570000000 1.927669997772e-05
61.580000000 1.985625561760e-05
61.590000000 2.017420700828e-05
61.600000000 2.042891984297e-05
61.610000000 2.110084912125e-05
61.620000000 2.153372068256e-05
61.630000000 2.129349156969e-05
61.640000000 2.219031968904e-05
61.650000000 2.245730284085e-05
61.660000000 2.238584823225e-05
61.670000000 2.242604245215e-05
61.680000000 2.239415860708e-05
61.690000000 2.242417277578e-05
61.700000000 2.289087475208e-05
61.710000000 2.293266740019e-05
61.720000000 2.287348310871e-05
61.730000000 2.297436067411e-05
61.740000000 2.266145107200e-05
61.750000000 2.183588280001e-05
61.760000000 2.195075033865e-05
61.770000000 2.187338630216e-05
61.780000000 2.194306548870e-05
61.790000000 2.186319248540e-05
61.800000000 2.198295485838e-05
61.810000000 2.114883002739e-05
61.820000000 2.085201331606e-05
61.830000000 2.092584982726e-05
61.840000000 2.041053664904e-05
61.850000000 2.038203081278e-05
61.860000000 2.047236626403e-05
61.870000000 1.965326769683e-05
61.880000000 1.935123281421e-05
61.890000000 1.942165319639e-05
61.900000000 1.893138612937e-05
61.910000000 1.870430123658e-05
61.920000000 1.777794093150e-05
61.930000000 1.804445468818e-05
61.940000000 1.708367646191e-05
61.950000000 1.694540478193e-05
61.960000000 1.614385561524e-05
61.970000000 1.589749277647e-05
61.980000000 1.519022268394e-05
61.990000000 1.484104776979e-05
62.000000000 1.428142443133e-05
62.010000000 1.354618240542e-05
62.020000000 1.292332051097e-05
62.030000000 1.272975779120e-05
62.040000000 1.207726897356e-05
62.050000000 1.140494259196e-05
62.060000000 1.123748683002e-05
62.070000000 1.007628401715e-05
62.080000000 9.899733116304e-06
62.090000000 9.246920888467e-06
62.100000000 8.560091890938e-06
62.110000000 7.925119145368e-06
62.120000000 7.694181987673e-06
62.130000000 7.288040242012e-06
62.140000000 7.025079683805e-06
62.150000000 6.607144290503e-06
62.160000000 5.904846773614e-06
62.170000000 5.703625621087e-06
62.180000000 5.284115357346e-06
62.190000000 5.025031929693e-06
62.200000000 4.612381753252e-06
62.210000000 4.380684976101e-06
62.220000000 4.388189477780e-06
62.230000000 3.967446263556e-06
62.240000000 3.649435852556e-06
62.250000000 3.355841061634e-06
62.260000000 3.405406249316e-06
62.270000000 2.954712701699e-06
62.280000000 2.660066452005e-06
62.290000000 2.345616466589e-06
62.300000000 2.417728186512e-06
62.310000000 1.937373887462e-06
62.320000000 1.685639544882e-06
62.330000000 1.304107627914e-06
62.340000000 1.496424735334e-06
62.350000000 6.548031936614e-07
62.360000000 3.134403872872e-07
62.370000000 5.047060359343e-07
62.380000000 1.256830857786e-07
62.390000000 -1.298946323686e-07
62.400000000 -6.042013392282e-07
62.410000000 -5.422362169773e-07
62.420000000 -8.407106740087e-07
62.430000000 -1.159550505913e-06
62.440000000 -1.571982756774e-06
62.450000000 -1.595593758695e-06
62.460000000 -1.620256219389e-06
62.470000000 -1.529920768140e-06
62.480000000 -2.353914169682e-06
62.490000000 -2.643832067711e-06
62.500000000 -2.595856918698e-06
62.510000000 -2.547881769686e-06
62.520000000 -3.337006944240e-06
62.530000000 -3.664302036069e-06
62.540000000 -3.566562783668e-06
62.550000000 -4.103883914229e-06
62.560000000 -4.108508809494e-06
62.570000000 -4.049291617718e-06
62.580000000 -4.824426819034e-06
62.590000000 -5.193543633203e-06
62.600000000 -5.003969322303e-06
62.610000000 -5.851943206354e-06
62.620000000 -6.177111822866e-06
62.630000000 -6.014455466880e-06
62.640000000 -6.845930410880e-06
62.650000000 -7.180707045168e-06
62.660000000 -7.013155854842e-06
62.670000000 -7.847139765655e-06
62.680000000 -8.180864941169e-06
62.690000000 -8.013313750844e-06
62.700000000 -8.848349120429e-06
62.710000000 -9.179565329132e-06
62.720000000 -9.516116249671e-06
62.730000000 -9.844845291768e-06
62.740000000 -1.018515663937e-05
62.750000000 -1.000903372181e-05
62.760000000 -1.085586273904e-05
62.770000000 -1.116675229887e-05
62.780000000 -1.105117180664e-05
62.790000000 -1.164568390099e-05
62.800000000 -1.152652781495e-05
62.810000000 -1.184641910562e-05
62.820000000 -1.217266273868e-05
62.830000000 -1.254771779574e-05
62.840000000 -1.264855732689e-05
62.850000000 -1.252440510742e-05
62.860000000 -1.284813977367e-05
62.870000000 -1.317292589868e-05
62.880000000 -1.304626471241e-05
62.890000000 -1.365225781319e-05
62.900000000 -1.351954903472e-05
62.910000000 -1.385727367420e-05
62.920000000 -1.416108813742e-05
62.930000000 -1.406625816421e-05
62.940000000 -1.412159908012e-05
62.950000000 -1.408126394005e-05
62.960000000 -1.411627820709e-05
62.970000000 -1.408031774528e-05
62.980000000 -1.412431857494e-05
62.990000000 -1.406167912188e-05
63.000000000 -1.417006575243e-05
63.010000000 -1.384381002097e-05
63.020000000 -1.354220373930e-05
63.030000000 -1.361865448131e-05
63.040000000 -1.310239510833e-05
63.050000000 -1.307294307729e-05
63.060000000 -1.316694421813e-05
63.070000000 -1.283975439030e-05
63.080000000 -1.255378513184e-05
63.090000000 -1.209555921737e-05
63.100000000 -1.215273476928e-05
63.110000000 -1.185050703245e-05
63.120000000 -1.154366741127e-05
63.130000000 -1.160824676433e-05
63.140000000 -1.113656945652e-05
63.150000000 -1.087419818907e-05
63.160000000 -1.050848630062e-05
63.170000000 -1.066374557625e-05
63.180000000 -1.003690124589e-05
63.190000000 -1.018860009594e-05
63.200000000 -9.830292008638e-06
63.210000000 -9.054210612551e-06
63.220000000 -9.106390031046e-06
63.230000000 -9.132447323485e-06
63.240000000 -8.886865837096e-06
63.250000000 -7.986194342175e-06
63.260000000 -8.213578348636e-06
63.270000000 -7.815957505807e-06
63.280000000 -7.065121150702e-06
63.290000000 -7.097764615229e-06
63.300000000 -7.141372306492e-06
63.310000000 -6.876291834570e-06
63.320000000 -6.002010247457e-06
63.330000000 -6.190872193293e-06
63.340000000 -5.850666109693e-06
63.350000000 -5.509408567320e-06
63.360000000 -5.200520744670e-06
63.370000000 -4.821603058516e-06
63.380000000 -4.566130604369e-06
63.390000000 -4.592187896809e-06
63.400000000 -4.153999547763e-06
63.410000000 -3.855630354733e-06
63.420000000 -3.535844328057e-06
63.430000000 -3.626285043307e-06
63.440000000 -3.097625735750e-06
63.450000000 -3.081625098059e-06
63.460000000 -3.159127298844e-06
63.470000000 -2.855012050363e-06
63.480000000 -2.534702612021e-06
63.490000000 -2.131764981458e-06
63.500000000 -2.088010335973e-06
63.510000000 -2.102482944826e-06
63.520000000 -2.112343669322e-06
63.530000000 -2.075992824989e-06
63.540000000 -1.659603801084e-06
63.550000000 -1.361840894982e-06
63.560000000 -1.020661093916e-06
63.570000000 -1.158087020741e-06
63.580000000 -1.045054118106e-06
63.590000000 -6.850132264275e-07
63.600000000 -3.377858331712e-07
63.610000000 -4.911806596832e-08
63.620000000 -1.195212157901e-07
63.630000000 -1.045720368725e-07
63.640000000 4.216001040794e-07
63.650000000 3.366941021432e-07
63.660000000 6.479084015870e-07
63.670000000 9.591227010308e-07
63.680000000 8.752681578672e-07
63.690000000 1.397879873234e-06
63.700000000 1.420232853303e-06
63.710000000 1.336378310140e-06
63.720000000 1.647592609584e-06
63.730000000 1.957755450255e-06
63.740000000 2.376668609201e-06
63.750000000 2.395178213704e-06
63.760000000 2.423578785963e-06
63.770000000 2.329577645128e-06
63.780000000 2.656767472955e-06
63.790000000 3.442995466714e-06
63.800000000 3.400962645891e-06
63.810000000 3.343787093978e-06
63.820000000 3.646014830805e-06
63.830000000 3.952854451989e-06
63.840000000 4.388533834223e-06
63.850000000 4.359952406742e-06
63.860000000 4.623375132962e-06
63.870000000 4.986578054602e-06
63.880000000 4.835162154538e-06
63.890000000 5.457010351474e-06
63.900000000 5.311897673515e-06
63.910000000 5.661634033584e-06
63.920000000 5.949250342014e-06
63.930000000 5.878847192192e-06
63.940000000 5.894847829883e-06
63.950000000 6.417459545250e-06
63.960000000 6.339957344465e-06
63.970000000 6.637720250567e-06
63.980000000 6.971481082252e-06
63.990000000 6.851613445276e-06
64.000000000 6.931381184573e-06
64.010000000 7.361855469334e-06
64.020000000 7.439114241820e-06
64.030000000 7.324141439183e-06
64.040000000 7.649345711865e-06
64.050000000 7.961098591206e-06
64.060000000 7.862624728619e-06
64.070000000 7.916808921758e-06
64.080000000 7.881364651103e-06
64.090000000 7.905844106489e-06
64.100000000 7.886906666910e-06
64.110000000 7.903967152915e-06
64.120000000 7.885029713337e-06
64.130000000 7.909509168722e-06
64.140000000 7.874064898067e-06
64.150000000 7.929300549979e-06
64.160000000 7.829369179353e-06
64.170000000 8.143507926221e-06
64.180000000 8.465050474240e-06
64.190000000 8.355511085839e-06
64.200000000 8.424736710988e-06
64.210000000 8.368320778532e-06
64.220000000 8.425682905760e-06
64.230000000 8.353843049797e-06
64.240000000 8.468172008536e-06
64.250000000 8.137967637513e-06
64.260000000 7.837713599883e-06
64.270000000 7.915516585933e-06
64.280000000 7.894515849903e-06
64.290000000 7.873515113872e-06
64.300000000 7.453162282170e-06
64.310000000 7.147890310915e-06
64.320000000 6.827475608571e-06
64.330000000 6.924691449305e-06
64.340000000 6.880831539819e-06
64.350000000 6.894147425899e-06
64.360000000 6.906411853206e-06
64.370000000 6.365853634007e-06
64.380000000 6.455665673589e-06
64.390000000 6.148702364587e-06
64.400000000 5.820883861091e-06
64.410000000 5.936802858500e-06
64.420000000 5.859438822013e-06
64.430000000 5.928066549776e-06
64.440000000 5.351495236764e-06
64.450000000 5.463853808588e-06
64.460000000 5.143439106244e-06
64.470000000 4.823024403899e-06
64.480000000 4.935382975723e-06
64.490000000 4.860121856782e-06
64.500000000 4.425981882434e-06
64.510000000 4.353512680287e-06
64.520000000 4.459823659920e-06
64.530000000 4.149555555248e-06
64.540000000 3.813165324520e-06
64.550000000 3.950768937326e-06
64.560000000 3.832634637272e-06
64.570000000 3.481583620492e-06
64.580000000 3.121835860435e-06
64.590000000 2.850904069062e-06
64.600000000 2.892831625885e-06
64.610000000 2.934759182707e-06
64.620000000 2.663827391334e-06
64.630000000 2.304079631278e-06
64.640000000 1.953028614497e-06
64.650000000 1.833842855670e-06
64.660000000 1.973955435288e-06
64.670000000 1.632670370221e-06
64.680000000 1.330958824551e-06
64.690000000 1.423279830946e-06
64.700000000 1.373885208146e-06
64.710000000 1.403154822403e-06
64.720000000 8.867666276418e-07
64.730000000 8.921474098772e-07
64.740000000 8.975281921126e-07
64.750000000 8.803472738772e-07
64.760000000 9.121258549462e-07
64.770000000 8.578363978065e-07
64.780000000 9.597654219763e-07
64.790000000 6.405034774833e-07
64.800000000 3.286453341417e-07
64.810000000 -7.929239476161e-08
64.820000000 -1.206433374356e-07
64.830000000 -1.083789101285e-07
64.840000000 -9.506302404872e-08
64.850000000 -1.389229335349e-07
64.860000000 -4.170709280088e-08
64.870000000 -3.621217951449e-07
64.880000000 -6.673937663995e-07
64.890000000 -1.087746598102e-06
64.900000000 -1.108747334132e-06
64.910000000 -1.129748070163e-06
64.920000000 -1.050893625340e-06
64.930000000 -1.353656629782e-06
64.940000000 -1.678966166466e-06
64.950000000 -1.572142307957e-06
64.960000000 -2.132759892791e-06
64.970000000 -2.092526051798e-06
64.980000000 -2.123158363375e-06
64.990000000 -2.095231048899e-06
65.000000000 -2.125863360476e-06
65.010000000 -2.086680978256e-06
65.020000000 -2.144530860980e-06
65.030000000 -2.042601836811e-06
65.040000000 -2.858562091017e-06
65.050000000 -3.177824035510e-06
65.060000000 -3.072051635773e-06
65.070000000 -3.135949110688e-06
65.080000000 -3.087671589569e-06
65.090000000 -3.131770462717e-06
65.100000000 -3.083492941598e-06
65.110000000 -3.147390416513e-06
65.120000000 -3.541876752074e-06
65.130000000 -3.861138696567e-06
65.140000000 -4.176840215475e-06
65.150000000 -4.074911191306e-06
65.160000000 -4.132761074030e-06
65.170000000 -4.093578691810e-06
65.180000000 -4.124211003387e-06
65.190000000 -4.096283688911e-06
65.200000000 -4.126916000488e-06
65.210000000 -4.587992353565e-06
65.220000000 -4.645842236290e-06
65.230000000 -4.543913212120e-06
65.240000000 -4.860666189801e-06
65.250000000 -5.177419167482e-06
65.260000000 -5.076541602085e-06
65.270000000 -5.131882517997e-06
65.280000000 -5.097594970116e-06
65.290000000 -5.119670722690e-06
65.300000000 -5.105733381453e-06
65.310000000 -5.114342572456e-06
65.320000000 -5.109500370117e-06
65.330000000 -5.112061968930e-06
65.340000000 -5.111063142157e-06
65.350000000 -5.111115774158e-06
65.360000000 -5.111168406159e-06
65.370000000 -5.111221038159e-06
65.380000000 -5.111273670160e-06
65.390000000 -5.111326302160e-06
65.400000000 -5.111378934161e-06
65.410000000 -5.111431566161e-06
65.420000000 -5.111484198162e-06
65.430000000 -5.111536830163e-06
65.440000000 -5.111589462163e-06
65.450000000 -5.111642094164e-06
65.460000000 -5.111694726164e-06
65.470000000 -5.111747358165e-06
65.480000000 -5.111799990165e-06
65.490000000 -5.111852622166e-06
65.500000000 -5.112956712939e-06
65.510000000 -5.110500378128e-06
65.520000000 -5.115447844468e-06
65.530000000 -5.106943917466e-06
65.540000000 -5.120986522705e-06
65.550000000 -4.598757298833e-06
65.560000000 -4.633150110715e-06
65.570000000 -4.577914458804e-06
65.580000000 -4.678897288202e-06
65.590000000 -4.363301033295e-06
65.600000000 -4.044144352803e-06
65.610000000 -4.150022016541e-06
65.620000000 -4.086229805627e-06
65.630000000 -4.134612590748e-06
65.640000000 -4.090618981600e-06
65.650000000 -4.139001766721e-06
65.660000000 -4.075209555807e-06
65.670000000 -3.680828484247e-06
65.680000000 -3.361671803755e-06
65.690000000 -3.046075548848e-06
65.700000000 -3.147058378246e-06
65.710000000 -3.092874185108e-06
65.720000000 -3.124758030178e-06
65.730000000 -3.107682375944e-06
65.740000000 -3.113168422180e-06
65.750000000 -3.118654468417e-06
65.760000000 -3.101578814182e-06
65.770000000 -2.633203923955e-06
65.780000000 -2.579019730816e-06
65.790000000 -2.681054018987e-06
65.800000000 -2.361897338495e-06
65.810000000 -2.050144459155e-06
65.820000000 -2.142570729550e-06
65.830000000 -2.101325050878e-06
65.840000000 -2.113694742186e-06
65.850000000 -2.126064433494e-06
65.860000000 -2.084818754821e-06
65.870000000 -2.177245025217e-06
65.880000000 -1.365233410579e-06
65.890000000 -1.046076730087e-06
65.900000000 -1.148111018258e-06
65.910000000 -1.092875366346e-06
65.920000000 -1.127268178229e-06
65.930000000 -1.106349148428e-06
65.940000000 -1.117882786855e-06
65.950000000 -1.114273694192e-06
65.960000000 -1.110664601529e-06
65.970000000 -1.122198239956e-06
65.980000000 -1.101279210156e-06
65.990000000 -6.354132867398e-07
66.000000000 -5.801776348285e-07
66.010000000 -6.822119229995e-07
66.020000000 -3.630552425076e-07
66.030000000 -5.130236316715e-08
66.040000000 -1.437286335630e-07
66.050000000 -1.024829548901e-07
66.060000000 -1.148526461984e-07
66.070000000 -1.272223375066e-07
66.080000000 -8.597665883374e-08
66.090000000 -1.784029292296e-07
66.100000000 1.333499501109e-07
66.110000000 9.527653659008e-07
66.120000000 8.507310777298e-07
66.130000000 9.059667296411e-07
66.140000000 8.715739177588e-07
66.150000000 8.935444063323e-07
66.160000000 8.795018010933e-07
66.170000000 8.869542693225e-07
66.180000000 8.845157697948e-07
66.190000000 8.820772702671e-07
66.200000000 8.895297384964e-07
66.210000000 8.754871332574e-07
66.220000000 8.974576218309e-07
66.230000000 1.363323545247e-06
66.240000000 1.418559197158e-06
66.250000000 1.317576367760e-06
66.260000000 1.634224081439e-06
66.270000000 1.950871795119e-06
66.280000000 1.848837506948e-06
66.290000000 1.906582125671e-06
66.300000000 1.867294479450e-06
66.310000000 1.897821527026e-06
66.320000000 1.869788948548e-06
66.330000000 1.900315996124e-06
66.340000000 1.861028349903e-06
66.350000000 1.918772968626e-06
66.360000000 1.816738680455e-06
66.370000000 2.633645129433e-06
66.380000000 2.950292843113e-06
66.390000000 2.849310013714e-06
66.400000000 2.904545665626e-06
66.410000000 2.870152853743e-06
66.420000000 2.892123342317e-06
66.430000000 2.878080737078e-06
66.440000000 2.886584664080e-06
66.450000000 2.881637197740e-06
66.460000000 2.884093532552e-06
66.470000000 2.882989441778e-06
66.480000000 2.882936809778e-06
66.490000000 2.882884177777e-06
66.500000000 2.881780087004e-06
66.510000000 2.884236421816e-06
66.520000000 2.879288955476e-06
66.530000000 2.887792882478e-06
66.540000000 2.873750277239e-06
66.550000000 2.895720765812e-06
66.560000000 2.861327953930e-06
66.570000000 2.916563605841e-06
66.580000000 2.815580776443e-06
66.590000000 3.132228490123e-06
66.600000000 3.448876203802e-06
66.610000000 3.347893374404e-06
66.620000000 3.403129026315e-06
66.630000000 3.368736214433e-06
66.640000000 3.391758161779e-06
66.650000000 3.375206589728e-06
66.660000000 3.388605351069e-06
66.670000000 3.375101325727e-06
66.680000000 3.391547633777e-06
66.690000000 3.368420422430e-06
66.700000000 3.402707970311e-06
66.710000000 3.348418513171e-06
66.720000000 3.446787111756e-06
66.730000000 3.134928968414e-06
66.740000000 2.809619431731e-06
66.750000000 2.924486970367e-06
66.760000000 2.847122933880e-06
66.770000000 2.915750661643e-06
66.780000000 2.838386625157e-06
66.790000000 2.953254163792e-06
66.800000000 2.627944627109e-06
66.810000000 2.316086483767e-06
66.820000000 1.914196347054e-06
66.830000000 1.859906889914e-06
66.840000000 1.894194437796e-06
66.850000000 1.872118685221e-06
66.860000000 1.886056026459e-06
66.870000000 1.877446835456e-06
66.880000000 1.882289037795e-06
66.890000000 1.879727438982e-06
66.900000000 1.881777724527e-06
66.910000000 1.879216125714e-06
66.920000000 1.884058328053e-06
66.930000000 1.875449137050e-06
66.940000000 1.889386478287e-06
66.950000000 1.867310725713e-06
66.960000000 1.901598273594e-06
66.970000000 1.846257357682e-06
66.980000000 1.947134923079e-06
66.990000000 1.631433404171e-06
67.000000000 1.312171459677e-06
67.010000000 9.176851241159e-07
67.020000000 8.537876492010e-07
67.030000000 9.020651703206e-07
67.040000000 8.579662971719e-07
67.050000000 9.062438182915e-07
67.060000000 8.423463433766e-07
67.070000000 9.481187431131e-07
67.080000000 6.288567986200e-07
67.090000000 3.131552797119e-07
67.100000000 4.140328451090e-07
67.110000000 3.586919291966e-07
67.120000000 3.929794770778e-07
67.130000000 3.709037245031e-07
67.140000000 3.848410657410e-07
67.150000000 3.762318747379e-07
67.160000000 3.810740770767e-07
67.170000000 3.785124782640e-07
67.180000000 3.795113050361e-07
67.190000000 -1.208000622625e-07
67.200000000 -1.208526942631e-07
67.210000000 -1.198538674910e-07
67.220000000 -1.224154663037e-07
67.230000000 -1.175732639650e-07
67.240000000 -1.261824549680e-07
67.250000000 -1.122451137302e-07
67.260000000 -1.343208663048e-07
67.270000000 -1.000333184236e-07
67.280000000 -1.553742343361e-07
67.290000000 -5.449666893890e-08
67.300000000 -3.712496466198e-07
67.310000000 -6.880026243006e-07
67.320000000 -5.871250589035e-07
67.330000000 -6.424659748159e-07
67.340000000 -6.081784269347e-07
67.350000000 -6.302541795094e-07
67.360000000 -6.163168382715e-07
67.370000000 -1.125184764573e-06
67.380000000 -1.120342562234e-06
67.390000000 -1.122904161047e-06
67.400000000 -1.121905334274e-06
67.410000000 -1.121957966275e-06
67.420000000 -1.122010598276e-06
67.430000000 -1.122063230276e-06
67.440000000 -1.122115862277e-06
67.450000000 -1.122168494277e-06
67.460000000 -1.122221126278e-06
67.470000000 -1.122273758278e-06
67.480000000 -1.122326390279e-06
67.490000000 -1.122379022280e-06
67.500000000 -1.122431654280e-06
67.510000000 -1.122484286281e-06
67.520000000 -1.122536918281e-06
67.530000000 -1.122589550282e-06
67.540000000 -1.122642182282e-06
67.550000000 -1.122694814283e-06
67.560000000 -1.122747446284e-06
67.570000000 -1.623058813582e-06
67.580000000 -1.623111445583e-06
67.590000000 -1.622112618811e-06
67.600000000 -1.624674217623e-06
67.610000000 -1.619832015285e-06
67.620000000 -1.628441206288e-06
67.630000000 -1.614503865050e-06
67.640000000 -1.636579617624e-06
67.650000000 -1.602292069743e-06
67.660000000 -1.657632985656e-06
67.670000000 -1.556755420259e-06
67.680000000 -1.873508397939e-06
67.690000000 -2.190261375620e-06
67.700000000 -2.089383810223e-06
67.710000000 -2.144724726136e-06
67.720000000 -2.110437178254e-06
67.730000000 -2.132512930829e-06
67.740000000 -2.118575589591e-06
67.750000000 -2.127184780594e-06
67.760000000 -2.122342578255e-06
67.770000000 -2.124904177068e-06
67.780000000 -2.123905350296e-06
67.790000000 -2.123957982297e-06
67.800000000 -2.124010614297e-06
67.810000000 -2.124063246298e-06
67.820000000 -2.124115878298e-06
67.830000000 -2.124168510299e-06
67.840000000 -2.124221142299e-06
67.850000000 -2.124273774300e-06
67.860000000 -2.124326406301e-06
67.870000000 -2.124379038301e-06
67.880000000 -2.124431670302e-06
67.890000000 -2.124484302302e-06
67.900000000 -2.124536934303e-06
67.910000000 -2.124589566303e-06
67.920000000 -2.124642198304e-06
67.930000000 -2.124694830305e-06
67.940000000 -2.124747462305e-06
67.950000000 -2.124800094306e-06
67.960000000 -2.124852726306e-06
67.970000000 -2.124905358307e-06
67.980000000 -2.124957990307e-06
67.990000000 -2.125010622308e-06
68.000000000 -2.125063254309e-06
68.010000000 -2.125115886309e-06
68.020000000 -2.125168518310e-06
68.030000000 -2.126272609083e-06
68.040000000 -2.123816274271e-06
68.050000000 -2.128763740611e-06
68.060000000 -2.120259813609e-06
68.070000000 -1.634043683550e-06
68.080000000 -1.612073194977e-06
68.090000000 -1.646466006859e-06
68.100000000 -1.591230354948e-06
68.110000000 -1.692213184346e-06
68.120000000 -1.375565470666e-06
68.130000000 -1.058917756987e-06
68.140000000 -1.159900586385e-06
68.150000000 -1.104664934474e-06
68.160000000 -1.139057746356e-06
68.170000000 -1.117087257782e-06
68.180000000 -1.131129863021e-06
68.190000000 -1.122625936020e-06
68.200000000 -1.127573402359e-06
68.210000000 -1.125117067548e-06
68.220000000 -1.126221158321e-06
68.230000000 -1.126273790322e-06
68.240000000 -1.127377881095e-06
68.250000000 -1.124921546283e-06
68.260000000 -1.129869012623e-06
68.270000000 -1.121365085621e-06
68.280000000 -1.135407690860e-06
68.290000000 -1.113437202287e-06
68.300000000 -1.147830014169e-06
68.310000000 -1.092594362258e-06
68.320000000 -1.193577191656e-06
68.330000000 -8.769294779763e-07
68.340000000 -5.602817642966e-07
68.350000000 -1.610058583968e-07
68.360000000 -1.057702064856e-07
68.370000000 -1.401630183679e-07
68.380000000 -1.181925297944e-07
68.390000000 -1.322351350334e-07
68.400000000 -1.237312080315e-07
68.410000000 -1.286786743713e-07
68.420000000 -1.262223395597e-07
68.430000000 -1.273264303330e-07
68.440000000 -1.273790623335e-07
68.450000000 -1.274316943341e-07
68.460000000 -1.274843263347e-07
68.470000000 -1.275369583352e-07
68.480000000 -1.275895903358e-07
68.490000000 -1.276422223364e-07
68.500000000 -1.276948543369e-07
68.510000000 -1.277474863375e-07
68.520000000 -1.278001183381e-07
68.530000000 -1.278527503387e-07
68.540000000 -1.279053823392e-07
68.550000000 -1.279580143398e-07
68.560000000 -1.280106463404e-07
68.570000000 -1.280632783409e-07
68.580000000 -1.281159103415e-07
68.590000000 -1.292200011147e-07
68.600000000 -1.267636663032e-07
68.610000000 -1.317111326430e-07
68.620000000 -1.232072056411e-07
68.630000000 3.630089244179e-07
68.640000000 3.849794129914e-07
68.650000000 3.505866011091e-07
68.660000000 4.058222530204e-07
68.670000000 3.048394236221e-07
68.680000000 6.214871373018e-07
68.690000000 9.381348509816e-07
68.700000000 8.371520215833e-07
68.710000000 8.923876734946e-07
68.720000000 8.579948616123e-07
68.730000000 8.799653501858e-07
68.740000000 8.659227449468e-07
68.750000000 8.744266719487e-07
68.760000000 8.694792056088e-07
68.770000000 8.719355404204e-07
68.780000000 8.708314496471e-07
68.790000000 8.707788176466e-07
68.800000000 8.707261856460e-07
68.810000000 8.706735536454e-07
68.820000000 8.706209216449e-07
68.830000000 8.705682896443e-07
68.840000000 8.705156576437e-07
68.850000000 8.704630256432e-07
68.860000000 8.704103936426e-07
68.870000000 8.693063028694e-07
68.880000000 8.717626376809e-07
68.890000000 8.668151713411e-07
68.900000000 8.753190983430e-07
68.910000000 8.612764931040e-07
68.920000000 8.832469816775e-07
68.930000000 8.488541697952e-07
68.940000000 9.040898217065e-07
68.950000000 8.031069923082e-07
68.960000000 1.120806164761e-06
68.970000000 1.434944911628e-06
68.980000000 1.338856916569e-06
68.990000000 1.385536009478e-06
69.000000000 1.365133170834e-06
69.010000000 1.365080538834e-06
69.020000000 1.385378113476e-06
69.030000000 1.338593756566e-06
69.040000000 1.434576487624e-06
69.050000000 1.120332476755e-06
69.060000000 8.025280403019e-07
69.070000000 9.034056056991e-07
69.080000000 8.480646897867e-07
69.090000000 8.823522376678e-07
69.100000000 8.602764850932e-07
69.110000000 8.742138263311e-07
69.120000000 8.656046353280e-07
69.130000000 8.704468376667e-07
69.140000000 8.678852388540e-07
69.150000000 8.688840656261e-07
69.160000000 8.688314336256e-07
69.170000000 8.687788016250e-07
69.180000000 8.687261696244e-07
69.190000000 8.686735376239e-07
69.200000000 8.686209056233e-07
69.210000000 8.685682736227e-07
69.220000000 8.685156416222e-07
69.230000000 8.684630096216e-07
69.240000000 8.684103776210e-07
69.250000000 8.683577456205e-07
69.260000000 8.683051136199e-07
69.270000000 8.682524816193e-07
69.280000000 8.681998496188e-07
69.290000000 8.681472176182e-07
69.300000000 8.680945856176e-07
69.310000000 8.680419536170e-07
69.320000000 8.679893216165e-07
69.330000000 8.689881483886e-07
69.340000000 8.664265495759e-07
69.350000000 8.712687519146e-07
69.360000000 8.626595609115e-07
69.370000000 8.765969021494e-07
69.380000000 8.545211495748e-07
69.390000000 8.888086974559e-07
69.400000000 8.334677815435e-07
69.410000000 9.343453469407e-07
69.420000000 6.175923692598e-07
69.430000000 3.008393915789e-07
69.440000000 4.017169569761e-07
69.450000000 3.463760410637e-07
69.460000000 3.806635889449e-07
69.470000000 3.585878363702e-07
69.480000000 3.725251776081e-07
69.490000000 -1.363427486930e-07
69.500000000 -1.315005463543e-07
69.510000000 -1.340621451670e-07
69.520000000 -1.330633183949e-07
69.530000000 -1.331159503954e-07
69.540000000 -1.331685823960e-07
69.550000000 -1.332212143966e-07
69.560000000 -1.332738463972e-07
69.570000000 -1.333264783977e-07
69.580000000 -1.333791103983e-07
69.590000000 -1.334317423989e-07
69.600000000 -1.334843743994e-07
69.610000000 -1.335370064000e-07
69.620000000 -1.335896384006e-07
69.630000000 -1.336422704011e-07
69.640000000 -1.336949024017e-07
69.650000000 -1.337475344023e-07
69.660000000 -1.338001664028e-07
69.670000000 -1.338527984034e-07
69.680000000 -1.339054304040e-07
69.690000000 -1.339580624045e-07
69.700000000 -1.340106944051e-07
69.710000000 -1.340633264057e-07
69.720000000 -1.341159584062e-07
69.730000000 -1.341685904068e-07
69.740000000 -1.342212224074e-07
69.750000000 -1.342738544079e-07
69.760000000 -1.343264864085e-07
69.770000000 -1.343791184091e-07
69.780000000 -1.344317504096e-07
69.790000000 -1.344843824102e-07
69.800000000 -1.345370144108e-07
69.810000000 -1.345896464114e-07
69.820000000 -1.346422784119e-07
69.830000000 -1.346949104125e-07
69.840000000 -1.347475424131e-07
69.850000000 -1.348001744136e-07
69.860000000 -1.348528064142e-07
69.870000000 -1.349054384148e-07
69.880000000 -1.349580704153e-07
69.890000000 -1.350107024159e-07
69.900000000 -1.350633344165e-07
69.910000000 -1.351159664170e-07
69.920000000 -1.351685984176e-07
69.930000000 -1.352212304182e-07
69.940000000 -1.352738624187e-07
69.950000000 -6.355852297173e-07
69.960000000 -6.356378617179e-07
69.970000000 -6.346390349458e-07
69.980000000 -6.372006337585e-07
69.990000000 -6.323584314198e-07
70.000000000 -6.409676224228e-07
70.010000000 -6.270302811850e-07
70.020000000 -6.491060337596e-07
70.030000000 -6.148184858784e-07
70.040000000 -6.701594017909e-07
70.050000000 -5.692818363937e-07
70.060000000 -8.860348140746e-07
70.070000000 -1.202787791755e-06
70.080000000 -1.101910226358e-06
70.090000000 -1.157251142271e-06
70.100000000 -1.122963594390e-06
70.110000000 -1.145039346964e-06
70.120000000 -1.131102005726e-06
70.130000000 -1.139711196729e-06
70.140000000 -1.134868994391e-06
70.150000000 -1.137430593203e-06
70.160000000 -1.136431766431e-06
70.170000000 -1.136484398432e-06
70.180000000 -1.136537030432e-06
70.190000000 -1.136589662433e-06
70.200000000 -1.136642294434e-06
70.210000000 -1.136694926434e-06
70.220000000 -1.136747558435e-06
70.230000000 -1.136800190435e-06
70.240000000 -1.136852822436e-06
70.250000000 -1.136905454436e-06
70.260000000 -1.136958086437e-06
70.270000000 -1.137010718437e-06
70.280000000 -1.137063350438e-06
70.290000000 -1.137115982439e-06
70.300000000 -1.137168614439e-06
70.310000000 -1.137221246440e-06
70.320000000 -1.137273878440e-06
70.330000000 -1.137326510441e-06
70.340000000 -1.137379142441e-06
70.350000000 -1.137431774442e-06
70.360000000 -1.137484406443e-06
70.370000000 -1.138588497216e-06
70.380000000 -1.136132162404e-06
70.390000000 -1.141079628744e-06
70.400000000 -1.132575701742e-06
70.410000000 -1.146618306981e-06
70.420000000 -1.124647818408e-06
70.430000000 -1.159040630290e-06
70.440000000 -1.103804978379e-06
70.450000000 -1.204787807777e-06
70.460000000 -8.881400940973e-07
70.470000000 -5.714923804176e-07
70.480000000 -6.724752098159e-07
70.490000000 -6.172395579046e-07
70.500000000 -6.516323697869e-07
70.510000000 -6.296618812134e-07
70.520000000 -6.437044864524e-07
70.530000000 -6.352005594505e-07
70.540000000 -6.401480257903e-07
70.550000000 -6.376916909787e-07
70.560000000 -6.387957817520e-07
70.570000000 -1.385896784545e-07
70.580000000 -1.386423104551e-07
70.590000000 -1.386949424557e-07
70.600000000 -1.387475744562e-07
70.610000000 -1.388002064568e-07
70.620000000 -1.388528384574e-07
70.630000000 -1.389054704579e-07
70.640000000 -1.389581024585e-07
70.650000000 -1.390107344591e-07
70.660000000 -1.390633664596e-07
70.670000000 -1.391159984602e-07
70.680000000 -1.391686304608e-07
70.690000000 -1.392212624613e-07
70.700000000 -1.392738944619e-07
70.710000000 -1.393265264625e-07
70.720000000 -1.393791584630e-07
70.730000000 -1.394317904636e-07
70.740000000 -1.394844224642e-07
70.750000000 -1.395370544647e-07
70.760000000 -1.395896864653e-07
70.770000000 -1.396423184659e-07
70.780000000 -1.396949504664e-07
70.790000000 -1.397475824670e-07
70.800000000 -1.398002144676e-07
70.810000000 -1.398528464682e-07
70.820000000 -1.399054784687e-07
70.830000000 -1.399581104693e-07
70.840000000 -1.400107424699e-07
70.850000000 -1.400633744704e-07
70.860000000 -1.401160064710e-07
70.870000000 -1.401686384716e-07
70.880000000 -1.402212704721e-07
70.890000000 -1.402739024727e-07
70.900000000 -1.403265344733e-07
70.910000000 -1.403791664738e-07
70.920000000 -1.404317984744e-07
70.930000000 -1.404844304750e-07
70.940000000 -1.405370624755e-07
70.950000000 -1.405896944761e-07
70.960000000 -1.406423264767e-07
70.970000000 -1.406949584772e-07
70.980000000 -1.407475904778e-07
70.990000000 -1.408002224784e-07
71.000000000 -1.408528544789e-07
71.010000000 -1.409054864795e-07
71.020000000 -1.409581184801e-07
71.030000000 -1.410107504806e-07
71.040000000 -1.410633824812e-07
71.050000000 -1.411160144818e-07
71.060000000 -1.411686464824e-07
71.070000000 -1.412212784829e-07
71.080000000 -1.412739104835e-07
71.090000000 -1.413265424841e-07
71.100000000 -1.413791744846e-07
71.110000000 -1.414318064852e-07
71.120000000 -1.414844384858e-07
71.130000000 -1.415370704863e-07
71.140000000 -1.415897024869e-07
71.150000000 -1.416423344875e-07
71.160000000 -1.416949664880e-07
71.170000000 -1.417475984886e-07
71.180000000 -1.418002304892e-07
71.190000000 -1.429043212624e-07
71.200000000 -1.404479864508e-07
71.210000000 -1.453954527907e-07
71.220000000 -1.368915257888e-07
71.230000000 -1.509341310278e-07
71.240000000 -1.289636424543e-07
71.250000000 -1.633564543366e-07
71.260000000 -1.081208024253e-07
71.270000000 -2.091036318236e-07
71.280000000 1.075440818561e-07
71.290000000 4.241917955359e-07
71.300000000 3.232089661376e-07
71.310000000 3.794960768215e-07
71.320000000 3.425942981271e-07
71.330000000 3.694596210399e-07
71.340000000 3.468604567984e-07
71.350000000 3.693543570387e-07
71.360000000 3.423837701248e-07
71.370000000 3.791802848181e-07
71.380000000 3.227879101330e-07
71.390000000 4.236654755302e-07
71.400000000 1.069124978493e-07
71.410000000 -2.098404798315e-07
71.420000000 -1.089629144344e-07
71.430000000 -1.643038303468e-07
71.440000000 -1.300162824656e-07
71.450000000 -1.520920350403e-07
71.460000000 -1.381546938024e-07
71.470000000 -1.467638848055e-07
71.480000000 -1.419216824667e-07
71.490000000 -1.444832812794e-07
71.500000000 -1.434844545073e-07
71.510000000 -1.435370865079e-07
71.520000000 -1.446411772812e-07
71.530000000 -1.421848424696e-07
71.540000000 -1.471323088094e-07
71.550000000 -1.386283818075e-07
71.560000000 -1.526709870465e-07
71.570000000 -1.307004984730e-07
71.580000000 -1.650933103553e-07
71.590000000 -1.098576584440e-07
71.600000000 -2.108404878423e-07
71.610000000 1.058072258374e-07
71.620000000 4.235063982898e-07
71.630000000 3.200146020794e-07
71.640000000 3.801450883299e-07
71.650000000 3.371957174451e-07
71.660000000 3.731561792571e-07
71.670000000 3.370904534440e-07
71.680000000 3.799345603277e-07
71.690000000 3.196988100759e-07
71.700000000 4.230853422853e-07
71.710000000 1.052809058317e-07
71.720000000 -2.114720718492e-07
71.730000000 -1.105945064520e-07
71.740000000 -1.659354223644e-07
71.750000000 -1.316478744832e-07
71.760000000 -1.537236270579e-07
71.770000000 -1.397862858200e-07
71.780000000 -1.483954768231e-07
71.790000000 -1.435532744843e-07
71.800000000 -1.461148732971e-07
71.810000000 -1.451160465250e-07
71.820000000 -1.451686785255e-07
71.830000000 -1.452213105261e-07
71.840000000 -1.452739425267e-07
71.850000000 -1.453265745272e-07
71.860000000 -1.453792065278e-07
71.870000000 -1.454318385284e-07
71.880000000 -1.454844705289e-07
71.890000000 -1.455371025295e-07
71.900000000 -1.455897345301e-07
71.910000000 -1.456423665306e-07
71.920000000 -1.456949985312e-07
71.930000000 -1.457476305318e-07
71.940000000 -1.458002625323e-07
71.950000000 -1.458528945329e-07
71.960000000 -1.459055265335e-07
71.970000000 -1.459581585340e-07
71.980000000 -1.460107905346e-07
71.990000000 -1.460634225352e-07
72.000000000 -1.461160545357e-07
72.010000000 -1.461686865363e-07
72.020000000 -1.462213185369e-07
72.030000000 -1.462739505374e-07
72.040000000 -1.463265825380e-07
72.050000000 -1.463792145386e-07
72.060000000 -1.464318465392e-07
72.070000000 -1.464844785397e-07
72.080000000 -1.465371105403e-07
72.090000000 -1.465897425409e-07
72.100000000 -1.466423745414e-07
72.110000000 -1.466950065420e-07
72.120000000 -1.467476385426e-07
72.130000000 -1.468002705431e-07
72.140000000 -1.468529025437e-07
72.150000000 -1.469055345443e-07
72.160000000 -1.469581665448e-07
72.170000000 -1.470107985454e-07
72.180000000 -1.470634305460e-07
72.190000000 -1.471160625465e-07
72.200000000 -1.471686945471e-07
72.210000000 -1.472213265477e-07
72.220000000 -1.472739585482e-07
72.230000000 -1.473265905488e-07
72.240000000 -1.473792225494e-07
72.250000000 -1.474318545499e-07
72.260000000 -1.474844865505e-07
72.270000000 -1.475371185511e-07
72.280000000 -1.475897505516e-07
72.290000000 -1.476423825522e-07
72.300000000 -1.476950145528e-07
72.310000000 -1.477476465533e-07
72.320000000 -1.478002785539e-07
72.330000000 -1.478529105545e-07
72.340000000 -1.479055425551e-07
72.350000000 -1.479581745556e-07
72.360000000 -1.480108065562e-07
72.370000000 -1.480634385568e-07
72.380000000 -1.481160705573e-07
72.390000000 -1.481687025579e-07
72.400000000 -1.482213345585e-07
72.410000000 -1.482739665590e-07
72.420000000 -1.483265985596e-07
72.430000000 -1.483792305602e-07
72.440000000 -1.484318625607e-07
72.450000000 -1.484844945613e-07
72.460000000 -1.485371265619e-07
72.470000000 -1.485897585624e-07
72.480000000 -1.486423905630e-07
72.490000000 -1.486950225636e-07
72.500000000 -1.487476545641e-07
72.510000000 -1.488002865647e-07
72.520000000 -1.488529185653e-07
72.530000000 -1.489055505658e-07
72.540000000 -1.489581825664e-07
72.550000000 -1.490108145670e-07
72.560000000 -1.490634465675e-07
72.570000000 -1.491160785681e-07
72.580000000 -1.491687105687e-07
72.590000000 -1.492213425693e-07
72.600000000 -1.492739745698e-07
72.610000000 -1.493266065704e-07
72.620000000 -1.493792385710e-07
72.630000000 -1.494318705715e-07
72.640000000 -1.494845025721e-07
72.650000000 -1.495371345727e-07
72.660000000 -1.495897665732e-07
72.670000000 -1.496423985738e-07
72.680000000 -1.496950305744e-07
72.690000000 -1.497476625749e-07
72.700000000 -1.498002945755e-07
72.710000000 -1.498529265761e-07
72.720000000 -1.499055585766e-07
72.730000000 -1.499581905772e-07
72.740000000 -1.500108225778e-07
72.750000000 -1.500634545783e-07
72.760000000 -1.501160865789e-07
72.770000000 -1.501687185795e-07
72.780000000 -1.502213505800e-07
72.790000000 -1.502739825806e-07
72.800000000 -1.503266145812e-07
72.810000000 -1.503792465817e-07
72.820000000 -1.504318785823e-07
72.830000000 -1.504845105829e-07
72.840000000 -1.505371425835e-07
72.850000000 -1.505897745840e-07
72.860000000 -1.506424065846e-07
72.870000000 -1.506950385852e-07
72.880000000 -1.507476705857e-07
72.890000000 -1.508003025863e-07
72.900000000 -1.508529345869e-07
72.910000000 -1.509055665874e-07
72.920000000 -1.509581985880e-07
72.930000000 -1.510108305886e-07
72.940000000 -1.510634625891e-07
72.950000000 -1.511160945897e-07
72.960000000 -1.511687265903e-07
72.970000000 -1.512213585908e-07
72.980000000 -1.512739905914e-07
72.990000000 -1.513266225920e-07
73.000000000 -1.513792545925e-07
73.010000000 -1.514318865931e-07
73.020000000 -1.514845185937e-07
73.030000000 -1.515371505942e-07
73.040000000 -1.515897825948e-07
73.050000000 -1.516424145954e-07
73.060000000 -1.516950465959e-07
73.070000000 -1.517476785965e-07
73.080000000 -1.518003105971e-07
73.090000000 -1.518529425977e-07
73.100000000 -1.519055745982e-07
73.110000000 -1.519582065988e-07
73.120000000 -1.520108385994e-07
73.130000000 -1.520634705999e-07
73.140000000 -1.521161026005e-07
73.150000000 -1.521687346011e-07
73.160000000 -1.522213666016e-07
73.170000000 -1.522739986022e-07
73.180000000 -1.533780893754e-07
73.190000000 -1.509217545639e-07
73.200000000 -1.548177621310e-07
73.210000000 -1.488228019413e-07
73.220000000 -1.579705728410e-07
73.230000000 -1.445566432700e-07
73.240000000 -1.649594819138e-07
73.250000000 -1.317469505766e-07
73.260000000 -1.983896000932e-07
73.270000000 6.296982967469e-08
73.280000000 4.805477407522e-07
73.290000000 6.286456567355e-08
73.300000000 -1.986001280955e-07
73.310000000 -1.320627425800e-07
73.320000000 -1.653805379184e-07
73.330000000 -1.450829632756e-07
73.340000000 -1.586021568478e-07
73.350000000 -1.495596499492e-07
73.360000000 -1.556598741401e-07
73.370000000 -1.518691305741e-07
73.380000000 -1.544307293868e-07
73.390000000 -1.534319026147e-07
73.400000000 -1.534845346153e-07
73.410000000 -1.535371666158e-07
73.420000000 -1.535897986164e-07
73.430000000 -1.536424306170e-07
73.440000000 -1.536950626175e-07
73.450000000 -1.537476946181e-07
73.460000000 -1.538003266187e-07
73.470000000 -1.538529586192e-07
73.480000000 -1.539055906198e-07
73.490000000 -1.539582226204e-07
73.500000000 -1.540108546209e-07
73.510000000 -1.540634866215e-07
73.520000000 -1.541161186221e-07
73.530000000 -1.541687506226e-07
73.540000000 -1.542213826232e-07
73.550000000 -1.542740146238e-07
73.560000000 -1.543266466243e-07
73.570000000 -1.543792786249e-07
73.580000000 -1.544319106255e-07
73.590000000 -1.544845426261e-07
73.600000000 -1.545371746266e-07
73.610000000 -1.545898066272e-07
73.620000000 -1.546424386278e-07
73.630000000 -1.546950706283e-07
73.640000000 -1.547477026289e-07
73.650000000 -1.548003346295e-07
73.660000000 -1.548529666300e-07
73.670000000 -1.549055986306e-07
73.680000000 -1.549582306312e-07
73.690000000 -1.550108626317e-07
73.700000000 -1.550634946323e-07
73.710000000 -1.551161266329e-07
73.720000000 -1.551687586334e-07
73.730000000 -1.552213906340e-07
73.740000000 -1.552740226346e-07
73.750000000 -1.553266546351e-07
73.760000000 -1.553792866357e-07
73.770000000 -1.554319186363e-07
73.780000000 -1.554845506368e-07
73.790000000 -1.555371826374e-07
73.800000000 -1.555898146380e-07
73.810000000 -1.556424466385e-07
73.820000000 -1.556950786391e-07
73.830000000 -1.557477106397e-07
73.840000000 -1.558003426403e-07
73.850000000 -1.558529746408e-07
73.860000000 -1.559056066414e-07
73.870000000 -1.559582386420e-07
73.880000000 -1.560108706425e-07
73.890000000 -1.560635026431e-07
73.900000000 -1.561161346437e-07
73.910000000 -1.561687666442e-07
73.920000000 -1.562213986448e-07
73.930000000 -1.562740306454e-07
73.940000000 -1.563266626459e-07
73.950000000 -1.563792946465e-07
73.960000000 -1.564319266471e-07
73.970000000 -1.564845586476e-07
73.980000000 -1.565371906482e-07
73.990000000 -1.565898226488e-07
74.000000000 -1.566424546493e-07
74.010000000 -1.566950866499e-07
74.020000000 -1.567477186505e-07
74.030000000 -1.568003506510e-07
74.040000000 -1.568529826516e-07
74.050000000 -1.569056146522e-07
74.060000000 -1.569582466527e-07
74.070000000 -1.570108786533e-07
74.080000000 -1.570635106539e-07
74.090000000 -1.571161426545e-07
74.100000000 -1.571687746550e-07
74.110000000 -1.572214066556e-07
74.120000000 -1.572740386562e-07
74.130000000 -1.573266706567e-07
74.140000000 -1.573793026573e-07
74.150000000 -1.574319346579e-07
74.160000000 -1.574845666584e-07
74.170000000 -1.575371986590e-07
74.180000000 -1.575898306596e-07
74.190000000 -1.576424626601e-07
74.200000000 -1.576950946607e-07
74.210000000 -1.577477266613e-07
74.220000000 -1.578003586618e-07
74.230000000 -1.578529906624e-07
74.240000000 -1.579056226630e-07
74.250000000 -1.579582546635e-07
74.260000000 -1.580108866641e-07
74.270000000 -1.580635186647e-07
74.280000000 -1.581161506652e-07
74.290000000 -1.581687826658e-07
74.300000000 -1.582214146664e-07
74.310000000 -1.582740466669e-07
74.320000000 -1.583266786675e-07
74.330000000 -1.583793106681e-07
74.340000000 -1.584319426687e-07
74.350000000 -1.584845746692e-07
74.360000000 -1.585372066698e-07
74.370000000 -1.585898386704e-07
74.380000000 -1.586424706709e-07
74.390000000 -1.586951026715e-07
74.400000000 -1.587477346721e-07
74.410000000 -1.588003666726e-07
74.420000000 -1.588529986732e-07
74.430000000 -1.589056306738e-07
74.440000000 -1.589582626743e-07
74.450000000 -1.590108946749e-07
74.460000000 -1.590635266755e-07
74.470000000 -1.591161586760e-07
74.480000000 -1.591687906766e-07
74.490000000 -1.592214226772e-07
74.500000000 -1.592740546777e-07
74.510000000 -1.593266866783e-07
74.520000000 -1.593793186789e-07
74.530000000 -1.594319506794e-07
74.540000000 -1.594845826800e-07
74.550000000 -1.595372146806e-07
74.560000000 -1.595898466811e-07
74.570000000 -1.596424786817e-07
74.580000000 -1.596951106823e-07
74.590000000 -1.597477426829e-07
74.600000000 -1.598003746834e-07
74.610000000 -1.598530066840e-07
74.620000000 -1.599056386846e-07
74.630000000 -1.599582706851e-07
74.640000000 -1.600109026857e-07
74.650000000 -1.600635346863e-07
74.660000000 -1.601161666868e-07
74.670000000 -1.601687986874e-07
74.680000000 -1.602214306880e-07
74.690000000 -1.602740626885e-07
74.700000000 -1.603266946891e-07
74.710000000 -1.603793266897e-07
74.720000000 -1.604319586902e-07
74.730000000 -1.604845906908e-07
74.740000000 -1.605372226914e-07
74.750000000 -1.605898546919e-07
74.760000000 -1.606424866925e-07
74.770000000 -1.606951186931e-07
74.780000000 -1.607477506936e-07
74.790000000 -1.608003826942e-07
74.800000000 -1.608530146948e-07
74.810000000 -1.609056466953e-07
74.820000000 -1.609582786959e-07
74.830000000 -1.610109106965e-07
74.840000000 -1.610635426971e-07
74.850000000 -1.611161746976e-07
74.860000000 -1.611688066982e-07
74.870000000 -1.612214386988e-07
74.880000000 -1.612740706993e-07
74.890000000 -1.613267026999e-07
74.900000000 -1.613793347005e-07
74.910000000 -1.614319667010e-07
74.920000000 -1.614845987016e-07
74.930000000 -1.615372307022e-07
74.940000000 -1.615898627027e-07
74.950000000 -1.616424947033e-07
74.960000000 -1.616951267039e-07
74.970000000 -1.617477587044e-07
74.980000000 -1.618003907050e-07
74.990000000 -1.618530227056e-07
75.000000000 -1.619056547061e-07
75.010000000 -1.619582867067e-07
75.020000000 -1.620109187073e-07
75.030000000 -1.620635507078e-07
75.040000000 -1.621161827084e-07
75.050000000 -1.621688147090e-07
75.060000000 -1.622214467095e-07
75.070000000 -1.622740787101e-07
75.080000000 -1.623267107107e-07
75.090000000 -1.623793427113e-07
75.100000000 -1.624319747118e-07
75.110000000 -1.624846067124e-07
75.120000000 -1.625372387130e-07
75.130000000 -1.625898707135e-07
75.140000000 -1.626425027141e-07
75.150000000 -1.626951347147e-07
75.160000000 -1.627477667152e-07
75.170000000 -1.628003987158e-07
75.180000000 -1.628530307164e-07
75.190000000 -1.629056627169e-07
75.200000000 -1.629582947175e-07
75.210000000 -1.630109267181e-07
75.220000000 -1.630635587186e-07
75.230000000 -1.631161907192e-07
75.240000000 -1.631688227198e-07
75.250000000 -1.632214547203e-07
75.260000000 -1.632740867209e-07
75.270000000 -1.633267187215e-07
75.280000000 -1.633793507220e-07
75.290000000 -1.634319827226e-07
75.300000000 -1.634846147232e-07
75.310000000 -1.635372467237e-07
75.320000000 -1.635898787243e-07
75.330000000 -1.636425107249e-07
75.340000000 -1.636951427254e-07
75.350000000 -1.637477747260e-07
75.360000000 -1.638004067266e-07
75.370000000 -1.638530387272e-07
75.380000000 -1.639056707277e-07
75.390000000 -1.639583027283e-07
75.400000000 -1.640109347289e-07
75.410000000 -1.640635667294e-07
75.420000000 -1.641161987300e-07
75.430000000 -1.652202895032e-07
75.440000000 -1.627639546917e-07
75.450000000 -1.677114210315e-07
75.460000000 -1.592074940296e-07
75.470000000 -1.732500992686e-07
75.480000000 -1.502281519224e-07
75.490000000 -1.871299306169e-07
75.500000000 -1.269994443663e-07
75.510000000 -2.365388327671e-07
75.520000000 9.409885415108e-08
75.530000000 3.887234472567e-07
75.540000000 3.220807977402e-07
75.550000000 3.220281657396e-07
75.560000000 3.885655512550e-07
75.570000000 9.383569414824e-08
75.580000000 -2.369072567711e-07
75.590000000 -1.274731323714e-07
75.600000000 -1.877088826231e-07
75.610000000 -1.509123679298e-07
75.620000000 -1.740395792771e-07
75.630000000 -1.601022380393e-07
75.640000000 -1.687114290423e-07
75.650000000 -1.638692267036e-07
75.660000000 -1.664308255163e-07
75.670000000 -1.654319987442e-07
75.680000000 -1.654846307448e-07
75.690000000 -1.655372627453e-07
75.700000000 -1.655898947459e-07
75.710000000 -1.656425267465e-07
75.720000000 -1.656951587470e-07
75.730000000 -1.657477907476e-07
75.740000000 -1.658004227482e-07
75.750000000 -1.658530547487e-07
75.760000000 -1.659056867493e-07
75.770000000 -1.659583187499e-07
75.780000000 -1.660109507504e-07
75.790000000 -1.660635827510e-07
75.800000000 -1.661162147516e-07
75.810000000 -1.661688467521e-07
75.820000000 -1.662214787527e-07
75.830000000 -1.662741107533e-07
75.840000000 -1.663267427538e-07
75.850000000 -1.663793747544e-07
75.860000000 -1.664320067550e-07
75.870000000 -1.664846387556e-07
75.880000000 -1.665372707561e-07
75.890000000 -1.665899027567e-07
75.900000000 -1.666425347573e-07
75.910000000 -1.666951667578e-07
75.920000000 -1.667477987584e-07
75.930000000 -1.668004307590e-07
75.940000000 -1.668530627595e-07
75.950000000 -1.669056947601e-07
75.960000000 -1.669583267607e-07
75.970000000 -1.670109587612e-07
75.980000000 -1.670635907618e-07
75.990000000 -1.671162227624e-07
76.000000000 -1.671688547629e-07
76.010000000 -1.672214867635e-07
76.020000000 -1.672741187641e-07
76.030000000 -1.673267507646e-07
76.040000000 -1.673793827652e-07
76.050000000 -1.674320147658e-07
76.060000000 -1.674846467663e-07
76.070000000 -1.675372787669e-07
76.080000000 -1.675899107675e-07
76.090000000 -1.676425427680e-07
76.100000000 -1.676951747686e-07
76.110000000 -1.677478067692e-07
76.120000000 -1.678004387698e-07
76.130000000 -1.678530707703e-07
76.140000000 -1.679057027709e-07
76.150000000 -1.679583347715e-07
76.160000000 -1.680109667720e-07
76.170000000 -1.680635987726e-07
76.180000000 -1.681162307732e-07
76.190000000 -1.681688627737e-07
76.200000000 -1.682214947743e-07
76.210000000 -1.682741267749e-07
76.220000000 -1.683267587754e-07
76.230000000 -1.683793907760e-07
76.240000000 -1.684320227766e-07
76.250000000 -1.684846547771e-07
76.260000000 -1.685372867777e-07
76.270000000 -1.685899187783e-07
76.280000000 -1.686425507788e-07
76.290000000 -1.686951827794e-07
76.300000000 -1.687478147800e-07
76.310000000 -1.688004467805e-07
76.320000000 -1.688530787811e-07
76.330000000 -1.689057107817e-07
76.340000000 -1.689583427822e-07
76.350000000 -1.690109747828e-07
76.360000000 -1.690636067834e-07
76.370000000 -1.691162387840e-07
76.380000000 -1.691688707845e-07
76.390000000 -1.692215027851e-07
76.400000000 -1.692741347857e-07
76.410000000 -1.693267667862e-07
76.420000000 -1.693793987868e-07
76.430000000 -1.694320307874e-07
76.440000000 -1.694846627879e-07
76.450000000 -1.695372947885e-07
76.460000000 -1.695899267891e-07
76.470000000 -1.696425587896e-07
76.480000000 -1.696951907902e-07
76.490000000 -1.697478227908e-07
76.500000000 -1.698004547913e-07
76.510000000 -1.698530867919e-07
76.520000000 -1.699057187925e-07
76.530000000 -1.699583507930e-07
76.540000000 -1.700109827936e-07
76.550000000 -1.700636147942e-07
76.560000000 -1.701162467947e-07
76.570000000 -1.701688787953e-07
76.580000000 -1.702215107959e-07
76.590000000 -1.702741427964e-07
76.600000000 -1.703267747970e-07
76.610000000 -1.703794067976e-07
76.620000000 -1.704320387982e-07
76.630000000 -1.704846707987e-07
76.640000000 -1.705373027993e-07
76.650000000 -1.705899347999e-07
76.660000000 -1.706425668004e-07
76.670000000 -1.706951988010e-07
76.680000000 -1.707478308016e-07
76.690000000 -1.708004628021e-07
76.700000000 -1.708530948027e-07
76.710000000 -1.709057268033e-07
76.720000000 -1.709583588038e-07
76.730000000 -1.710109908044e-07
76.740000000 -1.710636228050e-07
76.750000000 -1.711162548055e-07
76.760000000 -1.711688868061e-07
76.770000000 -1.712215188067e-07
76.780000000 -1.712741508072e-07
76.790000000 -1.713267828078e-07
76.800000000 -1.713794148084e-07
76.810000000 -1.714320468089e-07
76.820000000 -1.714846788095e-07
76.830000000 -1.715373108101e-07
76.840000000 -1.715899428106e-07
76.850000000 -1.716425748112e-07
76.860000000 -1.716952068118e-07
76.870000000 -1.717478388124e-07
76.880000000 -1.718004708129e-07
76.890000000 -1.718531028135e-07
76.900000000 -1.719057348141e-07
76.910000000 -1.719583668146e-07
76.920000000 -1.720109988152e-07
76.930000000 -1.720636308158e-07
76.940000000 -1.721162628163e-07
76.950000000 -1.721688948169e-07
76.960000000 -1.722215268175e-07
76.970000000 -1.722741588180e-07
76.980000000 -1.723267908186e-07
76.990000000 -1.723794228192e-07
77.000000000 -1.724320548197e-07
77.010000000 -1.724846868203e-07
77.020000000 -1.725373188209e-07
77.030000000 -1.725899508214e-07
77.040000000 -1.726425828220e-07
77.050000000 -1.726952148226e-07
77.060000000 -1.727478468231e-07
77.070000000 -1.728004788237e-07
77.080000000 -1.728531108243e-07
77.090000000 -1.729057428248e-07
77.100000000 -1.729583748254e-07
77.110000000 -1.730110068260e-07
77.120000000 -1.730636388266e-07
77.130000000 -1.731162708271e-07
77.140000000 -1.731689028277e-07
77.150000000 -1.732215348283e-07
77.160000000 -1.732741668288e-07
77.170000000 -1.733267988294e-07
77.180000000 -1.733794308300e-07
77.190000000 -1.734320628305e-07
77.200000000 -1.734846948311e-07
77.210000000 -1.735373268317e-07
77.220000000 -1.735899588322e-07
77.230000000 -1.736425908328e-07
77.240000000 -1.736952228334e-07
77.250000000 -1.737478548339e-07
77.260000000 -1.738004868345e-07
77.270000000 -1.738531188351e-07
77.280000000 -1.739057508356e-07
77.290000000 -1.739583828362e-07
77.300000000 -1.740110148368e-07
77.310000000 -1.740636468373e-07
77.320000000 -1.741162788379e-07
77.330000000 -1.741689108385e-07
77.340000000 -1.742215428390e-07
77.350000000 -1.742741748396e-07
77.360000000 -1.743268068402e-07
77.370000000 -1.743794388408e-07
77.380000000 -1.744320708413e-07
77.390000000 -1.744847028419e-07
77.400000000 -1.745373348425e-07
77.410000000 -1.745899668430e-07
77.420000000 -1.746425988436e-07
77.430000000 -1.746952308442e-07
77.440000000 -1.747478628447e-07
77.450000000 -1.748004948453e-07
77.460000000 -1.748531268459e-07
77.470000000 -1.749057588464e-07
77.480000000 -1.749583908470e-07
77.490000000 -1.750110228476e-07
77.500000000 -1.750636548481e-07
77.510000000 -1.751162868487e-07
77.520000000 -1.751689188493e-07
77.530000000 -1.752215508498e-07
77.540000000 -1.752741828504e-07
77.550000000 -1.753268148510e-07
77.560000000 -1.753794468515e-07
77.570000000 -1.754320788521e-07
77.580000000 -1.754847108527e-07
77.590000000 -1.755373428532e-07
77.600000000 -1.755899748538e-07
77.610000000 -1.756426068544e-07
77.620000000 -1.756952388550e-07
77.630000000 -1.757478708555e-07
77.640000000 -1.758005028561e-07
77.650000000 -1.758531348567e-07
77.660000000 -1.759057668572e-07
77.670000000 -1.759583988578e-07
77.680000000 -1.760110308584e-07
77.690000000 -1.760636628589e-07
77.700000000 -1.761162948595e-07
77.710000000 -1.761689268601e-07
77.720000000 -1.762215588606e-07
77.730000000 -1.762741908612e-07
77.740000000 -1.763268228618e-07
77.750000000 -1.763794548623e-07
77.760000000 -1.764320868629e-07
77.770000000 -1.764847188635e-07
77.780000000 -1.765373508640e-07
77.790000000 -1.765899828646e-07
77.800000000 -1.766426148652e-07
77.810000000 -1.766952468657e-07
77.820000000 -1.767478788663e-07
77.830000000 -1.768005108669e-07
77.840000000 -1.768531428674e-07
77.850000000 -1.769057748680e-07
77.860000000 -1.769584068686e-07
77.870000000 -1.770110388692e-07
77.880000000 -1.770636708697e-07
77.890000000 -1.771163028703e-07
77.900000000 -1.771689348709e-07
77.910000000 -1.772215668714e-07
77.920000000 -1.772741988720e-07
77.930000000 -1.773268308726e-07
77.940000000 -1.773794628731e-07
77.950000000 -1.774320948737e-07
77.960000000 -1.774847268743e-07
77.970000000 -1.775373588748e-07
77.980000000 -1.775899908754e-07
77.990000000 -1.776426228760e-07
78.000000000 -1.776952548765e-07
78.010000000 -1.777478868771e-07
78.020000000 -1.778005188777e-07
78.030000000 -1.778531508782e-07
78.040000000 -1.779057828788e-07
78.050000000 -1.779584148794e-07
78.060000000 -1.780110468799e-07
78.070000000 -1.780636788805e-07
78.080000000 -1.781163108811e-07
78.090000000 -1.781689428816e-07
78.100000000 -1.782215748822e-07
78.110000000 -1.782742068828e-07
78.120000000 -1.783268388834e-07
78.130000000 -1.783794708839e-07
78.140000000 -1.784321028845e-07
78.150000000 -1.784847348851e-07
78.160000000 -1.785373668856e-07
78.170000000 -1.785899988862e-07
78.180000000 -1.786426308868e-07
78.190000000 -1.786952628873e-07
78.200000000 -1.787478948879e-07
78.210000000 -1.788005268885e-07
78.220000000 -1.788531588890e-07
78.230000000 -1.789057908896e-07
78.240000000 -1.789584228902e-07
78.250000000 -1.790110548907e-07
78.260000000 -1.790636868913e-07
78.270000000 -1.791163188919e-07
78.280000000 -1.791689508924e-07
78.290000000 -1.792215828930e-07
78.300000000 -1.792742148936e-07
78.310000000 -1.793268468941e-07
78.320000000 -1.793794788947e-07
78.330000000 -1.794321108953e-07
78.340000000 -1.794847428958e-07
78.350000000 -1.795373748964e-07
78.360000000 -1.795900068970e-07
78.370000000 -1.796426388975e-07
78.380000000 -1.796952708981e-07
78.390000000 -1.797479028987e-07
78.400000000 -1.798005348993e-07
78.410000000 -1.798531668998e-07
78.420000000 -1.799057989004e-07
78.430000000 -1.799584309010e-07
78.440000000 -1.800110629015e-07
78.450000000 -1.800636949021e-07
78.460000000 -1.801163269027e-07
78.470000000 -1.801689589032e-07
78.480000000 -1.802215909038e-07
78.490000000 -1.802742229044e-07
78.500000000 -1.803268549049e-07
78.510000000 -1.803794869055e-07
78.520000000 -1.804321189061e-07
78.530000000 -1.804847509066e-07
78.540000000 -1.805373829072e-07
78.550000000 -1.805900149078e-07
78.560000000 -1.806426469083e-07
78.570000000 -1.806952789089e-07
78.580000000 -1.807479109095e-07
78.590000000 -1.808005429100e-07
78.600000000 -1.808531749106e-07
78.610000000 -1.809058069112e-07
78.620000000 -1.809584389117e-07
78.630000000 -1.810110709123e-07
78.640000000 -1.810637029129e-07
78.650000000 -1.811163349135e-07
78.660000000 -1.811689669140e-07
78.670000000 -1.812215989146e-07
78.680000000 -1.812742309152e-07
78.690000000 -1.813268629157e-07
78.700000000 -1.813794949163e-07
78.710000000 -1.814321269169e-07
78.720000000 -1.814847589174e-07
78.730000000 -1.815373909180e-07
78.740000000 -1.815900229186e-07
78.750000000 -1.816426549191e-07
78.760000000 -1.816952869197e-07
78.770000000 -1.817479189203e-07
78.780000000 -1.818005509208e-07
78.790000000 -1.818531829214e-07
78.800000000 -1.819058149220e-07
78.810000000 -1.819584469225e-07
78.820000000 -1.820110789231e-07
78.830000000 -1.820637109237e-07
78.840000000 -1.821163429242e-07
78.850000000 -1.821689749248e-07
78.860000000 -1.822216069254e-07
78.870000000 -1.822742389259e-07
78.880000000 -1.823268709265e-07
78.890000000 -1.823795029271e-07
78.900000000 -1.824321349277e-07
78.910000000 -1.824847669282e-07
78.920000000 -1.825373989288e-07
78.930000000 -1.825900309294e-07
78.940000000 -1.826426629299e-07
78.950000000 -1.826952949305e-07
78.960000000 -1.827479269311e-07
78.970000000 -1.828005589316e-07
78.980000000 -1.828531909322e-07
78.990000000 -1.829058229328e-07
79.000000000 -1.829584549333e-07
79.010000000 -1.830110869339e-07
79.020000000 -1.830637189345e-07
79.030000000 -1.831163509350e-07
79.040000000 -1.831689829356e-07
79.050000000 -1.832216149362e-07
79.060000000 -1.832742469367e-07
79.070000000 -1.833268789373e-07
79.080000000 -1.833795109379e-07
79.090000000 -1.834321429384e-07
79.100000000 -1.834847749390e-07
79.110000000 -1.835374069396e-07
79.120000000 -1.835900389401e-07
79.130000000 -1.836426709407e-07
79.140000000 -1.836953029413e-07
79.150000000 -1.837479349419e-07
79.160000000 -1.838005669424e-07
79.170000000 -1.838531989430e-07
79.180000000 -1.839058309436e-07
79.190000000 -1.839584629441e-07
79.200000000 -1.840110949447e-07
79.210000000 -1.840637269453e-07
79.220000000 -1.841163589458e-07
79.230000000 -1.841689909464e-07
79.240000000 -1.842216229470e-07
79.250000000 -1.842742549475e-07
79.260000000 -1.843268869481e-07
79.270000000 -1.843795189487e-07
79.280000000 -1.844321509492e-07
79.290000000 -1.844847829498e-07
79.300000000 -1.845374149504e-07
79.310000000 -1.845900469509e-07
79.320000000 -1.846426789515e-07
79.330000000 -1.846953109521e-07
79.340000000 -1.847479429526e-07
79.350000000 -1.848005749532e-07
79.360000000 -1.848532069538e-07
79.370000000 -1.849058389543e-07
79.380000000 -1.849584709549e-07
79.390000000 -1.850111029555e-07
79.400000000 -1.850637349561e-07
79.410000000 -1.851163669566e-07
79.420000000 -1.851689989572e-07
79.430000000 -1.852216309578e-07
79.440000000 -1.852742629583e-07
79.450000000 -1.853268949589e-07
79.460000000 -1.853795269595e-07
79.470000000 -1.854321589600e-07
79.480000000 -1.854847909606e-07
79.490000000 -1.855374229612e-07
79.500000000 -1.855900549617e-07
79.510000000 -1.856426869623e-07
79.520000000 -1.856953189629e-07
79.530000000 -1.857479509634e-07
79.540000000 -1.858005829640e-07
79.550000000 -1.858532149646e-07
79.560000000 -1.859058469651e-07
79.570000000 -1.859584789657e-07
79.580000000 -1.860111109663e-07
79.590000000 -1.860637429668e-07
79.600000000 -1.861163749674e-07
79.610000000 -1.861690069680e-07
79.620000000 -1.862216389685e-07
79.630000000 -1.862742709691e-07
79.640000000 -1.863269029697e-07
79.650000000 -1.863795349703e-07
79.660000000 -1.864321669708e-07
79.670000000 -1.864847989714e-07
79.680000000 -1.865374309720e-07
79.690000000 -1.865900629725e-07
79.700000000 -1.866426949731e-07
79.710000000 -1.866953269737e-07
79.720000000 -1.867479589742e-07
79.730000000 -1.868005909748e-07
79.740000000 -1.868532229754e-07
79.750000000 -1.869058549759e-07
79.760000000 -1.869584869765e-07
79.770000000 -1.870111189771e-07
79.780000000 -1.870637509776e-07
79.790000000 -1.871163829782e-07
79.800000000 -1.871690149788e-07
79.810000000 -1.872216469793e-07
79.820000000 -1.872742789799e-07
79.830000000 -1.873269109805e-07
79.840000000 -1.873795429810e-07
79.850000000 -1.874321749816e-07
79.860000000 -1.874848069822e-07
79.870000000 -1.875374389827e-07
79.880000000 -1.875900709833e-07
79.890000000 -1.876427029839e-07
79.900000000 -1.876953349845e-07
79.910000000 -1.877479669850e-07
79.920000000 -1.878005989856e-07
79.930000000 -1.878532309862e-07
79.940000000 -1.879058629867e-07
79.950000000 -1.879584949873e-07
79.960000000 -1.880111269879e-07
79.970000000 -1.880637589884e-07
79.980000000 -1.881163909890e-07
79.990000000 -1.881690229896e-07
80.000000000 -1.882216549901e-07
80.010000000 -1.882742869907e-07
80.020000000 -1.883269189913e-07
80.030000000 -1.883795509918e-07
80.040000000 -1.884321829924e-07
80.050000000 -1.884848149930e-07
80.060000000 -1.885374469935e-07
80.070000000 -1.885900789941e-07
80.080000000 -1.886427109947e-07
80.090000000 -1.886953429952e-07
80.100000000 -1.887479749958e-07
80.110000000 -1.888006069964e-07
80.120000000 -1.888532389969e-07
80.130000000 -1.889058709975e-07
80.140000000 -1.889585029981e-07
80.150000000 -1.890111349987e-07
80.160000000 -1.890637669992e-07
80.170000000 -1.891163989998e-07
80.180000000 -1.891690310004e-07
80.190000000 -1.892216630009e-07
80.200000000 -1.892742950015e-07
80.210000000 -1.893269270021e-07
80.220000000 -1.893795590026e-07
80.230000000 -1.894321910032e-07
80.240000000 -1.894848230038e-07
80.250000000 -1.895374550043e-07
80.260000000 -1.895900870049e-07
80.270000000 -1.896427190055e-07
80.280000000 -1.896953510060e-07
80.290000000 -1.897479830066e-07
80.300000000 -1.898006150072e-07
80.310000000 -1.898532470077e-07
80.320000000 -1.899058790083e-07
80.330000000 -1.899585110089e-07
80.340000000 -1.900111430094e-07
80.350000000 -1.900637750100e-07
80.360000000 -1.901164070106e-07
80.370000000 -1.901690390111e-07
80.380000000 -1.902216710117e-07
80.390000000 -1.902743030123e-07
80.400000000 -1.903269350129e-07
80.410000000 -1.903795670134e-07
80.420000000 -1.904321990140e-07
80.430000000 -1.904848310146e-07
80.440000000 -1.905374630151e-07
80.450000000 -1.905900950157e-07
80.460000000 -1.906427270163e-07
80.470000000 -1.906953590168e-07
80.480000000 -1.907479910174e-07
80.490000000 -1.908006230180e-07
80.500000000 -1.908532550185e-07
80.510000000 -1.909058870191e-07
80.520000000 -1.909585190197e-07
80.530000000 -1.910111510202e-07
80.540000000 -1.910637830208e-07
80.550000000 -1.911164150214e-07
80.560000000 -1.911690470219e-07
80.570000000 -1.912216790225e-07
80.580000000 -1.912743110231e-07
80.590000000 -1.913269430236e-07
80.600000000 -1.913795750242e-07
80.610000000 -1.914322070248e-07
80.620000000 -1.914848390253e-07
80.630000000 -1.915374710259e-07
80.640000000 -1.915901030265e-07
80.650000000 -1.916427350271e-07
80.660000000 -1.916953670276e-07
80.670000000 -1.917479990282e-07
80.680000000 -1.918006310288e-07
80.690000000 -1.918532630293e-07
80.700000000 -1.919058950299e-07
80.710000000 -1.919585270305e-07
80.720000000 -1.920111590310e-07
80.730000000 -1.920637910316e-07
80.740000000 -1.921164230322e-07
80.750000000 -1.921690550327e-07
80.760000000 -1.922216870333e-07
80.770000000 -1.922743190339e-07
80.780000000 -1.923269510344e-07
80.790000000 -1.923795830350e-07
80.800000000 -1.924322150356e-07
80.810000000 -1.924848470361e-07
80.820000000 -1.925374790367e-07
80.830000000 -1.925901110373e-07
80.840000000 -1.926427430378e-07
80.850000000 -1.937468338111e-07
80.860000000 -1.912904989995e-07
80.870000000 -1.962379653394e-07
80.880000000 -1.877340383374e-07
80.890000000 -2.017766435765e-07
80.900000000 -1.798061550029e-07
80.910000000 -2.141989668853e-07
80.920000000 -1.589633149740e-07
80.930000000 -2.599461443723e-07
80.940000000 5.670156930746e-08
80.950000000 3.733492829872e-07
80.960000000 2.723664535889e-07
80.970000000 3.276021055002e-07
80.980000000 7.934680289159e-07
80.990000000 8.154385174894e-07
81.000000000 8.013959122504e-07
81.010000000 8.098998392523e-07
81.020000000 8.049523729125e-07
81.030000000 8.074087077240e-07
81.040000000 8.063046169508e-07
81.050000000 8.062519849502e-07
81.060000000 8.061993529497e-07
81.070000000 8.061467209491e-07
81.080000000 8.060940889485e-07
81.090000000 8.060414569480e-07
81.100000000 8.059888249474e-07
81.110000000 8.059361929468e-07
81.120000000 8.058835609463e-07
81.130000000 8.058309289457e-07
81.140000000 8.057782969451e-07
81.150000000 8.057256649445e-07
81.160000000 8.056730329440e-07
81.170000000 8.056204009434e-07
81.180000000 8.055677689428e-07
81.190000000 8.055151369423e-07
81.200000000 8.054625049417e-07
81.210000000 8.054098729411e-07
81.220000000 8.053572409406e-07
81.230000000 8.053046089400e-07
81.240000000 8.052519769394e-07
81.250000000 8.051993449389e-07
81.260000000 8.051467129383e-07
81.270000000 8.050940809377e-07
81.280000000 8.050414489372e-07
81.290000000 8.049888169366e-07
81.300000000 8.049361849360e-07
81.310000000 8.048835529355e-07
81.320000000 8.048309209349e-07
81.330000000 8.047782889343e-07
81.340000000 8.047256569338e-07
81.350000000 8.046730249332e-07
81.360000000 8.046203929326e-07
81.370000000 8.045677609321e-07
81.380000000 8.045151289315e-07
81.390000000 8.044624969309e-07
81.400000000 8.044098649303e-07
81.410000000 8.043572329298e-07
81.420000000 8.043046009292e-07
81.430000000 8.042519689286e-07
81.440000000 8.041993369281e-07
81.450000000 8.041467049275e-07
81.460000000 8.040940729269e-07
81.470000000 8.040414409264e-07
81.480000000 8.039888089258e-07
81.490000000 8.039361769252e-07
81.500000000 8.038835449247e-07
81.510000000 8.038309129241e-07
81.520000000 8.037782809235e-07
81.530000000 8.037256489230e-07
81.540000000 8.036730169224e-07
81.550000000 8.036203849218e-07
81.560000000 8.035677529213e-07
81.570000000 8.024636621480e-07
81.580000000 8.049199969596e-07
81.590000000 7.999725306197e-07
81.600000000 8.084764576217e-07
81.610000000 7.944338523827e-07
81.620000000 8.164043409562e-07
81.630000000 7.820115290738e-07
81.640000000 8.372471809851e-07
81.650000000 7.362643515868e-07
81.660000000 1.553170800565e-06
81.670000000 1.869818514244e-06
81.680000000 1.768835684846e-06
81.690000000 1.824071336757e-06
81.700000000 1.789678524875e-06
81.710000000 1.811649013449e-06
81.720000000 1.797606408210e-06
81.730000000 1.806110335211e-06
81.740000000 1.801162868872e-06
81.750000000 1.803619203683e-06
81.760000000 1.802515112910e-06
81.770000000 1.802462480909e-06
81.780000000 1.802409848909e-06
81.790000000 1.802357216908e-06
81.800000000 1.802304584908e-06
81.810000000 1.802251952907e-06
81.820000000 1.801147862134e-06
81.830000000 1.803604196945e-06
81.840000000 1.798656730606e-06
81.850000000 1.807160657607e-06
81.860000000 1.793118052368e-06
81.870000000 1.815088540942e-06
81.880000000 1.780695729060e-06
81.890000000 1.835931380971e-06
81.900000000 1.734948551573e-06
81.910000000 2.551855000550e-06
