0.000000000 -3.643057017203e-10
0.010000000 -3.640333080828e-10
0.020000000 -3.645149810692e-10
0.030000000 -3.642423709914e-10
0.040000000 -3.647242604180e-10
0.050000000 -3.644514339000e-10
0.060000000 -3.649335397668e-10
0.070000000 -3.646604968087e-10
0.080000000 -3.651428191156e-10
0.090000000 -3.648695597173e-10
0.100000000 -3.653520984644e-10
0.110000000 -3.650786226259e-10
0.120000000 -3.655613778132e-10
0.130000000 -3.652876855345e-10
0.140000000 -3.657706571620e-10
0.150000000 -3.654967484431e-10
0.160000000 -3.659799365108e-10
0.170000000 -3.657058113517e-10
0.180000000 -3.661892158597e-10
0.190000000 -3.659148742603e-10
0.200000000 -3.663984952085e-10
0.210000000 -3.661239371689e-10
0.220000000 -3.666077745573e-10
0.230000000 -3.663330000775e-10
0.240000000 -3.668170539061e-10
0.250000000 -3.665420629861e-10
0.260000000 -3.670263332549e-10
0.270000000 -3.667511258947e-10
0.280000000 -3.672356126037e-10
0.290000000 -3.669601888033e-10
0.300000000 -3.674448919525e-10
0.310000000 -3.671692517120e-10
0.320000000 -3.676541713013e-10
0.330000000 -3.673783146206e-10
0.340000000 -3.678634506502e-10
0.350000000 -3.675873775292e-10
0.360000000 -3.680727299990e-10
0.370000000 -3.677964404378e-10
0.380000000 -3.682820093478e-10
0.390000000 -3.680055033464e-10
0.400000000 -3.684912886966e-10
0.410000000 -3.682145662550e-10
0.420000000 -3.687005680454e-10
0.430000000 -3.684236291636e-10
0.440000000 -3.689098473942e-10
0.450000000 -3.686326920722e-10
0.460000000 -3.691191267430e-10
0.470000000 -3.688417549808e-10
0.480000000 -3.693284060918e-10
0.490000000 -3.690508178894e-10
0.500000000 -3.695376854407e-10
0.510000000 -3.692598807980e-10
0.520000000 -3.697469647895e-10
0.530000000 -3.694689437067e-10
0.540000000 -3.699562441383e-10
0.550000000 -3.696780066153e-10
0.560000000 -3.701655234871e-10
0.570000000 -3.698870695239e-10
0.580000000 -3.703748028359e-10
0.590000000 -3.700961324325e-10
0.600000000 -3.705840821847e-10
0.610000000 -3.703051953411e-10
0.620000000 -3.707933615335e-10
0.630000000 -3.705142582497e-10
0.640000000 -3.710026408824e-10
0.650000000 -3.707233211583e-10
0.660000000 -3.712119202312e-10
0.670000000 -3.709323840669e-10
0.680000000 -3.714211995800e-10
0.690000000 -3.711414469755e-10
0.700000000 -3.716304789288e-10
0.710000000 -3.713505098841e-10
0.720000000 -3.718397582776e-10
0.730000000 -3.715595727927e-10
0.740000000 -3.720490376264e-10
0.750000000 -3.717686357013e-10
0.760000000 -3.722583169752e-10
0.770000000 -3.719776986100e-10
0.780000000 -3.724675963240e-10
0.790000000 -3.721867615186e-10
0.800000000 -3.726768756729e-10
0.810000000 -3.723958244272e-10
0.820000000 -3.728861550217e-10
0.830000000 -3.726048873358e-10
0.840000000 -3.730954343705e-10
0.850000000 -3.728139502444e-10
0.860000000 -3.733047137193e-10
0.870000000 -3.730230131530e-10
0.880000000 -3.735139930681e-10
0.890000000 -3.732320760616e-10
0.900000000 -3.737232724169e-10
0.910000000 -3.734411389702e-10
0.920000000 -3.739325517657e-10
0.930000000 -3.736502018788e-10
0.940000000 -3.741418311145e-10
0.950000000 -3.738592647874e-10
0.960000000 -3.743511104634e-10
0.970000000 -3.740683276960e-10
0.980000000 -3.745603898122e-10
0.990000000 -3.742773906046e-10
1.000000000 -3.747696691610e-10
1.010000000 -3.744864535133e-10
1.020000000 -3.749789485098e-10
1.030000000 -3.746955164219e-10
1.040000000 -3.751882278586e-10
1.050000000 -3.749045793305e-10
1.060000000 -3.753975072074e-10
1.070000000 -3.751136422391e-10
1.080000000 -3.756067865562e-10
1.090000000 -3.753227051477e-10
1.100000000 -3.758160659050e-10
1.110000000 -3.755317680563e-10
1.120000000 -3.760253452539e-10
1.130000000 -3.757408309649e-10
1.140000000 -3.762346246027e-10
1.150000000 -3.759498938735e-10
1.160000000 -3.764439039515e-10
1.170000000 -3.761589567821e-10
1.180000000 -3.766531833003e-10
1.190000000 -3.763680196907e-10
1.200000000 -3.768624626491e-10
1.210000000 -3.765770825993e-10
1.220000000 -3.770717419979e-10
1.230000000 -3.767861455080e-10
1.240000000 -3.772810213467e-10
1.250000000 -3.769952084166e-10
1.260000000 -3.774903006955e-10
1.270000000 -3.772042713252e-10
1.280000000 -3.776995800444e-10
1.290000000 -3.774133342338e-10
1.300000000 -3.779088593932e-10
1.310000000 -3.776223971424e-10
1.320000000 -3.781181387420e-10
1.330000000 -3.778314600510e-10
1.340000000 -3.783274180908e-10
1.350000000 -3.780405229596e-10
1.360000000 -3.785366974396e-10
1.370000000 -3.782495858682e-10
1.380000000 -3.787459767884e-10
1.390000000 -3.784586487768e-10
1.400000000 -3.789552561372e-10
1.410000000 -3.786677116854e-10
1.420000000 -3.791645354860e-10
1.430000000 -3.788767745940e-10
1.440000000 -3.793738148349e-10
1.450000000 -3.790858375026e-10
1.460000000 -3.795830941837e-10
1.470000000 -3.792949004113e-10
1.480000000 -3.797923735325e-10
1.490000000 -3.795039633199e-10
1.500000000 -3.800016528813e-10
1.510000000 1.723204519122e-09
1.520000000 -3.802109322301e-10
1.530000000 -3.294938168082e-09
1.540000000 -3.804202115789e-10
1.550000000 6.494521447584e-09
1.560000000 -3.806294909277e-10
1.570000000 -1.061880562029e-08
1.580000000 -3.808387702765e-10
1.590000000 1.736093179367e-08
1.600000000 -3.810480496254e-10
1.610000000 -2.668551841738e-08
1.620000000 -3.812573289742e-10
1.630000000 4.199463228320e-08
1.640000000 -3.814666083230e-10
1.650000000 -6.858214460342e-08
1.660000000 -3.816758876718e-10
1.670000000 1.332780411291e-07
1.680000000 -3.818851670206e-10
1.690000000 -5.001228592944e-07
1.700000000 -1.000899565042e-06
1.710000000 -1.133523759718e-06
1.720000000 -1.000899774322e-06
1.730000000 -9.316635739853e-07
1.740000000 -1.000899983601e-06
1.750000000 -1.042240350872e-06
1.760000000 -1.000900192880e-06
1.770000000 -9.735602001714e-07
1.780000000 -1.000900402160e-06
1.790000000 -1.017606650382e-06
1.800000000 -1.000900611439e-06
1.810000000 -9.896269129685e-07
1.820000000 -1.000900820719e-06
1.830000000 -1.006740240036e-06
1.840000000 -1.000901029998e-06
1.850000000 -9.969507804207e-07
1.860000000 -1.000901239277e-06
1.870000000 -1.001968923108e-06
1.880000000 -1.000901448557e-06
1.890000000 -9.998662146254e-07
1.900000000 -1.000901657836e-06
1.910000000 -9.998664236883e-07
1.920000000 -1.000901867115e-06
1.930000000 -9.998666327512e-07
1.940000000 -1.000902076395e-06
1.950000000 -9.998668418142e-07
1.960000000 -1.000902285674e-06
1.970000000 -9.998670508771e-07
1.980000000 -1.000902494953e-06
1.990000000 -9.998672599400e-07
2.000000000 -1.000902704233e-06
2.010000000 -9.998674690029e-07
2.020000000 -1.000902913512e-06
2.030000000 -9.998676780658e-07
2.040000000 -1.000903122791e-06
2.050000000 -9.998678871287e-07
2.060000000 -1.000903332071e-06
2.070000000 -9.998680961916e-07
2.080000000 -1.000903541350e-06
2.090000000 -9.998683052545e-07
2.100000000 -1.000903750629e-06
2.110000000 -9.998685143174e-07
2.120000000 -1.000903959909e-06
2.130000000 -9.998687233803e-07
2.140000000 -1.000904169188e-06
2.150000000 -9.998689324432e-07
2.160000000 -1.000904378467e-06
2.170000000 -9.998691415062e-07
2.180000000 -1.000904587747e-06
2.190000000 -9.998693505691e-07
2.200000000 -1.000904797026e-06
2.210000000 -9.998695596320e-07
2.220000000 -1.000905006305e-06
2.230000000 -9.998697686949e-07
2.240000000 -1.000905215585e-06
2.250000000 -9.998699777578e-07
2.260000000 -1.000905424864e-06
2.270000000 -9.998701868207e-07
2.280000000 -1.000905634144e-06
2.290000000 -9.998703958836e-07
2.300000000 -1.000905843423e-06
2.310000000 -9.998706049465e-07
2.320000000 -1.000906052702e-06
2.330000000 -9.998708140094e-07
2.340000000 -1.000906261982e-06
2.350000000 -9.998710230723e-07
2.360000000 -1.000906471261e-06
2.370000000 -9.998712321352e-07
2.380000000 -1.000906680540e-06
2.390000000 -9.998714411981e-07
2.400000000 -1.000906889820e-06
2.410000000 -9.998716502611e-07
2.420000000 -1.000907099099e-06
2.430000000 -9.998718593240e-07
2.440000000 -1.000907308378e-06
2.450000000 -9.998720683869e-07
2.460000000 -1.000907517658e-06
2.470000000 -9.998722774498e-07
2.480000000 -1.000907726937e-06
2.490000000 -9.998724865127e-07
2.500000000 -1.000907936216e-06
2.510000000 -9.998726955756e-07
2.520000000 -1.000908145496e-06
2.530000000 -9.998729046385e-07
2.540000000 -1.000908354775e-06
2.550000000 -9.998731137014e-07
2.560000000 -1.000908564054e-06
2.570000000 -9.998733227643e-07
2.580000000 -1.000908773334e-06
2.590000000 -9.998735318272e-07
2.600000000 -1.000908982613e-06
2.610000000 -9.998737408901e-07
2.620000000 -1.000909191892e-06
2.630000000 -9.998739499531e-07
2.640000000 -1.000909401172e-06
2.650000000 -9.998741590160e-07
2.660000000 -1.000909610451e-06
2.670000000 -9.998743680789e-07
2.680000000 -1.000909819731e-06
2.690000000 -9.998745771418e-07
2.700000000 -1.000910029010e-06
2.710000000 -9.998747862047e-07
2.720000000 -1.000910238289e-06
2.730000000 -9.998749952676e-07
2.740000000 -1.000910447569e-06
2.750000000 -9.998752043305e-07
2.760000000 -1.000910656848e-06
2.770000000 -9.998754133934e-07
2.780000000 -1.000910866127e-06
2.790000000 -9.998756224563e-07
2.800000000 -1.000911075407e-06
2.810000000 -9.998758315192e-07
2.820000000 -1.000911284686e-06
2.830000000 -9.998760405821e-07
2.840000000 -1.000911493965e-06
2.850000000 -9.998762496450e-07
2.860000000 -1.000911703245e-06
2.870000000 -9.998764587080e-07
2.880000000 -1.000911912524e-06
2.890000000 -9.998766677709e-07
2.900000000 -1.000912121803e-06
2.910000000 -9.998768768338e-07
2.920000000 -1.000912331083e-06
2.930000000 -9.998770858967e-07
2.940000000 -1.000912540362e-06
2.950000000 -9.998772949596e-07
2.960000000 -1.000912749641e-06
2.970000000 -9.998775040225e-07
2.980000000 -1.000912958921e-06
2.990000000 -9.998777130854e-07
3.000000000 -1.000913168200e-06
3.010000000 -9.998779221483e-07
3.020000000 -1.000913377479e-06
3.030000000 -9.998781312112e-07
3.040000000 -1.000913586759e-06
3.050000000 -9.998783402741e-07
3.060000000 -1.000913796038e-06
3.070000000 -9.998785493370e-07
3.080000000 -1.000914005317e-06
3.090000000 -9.998787583999e-07
3.100000000 -1.000914214597e-06
3.110000000 -9.998789674629e-07
3.120000000 -1.000914423876e-06
3.130000000 -9.998791765258e-07
3.140000000 -1.000914633156e-06
3.150000000 -9.998793855887e-07
3.160000000 -1.000914842435e-06
3.170000000 -9.998795946516e-07
3.180000000 -1.000915051714e-06
3.190000000 -9.998798037145e-07
3.200000000 -1.000915260994e-06
3.210000000 -9.998800127774e-07
3.220000000 -1.000915470273e-06
3.230000000 -9.998802218403e-07
3.240000000 -1.000915679552e-06
3.250000000 -9.998804309032e-07
3.260000000 -1.000915888832e-06
3.270000000 -9.998806399661e-07
3.280000000 -1.000916098111e-06
3.290000000 -9.998808490290e-07
3.300000000 -1.000916307390e-06
3.310000000 -9.998810580919e-07
3.320000000 -1.000916516670e-06
3.330000000 -9.998812671549e-07
3.340000000 -1.000916725949e-06
3.350000000 -9.998814762178e-07
3.360000000 -1.000916935228e-06
3.370000000 -9.998816852807e-07
3.380000000 -1.000917144508e-06
3.390000000 -9.998818943436e-07
3.400000000 -1.000917353787e-06
3.410000000 -9.998821034065e-07
3.420000000 -1.000917563066e-06
3.430000000 -9.998823124694e-07
3.440000000 -1.000917772346e-06
3.450000000 -9.998825215323e-07
3.460000000 -1.000917981625e-06
3.470000000 -9.998827305952e-07
3.480000000 -1.000918190904e-06
3.490000000 -9.998829396581e-07
3.500000000 -1.000918400184e-06
3.510000000 -9.998831487210e-07
3.520000000 -1.000918609463e-06
3.530000000 -9.998833577839e-07
3.540000000 -1.000918818743e-06
3.550000000 -9.998835668468e-07
3.560000000 -1.000919028022e-06
3.570000000 -9.998837759098e-07
3.580000000 -1.000919237301e-06
3.590000000 -9.998839849727e-07
3.600000000 -1.000919446581e-06
3.610000000 -9.998841940356e-07
3.620000000 -1.000919655860e-06
3.630000000 -9.998844030985e-07
3.640000000 -1.000919865139e-06
3.650000000 -9.998846121614e-07
3.660000000 -1.000920074419e-06
3.670000000 -9.998848212243e-07
3.680000000 -1.000920283698e-06
3.690000000 -9.998850302872e-07
3.700000000 -1.000920492977e-06
3.710000000 -9.998852393501e-07
3.720000000 -1.000920702257e-06
3.730000000 -9.998854484130e-07
3.740000000 -1.000920911536e-06
3.750000000 -9.998856574759e-07
3.760000000 -1.000921120815e-06
3.770000000 -9.998858665388e-07
3.780000000 -1.000921330095e-06
3.790000000 -9.998860756017e-07
3.800000000 -1.000921539374e-06
3.810000000 -9.998862846647e-07
3.820000000 -1.000921748653e-06
3.830000000 -9.998864937276e-07
3.840000000 -1.000921957933e-06
3.850000000 -9.998867027905e-07
3.860000000 -1.000922167212e-06
3.870000000 -9.998869118534e-07
3.880000000 -1.000922376491e-06
3.890000000 -9.998871209163e-07
3.900000000 -1.000922585771e-06
3.910000000 -9.998873299792e-07
3.920000000 -1.000922795050e-06
3.930000000 -9.998875390421e-07
3.940000000 -1.000923004329e-06
3.950000000 -9.998877481050e-07
3.960000000 -1.000923213609e-06
3.970000000 -9.998879571679e-07
3.980000000 -1.000923422888e-06
3.990000000 -9.998881662308e-07
4.000000000 -1.000923632168e-06
4.010000000 -9.998883752937e-07
4.020000000 -1.000923841447e-06
4.030000000 -9.998885843567e-07
4.040000000 -1.000924050726e-06
4.050000000 -9.998887934196e-07
4.060000000 -1.000924260006e-06
4.070000000 -9.998890024825e-07
4.080000000 -1.000924469285e-06
4.090000000 -9.998892115454e-07
4.100000000 -1.000924678564e-06
4.110000000 -9.977865030629e-07
4.120000000 -1.000924887844e-06
4.130000000 -1.002804645750e-06
4.140000000 -1.000925097123e-06
4.150000000 -9.930151861345e-07
4.160000000 -1.000925306402e-06
4.170000000 -1.010128513202e-06
4.180000000 -1.000925515682e-06
4.190000000 -9.821487757884e-07
4.200000000 -1.000925724961e-06
4.210000000 -1.026195225999e-06
4.220000000 -1.000925934240e-06
4.230000000 -9.575150752989e-07
4.240000000 -1.000926143520e-06
4.250000000 -1.068091852185e-06
4.260000000 -1.000926352799e-06
4.270000000 -8.662316664529e-07
4.280000000 -1.000926562078e-06
4.290000000 -1.499632566876e-06
4.300000000 -2.001444241954e-06
4.310000000 -2.133033467300e-06
4.320000000 -2.001444451233e-06
4.330000000 -1.931173281567e-06
4.340000000 -2.001444660513e-06
4.350000000 -2.041750058454e-06
4.360000000 -2.001444869792e-06
4.370000000 -1.970966990208e-06
4.380000000 -2.001445079071e-06
4.390000000 -2.020031374043e-06
4.400000000 -2.001445288351e-06
4.410000000 -1.982261967951e-06
4.420000000 -2.001445497630e-06
4.430000000 -2.016488413024e-06
4.440000000 -2.001445706909e-06
4.450000000 -1.976616089386e-06
4.460000000 -2.001445916189e-06
4.470000000 -2.030698406845e-06
4.480000000 -2.001446125468e-06
4.490000000 -1.950125669921e-06
4.500000000 -2.001446334747e-06
4.510000000 -2.075712647267e-06
4.520000000 -2.001446544027e-06
4.530000000 -1.850890448682e-06
4.540000000 -2.001446753306e-06
4.550000000 -2.516445004030e-06
4.560000000 -3.001964433181e-06
4.570000000 -3.101193678774e-06
4.580000000 -3.001964642461e-06
4.590000000 -2.975055461788e-06
4.600000000 -3.001964851740e-06
4.610000000 -2.938056550433e-06
4.620000000 -3.001965061019e-06
4.630000000 -3.412149415167e-06
4.640000000 -4.002482740895e-06
4.650000000 -4.232307916797e-06
4.660000000 -4.002482950174e-06
4.670000000 -3.740276649815e-06
4.680000000 -4.002483159454e-06
4.690000000 -4.593772249628e-06
4.700000000 -5.003000839329e-06
4.710000000 -4.970829361232e-06
4.720000000 -5.003001048608e-06
4.730000000 -5.387380149896e-06
4.740000000 -6.003518728484e-06
4.750000000 -6.493355762165e-06
4.760000000 -7.004036408359e-06
4.770000000 -7.555204478963e-06
4.780000000 -8.004554088235e-06
4.790000000 -8.297584438790e-06
4.800000000 -9.005071768110e-06
4.810000000 -1.036627306290e-05
4.820000000 -1.200662438918e-05
4.830000000 -1.342840574112e-05
4.840000000 -1.500817701025e-05
4.850000000 -1.719216106631e-05
4.860000000 -2.001076457250e-05
4.870000000 -2.297626243408e-05
4.880000000 -2.601386960536e-05
4.890000000 -2.880710563508e-05
4.900000000 -3.101645716762e-05
4.910000000 -3.226917400347e-05
4.920000000 -3.301749231809e-05
4.930000000 -3.332525885530e-05
4.940000000 -3.301749252737e-05
4.950000000 -3.171134413536e-05
4.960000000 -3.001594032486e-05
4.970000000 -2.837267900110e-05
4.980000000 -2.701438812235e-05
4.990000000 -2.570034118557e-05
5.000000000 -2.501335339044e-05
5.010000000 -2.533968363378e-05
5.020000000 -2.701438854091e-05
5.030000000 -2.954329934636e-05
5.040000000 -3.301749357377e-05
5.050000000 -3.716653561377e-05
5.060000000 -4.202215101841e-05
5.070000000 -4.699526096436e-05
5.080000000 -5.202732593365e-05
5.090000000 -5.671647920090e-05
5.100000000 -6.103198337830e-05
5.110000000 -6.443250034228e-05
5.120000000 -6.703508841115e-05
5.130000000 -6.841666356265e-05
5.140000000 -6.903612356162e-05
5.150000000 -6.882295430533e-05
5.160000000 -6.903612377090e-05
5.170000000 -7.002297930298e-05
5.180000000 -7.303819386257e-05
5.190000000 -7.788795968311e-05
5.200000000 -8.504440371900e-05
5.210000000 -9.278587304458e-05
5.220000000 -1.000521659872e-04
5.230000000 -1.041893488061e-04
5.240000000 -1.050547535495e-04
5.250000000 -1.013185800999e-04
5.260000000 -9.504957905280e-05
5.270000000 -8.732104106859e-05
5.280000000 -8.304336961492e-05
5.290000000 -8.399423784280e-05
5.300000000 -9.304854453016e-05
5.310000000 -1.084487003256e-04
5.320000000 -1.300676911515e-04
5.330000000 -1.541386551660e-04
5.340000000 -1.790930474200e-04
5.350000000 -2.009583920176e-04
5.360000000 -2.201142639237e-04
5.370000000 -2.358895157703e-04
5.380000000 -2.521308231921e-04
5.390000000 -2.704926752349e-04
5.400000000 -2.961535921076e-04
5.410000000 -3.302303145243e-04
5.420000000 -3.751944724939e-04
5.430000000 -4.275171006462e-04
5.440000000 -4.842508769982e-04
5.450000000 -5.377893431894e-04
5.460000000 -5.833021067965e-04
5.470000000 -6.150377357302e-04
5.480000000 -6.323274630650e-04
5.490000000 -6.355687322620e-04
5.500000000 -6.293259108624e-04
5.510000000 -6.182291379986e-04
5.520000000 -6.083150441892e-04
5.530000000 -6.039365285655e-04
5.540000000 -6.083150443985e-04
5.550000000 -6.219544488068e-04
5.560000000 -6.433331560786e-04
5.570000000 -6.689960038490e-04
5.580000000 -6.943595472883e-04
5.590000000 -7.144453460823e-04
5.600000000 -7.243750716155e-04
5.610000000 -7.202818506693e-04
5.620000000 -7.003626525304e-04
5.630000000 -6.649690699291e-04
5.640000000 -6.173197026802e-04
5.650000000 -5.603077009691e-04
5.660000000 -4.982581238886e-04
5.670000000 -4.327948073759e-04
5.680000000 -3.671903354498e-04
5.690000000 -3.003610265862e-04
5.700000000 -2.331209945992e-04
5.710000000 -1.625481422641e-04
5.720000000 -9.104751398384e-05
5.730000000 -1.805317109247e-05
5.740000000 5.102596663152e-05
5.750000000 1.161316063797e-04
5.760000000 1.710880628938e-04
5.770000000 2.170278309372e-04
5.780000000 2.481279079204e-04
5.790000000 2.652938667096e-04
5.800000000 2.621351522995e-04
5.810000000 2.406610640636e-04
5.820000000 2.001030689132e-04
5.830000000 1.477582778782e-04
5.840000000 8.804511199718e-05
5.850000000 2.863270202059e-05
5.860000000 -2.701439733064e-05
5.870000000 -7.788812500564e-05
5.880000000 -1.290671795407e-04
5.890000000 -1.896681112922e-04
5.900000000 -2.681391081629e-04
5.910000000 -3.718440127359e-04
5.920000000 -4.992586440798e-04
5.930000000 -6.475267022939e-04
5.940000000 -8.004144029385e-04
5.950000000 -9.441045096309e-04
5.960000000 -1.051544288267e-03
5.970000000 -1.109375075851e-03
5.980000000 -1.097568092124e-03
5.990000000 -1.020474418595e-03
6.000000000 -8.764537313317e-04
6.010000000 -6.902615347413e-04
6.020000000 -4.742457083613e-04
6.030000000 -2.613241306466e-04
6.040000000 -5.903095827323e-05
6.050000000 1.124052973577e-04
6.060000000 2.661372194612e-04
6.070000000 4.018384889814e-04
6.080000000 5.502841809012e-04
6.090000000 7.194787754178e-04
6.100000000 9.374844418126e-04
6.110000000 1.198668418039e-03
6.120000000 1.509780434784e-03
6.130000000 1.846177637120e-03
6.140000000 2.200137489286e-03
6.150000000 2.546254796011e-03
6.160000000 2.880489369082e-03
6.170000000 3.190140671165e-03
6.180000000 3.479799333760e-03
6.190000000 3.750275457007e-03
6.200000000 4.013075145378e-03
6.210000000 4.277373811734e-03
6.220000000 4.551353544350e-03
6.230000000 4.838818874259e-03
6.240000000 5.130653159616e-03
6.250000000 5.415622305415e-03
6.260000000 5.665930006175e-03
6.270000000 5.865437543457e-03
6.280000000 5.988096631498e-03
6.290000000 6.032417750582e-03
6.300000000 5.986095596348e-03
6.310000000 5.860610585911e-03
6.320000000 5.650922243489e-03
6.330000000 5.371832021555e-03
6.340000000 5.021596754274e-03
6.350000000 4.616557102123e-03
6.360000000 4.158150176941e-03
6.370000000 3.656675190774e-03
6.380000000 3.104605280194e-03
6.390000000 2.496333599746e-03
6.400000000 1.817939812798e-03
6.410000000 1.062785506543e-03
6.420000000 2.341206566351e-04
6.430000000 -6.505993241249e-04
6.440000000 -1.552803546059e-03
6.450000000 -2.431189974598e-03
6.460000000 -3.234673414340e-03
6.470000000 -3.933342810339e-03
6.480000000 -4.498326979912e-03
6.490000000 -4.932320104827e-03
6.500000000 -5.236708873421e-03
6.510000000 -5.437982034570e-03
6.520000000 -5.547869806986e-03
6.530000000 -5.591332913823e-03
6.540000000 -5.569881191548e-03
6.550000000 -5.496409105657e-03
6.560000000 -5.362774075344e-03
6.570000000 -5.177075525232e-03
6.580000000 -4.932551563197e-03
6.590000000 -4.639000390402e-03
6.600000000 -4.296222452107e-03
6.610000000 -3.918883795895e-03
6.620000000 -3.520821412605e-03
6.630000000 -3.127208474246e-03
6.640000000 -2.767431757455e-03
6.650000000 -2.468575647131e-03
6.660000000 -2.256167330190e-03
6.670000000 -2.131233426744e-03
6.680000000 -2.084078325457e-03
6.690000000 -2.071416029859e-03
6.700000000 -2.053062284077e-03
6.710000000 -1.976583028393e-03
6.720000000 -1.824944300991e-03
6.730000000 -1.590026848435e-03
6.740000000 -1.308677286372e-03
6.750000000 -1.013114508443e-03
6.760000000 -7.573921602833e-04
6.770000000 -5.632329897451e-04
6.780000000 -4.562364018432e-04
6.790000000 -4.234079131583e-04
6.800000000 -4.582374369937e-04
6.810000000 -5.234677657189e-04
6.820000000 -5.943078132040e-04
6.830000000 -6.232375970269e-04
6.840000000 -5.853031561779e-04
6.850000000 -4.490840784280e-04
6.860000000 -2.241163495020e-04
6.870000000 7.300857148268e-05
6.880000000 3.851987898817e-04
6.890000000 6.651616964728e-04
6.900000000 8.564425183232e-04
6.910000000 9.429062700751e-04
6.920000000 9.204756362320e-04
6.930000000 8.240266479028e-04
6.940000000 6.833529954915e-04
6.950000000 5.395055734495e-04
6.960000000 4.052091384565e-04
6.970000000 2.925871266124e-04
6.980000000 1.830942597749e-04
6.990000000 6.693995812688e-05
7.000000000 -9.004700990712e-05
7.010000000 -2.983980676172e-04
7.020000000 -5.823016056497e-04
7.030000000 -9.231578579405e-04
7.040000000 -1.305675737100e-03
7.050000000 -1.671312523163e-03
7.060000000 -1.980024512491e-03
7.070000000 -2.176492775427e-03
7.080000000 -2.249163712291e-03
7.090000000 -2.196670701237e-03
7.100000000 -2.064067980440e-03
7.110000000 -1.904366495580e-03
7.120000000 -1.788925676235e-03
7.130000000 -1.775841013542e-03
7.140000000 -1.910988807857e-03
7.150000000 -2.210492518208e-03
7.160000000 -2.665378980896e-03
7.170000000 -3.233169446326e-03
7.180000000 -3.855994771114e-03
7.190000000 -4.455284723152e-03
7.200000000 -4.967569681156e-03
7.210000000 -5.334297110065e-03
7.220000000 -5.541866709487e-03
7.230000000 -5.588747420898e-03
7.240000000 -5.512851703049e-03
7.250000000 -5.339375125984e-03
7.260000000 -5.105641092726e-03
7.270000000 -4.813333267528e-03
7.280000000 -4.468311464165e-03
7.290000000 -4.053143046262e-03
7.300000000 -3.578851433015e-03
7.310000000 -3.063801211991e-03
7.320000000 -2.566327752981e-03
7.330000000 -2.150293563324e-03
7.340000000 -1.885975873185e-03
7.350000000 -1.818044691756e-03
7.360000000 -1.956012096336e-03
7.370000000 -2.273643480367e-03
7.380000000 -2.705399682022e-03
7.390000000 -3.180598406963e-03
7.400000000 -3.611868510591e-03
7.410000000 -3.943791977443e-03
7.420000000 -4.115128798510e-03
7.430000000 -4.121127257792e-03
7.440000000 -3.947041863659e-03
7.450000000 -3.646557292677e-03
7.460000000 -3.239676012157e-03
7.470000000 -2.805604445604e-03
7.480000000 -2.352217015948e-03
7.490000000 -1.927661060086e-03
7.500000000 -1.486769404091e-03
7.510000000 -1.029884405171e-03
7.520000000 -4.792483114102e-04
7.530000000 1.765341176264e-04
7.540000000 1.004519097274e-03
7.550000000 1.995414138585e-03
7.560000000 3.180644595612e-03
7.570000000 4.528004768721e-03
7.580000000 6.043125078778e-03
7.590000000 7.689563477049e-03
7.600000000 9.451888100889e-03
7.610000000 1.128361704213e-02
7.620000000 1.313379239247e-02
7.630000000 1.493301412446e-02
7.640000000 1.659358180559e-02
7.650000000 1.804059443277e-02
7.660000000 1.919492722893e-02
7.670000000 2.002954322305e-02
7.680000000 2.051661080737e-02
7.690000000 2.067897769002e-02
7.700000000 2.051060770234e-02
7.710000000 2.003982574858e-02
7.720000000 1.925996086389e-02
7.730000000 1.821147531873e-02
7.740000000 1.691474791260e-02
7.750000000 1.544223298241e-02
7.760000000 1.383715617284e-02
7.770000000 1.217120512845e-02
7.780000000 1.047041488407e-02
7.790000000 8.770532234627e-03
7.800000000 7.073658071189e-03
7.810000000 5.389388193830e-03
7.820000000 3.722925061954e-03
7.830000000 2.078956942353e-03
7.840000000 4.812484570135e-04
7.850000000 -1.060634064512e-03
7.860000000 -2.498292570631e-03
7.870000000 -3.811825492145e-03
7.880000000 -4.940555716565e-03
7.890000000 -5.885061018788e-03
7.900000000 -6.623426102317e-03
7.910000000 -7.224155243404e-03
7.920000000 -7.717992215358e-03
7.930000000 -8.200789643083e-03
7.940000000 -8.670484847575e-03
7.950000000 -9.155158989632e-03
7.960000000 -9.568949536380e-03
7.970000000 -9.879515174614e-03
7.980000000 -9.991167909180e-03
7.990000000 -9.910011063068e-03
8.000000000 -9.626979550093e-03
8.010000000 -9.240268027685e-03
8.020000000 -8.820562469002e-03
8.030000000 -8.491889488642e-03
8.040000000 -8.294290279677e-03
8.050000000 -8.255450183885e-03
8.060000000 -8.289287692534e-03
8.070000000 -8.289219757398e-03
8.080000000 -8.095187303447e-03
8.090000000 -7.594767059824e-03
8.100000000 -6.724478368940e-03
8.110000000 -5.510036685408e-03
8.120000000 -4.049094652775e-03
8.130000000 -2.479909883408e-03
8.140000000 -9.574956688428e-04
8.150000000 4.077796984889e-04
8.160000000 1.545799042379e-03
8.170000000 2.478793844845e-03
8.180000000 3.257684434360e-03
8.190000000 4.000480656921e-03
8.200000000 4.777470471986e-03
8.210000000 5.665218568429e-03
8.220000000 6.617422100203e-03
8.230000000 7.575063093693e-03
8.240000000 8.370328708478e-03
8.250000000 8.902452388965e-03
8.260000000 9.053682140686e-03
8.270000000 8.854156850016e-03
8.280000000 8.340313183941e-03
8.290000000 7.662579613734e-03
8.300000000 6.907572165839e-03
8.310000000 6.194413166422e-03
8.320000000 5.530860126089e-03
8.330000000 4.926922575330e-03
8.340000000 4.309228294282e-03
8.350000000 3.627304522892e-03
8.360000000 2.806451053237e-03
8.370000000 1.814271959191e-03
8.380000000 6.343276243642e-04
8.390000000 -7.108664384134e-04
8.400000000 -2.165120258573e-03
8.410000000 -3.655587705344e-03
8.420000000 -5.075625580746e-03
8.430000000 -6.345062411415e-03
8.440000000 -7.357805931385e-03
8.450000000 -8.080100446963e-03
8.460000000 -8.456374114309e-03
8.470000000 -8.539167472865e-03
8.480000000 -8.346317192752e-03
8.490000000 -7.988846583618e-03
8.500000000 -7.500879930308e-03
8.510000000 -6.978163966556e-03
8.520000000 -6.433327789391e-03
8.530000000 -5.926192792183e-03
8.540000000 -5.437812906358e-03
8.550000000 -4.967916369793e-03
8.560000000 -4.451302680559e-03
8.570000000 -3.831843198482e-03
8.580000000 -3.039572529757e-03
8.590000000 -2.028278384772e-03
8.600000000 -8.004144307727e-04
8.610000000 6.210528882790e-04
8.620000000 2.141106932570e-03
8.630000000 3.694383148176e-03
8.640000000 5.158667623679e-03
8.650000000 6.499063327759e-03
8.660000000 7.622942153548e-03
8.670000000 8.537692752289e-03
8.680000000 9.164739575527e-03
8.690000000 9.514708483386e-03
8.700000000 9.504915515320e-03
8.710000000 9.140324788577e-03
8.720000000 8.358322493808e-03
8.730000000 7.187819763223e-03
8.740000000 5.630911868754e-03
8.750000000 3.774203289021e-03
8.760000000 1.701879761514e-03
8.770000000 -4.558638083211e-04
8.780000000 -2.584337082729e-03
8.790000000 -4.586262383005e-03
8.800000000 -6.399310198321e-03
8.810000000 -8.011621895783e-03
8.820000000 -9.419872442260e-03
8.830000000 -1.065977178432e-02
8.840000000 -1.172106262484e-02
8.850000000 -1.261393236440e-02
8.860000000 -1.326085901230e-02
8.870000000 -1.361983275020e-02
8.880000000 -1.357302046333e-02
8.890000000 -1.309473060425e-02
8.900000000 -1.212026909624e-02
8.910000000 -1.071256805137e-02
8.920000000 -8.902604911008e-03
8.930000000 -6.835662922569e-03
8.940000000 -4.607383409948e-03
8.950000000 -2.382512047144e-03
8.960000000 -2.561329305354e-04
8.970000000 1.658999438583e-03
8.980000000 3.319716509166e-03
8.990000000 4.702570785988e-03
9.000000000 5.828013807741e-03
9.010000000 6.747151308519e-03
9.020000000 7.501879535839e-03
9.030000000 8.156471072206e-03
9.040000000 8.714506709992e-03
9.050000000 9.210252900153e-03
9.060000000 9.594962083907e-03
9.070000000 9.885116556801e-03
9.080000000 1.001417890388e-02
9.090000000 1.001020669423e-02
9.100000000 9.816076444490e-03
9.110000000 9.471273810546e-03
9.120000000 8.934620552686e-03
9.130000000 8.252469179732e-03
9.140000000 7.414834514641e-03
9.150000000 6.485924618616e-03
9.160000000 5.490839418476e-03
9.170000000 4.491856880372e-03
9.180000000 3.500810169251e-03
9.190000000 2.525796207734e-03
9.200000000 1.527789717026e-03
9.210000000 4.610873673552e-04
9.220000000 -7.233745920244e-04
9.230000000 -2.051983479791e-03
9.240000000 -3.495808503255e-03
9.250000000 -4.984186381849e-03
9.260000000 -6.376298301311e-03
9.270000000 -7.530684616243e-03
9.280000000 -8.295290810123e-03
9.290000000 -8.599085194739e-03
9.300000000 -8.429360151392e-03
9.310000000 -7.886956236816e-03
9.320000000 -7.130688474768e-03
9.330000000 -6.377646125081e-03
9.340000000 -5.822011623438e-03
9.350000000 -5.589772890417e-03
9.360000000 -5.690943834999e-03
9.370000000 -6.005986522881e-03
9.380000000 -6.359289505566e-03
9.390000000 -6.544658743017e-03
9.400000000 -6.456339700423e-03
9.410000000 -6.041775598656e-03
9.420000000 -5.393790146860e-03
9.430000000 -4.619427415517e-03
9.440000000 -3.902018598410e-03
9.450000000 -3.362774345101e-03
9.460000000 -3.115611866731e-03
9.470000000 -3.179574000996e-03
9.480000000 -3.530826617238e-03
9.490000000 -4.083496753223e-03
9.500000000 -4.742453274339e-03
9.510000000 -5.438734198672e-03
9.520000000 -6.147179803265e-03
9.530000000 -6.902410875135e-03
9.540000000 -7.745006204016e-03
9.550000000 -8.725474775739e-03
9.560000000 -9.842090822595e-03
9.570000000 -1.106593427202e-02
9.580000000 -1.229335862576e-02
9.590000000 -1.337105848847e-02
9.600000000 -1.408528541581e-02
9.610000000 -1.420085383285e-02
9.620000000 -1.351799201019e-02
9.630000000 -1.192312302222e-02
9.640000000 -9.449887974958e-03
9.650000000 -6.277636351471e-03
9.660000000 -2.703398670938e-03
9.670000000 9.174299055127e-04
9.680000000 4.262203959142e-03
9.690000000 7.072435497276e-03
9.700000000 9.215765955854e-03
9.710000000 1.064791665792e-02
9.720000000 1.142791008313e-02
9.730000000 1.165480091707e-02
9.740000000 1.146793078175e-02
9.750000000 1.098168956085e-02
9.760000000 1.029932637588e-02
9.770000000 9.456305693820e-03
9.780000000 8.496393893658e-03
9.790000000 7.425979021903e-03
9.800000000 6.339278226844e-03
9.810000000 5.319689987894e-03
9.820000000 4.546350919327e-03
9.830000000 4.114801632851e-03
9.840000000 4.140140826055e-03
9.850000000 4.562773977430e-03
9.860000000 5.321751958620e-03
9.870000000 6.197322925710e-03
9.880000000 7.063652874718e-03
9.890000000 7.742426182345e-03
9.900000000 8.253268147048e-03
9.910000000 8.632809353438e-03
9.920000000 9.093702822139e-03
9.930000000 9.823171349358e-03
9.940000000 1.103870878477e-02
9.950000000 1.284643585594e-02
9.960000000 1.525488940565e-02
9.970000000 1.815585292107e-02
9.980000000 2.133603459172e-02
9.990000000 2.455403382532e-02
10.000000000 2.753424032186e-02
10.010000000 3.007482751699e-02
10.020000000 3.198754358327e-02
10.030000000 3.318985870712e-02
10.040000000 3.357136273902e-02
10.050000000 3.309601172602e-02
10.060000000 3.165337074767e-02
10.070000000 2.923692518655e-02
10.080000000 2.580834768424e-02
10.090000000 2.150270215010e-02
10.100000000 1.645851192131e-02
10.110000000 1.098640258479e-02
10.120000000 5.369776794488e-03
10.130000000 -1.046771854560e-05
10.140000000 -4.875522104625e-03
10.150000000 -8.958794549549e-03
10.160000000 -1.215428670342e-02
10.170000000 -1.444698757760e-02
10.180000000 -1.595425205695e-02
10.190000000 -1.689399430018e-02
10.200000000 -1.749805051429e-02
10.210000000 -1.806435828096e-02
10.220000000 -1.876270459734e-02
10.230000000 -1.979642412614e-02
10.240000000 -2.114093462515e-02
10.250000000 -2.279826057305e-02
10.260000000 -2.453468988562e-02
10.270000000 -2.619716122543e-02
10.280000000 -2.750822780844e-02
10.290000000 -2.835209698140e-02
10.300000000 -2.860379443896e-02
10.310000000 -2.826816590527e-02
10.320000000 -2.736315277563e-02
10.330000000 -2.592663030930e-02
10.340000000 -2.402942856381e-02
10.350000000 -2.168755439541e-02
10.360000000 -1.899382413451e-02
10.370000000 -1.596312880371e-02
10.380000000 -1.274058994349e-02
10.390000000 -9.419445201685e-03
10.400000000 -6.246231042062e-03
10.410000000 -3.418523388611e-03
10.420000000 -1.212627647703e-03
10.430000000 2.047098621815e-04
10.440000000 7.013622733383e-04
10.450000000 2.788646138647e-04
10.460000000 -9.955153570019e-04
10.470000000 -2.967799758858e-03
10.480000000 -5.437812926658e-03
10.490000000 -8.165481433026e-03
10.500000000 -1.088863210667e-02
10.510000000 -1.334743851577e-02
10.520000000 -1.530191466968e-02
10.530000000 -1.656560458629e-02
10.540000000 -1.701680161449e-02
10.550000000 -1.661584097411e-02
10.560000000 -1.538695865510e-02
10.570000000 -1.341524863856e-02
10.580000000 -1.080458863998e-02
10.590000000 -7.688645099782e-03
10.600000000 -4.183164019786e-03
10.610000000 -4.224064689070e-04
10.620000000 3.498809119241e-03
10.630000000 7.474234502171e-03
10.640000000 1.143491369580e-02
10.650000000 1.528718590886e-02
10.660000000 1.893479265518e-02
10.670000000 2.225474889955e-02
10.680000000 2.509798027384e-02
10.690000000 2.733856234498e-02
10.700000000 2.884291716607e-02
10.710000000 2.959209986214e-02
10.720000000 2.959130423387e-02
10.730000000 2.900015939887e-02
10.740000000 2.794345195959e-02
10.750000000 2.662082773344e-02
10.760000000 2.509097665071e-02
10.770000000 2.341775838465e-02
10.780000000 2.152913445518e-02
10.790000000 1.940017435283e-02
10.800000000 1.697277789388e-02
10.810000000 1.427656645939e-02
10.820000000 1.135487229627e-02
10.830000000 8.301211052923e-03
10.840000000 5.226702788659e-03
10.850000000 2.259207712961e-03
10.860000000 -4.442302348890e-04
10.870000000 -2.747822463958e-03
10.880000000 -4.514335305483e-03
10.890000000 -5.693303246451e-03
10.900000000 -6.262239326824e-03
10.910000000 -6.304353857681e-03
10.920000000 -5.903053555089e-03
10.930000000 -5.208713819253e-03
10.940000000 -4.328239056580e-03
10.950000000 -3.392576492814e-03
10.960000000 -2.477281736187e-03
10.970000000 -1.663558214674e-03
10.980000000 -1.005520537149e-03
10.990000000 -5.702231393368e-04
11.000000000 -4.342250616480e-04
11.010000000 -6.720712566683e-04
11.020000000 -1.352700099864e-03
11.030000000 -2.478700366507e-03
11.040000000 -4.026082781506e-03
11.050000000 -5.883601225926e-03
11.060000000 -7.962118511041e-03
11.070000000 -1.010577497121e-02
11.080000000 -1.222432293599e-02
11.090000000 -1.417090527739e-02
11.100000000 -1.589522153582e-02
11.110000000 -1.732484351645e-02
11.120000000 -1.849956851199e-02
11.130000000 -1.944800365837e-02
11.140000000 -2.025647719056e-02
11.150000000 -2.096444183056e-02
11.160000000 -2.159016697908e-02
11.170000000 -2.209660518085e-02
11.180000000 -2.241259234012e-02
11.190000000 -2.248750091531e-02
11.200000000 -2.228652713903e-02
11.210000000 -2.186948696465e-02
11.220000000 -2.128400863370e-02
11.230000000 -2.062794541406e-02
11.240000000 -1.988228365761e-02
11.250000000 -1.903687411673e-02
11.260000000 -1.796329114921e-02
11.270000000 -1.660794617525e-02
11.280000000 -1.488669992734e-02
11.290000000 -1.284563459867e-02
11.300000000 -1.053745048287e-02
11.310000000 -8.102368940654e-03
11.320000000 -5.654925226567e-03
11.330000000 -3.312534482353e-03
11.340000000 -1.136588329564e-03
11.350000000 8.661892568660e-04
11.360000000 2.736414798904e-03
11.370000000 4.572011318888e-03
11.380000000 6.453337201959e-03
11.390000000 8.471437338434e-03
11.400000000 1.062949712402e-02
11.410000000 1.292367926246e-02
11.420000000 1.526089249520e-02
11.430000000 1.756654872853e-02
11.440000000 1.970319006443e-02
11.450000000 2.156560994306e-02
11.460000000 2.301790444431e-02
11.470000000 2.398554662788e-02
11.480000000 2.441862890294e-02
11.490000000 2.434050091949e-02
11.500000000 2.380831324566e-02
11.510000000 2.290042823032e-02
11.520000000 2.171122862708e-02
11.530000000 2.031227900517e-02
11.540000000 1.879972278744e-02
11.550000000 1.723266526898e-02
11.560000000 1.570812380309e-02
11.570000000 1.428467297277e-02
11.580000000 1.305875354074e-02
11.590000000 1.207796739619e-02
11.600000000 1.139789453934e-02
11.610000000 1.100207050591e-02
11.620000000 1.087262286707e-02
11.630000000 1.094182682377e-02
11.640000000 1.118778587010e-02
11.650000000 1.156775230059e-02
11.660000000 1.209725625066e-02
11.670000000 1.273344284423e-02
11.680000000 1.344895535323e-02
11.690000000 1.412071893640e-02
11.700000000 1.464157217797e-02
11.710000000 1.486037931705e-02
11.720000000 1.469359908623e-02
11.730000000 1.407334265415e-02
11.740000000 1.299672145589e-02
11.750000000 1.148566352268e-02
11.760000000 9.600965160478e-03
11.770000000 7.439534017236e-03
11.780000000 5.116645857057e-03
11.790000000 2.770968650604e-03
11.800000000 5.202685969294e-04
11.810000000 -1.536417257479e-03
11.820000000 -3.349732979545e-03
11.830000000 -4.927201672743e-03
11.840000000 -6.314266245131e-03
11.850000000 -7.608490839690e-03
11.860000000 -8.877592005007e-03
11.870000000 -1.019833539342e-02
11.880000000 -1.156298089630e-02
11.890000000 -1.296398930838e-02
11.900000000 -1.432841118523e-02
11.910000000 -1.561613756110e-02
11.920000000 -1.676267019140e-02
11.930000000 -1.773595101391e-02
11.940000000 -1.847855765368e-02
11.950000000 -1.893433180130e-02
11.960000000 -1.902784174525e-02
11.970000000 -1.868334459246e-02
11.980000000 -1.784422957774e-02
11.990000000 -1.648072518319e-02
12.000000000 -1.462656539252e-02
12.010000000 -1.237157879265e-02
12.020000000 -9.880110512219e-03
12.030000000 -7.368563461007e-03
12.040000000 -5.084630275861e-03
12.050000000 -3.279774023387e-03
12.060000000 -2.154114604694e-03
12.070000000 -1.830483001972e-03
12.080000000 -2.306193260434e-03
12.090000000 -3.460316334639e-03
12.100000000 -5.078627171665e-03
12.110000000 -6.901789953588e-03
12.120000000 -8.691495758197e-03
12.130000000 -1.024897202192e-02
12.140000000 -1.143291362784e-02
12.150000000 -1.213957811388e-02
12.160000000 -1.227534933829e-02
12.170000000 -1.177101725956e-02
12.180000000 -1.056046239390e-02
12.190000000 -8.654241234373e-03
12.200000000 -6.122166894543e-03
12.210000000 -3.151122478449e-03
12.220000000 1.000468253058e-05
12.230000000 3.062520062220e-03
12.240000000 5.732964614131e-03
12.250000000 7.820679211151e-03
12.260000000 9.241779383302e-03
12.270000000 1.005306299544e-02
12.280000000 1.043539672551e-02
12.290000000 1.066739139216e-02
12.300000000 1.105571755707e-02
12.310000000 1.187838822080e-02
12.320000000 1.329687669100e-02
12.330000000 1.532083696946e-02
12.340000000 1.777019030183e-02
12.350000000 2.032416041661e-02
12.360000000 2.257167364301e-02
12.370000000 2.411497393720e-02
12.380000000 2.464274480693e-02
12.390000000 2.400173545280e-02
12.400000000 2.221548942306e-02
12.410000000 1.947456080209e-02
12.420000000 1.609032146786e-02
12.430000000 1.243003206682e-02
12.440000000 8.866585329945e-03
12.450000000 5.706082968721e-03
12.460000000 3.185647131691e-03
12.470000000 1.425705554971e-03
12.480000000 4.802478909901e-04
12.490000000 3.130596535618e-04
12.500000000 8.504393549014e-04
12.510000000 1.974401004506e-03
12.520000000 3.533827210831e-03
12.530000000 5.359933769352e-03
12.540000000 7.235741851827e-03
12.550000000 8.955054877706e-03
12.560000000 1.028631961946e-02
12.570000000 1.106583519219e-02
12.580000000 1.116777551085e-02
12.590000000 1.058569426606e-02
12.600000000 9.383852860569e-03
12.610000000 7.723394625912e-03
12.620000000 5.780989448743e-03
12.630000000 3.747252905197e-03
12.640000000 1.750905076973e-03
12.650000000 -1.274449207745e-04
12.660000000 -1.895981103559e-03
12.670000000 -3.620897395751e-03
12.680000000 -5.408797943031e-03
12.690000000 -7.382023174243e-03
12.700000000 -9.616974424567e-03
12.710000000 -1.217164014590e-02
12.720000000 -1.500676203888e-02
12.730000000 -1.805854065337e-02
12.740000000 -2.115194034349e-02
12.750000000 -2.410837123379e-02
12.760000000 -2.668180040368e-02
12.770000000 -2.868072581370e-02
12.780000000 -2.991547286886e-02
12.790000000 -3.028328749530e-02
12.800000000 -2.971236782254e-02
12.810000000 -2.819274592281e-02
12.820000000 -2.574131398195e-02
12.830000000 -2.240871346958e-02
12.840000000 -1.830646865816e-02
12.850000000 -1.361112083784e-02
12.860000000 -8.610453850822e-03
12.870000000 -3.649900295267e-03
12.880000000 8.784538401017e-04
12.890000000 4.630638785420e-03
12.900000000 7.339795665002e-03
12.910000000 8.869888979441e-03
12.920000000 9.211763852278e-03
12.930000000 8.474601707136e-03
12.940000000 6.849542103991e-03
12.950000000 4.580932330507e-03
12.960000000 1.929997700861e-03
12.970000000 -8.366269826314e-04
12.980000000 -3.476798710449e-03
12.990000000 -5.775808147731e-03
13.000000000 -7.574918270220e-03
13.010000000 -8.768496258642e-03
13.020000000 -9.307814529502e-03
13.030000000 -9.186858512510e-03
13.040000000 -8.429360190528e-03
13.050000000 -7.093586347461e-03
13.060000000 -5.257719808947e-03
13.070000000 -3.033237768515e-03
13.080000000 -5.292742431197e-04
13.090000000 2.137460645690e-03
13.100000000 4.880523720184e-03
13.110000000 7.637167958354e-03
13.120000000 1.037636618596e-02
13.130000000 1.311194817205e-02
13.140000000 1.583819105773e-02
13.150000000 1.858587273579e-02
13.160000000 2.127400247527e-02
13.170000000 2.385840464305e-02
13.180000000 2.613351582975e-02
13.190000000 2.798953376813e-02
13.200000000 2.917809049256e-02
13.210000000 2.962607539306e-02
13.220000000 2.916208221282e-02
13.230000000 2.781897857926e-02
13.240000000 2.554221000400e-02
13.250000000 2.244671310678e-02
13.260000000 1.856360064638e-02
13.270000000 1.404396433336e-02
13.280000000 8.987647935097e-03
13.290000000 3.573657979433e-03
13.300000000 -2.034052521198e-03
13.310000000 -7.644254942519e-03
13.320000000 -1.306375711726e-02
13.330000000 -1.811148939812e-02
13.340000000 -2.258568188513e-02
13.350000000 -2.632474301199e-02
13.360000000 -2.916008218463e-02
13.370000000 -3.102266077810e-02
13.380000000 -3.186448090786e-02
13.390000000 -3.176778766888e-02
13.400000000 -3.079492773200e-02
13.410000000 -2.911317618820e-02
13.420000000 -2.680186250706e-02
13.430000000 -2.403177028213e-02
13.440000000 -2.087179545905e-02
13.450000000 -1.750608724038e-02
13.460000000 -1.405827148450e-02
13.470000000 -1.076930299341e-02
13.480000000 -7.832051265186e-03
13.490000000 -5.465521955856e-03
13.500000000 -3.805968963717e-03
13.510000000 -2.902750527698e-03
13.520000000 -2.740417857741e-03
13.530000000 -3.170263753841e-03
13.540000000 -4.059099884196e-03
13.550000000 -5.132987346065e-03
13.560000000 -6.221218138363e-03
13.570000000 -7.033859268720e-03
13.580000000 -7.481870151524e-03
13.590000000 -7.428493431761e-03
13.600000000 -6.999620730906e-03
13.610000000 -6.297118073108e-03
13.620000000 -5.585889545163e-03
13.630000000 -5.027362233027e-03
13.640000000 -4.771468324307e-03
13.650000000 -4.848648148976e-03
13.660000000 -5.215698081461e-03
13.670000000 -5.811424630542e-03
13.680000000 -6.515370275974e-03
13.690000000 -7.284971096639e-03
13.700000000 -8.015145964607e-03
13.710000000 -8.701293576870e-03
13.720000000 -9.242780901238e-03
13.730000000 -9.615503805455e-03
13.740000000 -9.685009623450e-03
13.750000000 -9.381093466321e-03
13.760000000 -8.547421259592e-03
13.770000000 -7.099431338747e-03
13.780000000 -4.913541806596e-03
13.790000000 -1.967997761714e-03
13.800000000 1.729894197952e-03
13.810000000 6.032155176862e-03
13.820000000 1.072354574093e-02
13.830000000 1.547669572188e-02
13.840000000 1.994931733709e-02
13.850000000 2.379726087875e-02
13.860000000 2.675483717187e-02
13.870000000 2.866668798239e-02
13.880000000 2.949925659351e-02
13.890000000 2.936658789228e-02
13.900000000 2.845671738894e-02
13.910000000 2.705900411354e-02
13.920000000 2.543515462753e-02
13.930000000 2.386307219625e-02
13.940000000 2.249563429871e-02
13.950000000 2.143209677929e-02
13.960000000 2.061966404113e-02
13.970000000 1.995738082971e-02
13.980000000 1.926596390321e-02
13.990000000 1.838251248731e-02
14.000000000 1.717588290692e-02
14.010000000 1.557914020930e-02
14.020000000 1.362104433368e-02
14.030000000 1.137047960739e-02
14.040000000 8.970639130144e-03
14.050000000 6.529952932332e-03
14.060000000 4.186164585545e-03
14.070000000 2.010982850224e-03
14.080000000 1.050538227742e-04
14.090000000 -1.473399759257e-03
14.100000000 -2.634363011927e-03
14.110000000 -3.320512291122e-03
14.120000000 -3.476798722378e-03
14.130000000 -3.093024034324e-03
14.140000000 -2.203139982519e-03
14.150000000 -8.916392182373e-04
14.160000000 6.893560247652e-04
14.170000000 2.350666783014e-03
14.180000000 3.839985539463e-03
14.190000000 4.905792596759e-03
14.200000000 5.272726557147e-03
14.210000000 4.740003454113e-03
14.220000000 3.164636246392e-03
14.230000000 5.689515281024e-04
14.240000000 -2.909505317806e-03
14.250000000 -6.969050575973e-03
14.260000000 -1.125382102279e-02
14.270000000 -1.536966071278e-02
14.280000000 -1.898982210564e-02
14.290000000 -2.188659789978e-02
14.300000000 -2.395939238230e-02
14.310000000 -2.525529399863e-02
14.320000000 -2.589839524053e-02
14.330000000 -2.611273355207e-02
14.340000000 -2.608849356015e-02
14.350000000 -2.604050860570e-02
14.360000000 -2.605547648383e-02
14.370000000 -2.619734607752e-02
14.380000000 -2.637164000475e-02
14.390000000 -2.647886530851e-02
14.400000000 -2.631360999166e-02
14.410000000 -2.572356866908e-02
14.420000000 -2.452968734180e-02
14.430000000 -2.264320679442e-02
14.440000000 -2.001435199721e-02
14.450000000 -1.667577944497e-02
14.460000000 -1.273358636389e-02
14.470000000 -8.324928689547e-03
14.480000000 -3.673900667853e-03
14.490000000 1.026424017023e-03
14.500000000 5.495841949951e-03
14.510000000 9.548626915119e-03
14.520000000 1.293068727374e-02
14.530000000 1.553042166077e-02
14.540000000 1.718688859345e-02
14.550000000 1.790260798467e-02
14.560000000 1.764512559477e-02
14.570000000 1.654181904711e-02
14.580000000 1.468259336413e-02
14.590000000 1.229022994409e-02
14.600000000 9.534930977701e-03
14.610000000 6.687005559170e-03
14.620000000 3.942038316860e-03
14.630000000 1.548055548897e-03
14.640000000 -3.571852545010e-04
14.650000000 -1.647689563492e-03
14.660000000 -2.328204671784e-03
14.670000000 -2.452630732393e-03
14.680000000 -2.160117736934e-03
14.690000000 -1.608695030916e-03
14.700000000 -9.424879754275e-04
14.710000000 -2.757813387377e-04
14.720000000 3.521816313145e-04
14.730000000 9.339332039721e-04
14.740000000 1.527789659056e-03
14.750000000 2.184765528987e-03
14.760000000 2.966533781563e-03
14.770000000 3.880727128083e-03
14.780000000 4.907537674311e-03
14.790000000 5.987470533177e-03
14.800000000 7.060651270824e-03
14.810000000 8.078877155037e-03
14.820000000 9.003656198512e-03
14.830000000 9.804973697442e-03
14.840000000 1.042038893667e-02
14.850000000 1.077162124072e-02
14.860000000 1.072954883487e-02
14.870000000 1.017416716128e-02
14.880000000 8.978643261120e-03
14.890000000 7.099565206219e-03
14.900000000 4.548351901111e-03
14.910000000 1.470537605753e-03
14.920000000 -1.941004413384e-03
14.930000000 -5.390786809821e-03
14.940000000 -8.618458012352e-03
14.950000000 -1.133805383217e-02
14.960000000 -1.338092117260e-02
14.970000000 -1.460948733530e-02
14.980000000 -1.502277034206e-02
14.990000000 -1.466398303368e-02
15.000000000 -1.366606865214e-02
15.010000000 -1.219508331122e-02
15.020000000 -1.043339670485e-02
15.030000000 -8.596238406671e-03
15.040000000 -6.858547782620e-03
15.050000000 -5.440570398260e-03
15.060000000 -4.476315685340e-03
15.070000000 -4.135954377755e-03
15.080000000 -4.447300678902e-03
15.090000000 -5.432356333533e-03
15.100000000 -6.936588145954e-03
15.110000000 -8.789730376200e-03
15.120000000 -1.070553745790e-02
15.130000000 -1.243636633489e-02
15.140000000 -1.372609970184e-02
15.150000000 -1.439544200050e-02
15.160000000 -1.432040707958e-02
15.170000000 -1.345421389801e-02
15.180000000 -1.183212013042e-02
15.190000000 -9.560414562341e-03
15.200000000 -6.818527085470e-03
15.210000000 -3.823972859869e-03
15.220000000 -8.094191572795e-04
15.230000000 2.008326570005e-03
15.240000000 4.458305325199e-03
15.250000000 6.416544146052e-03
15.260000000 7.828048165958e-03
15.270000000 8.684494755163e-03
15.280000000 9.044677409993e-03
15.290000000 9.009671061244e-03
15.300000000 8.735517511370e-03
15.310000000 8.400949379519e-03
15.320000000 8.184232384862e-03
15.330000000 8.233439292153e-03
15.340000000 8.617456449421e-03
15.350000000 9.345177245783e-03
15.360000000 1.032033718417e-02
15.370000000 1.142608049219e-02
15.380000000 1.247945388550e-02
15.390000000 1.333983284997e-02
15.400000000 1.384916230254e-02
15.410000000 1.393097065730e-02
15.420000000 1.353399929909e-02
15.430000000 1.270392550212e-02
15.440000000 1.153396487516e-02
15.450000000 1.018728919579e-02
15.460000000 8.838570809167e-03
15.470000000 7.656020857941e-03
15.480000000 6.750490847824e-03
15.490000000 6.175336765268e-03
15.500000000 5.906054102431e-03
15.510000000 5.872303369345e-03
15.520000000 5.956079975752e-03
15.530000000 6.040798591975e-03
15.540000000 6.017111541249e-03
15.550000000 5.811121551598e-03
15.560000000 5.386785534564e-03
15.570000000 4.731320007991e-03
15.580000000 3.876004153755e-03
15.590000000 2.834155934206e-03
15.600000000 1.658857438705e-03
15.610000000 3.415339060382e-04
15.620000000 -1.078558361055e-03
15.630000000 -2.635300190000e-03
15.640000000 -4.282215302113e-03
15.650000000 -6.015796424076e-03
15.660000000 -7.719993331291e-03
15.670000000 -9.299913384919e-03
15.680000000 -1.058447484982e-02
15.690000000 -1.146301256751e-02
15.700000000 -1.183712272321e-02
15.710000000 -1.170166732591e-02
15.720000000 -1.109774031265e-02
15.730000000 -1.011969362628e-02
15.740000000 -8.875591010666e-03
15.750000000 -7.463731255717e-03
15.760000000 -5.967086723853e-03
15.770000000 -4.432231517158e-03
15.780000000 -2.898499641744e-03
15.790000000 -1.382645643704e-03
15.800000000 7.503828065832e-05
15.810000000 1.432527684489e-03
15.820000000 2.608348515998e-03
15.830000000 3.524026004166e-03
15.840000000 4.089114372271e-03
15.850000000 4.254712297881e-03
15.860000000 3.994065212355e-03
15.870000000 3.330556657647e-03
15.880000000 2.301189651897e-03
15.890000000 9.710387414574e-04
15.900000000 -5.823016985697e-04
15.910000000 -2.264009927404e-03
15.920000000 -3.952044539747e-03
15.930000000 -5.536251728824e-03
15.940000000 -6.885561763743e-03
15.950000000 -7.935038144653e-03
15.960000000 -8.604450778437e-03
15.970000000 -8.901056036111e-03
15.980000000 -8.789546510706e-03
15.990000000 -8.319687475151e-03
16.000000000 -7.488873799141e-03
16.010000000 -6.385991679873e-03
16.020000000 -5.040607548801e-03
16.030000000 -3.544297043841e-03
16.040000000 -1.895981138927e-03
16.050000000 -1.124538526186e-04
16.060000000 1.871967655128e-03
16.070000000 4.085324936933e-03
16.080000000 6.554389417308e-03
16.090000000 9.230405793228e-03
16.100000000 1.200821014932e-02
16.110000000 1.473784021074e-02
16.120000000 1.723391289803e-02
16.130000000 1.934990894752e-02
16.140000000 2.095183581856e-02
16.150000000 2.200147153829e-02
16.160000000 2.247062133871e-02
16.170000000 2.241316036952e-02
16.180000000 2.184929998926e-02
16.190000000 2.084701685064e-02
16.200000000 1.942304512286e-02
16.210000000 1.763274156900e-02
16.220000000 1.550501870780e-02
16.230000000 1.310265439029e-02
16.240000000 1.049542773231e-02
16.250000000 7.765497007987e-03
16.260000000 5.033602860119e-03
16.270000000 2.405926562001e-03
16.280000000 4.402223404713e-05
16.290000000 -1.951256879676e-03
16.300000000 -3.448784256013e-03
16.310000000 -4.437602171034e-03
16.320000000 -4.908539245822e-03
16.330000000 -4.984018267477e-03
16.340000000 -4.759462142912e-03
16.350000000 -4.384955886943e-03
16.360000000 -3.911023328056e-03
16.370000000 -3.371433114166e-03
16.380000000 -2.701397706315e-03
16.390000000 -1.838147849020e-03
16.400000000 -6.953601779790e-04
16.410000000 7.558195752048e-04
16.420000000 2.497291070484e-03
16.430000000 4.433567463722e-03
16.440000000 6.405312310423e-03
16.450000000 8.216973504249e-03
16.460000000 9.633982187827e-03
16.470000000 1.046124969828e-02
16.480000000 1.050743393945e-02
16.490000000 9.706262656363e-03
16.500000000 8.031153199513e-03
16.510000000 5.610900334600e-03
16.520000000 2.595341781556e-03
16.530000000 -7.622566533750e-04
16.540000000 -4.227186850648e-03
16.550000000 -7.546958623442e-03
16.560000000 -1.051243760114e-02
16.570000000 -1.297942460226e-02
16.580000000 -1.484767980144e-02
16.590000000 -1.613136013699e-02
16.600000000 -1.686472302237e-02
16.610000000 -1.719519022597e-02
16.620000000 -1.723691552165e-02
16.630000000 -1.716402932595e-02
16.640000000 -1.704781771991e-02
16.650000000 -1.695728676615e-02
16.660000000 -1.682170077177e-02
16.670000000 -1.655482672718e-02
16.680000000 -1.596725885209e-02
16.690000000 -1.490845287365e-02
16.700000000 -1.321683632563e-02
16.710000000 -1.083303404611e-02
16.720000000 -7.763015593618e-03
16.730000000 -4.125282860792e-03
16.740000000 -1.280667757088e-04
16.750000000 3.969658490655e-03
16.760000000 7.854061604497e-03
16.770000000 1.126703324400e-02
16.780000000 1.394421144781e-02
16.790000000 1.576071853458e-02
16.800000000 1.660258636697e-02
16.810000000 1.652051567690e-02
16.820000000 1.555704560999e-02
16.830000000 1.389372743201e-02
16.840000000 1.167503782387e-02
16.850000000 9.131424803339e-03
16.860000000 6.440330417499e-03
16.870000000 3.806883613962e-03
16.880000000 1.387717190779e-03
16.890000000 -6.937226690617e-04
16.900000000 -2.351216597047e-03
16.910000000 -3.585503622201e-03
16.920000000 -4.397274824626e-03
16.930000000 -4.888903992717e-03
16.940000000 -5.093634984370e-03
16.950000000 -5.138963987140e-03
16.960000000 -5.030602383932e-03
16.970000000 -4.873693353186e-03
16.980000000 -4.629394878432e-03
16.990000000 -4.344355354660e-03
17.000000000 -3.900017642577e-03
17.010000000 -3.229951722616e-03
17.020000000 -2.138106377066e-03
17.030000000 -5.033095287049e-04
17.040000000 1.799930386991e-03
17.050000000 4.781707203342e-03
17.060000000 8.353319819186e-03
17.070000000 1.235470169804e-02
17.080000000 1.651153927422e-02
17.090000000 2.058337965680e-02
17.100000000 2.423253259460e-02
17.110000000 2.724623767310e-02
17.120000000 2.932916858960e-02
17.130000000 3.037730053281e-02
17.140000000 3.022763327799e-02
17.150000000 2.894688258715e-02
17.160000000 2.654973105587e-02
17.170000000 2.325626727726e-02
17.180000000 1.920293126907e-02
17.190000000 1.466209080518e-02
17.200000000 9.790062905497e-03
17.210000000 4.815570170622e-03
17.220000000 -1.450755777316e-04
17.230000000 -4.931724438685e-03
17.240000000 -9.457892194249e-03
17.250000000 -1.361586875512e-02
17.260000000 -1.733996882781e-02
17.270000000 -2.058390841323e-02
17.280000000 -2.331005657507e-02
17.290000000 -2.553400851847e-02
17.300000000 -2.723208506002e-02
17.310000000 -2.845646315562e-02
17.320000000 -2.916808636583e-02
17.330000000 -2.941981432459e-02
17.340000000 -2.914207291180e-02
17.350000000 -2.838779246654e-02
17.360000000 -2.709901623705e-02
17.370000000 -2.536838002061e-02
17.380000000 -2.319499706700e-02
17.390000000 -2.071511792818e-02
17.400000000 -1.797829897552e-02
17.410000000 -1.513323975351e-02
17.420000000 -1.226134214874e-02
17.430000000 -9.508975264115e-03
17.440000000 -6.984613009028e-03
17.450000000 -4.813499140003e-03
17.460000000 -3.082594873913e-03
17.470000000 -1.826110730081e-03
17.480000000 -1.031534059400e-03
17.490000000 -6.054721407071e-04
17.500000000 -4.492328917228e-04
17.510000000 -4.216016681011e-04
17.520000000 -4.382271997555e-04
17.530000000 -3.969206642278e-04
17.540000000 -2.651376775516e-04
17.550000000 2.411833651662e-05
17.560000000 4.712431805978e-04
17.570000000 1.117136127454e-03
17.580000000 1.918991960341e-03
17.590000000 2.866948204235e-03
17.600000000 3.869000510323e-03
17.610000000 4.895084982400e-03
17.620000000 5.884042695895e-03
17.630000000 6.868061258316e-03
17.640000000 7.868068839877e-03
17.650000000 8.959085965275e-03
17.660000000 1.017025953951e-02
17.670000000 1.151610908442e-02
17.680000000 1.294069241538e-02
17.690000000 1.434889661714e-02
17.700000000 1.560907250925e-02
17.710000000 1.658945975525e-02
17.720000000 1.718288649029e-02
17.730000000 1.731646692759e-02
17.740000000 1.696177212908e-02
17.750000000 1.612230463626e-02
17.760000000 1.484667819603e-02
17.770000000 1.321137363960e-02
17.780000000 1.133786342644e-02
17.790000000 9.354559444207e-03
17.800000000 7.406830284258e-03
17.810000000 5.599349348474e-03
17.820000000 4.020078646081e-03
17.830000000 2.694252943919e-03
17.840000000 1.642849135736e-03
17.850000000 8.486205221312e-04
17.860000000 3.201650393986e-04
17.870000000 3.836344077332e-05
17.880000000 9.999660691565e-07
17.890000000 1.579113001202e-04
17.900000000 4.652400722164e-04
17.910000000 8.438968571048e-04
17.920000000 1.249645768954e-03
17.930000000 1.635376939250e-03
17.940000000 1.993030249398e-03
17.950000000 2.305290847741e-03
17.960000000 2.556321585134e-03
17.970000000 2.713769209313e-03
17.980000000 2.733413177221e-03
17.990000000 2.593373553283e-03
18.000000000 2.276176692949e-03
18.010000000 1.817230189965e-03
18.020000000 1.236639040790e-03
18.030000000 5.813113242073e-04
18.040000000 -1.550807610181e-04
18.050000000 -9.759115744608e-04
18.060000000 -1.922995131771e-03
18.070000000 -3.020788431183e-03
18.080000000 -4.286217397528e-03
18.090000000 -5.719178794718e-03
18.100000000 -7.286769292055e-03
18.110000000 -8.962168407197e-03
18.120000000 -1.066751782541e-02
18.130000000 -1.235786420592e-02
18.140000000 -1.392620322735e-02
18.150000000 -1.532500135375e-02
18.160000000 -1.643650156128e-02
18.170000000 -1.722284036330e-02
18.180000000 -1.757408992556e-02
18.190000000 -1.747999173400e-02
18.200000000 -1.686472303912e-02
18.210000000 -1.576763017676e-02
18.220000000 -1.417433156089e-02
18.230000000 -1.218015332893e-02
18.240000000 -9.829084186304e-03
18.250000000 -7.234938428663e-03
18.260000000 -4.467311061589e-03
18.270000000 -1.622732410595e-03
18.280000000 1.209625066364e-03
18.290000000 3.956318993498e-03
18.300000000 6.516369730196e-03
18.310000000 8.864918353820e-03
18.320000000 1.092464970543e-02
18.330000000 1.273546740816e-02
18.340000000 1.425137029496e-02
18.350000000 1.554691593678e-02
18.360000000 1.658557755365e-02
18.370000000 1.742783379510e-02
18.380000000 1.801731805386e-02
18.390000000 1.835171039867e-02
18.400000000 1.833048002195e-02
18.410000000 1.787211159060e-02
18.420000000 1.685471675261e-02
18.430000000 1.518079674309e-02
18.440000000 1.279961944407e-02
18.450000000 9.718297515744e-03
18.460000000 6.044125482400e-03
18.470000000 1.946205864679e-03
18.480000000 -2.324202641874e-03
18.490000000 -6.474501189783e-03
18.500000000 -1.018826996097e-02
18.510000000 -1.314942629378e-02
18.520000000 -1.510781436410e-02
18.530000000 -1.586314489397e-02
18.540000000 -1.534193545243e-02
18.550000000 -1.353650278179e-02
18.560000000 -1.057847177513e-02
18.570000000 -6.661663431204e-03
18.580000000 -2.102087764449e-03
18.590000000 2.739196652688e-03
18.600000000 7.421838037946e-03
18.610000000 1.150962698914e-02
18.620000000 1.458354209226e-02
18.630000000 1.633292294111e-02
18.640000000 1.658457703325e-02
18.650000000 1.533056774541e-02
18.660000000 1.271257442183e-02
18.670000000 8.970705713501e-03
18.680000000 4.429290282556e-03
18.690000000 -5.727248905470e-04
18.700000000 -5.651923751379e-03
18.710000000 -1.047796583665e-02
18.720000000 -1.472161462254e-02
18.730000000 -1.820288251055e-02
18.740000000 -2.079075359939e-02
18.750000000 -2.255430200005e-02
18.760000000 -2.356618906303e-02
18.770000000 -2.403888029281e-02
18.780000000 -2.406944935095e-02
18.790000000 -2.379980963862e-02
18.800000000 -2.319399656439e-02
18.810000000 -2.223828372009e-02
18.820000000 -2.080075877493e-02
18.830000000 -1.879359167055e-02
18.840000000 -1.610933235551e-02
18.850000000 -1.266762344646e-02
18.860000000 -8.458375258075e-03
18.870000000 -3.462510274214e-03
18.880000000 2.172122866799e-03
18.890000000 8.337120917431e-03
18.900000000 1.469059745869e-02
18.910000000 2.099151638524e-02
18.920000000 2.677584798581e-02
18.930000000 3.176800863408e-02
18.940000000 3.551736912620e-02
18.950000000 3.781001625416e-02
18.960000000 3.830381028160e-02
18.970000000 3.689768504082e-02
18.980000000 3.344029485682e-02
18.990000000 2.801474597497e-02
19.000000000 2.076874109151e-02
19.010000000 1.205236967896e-02
19.020000000 2.368224289571e-03
19.030000000 -7.702653269718e-03
19.040000000 -1.744302214591e-02
19.050000000 -2.628187431556e-02
19.060000000 -3.359537619142e-02
19.070000000 -3.912455320636e-02
19.080000000 -4.258802721735e-02
19.090000000 -4.414932121224e-02
19.100000000 -4.384567767810e-02
19.110000000 -4.208113797722e-02
19.120000000 -3.897215707903e-02
19.130000000 -3.488152646082e-02
19.140000000 -2.981542118835e-02
19.150000000 -2.396652302938e-02
19.160000000 -1.726292900246e-02
19.170000000 -9.805811610882e-03
19.180000000 -1.608832657723e-03
19.190000000 7.199412962175e-03
19.200000000 1.641248802244e-02
19.210000000 2.582486751753e-02
19.220000000 3.503011711509e-02
19.230000000 4.377837320328e-02
19.240000000 5.157167245624e-02
19.250000000 5.822687264634e-02
19.260000000 6.329973824636e-02
19.270000000 6.672895161679e-02
19.280000000 6.816725574060e-02
19.290000000 6.761812564934e-02
19.300000000 6.480551703919e-02
19.310000000 5.974966463907e-02
19.320000000 5.228904348182e-02
19.330000000 4.255047906493e-02
19.340000000 3.065485421491e-02
19.350000000 1.702017167512e-02
19.360000000 2.194134246129e-03
19.370000000 -1.306967716356e-02
19.380000000 -2.789642868226e-02
19.390000000 -4.143478656188e-02
19.400000000 -5.281831835754e-02
19.410000000 -6.147773074650e-02
19.420000000 -6.689960123892e-02
19.430000000 -6.906034605369e-02
19.440000000 -6.792012905914e-02
19.450000000 -6.396987088067e-02
19.460000000 -5.749173546333e-02
19.470000000 -4.925378399971e-02
19.480000000 -3.965951258510e-02
19.490000000 -2.953872406113e-02
19.500000000 -1.930198361109e-02
19.510000000 -9.652675570678e-03
19.520000000 -8.834574950987e-04
19.530000000 6.651528401481e-03
19.540000000 1.289767014468e-02
19.550000000 1.794023440293e-02
19.560000000 2.188231703043e-02
19.570000000 2.507447192205e-02
19.580000000 2.757626195538e-02
19.590000000 2.981849784495e-02
19.600000000 3.176843015697e-02
19.610000000 3.384631346230e-02
19.620000000 3.588656006573e-02
19.630000000 3.807106356465e-02
19.640000000 3.992664961179e-02
19.650000000 4.115885576230e-02
19.660000000 4.099220071776e-02
19.670000000 3.880310245429e-02
19.680000000 3.393254944503e-02
19.690000000 2.594763035365e-02
19.700000000 1.483767351849e-02
19.710000000 8.018648771146e-04
19.720000000 -1.530991890572e-02
19.730000000 -3.262281129780e-02
19.740000000 -4.966968988114e-02
19.750000000 -6.528921765820e-02
19.760000000 -7.797933171186e-02
19.770000000 -8.688693181097e-02
19.780000000 -9.103608470335e-02
19.790000000 -9.028599969899e-02
19.800000000 -8.440865697833e-02
19.810000000 -7.398771764028e-02
19.820000000 -5.941072797570e-02
19.830000000 -4.172530129524e-02
19.840000000 -2.170222502661e-02
19.850000000 -6.089096463051e-04
19.860000000 2.054262413416e-02
19.870000000 4.046662564931e-02
19.880000000 5.813306602171e-02
19.890000000 7.262849148819e-02
19.900000000 8.336311507753e-02
19.910000000 9.030554895152e-02
19.920000000 9.366144140216e-02
19.930000000 9.437216715462e-02
19.940000000 9.317518991124e-02
19.950000000 9.137246785363e-02
19.960000000 8.946727216500e-02
19.970000000 8.825825608390e-02
19.980000000 8.738219375607e-02
19.990000000 8.669224597897e-02
20.000000000 8.501897149032e-02
20.010000000 8.164767775892e-02
20.020000000 7.540099704527e-02
20.030000000 6.586058266645e-02
20.040000000 5.266423752576e-02
20.050000000 3.619677990220e-02
20.060000000 1.704881712474e-02
20.070000000 -3.810280597739e-03
20.080000000 -2.530608895821e-02
20.090000000 -4.637900618677e-02
20.100000000 -6.589608222303e-02
20.110000000 -8.294010076567e-02
20.120000000 -9.647889974695e-02
20.130000000 -1.058529001907e-01
20.140000000 -1.103620801691e-01
20.150000000 -1.099210450437e-01
20.160000000 -1.045580783224e-01
20.170000000 -9.507715160132e-02
20.180000000 -8.235159306276e-02
20.190000000 -6.788612830489e-02
20.200000000 -5.292937580515e-02
20.210000000 -3.901457166069e-02
20.220000000 -2.707900591757e-02
20.230000000 -1.806516593081e-02
20.240000000 -1.221631889207e-02
20.250000000 -9.670132237450e-03
20.260000000 -1.000017269491e-02
20.270000000 -1.263663981657e-02
20.280000000 -1.670864233547e-02
20.290000000 -2.122626390277e-02
20.300000000 -2.528407757616e-02
20.310000000 -2.796915279250e-02
20.320000000 -2.883391356204e-02
20.330000000 -2.749436971357e-02
20.340000000 -2.422953216257e-02
20.350000000 -1.932830630514e-02
20.360000000 -1.368107647028e-02
20.370000000 -7.986351527894e-03
20.380000000 -3.238675629881e-03
20.390000000 3.363793317379e-05
20.400000000 1.345695420181e-03
20.410000000 8.118054709705e-04
20.420000000 -1.323685191579e-03
20.430000000 -4.344283606062e-03
20.440000000 -7.630947326425e-03
20.450000000 -1.034164235738e-02
20.460000000 -1.204923247679e-02
20.470000000 -1.221699791186e-02
20.480000000 -1.087262393158e-02
20.490000000 -7.841558651720e-03
20.500000000 -3.490806033727e-03
20.510000000 2.116073671061e-03
20.520000000 8.429359110745e-03
20.530000000 1.516412909163e-02
20.540000000 2.163618972240e-02
20.550000000 2.729432907346e-02
20.560000000 3.138723299062e-02
20.570000000 3.318034512287e-02
20.580000000 3.208959625477e-02
20.590000000 2.752606170357e-02
20.600000000 1.947507198529e-02
20.610000000 7.933222065065e-03
20.620000000 -6.262239428533e-03
20.630000000 -2.236633585280e-02
20.640000000 -3.886210017317e-02
20.650000000 -5.458142101703e-02
20.660000000 -6.790612182732e-02
20.670000000 -7.783796128481e-02
20.680000000 -8.327006810600e-02
20.690000000 -8.385966499431e-02
20.700000000 -7.932402720218e-02
20.710000000 -7.008797571589e-02
20.720000000 -5.657926354333e-02
20.730000000 -3.974024194076e-02
20.740000000 -2.037253731761e-02
20.750000000 4.105787374776e-04
20.760000000 2.173123887981e-02
20.770000000 4.256368211387e-02
20.780000000 6.211912761515e-02
20.790000000 7.960330674134e-02
20.800000000 9.440382535614e-02
20.810000000 1.060589650932e-01
20.820000000 1.142260774834e-01
20.830000000 1.189063662211e-01
20.840000000 1.201601466013e-01
20.850000000 1.185392071078e-01
20.860000000 1.144752063331e-01
20.870000000 1.088365334718e-01
20.880000000 1.020497798656e-01
20.890000000 9.477688035370e-02
20.900000000 8.701300279980e-02
20.910000000 7.885697821901e-02
20.920000000 6.986013128369e-02
20.930000000 5.973673850148e-02
20.940000000 4.811888664743e-02
20.950000000 3.493940094527e-02
20.960000000 2.053161843047e-02
20.970000000 5.435024952822e-03
20.980000000 -9.305813577854e-03
20.990000000 -2.287567169916e-02
21.000000000 -3.418067893202e-02
21.010000000 -4.277508571636e-02
21.020000000 -4.811188419281e-02
21.030000000 -5.038105987383e-02
21.040000000 -4.965568265015e-02
21.050000000 -4.650380232717e-02
21.060000000 -4.123532761782e-02
21.070000000 -3.428817419417e-02
21.080000000 -2.582435701844e-02
21.090000000 -1.599069756442e-02
21.100000000 -4.952562064546e-03
21.110000000 6.993294469651e-03
21.120000000 1.919892915796e-02
21.130000000 3.087179009728e-02
21.140000000 4.091716189198e-02
21.150000000 4.840401613969e-02
21.160000000 5.237108589516e-02
21.170000000 5.236881392831e-02
21.180000000 4.807386335874e-02
21.190000000 3.982762214779e-02
21.200000000 2.798647410137e-02
21.210000000 1.344835443861e-02
21.220000000 -3.134621821729e-03
21.230000000 -2.076317259142e-02
21.240000000 -3.877105308963e-02
21.250000000 -5.622565872245e-02
21.260000000 -7.242946131816e-02
21.270000000 -8.656122102215e-02
21.280000000 -9.799868579692e-02
21.290000000 -1.063258628408e-01
21.300000000 -1.113475898898e-01
21.310000000 -1.133588949597e-01
21.320000000 -1.126972879579e-01
21.330000000 -1.101446549339e-01
21.340000000 -1.061238881763e-01
21.350000000 -1.012719849583e-01
21.360000000 -9.560945007798e-02
21.370000000 -8.928479365169e-02
21.380000000 -8.195538815696e-02
21.390000000 -7.354104688088e-02
21.400000000 -6.381400538032e-02
21.410000000 -5.287782905511e-02
21.420000000 -4.083612115082e-02
21.430000000 -2.792676895775e-02
21.440000000 -1.436442991400e-02
21.450000000 -3.222167536871e-04
21.460000000 1.392820311931e-02
21.470000000 2.814273137587e-02
21.480000000 4.172357896973e-02
21.490000000 5.407289152286e-02
21.500000000 6.412116306628e-02
21.510000000 7.102954688844e-02
21.520000000 7.374414009826e-02
21.530000000 7.190515991830e-02
21.540000000 6.536180472940e-02
21.550000000 5.493320723923e-02
21.560000000 4.177060329001e-02
21.570000000 2.769098871078e-02
21.580000000 1.443446495817e-02
21.590000000 3.663818245906e-03
21.600000000 -3.551837610943e-03
21.610000000 -6.775556407035e-03
21.620000000 -6.210212530526e-03
21.630000000 -2.697198833275e-03
21.640000000 2.758426075687e-03
21.650000000 8.848122785166e-03
21.660000000 1.467759070269e-02
21.670000000 1.936366660957e-02
21.680000000 2.277077652213e-02
21.690000000 2.488768152070e-02
21.700000000 2.635563061907e-02
21.710000000 2.773169707916e-02
21.720000000 2.974238225683e-02
21.730000000 3.275534076080e-02
21.740000000 3.692309614308e-02
21.750000000 4.213696025504e-02
21.760000000 4.804084627614e-02
21.770000000 5.442128728436e-02
21.780000000 6.088548956344e-02
21.790000000 6.747350693354e-02
21.800000000 7.387320684904e-02
21.810000000 8.009449131287e-02
21.820000000 8.546019967580e-02
21.830000000 8.942294878825e-02
21.840000000 9.079295779387e-02
21.850000000 8.867391862769e-02
21.860000000 8.207745010730e-02
21.870000000 7.064570018752e-02
21.880000000 5.448217775058e-02
21.890000000 3.430279274096e-02
21.900000000 1.135787373274e-02
21.910000000 -1.298103273937e-02
21.920000000 -3.706316977444e-02
21.930000000 -5.964883580099e-02
21.940000000 -7.939006136821e-02
21.950000000 -9.562018139170e-02
21.960000000 -1.075556286832e-01
21.970000000 -1.151745947796e-01
21.980000000 -1.182991852826e-01
21.990000000 -1.175304184162e-01
22.000000000 -1.132365668816e-01
22.010000000 -1.063898635538e-01
22.020000000 -9.746641051031e-02
22.030000000 -8.720885704225e-02
22.040000000 -7.566113275635e-02
22.050000000 -6.303022629009e-02
22.060000000 -4.903035924170e-02
22.070000000 -3.376847545752e-02
22.080000000 -1.731595645896e-02
22.090000000 -2.367724593650e-04
22.100000000 1.670263805857e-02
22.110000000 3.262552092806e-02
22.120000000 4.647703746583e-02
22.130000000 5.768338147269e-02
22.140000000 6.547086112742e-02
22.150000000 6.996349733728e-02
22.160000000 7.089766788772e-02
22.170000000 6.900339347142e-02
22.180000000 6.435328311234e-02
22.190000000 5.786764141722e-02
22.200000000 4.966668716125e-02
22.210000000 4.051157036714e-02
22.220000000 3.043674137619e-02
22.230000000 1.990359291553e-02
22.240000000 8.856580052692e-03
22.250000000 -2.527801960913e-03
22.260000000 -1.432140767135e-02
22.270000000 -2.649825247900e-02
22.280000000 -3.898716487416e-02
22.290000000 -5.166600576570e-02
22.300000000 -6.409314976404e-02
22.310000000 -7.584826183722e-02
22.320000000 -8.608752532036e-02
22.330000000 -9.419486473085e-02
22.340000000 -9.921631556973e-02
22.350000000 -1.006928110338e-01
22.360000000 -9.800769046546e-02
22.370000000 -9.122569989392e-02
22.380000000 -8.037457056388e-02
22.390000000 -6.613689295929e-02
22.400000000 -4.915442341161e-02
22.410000000 -3.053961029563e-02
22.420000000 -1.130384698170e-02
22.430000000 7.341878768432e-03
22.440000000 2.439761792137e-02
22.450000000 3.897620003737e-02
22.460000000 5.046510010007e-02
22.470000000 5.857038775126e-02
22.480000000 6.317967611619e-02
22.490000000 6.455439064844e-02
22.500000000 6.295255865016e-02
22.510000000 5.898699327410e-02
22.520000000 5.310546570434e-02
22.530000000 4.605369918920e-02
22.540000000 3.830381024414e-02
22.550000000 3.050887719509e-02
22.560000000 2.300189604863e-02
22.570000000 1.617301175684e-02
22.580000000 1.015325069103e-02
22.590000000 5.040879229881e-03
22.600000000 8.004133756855e-04
22.610000000 -2.710151663089e-03
22.620000000 -5.621908268280e-03
22.630000000 -8.208459173670e-03
22.640000000 -1.055045732865e-02
22.650000000 -1.279888908830e-02
22.660000000 -1.469860276195e-02
22.670000000 -1.599005885309e-02
22.680000000 -1.599627392152e-02
22.690000000 -1.418184138763e-02
22.700000000 -9.874107519150e-03
22.710000000 -2.810265094598e-03
22.720000000 7.053647565655e-03
22.730000000 1.922621496831e-02
22.740000000 3.283698278271e-02
22.750000000 4.674635204599e-02
22.760000000 5.961083029565e-02
22.770000000 7.036038479883e-02
22.780000000 7.792030000735e-02
22.790000000 8.187950113512e-02
22.800000000 8.179030158340e-02
22.810000000 7.798825957009e-02
22.820000000 7.062252557640e-02
22.830000000 6.058300946627e-02
22.840000000 4.845105842778e-02
22.850000000 3.536459495269e-02
22.860000000 2.202038840684e-02
22.870000000 9.290356561104e-03
22.880000000 -2.502294797682e-03
22.890000000 -1.319826643594e-02
22.900000000 -2.298488845593e-02
22.910000000 -3.228302435150e-02
22.920000000 -4.139941250246e-02
22.930000000 -5.087607323478e-02
22.940000000 -6.071840434241e-02
22.950000000 -7.126470401515e-02
22.960000000 -8.201541922173e-02
22.970000000 -9.292679102846e-02
22.980000000 -1.029442436719e-01
22.990000000 -1.116206008762e-01
23.000000000 -1.175948209940e-01
23.010000000 -1.203432382574e-01
23.020000000 -1.187594233300e-01
23.030000000 -1.126991946276e-01
23.040000000 -1.017366190855e-01
23.050000000 -8.627195931242e-02
23.060000000 -6.660644965813e-02
23.070000000 -4.358741976405e-02
23.080000000 -1.811737096337e-02
23.090000000 8.636998744853e-03
23.100000000 3.536729146208e-02
23.110000000 6.084532395351e-02
23.120000000 8.377032565436e-02
23.130000000 1.032652260428e-01
23.140000000 1.184062394512e-01
23.150000000 1.288748773796e-01
23.160000000 1.342164165214e-01
23.170000000 1.347172520583e-01
23.180000000 1.304174516853e-01
23.190000000 1.222099497004e-01
23.200000000 1.105351685094e-01
23.210000000 9.665888206842e-02
23.220000000 8.111695332130e-02
23.230000000 6.515180069072e-02
23.240000000 4.912040461143e-02
23.250000000 3.397340110603e-02
23.260000000 1.984226186916e-02
23.270000000 7.313816131005e-03
23.280000000 -3.643885235818e-03
23.290000000 -1.283697809930e-02
23.300000000 -2.044157304986e-02
23.310000000 -2.667675116636e-02
23.320000000 -3.183746704016e-02
23.330000000 -3.644632994530e-02
23.340000000 -4.074907615097e-02
23.350000000 -4.525955370415e-02
23.360000000 -4.989480634990e-02
23.370000000 -5.483136867513e-02
23.380000000 -5.951978441724e-02
23.390000000 -6.374130854983e-02
23.400000000 -6.667848691957e-02
23.410000000 -6.802072969469e-02
23.420000000 -6.713372236890e-02
23.430000000 -6.403090482834e-02
23.440000000 -5.860531144975e-02
23.450000000 -5.136112133423e-02
23.460000000 -4.273810488377e-02
23.470000000 -3.357974967649e-02
23.480000000 -2.460172469449e-02
23.490000000 -1.658484007474e-02
23.500000000 -1.008021412646e-02
23.510000000 -5.424184404978e-03
23.520000000 -2.761428829263e-03
23.530000000 -1.946113077199e-03
23.540000000 -2.761428829473e-03
23.550000000 -4.704339863047e-03
23.560000000 -7.277764691953e-03
23.570000000 -9.743906614551e-03
23.580000000 -1.150395048796e-02
23.590000000 -1.187986578046e-02
23.600000000 -1.060048321222e-02
23.610000000 -7.508875237250e-03
23.620000000 -3.057582001606e-03
23.630000000 2.240594958602e-03
23.640000000 7.396825048443e-03
23.650000000 1.170008841977e-02
23.660000000 1.432740956705e-02
23.670000000 1.504957125761e-02
23.680000000 1.382114772672e-02
23.690000000 1.118555079455e-02
23.700000000 7.854061531877e-03
23.710000000 4.714727309574e-03
23.720000000 2.536311175450e-03
23.730000000 1.742987182380e-03
23.740000000 2.455269260122e-03
23.750000000 4.267675723467e-03
23.760000000 6.662445223770e-03
23.770000000 8.822305886822e-03
23.780000000 1.018626775500e-02
23.790000000 1.020561754585e-02
23.800000000 8.804553127897e-03
23.810000000 6.072705810610e-03
23.820000000 2.522303929815e-03
23.830000000 -1.249041297801e-03
23.840000000 -4.496326126625e-03
23.850000000 -6.629430424117e-03
23.860000000 -7.179713982973e-03
23.870000000 -5.971926412787e-03
23.880000000 -2.980542159091e-03
23.890000000 1.590520824376e-03
23.900000000 7.505881450017e-03
23.910000000 1.440225866796e-02
23.920000000 2.194735062039e-02
23.930000000 2.970151431201e-02
23.940000000 3.723225601848e-02
23.950000000 4.398629575048e-02
23.960000000 4.942556243242e-02
23.970000000 5.295570799501e-02
23.980000000 5.413699920125e-02
23.990000000 5.265621975879e-02
24.000000000 4.857011999464e-02
24.010000000 4.221204331632e-02
24.020000000 3.432175069568e-02
24.030000000 2.578569261027e-02
24.040000000 1.762211359375e-02
24.050000000 1.065008864078e-02
24.060000000 5.515852199327e-03
24.070000000 2.449493314894e-03
24.080000000 1.464756960675e-03
24.090000000 2.182252173377e-03
24.100000000 4.158149991310e-03
24.110000000 6.707090423925e-03
24.120000000 9.278798405611e-03
24.130000000 1.129894889046e-02
24.140000000 1.247345068902e-02
24.150000000 1.266825782905e-02
24.160000000 1.200220696016e-02
24.170000000 1.079672080071e-02
24.180000000 9.425874473161e-03
24.190000000 8.402220150675e-03
24.200000000 8.063169678000e-03
24.210000000 8.830900307326e-03
24.220000000 1.079958495987e-02
24.230000000 1.411344357312e-02
24.240000000 1.848355913384e-02
24.250000000 2.363853952927e-02
24.260000000 2.884691909406e-02
24.270000000 3.342935654055e-02
24.280000000 3.636980995527e-02
24.290000000 3.687011945211e-02
24.300000000 3.408362753475e-02
24.310000000 2.763044907365e-02
24.320000000 1.737398525811e-02
24.330000000 3.761900086475e-03
24.340000000 -1.245544261045e-02
24.350000000 -3.011225113514e-02
24.360000000 -4.794479781017e-02
24.370000000 -6.461744868730e-02
24.380000000 -7.895783784645e-02
24.390000000 -9.002666292773e-02
24.400000000 -9.720027288803e-02
24.410000000 -1.002794864542e-01
24.420000000 -9.938540304402e-02
24.430000000 -9.510761210698e-02
24.440000000 -8.817860685609e-02
24.450000000 -7.967622997249e-02
24.460000000 -7.051246987798e-02
24.470000000 -6.173425669104e-02
24.480000000 -5.392489073318e-02
24.490000000 -4.763507547067e-02
24.500000000 -4.282715094954e-02
24.510000000 -3.940694043745e-02
24.520000000 -3.683605233582e-02
24.530000000 -3.463240955091e-02
24.540000000 -3.219465178993e-02
24.550000000 -2.903868430473e-02
24.560000000 -2.484985303850e-02
24.570000000 -1.935791027869e-02
24.580000000 -1.269356577096e-02
24.590000000 -4.918734115684e-03
24.600000000 3.371743254189e-03
24.610000000 1.183922255332e-02
24.620000000 1.966917233252e-02
24.630000000 2.651426006933e-02
24.640000000 3.168438663670e-02
24.650000000 3.503778717498e-02
24.660000000 3.619772094635e-02
24.670000000 3.528592950565e-02
24.680000000 3.228369660117e-02
24.690000000 2.756266678641e-02
24.700000000 2.143108359740e-02
24.710000000 1.446924500334e-02
24.720000000 7.212729822552e-03
24.730000000 3.180950238370e-04
24.740000000 -5.686941926052e-03
24.750000000 -1.034166998919e-02
24.760000000 -1.340793524685e-02
24.770000000 -1.484905316857e-02
24.780000000 -1.480365711854e-02
24.790000000 -1.362228696547e-02
24.800000000 -1.160800431767e-02
24.810000000 -9.212184093375e-03
24.820000000 -6.579403510661e-03
24.830000000 -3.989295431612e-03
24.840000000 -1.305675923359e-03
24.850000000 1.352198826188e-03
24.860000000 4.181161885181e-03
24.870000000 6.987884752945e-03
24.880000000 9.802069034780e-03
24.890000000 1.235112574978e-02
24.900000000 1.463256738261e-02
24.910000000 1.657460726169e-02
24.920000000 1.837250168749e-02
24.930000000 2.028505442413e-02
24.940000000 2.265071439155e-02
24.950000000 2.583197232480e-02
24.960000000 2.996949968875e-02
24.970000000 3.511505061956e-02
24.980000000 4.089214891504e-02
24.990000000 4.683886814379e-02
25.000000000 5.213896580180e-02
25.010000000 5.610980137897e-02
25.020000000 5.803001266846e-02
25.030000000 5.758944142781e-02
25.040000000 5.468328172910e-02
25.050000000 4.963490899756e-02
25.060000000 4.289818644274e-02
25.070000000 3.506912237264e-02
25.080000000 2.667479565682e-02
25.090000000 1.812341024287e-02
25.100000000 9.759046781243e-03
25.110000000 1.747186515977e-03
25.120000000 -5.632913986616e-03
25.130000000 -1.228105934536e-02
25.140000000 -1.786424006486e-02
25.150000000 -2.232487459896e-02
25.160000000 -2.540714127590e-02
25.170000000 -2.726703412884e-02
25.180000000 -2.790043081283e-02
25.190000000 -2.771534212359e-02
25.200000000 -2.685388953880e-02
25.210000000 -2.570268271993e-02
25.220000000 -2.422152807387e-02
25.230000000 -2.247903390351e-02
25.240000000 -2.014341886393e-02
25.250000000 -1.703666279605e-02
25.260000000 -1.280562373478e-02
25.270000000 -7.355851205199e-03
25.280000000 -6.503369847222e-04
25.290000000 7.073621131773e-03
25.300000000 1.541497204043e-02
25.310000000 2.382065595475e-02
25.320000000 3.162435558135e-02
25.330000000 3.823465755731e-02
25.340000000 4.307327699717e-02
25.350000000 4.584244898615e-02
25.360000000 4.631295256675e-02
25.370000000 4.458577671526e-02
25.380000000 4.076108112220e-02
25.390000000 3.518722512899e-02
25.400000000 2.815055892260e-02
25.410000000 2.011040718688e-02
25.420000000 1.150795131650e-02
25.430000000 2.888295740383e-03
25.440000000 -5.187683715550e-03
25.450000000 -1.223731856238e-02
25.460000000 -1.782521988686e-02
25.470000000 -2.181066298857e-02
25.480000000 -2.411447270723e-02
25.490000000 -2.501775451857e-02
25.500000000 -2.474079664404e-02
25.510000000 -2.375479780900e-02
25.520000000 -2.229052935876e-02
25.530000000 -2.066296255932e-02
25.540000000 -1.887376219688e-02
25.550000000 -1.691832725488e-02
25.560000000 -1.458554431811e-02
25.570000000 -1.165336087383e-02
25.580000000 -7.899086062330e-03
25.590000000 -3.095303842965e-03
25.600000000 2.785440005956e-03
25.610000000 9.778608455573e-03
25.620000000 1.756908615127e-02
25.630000000 2.588911635588e-02
25.640000000 3.407962545084e-02
25.650000000 4.162971227868e-02
25.660000000 4.769666822544e-02
25.670000000 5.172383047397e-02
25.680000000 5.295538805069e-02
25.690000000 5.106876043094e-02
25.700000000 4.570063587119e-02
25.710000000 3.701169192603e-02
25.720000000 2.523505100993e-02
25.730000000 1.109564287462e-02
25.740000000 -4.602380998390e-03
25.750000000 -2.077086370872e-02
25.760000000 -3.635680448038e-02
25.770000000 -5.036730431132e-02
25.780000000 -6.196404862302e-02
25.790000000 -7.068503480260e-02
25.800000000 -7.618540395028e-02
25.810000000 -7.865116270493e-02
25.820000000 -7.818343733927e-02
25.830000000 -7.545071778652e-02
25.840000000 -7.079661685407e-02
25.850000000 -6.509582458960e-02
25.860000000 -5.866134045342e-02
25.870000000 -5.223435233479e-02
25.880000000 -4.584171010288e-02
25.890000000 -3.985391168922e-02
25.900000000 -3.394255582529e-02
25.910000000 -2.806617944397e-02
25.920000000 -2.165920283900e-02
25.930000000 -1.440423910910e-02
25.940000000 -5.801000930257e-03
25.950000000 4.403899772437e-03
25.960000000 1.622238963229e-02
25.970000000 2.947580446115e-02
25.980000000 4.347148294377e-02
25.990000000 5.757402428842e-02
26.000000000 7.065954468954e-02
26.010000000 8.203551166493e-02
26.020000000 9.071291635248e-02
26.030000000 9.640422923257e-02
26.040000000 9.865802558628e-02
26.050000000 9.772023398456e-02
26.060000000 9.364343202344e-02
26.070000000 8.695855392317e-02
26.080000000 7.793530773487e-02
26.090000000 6.711068523451e-02
26.100000000 5.480034226207e-02
26.110000000 4.151674536507e-02
26.120000000 2.769632398342e-02
26.130000000 1.397006763694e-02
26.140000000 9.644982038208e-04
26.150000000 -1.064549116387e-02
26.160000000 -2.029949959897e-02
26.170000000 -2.765178762796e-02
26.180000000 -3.254083085192e-02
26.190000000 -3.515678450109e-02
26.200000000 -3.570346657668e-02
26.210000000 -3.467738405206e-02
26.220000000 -3.229770510698e-02
26.230000000 -2.902094598725e-02
26.240000000 -2.490788306937e-02
26.250000000 -2.032836272155e-02
26.260000000 -1.532792828862e-02
26.270000000 -1.030727786087e-02
26.280000000 -5.423805847400e-03
26.290000000 -1.079722554407e-03
26.300000000 2.559323050277e-03
26.310000000 5.282894059043e-03
26.320000000 7.099671331632e-03
26.330000000 8.094246317069e-03
26.340000000 8.447368364316e-03
26.350000000 8.389858636943e-03
26.360000000 8.062169137927e-03
26.370000000 7.577403685201e-03
26.380000000 6.854544550708e-03
26.390000000 5.785785881219e-03
26.400000000 4.119129785890e-03
26.410000000 1.660605744369e-03
26.420000000 -1.793928465542e-03
26.430000000 -6.282964549128e-03
26.440000000 -1.173406953612e-02
26.450000000 -1.785871591446e-02
26.460000000 -2.424554050614e-02
26.470000000 -3.033916228568e-02
26.480000000 -3.556839672108e-02
26.490000000 -3.937891978476e-02
26.500000000 -4.133938149169e-02
26.510000000 -4.116786275231e-02
26.520000000 -3.877505521476e-02
26.530000000 -3.425463256861e-02
26.540000000 -2.789943030959e-02
26.550000000 -2.013532760012e-02
26.560000000 -1.156498208485e-02
26.570000000 -2.804263180840e-03
26.580000000 5.410797838546e-03
26.590000000 1.252274412810e-02
26.600000000 1.795528588467e-02
26.610000000 2.151144039258e-02
26.620000000 2.303491308268e-02
26.630000000 2.282028352045e-02
26.640000000 2.110691591663e-02
26.650000000 1.845901027647e-02
26.660000000 1.516784421096e-02
26.670000000 1.168157723672e-02
26.680000000 8.062169134579e-03
26.690000000 4.504480860473e-03
26.700000000 8.714500731955e-04
26.710000000 -2.813702529485e-03
26.720000000 -6.771502884897e-03
26.730000000 -1.107932402143e-02
26.740000000 -1.592623774106e-02
26.750000000 -2.134784166412e-02
26.760000000 -2.729511775965e-02
26.770000000 -3.358164625152e-02
26.780000000 -3.982860011402e-02
26.790000000 -4.567682409102e-02
26.800000000 -5.060117172014e-02
26.810000000 -5.431046255068e-02
26.820000000 -5.638316218292e-02
26.830000000 -5.676355218732e-02
26.840000000 -5.524457330159e-02
26.850000000 -5.200588719454e-02
26.860000000 -4.702532228085e-02
26.870000000 -4.061881332311e-02
26.880000000 -3.288700990407e-02
26.890000000 -2.423423022387e-02
26.900000000 -1.491671561490e-02
26.910000000 -5.453470538283e-03
26.920000000 3.739933659092e-03
26.930000000 1.214533568833e-02
26.940000000 1.939503052130e-02
26.950000000 2.526580580785e-02
26.960000000 2.970336202064e-02
26.970000000 3.294059398793e-02
26.980000000 3.521121069606e-02
26.990000000 3.699974092669e-02
27.000000000 3.851291834882e-02
27.010000000 4.013409978509e-02
27.020000000 4.177860737264e-02
27.030000000 4.355083771756e-02
27.040000000 4.508431709528e-02
27.050000000 4.628494703444e-02
27.060000000 4.671215901973e-02
27.070000000 4.623806891471e-02
27.080000000 4.453903507338e-02
27.090000000 4.156740372631e-02
27.100000000 3.724026012518e-02
27.110000000 3.166023871581e-02
27.120000000 2.502494232646e-02
27.130000000 1.756624090014e-02
27.140000000 9.681006397190e-03
27.150000000 1.632890766911e-03
27.160000000 -6.112161876378e-03
27.170000000 -1.333593601311e-02
27.180000000 -1.959013272299e-02
27.190000000 -2.471661220339e-02
27.200000000 -2.832965282885e-02
27.210000000 -3.034737770272e-02
27.220000000 -3.051978557220e-02
27.230000000 -2.891434269142e-02
27.240000000 -2.551419666701e-02
27.250000000 -2.059652799315e-02
27.260000000 -1.440144912131e-02
27.270000000 -7.373265013718e-03
27.280000000 8.604385270853e-05
27.290000000 7.515711366286e-03
27.300000000 1.452451147067e-02
27.310000000 2.079638640280e-02
27.320000000 2.606548049379e-02
27.330000000 3.020926785300e-02
27.340000000 3.308611158475e-02
27.350000000 3.471376360287e-02
27.360000000 3.502211289014e-02
27.370000000 3.410579230019e-02
27.380000000 3.194652218532e-02
27.390000000 2.867479910655e-02
27.400000000 2.430156819229e-02
27.410000000 1.893979400513e-02
27.420000000 1.262753034517e-02
27.430000000 5.488148698098e-03
27.440000000 -2.319200148279e-03
27.450000000 -1.056570219689e-02
27.460000000 -1.890377774109e-02
27.470000000 -2.700902731803e-02
27.480000000 -3.442880733254e-02
27.490000000 -4.087293432266e-02
27.500000000 -4.592075100001e-02
27.510000000 -4.941853501670e-02
27.520000000 -5.104840303703e-02
27.530000000 -5.081142280160e-02
27.540000000 -4.852109590651e-02
27.550000000 -4.433738259309e-02
27.560000000 -3.825778769334e-02
27.570000000 -3.061435481046e-02
27.580000000 -2.162518526237e-02
27.590000000 -1.176776770439e-02
27.600000000 -1.458755125240e-03
27.610000000 8.761832925169e-03
27.620000000 1.838850993876e-02
27.630000000 2.698960164032e-02
27.640000000 3.417867665950e-02
27.650000000 3.983654817216e-02
27.660000000 4.385768266984e-02
27.670000000 4.646961426716e-02
27.680000000 4.775769977001e-02
27.690000000 4.805537715627e-02
27.700000000 4.735849329904e-02
27.710000000 4.583460594141e-02
27.720000000 4.326737736156e-02
27.730000000 3.967460697177e-02
27.740000000 3.481300473481e-02
27.750000000 2.877505166610e-02
27.760000000 2.152313117268e-02
27.770000000 1.335477862662e-02
27.780000000 4.495324340393e-03
27.790000000 -4.597515778034e-03
27.800000000 -1.352499582272e-02
27.810000000 -2.180327831806e-02
27.820000000 -2.901000471535e-02
27.830000000 -3.479541025973e-02
27.840000000 -3.887810852804e-02
27.850000000 -4.118014101153e-02
27.860000000 -4.166555020133e-02
27.870000000 -4.055009258354e-02
27.880000000 -3.800965936399e-02
27.890000000 -3.443426373723e-02
27.900000000 -3.007555582237e-02
27.910000000 -2.531821036929e-02
27.920000000 -2.036453325297e-02
27.930000000 -1.549952017228e-02
27.940000000 -1.089063332411e-02
27.950000000 -6.756032469673e-03
27.960000000 -3.287701065257e-03
27.970000000 -6.285654261741e-04
27.980000000 1.053544239450e-03
27.990000000 1.793486551768e-03
28.000000000 1.559806079362e-03
28.010000000 6.321341313306e-04
28.020000000 -8.664487870423e-04
28.030000000 -2.509735971709e-03
28.040000000 -4.161152817924e-03
28.050000000 -5.495759506025e-03
28.060000000 -6.584406131917e-03
28.070000000 -7.426777482571e-03
28.080000000 -8.366327747258e-03
28.090000000 -9.667551190552e-03
28.100000000 -1.171105765167e-02
28.110000000 -1.471270491176e-02
28.120000000 -1.876870788946e-02
28.130000000 -2.378935523671e-02
28.140000000 -2.947124327264e-02
28.150000000 -3.543098809967e-02
28.160000000 -4.112326973541e-02
28.170000000 -4.608739497266e-02
28.180000000 -4.978374896110e-02
28.190000000 -5.188347727168e-02
28.200000000 -5.202790964786e-02
28.210000000 -5.014151502321e-02
28.220000000 -4.613686278119e-02
28.230000000 -4.022854593382e-02
28.240000000 -3.261687020124e-02
28.250000000 -2.378006952859e-02
28.260000000 -1.416132493883e-02
28.270000000 -4.393004175913e-03
28.280000000 5.001586175283e-03
28.290000000 1.345842605874e-02
28.300000000 2.060865819890e-02
28.310000000 2.618647701488e-02
28.320000000 3.014659124588e-02
28.330000000 3.262095217702e-02
28.340000000 3.386151261400e-02
28.350000000 3.427658852262e-02
28.360000000 3.420469010620e-02
28.370000000 3.408004839970e-02
28.380000000 3.408562852699e-02
28.390000000 3.445208033444e-02
28.400000000 3.507514030520e-02
28.410000000 3.591263026948e-02
28.420000000 3.665895946095e-02
28.430000000 3.714159499082e-02
28.440000000 3.708517990321e-02
28.450000000 3.637157654497e-02
28.460000000 3.490105026469e-02
28.470000000 3.264973726843e-02
28.480000000 2.967134544568e-02
28.490000000 2.598683305889e-02
28.500000000 2.177125949764e-02
28.510000000 1.712112729703e-02
28.520000000 1.238040251842e-02
28.530000000 7.780094195292e-03
28.540000000 3.799964690377e-03
28.550000000 7.064004341348e-04
28.560000000 -1.090564706106e-03
28.570000000 -1.506014525730e-03
28.580000000 -4.032092040161e-04
28.590000000 2.002569272850e-03
28.600000000 5.553871815704e-03
28.610000000 9.795660752509e-03
28.620000000 1.440344884292e-02
28.630000000 1.883591623275e-02
28.640000000 2.278278265895e-02
28.650000000 2.582197604489e-02
28.660000000 2.785840778707e-02
28.670000000 2.876909595026e-02
28.680000000 2.873586160858e-02
28.690000000 2.788810727466e-02
28.700000000 2.649870454412e-02
28.710000000 2.473967941118e-02
28.720000000 2.278878576294e-02
28.730000000 2.077711253838e-02
28.740000000 1.879171846770e-02
28.750000000 1.697213407170e-02
28.760000000 1.537094923552e-02
28.770000000 1.413587385958e-02
28.780000000 1.325285375006e-02
28.790000000 1.278259711630e-02
28.800000000 1.256649876502e-02
28.810000000 1.251330196521e-02
28.820000000 1.233537922910e-02
28.830000000 1.185861513064e-02
28.840000000 1.079158077176e-02
28.850000000 9.030088422527e-03
28.860000000 6.423321494931e-03
28.870000000 3.059255208529e-03
28.880000000 -1.018527451572e-03
28.890000000 -5.522424992325e-03
28.900000000 -1.026931198491e-02
28.910000000 -1.486803356833e-02
28.920000000 -1.913489729207e-02
28.930000000 -2.275192709194e-02
28.940000000 -2.570529552169e-02
28.950000000 -2.790463000480e-02
28.960000000 -2.957329606322e-02
28.970000000 -3.083855368535e-02
28.980000000 -3.204857628568e-02
28.990000000 -3.339804195825e-02
29.000000000 -3.518920062609e-02
29.010000000 -3.754052386241e-02
29.020000000 -4.058999393258e-02
29.030000000 -4.430445845474e-02
29.040000000 -4.861514456444e-02
29.050000000 -5.332239919940e-02
29.060000000 -5.816708485643e-02
29.070000000 -6.283443319767e-02
29.080000000 -6.699264946477e-02
29.090000000 -7.035806274156e-02
29.100000000 -7.269159697749e-02
29.110000000 -7.384814516968e-02
29.120000000 -7.374714290918e-02
29.130000000 -7.239402116092e-02
29.140000000 -6.986913719336e-02
29.150000000 -6.632017903521e-02
29.160000000 -6.195904607104e-02
29.170000000 -5.701963401588e-02
29.180000000 -5.174276217899e-02
29.190000000 -4.632593849267e-02
29.200000000 -4.091216056000e-02
29.210000000 -3.557502037728e-02
29.220000000 -3.033669089601e-02
29.230000000 -2.517636045934e-02
29.240000000 -2.008038630514e-02
29.250000000 -1.502833917502e-02
29.260000000 -1.007521159938e-02
29.270000000 -5.252985669518e-03
29.280000000 -6.833541031078e-04
29.290000000 3.613144176766e-03
29.300000000 7.533895882688e-03
29.310000000 1.113499803893e-02
29.320000000 1.436743020665e-02
29.330000000 1.734120768985e-02
29.340000000 2.002535650266e-02
29.350000000 2.252408134089e-02
29.360000000 2.479482328478e-02
29.370000000 2.690327918167e-02
29.380000000 2.879389161455e-02
29.390000000 3.049098009256e-02
29.400000000 3.194652216419e-02
29.410000000 3.316565686930e-02
29.420000000 3.413765542458e-02
29.430000000 3.488283390408e-02
29.440000000 3.545433641568e-02
29.450000000 3.590129663965e-02
29.460000000 3.631478144018e-02
29.470000000 3.672270788925e-02
29.480000000 3.718223008698e-02
29.490000000 3.765245660703e-02
29.500000000 3.813372220131e-02
29.510000000 3.855193693761e-02
29.520000000 3.890011858357e-02
29.530000000 3.913821038523e-02
29.540000000 3.928231625713e-02
29.550000000 3.933448258447e-02
29.560000000 3.931133126357e-02
29.570000000 3.921919953115e-02
29.580000000 3.904119154630e-02
29.590000000 3.875434850129e-02
29.600000000 3.830781224014e-02
29.610000000 3.766145632095e-02
29.620000000 3.676701533522e-02
29.630000000 3.558433170267e-02
29.640000000 3.406861971681e-02
29.650000000 3.215246803738e-02
29.660000000 2.976639459304e-02
29.670000000 2.680247501946e-02
29.680000000 2.318499067125e-02
29.690000000 1.883058889185e-02
29.700000000 1.375911558055e-02
29.710000000 8.036746845573e-03
29.720000000 1.872968029661e-03
29.730000000 -4.487621711191e-03
29.740000000 -1.071254123318e-02
29.750000000 -1.652090927229e-02
29.760000000 -2.163619097735e-02
29.770000000 -2.591006804510e-02
29.780000000 -2.923111909686e-02
29.790000000 -3.162215445811e-02
29.800000000 -3.309511756851e-02
29.810000000 -3.377203579266e-02
29.820000000 -3.371443788302e-02
29.830000000 -3.310719899371e-02
29.840000000 -3.205557991698e-02
29.850000000 -3.080298889388e-02
29.860000000 -2.948124846534e-02
29.870000000 -2.832726768678e-02
29.880000000 -2.742518506348e-02
29.890000000 -2.690610398687e-02
29.900000000 -2.674383266621e-02
29.910000000 -2.691017820049e-02
29.920000000 -2.727510744331e-02
29.930000000 -2.768028343172e-02
29.940000000 -2.796946656811e-02
29.950000000 -2.793986428001e-02
29.960000000 -2.749722232220e-02
29.970000000 -2.647423171671e-02
29.980000000 -2.489387586392e-02
29.990000000 -2.268416706252e-02
30.000000000 -2.001535267750e-02
30.010000000 -1.694571116543e-02
30.020000000 -1.377912728348e-02
30.030000000 -1.067038035911e-02
30.040000000 -7.959117157235e-03
30.050000000 -5.777390502043e-03
30.060000000 -4.355253228357e-03
30.070000000 -3.693551349141e-03
30.080000000 -3.842988283621e-03
30.090000000 -4.665882979274e-03
30.100000000 -6.061135516142e-03
30.110000000 -7.805512743881e-03
30.120000000 -9.714024801498e-03
30.130000000 -1.155620758028e-02
30.140000000 -1.315580490056e-02
30.150000000 -1.436905528464e-02
30.160000000 -1.510981552084e-02
30.170000000 -1.537122060906e-02
30.180000000 -1.516184242952e-02
30.190000000 -1.457693848109e-02
30.200000000 -1.365406260154e-02
30.210000000 -1.251061561158e-02
30.220000000 -1.113475961079e-02
30.230000000 -9.596839583704e-03
30.240000000 -7.802035916444e-03
30.250000000 -5.774378648064e-03
30.260000000 -3.394756458678e-03
30.270000000 -7.130789846437e-04
30.280000000 2.330204507864e-03
30.290000000 5.633031401916e-03
30.300000000 9.204760048120e-03
30.310000000 1.295287073825e-02
30.320000000 1.689073525703e-02
30.330000000 2.095824534772e-02
30.340000000 2.514900645912e-02
30.350000000 2.936888037541e-02
30.360000000 3.352834027515e-02
30.370000000 3.744944802449e-02
30.380000000 4.096718766883e-02
30.390000000 4.387886432238e-02
30.400000000 4.605381848913e-02
30.410000000 4.738196042574e-02
30.420000000 4.784974734864e-02
30.430000000 4.746250253397e-02
30.440000000 4.628994061177e-02
30.450000000 4.439369761916e-02
30.460000000 4.188966477588e-02
30.470000000 3.890302226721e-02
30.480000000 3.565043782903e-02
30.490000000 3.236797794544e-02
30.500000000 2.935818345624e-02
30.510000000 2.686160074157e-02
30.520000000 2.507196661200e-02
30.530000000 2.403656518334e-02
30.540000000 2.368324836260e-02
30.550000000 2.383058572831e-02
30.560000000 2.421152158687e-02
30.570000000 2.457794880854e-02
30.580000000 2.467276014061e-02
30.590000000 2.436665279670e-02
30.600000000 2.357018988780e-02
30.610000000 2.235128915574e-02
30.620000000 2.080876166874e-02
30.630000000 1.912904580580e-02
30.640000000 1.745402658963e-02
30.650000000 1.588237011783e-02
30.660000000 1.439144261192e-02
30.670000000 1.282743959374e-02
30.680000000 1.093165319839e-02
30.690000000 8.358744484635e-03
30.700000000 4.812488348018e-03
30.710000000 6.018027834225e-05
30.720000000 -5.898051174923e-03
30.730000000 -1.292996149359e-02
30.740000000 -2.063167144713e-02
30.750000000 -2.859619748242e-02
30.760000000 -3.623974398864e-02
30.770000000 -4.317702965898e-02
30.780000000 -4.892230344612e-02
30.790000000 -5.331239912278e-02
30.800000000 -5.608800957074e-02
30.810000000 -5.733286343400e-02
30.820000000 -5.700648460896e-02
30.830000000 -5.537190092406e-02
30.840000000 -5.254417669031e-02
30.850000000 -4.885807669868e-02
30.860000000 -4.445799449316e-02
30.870000000 -3.959450279667e-02
30.880000000 -3.430274216682e-02
30.890000000 -2.866434639381e-02
30.900000000 -2.261669811047e-02
30.910000000 -1.617348685907e-02
30.920000000 -9.357840590337e-03
30.930000000 -2.299415195735e-03
30.940000000 4.748455227388e-03
30.950000000 1.150887314479e-02
30.960000000 1.758209282251e-02
30.970000000 2.271527698041e-02
30.980000000 2.658875109261e-02
30.990000000 2.916968931510e-02
31.000000000 3.037771075355e-02
31.010000000 3.044115835788e-02
31.020000000 2.948324813463e-02
31.030000000 2.784730356265e-02
31.040000000 2.568328278109e-02
31.050000000 2.323316274150e-02
31.060000000 2.050360383561e-02
31.070000000 1.752989931906e-02
31.080000000 1.421034894535e-02
31.090000000 1.054124344890e-02
31.100000000 6.575400127022e-03
31.110000000 2.536539321700e-03
31.120000000 -1.225634591425e-03
31.130000000 -4.301249709929e-03
31.140000000 -6.299258685026e-03
31.150000000 -6.986489821993e-03
31.160000000 -6.291254545471e-03
31.170000000 -4.370496517164e-03
31.180000000 -1.492772756702e-03
31.190000000 1.970847835498e-03
31.200000000 5.689942164498e-03
31.210000000 9.385035248448e-03
31.220000000 1.288466329535e-02
31.230000000 1.610834870865e-02
31.240000000 1.901383332001e-02
31.250000000 2.159996858448e-02
31.260000000 2.379930838166e-02
31.270000000 2.554128489631e-02
31.280000000 2.664678110277e-02
31.290000000 2.695153467663e-02
31.300000000 2.623756945708e-02
31.310000000 2.438522731635e-02
31.320000000 2.132002608889e-02
31.330000000 1.713018815326e-02
31.340000000 1.197719394826e-02
31.350000000 6.140301669765e-03
31.360000000 -9.404933469175e-05
31.370000000 -6.432363958396e-03
31.380000000 -1.261952754929e-02
31.390000000 -1.846173053723e-02
31.400000000 -2.375628751471e-02
31.410000000 -2.837890528728e-02
31.420000000 -3.212261460404e-02
31.430000000 -3.490181573491e-02
31.440000000 -3.653189509717e-02
31.450000000 -3.702904464369e-02
31.460000000 -3.631978539361e-02
31.470000000 -3.457237919342e-02
31.480000000 -3.183546609061e-02
31.490000000 -2.836900052392e-02
31.500000000 -2.426254935588e-02
31.510000000 -1.977084282789e-02
31.520000000 -1.497674671148e-02
31.530000000 -1.010314032358e-02
31.540000000 -5.241711722792e-03
31.550000000 -5.786675453841e-04
31.560000000 3.794962071422e-03
31.570000000 7.766570458443e-03
31.580000000 1.127583119886e-02
31.590000000 1.429795325504e-02
31.600000000 1.679468556646e-02
31.610000000 1.879638446426e-02
31.620000000 2.026047808439e-02
31.630000000 2.124262688479e-02
31.640000000 2.169321910208e-02
31.650000000 2.167270064909e-02
31.660000000 2.112492517857e-02
31.670000000 2.009899573249e-02
31.680000000 1.855959838375e-02
31.690000000 1.657670591908e-02
31.700000000 1.420334531657e-02
31.710000000 1.158348653286e-02
31.720000000 8.894599617376e-03
31.730000000 6.329740643191e-03
31.740000000 4.103121450482e-03
31.750000000 2.316741294777e-03
31.760000000 1.077556619191e-03
31.770000000 3.118447267627e-04
31.780000000 2.301120497312e-05
31.790000000 7.667646860375e-05
31.800000000 5.192678701795e-04
31.810000000 1.302887166149e-03
31.820000000 2.552319370221e-03
31.830000000 4.255557951412e-03
31.840000000 6.466343714984e-03
31.850000000 9.058340353118e-03
31.860000000 1.192116496446e-02
31.870000000 1.482575781138e-02
31.880000000 1.762011247677e-02
31.890000000 2.013853687642e-02
31.900000000 2.234155442030e-02
31.910000000 2.420712031401e-02
31.920000000 2.578833710630e-02
31.930000000 2.711962212500e-02
31.940000000 2.819258058793e-02
31.950000000 2.895650639678e-02
31.960000000 2.922411409991e-02
31.970000000 2.883910164051e-02
31.980000000 2.752723646957e-02
31.990000000 2.521491099602e-02
32.000000000 2.180727808996e-02
32.010000000 1.754118887678e-02
32.020000000 1.267055254827e-02
32.030000000 7.715857921247e-03
32.040000000 3.113609668924e-03
32.050000000 -6.859707040334e-04
32.060000000 -3.443781833572e-03
32.070000000 -5.150483056166e-03
32.080000000 -5.981094139213e-03
32.090000000 -6.389557813025e-03
32.100000000 -6.792513808076e-03
32.110000000 -7.752696182949e-03
32.120000000 -9.540935300012e-03
32.130000000 -1.242217760659e-02
32.140000000 -1.626441270263e-02
32.150000000 -2.089122703225e-02
32.160000000 -2.582135558197e-02
32.170000000 -3.058809201744e-02
32.180000000 -3.459889535172e-02
32.190000000 -3.734421165114e-02
32.200000000 -3.836184155884e-02
32.210000000 -3.731868266078e-02
32.220000000 -3.408562988972e-02
32.230000000 -2.870637918630e-02
32.240000000 -2.155214753577e-02
32.250000000 -1.313443631109e-02
32.260000000 -4.252199951907e-03
32.270000000 4.339847896032e-03
32.280000000 1.179009717142e-02
32.290000000 1.750433986838e-02
32.300000000 2.096484237658e-02
32.310000000 2.201171948478e-02
32.320000000 2.060965867431e-02
32.330000000 1.705449736819e-02
32.340000000 1.169604852856e-02
32.350000000 5.119205145767e-03
32.360000000 -2.172124131584e-03
32.370000000 -9.541491027288e-03
32.380000000 -1.655956535896e-02
32.390000000 -2.272928943294e-02
32.400000000 -2.782139000820e-02
32.410000000 -3.156104226965e-02
32.420000000 -3.392754813146e-02
32.430000000 -3.488019427823e-02
32.440000000 -3.458088603997e-02
32.450000000 -3.323104545842e-02
32.460000000 -3.114010645880e-02
32.470000000 -2.869322268349e-02
32.480000000 -2.621355843379e-02
32.490000000 -2.406408399541e-02
32.500000000 -2.236056565474e-02
32.510000000 -2.121387822558e-02
32.520000000 -2.042656538428e-02
32.530000000 -1.983339860527e-02
32.540000000 -1.907186472931e-02
32.550000000 -1.790523116253e-02
32.560000000 -1.606931180026e-02
32.570000000 -1.346342801579e-02
32.580000000 -1.005119921483e-02
32.590000000 -5.905112717199e-03
32.600000000 -1.168605111087e-03
32.610000000 3.969861929229e-03
32.620000000 9.251784344961e-03
32.630000000 1.438134802538e-02
32.640000000 1.900382813065e-02
32.650000000 2.275241283054e-02
32.660000000 2.530608767773e-02
32.670000000 2.642608760925e-02
32.680000000 2.606047785035e-02
32.690000000 2.429552453275e-02
32.700000000 2.143708661851e-02
32.710000000 1.787292825799e-02
32.720000000 1.411029718113e-02
32.730000000 1.062879427318e-02
32.740000000 7.879074374048e-03
32.750000000 6.209268389471e-03
32.760000000 5.826012524176e-03
32.770000000 6.822868859066e-03
32.780000000 9.106709310051e-03
32.790000000 1.250670181898e-02
32.800000000 1.669663484178e-02
32.810000000 2.134763434514e-02
32.820000000 2.606848198865e-02
32.830000000 3.053073044722e-02
32.840000000 3.442480390286e-02
32.850000000 3.751608040936e-02
32.860000000 3.963549888951e-02
32.870000000 4.066238503338e-02
32.880000000 4.055797599719e-02
32.890000000 3.930441749562e-02
32.900000000 3.697512293478e-02
32.910000000 3.366980156263e-02
32.920000000 2.957729675698e-02
32.930000000 2.492788818202e-02
32.940000000 1.998733680111e-02
32.950000000 1.502838809897e-02
32.960000000 1.025130129453e-02
32.970000000 5.820209095540e-03
32.980000000 1.777918835842e-03
32.990000000 -1.844773215775e-03
33.000000000 -5.096636704833e-03
33.010000000 -7.983652135075e-03
33.020000000 -1.053144760532e-02
33.030000000 -1.271795965956e-02
33.040000000 -1.452851490056e-02
33.050000000 -1.594451369795e-02
33.060000000 -1.695577028444e-02
33.070000000 -1.758710248778e-02
33.080000000 -1.786223911301e-02
33.090000000 -1.785442572568e-02
33.100000000 -1.761711233292e-02
33.110000000 -1.724802677554e-02
33.120000000 -1.682170094400e-02
33.130000000 -1.643497564937e-02
33.140000000 -1.617736769315e-02
33.150000000 -1.612227323668e-02
33.160000000 -1.637046756518e-02
33.170000000 -1.695004799431e-02
33.180000000 -1.794428154664e-02
33.190000000 -1.930207954875e-02
33.200000000 -2.104988777558e-02
33.210000000 -2.303615601385e-02
33.220000000 -2.520703786612e-02
33.230000000 -2.732526827846e-02
33.240000000 -2.929515225118e-02
33.250000000 -3.087512836206e-02
33.260000000 -3.202556442865e-02
33.270000000 -3.261101701942e-02
33.280000000 -3.274593700768e-02
33.290000000 -3.246161352462e-02
33.300000000 -3.201856080677e-02
33.310000000 -3.153457909626e-02
33.320000000 -3.126617166909e-02
33.330000000 -3.124698921178e-02
33.340000000 -3.156232484060e-02
33.350000000 -3.206791594194e-02
33.360000000 -3.266489509340e-02
33.370000000 -3.312459120000e-02
33.380000000 -3.331323041456e-02
33.390000000 -3.308550461179e-02
33.400000000 -3.240976313882e-02
33.410000000 -3.130643944974e-02
33.420000000 -2.988145549083e-02
33.430000000 -2.829477261668e-02
33.440000000 -2.672282183637e-02
33.450000000 -2.534125970161e-02
33.460000000 -2.425054316674e-02
33.470000000 -2.348781726591e-02
33.480000000 -2.296387769976e-02
33.490000000 -2.253405120797e-02
33.500000000 -2.196736229926e-02
33.510000000 -2.105771646013e-02
33.520000000 -1.959413485921e-02
33.530000000 -1.745500571184e-02
33.540000000 -1.456653456968e-02
33.550000000 -1.095000721877e-02
33.560000000 -6.695463628705e-03
33.570000000 -1.945667090760e-03
33.580000000 3.094599820868e-03
33.590000000 8.241825951705e-03
33.600000000 1.327986767133e-02
33.610000000 1.808613266876e-02
33.620000000 2.252965168678e-02
33.630000000 2.659146337423e-02
33.640000000 3.022363103545e-02
33.650000000 3.344207502777e-02
33.660000000 3.619171774735e-02
33.670000000 3.843252643462e-02
33.680000000 4.005671673605e-02
33.690000000 4.098649680191e-02
33.700000000 4.113827612156e-02
33.710000000 4.050255191855e-02
33.720000000 3.911623031327e-02
33.730000000 3.709167231846e-02
33.740000000 3.459289082850e-02
33.750000000 3.180359305803e-02
33.760000000 2.893396401460e-02
33.770000000 2.613845773128e-02
33.780000000 2.358419709911e-02
33.790000000 2.133097220004e-02
33.800000000 1.946506667246e-02
33.810000000 1.795028559321e-02
33.820000000 1.681269485770e-02
33.830000000 1.596703059451e-02
33.840000000 1.542697816071e-02
33.850000000 1.510900495008e-02
33.860000000 1.504978307409e-02
33.870000000 1.519527479813e-02
33.880000000 1.561007285741e-02
33.890000000 1.625577975881e-02
33.900000000 1.717688321616e-02
33.910000000 1.828555549915e-02
33.920000000 1.953010030679e-02
33.930000000 2.072577811452e-02
33.940000000 2.171623097983e-02
33.950000000 2.227134567921e-02
33.960000000 2.222849592457e-02
33.970000000 2.144090677567e-02
33.980000000 1.987427831605e-02
33.990000000 1.756471119607e-02
34.000000000 1.465257763680e-02
34.010000000 1.131582184835e-02
34.020000000 7.758011746712e-03
34.030000000 4.136459125465e-03
34.040000000 5.672926853288e-04
34.050000000 -2.904288557992e-03
34.060000000 -6.254235429404e-03
34.070000000 -9.484554031918e-03
34.080000000 -1.256850118655e-02
34.090000000 -1.547570263234e-02
34.100000000 -1.812937728833e-02
34.110000000 -2.046288798314e-02
34.120000000 -2.236656877651e-02
34.130000000 -2.377923761722e-02
34.140000000 -2.459872325362e-02
34.150000000 -2.482133679303e-02
34.160000000 -2.440262182959e-02
34.170000000 -2.344652659674e-02
34.180000000 -2.200838352267e-02
34.190000000 -2.029662022386e-02
34.200000000 -1.843553563538e-02
34.210000000 -1.664453529413e-02
34.220000000 -1.502377106085e-02
34.230000000 -1.368812612885e-02
34.240000000 -1.264253948104e-02
34.250000000 -1.186009612794e-02
34.260000000 -1.127183054654e-02
34.270000000 -1.076400068851e-02
34.280000000 -1.025330376168e-02
34.290000000 -9.602537818311e-03
34.300000000 -8.756529625877e-03
34.310000000 -7.605800146293e-03
34.320000000 -6.159186272418e-03
34.330000000 -4.392763014713e-03
34.340000000 -2.425255072363e-03
34.350000000 -3.639143578104e-04
34.360000000 1.573813257400e-03
34.370000000 3.206669711886e-03
34.380000000 4.338243028448e-03
34.390000000 4.841646044661e-03
34.400000000 4.664411723653e-03
34.410000000 3.812115002536e-03
34.420000000 2.412246897132e-03
34.430000000 5.960329711054e-04
34.440000000 -1.377713281696e-03
34.450000000 -3.316878648654e-03
34.460000000 -4.928549785050e-03
34.470000000 -6.051975938458e-03
34.480000000 -6.473348759860e-03
34.490000000 -6.147489897200e-03
34.500000000 -5.007590665646e-03
34.510000000 -3.138468351490e-03
34.520000000 -6.013117253501e-04
34.530000000 2.443456011350e-03
34.540000000 5.879039931491e-03
34.550000000 9.546367617647e-03
34.560000000 1.334790284928e-02
34.570000000 1.717129156678e-02
34.580000000 2.095383666054e-02
34.590000000 2.460092921941e-02
34.600000000 2.803649983468e-02
34.610000000 3.113628423966e-02
34.620000000 3.378647373799e-02
34.630000000 3.584879191858e-02
34.640000000 3.721624762698e-02
34.650000000 3.781080500924e-02
34.660000000 3.760444840537e-02
34.670000000 3.663152907793e-02
34.680000000 3.495407762555e-02
34.690000000 3.268438486713e-02
34.700000000 2.992447630065e-02
34.710000000 2.680393595561e-02
34.720000000 2.343812153857e-02
34.730000000 1.995807500049e-02
34.740000000 1.650353494966e-02
34.750000000 1.319848118825e-02
34.760000000 1.018226557022e-02
34.770000000 7.524750998933e-03
34.780000000 5.310746005681e-03
34.790000000 3.520639965477e-03
34.800000000 2.165119077918e-03
34.810000000 1.158768419111e-03
34.820000000 4.752450698721e-04
34.830000000 2.125373302647e-05
34.840000000 -2.281187121662e-04
34.850000000 -3.366462341779e-04
34.860000000 -3.081601100232e-04
34.870000000 -1.595191240609e-04
34.880000000 1.250639545356e-04
34.890000000 5.545740347285e-04
34.900000000 1.123580389981e-03
34.910000000 1.804687954307e-03
34.920000000 2.515300191371e-03
34.930000000 3.147631231296e-03
34.940000000 3.545833185876e-03
34.950000000 3.557647060874e-03
34.960000000 3.032567723251e-03
34.970000000 1.861972026250e-03
34.980000000 -1.200693998244e-05
34.990000000 -2.599573771260e-03
35.000000000 -5.848025346179e-03
35.010000000 -9.674212584564e-03
35.020000000 -1.392520288651e-02
35.030000000 -1.842293803795e-02
35.040000000 -2.291685339497e-02
35.050000000 -2.715459577283e-02
35.060000000 -3.084695486712e-02
35.070000000 -3.376461425125e-02
35.080000000 -3.569546252984e-02
35.090000000 -3.654268696570e-02
35.100000000 -3.623774299911e-02
35.110000000 -3.483399733962e-02
35.120000000 -3.238374970258e-02
35.130000000 -2.905593518577e-02
35.140000000 -2.500393283968e-02
35.150000000 -2.049192291967e-02
35.160000000 -1.575614985917e-02
35.170000000 -1.109611412971e-02
35.180000000 -6.752493141481e-03
35.190000000 -2.933735453306e-03
35.200000000 2.341203554821e-04
35.210000000 2.739496624605e-03
35.220000000 4.609383254189e-03
35.230000000 6.006795868765e-03
35.240000000 7.039640190058e-03
35.250000000 7.938972996777e-03
35.260000000 8.785543176039e-03
35.270000000 9.754758736229e-03
35.280000000 1.080058536161e-02
35.290000000 1.194585417747e-02
35.300000000 1.298271396477e-02
35.310000000 1.379440462513e-02
35.320000000 1.411129767139e-02
35.330000000 1.381639566536e-02
35.340000000 1.273958821900e-02
35.350000000 1.089497680194e-02
35.360000000 8.297290649342e-03
35.370000000 5.125137574315e-03
35.380000000 1.562807554550e-03
35.390000000 -2.091404983958e-03
35.400000000 -5.564878906185e-03
35.410000000 -8.539040079771e-03
35.420000000 -1.078057648061e-02
35.430000000 -1.207581177420e-02
35.440000000 -1.234738683977e-02
35.450000000 -1.157033364400e-02
35.460000000 -9.869105065318e-03
35.470000000 -7.415491612544e-03
35.480000000 -4.497326765897e-03
35.490000000 -1.406159656585e-03
35.500000000 1.525788406882e-03
35.510000000 4.023982459270e-03
35.520000000 5.847023362178e-03
35.530000000 6.848614554003e-03
35.540000000 6.944591027212e-03
35.550000000 6.142828934052e-03
35.560000000 4.499326328866e-03
35.570000000 2.151287857240e-03
35.580000000 -7.403836648547e-04
35.590000000 -3.943890793399e-03
35.600000000 -7.244747741409e-03
35.610000000 -1.038339657396e-02
35.620000000 -1.317081271996e-02
35.630000000 -1.541834625054e-02
35.640000000 -1.705982412837e-02
35.650000000 -1.806869452632e-02
35.660000000 -1.854259102001e-02
35.670000000 -1.860815280300e-02
35.680000000 -1.845054341292e-02
35.690000000 -1.822688195215e-02
35.700000000 -1.806334315201e-02
35.710000000 -1.801243872737e-02
35.720000000 -1.806434366969e-02
35.730000000 -1.814490179339e-02
35.740000000 -1.815238920731e-02
35.750000000 -1.794713616202e-02
35.760000000 -1.741800938410e-02
35.770000000 -1.643595592741e-02
35.780000000 -1.496273951147e-02
35.790000000 -1.295641415942e-02
35.800000000 -1.051243780247e-02
35.810000000 -7.714912492406e-03
35.820000000 -4.788477353398e-03
35.830000000 -1.904446769006e-03
35.840000000 6.653433786121e-04
35.850000000 2.750626968412e-03
35.860000000 4.127133826665e-03
35.870000000 4.700643940588e-03
35.880000000 4.365256984458e-03
35.890000000 3.150093599943e-03
35.900000000 1.100568477694e-03
35.910000000 -1.618625511932e-03
35.920000000 -4.814490808680e-03
35.930000000 -8.209441606841e-03
35.940000000 -1.151995889682e-02
35.950000000 -1.444294796818e-02
35.960000000 -1.672765233149e-02
35.970000000 -1.817833631675e-02
35.980000000 -1.870167330118e-02
35.990000000 -1.828861842859e-02
36.000000000 -1.702780757308e-02
36.010000000 -1.506497218896e-02
36.020000000 -1.259951724843e-02
36.030000000 -9.829796947154e-03
36.040000000 -6.950595609658e-03
36.050000000 -4.099452811446e-03
36.060000000 -1.386717955883e-03
36.070000000 1.150875239905e-03
36.080000000 3.477797985946e-03
36.090000000 5.622316778322e-03
36.100000000 7.568913923004e-03
36.110000000 9.359936259130e-03
36.120000000 1.095366452582e-02
36.130000000 1.236917050888e-02
36.140000000 1.351398873287e-02
36.150000000 1.437011403455e-02
36.160000000 1.480865833961e-02
36.170000000 1.479490303469e-02
36.180000000 1.421234992692e-02
36.190000000 1.304679515826e-02
36.200000000 1.124881717881e-02
36.210000000 8.849399520141e-03
36.220000000 5.898049745853e-03
36.230000000 2.482918612002e-03
36.240000000 -1.228636197412e-03
36.250000000 -5.093381182394e-03
36.260000000 -8.854580358504e-03
36.270000000 -1.236627517700e-02
36.280000000 -1.535694340012e-02
36.290000000 -1.774077657164e-02
36.300000000 -1.929498016459e-02
36.310000000 -2.002383772235e-02
36.320000000 -1.977923062057e-02
36.330000000 -1.865135977765e-02
36.340000000 -1.656957057511e-02
36.350000000 -1.369302095320e-02
36.360000000 -1.002318476521e-02
36.370000000 -5.772921397396e-03
36.380000000 -1.010523390287e-03
36.390000000 4.018139987649e-03
36.400000000 9.207761536701e-03
36.410000000 1.432636278818e-02
36.420000000 1.927897039551e-02
36.430000000 2.388950643618e-02
36.440000000 2.809853189861e-02
36.450000000 3.179207058237e-02
36.460000000 3.493406725751e-02
36.470000000 3.745248567466e-02
36.480000000 3.931233170863e-02
36.490000000 4.046597179908e-02
36.500000000 4.087313896255e-02
36.510000000 4.052312867186e-02
36.520000000 3.941038242033e-02
36.530000000 3.760699474398e-02
36.540000000 3.519120024662e-02
36.550000000 3.233242280664e-02
36.560000000 2.919009645777e-02
36.570000000 2.597985459617e-02
36.580000000 2.288183380545e-02
36.590000000 2.007271104130e-02
36.600000000 1.769014865032e-02
36.610000000 1.581446979036e-02
36.620000000 1.450350050626e-02
36.630000000 1.370838268831e-02
36.640000000 1.338292093899e-02
36.650000000 1.335580888835e-02
36.660000000 1.350898614007e-02
36.670000000 1.362716178210e-02
36.680000000 1.361003840439e-02
36.690000000 1.330891511251e-02
36.700000000 1.272858251259e-02
36.710000000 1.184314415259e-02
36.720000000 1.075856361278e-02
36.730000000 9.523176102307e-03
36.740000000 8.270276663195e-03
36.750000000 7.046226807011e-03
36.760000000 5.946074578791e-03
36.770000000 4.961888668744e-03
36.780000000 4.114127089921e-03
36.790000000 3.318713092868e-03
36.800000000 2.518301724111e-03
36.810000000 1.573376029923e-03
36.820000000 3.982052037082e-04
36.830000000 -1.130058075355e-03
36.840000000 -3.038572307998e-03
36.850000000 -5.350633676710e-03
36.860000000 -7.968121885835e-03
36.870000000 -1.078740201015e-02
36.880000000 -1.359903421056e-02
36.890000000 -1.622749891495e-02
36.900000000 -1.843453514616e-02
36.910000000 -2.007011242280e-02
36.920000000 -2.096884589939e-02
36.930000000 -2.109177476737e-02
36.940000000 -2.040955663353e-02
36.950000000 -1.902331482708e-02
36.960000000 -1.704081431025e-02
36.970000000 -1.466655407392e-02
36.980000000 -1.208124920871e-02
36.990000000 -9.498999555335e-03
37.000000000 -7.077661338469e-03
37.010000000 -4.947335344437e-03
37.020000000 -3.178644755765e-03
37.030000000 -1.783116285306e-03
37.040000000 -7.503888548381e-04
37.050000000 -7.586959281332e-06
37.060000000 4.892522910211e-04
37.070000000 8.523854061769e-04
37.080000000 1.126581919582e-03
37.090000000 1.432546269093e-03
37.100000000 1.784922415024e-03
37.110000000 2.268030058347e-03
37.120000000 2.822459031823e-03
37.130000000 3.449061557299e-03
37.140000000 3.995065507153e-03
37.150000000 4.383730139615e-03
37.160000000 4.426288536770e-03
37.170000000 4.050000877453e-03
37.180000000 3.141624104316e-03
37.190000000 1.733704801860e-03
37.200000000 -1.260659548604e-04
37.210000000 -2.272958591757e-03
37.220000000 -4.527342308222e-03
37.230000000 -6.677246154173e-03
37.240000000 -8.522408568521e-03
37.250000000 -9.921727806428e-03
37.260000000 -1.076256718539e-02
37.270000000 -1.104644445923e-02
37.280000000 -1.078357805249e-02
37.290000000 -1.010083923755e-02
37.300000000 -9.091703009918e-03
37.310000000 -7.933283324831e-03
37.320000000 -6.725479192168e-03
37.330000000 -5.606152068021e-03
37.340000000 -4.613386811949e-03
37.350000000 -3.789076572866e-03
37.360000000 -3.083595599617e-03
37.370000000 -2.440081149853e-03
37.380000000 -1.749905811521e-03
37.390000000 -9.076516622488e-04
37.400000000 1.850949764022e-04
37.410000000 1.603165585787e-03
37.420000000 3.352733288100e-03
37.430000000 5.406051545013e-03
37.440000000 7.635948579512e-03
37.450000000 9.910896805098e-03
37.460000000 1.201921561798e-02
37.470000000 1.380218957458e-02
37.480000000 1.506178924586e-02
37.490000000 1.570183789481e-02
37.500000000 1.562007799424e-02
37.510000000 1.483379094575e-02
37.520000000 1.336391109784e-02
37.530000000 1.133587876486e-02
37.540000000 8.870587137182e-03
37.550000000 6.159908150129e-03
37.560000000 3.373744153518e-03
37.570000000 7.142778058438e-04
37.580000000 -1.659859241260e-03
37.590000000 -3.598880983390e-03
37.600000000 -5.021597942673e-03
37.610000000 -5.888729569987e-03
37.620000000 -6.236226152185e-03
37.630000000 -6.146532581483e-03
37.640000000 -5.749974661685e-03
37.650000000 -5.192312120222e-03
37.660000000 -4.612386297827e-03
37.670000000 -4.118878491908e-03
37.680000000 -3.774953175147e-03
37.690000000 -3.594747290958e-03
37.700000000 -3.555839849296e-03
37.710000000 -3.599878980112e-03
37.720000000 -3.672900393565e-03
37.730000000 -3.705840692975e-03
37.740000000 -3.674901428715e-03
37.750000000 -3.546720174889e-03
37.760000000 -3.351734285922e-03
37.770000000 -3.096797645694e-03
37.780000000 -2.852476068304e-03
37.790000000 -2.649207371061e-03
37.800000000 -2.580335316511e-03
37.810000000 -2.694397518466e-03
37.820000000 -3.100604401430e-03
37.830000000 -3.851805991738e-03
37.840000000 -5.032603637360e-03
37.850000000 -6.638587005680e-03
37.860000000 -8.655477398598e-03
37.870000000 -1.096145420727e-02
37.880000000 -1.341894107632e-02
37.890000000 -1.581466161099e-02
37.900000000 -1.796028987556e-02
37.910000000 -1.965078633317e-02
37.920000000 -2.075273413620e-02
37.930000000 -2.116343301325e-02
37.940000000 -2.087779882024e-02
37.950000000 -1.993400347886e-02
37.960000000 -1.845654654160e-02
37.970000000 -1.658227257487e-02
37.980000000 -1.450150098055e-02
37.990000000 -1.236875859743e-02
38.000000000 -1.036736279225e-02
38.010000000 -8.599027036077e-03
38.020000000 -7.184716718496e-03
38.030000000 -6.126535459023e-03
38.040000000 -5.453821494574e-03
38.050000000 -5.061956699479e-03
38.060000000 -4.904537403426e-03
38.070000000 -4.816203885356e-03
38.080000000 -4.739452020987e-03
38.090000000 -4.538896808994e-03
38.100000000 -4.232189663604e-03
38.110000000 -3.792447103659e-03
38.120000000 -3.341729114983e-03
38.130000000 -2.955031599051e-03
38.140000000 -2.799448646129e-03
38.150000000 -2.972370696882e-03
38.160000000 -3.586855895698e-03
38.170000000 -4.672805613077e-03
38.180000000 -6.219217361045e-03
38.190000000 -8.149534132735e-03
38.200000000 -1.032934313046e-02
38.210000000 -1.260222540644e-02
38.220000000 -1.476463707782e-02
38.230000000 -1.663559627585e-02
38.240000000 -1.800531316529e-02
38.250000000 -1.872075618338e-02
38.260000000 -1.862563399727e-02
38.270000000 -1.765018527202e-02
38.280000000 -1.575514937434e-02
38.290000000 -1.300847121910e-02
38.300000000 -9.528929155033e-03
38.310000000 -5.528388333567e-03
38.320000000 -1.249647086059e-03
38.330000000 3.027489694467e-03
38.340000000 7.041641192561e-03
38.350000000 1.056682215961e-02
38.360000000 1.343894989934e-02
38.370000000 1.558240261963e-02
38.380000000 1.698278277998e-02
38.390000000 1.772129519609e-02
38.400000000 1.788825109066e-02
38.410000000 1.764564847088e-02
38.420000000 1.709684177121e-02
38.430000000 1.639327971228e-02
38.440000000 1.558305883799e-02
38.450000000 1.475933484659e-02
38.460000000 1.390619155706e-02
38.470000000 1.305288664607e-02
38.480000000 1.213927770378e-02
38.490000000 1.114468086048e-02
38.500000000 1.001017652615e-02
38.510000000 8.702691373012e-03
38.520000000 7.213730195620e-03
38.530000000 5.531735022692e-03
38.540000000 3.727927327854e-03
38.550000000 1.829328289730e-03
38.560000000 -2.301266962000e-05
38.570000000 -1.778744910251e-03
38.580000000 -3.268691344443e-03
38.590000000 -4.450302458622e-03
38.600000000 -5.176678161079e-03
38.610000000 -5.444782116736e-03
38.620000000 -5.161670399229e-03
38.630000000 -4.371193950081e-03
38.640000000 -3.035570774422e-03
38.650000000 -1.239053622322e-03
38.660000000 1.000516701753e-03
38.670000000 3.548653043649e-03
38.680000000 6.317266540292e-03
38.690000000 9.115687692932e-03
38.700000000 1.179910176148e-02
38.710000000 1.415778675652e-02
38.720000000 1.604729894142e-02
38.730000000 1.731754487564e-02
38.740000000 1.791026247146e-02
38.750000000 1.781642323471e-02
38.760000000 1.711285004719e-02
38.770000000 1.593808286508e-02
38.780000000 1.445947771496e-02
38.790000000 1.286907225893e-02
38.800000000 1.130584664743e-02
38.810000000 9.890341211985e-03
38.820000000 8.654475350139e-03
38.830000000 7.611785114507e-03
38.840000000 6.717473526856e-03
38.850000000 5.929139660584e-03
38.860000000 5.197687488811e-03
38.870000000 4.477803881863e-03
38.880000000 3.753940778532e-03
38.890000000 2.988009736086e-03
38.900000000 2.191132489251e-03
38.910000000 1.323948265100e-03
38.920000000 4.202165660870e-04
38.930000000 -5.437338962681e-04
38.940000000 -1.494773872843e-03
38.950000000 -2.417806970133e-03
38.960000000 -3.202657195360e-03
38.970000000 -3.805399425658e-03
38.980000000 -4.116129646223e-03
38.990000000 -4.097690101102e-03
39.000000000 -3.687908169018e-03
39.010000000 -2.897776969220e-03
39.020000000 -1.752907381094e-03
39.030000000 -3.398116082305e-04
39.040000000 1.224632611191e-03
39.050000000 2.795803933475e-03
39.060000000 4.215179330593e-03
39.070000000 5.348132609849e-03
39.080000000 6.081144413045e-03
39.090000000 6.366725867099e-03
39.100000000 6.192201852072e-03
39.110000000 5.614524924598e-03
39.120000000 4.705432890557e-03
39.130000000 3.574821202551e-03
39.140000000 2.310194065741e-03
39.150000000 9.986072364808e-04
39.160000000 -3.121622249006e-04
39.170000000 -1.588403557604e-03
39.180000000 -2.815456936541e-03
39.190000000 -3.986014013541e-03
39.200000000 -5.077626937768e-03
39.210000000 -6.082048563275e-03
39.220000000 -6.957599265228e-03
39.230000000 -7.705284353407e-03
39.240000000 -8.282284396506e-03
39.250000000 -8.715390110923e-03
39.260000000 -8.969639899015e-03
39.270000000 -9.086250982313e-03
39.280000000 -9.020666290224e-03
39.290000000 -8.797204013749e-03
39.300000000 -8.350319585134e-03
39.310000000 -7.680471406949e-03
39.320000000 -6.723478178154e-03
39.330000000 -5.480601572064e-03
39.340000000 -3.924030295636e-03
39.350000000 -2.079446855659e-03
39.360000000 3.001474795042e-05
39.370000000 2.346564074147e-03
39.380000000 4.794478942720e-03
39.390000000 7.279998757721e-03
39.400000000 9.684007821313e-03
39.410000000 1.189313813470e-02
39.420000000 1.378112686319e-02
39.430000000 1.525319784712e-02
39.440000000 1.621838742136e-02
39.450000000 1.663130954942e-02
39.460000000 1.646251368397e-02
39.470000000 1.573452407470e-02
39.480000000 1.449849788898e-02
39.490000000 1.285871861983e-02
39.500000000 1.094566035069e-02
39.510000000 8.910100203401e-03
39.520000000 6.896566146977e-03
39.530000000 5.019930258938e-03
39.540000000 3.375745167740e-03
39.550000000 2.007032109630e-03
39.560000000 9.614965109826e-04
39.570000000 2.303916762158e-04
39.580000000 -1.560815038825e-04
39.590000000 -2.339771183312e-04
39.600000000 1.600750085072e-05
39.610000000 5.244948002176e-04
39.620000000 1.279661066004e-03
39.630000000 2.172326979599e-03
39.640000000 3.160633910516e-03
39.650000000 4.131245461258e-03
39.660000000 5.056614517086e-03
39.670000000 5.885108258415e-03
39.680000000 6.647437295124e-03
39.690000000 7.374166929704e-03
39.700000000 8.123200564044e-03
39.710000000 8.939765781900e-03
39.720000000 9.827081816260e-03
39.730000000 1.077180007419e-02
39.740000000 1.169204638124e-02
39.750000000 1.251601873884e-02
39.760000000 1.312078532904e-02
39.770000000 1.342838982521e-02
39.780000000 1.333489606754e-02
39.790000000 1.279781666605e-02
39.800000000 1.175908105114e-02
39.810000000 1.022618628502e-02
39.820000000 8.194237303201e-03
39.830000000 5.724268107178e-03
39.840000000 2.867482289538e-03
39.850000000 -2.544063654460e-04
39.860000000 -3.517820208015e-03
39.870000000 -6.734099521562e-03
39.880000000 -9.721028525920e-03
39.890000000 -1.227620493134e-02
39.900000000 -1.423836490587e-02
39.910000000 -1.549352324131e-02
39.920000000 -1.599927565433e-02
39.930000000 -1.581046473584e-02
39.940000000 -1.503977940024e-02
39.950000000 -1.389357031300e-02
39.960000000 -1.256850124807e-02
39.970000000 -1.130574645396e-02
39.980000000 -1.025730589121e-02
39.990000000 -9.568605834027e-03
40.000000000 -9.257788938290e-03
40.010000000 -9.318107868858e-03
40.020000000 -9.641987647208e-03
40.030000000 -1.011433444397e-02
40.040000000 -1.058747665713e-02
40.050000000 -1.092461255819e-02
40.060000000 -1.102170123958e-02
40.070000000 -1.078369525015e-02
40.080000000 -1.019627432655e-02
40.090000000 -9.234141202854e-03
40.100000000 -7.981128646856e-03
40.110000000 -6.481527887970e-03
40.120000000 -4.899534837629e-03
40.130000000 -3.322767700350e-03
40.140000000 -1.943005712227e-03
40.150000000 -8.347086229246e-04
40.160000000 -1.490778876574e-04
40.170000000 1.071722272292e-04
40.180000000 -1.270665035136e-04
40.190000000 -7.649760459245e-04
40.200000000 -1.772917742853e-03
40.210000000 -2.990479215960e-03
40.220000000 -4.329239880436e-03
40.230000000 -5.610606622512e-03
40.240000000 -6.758496299252e-03
40.250000000 -7.645226142698e-03
40.260000000 -8.266276127650e-03
40.270000000 -8.586970330278e-03
40.280000000 -8.690495535392e-03
40.290000000 -8.625548082934e-03
40.300000000 -8.524409635482e-03
40.310000000 -8.458443080384e-03
40.320000000 -8.536415845338e-03
40.330000000 -8.782226578918e-03
40.340000000 -9.229774452671e-03
40.350000000 -9.828719457592e-03
40.360000000 -1.054045233936e-02
40.370000000 -1.126074856820e-02
40.380000000 -1.191416282670e-02
40.390000000 -1.238177304028e-02
40.400000000 -1.259851677680e-02
40.410000000 -1.247932512286e-02
40.420000000 -1.202221871394e-02
40.430000000 -1.122158441706e-02
40.440000000 -1.016625880620e-02
40.450000000 -8.931679833059e-03
40.460000000 -7.666966164855e-03
40.470000000 -6.482458323892e-03
40.480000000 -5.523857743048e-03
40.490000000 -4.872805465990e-03
40.500000000 -4.603381670309e-03
40.510000000 -4.718538511535e-03
40.520000000 -5.192686460699e-03
40.530000000 -5.950091357596e-03
40.540000000 -6.889564091039e-03
40.550000000 -7.895422908698e-03
40.560000000 -8.847576781205e-03
40.570000000 -9.646790108082e-03
40.580000000 -1.020928105890e-02
40.590000000 -1.048404766603e-02
40.600000000 -1.043940007734e-02
40.610000000 -1.006679661898e-02
40.620000000 -9.374849488837e-03
40.630000000 -8.381224690053e-03
40.640000000 -7.122684662735e-03
40.650000000 -5.636025923791e-03
40.660000000 -3.981059805272e-03
40.670000000 -2.207239887338e-03
40.680000000 -3.841994986888e-04
40.690000000 1.443023808005e-03
40.700000000 3.211660290424e-03
40.710000000 4.898076572672e-03
40.720000000 6.457338964829e-03
40.730000000 7.893689448993e-03
40.740000000 9.171742862346e-03
40.750000000 1.030527924851e-02
40.760000000 1.124481506121e-02
40.770000000 1.199206501989e-02
40.780000000 1.247745258478e-02
40.790000000 1.269491430513e-02
40.800000000 1.257850484910e-02
40.810000000 1.213840115394e-02
40.820000000 1.134286577270e-02
40.830000000 1.023758646816e-02
40.840000000 8.838570543591e-03
40.850000000 7.221252082037e-03
40.860000000 5.431808556003e-03
40.870000000 3.547296220414e-03
40.880000000 1.621838027764e-03
40.890000000 -2.769878279465e-04
40.900000000 -2.085079201004e-03
40.910000000 -3.737645441559e-03
40.920000000 -5.158668870885e-03
40.930000000 -6.292127939492e-03
40.940000000 -7.070657757403e-03
40.950000000 -7.478426981779e-03
40.960000000 -7.495877682615e-03
40.970000000 -7.176607009197e-03
40.980000000 -6.557392295406e-03
40.990000000 -5.744174163870e-03
41.000000000 -4.796481547366e-03
41.010000000 -3.829222153724e-03
41.020000000 -2.884492661266e-03
41.030000000 -2.046849599629e-03
41.040000000 -1.318682819993e-03
41.050000000 -7.399289801312e-04
41.060000000 -2.821467206643e-04
41.070000000 4.493811392900e-05
41.080000000 2.731404753072e-04
41.090000000 4.002803095639e-04
41.100000000 4.452294800405e-04
41.110000000 4.153117107478e-04
41.120000000 3.331715231244e-04
41.130000000 2.330591909332e-04
41.140000000 1.500768257961e-04
41.150000000 1.342792446726e-04
41.160000000 2.131094262344e-04
41.170000000 4.169879182487e-04
41.180000000 7.343790282056e-04
41.190000000 1.148477609936e-03
41.200000000 1.606830262356e-03
41.210000000 2.059665364544e-03
41.220000000 2.448265454918e-03
41.230000000 2.734723235481e-03
41.240000000 2.899498833948e-03
41.250000000 2.947545404737e-03
41.260000000 2.901499868680e-03
41.270000000 2.792469292841e-03
41.280000000 2.657373605645e-03
41.290000000 2.523789336409e-03
41.300000000 2.419250447434e-03
41.310000000 2.352740869680e-03
41.320000000 2.342210601989e-03
41.330000000 2.378487532025e-03
41.340000000 2.470276838016e-03
41.350000000 2.589605741969e-03
41.360000000 2.740416554867e-03
41.370000000 2.883432755624e-03
41.380000000 3.018560411484e-03
41.390000000 3.095263836727e-03
41.400000000 3.109607501099e-03
41.410000000 3.013725889396e-03
41.420000000 2.820457951887e-03
41.430000000 2.516290904462e-03
41.440000000 2.159115903614e-03
41.450000000 1.789233186050e-03
41.460000000 1.505777995105e-03
41.470000000 1.374687279075e-03
41.480000000 1.488769197896e-03
41.490000000 1.880728071415e-03
41.500000000 2.584335827989e-03
41.510000000 3.558551330695e-03
41.520000000 4.762462361268e-03
41.530000000 6.085783616088e-03
41.540000000 7.440847629844e-03
41.550000000 8.692796285478e-03
41.560000000 9.761047643947e-03
41.570000000 1.053689853177e-02
41.580000000 1.098668154522e-02
41.590000000 1.106095343975e-02
41.600000000 1.079858426054e-02
41.610000000 1.022636349527e-02
41.620000000 9.450887227434e-03
41.630000000 8.552043865413e-03
41.640000000 7.660961472329e-03
41.650000000 6.860396355400e-03
41.660000000 6.250231838579e-03
41.670000000 5.868646020421e-03
41.680000000 5.748972585601e-03
41.690000000 5.866737795449e-03
41.700000000 6.189200272454e-03
41.710000000 6.647384646313e-03
41.720000000 7.179712568135e-03
41.730000000 7.715680760628e-03
41.740000000 8.209245045169e-03
41.750000000 8.617859363176e-03
41.760000000 8.926616071377e-03
41.770000000 9.114895253167e-03
41.780000000 9.181748026170e-03
41.790000000 9.111222485126e-03
41.800000000 8.909607273958e-03
41.810000000 8.573927400811e-03
41.820000000 8.128203129214e-03
41.830000000 7.589353249806e-03
41.840000000 6.990614764937e-03
41.850000000 6.347271908644e-03
41.860000000 5.671932738482e-03
41.870000000 4.948386101599e-03
41.880000000 4.159150322731e-03
41.890000000 3.268913737584e-03
41.900000000 2.273174890448e-03
41.910000000 1.163793946986e-03
41.920000000 -1.300753007297e-05
41.930000000 -1.229059527097e-03
41.940000000 -2.407245837419e-03
41.950000000 -3.519712057995e-03
41.960000000 -4.503329938527e-03
41.970000000 -5.354836320388e-03
41.980000000 -6.034121668748e-03
41.990000000 -6.548046375179e-03
42.000000000 -6.867552721964e-03
42.010000000 -6.997275940895e-03
42.020000000 -6.917578595703e-03
42.030000000 -6.629465224304e-03
42.040000000 -6.124168241729e-03
42.050000000 -5.400114746425e-03
42.060000000 -4.466310793161e-03
42.070000000 -3.337698770207e-03
42.080000000 -2.069070933822e-03
42.090000000 -7.222691855618e-04
42.100000000 5.923055377541e-04
42.110000000 1.780904482415e-03
42.120000000 2.723407749914e-03
42.130000000 3.350506991226e-03
42.140000000 3.591856914183e-03
42.150000000 3.446504553831e-03
42.160000000 2.919509173733e-03
42.170000000 2.072802971142e-03
42.180000000 9.594954486258e-04
42.190000000 -3.373017242842e-04
42.200000000 -1.752907414369e-03
42.210000000 -3.212849827950e-03
42.220000000 -4.661411701601e-03
42.230000000 -6.045478776785e-03
42.240000000 -7.321787656126e-03
42.250000000 -8.453189088298e-03
42.260000000 -9.400862960234e-03
42.270000000 -1.013202502048e-02
42.280000000 -1.060548599504e-02
42.290000000 -1.079019918846e-02
42.300000000 -1.065451135131e-02
42.310000000 -1.018777235748e-02
42.320000000 -9.392858821097e-03
42.330000000 -8.297886401196e-03
42.340000000 -6.948594640640e-03
42.350000000 -5.402797111183e-03
42.360000000 -3.726928385530e-03
42.370000000 -1.981407662173e-03
42.380000000 -2.321208609469e-04
42.390000000 1.468859932265e-03
42.400000000 3.057580582164e-03
42.410000000 4.487108113827e-03
42.420000000 5.691943082034e-03
42.430000000 6.630925928192e-03
42.440000000 7.242745161248e-03
42.450000000 7.499992316509e-03
42.460000000 7.357804670158e-03
42.470000000 6.816507329314e-03
42.480000000 5.873036743584e-03
42.490000000 4.583337474604e-03
42.500000000 3.016559364823e-03
42.510000000 1.296033979539e-03
42.520000000 -4.482326360606e-04
42.530000000 -2.069377079902e-03
42.540000000 -3.443781943235e-03
42.550000000 -4.480067592547e-03
42.560000000 -5.131654916339e-03
42.570000000 -5.404281719378e-03
42.580000000 -5.333759445609e-03
42.590000000 -4.991296412654e-03
42.600000000 -4.442298379517e-03
42.610000000 -3.756287410875e-03
42.620000000 -2.967535628068e-03
42.630000000 -2.099328817582e-03
42.640000000 -1.143592279381e-03
42.650000000 -9.308675261406e-05
42.660000000 1.061548225604e-03
42.670000000 2.307700049422e-03
42.680000000 3.605864153120e-03
42.690000000 4.895334615991e-03
42.700000000 6.090149032401e-03
42.710000000 7.113014630378e-03
42.720000000 7.879074269618e-03
42.730000000 8.340907499279e-03
42.740000000 8.454371815001e-03
42.750000000 8.220403634842e-03
42.760000000 7.641951628668e-03
42.770000000 6.754859645311e-03
42.780000000 5.595893401090e-03
42.790000000 4.215115847645e-03
42.800000000 2.668379281916e-03
42.810000000 1.006107828348e-03
42.820000000 -7.043651116724e-04
42.830000000 -2.412318790905e-03
42.840000000 -4.039089841378e-03
42.850000000 -5.530825485209e-03
42.860000000 -6.802519095374e-03
42.870000000 -7.800616065196e-03
42.880000000 -8.445368782302e-03
42.890000000 -8.699302479401e-03
42.900000000 -8.513403970512e-03
42.910000000 -7.890550162849e-03
42.920000000 -6.832534620120e-03
42.930000000 -5.393483014429e-03
42.940000000 -3.632879749363e-03
42.950000000 -1.653519076193e-03
42.960000000 4.382258382833e-04
42.970000000 2.517064010489e-03
42.980000000 4.464308139753e-03
42.990000000 6.177343543310e-03
43.000000000 7.568913850803e-03
43.010000000 8.597336822746e-03
43.020000000 9.225770781901e-03
43.030000000 9.472590033188e-03
43.040000000 9.332826151045e-03
43.050000000 8.857995986248e-03
43.060000000 8.052163788473e-03
43.070000000 6.982591491988e-03
43.080000000 5.659926516068e-03
43.090000000 4.168414440869e-03
43.100000000 2.535310455188e-03
43.110000000 8.597262484497e-04
43.120000000 -8.204251414007e-04
43.130000000 -2.413781442976e-03
43.140000000 -3.893014293811e-03
43.150000000 -5.202486124130e-03
43.160000000 -6.343281579510e-03
43.170000000 -7.304616177530e-03
43.180000000 -8.107193880380e-03
43.190000000 -8.763725403635e-03
43.200000000 -9.289805530834e-03
43.210000000 -9.694245342892e-03
43.220000000 -9.971157928519e-03
43.230000000 -1.011322733958e-02
43.240000000 -1.010222571738e-02
43.250000000 -9.929646473114e-03
43.260000000 -9.592962325052e-03
43.270000000 -9.102272775058e-03
43.280000000 -8.486390002782e-03
43.290000000 -7.774110519962e-03
43.300000000 -7.017630356156e-03
43.310000000 -6.249222446081e-03
43.320000000 -5.528860360119e-03
43.330000000 -4.881990288533e-03
43.340000000 -4.367259576966e-03
43.350000000 -3.998433141269e-03
43.360000000 -3.819976520759e-03
43.370000000 -3.824876039174e-03
43.380000000 -4.031085707264e-03
43.390000000 -4.410855391683e-03
43.400000000 -4.956564367775e-03
43.410000000 -5.628036879686e-03
43.420000000 -6.396309008172e-03
43.430000000 -7.214710377033e-03
43.440000000 -8.038158177629e-03
43.450000000 -8.823504945398e-03
43.460000000 -9.519924551791e-03
43.470000000 -1.009582909244e-02
43.480000000 -1.049743012077e-02
43.490000000 -1.070561033655e-02
43.500000000 -1.066751809098e-02
43.510000000 -1.038049632793e-02
43.520000000 -9.802070479127e-03
43.530000000 -8.952663730355e-03
43.540000000 -7.814042265262e-03
43.550000000 -6.432619614118e-03
43.560000000 -4.817492441036e-03
43.570000000 -3.029740073080e-03
43.580000000 -1.098569003040e-03
43.590000000 9.180326517962e-04
43.600000000 2.984542794253e-03
43.610000000 5.063823612885e-03
43.620000000 7.120682017488e-03
43.630000000 9.139408820926e-03
43.640000000 1.107772861349e-02
43.650000000 1.292763860381e-02
43.660000000 1.462656408148e-02
43.670000000 1.615816777294e-02
43.680000000 1.743601713871e-02
43.690000000 1.843417342044e-02
43.700000000 1.906085751074e-02
43.710000000 1.930398438595e-02
43.720000000 1.910387976177e-02
43.730000000 1.848695759764e-02
43.740000000 1.744202024290e-02
43.750000000 1.602851835636e-02
43.760000000 1.427638296573e-02
43.770000000 1.226168641278e-02
43.780000000 1.004519458237e-02
43.790000000 7.704400670685e-03
43.800000000 5.323752638414e-03
43.810000000 2.975305885483e-03
43.820000000 7.633940072280e-04
43.830000000 -1.253933347590e-03
43.840000000 -2.970537193246e-03
43.850000000 -4.364032051274e-03
43.860000000 -5.356771360827e-03
43.870000000 -5.986391675006e-03
43.880000000 -6.226221042984e-03
43.890000000 -6.170526346182e-03
43.900000000 -5.824013020014e-03
43.910000000 -5.294668024901e-03
43.920000000 -4.579369286801e-03
43.930000000 -3.760016326955e-03
43.940000000 -2.804451294173e-03
43.950000000 -1.759372113463e-03
43.960000000 -5.813014747180e-04
43.970000000 6.866853951068e-04
43.980000000 2.058063612505e-03
43.990000000 3.461416052463e-03
44.000000000 4.864515117318e-03
44.010000000 6.173314479957e-03
44.020000000 7.334792752010e-03
44.030000000 8.266334154159e-03
44.040000000 8.931618634872e-03
44.050000000 9.285997239677e-03
44.060000000 9.329824587960e-03
44.070000000 9.062589369912e-03
44.080000000 8.526409058862e-03
44.090000000 7.759706818904e-03
44.100000000 6.839536603228e-03
44.110000000 5.828185746389e-03
44.120000000 4.818491312415e-03
44.130000000 3.872179992713e-03
44.140000000 3.068586256133e-03
44.150000000 2.446620202599e-03
44.160000000 2.054061540739e-03
44.170000000 1.899849547519e-03
44.180000000 1.995031009765e-03
44.190000000 2.323241736562e-03
44.200000000 2.870483796327e-03
44.210000000 3.611701331475e-03
44.220000000 4.520337105131e-03
44.230000000 5.567674602460e-03
44.240000000 6.711470365527e-03
44.250000000 7.912357173650e-03
44.260000000 9.102707120042e-03
44.270000000 1.022800449139e-02
44.280000000 1.119779070326e-02
44.290000000 1.195501656187e-02
44.300000000 1.240741632500e-02
44.310000000 1.252077971595e-02
44.320000000 1.223132524997e-02
44.330000000 1.155257963377e-02
44.340000000 1.046941398404e-02
44.350000000 9.044419145026e-03
44.360000000 7.300775154452e-03
44.370000000 5.322025807967e-03
44.380000000 3.141624028975e-03
44.390000000 8.352697943834e-04
44.400000000 -1.567811705330e-03
44.410000000 -4.006390511059e-03
44.420000000 -6.449336444577e-03
44.430000000 -8.839390812960e-03
44.440000000 -1.113075768971e-02
44.450000000 -1.325928550196e-02
44.460000000 -1.516284309642e-02
44.470000000 -1.677657466131e-02
44.480000000 -1.804333289447e-02
44.490000000 -1.892331931173e-02
44.500000000 -1.939603251493e-02
44.510000000 -1.946861047724e-02
44.520000000 -1.917091608425e-02
44.530000000 -1.855095135817e-02
44.540000000 -1.767314143098e-02
44.550000000 -1.659724579064e-02
44.560000000 -1.539596366811e-02
44.570000000 -1.411436401386e-02
44.580000000 -1.282163221648e-02
44.590000000 -1.154648986538e-02
44.600000000 -1.036736286132e-02
44.610000000 -9.310255300673e-03
44.620000000 -8.468380702333e-03
44.630000000 -7.855927114571e-03
44.640000000 -7.555908769359e-03
44.650000000 -7.540907538970e-03
44.660000000 -7.852061940864e-03
44.670000000 -8.402918724360e-03
44.680000000 -9.187752764319e-03
44.690000000 -1.008245111960e-02
44.700000000 -1.106572405684e-02
44.710000000 -1.202070563542e-02
44.720000000 -1.294269483188e-02
44.730000000 -1.375154909644e-02
44.740000000 -1.446748345728e-02
44.750000000 -1.504871619061e-02
44.760000000 -1.552402990644e-02
44.770000000 -1.587098372861e-02
44.780000000 -1.610433003960e-02
44.790000000 -1.620245105353e-02
44.800000000 -1.615635694828e-02
44.810000000 -1.594554373961e-02
44.820000000 -1.555304491372e-02
44.830000000 -1.497545461998e-02
44.840000000 -1.420334684609e-02
44.850000000 -1.325187068100e-02
44.860000000 -1.211726792011e-02
44.870000000 -1.082189031732e-02
44.880000000 -9.361842806296e-03
44.890000000 -7.762650354888e-03
44.900000000 -6.029119111950e-03
44.910000000 -4.197285628550e-03
44.920000000 -2.289184807071e-03
44.930000000 -3.513673165452e-04
44.940000000 1.577815216574e-03
44.950000000 3.448384337470e-03
44.960000000 5.214696221981e-03
44.970000000 6.835271201704e-03
44.980000000 8.269276059501e-03
44.990000000 9.498779227789e-03
45.000000000 1.050643312354e-02
45.010000000 1.131545275775e-02
45.020000000 1.194417672858e-02
45.030000000 1.245459216720e-02
45.040000000 1.288566366820e-02
45.050000000 1.330154070917e-02
45.060000000 1.371909472100e-02
45.070000000 1.415882192104e-02
45.080000000 1.459354699009e-02
45.090000000 1.499755163105e-02
45.100000000 1.532492526089e-02
45.110000000 1.553664328059e-02
45.120000000 1.560607066992e-02
45.130000000 1.550641796222e-02
45.140000000 1.524488386282e-02
45.150000000 1.480761597137e-02
45.160000000 1.423035914743e-02
45.170000000 1.350663592939e-02
45.180000000 1.269556534733e-02
45.190000000 1.179730041724e-02
45.200000000 1.089063183016e-02
45.210000000 9.981575081520e-03
45.220000000 9.159736605821e-03
45.230000000 8.425280576472e-03
45.240000000 7.858063376366e-03
45.250000000 7.435910028088e-03
45.260000000 7.215731160034e-03
45.270000000 7.146795586283e-03
45.280000000 7.259753928531e-03
45.290000000 7.479524970694e-03
45.300000000 7.822044746797e-03
45.310000000 8.204742363629e-03
45.320000000 8.641468555005e-03
45.330000000 9.052780223280e-03
45.340000000 9.453888740920e-03
45.350000000 9.774283770029e-03
45.360000000 1.003218783872e-02
45.370000000 1.017678671143e-02
45.380000000 1.024129598986e-02
45.390000000 1.020891688590e-02
45.400000000 1.013123906789e-02
45.410000000 1.001505397962e-02
45.420000000 9.908123671734e-03
45.430000000 9.808234422692e-03
45.440000000 9.733033114170e-03
45.450000000 9.654857304021e-03
45.460000000 9.566947213842e-03
45.470000000 9.429679850939e-03
45.480000000 9.230773343512e-03
45.490000000 8.932652209093e-03
45.500000000 8.529410596415e-03
45.510000000 7.991834896660e-03
45.520000000 7.322786526667e-03
45.530000000 6.505550236128e-03
45.540000000 5.560875260738e-03
45.550000000 4.500869954552e-03
45.560000000 3.377746139688e-03
45.570000000 2.241220408580e-03
45.580000000 1.168603564403e-03
45.590000000 2.269218210163e-04
45.600000000 -5.192694087020e-04
45.610000000 -1.031105694551e-03
45.620000000 -1.300673553447e-03
45.630000000 -1.348647554564e-03
45.640000000 -1.231637848185e-03
45.650000000 -1.013588985499e-03
45.660000000 -7.754018818024e-04
45.670000000 -5.777748620682e-04
45.680000000 -4.822502631270e-04
45.690000000 -5.179293841288e-04
45.700000000 -7.133697990440e-04
45.710000000 -1.069534337347e-03
45.720000000 -1.594825690848e-03
45.730000000 -2.277771544827e-03
45.740000000 -3.114611728893e-03
45.750000000 -4.082258889512e-03
45.760000000 -5.158668921530e-03
45.770000000 -6.301303725903e-03
45.780000000 -7.465862208934e-03
45.790000000 -8.597143160228e-03
45.800000000 -9.648991329984e-03
45.810000000 -1.057986808066e-02
45.820000000 -1.136687982721e-02
45.830000000 -1.200040521684e-02
45.840000000 -1.248845991195e-02
45.850000000 -1.284444254453e-02
45.860000000 -1.308276728970e-02
45.870000000 -1.320779754931e-02
45.880000000 -1.321583611350e-02
45.890000000 -1.308720918441e-02
45.900000000 -1.280162188088e-02
45.910000000 -1.232848382636e-02
45.920000000 -1.165903092967e-02
45.930000000 -1.078000387252e-02
45.940000000 -9.717026519449e-03
45.950000000 -8.485243463802e-03
45.960000000 -7.146697137697e-03
45.970000000 -5.739080873840e-03
45.980000000 -4.345248220238e-03
45.990000000 -3.006580945340e-03
46.000000000 -1.805934880074e-03
46.010000000 -7.736605109784e-04
46.020000000 2.101002102503e-05
46.030000000 5.694165818930e-04
46.040000000 8.294281370574e-04
46.050000000 8.269783851416e-04
46.060000000 5.572873848460e-04
46.070000000 8.077650059452e-05
46.080000000 -5.793004619604e-04
46.090000000 -1.344759072405e-03
46.100000000 -2.179127897653e-03
46.110000000 -3.002746971608e-03
46.120000000 -3.775953780933e-03
46.130000000 -4.427632025024e-03
46.140000000 -4.918544732563e-03
46.150000000 -5.197873423147e-03
46.160000000 -5.242712393246e-03
46.170000000 -5.044145725135e-03
46.180000000 -4.613386904450e-03
46.190000000 -3.995385110178e-03
46.200000000 -3.239676417531e-03
46.210000000 -2.428400172365e-03
46.220000000 -1.616837080434e-03
46.230000000 -8.739141120027e-04
46.240000000 -2.171131392789e-04
46.250000000 3.395668978848e-04
46.260000000 8.344307221083e-04
46.270000000 1.306966696120e-03
46.280000000 1.814937843083e-03
46.290000000 2.403411201038e-03
46.300000000 3.097601240178e-03
46.310000000 3.908520957614e-03
46.320000000 4.803483527335e-03
46.330000000 5.753825913073e-03
46.340000000 6.686457406788e-03
46.350000000 7.560107242571e-03
46.360000000 8.293288464356e-03
46.370000000 8.855350608303e-03
46.380000000 9.180747460565e-03
46.390000000 9.264381755236e-03
46.400000000 9.070690538590e-03
46.410000000 8.621835696122e-03
46.420000000 7.913091824901e-03
46.430000000 6.987037756762e-03
46.440000000 5.865032562382e-03
46.450000000 4.603242999967e-03
46.460000000 3.244677306681e-03
46.470000000 1.852625742073e-03
46.480000000 4.812480526858e-04
46.490000000 -8.161066276445e-04
46.500000000 -1.994032169778e-03
46.510000000 -3.026610108307e-03
46.520000000 -3.888011741826e-03
46.530000000 -4.585237738883e-03
46.540000000 -5.113645643515e-03
46.550000000 -5.506807051006e-03
46.560000000 -5.768984586965e-03
46.570000000 -5.939762955763e-03
46.580000000 -6.016112402411e-03
46.590000000 -6.026319107980e-03
46.600000000 -5.952079284503e-03
46.610000000 -5.804034872313e-03
46.620000000 -5.554873848885e-03
46.630000000 -5.205636913502e-03
46.640000000 -4.734449523206e-03
46.650000000 -4.144306709554e-03
46.660000000 -3.433776811640e-03
46.670000000 -2.621726841126e-03
46.680000000 -1.740901251601e-03
46.690000000 -8.353097286547e-04
46.700000000 3.101518861550e-05
46.710000000 8.040151029603e-04
46.720000000 1.418732920123e-03
46.730000000 1.840108400931e-03
46.740000000 2.031049611918e-03
46.750000000 1.994882513560e-03
46.760000000 1.737897992825e-03
46.770000000 1.302447925262e-03
46.780000000 7.253743123720e-04
46.790000000 6.458498502903e-05
46.800000000 -6.383310002597e-04
46.810000000 -1.334376522144e-03
46.820000000 -1.997033725538e-03
46.830000000 -2.593870386913e-03
46.840000000 -3.106607600639e-03
46.850000000 -3.506062996064e-03
46.860000000 -3.772952236265e-03
46.870000000 -3.881213053688e-03
46.880000000 -3.816975005180e-03
46.890000000 -3.570368397124e-03
46.900000000 -3.149629852502e-03
46.910000000 -2.576580793676e-03
46.920000000 -1.887977322290e-03
46.930000000 -1.132100966391e-03
46.940000000 -3.591866274283e-04
46.950000000 3.799669439767e-04
46.960000000 1.047540936020e-03
46.970000000 1.614629635208e-03
46.980000000 2.070069790760e-03
46.990000000 2.413100204960e-03
47.000000000 2.654371993379e-03
47.010000000 2.807361018844e-03
47.020000000 2.882489976466e-03
47.030000000 2.885696700584e-03
47.040000000 2.814454788256e-03
47.050000000 2.665824983437e-03
47.060000000 2.434258149220e-03
47.070000000 2.122846455237e-03
47.080000000 1.738898506947e-03
47.090000000 1.300667423059e-03
47.100000000 8.294281259656e-04
47.110000000 3.541241213385e-04
47.120000000 -9.705105201567e-05
47.130000000 -4.920323529466e-04
47.140000000 -8.064179388776e-04
47.150000000 -1.013646329514e-03
47.160000000 -1.103571627854e-03
47.170000000 -1.063268172319e-03
47.180000000 -9.074702038263e-04
47.190000000 -6.391450434828e-04
47.200000000 -2.921519596190e-04
47.210000000 1.288108299369e-04
47.220000000 5.853018618845e-04
47.230000000 1.078822107051e-03
47.240000000 1.568810535271e-03
47.250000000 2.053839552227e-03
47.260000000 2.481282468245e-03
47.270000000 2.834894866058e-03
47.280000000 3.050576908805e-03
47.290000000 3.103729726225e-03
47.300000000 2.934516882007e-03
47.310000000 2.526587307499e-03
47.320000000 1.843952838848e-03
47.330000000 8.961873939883e-04
47.340000000 -3.131628279665e-04
47.350000000 -1.739480255244e-03
47.360000000 -3.336726624317e-03
47.370000000 -5.031571608222e-03
47.380000000 -6.748491199259e-03
47.390000000 -8.406908813135e-03
47.400000000 -9.925134168611e-03
47.410000000 -1.123975218043e-02
47.420000000 -1.228335384701e-02
47.430000000 -1.302846761557e-02
47.440000000 -1.343695049082e-02
47.450000000 -1.352569101105e-02
47.460000000 -1.328687287044e-02
47.470000000 -1.277328217080e-02
47.480000000 -1.199720585105e-02
47.490000000 -1.103050570896e-02
47.500000000 -9.891116575657e-03
47.510000000 -8.648885606462e-03
47.520000000 -7.314784089081e-03
47.530000000 -5.943716592177e-03
47.540000000 -4.538348108386e-03
47.550000000 -3.133775416498e-03
47.560000000 -1.726894016221e-03
47.570000000 -3.370192399665e-04
47.580000000 1.033533684944e-03
47.590000000 2.374559986262e-03
47.600000000 3.676900842050e-03
47.610000000 4.936063808929e-03
47.620000000 6.128168644801e-03
47.630000000 7.241567541464e-03
47.640000000 8.234257920196e-03
47.650000000 9.086480347141e-03
47.660000000 9.747040335528e-03
47.670000000 1.020032915385e-02
47.680000000 1.041138393579e-02
47.690000000 1.039183880684e-02
47.700000000 1.014224473600e-02
47.710000000 9.707569370264e-03
47.720000000 9.124718468190e-03
47.730000000 8.460610727665e-03
47.740000000 7.770017812793e-03
47.750000000 7.113956656630e-03
47.760000000 6.540381841222e-03
47.770000000 6.081049018970e-03
47.780000000 5.760978731418e-03
47.790000000 5.572364004809e-03
47.800000000 5.515851950913e-03
47.810000000 5.551194672733e-03
47.820000000 5.663928536352e-03
47.830000000 5.795706497863e-03
47.840000000 5.929065665850e-03
47.850000000 6.006256775284e-03
47.860000000 6.022113790407e-03
47.870000000 5.939154808618e-03
47.880000000 5.776987009901e-03
47.890000000 5.531069661299e-03
47.900000000 5.249714302688e-03
47.910000000 4.961307836449e-03
47.920000000 4.727444182827e-03
47.930000000 4.579849687939e-03
47.940000000 4.552353625264e-03
47.950000000 4.643045507720e-03
47.960000000 4.836500586704e-03
47.970000000 5.090013483999e-03
47.980000000 5.347765013969e-03
47.990000000 5.545815113062e-03
48.000000000 5.621906800703e-03
48.010000000 5.524752257255e-03
48.020000000 5.216697224902e-03
48.030000000 4.681451904487e-03
48.040000000 3.925029170154e-03
48.050000000 2.975840876516e-03
48.060000000 1.880971977517e-03
48.070000000 6.968613116522e-04
48.080000000 -5.132663298290e-04
48.090000000 -1.692921230290e-03
48.100000000 -2.789443575644e-03
48.110000000 -3.765737042645e-03
48.120000000 -4.590375022927e-03
48.130000000 -5.248004561880e-03
48.140000000 -5.728963904674e-03
48.150000000 -6.041820138119e-03
48.160000000 -6.201208151005e-03
48.170000000 -6.240512863960e-03
48.180000000 -6.191202976508e-03
48.190000000 -6.097894089969e-03
48.200000000 -5.987097412716e-03
48.210000000 -5.891012618250e-03
48.220000000 -5.809005303159e-03
48.230000000 -5.746350663992e-03
48.240000000 -5.675936479779e-03
48.250000000 -5.588878506936e-03
48.260000000 -5.456823153928e-03
48.270000000 -5.278612639896e-03
48.280000000 -5.043609438781e-03
48.290000000 -4.765186259106e-03
48.300000000 -4.451303096397e-03
48.310000000 -4.121796901191e-03
48.320000000 -3.790961566013e-03
48.330000000 -3.471962982658e-03
48.340000000 -3.173642286865e-03
48.350000000 -2.893689531905e-03
48.360000000 -2.628360265599e-03
48.370000000 -2.358502571336e-03
48.380000000 -2.074073587098e-03
48.390000000 -1.751945422714e-03
48.400000000 -1.391720672361e-03
48.410000000 -9.799611230662e-04
48.420000000 -5.352777177399e-04
48.430000000 -5.592799676040e-05
48.440000000 4.272200887642e-04
48.450000000 9.154188502832e-04
48.460000000 1.380713238033e-03
48.470000000 1.833258593261e-03
48.480000000 2.254164989654e-03
48.490000000 2.656443257216e-03
48.500000000 3.020561371921e-03
48.510000000 3.347969596957e-03
48.520000000 3.609866161893e-03
48.530000000 3.791444042314e-03
48.540000000 3.856993976921e-03
48.550000000 3.783344895923e-03
48.560000000 3.542831490945e-03
48.570000000 3.123909852739e-03
48.580000000 2.531308327963e-03
48.590000000 1.789751313275e-03
48.600000000 9.544927940941e-04
48.610000000 8.746144301773e-05
48.620000000 -7.273770741871e-04
48.630000000 -1.429684277849e-03
48.640000000 -1.954011493347e-03
48.650000000 -2.283832633161e-03
48.660000000 -2.402243320383e-03
48.670000000 -2.341505887854e-03
48.680000000 -2.118096358943e-03
48.690000000 -1.783295162805e-03
48.700000000 -1.359704116441e-03
48.710000000 -8.894601202473e-04
48.720000000 -3.791969954661e-04
48.730000000 1.566620612956e-04
48.740000000 7.293763617451e-04
48.750000000 1.343188417729e-03
48.760000000 2.005036136546e-03
48.770000000 2.711168237944e-03
48.780000000 3.437777154230e-03
48.790000000 4.158997682438e-03
48.800000000 4.825494885737e-03
48.810000000 5.408603300055e-03
48.820000000 5.861030467595e-03
48.830000000 6.175800749192e-03
48.840000000 6.326271091213e-03
48.850000000 6.326844533785e-03
48.860000000 6.158184155944e-03
48.870000000 5.832145994566e-03
48.880000000 5.323752585257e-03
48.890000000 4.637816585696e-03
48.900000000 3.754941191153e-03
48.910000000 2.689482846168e-03
48.920000000 1.451749973632e-03
48.930000000 8.665469039041e-05
48.940000000 -1.352700496658e-03
48.950000000 -2.791664546449e-03
48.960000000 -4.150147344654e-03
48.970000000 -5.353840728387e-03
48.980000000 -6.335277500645e-03
48.990000000 -7.061960858078e-03
49.000000000 -7.511886046275e-03
49.010000000 -7.710490597542e-03
49.020000000 -7.676971429133e-03
49.030000000 -7.467757777486e-03
49.040000000 -7.108677506044e-03
49.050000000 -6.650720265454e-03
49.060000000 -6.108160035657e-03
49.070000000 -5.516294011502e-03
49.080000000 -4.882526134386e-03
49.090000000 -4.231256681293e-03
49.100000000 -3.573849283056e-03
49.110000000 -2.929072959185e-03
49.120000000 -2.311196235373e-03
49.130000000 -1.722846955237e-03
49.140000000 -1.168605284161e-03
49.150000000 -6.333255158062e-04
49.160000000 -1.210634926565e-04
49.170000000 3.796726817707e-04
49.180000000 8.474374186712e-04
49.190000000 1.270094687467e-03
49.200000000 1.602828108762e-03
49.210000000 1.812386094035e-03
49.220000000 1.854958511143e-03
49.230000000 1.703213457388e-03
49.240000000 1.343694083459e-03
49.250000000 7.759226836526e-04
49.260000000 3.401671423953e-05
49.270000000 -8.460480062436e-04
49.280000000 -1.785924564984e-03
49.290000000 -2.724775609446e-03
49.300000000 -3.562843592972e-03
49.310000000 -4.237471080779e-03
49.320000000 -4.659410740954e-03
49.330000000 -4.791339698133e-03
49.340000000 -4.582370895928e-03
49.350000000 -4.034999174481e-03
49.360000000 -3.147628843302e-03
49.370000000 -1.963750726845e-03
49.380000000 -5.282741054911e-04
49.390000000 1.088680755482e-03
49.400000000 2.818456833443e-03
49.410000000 4.590767574249e-03
49.420000000 6.335275742379e-03
49.430000000 7.996021560264e-03
49.440000000 9.508917158901e-03
49.450000000 1.083512263131e-02
49.460000000 1.191516167547e-02
49.470000000 1.272429950026e-02
49.480000000 1.320883076475e-02
49.490000000 1.336565641245e-02
49.500000000 1.316180644342e-02
49.510000000 1.262784601357e-02
49.520000000 1.176208250185e-02
49.530000000 1.062724053461e-02
49.540000000 9.248782615499e-03
49.550000000 7.702264118558e-03
49.560000000 6.022113772618e-03
49.570000000 4.272936537140e-03
49.580000000 2.488286066263e-03
49.590000000 7.126628604396e-04
49.600000000 -1.020528703326e-03
49.610000000 -2.684749086967e-03
49.620000000 -4.238192888973e-03
49.630000000 -5.662445383288e-03
49.640000000 -6.904571948320e-03
49.650000000 -7.953123792482e-03
49.660000000 -8.752527716721e-03
49.670000000 -9.303548347142e-03
49.680000000 -9.562946868113e-03
49.690000000 -9.553580075206e-03
49.700000000 -9.257789039790e-03
49.710000000 -8.721563915979e-03
49.720000000 -7.951113223401e-03
49.730000000 -7.002539057282e-03
49.740000000 -5.895049821535e-03
49.750000000 -4.682519106511e-03
49.760000000 -3.394756662725e-03
49.770000000 -2.084689361246e-03
49.780000000 -8.014153791494e-04
49.790000000 3.954890251220e-04
49.800000000 1.436742202365e-03
49.810000000 2.268512841944e-03
49.820000000 2.829462521225e-03
49.830000000 3.103330461840e-03
49.840000000 3.068586196488e-03
49.850000000 2.764159609526e-03
49.860000000 2.217145828802e-03
49.870000000 1.507984791617e-03
49.880000000 6.883551335217e-04
49.890000000 -1.601579408463e-04
49.900000000 -9.955157697008e-04
49.910000000 -1.768027451578e-03
49.920000000 -2.462274381804e-03
49.930000000 -3.069266817930e-03
49.940000000 -3.591858606316e-03
49.950000000 -4.043064211348e-03
49.960000000 -4.417285519767e-03
49.970000000 -4.723476111460e-03
49.980000000 -4.932552017333e-03
49.990000000 -5.045319749037e-03
50.000000000 -5.019597037485e-03
50.010000000 -4.858128617822e-03
50.020000000 -4.518337784925e-03
50.030000000 -4.008647793292e-03
50.040000000 -3.294704918595e-03
50.050000000 -2.395187267612e-03
50.060000000 -1.297672047495e-03
50.070000000 -3.942083933934e-05
50.080000000 1.358701836728e-03
50.090000000 2.841083461631e-03
50.100000000 4.358253213366e-03
50.110000000 5.852648617199e-03
50.120000000 7.263755947768e-03
50.130000000 8.549240943435e-03
50.140000000 9.648989597459e-03
50.150000000 1.054319270609e-02
50.160000000 1.117978132726e-02
50.170000000 1.156700058891e-02
50.180000000 1.166903437017e-02
50.190000000 1.152417427326e-02
50.200000000 1.111774924367e-02
50.210000000 1.051401028903e-02
50.220000000 9.716024267152e-03
50.230000000 8.796133819496e-03
50.240000000 7.759012094457e-03
50.250000000 6.663442936070e-03
50.260000000 5.503845715524e-03
50.270000000 4.310814198944e-03
50.280000000 3.061582569590e-03
50.290000000 1.758302448125e-03
50.300000000 3.781947132420e-04
50.310000000 -1.077177376940e-03
50.320000000 -2.600345796932e-03
50.330000000 -4.163830422771e-03
50.340000000 -5.715957200577e-03
50.350000000 -7.201492347848e-03
50.360000000 -8.544420090161e-03
50.370000000 -9.691017358161e-03
50.380000000 -1.057847210809e-02
50.390000000 -1.118345700860e-02
50.400000000 -1.147993834931e-02
50.410000000 -1.148525643602e-02
50.420000000 -1.121380070234e-02
50.430000000 -1.071747298392e-02
50.440000000 -1.004019370954e-02
50.450000000 -9.251296183395e-03
50.460000000 -8.405348162795e-03
50.470000000 -7.570892275699e-03
50.480000000 -6.796516070286e-03
50.490000000 -6.133374785125e-03
50.500000000 -5.607901315427e-03
50.510000000 -5.242792508736e-03
50.520000000 -5.038606874867e-03
50.530000000 -4.990076884279e-03
50.540000000 -5.073624986547e-03
50.550000000 -5.258820892278e-03
50.560000000 -5.503847499113e-03
50.570000000 -5.761328423010e-03
50.580000000 -5.982094850267e-03
50.590000000 -6.120053062157e-03
50.600000000 -6.142177645772e-03
50.610000000 -6.026759251320e-03
50.620000000 -5.767984111978e-03
50.630000000 -5.369352985041e-03
50.640000000 -4.844506486827e-03
50.650000000 -4.210661676235e-03
50.660000000 -3.486804279438e-03
50.670000000 -2.689706868911e-03
50.680000000 -1.833949418222e-03
50.690000000 -9.266723441113e-04
50.700000000 2.701307687724e-05
50.710000000 1.032182040488e-03
50.720000000 2.086078031155e-03
50.730000000 3.193665525439e-03
50.740000000 4.338242857257e-03
50.750000000 5.509129426492e-03
50.760000000 6.664445976184e-03
50.770000000 7.774193386972e-03
50.780000000 8.780540426285e-03
50.790000000 9.650592999266e-03
50.800000000 1.033234302297e-02
50.810000000 1.080579222794e-02
50.820000000 1.103670732206e-02
50.830000000 1.101944415140e-02
50.840000000 1.073955363308e-02
50.850000000 1.020691930615e-02
50.860000000 9.435879368688e-03
50.870000000 8.458698574195e-03
50.880000000 7.324787505521e-03
50.890000000 6.088496231945e-03
50.900000000 4.827495898704e-03
50.910000000 3.599932784115e-03
50.920000000 2.483283464888e-03
50.930000000 1.512317952059e-03
50.940000000 7.433835833127e-04
50.950000000 1.770368361951e-04
50.960000000 -1.600836928449e-04
50.970000000 -3.013443410194e-04
50.980000000 -2.431266431136e-04
50.990000000 -3.541162454758e-05
51.000000000 3.181636576815e-04
51.010000000 7.689588876724e-04
51.020000000 1.317680610598e-03
51.030000000 1.928024980866e-03
51.040000000 2.604346077575e-03
51.050000000 3.316900543060e-03
51.060000000 4.059098479612e-03
51.070000000 4.795913338457e-03
51.080000000 5.500844154532e-03
51.090000000 6.135412456563e-03
51.100000000 6.661444420214e-03
51.110000000 7.050576183851e-03
51.120000000 7.265756972245e-03
51.130000000 7.297934972616e-03
51.140000000 7.117680386387e-03
51.150000000 6.735359387374e-03
51.160000000 6.132170677641e-03
51.170000000 5.337481292018e-03
51.180000000 4.350249062300e-03
51.190000000 3.217702978214e-03
51.200000000 1.958011789896e-03
51.210000000 6.282023304833e-04
51.220000000 -7.383827935700e-04
51.230000000 -2.087073828835e-03
51.240000000 -3.381749951094e-03
51.250000000 -4.586860261284e-03
51.260000000 -5.676937028851e-03
51.270000000 -6.645526297511e-03
51.280000000 -7.482871063486e-03
51.290000000 -8.206032599313e-03
51.300000000 -8.809557229706e-03
51.310000000 -9.315410148532e-03
51.320000000 -9.708021918510e-03
51.330000000 -9.996784508022e-03
51.340000000 -1.014724908831e-02
51.350000000 -1.015464030888e-02
51.360000000 -9.982163705872e-03
51.370000000 -9.630654765000e-03
51.380000000 -9.080697465074e-03
51.390000000 -8.348556213275e-03
51.400000000 -7.441849848447e-03
51.410000000 -6.398074674981e-03
51.420000000 -5.255719175404e-03
51.430000000 -4.066350196455e-03
51.440000000 -2.887494322712e-03
51.450000000 -1.770127109213e-03
51.460000000 -7.764024599640e-04
51.470000000 6.170453888839e-05
51.480000000 7.013618438971e-04
51.490000000 1.147814823242e-03
51.500000000 1.388717345987e-03
51.510000000 1.464299663247e-03
51.520000000 1.389717863249e-03
51.530000000 1.226294835652e-03
51.540000000 9.985155320363e-04
51.550000000 7.601572532620e-04
51.560000000 5.232697332939e-04
51.570000000 3.178845231908e-04
51.580000000 1.380705069051e-04
51.590000000 -1.232980149774e-05
51.600000000 -1.540805947182e-04
51.610000000 -2.984314262513e-04
51.620000000 -4.632404933417e-04
51.630000000 -6.522800487776e-04
51.640000000 -8.634474817894e-04
51.650000000 -1.080251076802e-03
51.660000000 -1.276661197355e-03
51.670000000 -1.417309382278e-03
51.680000000 -1.463757964566e-03
51.690000000 -1.380079790602e-03
51.700000000 -1.137589269361e-03
51.710000000 -7.188846014160e-04
51.720000000 -1.210635194442e-04
51.730000000 6.403032867029e-04
51.740000000 1.529790306830e-03
51.750000000 2.493392978737e-03
51.760000000 3.462790059812e-03
51.770000000 4.359745754107e-03
51.780000000 5.104639228851e-03
51.790000000 5.624954557979e-03
51.800000000 5.869034576177e-03
51.810000000 5.810827466737e-03
51.820000000 5.457821895553e-03
51.830000000 4.844571739864e-03
51.840000000 4.033085017215e-03
51.850000000 3.096668061803e-03
51.860000000 2.117094060814e-03
51.870000000 1.168111986768e-03
51.880000000 3.161626135320e-04
51.890000000 -3.916029561963e-04
51.900000000 -9.234785327458e-04
51.910000000 -1.267589740326e-03
51.920000000 -1.427739338135e-03
51.930000000 -1.422508123527e-03
51.940000000 -1.283664822579e-03
51.950000000 -1.046589257476e-03
51.960000000 -7.513895284311e-04
51.970000000 -4.291292118853e-04
51.980000000 -1.110583474589e-04
51.990000000 1.902248198561e-04
52.000000000 4.632386804540e-04
52.010000000 7.198406871997e-04
52.020000000 9.614963806015e-04
52.030000000 1.207640047964e-03
52.040000000 1.448748388573e-03
52.050000000 1.690837213359e-03
52.060000000 1.898981250131e-03
52.070000000 2.059750186373e-03
52.080000000 2.119095093453e-03
52.090000000 2.057562015575e-03
52.100000000 1.824942956889e-03
52.110000000 1.413336969259e-03
52.120000000 7.944099619656e-04
52.130000000 -1.879468066441e-05
52.140000000 -1.021529247376e-03
52.150000000 -2.179600224129e-03
52.160000000 -3.457789288486e-03
52.170000000 -4.809153141492e-03
52.180000000 -6.174194221364e-03
52.190000000 -7.503304532756e-03
52.200000000 -8.727514806534e-03
52.210000000 -9.806681207000e-03
52.220000000 -1.067252076958e-02
52.230000000 -1.130066268154e-02
52.240000000 -1.164002116386e-02
52.250000000 -1.169599010333e-02
52.260000000 -1.144892232718e-02
52.270000000 -1.093435030902e-02
52.280000000 -1.016125634274e-02
52.290000000 -9.179674977929e-03
52.300000000 -8.009143263693e-03
52.310000000 -6.693115551168e-03
52.320000000 -5.251717114939e-03
52.330000000 -3.719901202209e-03
52.340000000 -2.124099502065e-03
52.350000000 -4.969495510616e-04
52.360000000 1.123580207280e-03
52.370000000 2.702901145805e-03
52.380000000 4.191166771919e-03
52.390000000 5.552081242471e-03
52.400000000 6.729479594612e-03
52.410000000 7.688631268855e-03
52.420000000 8.376331351003e-03
52.430000000 8.769486318832e-03
52.440000000 8.838570422209e-03
52.450000000 8.591655679175e-03
52.460000000 8.043159032876e-03
52.470000000 7.240120937048e-03
52.480000000 6.240226550653e-03
52.490000000 5.114633315055e-03
52.500000000 3.942037920484e-03
52.510000000 2.792242232663e-03
52.520000000 1.741900002434e-03
52.530000000 8.444791174939e-04
52.540000000 1.620829161540e-04
52.550000000 -2.741716670443e-04
52.560000000 -4.262213567658e-04
52.570000000 -2.907121995385e-04
52.580000000 1.370699789706e-04
52.590000000 8.291475687133e-04
52.600000000 1.755907246186e-03
52.610000000 2.866726922177e-03
52.620000000 4.111125371760e-03
52.630000000 5.429827641816e-03
52.640000000 6.762496668630e-03
52.650000000 8.048390440552e-03
52.660000000 9.225770681028e-03
52.670000000 1.023975647227e-02
52.680000000 1.103570678513e-02
52.690000000 1.157032768541e-02
52.700000000 1.180210316739e-02
52.710000000 1.170194385512e-02
52.720000000 1.124481493606e-02
52.730000000 1.042014655320e-02
52.740000000 9.231773785015e-03
52.750000000 7.703686696857e-03
52.760000000 5.886043363132e-03
52.770000000 3.844082314466e-03
52.780000000 1.670863259302e-03
52.790000000 -5.441865783692e-04
52.800000000 -2.688391360295e-03
52.810000000 -4.678325472867e-03
52.820000000 -6.411316868592e-03
52.830000000 -7.833732307020e-03
52.840000000 -8.869588294056e-03
52.850000000 -9.505230911856e-03
52.860000000 -9.705020382213e-03
52.870000000 -9.503621316108e-03
52.880000000 -8.912610545710e-03
52.890000000 -8.006935649678e-03
52.900000000 -6.832534724550e-03
52.910000000 -5.478455404871e-03
52.920000000 -3.999069248031e-03
52.930000000 -2.470443178941e-03
52.940000000 -9.394868231578e-04
52.950000000 5.400153381702e-04
52.960000000 1.928996764832e-03
52.970000000 3.191366116776e-03
52.980000000 4.287216442817e-03
52.990000000 5.188868207184e-03
53.000000000 5.852025766620e-03
53.010000000 6.256827553950e-03
53.020000000 6.362289676415e-03
53.030000000 6.163700305175e-03
53.040000000 5.638915544965e-03
53.050000000 4.810307779922e-03
53.060000000 3.690908029505e-03
53.070000000 2.337180479995e-03
53.080000000 8.024140916849e-04
53.090000000 -8.309682408522e-04
53.100000000 -2.483285281962e-03
53.110000000 -4.070428083441e-03
53.120000000 -5.510851148195e-03
53.130000000 -6.739815172148e-03
53.140000000 -7.688977681892e-03
53.150000000 -8.321997498185e-03
53.160000000 -8.594445992990e-03
53.170000000 -8.503584345234e-03
53.180000000 -8.037157762078e-03
53.190000000 -7.227347207635e-03
53.200000000 -6.100155939213e-03
53.210000000 -4.718391521953e-03
53.220000000 -3.141625778870e-03
53.230000000 -1.447730434573e-03
53.240000000 2.841460402420e-04
53.250000000 1.982073342108e-03
53.260000000 3.568844896000e-03
53.270000000 5.000844583182e-03
53.280000000 6.218215157929e-03
53.290000000 7.209750978522e-03
53.300000000 7.931101067380e-03
53.310000000 8.394279011580e-03
53.320000000 8.564428626058e-03
53.330000000 8.464346249573e-03
53.340000000 8.062168855609e-03
53.350000000 7.381820528046e-03
53.360000000 6.398308301799e-03
53.370000000 5.142514939196e-03
53.380000000 3.612867663450e-03
53.390000000 1.860367510083e-03
53.400000000 -7.804128578806e-05
53.410000000 -2.123829073829e-03
53.420000000 -4.200173264853e-03
53.430000000 -6.212035548100e-03
53.440000000 -8.063171219034e-03
53.450000000 -9.668804453996e-03
53.460000000 -1.094266049962e-02
53.470000000 -1.183694559639e-02
53.480000000 -1.230036270743e-02
53.490000000 -1.233542500241e-02
53.500000000 -1.193317279593e-02
53.510000000 -1.114033306695e-02
53.520000000 -9.987166315827e-03
53.530000000 -8.556254798813e-03
53.540000000 -6.913576646365e-03
53.550000000 -5.163097397139e-03
53.560000000 -3.388753597665e-03
53.570000000 -1.687969974216e-03
53.580000000 -1.340702660249e-04
53.590000000 1.213075696027e-03
53.600000000 2.316197019256e-03
53.610000000 3.166577273102e-03
53.620000000 3.761944764058e-03
53.630000000 4.129482312249e-03
53.640000000 4.282213848558e-03
53.650000000 4.256939399216e-03
53.660000000 4.059098452406e-03
53.670000000 3.714000048251e-03
53.680000000 3.214661707014e-03
53.690000000 2.579346398609e-03
53.700000000 1.805933108205e-03
53.710000000 9.227506433995e-04
53.720000000 -4.902628248924e-05
53.730000000 -1.059738238636e-03
53.740000000 -2.061066916067e-03
53.750000000 -2.989849394031e-03
53.760000000 -3.785959035584e-03
53.770000000 -4.390238352772e-03
53.780000000 -4.747456325036e-03
53.790000000 -4.818764861179e-03
53.800000000 -4.573366285362e-03
53.810000000 -4.009464133817e-03
53.820000000 -3.135622680324e-03
53.830000000 -1.994176768245e-03
53.840000000 -6.383310739260e-04
53.850000000 8.516360800968e-04
53.860000000 2.391235826830e-03
53.870000000 3.886054796121e-03
53.880000000 5.245712170231e-03
53.890000000 6.390883553203e-03
53.900000000 7.254751250978e-03
53.910000000 7.799879582961e-03
53.920000000 8.003138318775e-03
53.930000000 7.880350437097e-03
53.940000000 7.455855262150e-03
53.950000000 6.789187830596e-03
53.960000000 5.932067154223e-03
53.970000000 4.956997603795e-03
53.980000000 3.914023415821e-03
53.990000000 2.859581657026e-03
54.000000000 1.821941384595e-03
54.010000000 8.266771786209e-04
54.020000000 -1.190625085702e-04
54.030000000 -1.010499483720e-03
54.040000000 -1.841953593146e-03
54.050000000 -2.611366690070e-03
54.060000000 -3.300708065484e-03
54.070000000 -3.901586368077e-03
54.080000000 -4.381266933937e-03
54.090000000 -4.725353261650e-03
54.100000000 -4.896533431503e-03
54.110000000 -4.883548682015e-03
54.120000000 -4.661411826123e-03
54.130000000 -4.234930794151e-03
54.140000000 -3.608867447265e-03
54.150000000 -2.808838701507e-03
54.160000000 -1.869968083578e-03
54.170000000 -8.319270629674e-04
54.180000000 2.441253315820e-04
54.190000000 1.311793431637e-03
54.200000000 2.297187181036e-03
54.210000000 3.158843507531e-03
54.220000000 3.822976323486e-03
54.230000000 4.260384194519e-03
54.240000000 4.414282148399e-03
54.250000000 4.280656191735e-03
54.260000000 3.835983050185e-03
54.270000000 3.107901330156e-03
54.280000000 2.113091965609e-03
54.290000000 9.063323602297e-04
54.300000000 -4.662420737969e-04
54.310000000 -1.943348600827e-03
54.320000000 -3.467794485794e-03
54.330000000 -4.986734297348e-03
54.340000000 -6.439331373674e-03
54.350000000 -7.784694119092e-03
54.360000000 -8.959634882315e-03
54.370000000 -9.936026735694e-03
54.380000000 -1.065251044277e-02
54.390000000 -1.109836050828e-02
54.400000000 -1.122280540122e-02
54.410000000 -1.103695407979e-02
54.420000000 -1.050743540995e-02
54.430000000 -9.669410888724e-03
54.440000000 -8.514404608737e-03
54.450000000 -7.102245105712e-03
54.460000000 -5.450820113981e-03
54.470000000 -3.635563090744e-03
54.480000000 -1.692876494631e-03
54.490000000 3.011377523737e-04
54.500000000 2.302189765250e-03
54.510000000 4.242864481179e-03
54.520000000 6.074140629187e-03
54.530000000 7.739230937272e-03
54.540000000 9.190752549885e-03
54.550000000 1.039024559312e-02
54.560000000 1.130484596505e-02
54.570000000 1.192346043311e-02
54.580000000 1.223932928237e-02
54.590000000 1.227189837003e-02
54.600000000 1.204022630551e-02
54.610000000 1.158210732327e-02
54.620000000 1.092965191294e-02
54.630000000 1.012414136337e-02
54.640000000 9.204759793427e-03
54.650000000 8.213154456150e-03
54.660000000 7.198722264672e-03
54.670000000 6.205426784903e-03
54.680000000 5.293737000448e-03
54.690000000 4.505334686148e-03
54.700000000 3.900016163699e-03
54.710000000 3.501723853460e-03
54.720000000 3.349731554662e-03
54.730000000 3.434955335591e-03
54.740000000 3.761944752338e-03
54.750000000 4.285439015134e-03
54.760000000 4.977573478903e-03
54.770000000 5.772603237581e-03
54.780000000 6.628427305177e-03
54.790000000 7.482115886359e-03
54.800000000 8.294288893510e-03
54.810000000 9.019498656580e-03
54.820000000 9.625977646664e-03
54.830000000 1.008391049291e-02
54.840000000 1.036135798734e-02
54.850000000 1.043772390804e-02
54.860000000 1.028231710696e-02
54.870000000 9.888294646570e-03
54.880000000 9.234775315033e-03
54.890000000 8.333615308961e-03
54.900000000 7.182713982632e-03
54.910000000 5.816083883192e-03
54.920000000 4.255199863458e-03
54.930000000 2.552007492615e-03
54.940000000 7.473856113392e-04
54.950000000 -1.103255009800e-03
54.960000000 -2.953528512605e-03
54.970000000 -4.759719651340e-03
54.980000000 -6.476350526783e-03
54.990000000 -8.073736756036e-03
55.000000000 -9.506917945428e-03
55.010000000 -1.075687411435e-02
55.020000000 -1.177809260389e-02
55.030000000 -1.256248827789e-02
55.040000000 -1.307376272852e-02
55.050000000 -1.332227830217e-02
55.060000000 -1.328887398491e-02
55.070000000 -1.300205099315e-02
55.080000000 -1.246244655441e-02
55.090000000 -1.171394377679e-02
55.100000000 -1.077657461666e-02
55.110000000 -9.702385093582e-03
55.120000000 -8.527411342970e-03
55.130000000 -7.304654237975e-03
55.140000000 -6.081146127572e-03
55.150000000 -4.901813851902e-03
55.160000000 -3.815974574352e-03
55.170000000 -2.851449833859e-03
55.180000000 -2.050061238959e-03
55.190000000 -1.413448123511e-03
55.200000000 -9.655003010419e-04
55.210000000 -6.779981793739e-04
55.220000000 -5.582896907186e-04
55.230000000 -5.604701289323e-04
55.240000000 -6.883569621054e-04
55.250000000 -8.946359355547e-04
55.260000000 -1.188615697613e-03
55.270000000 -1.528963369097e-03
55.280000000 -1.926997591122e-03
55.290000000 -2.341510977559e-03
55.300000000 -2.773435371455e-03
55.310000000 -3.175052781321e-03
55.320000000 -3.534829166788e-03
55.330000000 -3.807333528160e-03
55.340000000 -3.982060476354e-03
55.350000000 -4.031948532614e-03
55.360000000 -3.961049609681e-03
55.370000000 -3.768050759519e-03
55.380000000 -3.472797084239e-03
55.390000000 -3.090830777580e-03
55.400000000 -2.646369653736e-03
55.410000000 -2.156216926835e-03
55.420000000 -1.640849595996e-03
55.430000000 -1.111986337557e-03
55.440000000 -5.873046996679e-04
55.450000000 -7.355668135900e-05
55.460000000 4.112117357776e-04
55.470000000 8.618241375368e-04
55.480000000 1.256648998222e-03
55.490000000 1.592794055736e-03
55.500000000 1.850956375547e-03
55.510000000 2.036719454042e-03
55.520000000 2.137104371928e-03
55.530000000 2.165023961644e-03
55.540000000 2.111090917483e-03
55.550000000 1.988348296012e-03
55.560000000 1.784922221860e-03
55.570000000 1.509327101243e-03
55.580000000 1.151594662763e-03
55.590000000 7.233246015062e-04
55.600000000 2.281170371936e-04
55.610000000 -3.095700348369e-04
55.620000000 -8.654485583772e-04
55.630000000 -1.405399824921e-03
55.640000000 -1.898983105712e-03
55.650000000 -2.322047981396e-03
55.660000000 -2.655374313692e-03
55.670000000 -2.892759499645e-03
55.680000000 -3.028567330434e-03
55.690000000 -3.067215499471e-03
55.700000000 -3.008556981231e-03
55.710000000 -2.858446387059e-03
55.720000000 -2.622357237790e-03
55.730000000 -2.309905657820e-03
55.740000000 -1.937002770641e-03
55.750000000 -1.518570251741e-03
55.760000000 -1.078558781079e-03
55.770000000 -6.296580015732e-04
55.780000000 -1.921003023402e-04
55.790000000 2.298072825153e-04
55.800000000 6.193193661039e-04
55.810000000 9.734828187877e-04
55.820000000 1.272657274194e-03
55.830000000 1.507102535960e-03
55.840000000 1.647851325458e-03
55.850000000 1.676268659373e-03
55.860000000 1.563807857719e-03
55.870000000 1.298630897596e-03
55.880000000 8.724502853276e-04
55.890000000 2.962519545963e-04
55.900000000 -4.032094898917e-04
55.910000000 -1.186904630301e-03
55.920000000 -1.998034338231e-03
55.930000000 -2.786669793401e-03
55.940000000 -3.489805887099e-03
55.950000000 -4.072350482556e-03
55.960000000 -4.489322840434e-03
55.970000000 -4.735201293011e-03
55.980000000 -4.790478599293e-03
55.990000000 -4.674947995823e-03
56.000000000 -4.388270576322e-03
56.010000000 -3.960097879722e-03
56.020000000 -3.395757245700e-03
56.030000000 -2.719386903556e-03
56.040000000 -1.937002773780e-03
56.050000000 -1.065240050399e-03
56.060000000 -1.160609775049e-04
56.070000000 8.955385883623e-04
56.080000000 1.943003976773e-03
56.090000000 3.007400620930e-03
56.100000000 4.047092217227e-03
56.110000000 5.043268054339e-03
56.120000000 5.945073858738e-03
56.130000000 6.734812320144e-03
56.140000000 7.354802974599e-03
56.150000000 7.790775061047e-03
56.160000000 7.990131568218e-03
56.170000000 7.951172684886e-03
56.180000000 7.638949935830e-03
56.190000000 7.070485407410e-03
56.200000000 6.238225476786e-03
56.210000000 5.179954398918e-03
56.220000000 3.916024427323e-03
56.230000000 2.499711613829e-03
56.240000000 9.765040985025e-04
56.250000000 -5.907642481588e-04
56.260000000 -2.140107822613e-03
56.270000000 -3.611284025294e-03
56.280000000 -4.938555188080e-03
56.290000000 -6.077224525937e-03
56.300000000 -6.972607206011e-03
56.310000000 -7.606915944180e-03
56.320000000 -7.947111222581e-03
56.330000000 -8.008895500112e-03
56.340000000 -7.790029979907e-03
56.350000000 -7.339001770523e-03
56.360000000 -6.678455070284e-03
56.370000000 -5.872536023254e-03
56.380000000 -4.952562433715e-03
56.390000000 -3.975369512310e-03
56.400000000 -2.962533184908e-03
56.410000000 -1.951732331214e-03
56.420000000 -9.584966915138e-04
56.430000000 -9.060833053897e-06
56.440000000 8.804544192325e-04
56.450000000 1.689469346823e-03
56.460000000 2.395237869506e-03
56.470000000 2.978948608057e-03
56.480000000 3.416766206775e-03
56.490000000 3.696181894516e-03
56.500000000 3.796962845392e-03
56.510000000 3.714252631975e-03
56.520000000 3.442779660592e-03
56.530000000 2.995214547176e-03
56.540000000 2.391235798786e-03
56.550000000 1.662528224159e-03
56.560000000 8.554414812119e-04
56.570000000 1.647813160757e-05
56.580000000 -7.924107930691e-04
56.590000000 -1.526521677828e-03
56.600000000 -2.126100581583e-03
56.610000000 -2.558662217039e-03
56.620000000 -2.777437455150e-03
56.630000000 -2.770940016157e-03
56.640000000 -2.518303430475e-03
56.650000000 -2.034125242227e-03
56.660000000 -1.322685053322e-03
56.670000000 -4.175591611281e-04
56.680000000 6.583395382488e-04
56.690000000 1.858815787150e-03
56.700000000 3.149628039824e-03
56.710000000 4.475918510360e-03
56.720000000 5.792995196929e-03
56.730000000 7.036204478697e-03
56.740000000 8.155216944797e-03
56.750000000 9.085279276019e-03
56.760000000 9.785059904189e-03
56.770000000 1.020736560579e-02
56.780000000 1.033934658269e-02
56.790000000 1.016651120695e-02
56.800000000 9.712022128417e-03
56.810000000 8.993627544786e-03
56.820000000 8.067171406548e-03
56.830000000 6.974060142885e-03
56.840000000 5.791994678203e-03
56.850000000 4.571520457493e-03
56.860000000 3.398756888328e-03
56.870000000 2.317981428970e-03
56.880000000 1.406726604162e-03
56.890000000 6.871176565908e-04
56.900000000 2.141097790021e-04
56.910000000 -1.916485192043e-05
56.920000000 1.300576720302e-05
56.930000000 2.764755852143e-04
56.940000000 7.703974922350e-04
56.950000000 1.446969362239e-03
56.960000000 2.290183529861e-03
56.970000000 3.253030425616e-03
56.980000000 4.311228820256e-03
56.990000000 5.426646653360e-03
57.000000000 6.568396233711e-03
57.010000000 7.704298769429e-03
57.020000000 8.787543983284e-03
57.030000000 9.783982957372e-03
57.040000000 1.063149768138e-02
57.050000000 1.129727142352e-02
57.060000000 1.171205654942e-02
57.070000000 1.184971876846e-02
57.080000000 1.164802343109e-02
57.090000000 1.109791006445e-02
57.100000000 1.016025395210e-02
57.110000000 8.853854216687e-03
57.120000000 7.180712924460e-03
57.130000000 5.196731196201e-03
57.140000000 2.950525058571e-03
57.150000000 5.265227037098e-04
57.160000000 -1.992031246383e-03
57.170000000 -4.511739222021e-03
57.180000000 -6.935588068807e-03
57.190000000 -9.182401153060e-03
57.200000000 -1.116077334734e-02
57.210000000 -1.281828170855e-02
57.220000000 -1.408728694905e-02
57.230000000 -1.495605799069e-02
57.240000000 -1.539096121344e-02
57.250000000 -1.542199137958e-02
57.260000000 -1.505178579112e-02
57.270000000 -1.434441045427e-02
57.280000000 -1.333089574190e-02
57.290000000 -1.209102989319e-02
57.300000000 -1.067051978780e-02
57.310000000 -9.145442380476e-03
57.320000000 -7.563913041807e-03
57.330000000 -5.984432071531e-03
57.340000000 -4.452303708462e-03
57.350000000 -3.004441134652e-03
57.360000000 -1.684872385003e-03
57.370000000 -5.142021058799e-04
57.380000000 4.602370717460e-04
57.390000000 1.232195194682e-03
57.400000000 1.759909265841e-03
57.410000000 2.057485101022e-03
57.420000000 2.096083135752e-03
57.430000000 1.906886465155e-03
57.440000000 1.475762303773e-03
57.450000000 8.468243060438e-04
57.460000000 2.301093625844e-05
57.470000000 -9.411003663644e-04
57.480000000 -2.020045738908e-03
57.490000000 -3.145906903129e-03
57.500000000 -4.267207978076e-03
57.510000000 -5.308880829609e-03
57.520000000 -6.206210836300e-03
57.530000000 -6.894235476106e-03
57.540000000 -7.315784711401e-03
57.550000000 -7.437288702372e-03
57.560000000 -7.233742279021e-03
57.570000000 -6.718129141346e-03
57.580000000 -5.904054560808e-03
57.590000000 -4.840982504319e-03
57.600000000 -3.567846267176e-03
57.610000000 -2.151247421182e-03
57.620000000 -6.403321484210e-04
57.630000000 8.987896068348e-04
57.640000000 2.418249758982e-03
57.650000000 3.863835409708e-03
57.660000000 5.194685739677e-03
57.670000000 6.374413210353e-03
57.680000000 7.371811755484e-03
57.690000000 8.170057943290e-03
57.700000000 8.747523277345e-03
57.710000000 9.106323269573e-03
57.720000000 9.234775285316e-03
57.730000000 9.152210325875e-03
57.740000000 8.856579681221e-03
57.750000000 8.381252001239e-03
57.760000000 7.734999596474e-03
57.770000000 6.961691071612e-03
57.780000000 6.079143182428e-03
57.790000000 5.132722261086e-03
57.800000000 4.144142394086e-03
57.810000000 3.154031794119e-03
57.820000000 2.187130221391e-03
57.830000000 1.277732701668e-03
57.840000000 4.522329271678e-04
57.850000000 -2.625607262082e-04
57.860000000 -8.434371974633e-04
57.870000000 -1.277561731638e-03
57.880000000 -1.556806154208e-03
57.890000000 -1.686749821583e-03
57.900000000 -1.674867215947e-03
57.910000000 -1.538358779271e-03
57.920000000 -1.297672129742e-03
57.930000000 -9.774632717439e-04
57.940000000 -6.083155927104e-04
57.950000000 -2.171651787803e-04
57.960000000 1.580807895569e-04
57.970000000 4.921231990593e-04
57.980000000 7.453845445875e-04
57.990000000 9.009258452159e-04
58.000000000 9.224761366738e-04
58.010000000 8.026042144267e-04
58.020000000 5.102629385789e-04
58.030000000 5.031605745849e-05
58.040000000 -5.953088666390e-04
58.050000000 -1.402663336914e-03
58.060000000 -2.368225824745e-03
58.070000000 -3.446349625052e-03
58.080000000 -4.611385994030e-03
58.090000000 -5.806501481808e-03
58.100000000 -6.996619644140e-03
58.110000000 -8.131517436300e-03
58.120000000 -9.177747730249e-03
58.130000000 -1.010197685703e-02
58.140000000 -1.087762691300e-02
58.150000000 -1.149207416586e-02
58.160000000 -1.192616922240e-02
58.170000000 -1.218527714333e-02
58.180000000 -1.225734050537e-02
58.190000000 -1.216180313954e-02
58.200000000 -1.189315214628e-02
58.210000000 -1.147703411933e-02
58.220000000 -1.091064399037e-02
58.230000000 -1.021674868219e-02
58.240000000 -9.392858987683e-03
58.250000000 -8.454795610810e-03
58.260000000 -7.402829738877e-03
58.270000000 -6.247541265932e-03
58.280000000 -4.997585739773e-03
58.290000000 -3.664336111034e-03
58.300000000 -2.273176667549e-03
58.310000000 -8.447730677405e-04
58.320000000 5.722950186167e-04
58.330000000 1.944118250501e-03
58.340000000 3.202655448604e-03
58.350000000 4.310807515892e-03
58.360000000 5.201689354646e-03
58.370000000 5.857520511029e-03
58.380000000 6.238225453974e-03
58.390000000 6.363614959867e-03
58.400000000 6.234223383883e-03
58.410000000 5.906458711681e-03
58.420000000 5.412798540314e-03
58.430000000 4.826456222378e-03
58.440000000 4.192167225978e-03
58.450000000 3.575623614844e-03
58.460000000 3.011556610465e-03
58.470000000 2.536451400286e-03
58.480000000 2.162117277720e-03
58.490000000 1.892424821023e-03
58.500000000 1.721889590448e-03
58.510000000 1.634683560537e-03
58.520000000 1.621837843179e-03
58.530000000 1.662573361405e-03
58.540000000 1.753906149089e-03
58.550000000 1.878726198600e-03
58.560000000 2.043055697882e-03
58.570000000 2.234884854969e-03
58.580000000 2.466274587734e-03
58.590000000 2.729749379316e-03
58.600000000 3.040571615647e-03
58.610000000 3.391310164874e-03
58.620000000 3.788958683444e-03
58.630000000 4.216090198400e-03
58.640000000 4.662410435065e-03
58.650000000 5.094435754408e-03
58.660000000 5.479833208333e-03
58.670000000 5.771536628435e-03
58.680000000 5.930066069892e-03
58.690000000 5.916665508509e-03
58.700000000 5.709952226151e-03
58.710000000 5.300778526920e-03
58.720000000 4.705432685463e-03
58.730000000 3.953449682734e-03
58.740000000 3.096600592536e-03
58.750000000 2.186493818988e-03
58.760000000 1.286664488018e-03
58.770000000 4.418951643605e-04
58.780000000 -3.001562205565e-04
58.790000000 -9.229029073546e-04
58.800000000 -1.404727508304e-03
58.810000000 -1.756047081401e-03
58.820000000 -1.973021431812e-03
58.830000000 -2.079842738442e-03
58.840000000 -2.078075766434e-03
58.850000000 -1.995708226500e-03
58.860000000 -1.835950538759e-03
58.870000000 -1.627282327071e-03
58.880000000 -1.371710432611e-03
58.890000000 -1.092108952741e-03
58.900000000 -7.854071950513e-04
58.910000000 -4.645136887576e-04
58.920000000 -1.220641122554e-04
58.930000000 2.349583291693e-04
58.940000000 6.083136410705e-04
58.950000000 9.880507286581e-04
58.960000000 1.364704848632e-03
58.970000000 1.722680161780e-03
58.980000000 2.042055176016e-03
58.990000000 2.304077337377e-03
59.000000000 2.486284932751e-03
59.010000000 2.572745423018e-03
59.020000000 2.545315463307e-03
59.030000000 2.396297951659e-03
59.040000000 2.121096055565e-03
59.050000000 1.726872292793e-03
59.060000000 1.226633436643e-03
59.070000000 6.431984455424e-04
59.080000000 9.003674718466e-06
59.090000000 -6.382593491119e-04
59.100000000 -1.252648855912e-03
59.110000000 -1.794654611493e-03
59.120000000 -2.220149250188e-03
59.130000000 -2.504706573204e-03
59.140000000 -2.621356756106e-03
59.150000000 -2.575807111393e-03
59.160000000 -2.367225318784e-03
59.170000000 -2.033350067837e-03
59.180000000 -1.591824279282e-03
59.190000000 -1.097718391219e-03
59.200000000 -5.692954245417e-04
59.210000000 -5.845510984775e-05
59.220000000 4.322225633156e-04
59.230000000 8.678675342262e-04
59.240000000 1.263652581172e-03
59.250000000 1.599949816585e-03
59.260000000 1.900982209732e-03
59.270000000 2.159572281876e-03
59.280000000 2.406243532174e-03
59.290000000 2.647146439153e-03
59.300000000 2.914506407027e-03
59.310000000 3.220992241976e-03
59.320000000 3.587854664529e-03
59.330000000 4.018978662462e-03
59.340000000 4.509331254739e-03
59.350000000 5.044896732206e-03
59.360000000 5.595893227597e-03
59.370000000 6.137816390664e-03
59.380000000 6.628427257043e-03
59.390000000 7.045065705210e-03
59.400000000 7.349800353133e-03
59.410000000 7.536329165102e-03
59.420000000 7.583921441043e-03
59.430000000 7.507640972719e-03
59.440000000 7.305777584009e-03
59.450000000 7.008616304240e-03
59.460000000 6.623424668853e-03
59.470000000 6.178438191164e-03
59.480000000 5.674934106518e-03
59.490000000 5.126472786447e-03
59.500000000 4.525339532594e-03
59.510000000 3.871473546631e-03
59.520000000 3.155631115139e-03
59.530000000 2.372504026036e-03
59.540000000 1.522786602917e-03
59.550000000 6.055676023044e-04
59.560000000 -3.611877944248e-04
59.570000000 -1.370498850151e-03
59.580000000 -2.386235155120e-03
59.590000000 -3.391746480273e-03
59.600000000 -4.335243188051e-03
59.610000000 -5.194905027219e-03
59.620000000 -5.917061309273e-03
59.630000000 -6.486403776933e-03
59.640000000 -6.862550319195e-03
59.650000000 -7.045206204932e-03
59.660000000 -7.017630527347e-03
59.670000000 -6.796292543119e-03
59.680000000 -6.387304521081e-03
59.690000000 -5.817547167192e-03
59.700000000 -5.112645263750e-03
59.710000000 -4.307840440923e-03
59.720000000 -3.445783157947e-03
59.730000000 -2.563936845709e-03
59.740000000 -1.711886381613e-03
59.750000000 -9.195022338877e-04
59.760000000 -2.341220777519e-04
59.770000000 3.277682459216e-04
59.780000000 7.273752112817e-04
59.790000000 9.657431519446e-04
59.800000000 1.017525277545e-03
59.810000000 9.019156421797e-04
59.820000000 6.083136318622e-04
59.830000000 1.717658721691e-04
59.840000000 -4.042100485903e-04
59.850000000 -1.076103425835e-03
59.860000000 -1.831948479340e-03
59.870000000 -2.628289870130e-03
59.880000000 -3.446783677091e-03
59.890000000 -4.249705299332e-03
59.900000000 -5.015595071195e-03
59.910000000 -5.715836616855e-03
59.920000000 -6.324271922944e-03
59.930000000 -6.820137472826e-03
59.940000000 -7.176712808101e-03
59.950000000 -7.385944735547e-03
59.960000000 -7.427842693430e-03
59.970000000 -7.307909072904e-03
59.980000000 -7.017630530695e-03
59.990000000 -6.573508776641e-03
60.000000000 -5.977092361485e-03
60.010000000 -5.245639648250e-03
60.020000000 -4.386269583446e-03
60.030000000 -3.414057688719e-03
60.040000000 -2.347214978581e-03
60.050000000 -1.203121174034e-03
60.060000000 -1.500875483053e-05
60.070000000 1.195178232411e-03
60.080000000 2.377228517155e-03
60.090000000 3.503130257148e-03
60.100000000 4.509331246786e-03
60.110000000 5.367950516639e-03
60.120000000 6.014109522353e-03
60.130000000 6.433745057406e-03
60.140000000 6.579401893031e-03
60.150000000 6.465339129436e-03
60.160000000 6.073140052700e-03
60.170000000 5.447178688775e-03
60.180000000 4.598377300832e-03
60.190000000 3.593793040426e-03
60.200000000 2.466274570783e-03
60.210000000 1.291428578511e-03
60.220000000 1.110564447903e-04
60.230000000 -1.008928401326e-03
60.240000000 -2.035053529847e-03
60.250000000 -2.928165219432e-03
60.260000000 -3.673901146893e-03
60.270000000 -4.263348425214e-03
60.280000000 -4.699431554463e-03
60.290000000 -4.995077317992e-03
60.300000000 -5.161670626088e-03
60.310000000 -5.219992428995e-03
60.320000000 -5.179679940768e-03
60.330000000 -5.056472503647e-03
60.340000000 -4.853511245563e-03
60.350000000 -4.577683944874e-03
60.360000000 -4.230188861591e-03
60.370000000 -3.812744888216e-03
60.380000000 -3.331724173205e-03
60.390000000 -2.791205554448e-03
60.400000000 -2.212145123817e-03
60.410000000 -1.609981041289e-03
60.420000000 -1.023530368958e-03
60.430000000 -4.797662733419e-04
60.440000000 -2.801548592458e-05
60.450000000 3.023608203668e-04
60.460000000 4.662401443406e-04
60.470000000 4.440297734265e-04
60.480000000 2.081066367175e-04
60.490000000 -2.399233742229e-04
60.500000000 -8.964646510298e-04
60.510000000 -1.728623554511e-03
60.520000000 -2.696395580841e-03
60.530000000 -3.737967013824e-03
60.540000000 -4.785476059655e-03
60.550000000 -5.763343819637e-03
60.560000000 -6.598413716585e-03
60.570000000 -7.227715591706e-03
60.580000000 -7.599931704861e-03
60.590000000 -7.686400758700e-03
60.600000000 -7.475867538716e-03
60.610000000 -6.985204739316e-03
60.620000000 -6.248232602504e-03
60.630000000 -5.317665326455e-03
60.640000000 -4.252200248874e-03
60.650000000 -3.110944084448e-03
60.660000000 -1.951010066712e-03
60.670000000 -8.140540453439e-04
60.680000000 2.601335430957e-04
60.690000000 1.257076445335e-03
60.700000000 2.153112597254e-03
60.710000000 2.951476763639e-03
60.720000000 3.631877418586e-03
60.730000000 4.204145300804e-03
60.740000000 4.645401616090e-03
60.750000000 4.964929220747e-03
60.760000000 5.133654141532e-03
60.770000000 5.156967026802e-03
60.780000000 5.005587905086e-03
60.790000000 4.684837441011e-03
60.800000000 4.174157886812e-03
60.810000000 3.485532984830e-03
60.820000000 2.622355289708e-03
60.830000000 1.613918696014e-03
60.840000000 4.942546295410e-04
60.850000000 -6.929090707267e-04
60.860000000 -1.887977468158e-03
60.870000000 -3.037890939182e-03
60.880000000 -4.067104519325e-03
60.890000000 -4.926523282230e-03
60.900000000 -5.546869858546e-03
60.910000000 -5.903016258829e-03
60.920000000 -5.953079951817e-03
60.930000000 -5.708124897991e-03
60.940000000 -5.162671150256e-03
60.950000000 -4.361625989491e-03
60.960000000 -3.328722626862e-03
60.970000000 -2.129285264140e-03
60.980000000 -8.054175662283e-04
60.990000000 5.681090557365e-04
61.000000000 1.941002890349e-03
61.010000000 3.243300632838e-03
61.020000000 4.431290874453e-03
61.030000000 5.454314124741e-03
61.040000000 6.286250264729e-03
61.050000000 6.904149807034e-03
61.060000000 7.303776532116e-03
61.070000000 7.487283857031e-03
61.080000000 7.465860362143e-03
61.090000000 7.258041723419e-03
61.100000000 6.886560746459e-03
61.110000000 6.379698664526e-03
61.120000000 5.765981179182e-03
61.130000000 5.074295158140e-03
61.140000000 4.336241713491e-03
61.150000000 3.577569322519e-03
61.160000000 2.831463437505e-03
61.170000000 2.117139019573e-03
61.180000000 1.468758642344e-03
61.190000000 8.988631185815e-04
61.200000000 4.412271998324e-04
61.210000000 1.026779498619e-04
61.220000000 -8.404447243986e-05
61.230000000 -1.169638442279e-04
61.240000000 2.901400152822e-05
61.250000000 3.466417636559e-04
61.260000000 8.444357398547e-04
61.270000000 1.499346345090e-03
61.280000000 2.292184519598e-03
61.290000000 3.180040735441e-03
61.300000000 4.119129420697e-03
61.310000000 5.058596547067e-03
61.320000000 5.944073286855e-03
61.330000000 6.729249034095e-03
61.340000000 7.361806542480e-03
61.350000000 7.809132363219e-03
61.360000000 8.030152212629e-03
61.370000000 8.009911978868e-03
61.380000000 7.724994383888e-03
61.390000000 7.181703354152e-03
61.400000000 6.380298903198e-03
61.410000000 5.348670875536e-03
61.420000000 4.111125279677e-03
61.430000000 2.713873683597e-03
61.440000000 1.203621509915e-03
61.450000000 -3.620766467727e-04
61.460000000 -1.923996103377e-03
61.470000000 -3.428350315498e-03
61.480000000 -4.816492111080e-03
61.490000000 -6.050899261559e-03
61.500000000 -7.082664182189e-03
61.510000000 -7.897188856729e-03
61.520000000 -8.459376221939e-03
61.530000000 -8.778194593553e-03
61.540000000 -8.834570273621e-03
61.550000000 -8.658922495483e-03
61.560000000 -8.248267036061e-03
61.570000000 -7.649216971215e-03
61.580000000 -6.873556031672e-03
61.590000000 -5.976771198740e-03
61.600000000 -4.979576460043e-03
61.610000000 -3.934298282045e-03
61.620000000 -2.861480975000e-03
61.630000000 -1.799542105190e-03
61.640000000 -7.643963568400e-04
61.650000000 2.188118047693e-04
61.660000000 1.131584249730e-03
61.670000000 1.953301857644e-03
61.680000000 2.658373909651e-03
61.690000000 3.228229024574e-03
61.700000000 3.634878960743e-03
61.710000000 3.868783603244e-03
61.720000000 3.915023852301e-03
61.730000000 3.784486145781e-03
61.740000000 3.485801857206e-03
61.750000000 3.051470033694e-03
61.760000000 2.513298875577e-03
61.770000000 1.915163858129e-03
61.780000000 1.298670666064e-03
61.790000000 7.017765030296e-04
61.800000000 1.650843716695e-04
61.810000000 -2.864464687767e-04
61.820000000 -6.163197730753e-04
61.830000000 -8.140102165859e-04
61.840000000 -8.484398264629e-04
61.850000000 -7.238836474819e-04
61.860000000 -4.202183492571e-04
61.870000000 3.907405085564e-05
61.880000000 6.563384488950e-04
61.890000000 1.389689827997e-03
61.900000000 2.225149842580e-03
61.910000000 3.111712394171e-03
61.920000000 4.028082324385e-03
61.930000000 4.929587496024e-03
61.940000000 5.799998764602e-03
61.950000000 6.612050496331e-03
61.960000000 7.356803948640e-03
61.970000000 8.022332209464e-03
61.980000000 8.600447164381e-03
61.990000000 9.084952479716e-03
62.000000000 9.458891153943e-03
62.010000000 9.713248265866e-03
62.020000000 9.823079513031e-03
62.030000000 9.780558673555e-03
62.040000000 9.563945487937e-03
62.050000000 9.173899823969e-03
62.060000000 8.602448198485e-03
62.070000000 7.863151506084e-03
62.080000000 6.967602651322e-03
62.090000000 5.940682318168e-03
62.100000000 4.813488536920e-03
62.110000000 3.619017621424e-03
62.120000000 2.405242984986e-03
62.130000000 1.205068048124e-03
62.140000000 7.103572587568e-05
62.150000000 -9.752608446737e-04
62.160000000 -1.885976446819e-03
62.170000000 -2.655860996934e-03
62.180000000 -3.249681759451e-03
62.190000000 -3.681214073621e-03
62.200000000 -3.928032604725e-03
62.210000000 -4.014660659662e-03
62.220000000 -3.927032087463e-03
62.230000000 -3.696444419390e-03
62.240000000 -3.319717983021e-03
62.250000000 -2.833546676903e-03
62.260000000 -2.246162737280e-03
62.270000000 -1.597364297344e-03
62.280000000 -9.074703618322e-04
62.290000000 -2.158303829787e-04
62.300000000 4.502318455574e-04
62.310000000 1.059393652052e-03
62.320000000 1.583818139533e-03
62.330000000 2.007276055310e-03
62.340000000 2.309193305506e-03
62.350000000 2.491614022204e-03
62.360000000 2.539312323534e-03
62.370000000 2.464100416904e-03
62.380000000 2.251163291793e-03
62.390000000 1.917788981718e-03
62.400000000 1.451749832578e-03
62.410000000 8.778990287079e-04
62.420000000 1.950998892997e-04
62.430000000 -5.574941536188e-04
62.440000000 -1.364706847569e-03
62.450000000 -2.178049431838e-03
62.460000000 -2.976540492908e-03
62.470000000 -3.716659772245e-03
62.480000000 -4.383268056776e-03
62.490000000 -4.946369827025e-03
62.500000000 -5.402795359522e-03
62.510000000 -5.737833098736e-03
62.520000000 -5.959083073383e-03
62.530000000 -6.060456671995e-03
62.540000000 -6.056133268240e-03
62.550000000 -5.945704851203e-03
62.560000000 -5.751975957388e-03
62.570000000 -5.479269839239e-03
62.580000000 -5.157668580063e-03
62.590000000 -4.793570247992e-03
62.600000000 -4.423288756855e-03
62.610000000 -4.052348574795e-03
62.620000000 -3.716923422824e-03
62.630000000 -3.416643099884e-03
62.640000000 -3.185648646146e-03
62.650000000 -3.020853012684e-03
62.660000000 -2.955529628119e-03
62.670000000 -2.985400900728e-03
62.680000000 -3.139624842918e-03
62.690000000 -3.407721774202e-03
62.700000000 -3.803968443603e-03
62.710000000 -4.304886853835e-03
62.720000000 -4.906538696409e-03
62.730000000 -5.575166961819e-03
62.740000000 -6.291254875923e-03
62.750000000 -7.016115305866e-03
62.760000000 -7.720994341614e-03
62.770000000 -8.367513549442e-03
62.780000000 -8.920614789068e-03
62.790000000 -9.345141976359e-03
62.800000000 -9.607970291577e-03
62.810000000 -9.685946512058e-03
62.820000000 -9.557944418256e-03
62.830000000 -9.219423637710e-03
62.840000000 -8.670485422047e-03
62.850000000 -7.928334114730e-03
62.860000000 -7.014629008420e-03
62.870000000 -5.959819795905e-03
62.880000000 -4.799483328729e-03
62.890000000 -3.565962552080e-03
62.900000000 -2.300190687390e-03
62.910000000 -1.027308849260e-03
62.920000000 2.101076461266e-04
62.930000000 1.395852962430e-03
62.940000000 2.486284891523e-03
62.950000000 3.474750881955e-03
62.960000000 4.319232897446e-03
62.970000000 5.023031192371e-03
62.980000000 5.548868868599e-03
62.990000000 5.909097988624e-03
63.000000000 6.074140540453e-03
63.010000000 6.064181555573e-03
63.020000000 5.860029801536e-03
63.030000000 5.487711755192e-03
63.040000000 4.940554245849e-03
63.050000000 4.250516072496e-03
63.060000000 3.427771830099e-03
63.070000000 2.511005006875e-03
63.080000000 1.527789153227e-03
63.090000000 5.213956540478e-04
63.100000000 -4.652416484092e-04
63.110000000 -1.387847523798e-03
63.120000000 -2.196136872750e-03
63.130000000 -2.855223126078e-03
63.140000000 -3.321719027380e-03
63.150000000 -3.581946669535e-03
63.160000000 -3.611869094062e-03
63.170000000 -3.425709406729e-03
63.180000000 -3.024565339031e-03
63.190000000 -2.449202874978e-03
63.200000000 -1.722892109995e-03
63.210000000 -9.021102834168e-04
63.220000000 -2.001137524964e-05
63.230000000 8.683570922499e-04
63.240000000 1.732895233025e-03
63.250000000 2.530268710696e-03
63.260000000 3.237673508593e-03
63.270000000 3.827411783726e-03
63.280000000 4.286215817568e-03
63.290000000 4.602083824652e-03
63.300000000 4.769465755657e-03
63.310000000 4.791293118528e-03
63.320000000 4.672415560799e-03
63.330000000 4.430074778992e-03
63.340000000 4.075106630644e-03
63.350000000 3.629765774969e-03
63.360000000 3.106605718898e-03
63.370000000 2.529660204826e-03
63.380000000 1.912988376268e-03
63.390000000 1.278447848098e-03
63.400000000 6.413306709308e-04
63.410000000 2.297409107460e-05
63.420000000 -5.552882241113e-04
63.430000000 -1.072365662076e-03
63.440000000 -1.504779303916e-03
63.450000000 -1.837675548065e-03
63.460000000 -2.051061843071e-03
63.470000000 -2.142559375385e-03
63.480000000 -2.104089269222e-03
63.490000000 -1.950054639758e-03
63.500000000 -1.683871931781e-03
63.510000000 -1.331481174904e-03
63.520000000 -9.054693398663e-04
63.530000000 -4.401829912629e-04
63.540000000 4.602277446123e-05
63.550000000 5.163740200343e-04
63.560000000 9.504905676708e-04
63.570000000 1.313763428179e-03
63.580000000 1.590821748643e-03
63.590000000 1.760653946998e-03
63.600000000 1.824942836553e-03
63.610000000 1.785485379677e-03
63.620000000 1.662859006107e-03
63.630000000 1.474061937754e-03
63.640000000 1.243642185718e-03
63.650000000 9.873882025037e-04
63.660000000 7.233731007991e-04
63.670000000 4.616282516358e-04
63.680000000 2.161107429976e-04
63.690000000 -6.016171006545e-06
63.700000000 -1.900993502737e-04
63.710000000 -3.309035641610e-04
63.720000000 -4.132147464259e-04
63.730000000 -4.370229596364e-04
63.740000000 -3.902028448114e-04
63.750000000 -2.816466462285e-04
63.760000000 -1.060558833714e-04
63.770000000 1.179375941491e-04
63.780000000 3.892002643643e-04
63.790000000 6.851124770843e-04
63.800000000 1.003517991101e-03
63.810000000 1.325551506536e-03
63.820000000 1.652853829309e-03
63.830000000 1.976973716694e-03
63.840000000 2.306191737399e-03
63.850000000 2.641147574741e-03
63.860000000 2.987544134665e-03
63.870000000 3.343301301996e-03
63.880000000 3.700913090991e-03
63.890000000 4.048187413137e-03
63.900000000 4.362255138846e-03
63.910000000 4.625160566988e-03
63.920000000 4.810486965463e-03
63.930000000 4.906322276543e-03
63.940000000 4.892529397843e-03
63.950000000 4.768972983145e-03
63.960000000 4.529341555807e-03
63.970000000 4.189059764899e-03
63.980000000 3.757942585768e-03
63.990000000 3.262462337932e-03
64.000000000 2.723407520963e-03
64.010000000 2.165744555271e-03
64.020000000 1.607830541039e-03
64.030000000 1.059891648083e-03
64.040000000 5.342752948801e-04
64.050000000 2.930115335403e-05
64.060000000 -4.432302741015e-04
64.070000000 -8.920055326582e-04
64.080000000 -1.302674781553e-03
64.090000000 -1.686241518472e-03
64.100000000 -2.024047878062e-03
64.110000000 -2.327484927897e-03
64.120000000 -2.575333004570e-03
64.130000000 -2.776935444802e-03
64.140000000 -2.906504287546e-03
64.150000000 -2.966088131840e-03
64.160000000 -2.926514637167e-03
64.170000000 -2.786021461306e-03
64.180000000 -2.522305579256e-03
64.190000000 -2.139691539026e-03
64.200000000 -1.634846583046e-03
64.210000000 -1.027677762380e-03
64.220000000 -3.401769763044e-04
64.230000000 3.920912783690e-04
64.240000000 1.128582670321e-03
64.250000000 1.828593540205e-03
64.260000000 2.448265213828e-03
64.270000000 2.957757714443e-03
64.280000000 3.327720070273e-03
64.290000000 3.550284116285e-03
64.300000000 3.615869101595e-03
64.310000000 3.535314440544e-03
64.320000000 3.314713342737e-03
64.330000000 2.977892575457e-03
64.340000000 2.541313337757e-03
64.350000000 2.034546074980e-03
64.360000000 1.477763266304e-03
64.370000000 9.016990420539e-04
64.380000000 3.271681749090e-04
64.390000000 -2.187447831049e-04
64.400000000 -7.213741344850e-04
64.410000000 -1.163626162206e-03
64.420000000 -1.537796390701e-03
64.430000000 -1.834170112635e-03
64.440000000 -2.047059783443e-03
64.450000000 -2.169975546794e-03
64.460000000 -2.197137404242e-03
64.470000000 -2.127294849701e-03
64.480000000 -1.962015798861e-03
64.490000000 -1.711959163736e-03
64.500000000 -1.391720840831e-03
64.510000000 -1.025298735013e-03
64.520000000 -6.403322206224e-04
64.530000000 -2.657271484792e-04
64.540000000 7.203621823276e-05
64.550000000 3.551516753426e-04
64.560000000 5.682928834391e-04
64.570000000 7.090814086986e-04
64.580000000 7.743994821726e-04
64.590000000 7.718199077845e-04
64.600000000 7.003611891392e-04
64.610000000 5.644651910618e-04
64.620000000 3.601852489273e-04
64.630000000 8.960689647614e-05
64.640000000 -2.471288559338e-04
64.650000000 -6.427669661727e-04
64.660000000 -1.085562496503e-03
64.670000000 -1.558140529037e-03
64.680000000 -2.038055128719e-03
64.690000000 -2.503302623795e-03
64.700000000 -2.930516712700e-03
64.710000000 -3.301501696711e-03
64.720000000 -3.597861865797e-03
64.730000000 -3.805671888437e-03
64.740000000 -3.909022799362e-03
64.750000000 -3.894724455106e-03
64.760000000 -3.749940521746e-03
64.770000000 -3.467506366281e-03
64.780000000 -3.047577257597e-03
64.790000000 -2.498086587551e-03
64.800000000 -1.839952670797e-03
64.810000000 -1.101392685852e-03
64.820000000 -3.271702554650e-04
64.830000000 4.385871396936e-04
64.840000000 1.141589391161e-03
64.850000000 1.744789435480e-03
64.860000000 2.208141014607e-03
64.870000000 2.519914191527e-03
64.880000000 2.664376980989e-03
64.890000000 2.657202094840e-03
64.900000000 2.503293668014e-03
64.910000000 2.235067818323e-03
64.920000000 1.865964039035e-03
64.930000000 1.431663583658e-03
64.940000000 9.464884833481e-04
64.950000000 4.424193200238e-04
64.960000000 -6.903674951615e-05
64.970000000 -5.653565569843e-04
64.980000000 -1.040539213674e-03
64.990000000 -1.483167823428e-03
65.000000000 -1.890979063890e-03
65.010000000 -2.261293111996e-03
65.020000000 -2.591341293517e-03
65.030000000 -2.880114056622e-03
65.040000000 -3.117613483259e-03
65.050000000 -3.299140749591e-03
65.060000000 -3.408764067412e-03
65.070000000 -3.438411935209e-03
65.080000000 -3.370744403739e-03
65.090000000 -3.198600301236e-03
65.100000000 -2.915508954827e-03
65.110000000 -2.524705583637e-03
65.120000000 -2.038055133323e-03
65.130000000 -1.469567155699e-03
65.140000000 -8.484398609940e-04
65.150000000 -1.962981294679e-04
65.160000000 4.462297457480e-04
65.170000000 1.056779937961e-03
65.180000000 1.590821731901e-03
65.190000000 2.029867132191e-03
65.200000000 2.332205177403e-03
65.210000000 2.489945698401e-03
65.220000000 2.474278658018e-03
65.230000000 2.294155111878e-03
65.240000000 1.940002328511e-03
65.250000000 1.439460293908e-03
65.260000000 8.044149991750e-04
65.270000000 7.626123085417e-05
65.280000000 -7.193731087521e-04
65.290000000 -1.538873288483e-03
65.300000000 -2.351217103504e-03
65.310000000 -3.119074770539e-03
65.320000000 -3.814974163195e-03
65.330000000 -4.417874545780e-03
65.340000000 -4.911541311177e-03
65.350000000 -5.293525180650e-03
65.360000000 -5.557875597392e-03
65.370000000 -5.714582993679e-03
65.380000000 -5.759980126661e-03
65.390000000 -5.702873462202e-03
65.400000000 -5.531862143575e-03
65.410000000 -5.248648645875e-03
65.420000000 -4.840504571602e-03
65.430000000 -4.311817598048e-03
65.440000000 -3.661894991449e-03
65.450000000 -2.906962813223e-03
65.460000000 -2.067070143528e-03
65.470000000 -1.173376854740e-03
65.480000000 -2.641376617236e-04
65.490000000 6.246120499019e-04
65.500000000 1.449748765198e-03
65.510000000 2.181705178446e-03
65.520000000 2.782438035823e-03
65.530000000 3.236338801767e-03
65.540000000 3.519819411443e-03
65.550000000 3.635203340962e-03
65.560000000 3.575848389587e-03
65.570000000 3.359000406859e-03
65.580000000 2.995548256432e-03
65.590000000 2.515502675153e-03
65.600000000 1.946005429567e-03
65.610000000 1.323791396648e-03
65.620000000 6.863539338777e-04
65.630000000 6.830450730937e-05
65.640000000 -4.922556466938e-04
65.650000000 -9.738635059358e-04
65.660000000 -1.346697566792e-03
65.670000000 -1.607010249876e-03
65.680000000 -1.734898345593e-03
65.690000000 -1.742487912386e-03
65.700000000 -1.617837801742e-03
65.710000000 -1.381780538356e-03
65.720000000 -1.024530941888e-03
65.730000000 -5.686657148431e-04
65.740000000 -7.004674501094e-06
65.750000000 6.372125518217e-04
65.760000000 1.365705294947e-03
65.770000000 2.152846530627e-03
65.780000000 2.988544632045e-03
65.790000000 3.842931985894e-03
65.800000000 4.695427436673e-03
65.810000000 5.516246274549e-03
65.820000000 6.276245040005e-03
65.830000000 6.947044136119e-03
65.840000000 7.495875836452e-03
65.850000000 7.901964067483e-03
65.860000000 8.137207534895e-03
65.870000000 8.193475578761e-03
65.880000000 8.055165102097e-03
65.890000000 7.730889425338e-03
65.900000000 7.222734566352e-03
65.910000000 6.555688907460e-03
65.920000000 5.750973366896e-03
65.930000000 4.847098499157e-03
65.940000000 3.880005696672e-03
65.950000000 2.888992815918e-03
65.960000000 1.910987314329e-03
65.970000000 9.743008713700e-04
65.980000000 1.120569019885e-04
65.990000000 -6.619000654330e-04
66.000000000 -1.321684633585e-03
66.010000000 -1.868618164224e-03
66.020000000 -2.281180888096e-03
66.030000000 -2.572023505152e-03
66.040000000 -2.726411162720e-03
66.050000000 -2.769558758708e-03
66.060000000 -2.693394086400e-03
66.070000000 -2.528863930200e-03
66.080000000 -2.271175714018e-03
66.090000000 -1.952158379576e-03
66.100000000 -1.568812449869e-03
66.110000000 -1.150597628445e-03
66.120000000 -6.973617331887e-04
66.130000000 -2.360513581543e-04
66.140000000 2.301179618446e-04
66.150000000 6.785840518902e-04
66.160000000 1.102569195995e-03
66.170000000 1.482735061664e-03
66.180000000 1.807934012556e-03
66.190000000 2.062921056659e-03
66.200000000 2.235154972291e-03
66.210000000 2.313848910894e-03
66.220000000 2.288182398024e-03
66.230000000 2.157958033775e-03
66.240000000 1.927996108400e-03
66.250000000 1.617907506838e-03
66.260000000 1.250645780597e-03
66.270000000 8.570150507885e-04
66.280000000 4.672406009109e-04
66.290000000 1.090322351362e-04
66.300000000 -1.951019648330e-04
66.310000000 -4.351251953130e-04
66.320000000 -6.043136105160e-04
66.330000000 -7.092791413324e-04
66.340000000 -7.513896789029e-04
66.350000000 -7.432274266648e-04
66.360000000 -6.843550085823e-04
66.370000000 -5.843122386593e-04
66.380000000 -4.362266760837e-04
66.390000000 -2.469242604542e-04
66.400000000 -9.005716348504e-06
66.410000000 2.683670685511e-04
66.420000000 5.893037308587e-04
66.430000000 9.396831042722e-04
66.440000000 1.314678896832e-03
66.450000000 1.691740129164e-03
66.460000000 2.058063377275e-03
66.470000000 2.390357437113e-03
66.480000000 2.676383173894e-03
66.490000000 2.900467623348e-03
66.500000000 3.057580329982e-03
66.510000000 3.144475924568e-03
66.520000000 3.164635699127e-03
66.530000000 3.122928135942e-03
66.540000000 3.025563770504e-03
66.550000000 2.879792528330e-03
66.560000000 2.693391970057e-03
66.570000000 2.475397379061e-03
66.580000000 2.235154968315e-03
66.590000000 1.981973442604e-03
66.600000000 1.726892093043e-03
66.610000000 1.480212432707e-03
66.620000000 1.254647846712e-03
66.630000000 1.058085501176e-03
66.640000000 8.984636269708e-04
66.650000000 7.748964538837e-04
66.660000000 6.863539229951e-04
66.670000000 6.243040482579e-04
66.680000000 5.833006233145e-04
66.690000000 5.560688088166e-04
66.700000000 5.402783718695e-04
66.710000000 5.354613486391e-04
66.720000000 5.412788891309e-04
66.730000000 5.600996011918e-04
66.740000000 5.883032100396e-04
66.750000000 6.281038498499e-04
66.760000000 6.713461598898e-04
66.770000000 7.190805992435e-04
66.780000000 7.573906621518e-04
66.790000000 7.842014932872e-04
66.800000000 7.794020462956e-04
66.810000000 7.389437207533e-04
66.820000000 6.403301176735e-04
66.830000000 4.807292709696e-04
66.840000000 2.401231292258e-04
66.850000000 -7.852296091456e-05
66.860000000 -4.852520371657e-04
66.870000000 -9.669894584919e-04
66.880000000 -1.519787101971e-03
66.890000000 -2.118962908543e-03
66.900000000 -2.745421003661e-03
66.910000000 -3.367694707927e-03
66.920000000 -3.963050765585e-03
66.930000000 -4.507077636166e-03
66.940000000 -4.985579620744e-03
66.950000000 -5.388965150572e-03
66.960000000 -5.716957891959e-03
66.970000000 -5.972485923262e-03
66.980000000 -6.160187131642e-03
66.990000000 -6.280915748878e-03
67.000000000 -6.333276654265e-03
67.010000000 -6.309095951918e-03
67.020000000 -6.202208865826e-03
67.030000000 -6.002501137806e-03
67.040000000 -5.712955822914e-03
67.050000000 -5.333261897879e-03
67.060000000 -4.882526322528e-03
67.070000000 -4.370497040429e-03
67.080000000 -3.829981943670e-03
67.090000000 -3.275407039576e-03
67.100000000 -2.744420488283e-03
67.110000000 -2.246758669660e-03
67.120000000 -1.815940275779e-03
67.130000000 -1.452845914643e-03
67.140000000 -1.182612717101e-03
67.150000000 -9.976809050009e-04
67.160000000 -9.144740351906e-04
67.170000000 -9.215395884546e-04
67.180000000 -1.028533027048e-03
67.190000000 -1.222703985725e-03
67.200000000 -1.504779343261e-03
67.210000000 -1.857413802623e-03
67.220000000 -2.268174173535e-03
67.230000000 -2.712425163003e-03
67.240000000 -3.165638344869e-03
67.250000000 -3.599005169334e-03
67.260000000 -3.982060601084e-03
67.270000000 -4.286775231996e-03
67.280000000 -4.483319854062e-03
67.290000000 -4.550323121803e-03
67.300000000 -4.467311574742e-03
67.310000000 -4.225892944322e-03
67.320000000 -3.820977288946e-03
67.330000000 -3.258953392061e-03
67.340000000 -2.552321136440e-03
67.350000000 -1.721242728248e-03
67.360000000 -7.944119408118e-04
67.370000000 1.991002964883e-04
67.380000000 1.218629209818e-03
67.390000000 2.231330283949e-03
67.400000000 3.189648626683e-03
67.410000000 4.065175759284e-03
67.420000000 4.813488481251e-03
67.430000000 5.419963076831e-03
67.440000000 5.850024580579e-03
67.450000000 6.105965409641e-03
67.460000000 6.166188101079e-03
67.470000000 6.050458316792e-03
67.480000000 5.750973350572e-03
67.490000000 5.301341888325e-03
67.500000000 4.705432593590e-03
67.510000000 4.005534180284e-03
67.520000000 3.213661044722e-03
67.530000000 2.372421665469e-03
67.540000000 1.494772030028e-03
67.550000000 6.156514296578e-04
67.560000000 -2.541325087827e-04
67.570000000 -1.088961714818e-03
67.580000000 -1.878972881240e-03
67.590000000 -2.604980460956e-03
67.600000000 -3.253683886048e-03
67.610000000 -3.808939706036e-03
67.620000000 -4.255201874324e-03
67.630000000 -4.583101425945e-03
67.640000000 -4.781474064067e-03
67.650000000 -4.852636280772e-03
67.660000000 -4.796481826335e-03
67.670000000 -4.629997522304e-03
67.680000000 -4.366259314188e-03
67.690000000 -4.032644807261e-03
67.700000000 -3.650889322921e-03
67.710000000 -3.251794186717e-03
67.720000000 -2.861481038830e-03
67.730000000 -2.508264509187e-03
67.740000000 -2.216147270505e-03
67.750000000 -2.002239427645e-03
67.760000000 -1.878972883124e-03
67.770000000 -1.845450274116e-03
67.780000000 -1.897982715274e-03
67.790000000 -2.021046433131e-03
67.800000000 -2.201139509074e-03
67.810000000 -2.419744245551e-03
67.820000000 -2.661377545757e-03
67.830000000 -2.911657167724e-03
67.840000000 -3.154632658971e-03
67.850000000 -3.381018453003e-03
67.860000000 -3.573849479360e-03
67.870000000 -3.730969343769e-03
67.880000000 -3.836985574336e-03
67.890000000 -3.896908559081e-03
67.900000000 -3.894015070369e-03
67.910000000 -3.834530063096e-03
67.920000000 -3.696913128871e-03
67.930000000 -3.483026829708e-03
67.940000000 -3.164637834723e-03
67.950000000 -2.737981121627e-03
67.960000000 -2.177127091454e-03
67.970000000 -1.483446023890e-03
67.980000000 -6.483363965925e-04
67.990000000 3.122044037824e-04
68.000000000 1.381713551038e-03
68.010000000 2.529051886977e-03
68.020000000 3.716921327200e-03
68.030000000 4.907925855480e-03
68.040000000 6.055130655773e-03
68.050000000 7.124747393631e-03
68.060000000 8.071173358815e-03
68.070000000 8.871591364681e-03
68.080000000 9.489907131911e-03
68.090000000 9.916032971336e-03
68.100000000 1.012623624300e-02
68.110000000 1.012239452614e-02
68.120000000 9.897117742025e-03
68.130000000 9.465229722901e-03
68.140000000 8.839570775396e-03
68.150000000 8.049317044833e-03
68.160000000 7.129686417938e-03
68.170000000 6.117743814115e-03
68.180000000 5.059615771065e-03
68.190000000 3.986586852903e-03
68.200000000 2.947523390428e-03
68.210000000 1.961693884202e-03
68.220000000 1.075555202733e-03
68.230000000 2.952476658389e-04
68.240000000 -3.331733960753e-04
68.250000000 -8.148339135191e-04
68.260000000 -1.110575470938e-03
68.270000000 -1.240740738971e-03
68.280000000 -1.176609624206e-03
68.290000000 -9.514510995960e-04
68.300000000 -5.512862052931e-04
68.310000000 -1.976420214764e-05
68.320000000 6.453326893305e-04
68.330000000 1.397890400398e-03
68.340000000 2.227150810134e-03
68.350000000 3.085526827229e-03
68.360000000 3.951042411761e-03
68.370000000 4.781142834179e-03
68.380000000 5.545867259682e-03
68.390000000 6.211264403872e-03
68.400000000 6.746488224188e-03
68.410000000 7.133454255582e-03
68.420000000 7.346798706337e-03
68.430000000 7.383884321818e-03
68.440000000 7.226736609656e-03
68.450000000 6.886514766976e-03
68.460000000 6.355285892557e-03
68.470000000 5.657083152259e-03
68.480000000 4.797480190630e-03
68.490000000 3.812086272815e-03
68.500000000 2.719405403993e-03
68.510000000 1.561068697343e-03
68.520000000 3.641872780002e-04
68.530000000 -8.303044638025e-04
68.540000000 -1.992031365463e-03
68.550000000 -3.085722199442e-03
68.560000000 -4.081111844277e-03
68.570000000 -4.952557960216e-03
68.580000000 -5.674936175145e-03
68.590000000 -6.235951863466e-03
68.600000000 -6.618424150127e-03
68.610000000 -6.825127200968e-03
68.620000000 -6.851544720985e-03
68.630000000 -6.718322498124e-03
68.640000000 -6.436329970897e-03
68.650000000 -6.041182707031e-03
68.660000000 -5.556875114452e-03
68.670000000 -5.025839081727e-03
68.680000000 -4.477316763888e-03
68.690000000 -3.948619316205e-03
68.700000000 -3.465793601325e-03
68.710000000 -3.051497092358e-03
68.720000000 -2.721408603411e-03
68.730000000 -2.478034885890e-03
68.740000000 -2.325203685264e-03
68.750000000 -2.248370030327e-03
68.760000000 -2.243161252884e-03
68.770000000 -2.285581715387e-03
68.780000000 -2.369226454389e-03
68.790000000 -2.470625184135e-03
68.800000000 -2.588339780659e-03
68.810000000 -2.709226029626e-03
68.820000000 -2.840470183458e-03
68.830000000 -2.977876786834e-03
68.840000000 -3.126618180258e-03
68.850000000 -3.281061149327e-03
68.860000000 -3.436778596352e-03
68.870000000 -3.582921183615e-03
68.880000000 -3.702916243740e-03
68.890000000 -3.780495280541e-03
68.900000000 -3.791962298832e-03
68.910000000 -3.721758318913e-03
68.920000000 -3.545835001275e-03
68.930000000 -3.253856478536e-03
68.940000000 -2.829464492537e-03
68.950000000 -2.274583828120e-03
68.960000000 -1.589823346678e-03
68.970000000 -7.956948256094e-04
68.980000000 8.404238141989e-05
68.990000000 1.012650207602e-03
69.000000000 1.952008498813e-03
69.010000000 2.864320873031e-03
69.020000000 3.710918211912e-03
69.030000000 4.465486578114e-03
69.040000000 5.099636460890e-03
69.050000000 5.607471069931e-03
69.060000000 5.976089764923e-03
69.070000000 6.218851613558e-03
69.080000000 6.334275019187e-03
69.090000000 6.347386424024e-03
69.100000000 6.261237243624e-03
69.110000000 6.101427686499e-03
69.120000000 5.867033360000e-03
69.130000000 5.577000700742e-03
69.140000000 5.226702178609e-03
69.150000000 4.828029727142e-03
69.160000000 4.374261293452e-03
69.170000000 3.871964967802e-03
69.180000000 3.319715879235e-03
69.190000000 2.725354867201e-03
69.200000000 2.097083529957e-03
69.210000000 1.444830353550e-03
69.220000000 7.884066782082e-04
69.230000000 1.434749881692e-04
69.240000000 -4.582380903638e-04
69.250000000 -9.985611123117e-04
69.260000000 -1.443747799110e-03
69.270000000 -1.782054976566e-03
69.280000000 -1.990030338265e-03
69.290000000 -2.071944582578e-03
69.300000000 -2.026048967416e-03
69.310000000 -1.876961680020e-03
69.320000000 -1.643851293857e-03
69.330000000 -1.361983276588e-03
69.340000000 -1.058548573768e-03
69.350000000 -7.636534726309e-04
69.360000000 -4.982587904433e-04
69.370000000 -2.767733139651e-04
69.380000000 -1.100580120613e-04
69.390000000 7.249008992533e-07
69.400000000 4.902426555416e-05
69.410000000 3.928778203598e-05
69.420000000 -3.702023712638e-05
69.430000000 -1.746095767617e-04
69.440000000 -3.831992821619e-04
69.450000000 -6.523128781200e-04
69.460000000 -9.855107996700e-04
69.470000000 -1.364144251798e-03
69.480000000 -1.785924776356e-03
69.490000000 -2.229195952034e-03
69.500000000 -2.689392052514e-03
69.510000000 -3.147179950953e-03
69.520000000 -3.598862433495e-03
69.530000000 -4.030211065139e-03
69.540000000 -4.436295556593e-03
69.550000000 -4.803904725343e-03
69.560000000 -5.122650541631e-03
69.570000000 -5.377599396519e-03
69.580000000 -5.554874089138e-03
69.590000000 -5.642749837402e-03
69.600000000 -5.633914969524e-03
69.610000000 -5.526355759237e-03
69.620000000 -5.323754553849e-03
69.630000000 -5.032269070941e-03
69.640000000 -4.665414058406e-03
69.650000000 -4.233020750839e-03
69.660000000 -3.753942642902e-03
69.670000000 -3.237079062064e-03
69.680000000 -2.705400333927e-03
69.690000000 -2.167461853657e-03
69.700000000 -1.649854402657e-03
69.710000000 -1.159701987759e-03
69.720000000 -7.233752250945e-04
69.730000000 -3.429141359909e-04
69.740000000 -3.902127541604e-05
69.750000000 1.917918352134e-04
69.760000000 3.331712234364e-04
69.770000000 3.904129378068e-04
69.780000000 3.521810551685e-04
69.790000000 2.266521856324e-04
69.800000000 1.100459748593e-05
69.810000000 -2.805316195721e-04
69.820000000 -6.363302061990e-04
69.830000000 -1.033044665197e-03
69.840000000 -1.444748322650e-03
69.850000000 -1.844497061266e-03
69.860000000 -2.199138495689e-03
69.870000000 -2.487127401463e-03
69.880000000 -2.678386364313e-03
69.890000000 -2.766319585725e-03
69.900000000 -2.730413272994e-03
69.910000000 -2.578595833945e-03
69.920000000 -2.298189725905e-03
69.930000000 -1.908733575506e-03
69.940000000 -1.406728659814e-03
69.950000000 -8.201300760557e-04
69.960000000 -1.510792344249e-04
69.970000000 5.709029023030e-04
69.980000000 1.339691796554e-03
69.990000000 2.126345032558e-03
70.000000000 2.922510434828e-03
70.010000000 3.703751226234e-03
70.020000000 4.462306821866e-03
70.030000000 5.179825466057e-03
70.040000000 5.850024553373e-03
70.050000000 6.458784586953e-03
70.060000000 6.997618091938e-03
70.070000000 7.451124663711e-03
70.080000000 7.807036725441e-03
70.090000000 8.049802762226e-03
70.100000000 8.168223532116e-03
70.110000000 8.150915949480e-03
70.120000000 7.994133492023e-03
70.130000000 7.698213045617e-03
70.140000000 7.276762465397e-03
70.150000000 6.749628374769e-03
70.160000000 6.150179793296e-03
70.170000000 5.512511797110e-03
70.180000000 4.878522087959e-03
70.190000000 4.282701129371e-03
70.200000000 3.760944073094e-03
70.210000000 3.334400721931e-03
70.220000000 3.021561662115e-03
70.230000000 2.823832178458e-03
70.240000000 2.740416252668e-03
70.250000000 2.753970210253e-03
70.260000000 2.846471104342e-03
70.270000000 2.987626521307e-03
70.280000000 3.151628932664e-03
70.290000000 3.305942519209e-03
70.300000000 3.425770719398e-03
70.310000000 3.483301420555e-03
70.320000000 3.461789348130e-03
70.330000000 3.343422622647e-03
70.340000000 3.122613925389e-03
70.350000000 2.792906857981e-03
70.360000000 2.362220647527e-03
70.370000000 1.836793803811e-03
70.380000000 1.236638492897e-03
70.390000000 5.741134297567e-04
70.400000000 -1.270668197347e-04
70.410000000 -8.588374405893e-04
70.420000000 -1.600829054132e-03
70.430000000 -2.352794307171e-03
70.440000000 -3.093601120471e-03
70.450000000 -3.822866852181e-03
70.460000000 -4.509333341573e-03
70.470000000 -5.145897573484e-03
70.480000000 -5.690944474557e-03
70.490000000 -6.136113095940e-03
70.500000000 -6.441332577713e-03
70.510000000 -6.607464444345e-03
70.520000000 -6.605417443100e-03
70.530000000 -6.447390911629e-03
70.540000000 -6.116164400188e-03
70.550000000 -5.630880514527e-03
70.560000000 -4.984579141153e-03
70.570000000 -4.201045818017e-03
70.580000000 -3.287701511231e-03
70.590000000 -2.277722535366e-03
70.600000000 -1.198621032836e-03
70.610000000 -9.232305930186e-05
70.620000000 9.995158498544e-04
70.630000000 2.035730090326e-03
70.640000000 2.972536301661e-03
70.650000000 3.783523209419e-03
70.660000000 4.438294395874e-03
70.670000000 4.934206710807e-03
70.680000000 5.256717686613e-03
70.690000000 5.423575546441e-03
70.700000000 5.432808761228e-03
70.710000000 5.312657811091e-03
70.720000000 5.062617296899e-03
70.730000000 4.711396882620e-03
70.740000000 4.262203320212e-03
70.750000000 3.747186941570e-03
70.760000000 3.175641346936e-03
70.770000000 2.580353163951e-03
70.780000000 1.977021416952e-03
70.790000000 1.396227599905e-03
70.800000000 8.534402972638e-04
70.810000000 3.673016778958e-04
70.820000000 -5.302853130547e-05
70.830000000 -4.026199737087e-04
70.840000000 -6.783519506373e-04
70.850000000 -8.843106403484e-04
70.860000000 -1.016526855908e-03
70.870000000 -1.079422090841e-03
70.880000000 -1.066552729647e-03
70.890000000 -9.837415021300e-04
70.900000000 -8.284295718545e-04
70.910000000 -6.132418830145e-04
70.920000000 -3.471806687071e-04
70.930000000 -5.262725934126e-05
70.940000000 2.511287785001e-04
70.950000000 5.391444323520e-04
70.960000000 7.894071774715e-04
70.970000000 9.810342784301e-04
70.980000000 1.094565005794e-03
70.990000000 1.119424033484e-03
71.000000000 1.045539649525e-03
71.010000000 8.775869487827e-04
71.020000000 6.163176544305e-04
71.030000000 2.790944741601e-04
71.040000000 -1.260663089611e-04
71.050000000 -5.742114786854e-04
71.060000000 -1.054546521883e-03
71.070000000 -1.540183184378e-03
71.080000000 -2.021046398689e-03
71.090000000 -2.471943582435e-03
71.100000000 -2.885493493493e-03
71.110000000 -3.241989351820e-03
71.120000000 -3.538831402001e-03
71.130000000 -3.763688878648e-03
71.140000000 -3.919028041037e-03
71.150000000 -4.002557785379e-03
71.160000000 -4.025082893130e-03
71.170000000 -3.994883129446e-03
71.180000000 -3.927032181220e-03
71.190000000 -3.832523172530e-03
71.200000000 -3.724927652369e-03
71.210000000 -3.611908393613e-03
71.220000000 -3.501812256636e-03
71.230000000 -3.394374185210e-03
71.240000000 -3.292704105490e-03
71.250000000 -3.189402075945e-03
71.260000000 -3.085596989286e-03
71.270000000 -2.969852477501e-03
71.280000000 -2.846473314023e-03
71.290000000 -2.706220981511e-03
71.300000000 -2.561325835112e-03
71.310000000 -2.407396902321e-03
71.320000000 -2.262171111614e-03
71.330000000 -2.122999522705e-03
71.340000000 -2.008039674291e-03
71.350000000 -1.914709362832e-03
71.360000000 -1.858962571382e-03
71.370000000 -1.836794226568e-03
71.380000000 -1.857962054121e-03
71.390000000 -1.914196837808e-03
71.400000000 -2.007039157449e-03
71.410000000 -2.124143439690e-03
71.420000000 -2.260170077719e-03
71.430000000 -2.400091902447e-03
71.440000000 -2.534311864871e-03
71.450000000 -2.648301263447e-03
71.460000000 -2.731413806788e-03
71.470000000 -2.770153528028e-03
71.480000000 -2.752424673880e-03
71.490000000 -2.668193727813e-03
71.500000000 -2.510299446205e-03
71.510000000 -2.279060578290e-03
71.520000000 -1.976023117116e-03
71.530000000 -1.612911273131e-03
71.540000000 -1.200622077613e-03
71.550000000 -7.600551629038e-04
71.560000000 -3.061594591096e-04
71.570000000 1.400027577353e-04
71.580000000 5.662917750409e-04
71.590000000 9.575634539470e-04
71.600000000 1.308675738014e-03
71.610000000 1.615409093160e-03
71.620000000 1.881972248456e-03
71.630000000 2.114993730570e-03
71.640000000 2.324200970250e-03
71.650000000 2.520824109736e-03
71.660000000 2.712401748632e-03
71.670000000 2.906262206074e-03
71.680000000 3.100602527014e-03
71.690000000 3.292592833189e-03
71.700000000 3.469793473455e-03
71.710000000 3.622118176471e-03
71.720000000 3.734930602954e-03
71.730000000 3.798980613306e-03
71.740000000 3.805967343157e-03
71.750000000 3.754780166536e-03
71.760000000 3.649886617534e-03
71.770000000 3.498712637219e-03
71.780000000 3.312712229734e-03
71.790000000 3.100414622025e-03
71.800000000 2.875486094875e-03
71.810000000 2.645418202330e-03
71.820000000 2.423252197956e-03
71.830000000 2.213756660777e-03
71.840000000 2.029048314332e-03
71.850000000 1.871547424554e-03
71.860000000 1.749903939826e-03
71.870000000 1.660415344464e-03
71.880000000 1.605829423851e-03
71.890000000 1.575688976838e-03
71.900000000 1.566809242288e-03
71.910000000 1.562282487668e-03
71.920000000 1.555803549903e-03
71.930000000 1.529964781883e-03
71.940000000 1.482765774340e-03
71.950000000 1.403684266507e-03
71.960000000 1.298670559541e-03
71.970000000 1.164702582339e-03
71.980000000 1.012522562741e-03
71.990000000 8.443379511067e-04
72.000000000 6.723466225292e-04
72.010000000 4.999224396374e-04
72.020000000 3.351722347290e-04
72.030000000 1.798662505358e-04
72.040000000 3.901906322333e-05
72.050000000 -8.611169361919e-05
72.060000000 -1.941015076348e-04
72.070000000 -2.864297047747e-04
72.080000000 -3.641894778454e-04
72.090000000 -4.305986344451e-04
72.100000000 -4.882536444086e-04
72.110000000 -5.434887386729e-04
72.120000000 -5.993110838541e-04
72.130000000 -6.622880169188e-04
72.140000000 -7.323799076526e-04
72.150000000 -8.148095974890e-04
72.160000000 -9.074704652162e-04
72.170000000 -1.014329503928e-03
72.180000000 -1.130585861368e-03
72.190000000 -1.255835220922e-03
72.200000000 -1.380715229227e-03
72.210000000 -1.499575953367e-03
72.220000000 -1.599828555497e-03
72.230000000 -1.672742163126e-03
72.240000000 -1.705883407589e-03
72.250000000 -1.692333495978e-03
72.260000000 -1.625842010151e-03
72.270000000 -1.507369076472e-03
72.280000000 -1.340694531240e-03
72.290000000 -1.135796317127e-03
72.300000000 -9.044689142694e-04
72.310000000 -6.620260521121e-04
72.320000000 -4.232200111220e-04
72.330000000 -2.028430113584e-04
72.340000000 -1.200733091626e-05
72.350000000 1.424727924992e-04
72.360000000 2.591329034060e-04
72.370000000 3.422478208414e-04
72.380000000 3.982048316096e-04
72.390000000 4.373346992764e-04
72.400000000 4.662400194008e-04
72.410000000 4.926226295909e-04
72.420000000 5.162658927213e-04
72.430000000 5.404486344032e-04
72.440000000 5.622896961595e-04
72.450000000 5.860462957868e-04
72.460000000 6.093140170682e-04
72.470000000 6.371053724036e-04
72.480000000 6.663435126829e-04
72.490000000 6.993605131374e-04
72.500000000 7.283755956506e-04
72.510000000 7.496918215135e-04
72.520000000 7.533885322062e-04
72.530000000 7.362039679451e-04
72.540000000 6.943580012318e-04
72.550000000 6.304869141824e-04
72.560000000 5.492829677861e-04
72.570000000 4.584700593646e-04
72.580000000 3.671887879283e-04
72.590000000 2.821138262356e-04
72.600000000 2.091070273648e-04
72.610000000 1.482518533984e-04
72.620000000 9.905010538999e-05
72.630000000 5.570886995972e-05
72.640000000 1.400612018005e-05
72.650000000 -3.210179236947e-05
72.660000000 -8.404459214765e-05
72.670000000 -1.421368018210e-04
72.680000000 -2.021056538873e-04
72.690000000 -2.581530066536e-04
72.700000000 -3.021574011561e-04
72.710000000 -3.274213893774e-04
72.720000000 -3.291713730715e-04
72.730000000 -3.067559646860e-04
72.740000000 -2.611361852803e-04
72.750000000 -1.966826600551e-04
72.760000000 -1.180621871943e-04
72.770000000 -3.316647078103e-05
72.780000000 5.002474765655e-05
72.790000000 1.217586744022e-04
72.800000000 1.730883963306e-04
72.810000000 1.967965938806e-04
72.820000000 1.880961581802e-04
72.830000000 1.464354719787e-04
72.840000000 7.403716632302e-05
72.850000000 -2.315692225280e-05
72.860000000 -1.360715027114e-04
72.870000000 -2.541044311701e-04
72.880000000 -3.631889687460e-04
72.890000000 -4.527829795576e-04
72.900000000 -5.102650371329e-04
72.910000000 -5.329926010487e-04
72.920000000 -5.172686596364e-04
72.930000000 -4.742641493555e-04
72.940000000 -4.122143254331e-04
72.950000000 -3.524258372075e-04
72.960000000 -3.051589562886e-04
72.970000000 -2.859111732850e-04
72.980000000 -2.921522293801e-04
72.990000000 -3.209764748769e-04
73.000000000 -3.531837952957e-04
73.010000000 -3.715306383238e-04
73.020000000 -3.531837955050e-04
73.030000000 -2.825193330427e-04
73.040000000 -1.480777142421e-04
73.050000000 5.249619747932e-05
73.060000000 3.131608394934e-04
73.070000000 6.235486400360e-04
73.080000000 9.674992650539e-04
73.090000000 1.330532295783e-03
73.100000000 1.691873913556e-03
73.110000000 2.034104619644e-03
73.120000000 2.332205094528e-03
73.130000000 2.567340630775e-03
73.140000000 2.714402768087e-03
73.150000000 2.759656121324e-03
73.160000000 2.688389313642e-03
73.170000000 2.504442382771e-03
73.180000000 2.216145067311e-03
73.190000000 1.851574212768e-03
73.200000000 1.439743509920e-03
73.210000000 1.018471961712e-03
73.220000000 6.163176314098e-04
73.230000000 2.587465323715e-04
73.240000000 -4.202286445171e-05
73.250000000 -2.823959580697e-04
73.260000000 -4.682433071349e-04
73.270000000 -6.120984088474e-04
73.280000000 -7.263768147580e-04
73.290000000 -8.271471751563e-04
73.300000000 -9.244792741453e-04
73.310000000 -1.029912886161e-03
73.320000000 -1.144593117886e-03
73.330000000 -1.268201359493e-03
73.340000000 -1.390720415862e-03
73.350000000 -1.498883947571e-03
73.360000000 -1.574815630661e-03
73.370000000 -1.597514132456e-03
73.380000000 -1.553804763987e-03
73.390000000 -1.430307103879e-03
73.400000000 -1.234639691076e-03
73.410000000 -9.709160581810e-04
73.420000000 -6.703478378696e-04
73.430000000 -3.502239203887e-04
73.440000000 -5.402907619166e-05
73.450000000 2.026029970497e-04
73.460000000 3.801955058378e-04
73.470000000 4.735457251548e-04
73.480000000 4.512322460408e-04
73.490000000 3.184999424806e-04
73.500000000 5.602784494607e-05
73.510000000 -3.178688709460e-04
73.520000000 -8.074187323876e-04
73.530000000 -1.380566887209e-03
73.540000000 -2.025048494312e-03
73.550000000 -2.699271614998e-03
73.560000000 -3.384751737062e-03
73.570000000 -4.043955695942e-03
73.580000000 -4.662412547222e-03
73.590000000 -5.213812507962e-03
73.600000000 -5.693946059616e-03
73.610000000 -6.093765762012e-03
73.620000000 -6.420321743478e-03
73.630000000 -6.676136061410e-03
73.640000000 -6.868553570514e-03
73.650000000 -6.999933622590e-03
73.660000000 -7.068657064843e-03
73.670000000 -7.069926886506e-03
73.680000000 -6.992617737287e-03
73.690000000 -6.830091605860e-03
73.700000000 -6.575401952257e-03
73.710000000 -6.232096497608e-03
73.720000000 -5.806004017578e-03
73.730000000 -5.310928292380e-03
73.740000000 -4.763464813427e-03
73.750000000 -4.181562298162e-03
73.760000000 -3.585855750744e-03
73.770000000 -2.990433293006e-03
73.780000000 -2.415250310356e-03
73.790000000 -1.869239909273e-03
73.800000000 -1.370710071263e-03
73.810000000 -9.219511134676e-04
73.820000000 -5.352779835247e-04
73.830000000 -2.060047817687e-04
73.840000000 5.902939380011e-05
73.850000000 2.674767045354e-04
73.860000000 4.182151655348e-04
73.870000000 5.226271909908e-04
73.880000000 5.873026178563e-04
73.890000000 6.261035700145e-04
73.900000000 6.503352182945e-04
73.910000000 6.720883504351e-04
73.920000000 7.023621265563e-04
73.930000000 7.463151472925e-04
73.940000000 8.104180131714e-04
73.950000000 8.932764457734e-04
73.960000000 1.001516849846e-03
73.970000000 1.135631849595e-03
73.980000000 1.308675713110e-03
73.990000000 1.526281900717e-03
74.000000000 1.804932378316e-03
74.010000000 2.148923527652e-03
74.020000000 2.567326690701e-03
74.030000000 3.052372589788e-03
74.040000000 3.596859167735e-03
74.050000000 4.178272801439e-03
74.060000000 4.775468747888e-03
74.070000000 5.357546938349e-03
74.080000000 5.898049349687e-03
74.090000000 6.368696912439e-03
74.100000000 6.749489716955e-03
74.110000000 7.022849743070e-03
74.120000000 7.178711711632e-03
74.130000000 7.209952138435e-03
74.140000000 7.117680145716e-03
74.150000000 6.905693048053e-03
74.160000000 6.586405368620e-03
74.170000000 6.171479911350e-03
74.180000000 5.681937574992e-03
74.190000000 5.133099190478e-03
74.200000000 4.550352315539e-03
74.210000000 3.947115297783e-03
74.220000000 3.348730833144e-03
74.230000000 2.762763576201e-03
74.240000000 2.212142986337e-03
74.250000000 1.697439099440e-03
74.260000000 1.239640004709e-03
74.270000000 8.341634691788e-04
74.280000000 5.012581111994e-04
74.290000000 2.327774322459e-04
74.300000000 4.702317933953e-05
74.310000000 -6.877581110844e-05
74.320000000 -1.020539239886e-04
74.330000000 -7.094598421649e-05
74.340000000 3.101489939144e-05
74.350000000 1.839924163196e-04
74.360000000 3.902006711261e-04
74.370000000 6.295223216439e-04
74.380000000 8.984635459797e-04
74.390000000 1.175922786765e-03
74.400000000 1.452750224481e-03
74.410000000 1.707208072532e-03
74.420000000 1.924994470393e-03
74.430000000 2.084092718820e-03
74.440000000 2.169120733009e-03
74.450000000 2.163807334428e-03
74.460000000 2.061064845975e-03
74.470000000 1.857933413946e-03
74.480000000 1.561806627938e-03
74.490000000 1.183383665688e-03
74.500000000 7.413823018404e-04
74.510000000 2.531200719442e-04
74.520000000 -2.581346514943e-04
74.530000000 -7.745724210938e-04
74.540000000 -1.271658849417e-03
74.550000000 -1.732404200958e-03
74.560000000 -2.132103874339e-03
74.570000000 -2.457937728480e-03
74.580000000 -2.691393140612e-03
74.590000000 -2.829399229367e-03
74.600000000 -2.862481628293e-03
74.610000000 -2.796263398064e-03
74.620000000 -2.629361057853e-03
74.630000000 -2.375657386750e-03
74.640000000 -2.042057302823e-03
74.650000000 -1.647859347295e-03
74.660000000 -1.204624180143e-03
74.670000000 -7.332555508865e-04
74.680000000 -2.491299959332e-04
74.690000000 2.280607623774e-04
74.700000000 6.823517689824e-04
74.710000000 1.099646627720e-03
74.720000000 1.463755913309e-03
74.730000000 1.765828614582e-03
74.740000000 1.990028102633e-03
74.750000000 2.135626724213e-03
74.760000000 2.191132114013e-03
74.770000000 2.166137632842e-03
74.780000000 2.056062255274e-03
74.790000000 1.880077180040e-03
74.800000000 1.639846987296e-03
74.810000000 1.359078327552e-03
74.820000000 1.041537539671e-03
74.830000000 7.083982698958e-04
74.840000000 3.611856594562e-04
74.850000000 1.460740552484e-05
74.860000000 -3.321729478762e-04
74.870000000 -6.707428152350e-04
74.880000000 -1.002519653385e-03
74.890000000 -1.322175743557e-03
74.900000000 -1.626842555246e-03
74.910000000 -1.909501474543e-03
74.920000000 -2.161118884754e-03
74.930000000 -2.372879129821e-03
74.940000000 -2.532310866554e-03
74.950000000 -2.632529498411e-03
74.960000000 -2.664379172882e-03
74.970000000 -2.628541876225e-03
74.980000000 -2.524306727208e-03
74.990000000 -2.361271591493e-03
75.000000000 -2.148112158473e-03
75.010000000 -1.901288832533e-03
75.020000000 -1.635847213737e-03
75.030000000 -1.368796473735e-03
75.040000000 -1.115578129236e-03
75.050000000 -8.877944022936e-04
75.060000000 -6.973618267366e-04
75.070000000 -5.468242677824e-04
75.080000000 -4.422298719438e-04
75.090000000 -3.769345617275e-04
75.100000000 -3.531838172701e-04
75.110000000 -3.586661272601e-04
75.120000000 -3.942050337738e-04
75.130000000 -4.453150734539e-04
75.140000000 -5.142671304546e-04
75.150000000 -5.880890676846e-04
75.160000000 -6.703478560769e-04
75.170000000 -7.494585208384e-04
75.180000000 -8.294301341109e-04
75.190000000 -9.032615201506e-04
75.200000000 -9.785072374390e-04
75.210000000 -1.055267794189e-03
75.220000000 -1.142592102826e-03
75.230000000 -1.242593976286e-03
75.240000000 -1.358703876684e-03
75.250000000 -1.488332390701e-03
75.260000000 -1.624841524072e-03
75.270000000 -1.759511444667e-03
75.280000000 -1.877972444342e-03
75.290000000 -1.969599626967e-03
75.300000000 -2.018044890435e-03
75.310000000 -2.016320668305e-03
75.320000000 -1.952010737585e-03
75.330000000 -1.826282324457e-03
75.340000000 -1.634846699615e-03
75.350000000 -1.389844685756e-03
75.360000000 -1.097568818114e-03
75.370000000 -7.800352579592e-04
75.380000000 -4.492334973772e-04
75.390000000 -1.273717473282e-04
75.400000000 1.780909564773e-04
75.410000000 4.536460076839e-04
75.420000000 7.013615933897e-04
75.430000000 9.187679366766e-04
75.440000000 1.116576343478e-03
75.450000000 1.299706442075e-03
75.460000000 1.480764702565e-03
75.470000000 1.664602857915e-03
75.480000000 1.858960306242e-03
75.490000000 2.063661758115e-03
75.500000000 2.278177126212e-03
75.510000000 2.495790883756e-03
75.520000000 2.709400155830e-03
75.530000000 2.909935211979e-03
75.540000000 3.089596794447e-03
75.550000000 3.241003019737e-03
75.560000000 3.358735993828e-03
75.570000000 3.438808829958e-03
75.580000000 3.480799125031e-03
75.590000000 3.485270050326e-03
75.600000000 3.456786705528e-03
75.610000000 3.399288263959e-03
75.620000000 3.320716329317e-03
75.630000000 3.226215105081e-03
75.640000000 3.123614387401e-03
75.650000000 3.017091865764e-03
75.660000000 2.912505200896e-03
75.670000000 2.811107556326e-03
75.680000000 2.713402224038e-03
75.690000000 2.616109489296e-03
75.700000000 2.516300282121e-03
75.710000000 2.409732958461e-03
75.720000000 2.293184885969e-03
75.730000000 2.163232834045e-03
75.740000000 2.019043098816e-03
75.750000000 1.860326259839e-03
75.760000000 1.688872333310e-03
75.770000000 1.504267123596e-03
75.780000000 1.307675176804e-03
75.790000000 1.098541060709e-03
75.800000000 8.794536991795e-04
75.810000000 6.491407230459e-04
75.820000000 4.082099703195e-04
75.830000000 1.540794409799e-04
75.840000000 -1.100580796586e-04
75.850000000 -3.833732611831e-04
75.860000000 -6.603426886957e-04
75.870000000 -9.388261049536e-04
75.880000000 -1.211627815203e-03
75.890000000 -1.475464248576e-03
75.900000000 -1.724893277828e-03
75.910000000 -1.958164029351e-03
75.920000000 -2.171124069924e-03
75.930000000 -2.360282352880e-03
75.940000000 -2.522305702312e-03
75.950000000 -2.652606961610e-03
75.960000000 -2.749423168347e-03
75.970000000 -2.807345439962e-03
75.980000000 -2.828464048733e-03
75.990000000 -2.809513880600e-03
76.000000000 -2.757427308530e-03
76.010000000 -2.670687550805e-03
76.020000000 -2.561325884502e-03
76.030000000 -2.432343470604e-03
76.040000000 -2.302191859827e-03
76.050000000 -2.175970988564e-03
76.060000000 -2.072072841800e-03
76.070000000 -1.992847826910e-03
76.080000000 -1.955012297949e-03
76.090000000 -1.958106874414e-03
76.100000000 -2.014042828923e-03
76.110000000 -2.114390358744e-03
76.120000000 -2.262171161841e-03
76.130000000 -2.440994660063e-03
76.140000000 -2.647370388229e-03
76.150000000 -2.860607461687e-03
76.160000000 -3.074591348383e-03
76.170000000 -3.270083291191e-03
76.180000000 -3.443782295242e-03
76.190000000 -3.581823701028e-03
76.200000000 -3.683906488395e-03
76.210000000 -3.740962382544e-03
76.220000000 -3.754943229016e-03
76.230000000 -3.721100804988e-03
76.240000000 -3.642885272519e-03
76.250000000 -3.520438790006e-03
76.260000000 -3.360739346020e-03
76.270000000 -3.168844022416e-03
76.280000000 -2.952528218226e-03
76.290000000 -2.717833533506e-03
76.300000000 -2.471279315079e-03
76.310000000 -2.216844944879e-03
76.320000000 -1.956012817931e-03
76.330000000 -1.688258384132e-03
76.340000000 -1.412731831607e-03
76.350000000 -1.128763866659e-03
76.360000000 -8.364337687526e-04
76.370000000 -5.368016155877e-04
76.380000000 -2.341222516630e-04
76.390000000 6.517540311928e-05
76.400000000 3.521809858970e-04
76.410000000 6.190799299639e-04
76.420000000 8.584428258093e-04
76.430000000 1.065813444324e-03
76.440000000 1.238639464427e-03
76.450000000 1.379239333490e-03
76.460000000 1.492770901749e-03
76.470000000 1.587029847251e-03
76.480000000 1.669862493835e-03
76.490000000 1.749670209311e-03
76.500000000 1.834947876274e-03
76.510000000 1.932037752010e-03
76.520000000 2.045056544890e-03
76.530000000 2.174580383099e-03
76.540000000 2.321199366565e-03
76.550000000 2.482316085726e-03
76.560000000 2.654371684064e-03
76.570000000 2.829505888109e-03
76.580000000 3.000550728681e-03
76.590000000 3.158305879252e-03
76.600000000 3.295703382298e-03
76.610000000 3.404382620818e-03
76.620000000 3.479798596678e-03
76.630000000 3.518118298134e-03
76.640000000 3.520819812763e-03
76.650000000 3.489355875450e-03
76.660000000 3.428772205259e-03
76.670000000 3.341542655891e-03
76.680000000 3.232670780813e-03
76.690000000 3.103448496610e-03
76.700000000 2.957528476190e-03
76.710000000 2.793306152294e-03
76.720000000 2.612349948625e-03
76.730000000 2.411163837819e-03
76.740000000 2.192132610765e-03
76.750000000 1.951933574901e-03
76.760000000 1.694875427670e-03
76.770000000 1.419134457767e-03
76.780000000 1.133585126456e-03
76.790000000 8.402165995624e-04
76.800000000 5.522844758306e-04
76.810000000 2.736983896774e-04
76.820000000 1.900866379364e-05
76.830000000 -2.090805401247e-04
76.840000000 -3.992076391248e-04
76.850000000 -5.533526693640e-04
76.860000000 -6.653452865126e-04
76.870000000 -7.410457211175e-04
76.880000000 -7.784037608993e-04
76.890000000 -7.863101719423e-04
76.900000000 -7.663975514614e-04
76.910000000 -7.292074431928e-04
76.920000000 -6.783520142582e-04
76.930000000 -6.248386010208e-04
76.940000000 -5.732976800549e-04
76.950000000 -5.326773776681e-04
76.960000000 -5.052624922636e-04
76.970000000 -4.964070865935e-04
76.980000000 -5.072635274141e-04
76.990000000 -5.402830484862e-04
77.000000000 -5.933080300947e-04
77.010000000 -6.633288945643e-04
77.020000000 -7.453866858345e-04
77.030000000 -8.345740740543e-04
77.040000000 -9.254798307511e-04
77.050000000 -1.011973805599e-03
77.060000000 -1.088564178668e-03
77.070000000 -1.151307374079e-03
77.080000000 -1.198621100642e-03
77.090000000 -1.230885341572e-03
77.100000000 -1.248646974381e-03
77.110000000 -1.253417336632e-03
77.120000000 -1.245645422179e-03
77.130000000 -1.226715462204e-03
77.140000000 -1.195619548858e-03
77.150000000 -1.151514381829e-03
77.160000000 -1.091565732126e-03
77.170000000 -1.014111198186e-03
77.180000000 -9.174756924513e-04
77.190000000 -8.008565008399e-04
77.200000000 -6.643447725998e-04
77.210000000 -5.075861461745e-04
77.220000000 -3.331734900418e-04
77.230000000 -1.431757363117e-04
77.240000000 5.502728834024e-05
77.250000000 2.563516033430e-04
77.260000000 4.502316890164e-04
77.270000000 6.306731864310e-04
77.280000000 7.864055589274e-04
77.290000000 9.133601308864e-04
77.300000000 1.003517849837e-03
77.310000000 1.056955361658e-03
77.320000000 1.069552002688e-03
77.330000000 1.045195641428e-03
77.340000000 9.845080174776e-04
77.350000000 8.950088348985e-04
77.360000000 7.804024532667e-04
77.370000000 6.495682665781e-04
77.380000000 5.082617010553e-04
77.390000000 3.653399945097e-04
77.400000000 2.261157741379e-04
77.410000000 9.726805424036e-05
77.420000000 -1.700997142619e-05
77.430000000 -1.131742199651e-04
77.440000000 -1.900994940486e-04
77.450000000 -2.476294790708e-04
77.460000000 -2.851486539645e-04
77.470000000 -3.035543438161e-04
77.480000000 -3.031579686445e-04
77.490000000 -2.864147412216e-04
77.500000000 -2.531320953240e-04
77.510000000 -2.057869815700e-04
77.520000000 -1.450762087089e-04
77.530000000 -7.531271086586e-05
77.540000000 1.999859259455e-06
77.550000000 8.210860083328e-05
77.560000000 1.620826543455e-04
77.570000000 2.354331197522e-04
77.580000000 2.981530301373e-04
77.590000000 3.448483695833e-04
77.600000000 3.731918402228e-04
77.610000000 3.803686659781e-04
77.620000000 3.661882177193e-04
77.630000000 3.304300789676e-04
77.640000000 2.751411276858e-04
77.650000000 2.027765721122e-04
77.660000000 1.180598845929e-04
77.670000000 2.592360881233e-05
77.680000000 -6.703584767663e-05
77.690000000 -1.551592074101e-04
77.700000000 -2.321212305343e-04
77.710000000 -2.941117475544e-04
77.720000000 -3.371755651561e-04
77.730000000 -3.604009620466e-04
77.740000000 -3.621885021303e-04
77.750000000 -3.444777099285e-04
77.760000000 -3.081605589274e-04
77.770000000 -2.574923286066e-04
77.780000000 -1.941015674887e-04
77.790000000 -1.222876420787e-04
77.800000000 -4.302342963800e-05
77.810000000 3.992292955044e-05
77.820000000 1.260640226835e-04
77.830000000 2.117861464666e-04
77.840000000 2.961519924755e-04
77.850000000 3.753459790872e-04
77.860000000 4.482306477968e-04
77.870000000 5.117637972807e-04
77.880000000 5.652911916473e-04
77.890000000 6.070995815858e-04
77.900000000 6.373284493209e-04
77.910000000 6.555586804337e-04
77.920000000 6.623413858765e-04
77.930000000 6.579364921750e-04
77.940000000 6.433315537259e-04
77.950000000 6.195943220454e-04
77.960000000 5.883030926339e-04
77.970000000 5.508403016211e-04
77.980000000 5.092622122475e-04
77.990000000 4.656970356123e-04
78.000000000 4.232177095670e-04
78.010000000 3.839868581485e-04
78.020000000 3.501799340042e-04
78.030000000 3.224648502972e-04
78.040000000 3.021550952063e-04
78.050000000 2.894635463526e-04
78.060000000 2.851462979969e-04
78.070000000 2.881860080388e-04
78.080000000 2.981530249053e-04
78.090000000 3.136418599518e-04
78.100000000 3.341716536375e-04
78.110000000 3.577370711211e-04
78.120000000 3.821964920169e-04
78.130000000 4.044956398849e-04
78.140000000 4.222171906314e-04
78.150000000 4.329424494875e-04
78.160000000 4.342234000693e-04
78.170000000 4.243914896842e-04
78.180000000 4.022068408009e-04
78.190000000 3.684214179751e-04
78.200000000 3.231659604146e-04
78.210000000 2.684907182044e-04
78.220000000 2.051048986750e-04
78.230000000 1.363344034471e-04
78.240000000 6.303141764104e-05
78.250000000 -1.193944384270e-05
78.260000000 -8.904723809884e-05
78.270000000 -1.656986076040e-04
78.280000000 -2.421264113093e-04
78.290000000 -3.156203337885e-04
78.300000000 -3.872014447550e-04
78.310000000 -4.548148065830e-04
78.320000000 -5.192697510830e-04
78.330000000 -5.783037602587e-04
78.340000000 -6.333287429402e-04
78.350000000 -6.834103176420e-04
78.360000000 -7.303789377973e-04
78.370000000 -7.729689543649e-04
78.380000000 -8.124213705955e-04
78.390000000 -8.476944905015e-04
78.400000000 -8.804565588053e-04
78.410000000 -9.099257863133e-04
78.420000000 -9.374860548385e-04
78.430000000 -9.619259284131e-04
78.440000000 -9.845103761658e-04
78.450000000 -1.004185935751e-03
78.460000000 -1.022530040258e-03
78.470000000 -1.038494507861e-03
78.480000000 -1.053546082056e-03
78.490000000 -1.066187364661e-03
78.500000000 -1.077558501559e-03
78.510000000 -1.085955960665e-03
78.520000000 -1.092566263827e-03
78.530000000 -1.095234158652e-03
78.540000000 -1.094567298978e-03
78.550000000 -1.088305470402e-03
78.560000000 -1.077558502187e-03
78.570000000 -1.060080019930e-03
78.580000000 -1.036537286102e-03
78.590000000 -1.005233799737e-03
78.600000000 -9.685020983105e-04
78.610000000 -9.256856918093e-04
78.620000000 -8.784555261662e-04
78.630000000 -8.258143347826e-04
78.640000000 -7.703996395511e-04
78.650000000 -7.122824391911e-04
78.660000000 -6.533390957006e-04
78.670000000 -5.926541378834e-04
78.680000000 -5.322764819678e-04
78.690000000 -4.722636041441e-04
78.700000000 -4.142154206467e-04
78.710000000 -3.569073365700e-04
78.720000000 -3.011569466786e-04
78.730000000 -2.462104518047e-04
78.740000000 -1.931010600635e-04
78.750000000 -1.406005849983e-04
78.760000000 -8.904724333083e-05
78.770000000 -3.751293475756e-05
78.780000000 1.300553846069e-05
78.790000000 6.326227278527e-05
78.800000000 1.130572853110e-04
78.810000000 1.633114309973e-04
78.820000000 2.131090321613e-04
78.830000000 2.622972013189e-04
78.840000000 3.101592265999e-04
78.850000000 3.569817003812e-04
78.860000000 4.022068336854e-04
78.870000000 4.454925403161e-04
78.880000000 4.862503010062e-04
78.890000000 5.242663178506e-04
78.900000000 5.592880761505e-04
78.910000000 5.909845937210e-04
78.920000000 6.193191241769e-04
78.930000000 6.440604774550e-04
78.940000000 6.653429276151e-04
78.950000000 6.826810833174e-04
78.960000000 6.963589689943e-04
78.970000000 7.063277919679e-04
78.980000000 7.133677657851e-04
78.990000000 7.167600857067e-04
79.000000000 7.163693179876e-04
79.010000000 7.115063356547e-04
79.020000000 7.033625906606e-04
79.030000000 6.915665160817e-04
79.040000000 6.763486187452e-04
79.050000000 6.567556700668e-04
79.060000000 6.343268847709e-04
79.070000000 6.091518202670e-04
79.080000000 5.822999760907e-04
79.090000000 5.530626106188e-04
79.100000000 5.232694451162e-04
79.110000000 4.929797220819e-04
79.120000000 4.632383966712e-04
79.130000000 4.326256147520e-04
79.140000000 4.022068307555e-04
79.150000000 3.715955012822e-04
79.160000000 3.421757823105e-04
79.170000000 3.127674546656e-04
79.180000000 2.841457688066e-04
79.190000000 2.552556210460e-04
79.200000000 2.271162727734e-04
79.210000000 1.984847838281e-04
79.220000000 1.700867767401e-04
79.230000000 1.408724080066e-04
79.240000000 1.120567632363e-04
79.250000000 8.279281831796e-05
79.260000000 5.402674973243e-05
79.270000000 2.497992731100e-05
79.280000000 -3.002746300829e-06
79.290000000 -3.058840763412e-05
79.300000000 -5.703068992230e-05
79.310000000 -8.302077869397e-05
79.320000000 -1.070565636614e-04
79.330000000 -1.293018397555e-04
79.340000000 -1.490782976357e-04
79.350000000 -1.673198193349e-04
79.360000000 -1.830958918452e-04
79.370000000 -1.965835827825e-04
79.380000000 -2.071083113488e-04
79.390000000 -2.154591371157e-04
79.400000000 -2.211155561464e-04
79.410000000 -2.244712502663e-04
79.420000000 -2.251176262381e-04
79.430000000 -2.237519140755e-04
79.440000000 -2.201150390944e-04
79.450000000 -2.146454936225e-04
79.460000000 -2.071083121859e-04
79.470000000 -1.979840130901e-04
79.480000000 -1.870979629833e-04
79.490000000 -1.747701534571e-04
79.500000000 -1.610845089571e-04
79.510000000 -1.467429115835e-04
79.520000000 -1.320695025191e-04
79.530000000 -1.172279555885e-04
79.540000000 -1.020539786105e-04
79.550000000 -8.681540128532e-05
79.560000000 -7.203845470187e-05
79.570000000 -5.789702279512e-05
79.580000000 -4.402396573446e-05
79.590000000 -2.995921433896e-05
79.600000000 -1.600947676705e-05
79.610000000 -2.629336913248e-06
79.620000000 1.000397725917e-05
79.630000000 2.248036556149e-05
79.640000000 3.501691381479e-05
79.650000000 4.740213744881e-05
79.660000000 5.902933289982e-05
79.670000000 7.007892174716e-05
79.680000000 8.104071704365e-05
79.690000000 9.222634088648e-05
79.700000000 1.030521011875e-04
79.710000000 1.129883351518e-04
79.720000000 1.220619329195e-04
79.730000000 1.307395966072e-04
79.740000000 1.390707297104e-04
79.750000000 1.466199454013e-04
79.760000000 1.530779740895e-04
79.770000000 1.584670651828e-04
79.780000000 1.630831485861e-04
79.790000000 1.669578797669e-04
79.800000000 1.700867706710e-04
79.810000000 1.721429544977e-04
79.820000000 1.730883228735e-04
79.830000000 1.729254708227e-04
79.840000000 1.720878051937e-04
79.850000000 1.704762720069e-04
79.860000000 1.680857351020e-04
79.870000000 1.647796892617e-04
79.880000000 1.610821125985e-04
79.890000000 1.568818491939e-04
79.900000000 1.520774551539e-04
79.910000000 1.462748265905e-04
79.920000000 1.400712452975e-04
79.930000000 1.335948822912e-04
79.940000000 1.270645179704e-04
79.950000000 1.200555783313e-04
79.960000000 1.130572731728e-04
79.970000000 1.060071804703e-04
79.980000000 9.905002837519e-05
79.990000000 9.156690595936e-05
80.000000000 8.404226610697e-05
80.010000000 7.666512725755e-05
80.020000000 7.003502130935e-05
80.030000000 6.350492858783e-05
80.040000000 5.702829398232e-05
80.050000000 5.027300443922e-05
80.060000000 4.402156665529e-05
80.070000000 3.819084496416e-05
80.080000000 3.301587426946e-05
80.090000000 2.785318438638e-05
80.100000000 2.301069935422e-05
80.110000000 1.823342053125e-05
80.120000000 1.400604190957e-05
80.130000000 1.009871229206e-05
80.140000000 7.002419406120e-06
80.150000000 4.285042137531e-06
80.160000000 1.999831843860e-06
80.170000000 -3.103920030366e-07
80.180000000 -2.002238247803e-06
80.190000000 -2.999713689222e-06
80.200000000 -3.002755927679e-06
80.210000000 -2.695977247304e-06
80.220000000 -2.002238666362e-06
80.230000000 -9.511445875142e-07
80.240000000 9.993135361469e-07
80.250000000 3.390643855641e-06
80.260000000 6.001900679848e-06
80.270000000 8.644960562214e-06
80.280000000 1.200500529414e-05
80.290000000 1.595691518463e-05
80.300000000 2.000914484963e-05
80.310000000 2.353358232533e-05
80.320000000 2.701276693453e-05
80.330000000 3.086827033997e-05
80.340000000 3.501690649002e-05
80.350000000 3.877639139582e-05
80.360000000 4.202052857491e-05
80.370000000 4.506117598459e-05
80.380000000 4.802363318921e-05
80.390000000 5.048094998998e-05
80.400000000 5.202570286231e-05
80.410000000 5.304108042637e-05
80.420000000 5.402673759422e-05
80.430000000 5.496195563155e-05
80.440000000 5.502725485554e-05
80.450000000 5.421415599566e-05
80.460000000 5.302621970507e-05
80.470000000 5.192885409430e-05
80.480000000 5.002466708400e-05
80.490000000 4.696044928450e-05
80.500000000 4.302104458055e-05
80.510000000 3.919839533488e-05
80.520000000 3.501690460650e-05
80.530000000 3.005984361868e-05
80.540000000 2.401121222067e-05
80.550000000 1.773565310007e-05
80.560000000 1.100448489364e-05
80.570000000 3.621682458749e-06
80.580000000 -5.003794845178e-06
80.590000000 -1.396200338552e-05
80.600000000 -2.301310952519e-05
80.610000000 -3.199497665244e-05
80.620000000 -4.202294167579e-05
80.630000000 -5.280548431793e-05
80.640000000 -6.403432623818e-05
80.650000000 -7.482619672271e-05
80.660000000 -8.604571080058e-05
80.670000000 -9.776985254273e-05
80.680000000 -1.100581303042e-04
80.690000000 -1.216966299524e-04
80.700000000 -1.330700323372e-04
80.710000000 -1.443135921185e-04
80.720000000 -1.560819343701e-04
80.730000000 -1.673629928510e-04
80.740000000 -1.780933189325e-04
80.750000000 -1.880093655093e-04
80.760000000 -1.981036685537e-04
80.770000000 -2.078726587748e-04
80.780000000 -2.171135007043e-04
80.790000000 -2.249287068750e-04
80.800000000 -2.321212629726e-04
80.810000000 -2.387207102838e-04
80.820000000 -2.451279902996e-04
80.830000000 -2.504713049340e-04
80.840000000 -2.551331652148e-04
80.850000000 -2.588474295075e-04
80.860000000 -2.621367877183e-04
80.870000000 -2.644355191054e-04
80.880000000 -2.661388578099e-04
80.890000000 -2.666326011328e-04
80.900000000 -2.661388580192e-04
80.910000000 -2.643152295796e-04
80.920000000 -2.621367883461e-04
80.930000000 -2.593943677296e-04
80.940000000 -2.561336837318e-04
80.950000000 -2.515150022124e-04
80.960000000 -2.461285092351e-04
80.970000000 -2.398691247314e-04
80.980000000 -2.331217823267e-04
80.990000000 -2.253397469378e-04
81.000000000 -2.171135030064e-04
81.010000000 -2.082856623836e-04
81.020000000 -1.991041887450e-04
81.030000000 -1.888994716029e-04
81.040000000 -1.780933220717e-04
81.050000000 -1.666660605568e-04
81.060000000 -1.550814204573e-04
81.070000000 -1.427999015788e-04
81.080000000 -1.300684839017e-04
81.090000000 -1.169159707771e-04
81.100000000 -1.040550298755e-04
81.110000000 -9.116251401375e-05
81.120000000 -7.804157584923e-05
81.130000000 -6.413745226438e-05
81.140000000 -5.002708688182e-05
81.150000000 -3.615154266058e-05
81.160000000 -2.301311538501e-05
81.170000000 -1.005086452391e-05
81.180000000 3.000338641210e-06
81.190000000 1.623178116237e-05
81.200000000 2.901379266743e-05
81.210000000 4.126583859062e-05
81.220000000 5.302621175245e-05
81.230000000 6.442609216986e-05
81.240000000 7.503759589629e-05
81.250000000 8.480214827942e-05
81.260000000 9.404742762833e-05
81.270000000 1.032170367333e-04
81.280000000 1.120567418898e-04
81.290000000 1.200551323832e-04
81.300000000 1.270645037394e-04
81.310000000 1.333474793503e-04
81.320000000 1.390707131773e-04
81.330000000 1.440137839690e-04
81.340000000 1.480753702034e-04
81.350000000 1.513200904045e-04
81.360000000 1.540784748177e-04
81.370000000 1.563419508836e-04
81.380000000 1.580805444908e-04
81.390000000 1.589695102209e-04
81.400000000 1.590810617521e-04
81.410000000 1.583766536471e-04
81.420000000 1.570800266017e-04
81.430000000 1.549321505553e-04
81.440000000 1.520774390394e-04
81.450000000 1.485984272353e-04
81.460000000 1.450738165359e-04
81.470000000 1.413030744094e-04
81.480000000 1.370696765619e-04
81.490000000 1.318363185041e-04
81.500000000 1.260639841761e-04
81.510000000 1.200052107167e-04
81.520000000 1.140577743196e-04
81.530000000 1.077209056618e-04
81.540000000 1.010510469926e-04
81.550000000 9.396879814911e-05
81.560000000 8.704380219497e-05
81.570000000 8.006276329834e-05
81.580000000 7.303655739735e-05
81.590000000 6.553270547579e-05
81.600000000 5.802879512913e-05
81.610000000 5.070147799442e-05
81.620000000 4.402155033150e-05
81.630000000 3.749227541014e-05
81.640000000 3.101482300447e-05
81.650000000 2.431316100090e-05
81.660000000 1.800809567745e-05
81.670000000 1.217565852218e-05
81.680000000 7.002403291610e-06
81.690000000 1.918387154925e-06
81.700000000 -3.002771623630e-06
81.710000000 -7.818413629484e-06
81.720000000 -1.200742906827e-05
81.730000000 -1.574231148544e-05
81.740000000 -1.901105157173e-05
81.750000000 -2.220040009748e-05
81.760000000 -2.501415660458e-05
81.770000000 -2.739698801021e-05
81.780000000 -2.901622669624e-05
81.790000000 -3.019879594447e-05
81.800000000 -3.101726184672e-05
81.810000000 -3.173246025557e-05
81.820000000 -3.201777952659e-05
81.830000000 -3.184517921175e-05
81.840000000 -3.101726226527e-05
81.850000000 -2.975284179609e-05
81.860000000 -2.801571006277e-05
81.870000000 -2.610653447308e-05
81.880000000 -2.401364038966e-05
81.890000000 -2.175633144293e-05
81.900000000 -1.901105324596e-05
81.910000000 -1.600389342164e-05
81.920000000 -1.300794863166e-05
81.930000000 -1.019697956370e-05
81.940000000 -7.004844017366e-06
81.950000000 -3.203653739837e-06
81.960000000 9.992955381229e-07
81.970000000 5.045527396091e-06
81.980000000 9.003435093612e-06
81.990000000 1.297427815321e-05
82.000000000 1.700757464910e-05
82.010000000 2.094683015877e-05
82.020000000 2.501171420459e-05
82.030000000 2.911748079977e-05
82.040000000 3.301585376008e-05
82.050000000 3.651013054373e-05
82.060000000 4.001947584497e-05
82.070000000 4.361628746179e-05
82.080000000 4.702309792987e-05
82.090000000 4.999856898519e-05
82.100000000 5.302620254416e-05
82.110000000 5.618508341131e-05
82.120000000 5.902930715846e-05
82.130000000 6.112789257751e-05
82.140000000 6.303137683156e-05
82.150000000 6.509574196409e-05
82.160000000 6.703344650467e-05
82.170000000 6.822946128692e-05
82.180000000 6.903448123658e-05
82.190000000 6.996296378221e-05
82.200000000 7.103551596849e-05
82.210000000 7.144751033287e-05
82.220000000 7.103551575922e-05
82.230000000 7.031421873714e-05
82.240000000 7.003499807934e-05
82.250000000 6.982234795070e-05
82.260000000 6.903448039946e-05
82.270000000 6.750114819774e-05
82.280000000 6.603292777840e-05
82.290000000 6.472434710633e-05
82.300000000 6.303137515733e-05
82.310000000 6.051697178496e-05
82.320000000 5.802878759507e-05
82.330000000 5.601673352730e-05
82.340000000 5.402671750341e-05
82.350000000 5.118961420726e-05
82.360000000 4.802361247055e-05
82.370000000 4.527392149874e-05
82.380000000 4.302102490829e-05
82.390000000 4.031103478191e-05
82.400000000 3.701791987544e-05
82.410000000 3.367893281159e-05
82.420000000 3.101481484258e-05
82.430000000 2.863033185918e-05
82.440000000 2.601222728032e-05
82.450000000 2.293172615989e-05
82.460000000 2.000912224746e-05
82.470000000 1.741759871073e-05
82.480000000 1.500653468520e-05
82.490000000 1.241281766872e-05
82.500000000 1.000394712295e-05
82.510000000 7.910970026844e-06
82.520000000 6.001877031281e-06
82.530000000 3.918474303873e-06
82.540000000 1.999806939618e-06
82.550000000 4.075616944490e-07
82.560000000 -1.001745681450e-06
82.570000000 -2.575875902366e-06
82.580000000 -4.003298302517e-06
82.590000000 -5.094610569023e-06
82.600000000 -6.004333452989e-06
82.610000000 -7.066044687143e-06
82.620000000 -8.005368603460e-06
82.630000000 -8.599708998249e-06
82.640000000 -9.005886283336e-06
82.650000000 -9.544904688115e-06
82.660000000 -1.000640396321e-05
82.670000000 -1.012329966735e-05
82.680000000 -1.000640417249e-05
82.690000000 -9.968553879411e-06
82.700000000 -1.000640438177e-05
82.710000000 -9.997312457947e-06
82.720000000 -1.000640459105e-05
82.730000000 -1.004908016488e-05
82.740000000 -1.000640480033e-05
82.750000000 -9.894455222922e-06
82.760000000 -1.000640500961e-05
82.770000000 -1.019750053332e-05
82.780000000 -1.000640521889e-05
82.790000000 -9.346171019507e-06
82.800000000 -9.005887957570e-06
82.810000000 -9.378675575346e-06
82.820000000 -1.000640563745e-05
82.830000000 -1.012265070155e-05
82.840000000 -1.000640584673e-05
82.850000000 -1.024086056179e-05
82.860000000 -1.100692352660e-05
82.870000000 -1.165800384812e-05
82.880000000 -1.200744120648e-05
82.890000000 -1.228278251012e-05
82.900000000 -1.300795888635e-05
82.910000000 -1.399091402882e-05
82.920000000 -1.500899403682e-05
82.930000000 -1.587610587244e-05
82.940000000 -1.701002918729e-05
82.950000000 -1.841945667277e-05
82.960000000 -2.001158180836e-05
82.970000000 -2.143523400202e-05
82.980000000 -2.301313442943e-05
82.990000000 -2.485501575710e-05
83.000000000 -2.701520452109e-05
83.010000000 -2.903878964149e-05
83.020000000 -3.101727461276e-05
83.030000000 -3.294305626224e-05
83.040000000 -3.501934470442e-05
83.050000000 -3.699482484079e-05
83.060000000 -3.902141479608e-05
83.070000000 -4.098211889467e-05
83.080000000 -4.302348488775e-05
83.090000000 -4.496229209738e-05
83.100000000 -4.702555497941e-05
83.110000000 -4.902805617971e-05
83.120000000 -5.102762507107e-05
83.130000000 -5.290727673275e-05
83.140000000 -5.502969516274e-05
83.150000000 -5.713990071999e-05
83.160000000 -5.903176525440e-05
83.170000000 -6.048035170080e-05
83.180000000 -6.203331787547e-05
83.190000000 -6.362929805619e-05
83.200000000 -6.503487049654e-05
83.210000000 -6.596355760553e-05
83.220000000 -6.703590564701e-05
83.230000000 -6.821134686747e-05
83.240000000 -6.903694079748e-05
83.250000000 -6.903779117990e-05
83.260000000 -6.903694100676e-05
83.270000000 -6.947531499741e-05
83.280000000 -7.003745868663e-05
83.290000000 -6.979260314633e-05
83.300000000 -6.903694142532e-05
83.310000000 -6.835712077045e-05
83.320000000 -6.803642416400e-05
83.330000000 -6.733317174704e-05
83.340000000 -6.603538943209e-05
83.350000000 -6.439148134581e-05
83.360000000 -6.303383722958e-05
83.370000000 -6.169356499211e-05
83.380000000 -6.003228502707e-05
83.390000000 -5.793953556992e-05
83.400000000 -5.603021535397e-05
83.410000000 -5.422591444466e-05
83.420000000 -5.202814568086e-05
83.430000000 -4.904827913021e-05
83.440000000 -4.602504106656e-05
83.450000000 -4.342498465945e-05
83.460000000 -4.102245392286e-05
83.470000000 -3.814367345225e-05
83.480000000 -3.501934930857e-05
83.490000000 -3.198730235663e-05
83.500000000 -2.901624469427e-05
83.510000000 -2.561307719107e-05
83.520000000 -2.201262260938e-05
83.530000000 -1.873234502126e-05
83.540000000 -1.600951799508e-05
83.550000000 -1.324606727309e-05
83.560000000 -1.000641338078e-05
83.570000000 -6.392268226420e-06
83.580000000 -3.002791295889e-06
83.590000000 4.084763022229e-08
83.600000000 3.000313318408e-06
83.610000000 6.093763009188e-06
83.620000000 9.003417932705e-06
83.630000000 1.156771084247e-05
83.640000000 1.400600507641e-05
83.650000000 1.657241222417e-05
83.660000000 1.900859222011e-05
83.670000000 2.108764114303e-05
83.680000000 2.301066189321e-05
83.690000000 2.505323366119e-05
83.700000000 2.701273156632e-05
83.710000000 2.861276774171e-05
83.720000000 3.001428376883e-05
83.730000000 3.151211919016e-05
83.740000000 3.301583597133e-05
83.750000000 3.419354890604e-05
83.760000000 3.501687070325e-05
83.770000000 3.561721747872e-05
83.780000000 3.601738796456e-05
83.790000000 3.610411414093e-05
83.800000000 3.601738775528e-05
83.810000000 3.594850718905e-05
83.820000000 3.601738754601e-05
83.830000000 3.607402851674e-05
83.840000000 3.601738733673e-05
83.850000000 3.567310839120e-05
83.860000000 3.501686965685e-05
83.870000000 3.405064716224e-05
83.880000000 3.301583450638e-05
83.890000000 3.198915643687e-05
83.900000000 3.101479935591e-05
83.910000000 2.998624805312e-05
83.920000000 2.901376420544e-05
83.930000000 2.804805367501e-05
83.940000000 2.701272905496e-05
83.950000000 2.563946242235e-05
83.960000000 2.401117643390e-05
83.970000000 2.233828099073e-05
83.980000000 2.100962381283e-05
83.990000000 1.997630204147e-05
84.000000000 1.900858866236e-05
84.010000000 1.767196436179e-05
84.020000000 1.600703604129e-05
84.030000000 1.429482623664e-05
84.040000000 1.300548342022e-05
84.050000000 1.202733649494e-05
84.060000000 1.100444826975e-05
84.070000000 9.560322210607e-06
84.080000000 8.002895648684e-06
84.090000000 6.727003717942e-06
84.100000000 6.001860498213e-06
84.110000000 5.527534733742e-06
84.120000000 5.001342818337e-06
84.130000000 4.095502720041e-06
84.140000000 3.000307667866e-06
84.150000000 2.143307674994e-06
84.160000000 1.999789987991e-06
84.170000000 2.170402492879e-06
84.180000000 1.999789778711e-06
84.190000000 1.332533843668e-06
84.200000000 9.992720988358e-07
84.210000000 1.381185860284e-06
84.220000000 1.999789360153e-06
84.230000000 2.111178467698e-06
84.240000000 1.999789150873e-06
84.250000000 2.254620932783e-06
84.260000000 3.000306412190e-06
84.270000000 3.644826508718e-06
84.280000000 4.000823673507e-06
84.290000000 4.314262836165e-06
84.300000000 5.001340934823e-06
84.310000000 5.959827791518e-06
84.320000000 7.002375666736e-06
84.330000000 7.973280887602e-06
84.340000000 9.003410398649e-06
84.350000000 1.002634696687e-05
84.360000000 1.100444513056e-05
84.370000000 1.192182631537e-05
84.380000000 1.300547986247e-05
84.390000000 1.413018670222e-05
84.400000000 1.500651459439e-05
84.410000000 1.547925463189e-05
84.420000000 1.600703185570e-05
84.430000000 1.688593349471e-05
84.440000000 1.800806658762e-05
84.450000000 1.901729687585e-05
84.460000000 2.000910131953e-05
84.470000000 2.105125603334e-05
84.480000000 2.201013605144e-05
84.490000000 2.260183278822e-05
84.500000000 2.301065331276e-05
84.510000000 2.345574657503e-05
84.520000000 2.401117057408e-05
84.530000000 2.450095032292e-05
84.540000000 2.501168783539e-05
84.550000000 2.555040150970e-05
84.560000000 2.601220509671e-05
84.570000000 2.612569757770e-05
84.580000000 2.601220488743e-05
84.590000000 2.590795221175e-05
84.600000000 2.601220467815e-05
84.610000000 2.611191531502e-05
84.620000000 2.601220446887e-05
84.630000000 2.558066507004e-05
84.640000000 2.501168678900e-05
84.650000000 2.445043792100e-05
84.660000000 2.401116910912e-05
84.670000000 2.354168735174e-05
84.680000000 2.301065142924e-05
84.690000000 2.244186651085e-05
84.700000000 2.201013374937e-05
84.710000000 2.159337038898e-05
84.720000000 2.100961606949e-05
84.730000000 2.008433785444e-05
84.740000000 1.900858091902e-05
84.750000000 1.795005903909e-05
84.760000000 1.700754576855e-05
84.770000000 1.602743028722e-05
84.780000000 1.500651061808e-05
84.790000000 1.396604242289e-05
84.800000000 1.300547546761e-05
84.810000000 1.202343265247e-05
84.820000000 1.100444031714e-05
84.830000000 9.958073677849e-06
84.840000000 9.003405166665e-06
84.850000000 8.045068844130e-06
84.860000000 7.002370016194e-06
84.870000000 5.889550317873e-06
84.880000000 5.001334865722e-06
84.890000000 4.445496850231e-06
84.900000000 4.000817185847e-06
84.910000000 3.204921015397e-06
84.920000000 1.999782035375e-06
84.930000000 7.748695587079e-07
84.940000000 -1.253115096128e-09
84.950000000 -4.369824122396e-07
84.960000000 -1.001770794972e-06
84.970000000 -1.965612269078e-06
84.980000000 -3.002805945443e-06
84.990000000 -3.686110253877e-06
85.000000000 -4.003323625318e-06
85.010000000 -4.366712188907e-06
85.020000000 -5.003841305194e-06
85.030000000 -5.676528972448e-06
85.040000000 -6.004358985069e-06
85.050000000 -5.985392434232e-06
85.060000000 -6.004359194349e-06
85.070000000 -6.366796858600e-06
85.080000000 -7.004876874224e-06
85.090000000 -7.617480495232e-06
85.100000000 -8.005394554099e-06
85.110000000 -8.107167239058e-06
85.120000000 -8.005394763379e-06
85.130000000 -7.877499574979e-06
85.140000000 -8.005394972658e-06
85.150000000 -8.459500190028e-06
85.160000000 -9.005912652534e-06
85.170000000 -9.209110139149e-06
85.180000000 -9.005912861813e-06
85.190000000 -8.774708667992e-06
85.200000000 -9.005913071092e-06
85.210000000 -9.576911616624e-06
85.220000000 -1.000643075097e-05
85.230000000 -1.003829979660e-05
85.240000000 -1.000643096025e-05
85.250000000 -1.005036506002e-05
85.260000000 -1.000643116953e-05
85.270000000 -9.830481552871e-06
85.280000000 -1.000643137881e-05
85.290000000 -1.057717648591e-05
85.300000000 -1.100694905868e-05
85.310000000 -1.095153378955e-05
85.320000000 -1.100694926796e-05
85.330000000 -1.150678327891e-05
85.340000000 -1.200746694784e-05
85.350000000 -1.200442183513e-05
85.360000000 -1.200746715712e-05
85.370000000 -1.245577614447e-05
85.380000000 -1.300798483699e-05
85.390000000 -1.306609418606e-05
85.400000000 -1.300798504627e-05
85.410000000 -1.334578498723e-05
85.420000000 -1.400850272615e-05
85.430000000 -1.452005837742e-05
85.440000000 -1.500902040602e-05
85.450000000 -1.557950224916e-05
85.460000000 -1.600953808590e-05
85.470000000 -1.600487041580e-05
85.480000000 -1.600953829518e-05
85.490000000 -1.638351025983e-05
85.500000000 -1.701005597505e-05
85.510000000 -1.749993978228e-05
85.520000000 -1.801057365493e-05
85.530000000 -1.859276061798e-05
85.540000000 -1.901109133480e-05
85.550000000 -1.900025068362e-05
85.560000000 -1.901109154408e-05
85.570000000 -1.940731255325e-05
85.580000000 -2.001160922396e-05
85.590000000 -2.021240226511e-05
85.600000000 -2.001160943324e-05
85.610000000 -1.980763486124e-05
85.620000000 -2.001160964252e-05
85.630000000 -2.049487167149e-05
85.640000000 -2.101212732239e-05
85.650000000 -2.121238843218e-05
85.660000000 -2.101212753167e-05
85.670000000 -2.047799369642e-05
85.680000000 -2.001161027035e-05
85.690000000 -1.984709628110e-05
85.700000000 -2.001161047963e-05
85.710000000 -2.014585667216e-05
85.720000000 -2.001161068891e-05
85.730000000 -1.954556165200e-05
85.740000000 -1.901109342760e-05
85.750000000 -1.849801078461e-05
85.760000000 -1.801057616628e-05
85.770000000 -1.747361901648e-05
85.780000000 -1.701005890496e-05
85.790000000 -1.655138341555e-05
85.800000000 -1.600954164365e-05
85.810000000 -1.540626733015e-05
85.820000000 -1.500902438233e-05
85.830000000 -1.467311992928e-05
85.840000000 -1.400850712101e-05
85.850000000 -1.293070717309e-05
85.860000000 -1.200747238910e-05
85.870000000 -1.149741588811e-05
85.880000000 -1.100695512778e-05
85.890000000 -1.006518169438e-05
85.900000000 -9.005920395869e-06
85.910000000 -8.349743665128e-06
85.920000000 -8.005403134553e-06
85.930000000 -7.285922109022e-06
85.940000000 -6.004368402640e-06
85.950000000 -4.710392788016e-06
85.960000000 -4.003333670727e-06
85.970000000 -3.646571231909e-06
85.980000000 -3.002816409410e-06
85.990000000 -1.931133202657e-06
86.000000000 -1.001781677498e-06
86.010000000 -5.010019264700e-07
86.020000000 -1.264416180964e-09
86.030000000 9.394102096740e-07
86.040000000 1.999770315732e-06
86.050000000 2.667015363563e-06
86.060000000 3.000287577049e-06
86.070000000 3.424962633574e-06
86.080000000 4.000804838365e-06
86.090000000 4.530003588114e-06
86.100000000 5.001322099682e-06
86.110000000 5.514475707996e-06
86.120000000 6.001839360999e-06
86.130000000 6.443253993214e-06
86.140000000 7.002356622315e-06
86.150000000 7.642081841712e-06
86.160000000 8.002873883632e-06
86.170000000 7.971883222863e-06
86.180000000 8.002873674353e-06
86.190000000 8.444721491819e-06
86.200000000 9.003390935669e-06
86.210000000 9.174302888730e-06
86.220000000 9.003390726390e-06
86.230000000 8.895810112716e-06
86.240000000 9.003390517111e-06
86.250000000 9.079240539687e-06
86.260000000 9.003390307831e-06
86.270000000 8.920011537121e-06
86.280000000 9.003390098552e-06
86.290000000 9.117099987799e-06
86.300000000 9.003389889273e-06
86.310000000 8.540486860915e-06
86.320000000 8.002872209397e-06
86.330000000 7.782280954282e-06
86.340000000 8.002872000118e-06
86.350000000 8.227779107890e-06
86.360000000 8.002871790839e-06
86.370000000 7.401205018296e-06
86.380000000 7.002354110963e-06
86.390000000 7.001985382417e-06
86.400000000 7.002353901684e-06
86.410000000 6.577965877399e-06
86.420000000 6.001836221808e-06
86.430000000 5.779371734282e-06
86.440000000 6.001836012529e-06
86.450000000 6.188510397875e-06
86.460000000 6.001835803250e-06
86.470000000 5.483974650546e-06
86.480000000 5.001318123374e-06
86.490000000 4.821849886236e-06
86.500000000 5.001317914095e-06
86.510000000 5.183627143162e-06
86.520000000 5.001317704816e-06
86.530000000 4.447336426048e-06
86.540000000 4.000800024940e-06
86.550000000 3.909549008531e-06
86.560000000 4.000799815661e-06
86.570000000 3.998682593352e-06
86.580000000 4.000799606382e-06
86.590000000 4.043775448771e-06
86.600000000 4.000799397102e-06
86.610000000 3.855712471515e-06
86.620000000 4.000799187823e-06
86.630000000 4.521033674121e-06
86.640000000 5.001316449140e-06
86.650000000 5.070946194352e-06
86.660000000 5.001316239860e-06
86.670000000 5.023708399466e-06
86.680000000 5.001316030581e-06
86.690000000 4.850571659493e-06
86.700000000 5.001315821301e-06
86.710000000 5.555106988697e-06
86.720000000 6.001833082618e-06
86.730000000 5.981228993134e-06
86.740000000 6.001832873339e-06
86.750000000 6.465282837961e-06
86.760000000 7.002350134656e-06
86.770000000 7.073576786064e-06
86.780000000 7.002349925376e-06
86.790000000 7.348176816682e-06
86.800000000 8.002867186693e-06
86.810000000 8.271010644950e-06
86.820000000 8.002866977414e-06
86.830000000 7.735528542409e-06
86.840000000 8.002866768134e-06
86.850000000 8.594500861511e-06
86.860000000 9.003384029451e-06
86.870000000 9.035657891121e-06
86.880000000 9.003383820172e-06
86.890000000 9.040634011886e-06
86.900000000 9.003383610892e-06
86.910000000 8.860413268378e-06
86.920000000 9.003383401613e-06
86.930000000 9.527837388529e-06
86.940000000 1.000390066293e-05
86.950000000 1.006278682384e-05
86.960000000 1.000390045365e-05
86.970000000 1.007257628346e-05
86.980000000 1.000390024437e-05
86.990000000 9.515495378389e-06
87.000000000 9.003382564495e-06
87.010000000 8.878153704135e-06
87.020000000 9.003382355216e-06
87.030000000 9.014327788369e-06
87.040000000 9.003382145937e-06
87.050000000 9.080134526787e-06
87.060000000 9.003381936657e-06
87.070000000 8.525485495148e-06
87.080000000 8.002864256782e-06
87.090000000 7.873144887771e-06
87.100000000 8.002864047503e-06
87.110000000 7.767902431499e-06
87.120000000 7.002346367627e-06
87.130000000 6.224637239762e-06
87.140000000 6.001828687752e-06
87.150000000 6.130812957518e-06
87.160000000 6.001828478473e-06
87.170000000 5.448468728304e-06
87.180000000 5.001310798597e-06
87.190000000 4.969067565425e-06
87.200000000 5.001310589318e-06
87.210000000 4.632158178932e-06
87.220000000 4.000792909442e-06
87.230000000 3.452866855113e-06
87.240000000 3.000275229567e-06
87.250000000 2.460431237376e-06
87.260000000 1.999757549692e-06
87.270000000 1.894153925190e-06
87.280000000 1.999757340412e-06
87.290000000 1.761779262747e-06
87.300000000 9.992396605368e-07
87.310000000 2.193740782390e-07
87.320000000 -1.278019338636e-09
87.330000000 1.458429913386e-07
87.340000000 -1.278228617985e-09
87.350000000 -5.793045687070e-07
87.360000000 -1.001795908493e-06
87.370000000 -9.784146259409e-07
87.380000000 -1.001796117773e-06
87.390000000 -1.480259017251e-06
87.400000000 -2.002313797648e-06
87.410000000 -2.073511056377e-06
87.420000000 -2.002314006928e-06
87.430000000 -2.364756963710e-06
87.440000000 -3.002831686803e-06
87.450000000 -3.258788104031e-06
87.460000000 -3.002831896082e-06
87.470000000 -2.770748600214e-06
87.480000000 -3.002832105362e-06
87.490000000 -3.550820497216e-06
87.500000000 -4.003349785237e-06
87.510000000 -4.119714746323e-06
87.520000000 -4.003349994516e-06
87.530000000 -3.915351493605e-06
87.540000000 -4.003350203796e-06
87.550000000 -4.096632305614e-06
87.560000000 -4.003350413075e-06
87.570000000 -3.846119894202e-06
87.580000000 -4.003350622354e-06
87.590000000 -4.516692383174e-06
87.600000000 -5.003868302230e-06
87.610000000 -5.117341602067e-06
87.620000000 -5.003868511509e-06
87.630000000 -4.947604734799e-06
87.640000000 -5.003868720789e-06
87.650000000 -5.020411896530e-06
87.660000000 -5.003868930068e-06
87.670000000 -5.000795920602e-06
87.680000000 -5.003869139347e-06
87.690000000 -4.974059093504e-06
87.700000000 -5.003869348627e-06
87.710000000 -5.056655923914e-06
87.720000000 -5.003869557906e-06
87.730000000 -4.869805938641e-06
87.740000000 -5.003869767185e-06
87.750000000 -5.498435104010e-06
87.760000000 -6.004387447061e-06
87.770000000 -6.127064269379e-06
87.780000000 -6.004387656340e-06
87.790000000 -5.940214284106e-06
87.800000000 -6.004387865619e-06
87.810000000 -6.022811114516e-06
87.820000000 -6.004388074899e-06
87.830000000 -5.998177204963e-06
87.840000000 -6.004388284178e-06
87.850000000 -5.973543295411e-06
87.860000000 -6.004388493457e-06
87.870000000 -6.056140125821e-06
87.880000000 -6.004388702737e-06
87.890000000 -5.871393058093e-06
87.900000000 -6.004388912016e-06
87.910000000 -6.495004289838e-06
87.920000000 -7.004906591892e-06
87.930000000 -7.135526041431e-06
87.940000000 -7.004906801171e-06
87.950000000 -6.926545004529e-06
87.960000000 -7.004907010450e-06
87.970000000 -7.046911450094e-06
87.980000000 -7.004907219730e-06
87.990000000 -6.961118181389e-06
88.000000000 -7.004907429009e-06
88.010000000 -7.035247495622e-06
88.020000000 -7.004907638288e-06
88.030000000 -6.958203583436e-06
88.040000000 -7.004907847568e-06
88.050000000 -7.053786938945e-06
88.060000000 -7.004908056847e-06
88.070000000 -6.918410711046e-06
88.080000000 -7.004908266126e-06
88.090000000 -7.148251261382e-06
88.100000000 -7.004908475406e-06
88.110000000 -6.480594206614e-06
88.120000000 -6.004391214089e-06
88.130000000 -5.893743032451e-06
88.140000000 -6.004391423368e-06
88.150000000 -6.024899601186e-06
88.160000000 -6.004391632648e-06
88.170000000 -6.050006344444e-06
88.180000000 -6.004391841927e-06
88.190000000 -5.593839114374e-06
88.200000000 -5.003874580610e-06
88.210000000 -4.739638530327e-06
88.220000000 -5.003874789890e-06
88.230000000 -5.277789450377e-06
88.240000000 -5.003874999169e-06
88.250000000 -4.347066272819e-06
88.260000000 -4.003357737852e-06
88.270000000 -4.085638586375e-06
88.280000000 -4.003357947132e-06
88.290000000 -3.462304101352e-06
88.300000000 -3.002840685815e-06
88.310000000 -2.996819618182e-06
88.320000000 -3.002840895094e-06
88.330000000 -2.544039819770e-06
88.340000000 -2.002323633778e-06
88.350000000 -1.908610150367e-06
88.360000000 -2.002323843057e-06
88.370000000 -1.660354808097e-06
88.380000000 -1.001806581740e-06
88.390000000 -7.124881760747e-07
88.400000000 -1.001806791020e-06
88.410000000 -1.274226391406e-06
88.420000000 -1.001807000299e-06
88.430000000 -3.814754271603e-07
88.440000000 -1.289738982170e-09
88.450000000 -1.654490851958e-08
88.460000000 -1.289948261519e-09
88.470000000 4.175100456209e-07
88.480000000 9.992273130552e-07
88.490000000 1.222401462187e-06
88.500000000 9.992271037758e-07
88.510000000 7.892442734035e-07
88.520000000 9.992268944965e-07
88.530000000 1.537395031972e-06
88.540000000 1.999744155813e-06
88.550000000 2.123199382802e-06
88.560000000 1.999743946534e-06
88.570000000 1.911714860788e-06
88.580000000 1.999743737255e-06
88.590000000 2.095098172217e-06
88.600000000 1.999743527975e-06
88.610000000 1.846688260224e-06
88.620000000 1.999743318696e-06
88.630000000 2.512242397446e-06
88.640000000 3.000260580013e-06
88.650000000 3.122680866891e-06
88.660000000 3.000260370733e-06
88.670000000 2.935830463493e-06
88.680000000 3.000260161454e-06
88.690000000 3.036617153575e-06
88.700000000 3.000259952174e-06
88.710000000 2.972954518373e-06
88.720000000 3.000259742895e-06
88.730000000 3.014897632913e-06
88.740000000 3.000259533616e-06
88.750000000 2.986917477373e-06
88.760000000 3.000259324336e-06
88.770000000 3.004030386315e-06
88.780000000 3.000259115057e-06
88.790000000 2.994240508573e-06
88.800000000 3.000258905778e-06
88.810000000 2.999258233135e-06
88.820000000 3.000258696498e-06
88.830000000 2.997155106527e-06
88.840000000 3.000258487219e-06
88.850000000 2.997154897464e-06
88.860000000 3.000258277940e-06
88.870000000 2.997154688401e-06
88.880000000 3.000258068660e-06
88.890000000 2.997154479338e-06
88.900000000 3.000257859381e-06
88.910000000 2.997154270275e-06
88.920000000 3.000257650102e-06
88.930000000 2.997154061212e-06
88.940000000 3.000257440822e-06
88.950000000 2.997153852149e-06
88.960000000 3.000257231543e-06
88.970000000 2.997153643086e-06
88.980000000 3.000257022264e-06
88.990000000 2.997153434023e-06
89.000000000 3.000256812984e-06
89.010000000 2.997153224960e-06
89.020000000 3.000256603705e-06
89.030000000 2.997153015898e-06
89.040000000 3.000256394426e-06
89.050000000 2.995049889289e-06
89.060000000 3.000256185146e-06
89.070000000 3.000067613851e-06
89.080000000 3.000255975867e-06
89.090000000 2.990277736109e-06
89.100000000 3.000255766588e-06
89.110000000 3.007390645051e-06
89.120000000 3.000255557308e-06
89.130000000 2.979410489511e-06
89.140000000 3.000255348029e-06
89.150000000 3.023456521597e-06
89.160000000 3.000255138749e-06
89.170000000 2.954775952770e-06
89.180000000 3.000254929470e-06
89.190000000 3.067455229076e-06
89.200000000 3.000254720191e-06
89.210000000 2.860576691594e-06
89.220000000 3.000254510911e-06
89.230000000 3.503766842570e-06
89.240000000 4.000771772228e-06
89.250000000 4.120054206863e-06
89.260000000 4.000771562949e-06
89.270000000 3.946173549481e-06
89.280000000 4.000771353669e-06
89.290000000 4.012703667094e-06
89.300000000 4.000771144390e-06
89.310000000 4.012703458031e-06
89.320000000 4.000770935111e-06
89.330000000 3.948275839838e-06
89.340000000 4.000770725831e-06
89.350000000 4.117138145469e-06
89.360000000 4.000770516552e-06
89.370000000 3.510640031729e-06
89.380000000 3.000252836677e-06
89.390000000 2.850336344622e-06
89.400000000 3.000252627397e-06
89.410000000 3.085194410456e-06
89.420000000 3.000252418118e-06
89.430000000 2.930571392421e-06
89.440000000 3.000252208839e-06
89.450000000 3.062913969261e-06
89.460000000 3.000251999559e-06
89.470000000 2.918080619905e-06
89.480000000 3.000251790280e-06
89.490000000 3.130807634109e-06
89.500000000 3.000251581001e-06
89.510000000 2.510376479703e-06
89.520000000 1.999733901125e-06
89.530000000 1.837701073186e-06
89.540000000 1.999733691846e-06
89.550000000 2.113013353736e-06
89.560000000 1.999733482566e-06
89.570000000 1.876849808566e-06
89.580000000 1.999733273287e-06
89.590000000 2.177473218084e-06
89.600000000 1.999733064008e-06
89.610000000 1.450961901740e-06
89.620000000 9.992153841323e-07
89.630000000 9.240109762356e-07
89.640000000 9.992151748530e-07
89.650000000 9.810683581345e-07
89.660000000 9.992149655736e-07
89.670000000 1.110121591199e-06
89.680000000 9.992147562943e-07
89.690000000 4.963368757663e-07
89.700000000 -1.302923581145e-09
89.710000000 -1.082240709511e-07
89.720000000 -1.303132860494e-09
89.730000000 6.021559810287e-09
89.740000000 -1.303342139843e-09
89.750000000 8.998172839274e-08
89.760000000 -1.303551419192e-09
89.770000000 -4.820622615937e-07
89.780000000 -1.001821231295e-06
89.790000000 -1.136547390313e-06
89.800000000 -1.001821440574e-06
89.810000000 -9.486505817061e-07
89.820000000 -1.001821649853e-06
89.830000000 -1.007660116834e-06
89.840000000 -1.001821859133e-06
89.850000000 -1.039766865279e-06
89.860000000 -1.001822068412e-06
89.870000000 -8.869708543187e-07
89.880000000 -1.001822277691e-06
89.890000000 -1.490288890720e-06
89.900000000 -2.002339957567e-06
89.910000000 -2.140802909148e-06
89.920000000 -2.002340166846e-06
89.930000000 -1.929153054737e-06
89.940000000 -2.002340376125e-06
89.950000000 -2.044747765248e-06
89.960000000 -2.002340585405e-06
89.970000000 -1.973964697002e-06
89.980000000 -2.002340794684e-06
89.990000000 -2.018011147213e-06
90.000000000 -2.002341003963e-06
90.010000000 -1.990031409799e-06
90.020000000 -2.002341213243e-06
90.030000000 -2.007144736867e-06
90.040000000 -2.002341422522e-06
90.050000000 -1.997355277252e-06
90.060000000 -2.002341631802e-06
90.070000000 -2.002373419939e-06
90.080000000 -2.002341841081e-06
90.090000000 -1.998167793911e-06
90.100000000 -2.002342050360e-06
90.110000000 -2.003185936598e-06
90.120000000 -2.002342259640e-06
90.130000000 -1.993396476983e-06
90.140000000 -2.002342468919e-06
90.150000000 -2.010509804050e-06
90.160000000 -2.002342678198e-06
90.170000000 -1.982530066636e-06
90.180000000 -2.002342887478e-06
90.190000000 -2.026576516847e-06
90.200000000 -2.002343096757e-06
90.210000000 -1.957896366147e-06
90.220000000 -2.002343306036e-06
90.230000000 -2.068473143034e-06
90.240000000 -2.002343515316e-06
90.250000000 -1.868715874846e-06
90.260000000 -2.002343724595e-06
90.270000000 -2.497098841646e-06
90.280000000 -3.002861404470e-06
90.290000000 -3.140289410748e-06
90.300000000 -3.002861613750e-06
90.310000000 -2.921316107010e-06
90.320000000 -3.002861823029e-06
90.330000000 -3.059872830374e-06
90.340000000 -3.002862032308e-06
90.350000000 -2.947146438525e-06
90.360000000 -3.002862241588e-06
90.370000000 -3.059873248499e-06
90.380000000 -3.002862450867e-06
90.390000000 -2.921316943262e-06
90.400000000 -3.002862660147e-06
90.410000000 -3.140290665125e-06
90.420000000 -3.002862869426e-06
90.430000000 -2.497100514149e-06
90.440000000 -2.002345608109e-06
90.450000000 -1.868717965475e-06
90.460000000 -2.002345817389e-06
90.470000000 -2.068475651788e-06
90.480000000 -2.002346026668e-06
90.490000000 -1.960002210573e-06
90.500000000 -2.002346235947e-06
90.510000000 -2.023664845775e-06
90.520000000 -2.002346445227e-06
90.530000000 -1.989408482368e-06
90.540000000 -2.002346654506e-06
90.550000000 -2.000275519903e-06
90.560000000 -2.002346863785e-06
90.570000000 -2.011142557438e-06
90.580000000 -2.002347073065e-06
90.590000000 -1.976886194031e-06
90.600000000 -2.002347282344e-06
90.610000000 -2.040548829233e-06
90.620000000 -2.002347491623e-06
90.630000000 -1.934178305563e-06
90.640000000 -2.002347700903e-06
90.650000000 -2.131020975797e-06
90.660000000 -2.002347910182e-06
90.670000000 -1.507410162178e-06
90.680000000 -1.001830648865e-06
90.690000000 -8.568965618757e-07
90.700000000 -1.001830858145e-06
90.710000000 -1.086737112211e-06
90.720000000 -1.001831067424e-06
90.730000000 -9.321145123020e-07
90.740000000 -1.001831276703e-06
90.750000000 -1.069475440892e-06
90.760000000 -1.001831485983e-06
90.770000000 -9.148528409829e-07
90.780000000 -1.001831695262e-06
90.790000000 -1.146796308864e-06
90.800000000 -1.001831904541e-06
90.810000000 -4.912647749366e-07
90.820000000 -1.314643224679e-09
90.830000000 1.225563700040e-07
90.840000000 -1.314852504027e-09
90.850000000 -5.717318222514e-08
90.860000000 -1.315061783376e-09
90.870000000 2.332031251345e-08
90.880000000 -1.315271062725e-09
90.890000000 -1.314015164800e-09
90.900000000 -1.315480342074e-09
90.910000000 -2.594834284305e-08
90.920000000 -1.315689621423e-09
90.930000000 5.664806944089e-08
90.940000000 -1.315898900771e-09
90.950000000 -1.280994164125e-07
90.960000000 -1.316108180120e-09
90.970000000 4.955113972066e-07
90.980000000 9.992011531366e-07
90.990000000 1.133929813129e-06
91.000000000 9.992009438572e-07
91.010000000 9.299662917249e-07
91.020000000 9.992007345779e-07
91.030000000 1.040542650486e-06
91.040000000 9.992005252985e-07
91.050000000 9.718620816593e-07
91.060000000 9.992003160192e-07
91.070000000 1.015908113744e-06
91.080000000 9.992001067398e-07
91.090000000 9.879279582047e-07
91.100000000 9.991998974605e-07
91.110000000 1.005040867147e-06
91.120000000 9.991996881811e-07
91.130000000 9.952509894053e-07
91.140000000 9.991994789018e-07
91.150000000 1.000268713967e-06
91.160000000 9.991992696225e-07
91.170000000 9.981655873584e-07
91.180000000 9.991990603431e-07
91.190000000 9.981653782955e-07
91.200000000 9.991988510638e-07
91.210000000 9.981651692326e-07
91.220000000 9.991986417844e-07
91.230000000 9.981649601697e-07
91.240000000 9.991984325051e-07
91.250000000 9.981647511068e-07
91.260000000 9.991982232257e-07
91.270000000 9.981645420439e-07
91.280000000 9.991980139464e-07
91.290000000 9.981643329810e-07
91.300000000 9.991978046670e-07
91.310000000 9.981641239181e-07
91.320000000 9.991975953877e-07
91.330000000 9.981639148551e-07
91.340000000 9.991973861083e-07
91.350000000 9.981637057922e-07
91.360000000 9.991971768290e-07
91.370000000 9.981634967293e-07
91.380000000 9.991969675496e-07
91.390000000 9.981632876664e-07
91.400000000 9.991967582703e-07
91.410000000 9.981630786035e-07
91.420000000 9.991965489909e-07
91.430000000 9.981628695406e-07
91.440000000 9.991963397116e-07
91.450000000 9.981626604777e-07
91.460000000 9.991961304322e-07
91.470000000 9.981624514148e-07
91.480000000 9.991959211529e-07
91.490000000 9.981622423519e-07
91.500000000 9.991957118735e-07
91.510000000 9.981620332890e-07
91.520000000 9.991955025942e-07
91.530000000 9.981618242261e-07
91.540000000 9.991952933148e-07
91.550000000 9.981616151632e-07
91.560000000 9.991950840355e-07
91.570000000 9.981614061002e-07
91.580000000 9.991948747561e-07
91.590000000 9.981611970373e-07
91.600000000 9.991946654768e-07
91.610000000 9.981609879744e-07
91.620000000 9.991944561974e-07
91.630000000 9.981607789115e-07
91.640000000 9.991942469181e-07
91.650000000 9.981605698486e-07
91.660000000 9.991940376387e-07
91.670000000 9.981603607857e-07
91.680000000 9.991938283594e-07
91.690000000 9.981601517228e-07
91.700000000 9.991936190800e-07
91.710000000 9.981599426599e-07
91.720000000 9.991934098007e-07
91.730000000 9.981597335970e-07
91.740000000 9.991932005213e-07
91.750000000 9.981595245341e-07
91.760000000 9.991929912420e-07
91.770000000 9.981593154712e-07
91.780000000 9.991927819626e-07
91.790000000 9.981591064083e-07
91.800000000 9.991925726833e-07
91.810000000 9.981588973453e-07
91.820000000 9.991923634039e-07
91.830000000 1.000261605828e-06
91.840000000 9.991921541246e-07
91.850000000 9.952434631406e-07
91.860000000 9.991919448452e-07
91.870000000 1.005032922756e-06
91.880000000 9.991917355659e-07
91.890000000 9.879195956884e-07
91.900000000 9.991915262865e-07
91.910000000 1.015899333102e-06
91.920000000 9.991913170072e-07
91.930000000 9.718528828913e-07
91.940000000 9.991911077278e-07
91.950000000 1.040533033592e-06
91.960000000 9.991908984485e-07
91.970000000 9.299562567052e-07
91.980000000 9.991906891692e-07
91.990000000 1.131816442438e-06
92.000000000 9.991904798898e-07
92.010000000 4.984155420143e-07
92.020000000 -1.327199985607e-09
92.030000000 -1.349853584092e-07
92.040000000 -1.327409264956e-09
92.050000000 6.687482732334e-08
92.060000000 -1.327618544305e-09
92.070000000 -4.159903201794e-08
92.080000000 -1.327827823654e-09
92.090000000 2.206318505835e-08
92.100000000 -1.328037103003e-09
92.110000000 -1.219359647413e-08
92.120000000 -1.328246382351e-09
92.130000000 -1.326977065134e-09
92.140000000 -1.328455661700e-09
92.150000000 9.539642343865e-09
92.160000000 -1.328664941049e-09
92.170000000 -2.471713918862e-08
92.180000000 -1.328874220398e-09
92.190000000 3.894507788767e-08
92.200000000 -1.329083499747e-09
92.210000000 -6.952878145360e-08
92.220000000 -1.329292779095e-09
92.230000000 1.323314042790e-07
92.240000000 -1.329502058444e-09
92.250000000 -5.010694961446e-07
92.260000000 -1.001847181934e-06
92.270000000 -1.134470396568e-06
92.280000000 -1.001847391213e-06
92.290000000 -9.326102108355e-07
92.300000000 -1.001847600493e-06
92.310000000 -1.043186987722e-06
92.320000000 -1.001847809772e-06
92.330000000 -9.745068370215e-07
92.340000000 -1.001848019051e-06
92.350000000 -1.018553287233e-06
92.360000000 -1.001848228331e-06
92.370000000 -9.905735498186e-07
92.380000000 -1.001848437610e-06
92.390000000 -1.007686876887e-06
92.400000000 -1.001848646889e-06
92.410000000 -9.978974172708e-07
92.420000000 -1.001848856169e-06
92.430000000 -1.002915559958e-06
92.440000000 -1.001849065448e-06
92.450000000 -1.000812851476e-06
92.460000000 -1.001849274727e-06
92.470000000 -1.000813060539e-06
92.480000000 -1.001849484007e-06
92.490000000 -1.000813269601e-06
92.500000000 -1.001849693286e-06
92.510000000 -1.000813478664e-06
92.520000000 -1.001849902565e-06
92.530000000 -1.000813687727e-06
92.540000000 -1.001850111845e-06
92.550000000 -1.000813896790e-06
92.560000000 -1.001850321124e-06
92.570000000 -1.000814105853e-06
92.580000000 -1.001850530403e-06
92.590000000 -1.000814314916e-06
92.600000000 -1.001850739683e-06
92.610000000 -1.000814523979e-06
92.620000000 -1.001850948962e-06
92.630000000 -1.000814733042e-06
92.640000000 -1.001851158241e-06
92.650000000 -1.000814942105e-06
92.660000000 -1.001851367521e-06
92.670000000 -1.000815151168e-06
92.680000000 -1.001851576800e-06
92.690000000 -1.000815360231e-06
92.700000000 -1.001851786080e-06
92.710000000 -1.000815569293e-06
92.720000000 -1.001851995359e-06
92.730000000 -1.000815778356e-06
92.740000000 -1.001852204638e-06
92.750000000 -1.000815987419e-06
92.760000000 -1.001852413918e-06
92.770000000 -1.000816196482e-06
92.780000000 -1.001852623197e-06
92.790000000 -1.000816405545e-06
92.800000000 -1.001852832476e-06
92.810000000 -1.000816614608e-06
92.820000000 -1.001853041756e-06
92.830000000 -1.000816823671e-06
92.840000000 -1.001853251035e-06
92.850000000 -1.000817032734e-06
92.860000000 -1.001853460314e-06
92.870000000 -1.000817241797e-06
92.880000000 -1.001853669594e-06
92.890000000 -1.000817450860e-06
92.900000000 -1.001853878873e-06
92.910000000 -1.002920577468e-06
92.920000000 -1.001854088152e-06
92.930000000 -9.979028529065e-07
92.940000000 -1.001854297432e-06
92.950000000 -1.007692730648e-06
92.960000000 -1.001854506711e-06
92.970000000 -9.905798217059e-07
92.980000000 -1.001854715990e-06
92.990000000 -1.018559977246e-06
93.000000000 -1.001854925270e-06
93.010000000 -9.745139451604e-07
93.020000000 -1.001855134549e-06
93.030000000 -1.043194513987e-06
93.040000000 -1.001855343828e-06
93.050000000 -9.326181552260e-07
93.060000000 -1.001855553108e-06
93.070000000 -1.134478759084e-06
93.080000000 -1.001855762387e-06
93.090000000 -5.010782767867e-07
93.100000000 -1.338501070443e-09
93.110000000 1.323222055110e-07
93.120000000 -1.338710349792e-09
93.130000000 -6.953839834740e-08
93.140000000 -1.338919629141e-09
93.150000000 4.103796041340e-08
93.160000000 -1.339128908490e-09
93.170000000 -2.764260841299e-08
93.180000000 -1.339338187838e-09
93.190000000 1.640342367225e-08
93.200000000 -1.339547467187e-09
93.210000000 -1.157673186753e-08
93.220000000 -1.339756746536e-09
93.230000000 5.536177074522e-09
93.240000000 -1.339966025885e-09
93.250000000 -4.253700666961e-09
93.260000000 -1.340175305234e-09
93.270000000 7.640238944254e-10
93.280000000 -1.340384584583e-09
93.290000000 -1.339102713833e-09
93.300000000 -1.340593863931e-09
93.310000000 -1.339311776742e-09
93.320000000 -1.340803143280e-09
93.330000000 -1.339520839651e-09
93.340000000 -1.341012422629e-09
93.350000000 -1.339729902559e-09
93.360000000 -1.341221701978e-09
93.370000000 -1.339938965468e-09
93.380000000 -1.341430981327e-09
93.390000000 -1.340148028377e-09
93.400000000 -1.341640260675e-09
93.410000000 -1.340357091285e-09
93.420000000 -1.341849540024e-09
93.430000000 -3.443483699544e-09
93.440000000 -1.342058819373e-09
93.450000000 1.574240861843e-09
93.460000000 -1.342268098722e-09
93.470000000 -8.215636879641e-09
93.480000000 -1.342477378071e-09
93.490000000 8.897272062413e-09
93.500000000 -1.342686657419e-09
93.510000000 -1.908288347737e-08
93.520000000 -1.342895936768e-09
93.530000000 2.496314860788e-08
93.540000000 -1.343105216117e-09
93.550000000 -4.371742021852e-08
93.560000000 -1.343314495466e-09
93.570000000 6.685893854228e-08
93.580000000 -1.343523774815e-09
93.590000000 -1.350016653161e-07
93.600000000 -1.343733054164e-09
93.610000000 4.983988169816e-07
93.620000000 9.991735282625e-07
93.630000000 1.131799299279e-06
93.640000000 9.991733189832e-07
93.650000000 9.299386954209e-07
93.660000000 9.991731097039e-07
93.670000000 1.040515054182e-06
93.680000000 9.991729004245e-07
93.690000000 9.718344853553e-07
93.700000000 9.991726911452e-07
93.710000000 1.015880517441e-06
93.720000000 9.991724818658e-07
93.730000000 9.879003619008e-07
93.740000000 9.991722725865e-07
93.750000000 1.005013270843e-06
93.760000000 9.991720633071e-07
93.770000000 9.952233931014e-07
93.780000000 9.991718540278e-07
93.790000000 1.000241117663e-06
93.800000000 9.991716447484e-07
93.810000000 9.981379910545e-07
93.820000000 9.991714354691e-07
93.830000000 9.981377819916e-07
93.840000000 9.991712261897e-07
93.850000000 9.981375729287e-07
93.860000000 9.991710169104e-07
93.870000000 9.981373638658e-07
93.880000000 9.991708076310e-07
93.890000000 9.981371548028e-07
93.900000000 9.991705983517e-07
93.910000000 9.981369457399e-07
93.920000000 9.991703890723e-07
93.930000000 9.981367366770e-07
93.940000000 9.991701797930e-07
93.950000000 9.981365276141e-07
93.960000000 9.991699705136e-07
93.970000000 9.981363185512e-07
93.980000000 9.991697612343e-07
93.990000000 1.000239027034e-06
94.000000000 9.991695519549e-07
94.010000000 9.952208843465e-07
94.020000000 9.991693426756e-07
94.030000000 1.005010343962e-06
94.040000000 9.991691333962e-07
94.050000000 9.878970168942e-07
94.060000000 9.991689241169e-07
94.070000000 1.015876754308e-06
94.080000000 9.991687148375e-07
94.090000000 9.718303040971e-07
94.100000000 9.991685055582e-07
94.110000000 1.040510454798e-06
94.120000000 9.991682962788e-07
94.130000000 9.299336779111e-07
94.140000000 9.991680869995e-07
94.150000000 1.131793863644e-06
94.160000000 9.991678777201e-07
94.170000000 4.983929632202e-07
94.180000000 -1.349802155279e-09
94.190000000 -1.350079372034e-07
94.200000000 -1.350011434628e-09
94.210000000 6.685224852921e-08
94.220000000 -1.350220713977e-09
94.230000000 -4.372452835742e-08
94.240000000 -1.350429993326e-09
94.250000000 2.495562234317e-08
94.260000000 -1.350639272674e-09
94.270000000 -1.909082786789e-08
94.280000000 -1.350848552023e-09
94.290000000 8.888909546069e-09
94.300000000 -1.351057831372e-09
94.310000000 -8.224417521802e-09
94.320000000 -1.351267110721e-09
94.330000000 1.565042093864e-09
94.340000000 -1.351476390070e-09
94.350000000 -3.453100593340e-09
94.360000000 -1.351685669418e-09
94.370000000 -1.350392110898e-09
94.380000000 -1.351894948767e-09
94.390000000 -1.350601173807e-09
94.400000000 -1.352104228116e-09
94.410000000 -1.350810236716e-09
94.420000000 -1.352313507465e-09
94.430000000 -1.351019299624e-09
94.440000000 -1.352522786814e-09
94.450000000 -1.351228362533e-09
94.460000000 -1.352732066162e-09
94.470000000 -1.351437425441e-09
94.480000000 -1.352941345511e-09
94.490000000 -1.351646488350e-09
94.500000000 -1.353150624860e-09
94.510000000 -1.351855551259e-09
94.520000000 -1.353359904209e-09
94.530000000 -1.352064614167e-09
94.540000000 -1.353569183558e-09
94.550000000 -1.352273677076e-09
94.560000000 -1.353778462907e-09
94.570000000 -1.352482739984e-09
94.580000000 -1.353987742255e-09
94.590000000 -1.352691802893e-09
94.600000000 -1.354197021604e-09
94.610000000 -1.352900865802e-09
94.620000000 -1.354406300953e-09
94.630000000 -1.353109928710e-09
94.640000000 -1.354615580302e-09
94.650000000 -1.353318991619e-09
94.660000000 -1.354824859651e-09
94.670000000 -1.353528054527e-09
94.680000000 -1.355034138999e-09
94.690000000 -1.353737117436e-09
94.700000000 -1.355243418348e-09
94.710000000 -1.353946180345e-09
94.720000000 -1.355452697697e-09
94.730000000 -1.354155243253e-09
94.740000000 -1.355661977046e-09
94.750000000 -1.354364306162e-09
94.760000000 -1.355871256395e-09
94.770000000 -1.354573369070e-09
94.780000000 -1.356080535743e-09
94.790000000 -1.354782431979e-09
94.800000000 -1.356289815092e-09
94.810000000 -1.354991494888e-09
94.820000000 -1.356499094441e-09
94.830000000 -1.355200557796e-09
94.840000000 -1.356708373790e-09
94.850000000 -1.355409620705e-09
94.860000000 -1.356917653139e-09
94.870000000 -1.355618683614e-09
94.880000000 -1.357126932488e-09
94.890000000 -1.355827746522e-09
94.900000000 -1.357336211836e-09
94.910000000 -1.356036809431e-09
94.920000000 -1.357545491185e-09
94.930000000 -1.356245872339e-09
94.940000000 -1.357754770534e-09
94.950000000 -1.356454935248e-09
94.960000000 -1.357964049883e-09
94.970000000 -1.356663998157e-09
94.980000000 -1.358173329232e-09
94.990000000 -1.356873061065e-09
95.000000000 -1.358382608580e-09
95.010000000 -1.357082123974e-09
95.020000000 -1.358591887929e-09
95.030000000 -1.357291186882e-09
95.040000000 -1.358801167278e-09
95.050000000 -1.357500249791e-09
95.060000000 -1.359010446627e-09
95.070000000 -1.357709312700e-09
95.080000000 -1.359219725976e-09
95.090000000 -1.357918375608e-09
95.100000000 -1.359429005324e-09
95.110000000 -1.358127438517e-09
95.120000000 -1.359638284673e-09
95.130000000 -1.358336501425e-09
95.140000000 -1.359847564022e-09
95.150000000 -1.358545564334e-09
95.160000000 -1.360056843371e-09
95.170000000 -1.358754627243e-09
95.180000000 -1.360266122720e-09
95.190000000 -1.358963690151e-09
95.200000000 -1.360475402069e-09
95.210000000 -1.359172753060e-09
95.220000000 -1.360684681417e-09
95.230000000 -1.359381815968e-09
95.240000000 -1.360893960766e-09
95.250000000 -1.359590878877e-09
95.260000000 -1.361103240115e-09
95.270000000 -1.359799941786e-09
95.280000000 -1.361312519464e-09
95.290000000 -1.360009004694e-09
95.300000000 -1.361521798813e-09
95.310000000 -1.360218067603e-09
95.320000000 -1.361731078161e-09
95.330000000 -1.360427130512e-09
95.340000000 -1.361940357510e-09
95.350000000 -1.360636193420e-09
95.360000000 -1.362149636859e-09
95.370000000 -1.360845256329e-09
95.380000000 -1.362358916208e-09
95.390000000 -1.361054319237e-09
95.400000000 -1.362568195557e-09
95.410000000 -1.361263382146e-09
95.420000000 -1.362777474905e-09
95.430000000 -1.361472445055e-09
95.440000000 -1.362986754254e-09
95.450000000 -1.361681507963e-09
95.460000000 -1.363196033603e-09
95.470000000 -1.361890570872e-09
95.480000000 -1.363405312952e-09
95.490000000 -1.362099633780e-09
95.500000000 -1.363614592301e-09
95.510000000 -1.362308696689e-09
95.520000000 -1.363823871650e-09
95.530000000 -1.362517759598e-09
95.540000000 -1.364033150998e-09
95.550000000 -1.362726822506e-09
95.560000000 -1.364242430347e-09
95.570000000 -1.362935885415e-09
95.580000000 -1.364451709696e-09
95.590000000 -1.363144948323e-09
95.600000000 -1.364660989045e-09
95.610000000 -1.363354011232e-09
95.620000000 -1.364870268394e-09
95.630000000 -1.363563074141e-09
95.640000000 -1.365079547742e-09
95.650000000 -1.363772137049e-09
95.660000000 -1.365288827091e-09
95.670000000 -1.363981199958e-09
95.680000000 -1.365498106440e-09
95.690000000 -1.364190262866e-09
95.700000000 -1.365707385789e-09
95.710000000 -1.364399325775e-09
95.720000000 -1.365916665138e-09
95.730000000 -1.364608388684e-09
95.740000000 -1.366125944486e-09
95.750000000 -1.364817451592e-09
95.760000000 -1.366335223835e-09
95.770000000 -1.365026514501e-09
95.780000000 -1.366544503184e-09
95.790000000 -1.365235577410e-09
95.800000000 -1.366753782533e-09
95.810000000 -1.365444640318e-09
95.820000000 -1.366963061882e-09
95.830000000 -1.365653703227e-09
95.840000000 -1.367172341231e-09
95.850000000 -1.365862766135e-09
95.860000000 -1.367381620579e-09
95.870000000 -1.366071829044e-09
95.880000000 -1.367590899928e-09
95.890000000 -1.366280891953e-09
95.900000000 -1.367800179277e-09
95.910000000 -1.366489954861e-09
95.920000000 -1.368009458626e-09
95.930000000 -1.366699017770e-09
95.940000000 -1.368218737975e-09
95.950000000 -1.366908080678e-09
95.960000000 -1.368428017323e-09
95.970000000 -1.367117143587e-09
95.980000000 -1.368637296672e-09
95.990000000 -1.367326206496e-09
96.000000000 -1.368846576021e-09
96.010000000 -1.367535269404e-09
96.020000000 -1.369055855370e-09
96.030000000 -1.367744332313e-09
96.040000000 -1.369265134719e-09
96.050000000 -1.367953395221e-09
96.060000000 -1.369474414067e-09
96.070000000 -1.368162458130e-09
96.080000000 -1.369683693416e-09
96.090000000 -1.368371521039e-09
96.100000000 -1.369892972765e-09
96.110000000 -1.368580583947e-09
96.120000000 -1.370102252114e-09
96.130000000 -1.368789646856e-09
96.140000000 -1.370311531463e-09
96.150000000 -1.368998709764e-09
96.160000000 -1.370520810812e-09
96.170000000 -1.369207772673e-09
96.180000000 -1.370730090160e-09
96.190000000 -1.369416835582e-09
96.200000000 -1.370939369509e-09
96.210000000 -1.369625898490e-09
96.220000000 -1.371148648858e-09
96.230000000 -1.369834961399e-09
96.240000000 -1.371357928207e-09
96.250000000 -1.370044024308e-09
96.260000000 -1.371567207556e-09
96.270000000 -1.370253087216e-09
96.280000000 -1.371776486904e-09
96.290000000 -1.370462150125e-09
96.300000000 -1.371985766253e-09
96.310000000 -1.370671213033e-09
96.320000000 -1.372195045602e-09
96.330000000 -1.370880275942e-09
96.340000000 -1.372404324951e-09
96.350000000 -1.371089338851e-09
96.360000000 -1.372613604300e-09
96.370000000 -1.371298401759e-09
96.380000000 -1.372822883648e-09
96.390000000 -1.371507464668e-09
96.400000000 -1.373032162997e-09
96.410000000 -1.371716527576e-09
96.420000000 -1.373241442346e-09
96.430000000 -1.371925590485e-09
96.440000000 -1.373450721695e-09
96.450000000 -1.372134653394e-09
96.460000000 -1.373660001044e-09
96.470000000 -1.372343716302e-09
96.480000000 -1.373869280393e-09
96.490000000 -1.372552779211e-09
96.500000000 -1.374078559741e-09
96.510000000 -1.372761842119e-09
96.520000000 -1.374287839090e-09
96.530000000 -1.372970905028e-09
96.540000000 -1.374497118439e-09
96.550000000 -1.373179967937e-09
96.560000000 -1.374706397788e-09
96.570000000 -1.373389030845e-09
96.580000000 -1.374915677137e-09
96.590000000 -1.373598093754e-09
96.600000000 -1.375124956485e-09
96.610000000 -1.373807156662e-09
96.620000000 -1.375334235834e-09
96.630000000 -1.374016219571e-09
96.640000000 -1.375543515183e-09
96.650000000 -1.374225282480e-09
96.660000000 -1.375752794532e-09
96.670000000 -1.374434345388e-09
96.680000000 -1.375962073881e-09
96.690000000 -1.374643408297e-09
96.700000000 -1.376171353230e-09
96.710000000 -1.374852471206e-09
96.720000000 -1.376380632578e-09
96.730000000 -1.375061534114e-09
96.740000000 -1.376589911927e-09
96.750000000 -1.375270597023e-09
96.760000000 -1.376799191276e-09
96.770000000 -1.375479659931e-09
96.780000000 -1.377008470625e-09
96.790000000 -1.375688722840e-09
96.800000000 -1.377217749974e-09
96.810000000 -1.375897785749e-09
96.820000000 -1.377427029322e-09
96.830000000 -1.376106848657e-09
96.840000000 -1.377636308671e-09
96.850000000 -1.376315911566e-09
96.860000000 -1.377845588020e-09
96.870000000 -1.376524974474e-09
96.880000000 -1.378054867369e-09
96.890000000 -1.376734037383e-09
96.900000000 -1.378264146718e-09
96.910000000 -1.376943100292e-09
96.920000000 -1.378473426066e-09
96.930000000 -1.377152163200e-09
96.940000000 -1.378682705415e-09
96.950000000 -1.377361226109e-09
96.960000000 -1.378891984764e-09
96.970000000 -1.377570289017e-09
96.980000000 -1.379101264113e-09
96.990000000 -1.377779351926e-09
97.000000000 -1.379310543462e-09
97.010000000 -1.377988414835e-09
97.020000000 -1.379519822811e-09
97.030000000 -1.378197477743e-09
97.040000000 -1.379729102159e-09
97.050000000 -1.378406540652e-09
97.060000000 -1.379938381508e-09
97.070000000 -1.378615603560e-09
97.080000000 -1.380147660857e-09
97.090000000 -1.378824666469e-09
97.100000000 -1.380356940206e-09
97.110000000 -1.379033729378e-09
97.120000000 -1.380566219555e-09
97.130000000 -1.379242792286e-09
97.140000000 -1.380775498903e-09
97.150000000 -1.379451855195e-09
97.160000000 -1.380984778252e-09
97.170000000 -1.379660918104e-09
97.180000000 -1.381194057601e-09
97.190000000 -1.379869981012e-09
97.200000000 -1.381403336950e-09
97.210000000 -1.380079043921e-09
97.220000000 -1.381612616299e-09
97.230000000 -1.380288106829e-09
97.240000000 -1.381821895647e-09
97.250000000 -1.380497169738e-09
97.260000000 -1.382031174996e-09
97.270000000 -1.380706232647e-09
97.280000000 -1.382240454345e-09
97.290000000 -1.380915295555e-09
97.300000000 -1.382449733694e-09
97.310000000 -1.381124358464e-09
97.320000000 -1.382659013043e-09
97.330000000 -1.381333421372e-09
97.340000000 -1.382868292392e-09
97.350000000 -1.381542484281e-09
97.360000000 -1.383077571740e-09
97.370000000 -1.381751547190e-09
97.380000000 -1.383286851089e-09
97.390000000 -1.381960610098e-09
97.400000000 -1.383496130438e-09
97.410000000 -1.382169673007e-09
97.420000000 -1.383705409787e-09
97.430000000 -1.382378735915e-09
97.440000000 -1.383914689136e-09
97.450000000 -1.382587798824e-09
97.460000000 -1.384123968484e-09
97.470000000 -1.382796861733e-09
97.480000000 -1.384333247833e-09
97.490000000 -1.383005924641e-09
97.500000000 -1.384542527182e-09
97.510000000 -1.383214987550e-09
97.520000000 -1.384751806531e-09
97.530000000 -1.383424050458e-09
97.540000000 -1.384961085880e-09
97.550000000 -1.383633113367e-09
97.560000000 -1.385170365228e-09
97.570000000 -1.383842176276e-09
97.580000000 -1.385379644577e-09
97.590000000 -1.384051239184e-09
97.600000000 -1.385588923926e-09
97.610000000 -1.384260302093e-09
97.620000000 -1.385798203275e-09
97.630000000 -1.384469365002e-09
97.640000000 -1.386007482624e-09
97.650000000 -1.384678427910e-09
97.660000000 -1.386216761973e-09
97.670000000 -1.384887490819e-09
97.680000000 -1.386426041321e-09
97.690000000 -1.385096553727e-09
97.700000000 -1.386635320670e-09
97.710000000 -1.385305616636e-09
97.720000000 -1.386844600019e-09
97.730000000 -1.385514679545e-09
97.740000000 -1.387053879368e-09
97.750000000 -1.385723742453e-09
97.760000000 -1.387263158717e-09
97.770000000 -1.385932805362e-09
97.780000000 -1.387472438065e-09
97.790000000 -1.386141868270e-09
97.800000000 -1.387681717414e-09
97.810000000 -1.386350931179e-09
97.820000000 -1.387890996763e-09
97.830000000 -1.386559994088e-09
97.840000000 -1.388100276112e-09
97.850000000 -1.386769056996e-09
97.860000000 -1.388309555461e-09
97.870000000 -1.386978119905e-09
97.880000000 -1.388518834809e-09
97.890000000 -1.387187182813e-09
97.900000000 -1.388728114158e-09
97.910000000 -1.387396245722e-09
97.920000000 -1.388937393507e-09
97.930000000 -1.387605308631e-09
97.940000000 -1.389146672856e-09
97.950000000 -1.387814371539e-09
97.960000000 -1.389355952205e-09
97.970000000 -1.388023434448e-09
97.980000000 -1.389565231554e-09
97.990000000 -1.388232497356e-09
98.000000000 -1.389774510902e-09
98.010000000 -1.388441560265e-09
98.020000000 -1.389983790251e-09
98.030000000 -1.388650623174e-09
98.040000000 -1.390193069600e-09
98.050000000 -1.388859686082e-09
98.060000000 -1.390402348949e-09
98.070000000 -1.389068748991e-09
98.080000000 -1.390611628298e-09
98.090000000 -1.389277811900e-09
98.100000000 -1.390820907646e-09
98.110000000 -1.389486874808e-09
98.120000000 -1.391030186995e-09
98.130000000 -1.389695937717e-09
98.140000000 -1.391239466344e-09
98.150000000 -1.389905000625e-09
98.160000000 -1.391448745693e-09
98.170000000 -1.390114063534e-09
98.180000000 -1.391658025042e-09
98.190000000 -1.390323126443e-09
98.200000000 -1.391867304390e-09
98.210000000 -1.390532189351e-09
98.220000000 -1.392076583739e-09
98.230000000 -1.390741252260e-09
98.240000000 -1.392285863088e-09
98.250000000 -1.390950315168e-09
98.260000000 -1.392495142437e-09
98.270000000 -1.391159378077e-09
98.280000000 -1.392704421786e-09
98.290000000 -1.391368440986e-09
98.300000000 -1.392913701135e-09
98.310000000 -1.391577503894e-09
98.320000000 -1.393122980483e-09
98.330000000 -1.391786566803e-09
98.340000000 -1.393332259832e-09
98.350000000 -1.391995629711e-09
98.360000000 -1.393541539181e-09
98.370000000 -1.392204692620e-09
98.380000000 -1.393750818530e-09
98.390000000 -1.392413755529e-09
98.400000000 -1.393960097879e-09
98.410000000 -1.392622818437e-09
98.420000000 -1.394169377227e-09
98.430000000 -1.392831881346e-09
98.440000000 -1.394378656576e-09
98.450000000 -1.393040944254e-09
98.460000000 -1.394587935925e-09
98.470000000 -1.393250007163e-09
98.480000000 -1.394797215274e-09
98.490000000 -1.393459070072e-09
98.500000000 -1.395006494623e-09
98.510000000 -1.393668132980e-09
98.520000000 -1.395215773971e-09
98.530000000 -1.393877195889e-09
98.540000000 -1.395425053320e-09
98.550000000 -1.394086258798e-09
98.560000000 -1.395634332669e-09
98.570000000 -1.394295321706e-09
98.580000000 -1.395843612018e-09
98.590000000 -1.394504384615e-09
98.600000000 -1.396052891367e-09
98.610000000 -1.394713447523e-09
98.620000000 -1.396262170716e-09
98.630000000 -1.394922510432e-09
98.640000000 -1.396471450064e-09
98.650000000 -1.395131573341e-09
98.660000000 -1.396680729413e-09
98.670000000 -1.395340636249e-09
98.680000000 -1.396890008762e-09
98.690000000 -1.395549699158e-09
98.700000000 -1.397099288111e-09
98.710000000 -1.395758762066e-09
98.720000000 -1.397308567460e-09
98.730000000 -1.395967824975e-09
98.740000000 -1.397517846808e-09
98.750000000 -1.396176887884e-09
98.760000000 -1.397727126157e-09
98.770000000 -1.396385950792e-09
98.780000000 -1.397936405506e-09
98.790000000 -1.396595013701e-09
98.800000000 -1.398145684855e-09
98.810000000 -1.396804076609e-09
98.820000000 -1.398354964204e-09
98.830000000 -1.397013139518e-09
98.840000000 -1.398564243552e-09
98.850000000 -1.397222202427e-09
98.860000000 -1.398773522901e-09
98.870000000 -1.397431265335e-09
98.880000000 -1.398982802250e-09
98.890000000 -1.397640328244e-09
98.900000000 -1.399192081599e-09
98.910000000 -1.397849391152e-09
98.920000000 -1.399401360948e-09
98.930000000 -1.398058454061e-09
98.940000000 -1.399610640297e-09
98.950000000 -1.398267516970e-09
98.960000000 -1.399819919645e-09
98.970000000 -1.398476579878e-09
98.980000000 -1.400029198994e-09
98.990000000 -1.398685642787e-09
99.000000000 -1.400238478343e-09
99.010000000 -1.398894705696e-09
99.020000000 -1.400447757692e-09
99.030000000 -1.399103768604e-09
99.040000000 -1.400657037041e-09
99.050000000 -1.399312831513e-09
99.060000000 -1.400866316389e-09
99.070000000 -1.399521894421e-09
99.080000000 -1.401075595738e-09
99.090000000 -1.399730957330e-09
99.100000000 -1.401284875087e-09
99.110000000 -1.399940020239e-09
99.120000000 -1.401494154436e-09
99.130000000 -1.400149083147e-09
99.140000000 -1.401703433785e-09
99.150000000 -1.400358146056e-09
99.160000000 -1.401912713133e-09
99.170000000 -1.400567208964e-09
99.180000000 -1.402121992482e-09
99.190000000 -1.400776271873e-09
99.200000000 -1.402331271831e-09
99.210000000 -1.400985334782e-09
99.220000000 -1.402540551180e-09
99.230000000 -1.401194397690e-09
99.240000000 -1.402749830529e-09
99.250000000 -1.401403460599e-09
99.260000000 -1.402959109878e-09
99.270000000 -1.401612523507e-09
99.280000000 -1.403168389226e-09
99.290000000 -1.401821586416e-09
99.300000000 -1.403377668575e-09
99.310000000 -1.402030649325e-09
99.320000000 -1.403586947924e-09
99.330000000 -1.402239712233e-09
99.340000000 -1.403796227273e-09
99.350000000 -1.402448775142e-09
99.360000000 -1.404005506622e-09
99.370000000 -1.402657838050e-09
99.380000000 -1.404214785970e-09
99.390000000 -1.402866900959e-09
99.400000000 -1.404424065319e-09
99.410000000 -1.403075963868e-09
99.420000000 -1.404633344668e-09
99.430000000 -1.403285026776e-09
99.440000000 -1.404842624017e-09
99.450000000 -1.403494089685e-09
99.460000000 -1.405051903366e-09
99.470000000 -1.403703152594e-09
99.480000000 -1.405261182714e-09
99.490000000 -1.403912215502e-09
99.500000000 -1.405470462063e-09
99.510000000 -1.404121278411e-09
99.520000000 -1.405679741412e-09
99.530000000 -1.404330341319e-09
99.540000000 -1.405889020761e-09
99.550000000 -1.404539404228e-09
99.560000000 -1.406098300110e-09
99.570000000 -1.404748467137e-09
99.580000000 -1.406307579459e-09
99.590000000 -1.404957530045e-09
99.600000000 -1.406516858807e-09
99.610000000 -1.405166592954e-09
99.620000000 -1.406726138156e-09
99.630000000 -1.405375655862e-09
99.640000000 -1.406935417505e-09
99.650000000 -1.405584718771e-09
99.660000000 -1.407144696854e-09
99.670000000 -1.405793781680e-09
99.680000000 -1.407353976203e-09
99.690000000 -1.406002844588e-09
99.700000000 -1.407563255551e-09
99.710000000 -1.406211907497e-09
99.720000000 -1.407772534900e-09
99.730000000 -1.406420970405e-09
99.740000000 -1.407981814249e-09
99.750000000 -1.406630033314e-09
99.760000000 -1.408191093598e-09
99.770000000 -1.406839096223e-09
99.780000000 -1.408400372947e-09
99.790000000 -1.407048159131e-09
99.800000000 -1.408609652295e-09
99.810000000 -1.407257222040e-09
99.820000000 -1.408818931644e-09
99.830000000 -1.407466284948e-09
99.840000000 -1.409028210993e-09
99.850000000 -1.407675347857e-09
99.860000000 -1.409237490342e-09
99.870000000 -1.407884410766e-09
99.880000000 -1.409446769691e-09
99.890000000 -1.408093473674e-09
99.900000000 -1.409656049040e-09
99.910000000 -1.408302536583e-09
99.920000000 -1.409865328388e-09
99.930000000 -1.408511599492e-09
99.940000000 -1.410074607737e-09
99.950000000 -1.408720662400e-09
99.960000000 -1.410283887086e-09
99.970000000 -1.408929725309e-09
99.980000000 -1.410493166435e-09
99.990000000 -1.409138788217e-09
100.000000000 -1.410702445784e-09
100.010000000 -1.409347851126e-09
100.020000000 -1.410911725132e-09
100.030000000 -1.409556914035e-09
100.040000000 -1.411121004481e-09
100.050000000 -1.409765976943e-09
100.060000000 -1.411330283830e-09
100.070000000 -1.409975039852e-09
100.080000000 -1.411539563179e-09
100.090000000 -1.410184102760e-09
100.100000000 -1.411748842528e-09
100.110000000 -1.410393165669e-09
100.120000000 -1.411958121876e-09
100.130000000 -1.410602228578e-09
100.140000000 -1.412167401225e-09
100.150000000 -1.410811291486e-09
100.160000000 -1.412376680574e-09
100.170000000 -1.411020354395e-09
100.180000000 -1.412585959923e-09
100.190000000 -1.411229417303e-09
100.200000000 -1.412795239272e-09
100.210000000 -1.411438480212e-09
100.220000000 -1.413004518621e-09
100.230000000 -1.411647543121e-09
100.240000000 -1.413213797969e-09
100.250000000 -1.411856606029e-09
100.260000000 -1.413423077318e-09
100.270000000 -1.412065668938e-09
100.280000000 -1.413632356667e-09
100.290000000 -1.412274731846e-09
100.300000000 -1.413841636016e-09
100.310000000 -1.412483794755e-09
100.320000000 -1.414050915365e-09
100.330000000 -1.412692857664e-09
100.340000000 -1.414260194713e-09
100.350000000 -1.412901920572e-09
100.360000000 -1.414469474062e-09
100.370000000 -1.413110983481e-09
100.380000000 -1.414678753411e-09
100.390000000 -1.413320046390e-09
100.400000000 -1.414888032760e-09
100.410000000 -1.413529109298e-09
100.420000000 -1.415097312109e-09
100.430000000 -1.413738172207e-09
100.440000000 -1.415306591457e-09
100.450000000 -1.413947235115e-09
100.460000000 -1.415515870806e-09
100.470000000 -1.414156298024e-09
100.480000000 -1.415725150155e-09
100.490000000 -1.414365360933e-09
100.500000000 -1.415934429504e-09
100.510000000 -1.414574423841e-09
100.520000000 -1.416143708853e-09
100.530000000 -1.414783486750e-09
100.540000000 -1.416352988202e-09
100.550000000 -1.414992549658e-09
100.560000000 -1.416562267550e-09
100.570000000 -1.415201612567e-09
100.580000000 -1.416771546899e-09
100.590000000 -1.415410675476e-09
100.600000000 -1.416980826248e-09
100.610000000 -1.415619738384e-09
100.620000000 -1.417190105597e-09
100.630000000 -1.415828801293e-09
100.640000000 -1.417399384946e-09
100.650000000 -1.416037864201e-09
100.660000000 -1.417608664294e-09
100.670000000 -1.416246927110e-09
100.680000000 -1.417817943643e-09
100.690000000 -1.416455990019e-09
100.700000000 -1.418027222992e-09
100.710000000 -1.416665052927e-09
100.720000000 -1.418236502341e-09
100.730000000 -1.416874115836e-09
100.740000000 -1.418445781690e-09
100.750000000 -1.417083178744e-09
100.760000000 -1.418655061038e-09
100.770000000 -1.417292241653e-09
100.780000000 -1.418864340387e-09
100.790000000 -1.417501304562e-09
100.800000000 -1.419073619736e-09
100.810000000 -1.417710367470e-09
100.820000000 -1.419282899085e-09
100.830000000 -1.417919430379e-09
100.840000000 -1.419492178434e-09
100.850000000 -1.418128493288e-09
100.860000000 -1.419701457783e-09
100.870000000 -1.418337556196e-09
100.880000000 -1.419910737131e-09
100.890000000 -1.418546619105e-09
100.900000000 -1.420120016480e-09
100.910000000 -1.418755682013e-09
100.920000000 -1.420329295829e-09
100.930000000 -1.418964744922e-09
100.940000000 -1.420538575178e-09
100.950000000 -1.419173807831e-09
100.960000000 -1.420747854527e-09
100.970000000 -1.419382870739e-09
100.980000000 -1.420957133875e-09
100.990000000 -1.419591933648e-09
101.000000000 -1.421166413224e-09
101.010000000 -1.419800996556e-09
101.020000000 -1.421375692573e-09
101.030000000 -1.420010059465e-09
101.040000000 -1.421584971922e-09
101.050000000 -1.420219122374e-09
101.060000000 -1.421794251271e-09
101.070000000 -1.420428185282e-09
101.080000000 -1.422003530619e-09
101.090000000 -1.420637248191e-09
101.100000000 -1.422212809968e-09
101.110000000 -1.420846311099e-09
101.120000000 -1.422422089317e-09
101.130000000 -1.421055374008e-09
101.140000000 -1.422631368666e-09
101.150000000 -1.421264436917e-09
101.160000000 -1.422840648015e-09
101.170000000 -1.421473499825e-09
101.180000000 -1.423049927364e-09
101.190000000 -1.421682562734e-09
101.200000000 -1.423259206712e-09
101.210000000 -1.421891625642e-09
101.220000000 -1.423468486061e-09
101.230000000 -1.422100688551e-09
101.240000000 -1.423677765410e-09
101.250000000 -1.422309751460e-09
101.260000000 -1.423887044759e-09
101.270000000 -1.422518814368e-09
101.280000000 -1.424096324108e-09
101.290000000 -1.422727877277e-09
101.300000000 -1.424305603456e-09
101.310000000 -1.422936940186e-09
101.320000000 -1.424514882805e-09
101.330000000 -1.423146003094e-09
101.340000000 -1.424724162154e-09
101.350000000 -1.423355066003e-09
101.360000000 -1.424933441503e-09
101.370000000 -1.423564128911e-09
101.380000000 -1.425142720852e-09
101.390000000 -1.423773191820e-09
101.400000000 -1.425352000200e-09
101.410000000 -1.423982254729e-09
101.420000000 -1.425561279549e-09
101.430000000 -1.424191317637e-09
101.440000000 -1.425770558898e-09
101.450000000 -1.424400380546e-09
101.460000000 -1.425979838247e-09
101.470000000 -1.424609443454e-09
101.480000000 -1.426189117596e-09
101.490000000 -1.424818506363e-09
101.500000000 -1.426398396945e-09
101.510000000 -1.425027569272e-09
101.520000000 -1.426607676293e-09
101.530000000 -1.425236632180e-09
101.540000000 -1.426816955642e-09
101.550000000 -1.425445695089e-09
101.560000000 -1.427026234991e-09
101.570000000 -1.425654757997e-09
101.580000000 -1.427235514340e-09
101.590000000 -1.425863820906e-09
101.600000000 -1.427444793689e-09
101.610000000 -1.426072883815e-09
101.620000000 -1.427654073037e-09
101.630000000 -1.426281946723e-09
101.640000000 -1.427863352386e-09
101.650000000 -1.426491009632e-09
101.660000000 -1.428072631735e-09
101.670000000 -1.426700072540e-09
101.680000000 -1.428281911084e-09
101.690000000 -1.426909135449e-09
101.700000000 -1.428491190433e-09
101.710000000 -1.427118198358e-09
101.720000000 -1.428700469781e-09
101.730000000 -1.427327261266e-09
101.740000000 -1.428909749130e-09
101.750000000 -1.427536324175e-09
101.760000000 -1.429119028479e-09
101.770000000 -1.427745387084e-09
101.780000000 -1.429328307828e-09
101.790000000 -1.427954449992e-09
101.800000000 -1.429537587177e-09
101.810000000 -1.428163512901e-09
101.820000000 -1.429746866526e-09
101.830000000 -1.428372575809e-09
101.840000000 -1.429956145874e-09
101.850000000 -1.428581638718e-09
101.860000000 -1.430165425223e-09
101.870000000 -1.428790701627e-09
101.880000000 -1.430374704572e-09
101.890000000 -1.428999764535e-09
101.900000000 -1.430583983921e-09
101.910000000 -1.429208827444e-09
101.920000000 -1.430793263270e-09
101.930000000 -1.429417890352e-09
101.940000000 -1.431002542618e-09
101.950000000 -1.429626953261e-09
101.960000000 -1.431211821967e-09
101.970000000 -1.429836016170e-09
101.980000000 -1.431421101316e-09
101.990000000 -1.430045079078e-09
102.000000000 -1.431630380665e-09
102.010000000 -1.430254141987e-09
102.020000000 -1.431839660014e-09
102.030000000 -1.430463204895e-09
102.040000000 -1.432048939362e-09
102.050000000 -1.430672267804e-09
102.060000000 -1.432258218711e-09
102.070000000 -1.430881330713e-09
102.080000000 -1.432467498060e-09
102.090000000 -1.431090393621e-09
102.100000000 -1.432676777409e-09
102.110000000 -1.431299456530e-09
102.120000000 -1.432886056758e-09
102.130000000 -1.431508519438e-09
102.140000000 -1.433095336107e-09
102.150000000 -1.431717582347e-09
102.160000000 -1.433304615455e-09
102.170000000 -1.431926645256e-09
102.180000000 -1.433513894804e-09
102.190000000 -1.432135708164e-09
102.200000000 -1.433723174153e-09
102.210000000 -1.432344771073e-09
102.220000000 -1.433932453502e-09
102.230000000 -1.432553833982e-09
102.240000000 -1.434141732851e-09
102.250000000 -1.432762896890e-09
102.260000000 -1.434351012199e-09
102.270000000 -1.432971959799e-09
102.280000000 -1.434560291548e-09
102.290000000 -1.433181022707e-09
102.300000000 -1.434769570897e-09
102.310000000 -1.433390085616e-09
102.320000000 -1.434978850246e-09
102.330000000 -1.433599148525e-09
102.340000000 -1.435188129595e-09
102.350000000 -1.433808211433e-09
102.360000000 -1.435397408943e-09
102.370000000 -1.434017274342e-09
102.380000000 -1.435606688292e-09
102.390000000 -1.434226337250e-09
102.400000000 -1.435815967641e-09
102.410000000 -1.434435400159e-09
102.420000000 -1.436025246990e-09
102.430000000 -1.434644463068e-09
102.440000000 -1.436234526339e-09
102.450000000 -1.434853525976e-09
102.460000000 -1.436443805688e-09
102.470000000 -1.435062588885e-09
102.480000000 -1.436653085036e-09
102.490000000 -1.435271651793e-09
102.500000000 -1.436862364385e-09
102.510000000 -1.435480714702e-09
102.520000000 -1.437071643734e-09
102.530000000 -1.435689777611e-09
102.540000000 -1.437280923083e-09
102.550000000 -1.435898840519e-09
102.560000000 -1.437490202432e-09
102.570000000 -1.436107903428e-09
102.580000000 -1.437699481780e-09
102.590000000 -1.436316966336e-09
102.600000000 -1.437908761129e-09
102.610000000 -1.436526029245e-09
102.620000000 -1.438118040478e-09
102.630000000 -1.436735092154e-09
102.640000000 -1.438327319827e-09
102.650000000 -1.436944155062e-09
102.660000000 -1.438536599176e-09
102.670000000 -1.437153217971e-09
102.680000000 -1.438745878524e-09
102.690000000 -1.437362280880e-09
102.700000000 -1.438955157873e-09
102.710000000 -1.437571343788e-09
102.720000000 -1.439164437222e-09
102.730000000 -1.437780406697e-09
102.740000000 -1.439373716571e-09
102.750000000 -1.437989469605e-09
102.760000000 -1.439582995920e-09
102.770000000 -1.438198532514e-09
102.780000000 -1.439792275269e-09
102.790000000 -1.438407595423e-09
102.800000000 -1.440001554617e-09
102.810000000 -1.438616658331e-09
102.820000000 -1.440210833966e-09
102.830000000 -1.438825721240e-09
102.840000000 -1.440420113315e-09
102.850000000 -1.439034784148e-09
102.860000000 -1.440629392664e-09
102.870000000 -1.439243847057e-09
102.880000000 -1.440838672013e-09
102.890000000 -1.439452909966e-09
102.900000000 -1.441047951361e-09
102.910000000 -1.439661972874e-09
102.920000000 -1.441257230710e-09
102.930000000 -1.439871035783e-09
102.940000000 -1.441466510059e-09
102.950000000 -1.440080098691e-09
102.960000000 -1.441675789408e-09
102.970000000 -1.440289161600e-09
102.980000000 -1.441885068757e-09
102.990000000 -1.440498224509e-09
103.000000000 -1.442094348105e-09
103.010000000 -1.440707287417e-09
103.020000000 -1.442303627454e-09
103.030000000 -1.440916350326e-09
103.040000000 -1.442512906803e-09
103.050000000 -1.441125413234e-09
103.060000000 -1.442722186152e-09
103.070000000 -1.441334476143e-09
103.080000000 -1.442931465501e-09
103.090000000 -1.441543539052e-09
103.100000000 -1.443140744850e-09
103.110000000 -1.441752601960e-09
103.120000000 -1.443350024198e-09
103.130000000 -1.441961664869e-09
103.140000000 -1.443559303547e-09
103.150000000 -1.442170727778e-09
103.160000000 -1.443768582896e-09
103.170000000 -1.442379790686e-09
103.180000000 -1.443977862245e-09
103.190000000 -1.442588853595e-09
103.200000000 -1.444187141594e-09
103.210000000 -1.442797916503e-09
103.220000000 -1.444396420942e-09
103.230000000 -1.443006979412e-09
103.240000000 -1.444605700291e-09
103.250000000 -1.443216042321e-09
103.260000000 -1.444814979640e-09
103.270000000 -1.443425105229e-09
103.280000000 -1.445024258989e-09
103.290000000 -1.443634168138e-09
103.300000000 -1.445233538338e-09
103.310000000 -1.443843231046e-09
103.320000000 -1.445442817686e-09
103.330000000 -1.444052293955e-09
103.340000000 -1.445652097035e-09
103.350000000 -1.444261356864e-09
103.360000000 -1.445861376384e-09
103.370000000 -1.444470419772e-09
103.380000000 -1.446070655733e-09
103.390000000 -1.444679482681e-09
103.400000000 -1.446279935082e-09
103.410000000 -1.444888545589e-09
103.420000000 -1.446489214431e-09
103.430000000 -1.445097608498e-09
103.440000000 -1.446698493779e-09
103.450000000 -1.445306671407e-09
103.460000000 -1.446907773128e-09
103.470000000 -1.445515734315e-09
103.480000000 -1.447117052477e-09
103.490000000 -1.445724797224e-09
103.500000000 -1.447326331826e-09
103.510000000 -1.445933860132e-09
103.520000000 -1.447535611175e-09
103.530000000 -1.446142923041e-09
103.540000000 -1.447744890523e-09
103.550000000 -1.446351985950e-09
103.560000000 -1.447954169872e-09
103.570000000 -1.446561048858e-09
103.580000000 -1.448163449221e-09
103.590000000 -1.446770111767e-09
103.600000000 -1.448372728570e-09
103.610000000 -1.446979174676e-09
103.620000000 -1.448582007919e-09
103.630000000 -1.447188237584e-09
103.640000000 -1.448791287267e-09
103.650000000 -1.447397300493e-09
103.660000000 -1.449000566616e-09
103.670000000 -1.447606363401e-09
103.680000000 -1.449209845965e-09
103.690000000 -1.447815426310e-09
103.700000000 -1.449419125314e-09
103.710000000 -1.448024489219e-09
103.720000000 -1.449628404663e-09
103.730000000 -1.448233552127e-09
103.740000000 -1.449837684012e-09
103.750000000 -1.448442615036e-09
103.760000000 -1.450046963360e-09
103.770000000 -1.448651677944e-09
103.780000000 -1.450256242709e-09
103.790000000 -1.448860740853e-09
103.800000000 -1.450465522058e-09
103.810000000 -1.449069803762e-09
103.820000000 -1.450674801407e-09
103.830000000 -1.449278866670e-09
103.840000000 -1.450884080756e-09
103.850000000 -1.449487929579e-09
103.860000000 -1.451093360104e-09
103.870000000 -1.449696992487e-09
103.880000000 -1.451302639453e-09
103.890000000 -1.449906055396e-09
103.900000000 -1.451511918802e-09
103.910000000 -1.450115118305e-09
103.920000000 -1.451721198151e-09
103.930000000 -1.450324181213e-09
103.940000000 -1.451930477500e-09
103.950000000 -1.450533244122e-09
103.960000000 -1.452139756848e-09
103.970000000 -1.450742307030e-09
103.980000000 -1.452349036197e-09
103.990000000 -1.450951369939e-09
104.000000000 -1.452558315546e-09
104.010000000 -1.451160432848e-09
104.020000000 -1.452767594895e-09
104.030000000 -1.451369495756e-09
104.040000000 -1.452976874244e-09
104.050000000 -1.451578558665e-09
104.060000000 -1.453186153593e-09
104.070000000 -1.451787621574e-09
104.080000000 -1.453395432941e-09
104.090000000 -1.451996684482e-09
104.100000000 -1.453604712290e-09
104.110000000 -1.452205747391e-09
104.120000000 -1.453813991639e-09
104.130000000 -1.452414810299e-09
104.140000000 -1.454023270988e-09
104.150000000 -1.452623873208e-09
104.160000000 -1.454232550337e-09
104.170000000 -1.452832936117e-09
104.180000000 -1.454441829685e-09
104.190000000 -1.453041999025e-09
104.200000000 -1.454651109034e-09
104.210000000 -1.453251061934e-09
104.220000000 -1.454860388383e-09
104.230000000 -1.453460124842e-09
104.240000000 -1.455069667732e-09
104.250000000 -1.453669187751e-09
104.260000000 -1.455278947081e-09
104.270000000 -1.453878250660e-09
104.280000000 -1.455488226429e-09
104.290000000 -1.454087313568e-09
104.300000000 -1.455697505778e-09
104.310000000 -1.454296376477e-09
104.320000000 -1.455906785127e-09
104.330000000 -1.454505439385e-09
104.340000000 -1.456116064476e-09
104.350000000 -1.454714502294e-09
104.360000000 -1.456325343825e-09
104.370000000 -1.454923565203e-09
104.380000000 -1.456534623174e-09
104.390000000 -1.455132628111e-09
104.400000000 -1.456743902522e-09
104.410000000 -1.455341691020e-09
104.420000000 -1.456953181871e-09
104.430000000 -1.455550753928e-09
104.440000000 -1.457162461220e-09
104.450000000 -1.455759816837e-09
104.460000000 -1.457371740569e-09
104.470000000 -1.455968879746e-09
104.480000000 -1.457581019918e-09
104.490000000 -1.456177942654e-09
104.500000000 -1.457790299266e-09
104.510000000 -1.456387005563e-09
104.520000000 -1.457999578615e-09
104.530000000 -1.456596068472e-09
104.540000000 -1.458208857964e-09
104.550000000 -1.456805131380e-09
104.560000000 -1.458418137313e-09
104.570000000 -1.457014194289e-09
104.580000000 -1.458627416662e-09
104.590000000 -1.457223257197e-09
104.600000000 -1.458836696010e-09
104.610000000 -1.457432320106e-09
104.620000000 -1.459045975359e-09
104.630000000 -1.457641383015e-09
104.640000000 -1.459255254708e-09
104.650000000 -1.457850445923e-09
104.660000000 -1.459464534057e-09
104.670000000 -1.458059508832e-09
104.680000000 -1.459673813406e-09
104.690000000 -1.458268571740e-09
104.700000000 -1.459883092755e-09
104.710000000 -1.458477634649e-09
104.720000000 -1.460092372103e-09
104.730000000 -1.458686697558e-09
104.740000000 -1.460301651452e-09
104.750000000 -1.458895760466e-09
104.760000000 -1.460510930801e-09
104.770000000 -1.459104823375e-09
104.780000000 -1.460720210150e-09
104.790000000 -1.459313886283e-09
104.800000000 -1.460929489499e-09
104.810000000 -1.459522949192e-09
104.820000000 -1.461138768847e-09
104.830000000 -1.459732012101e-09
104.840000000 -1.461348048196e-09
104.850000000 -1.459941075009e-09
104.860000000 -1.461557327545e-09
104.870000000 -1.460150137918e-09
104.880000000 -1.461766606894e-09
104.890000000 -1.460359200826e-09
104.900000000 -1.461975886243e-09
104.910000000 -1.460568263735e-09
104.920000000 -1.462185165591e-09
104.930000000 -1.460777326644e-09
104.940000000 -1.462394444940e-09
104.950000000 -1.460986389552e-09
104.960000000 -1.462603724289e-09
104.970000000 -1.461195452461e-09
104.980000000 -1.462813003638e-09
104.990000000 -1.461404515370e-09
105.000000000 -1.463022282987e-09
105.010000000 -1.461613578278e-09
105.020000000 -1.463231562336e-09
105.030000000 -1.461822641187e-09
105.040000000 -1.463440841684e-09
105.050000000 -1.462031704095e-09
105.060000000 -1.463650121033e-09
105.070000000 -1.462240767004e-09
105.080000000 -1.463859400382e-09
105.090000000 -1.462449829913e-09
105.100000000 -1.464068679731e-09
105.110000000 -1.462658892821e-09
105.120000000 -1.464277959080e-09
105.130000000 -1.462867955730e-09
105.140000000 -1.464487238428e-09
105.150000000 -1.463077018638e-09
105.160000000 -1.464696517777e-09
105.170000000 -1.463286081547e-09
105.180000000 -1.464905797126e-09
105.190000000 -1.463495144456e-09
105.200000000 -1.465115076475e-09
105.210000000 -1.463704207364e-09
105.220000000 -1.465324355824e-09
105.230000000 -1.463913270273e-09
105.240000000 -1.465533635173e-09
105.250000000 -1.464122333181e-09
105.260000000 -1.465742914521e-09
105.270000000 -1.464331396090e-09
105.280000000 -1.465952193870e-09
105.290000000 -1.464540458999e-09
105.300000000 -1.466161473219e-09
105.310000000 -1.464749521907e-09
105.320000000 -1.466370752568e-09
105.330000000 -1.464958584816e-09
105.340000000 -1.466580031917e-09
105.350000000 -1.465167647724e-09
105.360000000 -1.466789311265e-09
105.370000000 -1.465376710633e-09
105.380000000 -1.466998590614e-09
105.390000000 -1.465585773542e-09
105.400000000 -1.467207869963e-09
105.410000000 -1.465794836450e-09
105.420000000 -1.467417149312e-09
105.430000000 -1.466003899359e-09
105.440000000 -1.467626428661e-09
105.450000000 -1.466212962268e-09
105.460000000 -1.467835708009e-09
105.470000000 -1.466422025176e-09
105.480000000 -1.468044987358e-09
105.490000000 -1.466631088085e-09
105.500000000 -1.468254266707e-09
105.510000000 -1.466840150993e-09
105.520000000 -1.468463546056e-09
105.530000000 -1.467049213902e-09
105.540000000 -1.468672825405e-09
105.550000000 -1.467258276811e-09
105.560000000 -1.468882104754e-09
105.570000000 -1.467467339719e-09
105.580000000 -1.469091384102e-09
105.590000000 -1.467676402628e-09
105.600000000 -1.469300663451e-09
105.610000000 -1.467885465536e-09
105.620000000 -1.469509942800e-09
105.630000000 -1.468094528445e-09
105.640000000 -1.469719222149e-09
105.650000000 -1.468303591354e-09
105.660000000 -1.469928501498e-09
105.670000000 -1.468512654262e-09
105.680000000 -1.470137780846e-09
105.690000000 -1.468721717171e-09
105.700000000 -1.470347060195e-09
105.710000000 -1.468930780079e-09
105.720000000 -1.470556339544e-09
105.730000000 -1.469139842988e-09
105.740000000 -1.470765618893e-09
105.750000000 -1.469348905897e-09
105.760000000 -1.470974898242e-09
105.770000000 -1.469557968805e-09
105.780000000 -1.471184177590e-09
105.790000000 -1.469767031714e-09
105.800000000 -1.471393456939e-09
105.810000000 -1.469976094622e-09
105.820000000 -1.471602736288e-09
105.830000000 -1.470185157531e-09
105.840000000 -1.471812015637e-09
105.850000000 -1.470394220440e-09
105.860000000 -1.472021294986e-09
105.870000000 -1.470603283348e-09
105.880000000 -1.472230574335e-09
105.890000000 -1.470812346257e-09
105.900000000 -1.472439853683e-09
105.910000000 -1.471021409166e-09
105.920000000 -1.472649133032e-09
105.930000000 -1.471230472074e-09
105.940000000 -1.472858412381e-09
105.950000000 -1.471439534983e-09
105.960000000 -1.473067691730e-09
105.970000000 -1.471648597891e-09
105.980000000 -1.473276971079e-09
105.990000000 -1.471857660800e-09
106.000000000 -1.473486250427e-09
106.010000000 -1.472066723709e-09
106.020000000 -1.473695529776e-09
106.030000000 -1.472275786617e-09
106.040000000 -1.473904809125e-09
106.050000000 -1.472484849526e-09
106.060000000 -1.474114088474e-09
106.070000000 -1.472693912434e-09
106.080000000 -1.474323367823e-09
106.090000000 -1.472902975343e-09
106.100000000 -1.474532647171e-09
106.110000000 -1.473112038252e-09
106.120000000 -1.474741926520e-09
106.130000000 -1.473321101160e-09
106.140000000 -1.474951205869e-09
106.150000000 -1.473530164069e-09
106.160000000 -1.475160485218e-09
106.170000000 -1.473739226977e-09
106.180000000 -1.475369764567e-09
106.190000000 -1.473948289886e-09
106.200000000 -1.475579043916e-09
106.210000000 -1.474157352795e-09
106.220000000 -1.475788323264e-09
106.230000000 -1.474366415703e-09
106.240000000 -1.475997602613e-09
106.250000000 -1.474575478612e-09
106.260000000 -1.476206881962e-09
106.270000000 -1.474784541520e-09
106.280000000 -1.476416161311e-09
106.290000000 -1.474993604429e-09
106.300000000 -1.476625440660e-09
106.310000000 -1.475202667338e-09
106.320000000 -1.476834720008e-09
106.330000000 -1.475411730246e-09
106.340000000 -1.477043999357e-09
106.350000000 -1.475620793155e-09
106.360000000 -1.477253278706e-09
106.370000000 -1.475829856064e-09
106.380000000 -1.477462558055e-09
106.390000000 -1.476038918972e-09
106.400000000 -1.477671837404e-09
106.410000000 -1.476247981881e-09
106.420000000 -1.477881116752e-09
106.430000000 -1.476457044789e-09
106.440000000 -1.478090396101e-09
106.450000000 -1.476666107698e-09
106.460000000 -1.478299675450e-09
106.470000000 -1.476875170607e-09
106.480000000 -1.478508954799e-09
106.490000000 -1.477084233515e-09
106.500000000 -1.478718234148e-09
106.510000000 -1.477293296424e-09
106.520000000 -1.478927513497e-09
106.530000000 -1.477502359332e-09
106.540000000 -1.479136792845e-09
106.550000000 -1.477711422241e-09
106.560000000 -1.479346072194e-09
106.570000000 -1.477920485150e-09
106.580000000 -1.479555351543e-09
106.590000000 -1.478129548058e-09
106.600000000 -1.479764630892e-09
106.610000000 -1.478338610967e-09
106.620000000 -1.479973910241e-09
106.630000000 -1.478547673875e-09
106.640000000 -1.480183189589e-09
106.650000000 -1.478756736784e-09
106.660000000 -1.480392468938e-09
106.670000000 -1.478965799693e-09
106.680000000 -1.480601748287e-09
106.690000000 -1.479174862601e-09
106.700000000 -1.480811027636e-09
106.710000000 -1.479383925510e-09
106.720000000 -1.481020306985e-09
106.730000000 -1.479592988418e-09
106.740000000 -1.481229586333e-09
106.750000000 -1.479802051327e-09
106.760000000 -1.481438865682e-09
106.770000000 -1.480011114236e-09
106.780000000 -1.481648145031e-09
106.790000000 -1.480220177144e-09
106.800000000 -1.481857424380e-09
106.810000000 -1.480429240053e-09
106.820000000 -1.482066703729e-09
106.830000000 -1.480638302961e-09
106.840000000 -1.482275983078e-09
106.850000000 -1.480847365870e-09
106.860000000 -1.482485262426e-09
106.870000000 -1.481056428779e-09
106.880000000 -1.482694541775e-09
106.890000000 -1.481265491687e-09
106.900000000 -1.482903821124e-09
106.910000000 -1.481474554596e-09
106.920000000 -1.483113100473e-09
106.930000000 -1.481683617505e-09
106.940000000 -1.483322379822e-09
106.950000000 -1.481892680413e-09
106.960000000 -1.483531659170e-09
106.970000000 -1.482101743322e-09
106.980000000 -1.483740938519e-09
106.990000000 -1.482310806230e-09
107.000000000 -1.483950217868e-09
107.010000000 -1.482519869139e-09
107.020000000 -1.484159497217e-09
107.030000000 -1.482728932048e-09
107.040000000 -1.484368776566e-09
107.050000000 -1.482937994956e-09
107.060000000 -1.484578055914e-09
107.070000000 -1.483147057865e-09
107.080000000 -1.484787335263e-09
107.090000000 -1.483356120773e-09
107.100000000 -1.484996614612e-09
107.110000000 -1.483565183682e-09
107.120000000 -1.485205893961e-09
107.130000000 -1.483774246591e-09
107.140000000 -1.485415173310e-09
107.150000000 -1.483983309499e-09
107.160000000 -1.485624452659e-09
107.170000000 -1.484192372408e-09
107.180000000 -1.485833732007e-09
107.190000000 -1.484401435316e-09
107.200000000 -1.486043011356e-09
107.210000000 -1.484610498225e-09
107.220000000 -1.486252290705e-09
107.230000000 -1.484819561134e-09
107.240000000 -1.486461570054e-09
107.250000000 -1.485028624042e-09
107.260000000 -1.486670849403e-09
107.270000000 -1.485237686951e-09
107.280000000 -1.486880128751e-09
107.290000000 -1.485446749859e-09
107.300000000 -1.487089408100e-09
107.310000000 -1.485655812768e-09
107.320000000 -1.487298687449e-09
107.330000000 -1.485864875677e-09
107.340000000 -1.487507966798e-09
107.350000000 -1.486073938585e-09
107.360000000 -1.487717246147e-09
107.370000000 -1.486283001494e-09
107.380000000 -1.487926525495e-09
107.390000000 -1.486492064403e-09
107.400000000 -1.488135804844e-09
107.410000000 -1.486701127311e-09
107.420000000 -1.488345084193e-09
107.430000000 -1.486910190220e-09
107.440000000 -1.488554363542e-09
107.450000000 -1.487119253128e-09
107.460000000 -1.488763642891e-09
107.470000000 -1.487328316037e-09
107.480000000 -1.488972922240e-09
107.490000000 -1.487537378946e-09
107.500000000 -1.489182201588e-09
107.510000000 -1.487746441854e-09
107.520000000 -1.489391480937e-09
107.530000000 -1.487955504763e-09
107.540000000 -1.489600760286e-09
107.550000000 -1.488164567671e-09
107.560000000 -1.489810039635e-09
107.570000000 -1.488373630580e-09
107.580000000 -1.490019318984e-09
107.590000000 -1.488582693489e-09
107.600000000 -1.490228598332e-09
107.610000000 -1.488791756397e-09
107.620000000 -1.490437877681e-09
107.630000000 -1.489000819306e-09
107.640000000 -1.490647157030e-09
107.650000000 -1.489209882214e-09
107.660000000 -1.490856436379e-09
107.670000000 -1.489418945123e-09
107.680000000 -1.491065715728e-09
107.690000000 -1.489628008032e-09
107.700000000 -1.491274995076e-09
107.710000000 -1.489837070940e-09
107.720000000 -1.491484274425e-09
107.730000000 -1.490046133849e-09
107.740000000 -1.491693553774e-09
107.750000000 -1.490255196757e-09
107.760000000 -1.491902833123e-09
107.770000000 -1.490464259666e-09
107.780000000 -1.492112112472e-09
107.790000000 -1.490673322575e-09
107.800000000 -1.492321391821e-09
107.810000000 -1.490882385483e-09
107.820000000 -1.492530671169e-09
107.830000000 -1.491091448392e-09
107.840000000 -1.492739950518e-09
107.850000000 -1.491300511301e-09
107.860000000 -1.492949229867e-09
107.870000000 -1.491509574209e-09
107.880000000 -1.493158509216e-09
107.890000000 -1.491718637118e-09
107.900000000 -1.493367788565e-09
107.910000000 -1.491927700026e-09
107.920000000 -1.493577067913e-09
107.930000000 -1.492136762935e-09
107.940000000 -1.493786347262e-09
107.950000000 -1.492345825844e-09
107.960000000 -1.493995626611e-09
107.970000000 -1.492554888752e-09
107.980000000 -1.494204905960e-09
107.990000000 -1.492763951661e-09
108.000000000 -1.494414185309e-09
108.010000000 -1.492973014569e-09
108.020000000 -1.494623464657e-09
108.030000000 -1.493182077478e-09
108.040000000 -1.494832744006e-09
108.050000000 -1.493391140387e-09
108.060000000 -1.495042023355e-09
108.070000000 -1.493600203295e-09
108.080000000 -1.495251302704e-09
108.090000000 -1.493809266204e-09
108.100000000 -1.495460582053e-09
108.110000000 -1.494018329112e-09
108.120000000 -1.495669861402e-09
108.130000000 -1.494227392021e-09
108.140000000 -1.495879140750e-09
108.150000000 -1.494436454930e-09
108.160000000 -1.496088420099e-09
108.170000000 -1.494645517838e-09
108.180000000 -1.496297699448e-09
108.190000000 -1.494854580747e-09
108.200000000 -1.496506978797e-09
108.210000000 -1.495063643655e-09
108.220000000 -1.496716258146e-09
108.230000000 -1.495272706564e-09
108.240000000 -1.496925537494e-09
108.250000000 -1.495481769473e-09
108.260000000 -1.497134816843e-09
108.270000000 -1.495690832381e-09
108.280000000 -1.497344096192e-09
108.290000000 -1.495899895290e-09
108.300000000 -1.497553375541e-09
108.310000000 -1.496108958199e-09
108.320000000 -1.497762654890e-09
108.330000000 -1.496318021107e-09
108.340000000 -1.497971934238e-09
108.350000000 -1.496527084016e-09
108.360000000 -1.498181213587e-09
108.370000000 -1.496736146924e-09
108.380000000 -1.498390492936e-09
108.390000000 -1.496945209833e-09
108.400000000 -1.498599772285e-09
108.410000000 -1.497154272742e-09
108.420000000 -1.498809051634e-09
108.430000000 -1.497363335650e-09
108.440000000 -1.499018330983e-09
108.450000000 -1.497572398559e-09
108.460000000 -1.499227610331e-09
108.470000000 -1.497781461467e-09
108.480000000 -1.499436889680e-09
108.490000000 -1.497990524376e-09
108.500000000 -1.499646169029e-09
108.510000000 -1.498199587285e-09
108.520000000 -1.499855448378e-09
108.530000000 -1.498408650193e-09
108.540000000 -1.500064727727e-09
108.550000000 -1.498617713102e-09
108.560000000 -1.500274007075e-09
108.570000000 -1.498826776010e-09
108.580000000 -1.500483286424e-09
108.590000000 -1.499035838919e-09
108.600000000 -1.500692565773e-09
108.610000000 -1.499244901828e-09
108.620000000 -1.500901845122e-09
108.630000000 -1.499453964736e-09
108.640000000 -1.501111124471e-09
108.650000000 -1.499663027645e-09
108.660000000 -1.501320403819e-09
108.670000000 -1.499872090553e-09
108.680000000 -1.501529683168e-09
108.690000000 -1.500081153462e-09
108.700000000 -1.501738962517e-09
108.710000000 -1.500290216371e-09
108.720000000 -1.501948241866e-09
108.730000000 -1.500499279279e-09
108.740000000 -1.502157521215e-09
108.750000000 -1.500708342188e-09
108.760000000 -1.502366800564e-09
108.770000000 -1.500917405097e-09
108.780000000 -1.502576079912e-09
108.790000000 -1.501126468005e-09
108.800000000 -1.502785359261e-09
108.810000000 -1.501335530914e-09
108.820000000 -1.502994638610e-09
108.830000000 -1.501544593822e-09
108.840000000 -1.503203917959e-09
108.850000000 -1.501753656731e-09
108.860000000 -1.503413197308e-09
108.870000000 -1.501962719640e-09
108.880000000 -1.503622476656e-09
108.890000000 -1.502171782548e-09
108.900000000 -1.503831756005e-09
108.910000000 -1.502380845457e-09
108.920000000 -1.504041035354e-09
108.930000000 -1.502589908365e-09
108.940000000 -1.504250314703e-09
108.950000000 -1.502798971274e-09
108.960000000 -1.504459594052e-09
108.970000000 -1.503008034183e-09
108.980000000 -1.504668873400e-09
108.990000000 -1.503217097091e-09
109.000000000 -1.504878152749e-09
109.010000000 -1.503426160000e-09
109.020000000 -1.505087432098e-09
109.030000000 -1.503635222908e-09
109.040000000 -1.505296711447e-09
109.050000000 -1.503844285817e-09
109.060000000 -1.505505990796e-09
109.070000000 -1.504053348726e-09
109.080000000 -1.505715270145e-09
109.090000000 -1.504262411634e-09
109.100000000 -1.505924549493e-09
109.110000000 -1.504471474543e-09
109.120000000 -1.506133828842e-09
109.130000000 -1.504680537451e-09
109.140000000 -1.506343108191e-09
109.150000000 -1.504889600360e-09
109.160000000 -1.506552387540e-09
109.170000000 -1.505098663269e-09
109.180000000 -1.506761666889e-09
109.190000000 -1.505307726177e-09
109.200000000 -1.506970946237e-09
109.210000000 -1.505516789086e-09
109.220000000 -1.507180225586e-09
109.230000000 -1.505725851995e-09
109.240000000 -1.507389504935e-09
109.250000000 -1.505934914903e-09
109.260000000 -1.507598784284e-09
109.270000000 -1.506143977812e-09
109.280000000 -1.507808063633e-09
109.290000000 -1.506353040720e-09
109.300000000 -1.508017342981e-09
109.310000000 -1.506562103629e-09
109.320000000 -1.508226622330e-09
109.330000000 -1.506771166538e-09
109.340000000 -1.508435901679e-09
109.350000000 -1.506980229446e-09
109.360000000 -1.508645181028e-09
109.370000000 -1.507189292355e-09
109.380000000 -1.508854460377e-09
109.390000000 -1.507398355263e-09
109.400000000 -1.509063739726e-09
109.410000000 -1.507607418172e-09
109.420000000 -1.509273019074e-09
109.430000000 -1.507816481081e-09
109.440000000 -1.509482298423e-09
109.450000000 -1.508025543989e-09
109.460000000 -1.509691577772e-09
109.470000000 -1.508234606898e-09
109.480000000 -1.509900857121e-09
109.490000000 -1.508443669806e-09
109.500000000 -1.510110136470e-09
109.510000000 -1.508652732715e-09
109.520000000 -1.510319415818e-09
109.530000000 -1.508861795624e-09
109.540000000 -1.510528695167e-09
109.550000000 -1.509070858532e-09
109.560000000 -1.510737974516e-09
109.570000000 -1.509279921441e-09
109.580000000 -1.510947253865e-09
109.590000000 -1.509488984349e-09
109.600000000 -1.511156533214e-09
109.610000000 -1.509698047258e-09
109.620000000 -1.511365812562e-09
109.630000000 -1.509907110167e-09
109.640000000 -1.511575091911e-09
109.650000000 -1.510116173075e-09
109.660000000 -1.511784371260e-09
109.670000000 -1.510325235984e-09
109.680000000 -1.511993650609e-09
109.690000000 -1.510534298893e-09
109.700000000 -1.512202929958e-09
109.710000000 -1.510743361801e-09
109.720000000 -1.512412209307e-09
109.730000000 -1.510952424710e-09
109.740000000 -1.512621488655e-09
109.750000000 -1.511161487618e-09
109.760000000 -1.512830768004e-09
109.770000000 -1.511370550527e-09
109.780000000 -1.513040047353e-09
109.790000000 -1.511579613436e-09
109.800000000 -1.513249326702e-09
109.810000000 -1.511788676344e-09
109.820000000 -1.513458606051e-09
109.830000000 -1.511997739253e-09
109.840000000 -1.513667885399e-09
109.850000000 -1.512206802161e-09
109.860000000 -1.513877164748e-09
109.870000000 -1.512415865070e-09
109.880000000 -1.514086444097e-09
109.890000000 -1.512624927979e-09
109.900000000 -1.514295723446e-09
109.910000000 -1.512833990887e-09
109.920000000 -1.514505002795e-09
109.930000000 -1.513043053796e-09
109.940000000 -1.514714282143e-09
109.950000000 -1.513252116704e-09
109.960000000 -1.514923561492e-09
109.970000000 -1.513461179613e-09
109.980000000 -1.515132840841e-09
109.990000000 -1.513670242522e-09
110.000000000 -1.515342120190e-09
110.010000000 -1.513879305430e-09
110.020000000 -1.515551399539e-09
110.030000000 -1.514088368339e-09
110.040000000 -1.515760678888e-09
110.050000000 -1.514297431247e-09
110.060000000 -1.515969958236e-09
110.070000000 -1.514506494156e-09
110.080000000 -1.516179237585e-09
110.090000000 -1.514715557065e-09
110.100000000 -1.516388516934e-09
110.110000000 -1.514924619973e-09
110.120000000 -1.516597796283e-09
110.130000000 -1.515133682882e-09
110.140000000 -1.516807075632e-09
110.150000000 -1.515342745791e-09
110.160000000 -1.517016354980e-09
110.170000000 -1.515551808699e-09
110.180000000 -1.517225634329e-09
110.190000000 -1.515760871608e-09
110.200000000 -1.517434913678e-09
110.210000000 -1.515969934516e-09
110.220000000 -1.517644193027e-09
110.230000000 -1.516178997425e-09
110.240000000 -1.517853472376e-09
110.250000000 -1.516388060334e-09
110.260000000 -1.518062751724e-09
110.270000000 -1.516597123242e-09
110.280000000 -1.518272031073e-09
110.290000000 -1.516806186151e-09
110.300000000 -1.518481310422e-09
110.310000000 -1.517015249059e-09
110.320000000 -1.518690589771e-09
110.330000000 -1.517224311968e-09
110.340000000 -1.518899869120e-09
110.350000000 -1.517433374877e-09
110.360000000 -1.519109148469e-09
110.370000000 -1.517642437785e-09
110.380000000 -1.519318427817e-09
110.390000000 -1.517851500694e-09
110.400000000 -1.519527707166e-09
110.410000000 -1.518060563602e-09
110.420000000 -1.519736986515e-09
110.430000000 -1.518269626511e-09
110.440000000 -1.519946265864e-09
110.450000000 -1.518478689420e-09
110.460000000 -1.520155545213e-09
110.470000000 -1.518687752328e-09
110.480000000 -1.520364824561e-09
110.490000000 -1.518896815237e-09
110.500000000 -1.520574103910e-09
110.510000000 -1.519105878145e-09
110.520000000 -1.520783383259e-09
110.530000000 -1.519314941054e-09
110.540000000 -1.520992662608e-09
110.550000000 -1.519524003963e-09
110.560000000 -1.521201941957e-09
110.570000000 -1.519733066871e-09
110.580000000 -1.521411221305e-09
110.590000000 -1.519942129780e-09
110.600000000 -1.521620500654e-09
110.610000000 -1.520151192689e-09
110.620000000 -1.521829780003e-09
110.630000000 -1.520360255597e-09
110.640000000 -1.522039059352e-09
110.650000000 -1.520569318506e-09
110.660000000 -1.522248338701e-09
110.670000000 -1.520778381414e-09
110.680000000 -1.522457618050e-09
110.690000000 -1.520987444323e-09
110.700000000 -1.522666897398e-09
110.710000000 -1.521196507232e-09
110.720000000 -1.522876176747e-09
110.730000000 -1.521405570140e-09
110.740000000 -1.523085456096e-09
110.750000000 -1.521614633049e-09
110.760000000 -1.523294735445e-09
110.770000000 -1.521823695957e-09
110.780000000 -1.523504014794e-09
110.790000000 -1.522032758866e-09
110.800000000 -1.523713294142e-09
110.810000000 -1.522241821775e-09
110.820000000 -1.523922573491e-09
110.830000000 -1.522450884683e-09
110.840000000 -1.524131852840e-09
110.850000000 -1.522659947592e-09
110.860000000 -1.524341132189e-09
110.870000000 -1.522869010500e-09
110.880000000 -1.524550411538e-09
110.890000000 -1.523078073409e-09
110.900000000 -1.524759690886e-09
110.910000000 -1.523287136318e-09
110.920000000 -1.524968970235e-09
110.930000000 -1.523496199226e-09
110.940000000 -1.525178249584e-09
110.950000000 -1.523705262135e-09
110.960000000 -1.525387528933e-09
110.970000000 -1.523914325043e-09
110.980000000 -1.525596808282e-09
110.990000000 -1.524123387952e-09
111.000000000 -1.525806087631e-09
111.010000000 -1.524332450861e-09
111.020000000 -1.526015366979e-09
111.030000000 -1.524541513769e-09
111.040000000 -1.526224646328e-09
111.050000000 -1.524750576678e-09
111.060000000 -1.526433925677e-09
111.070000000 -1.524959639587e-09
111.080000000 -1.526643205026e-09
111.090000000 -1.525168702495e-09
111.100000000 -1.526852484375e-09
111.110000000 -1.525377765404e-09
111.120000000 -1.527061763723e-09
111.130000000 -1.525586828312e-09
111.140000000 -1.527271043072e-09
111.150000000 -1.525795891221e-09
111.160000000 -1.527480322421e-09
111.170000000 -1.526004954130e-09
111.180000000 -1.527689601770e-09
111.190000000 -1.526214017038e-09
111.200000000 -1.527898881119e-09
111.210000000 -1.526423079947e-09
111.220000000 -1.528108160467e-09
111.230000000 -1.526632142855e-09
111.240000000 -1.528317439816e-09
111.250000000 -1.526841205764e-09
111.260000000 -1.528526719165e-09
111.270000000 -1.527050268673e-09
111.280000000 -1.528735998514e-09
111.290000000 -1.527259331581e-09
111.300000000 -1.528945277863e-09
111.310000000 -1.527468394490e-09
111.320000000 -1.529154557212e-09
111.330000000 -1.527677457398e-09
111.340000000 -1.529363836560e-09
111.350000000 -1.527886520307e-09
111.360000000 -1.529573115909e-09
111.370000000 -1.528095583216e-09
111.380000000 -1.529782395258e-09
111.390000000 -1.528304646124e-09
111.400000000 -1.529991674607e-09
111.410000000 -1.528513709033e-09
111.420000000 -1.530200953956e-09
111.430000000 -1.528722771941e-09
111.440000000 -1.530410233304e-09
111.450000000 -1.528931834850e-09
111.460000000 -1.530619512653e-09
111.470000000 -1.529140897759e-09
111.480000000 -1.530828792002e-09
111.490000000 -1.529349960667e-09
111.500000000 -1.531038071351e-09
111.510000000 -1.529559023576e-09
111.520000000 -1.531247350700e-09
111.530000000 -1.529768086485e-09
111.540000000 -1.531456630048e-09
111.550000000 -1.529977149393e-09
111.560000000 -1.531665909397e-09
111.570000000 -1.530186212302e-09
111.580000000 -1.531875188746e-09
111.590000000 -1.530395275210e-09
111.600000000 -1.532084468095e-09
111.610000000 -1.530604338119e-09
111.620000000 -1.532293747444e-09
111.630000000 -1.530813401028e-09
111.640000000 -1.532503026793e-09
111.650000000 -1.531022463936e-09
111.660000000 -1.532712306141e-09
111.670000000 -1.531231526845e-09
111.680000000 -1.532921585490e-09
111.690000000 -1.531440589753e-09
111.700000000 -1.533130864839e-09
111.710000000 -1.531649652662e-09
111.720000000 -1.533340144188e-09
111.730000000 -1.531858715571e-09
111.740000000 -1.533549423537e-09
111.750000000 -1.532067778479e-09
111.760000000 -1.533758702885e-09
111.770000000 -1.532276841388e-09
111.780000000 -1.533967982234e-09
111.790000000 -1.532485904296e-09
111.800000000 -1.534177261583e-09
111.810000000 -1.532694967205e-09
111.820000000 -1.534386540932e-09
111.830000000 -1.532904030114e-09
111.840000000 -1.534595820281e-09
111.850000000 -1.533113093022e-09
111.860000000 -1.534805099629e-09
111.870000000 -1.533322155931e-09
111.880000000 -1.535014378978e-09
111.890000000 -1.533531218839e-09
111.900000000 -1.535223658327e-09
111.910000000 -1.533740281748e-09
111.920000000 -1.535432937676e-09
111.930000000 -1.533949344657e-09
111.940000000 -1.535642217025e-09
111.950000000 -1.534158407565e-09
111.960000000 -1.535851496374e-09
111.970000000 -1.534367470474e-09
111.980000000 -1.536060775722e-09
111.990000000 -1.534576533383e-09
112.000000000 -1.536270055071e-09
112.010000000 -1.534785596291e-09
112.020000000 -1.536479334420e-09
112.030000000 -1.534994659200e-09
112.040000000 -1.536688613769e-09
112.050000000 -1.535203722108e-09
112.060000000 -1.536897893118e-09
112.070000000 -1.535412785017e-09
112.080000000 -1.537107172466e-09
112.090000000 -1.535621847926e-09
112.100000000 -1.537316451815e-09
112.110000000 -1.535830910834e-09
112.120000000 -1.537525731164e-09
112.130000000 -1.536039973743e-09
112.140000000 -1.537735010513e-09
112.150000000 -1.536249036651e-09
112.160000000 -1.537944289862e-09
112.170000000 -1.536458099560e-09
112.180000000 -1.538153569210e-09
112.190000000 -1.536667162469e-09
112.200000000 -1.538362848559e-09
112.210000000 -1.536876225377e-09
112.220000000 -1.538572127908e-09
112.230000000 -1.537085288286e-09
112.240000000 -1.538781407257e-09
112.250000000 -1.537294351194e-09
112.260000000 -1.538990686606e-09
112.270000000 -1.537503414103e-09
112.280000000 -1.539199965955e-09
112.290000000 -1.537712477012e-09
112.300000000 -1.539409245303e-09
112.310000000 -1.537921539920e-09
112.320000000 -1.539618524652e-09
112.330000000 -1.538130602829e-09
112.340000000 -1.539827804001e-09
112.350000000 -1.538339665737e-09
112.360000000 -1.540037083350e-09
112.370000000 -1.538548728646e-09
112.380000000 -1.540246362699e-09
112.390000000 -1.538757791555e-09
112.400000000 -1.540455642047e-09
112.410000000 -1.538966854463e-09
112.420000000 -1.540664921396e-09
112.430000000 -1.539175917372e-09
112.440000000 -1.540874200745e-09
112.450000000 -1.539384980281e-09
112.460000000 -1.541083480094e-09
112.470000000 -1.539594043189e-09
112.480000000 -1.541292759443e-09
112.490000000 -1.539803106098e-09
112.500000000 -1.541502038791e-09
112.510000000 -1.540012169006e-09
112.520000000 -1.541711318140e-09
112.530000000 -1.540221231915e-09
112.540000000 -1.541920597489e-09
112.550000000 -1.540430294824e-09
112.560000000 -1.542129876838e-09
112.570000000 -1.540639357732e-09
112.580000000 -1.542339156187e-09
112.590000000 -1.540848420641e-09
112.600000000 -1.542548435536e-09
112.610000000 -1.541057483549e-09
112.620000000 -1.542757714884e-09
112.630000000 -1.541266546458e-09
112.640000000 -1.542966994233e-09
112.650000000 -1.541475609367e-09
112.660000000 -1.543176273582e-09
112.670000000 -1.541684672275e-09
112.680000000 -1.543385552931e-09
112.690000000 -1.541893735184e-09
112.700000000 -1.543594832280e-09
112.710000000 -1.542102798092e-09
112.720000000 -1.543804111628e-09
112.730000000 -1.542311861001e-09
112.740000000 -1.544013390977e-09
112.750000000 -1.542520923910e-09
112.760000000 -1.544222670326e-09
112.770000000 -1.542729986818e-09
112.780000000 -1.544431949675e-09
112.790000000 -1.542939049727e-09
112.800000000 -1.544641229024e-09
112.810000000 -1.543148112635e-09
112.820000000 -1.544850508372e-09
112.830000000 -1.543357175544e-09
112.840000000 -1.545059787721e-09
112.850000000 -1.543566238453e-09
112.860000000 -1.545269067070e-09
112.870000000 -1.543775301361e-09
112.880000000 -1.545478346419e-09
112.890000000 -1.543984364270e-09
112.900000000 -1.545687625768e-09
112.910000000 -1.544193427179e-09
112.920000000 -1.545896905117e-09
112.930000000 -1.544402490087e-09
112.940000000 -1.546106184465e-09
112.950000000 -1.544611552996e-09
112.960000000 -1.546315463814e-09
112.970000000 -1.544820615904e-09
112.980000000 -1.546524743163e-09
112.990000000 -1.545029678813e-09
113.000000000 -1.546734022512e-09
113.010000000 -1.545238741722e-09
113.020000000 -1.546943301861e-09
113.030000000 -1.545447804630e-09
113.040000000 -1.547152581209e-09
113.050000000 -1.545656867539e-09
113.060000000 -1.547361860558e-09
113.070000000 -1.545865930447e-09
113.080000000 -1.547571139907e-09
113.090000000 -1.546074993356e-09
113.100000000 -1.547780419256e-09
113.110000000 -1.546284056265e-09
113.120000000 -1.547989698605e-09
113.130000000 -1.546493119173e-09
113.140000000 -1.548198977953e-09
113.150000000 -1.546702182082e-09
113.160000000 -1.548408257302e-09
113.170000000 -1.546911244990e-09
113.180000000 -1.548617536651e-09
113.190000000 -1.547120307899e-09
113.200000000 -1.548826816000e-09
113.210000000 -1.547329370808e-09
113.220000000 -1.549036095349e-09
113.230000000 -1.547538433716e-09
113.240000000 -1.549245374698e-09
113.250000000 -1.547747496625e-09
113.260000000 -1.549454654046e-09
113.270000000 -1.547956559533e-09
113.280000000 -1.549663933395e-09
113.290000000 -1.548165622442e-09
113.300000000 -1.549873212744e-09
113.310000000 -1.548374685351e-09
113.320000000 -1.550082492093e-09
113.330000000 -1.548583748259e-09
113.340000000 -1.550291771442e-09
113.350000000 -1.548792811168e-09
113.360000000 -1.550501050790e-09
113.370000000 -1.549001874077e-09
113.380000000 -1.550710330139e-09
113.390000000 -1.549210936985e-09
113.400000000 -1.550919609488e-09
113.410000000 -1.549419999894e-09
113.420000000 -1.551128888837e-09
113.430000000 -1.549629062802e-09
113.440000000 -1.551338168186e-09
113.450000000 -1.549838125711e-09
113.460000000 -1.551547447535e-09
113.470000000 -1.550047188620e-09
113.480000000 -1.551756726883e-09
113.490000000 -1.550256251528e-09
113.500000000 -1.551966006232e-09
113.510000000 -1.550465314437e-09
113.520000000 -1.552175285581e-09
113.530000000 -1.550674377345e-09
113.540000000 -1.552384564930e-09
113.550000000 -1.550883440254e-09
113.560000000 -1.552593844279e-09
113.570000000 -1.551092503163e-09
113.580000000 -1.552803123627e-09
113.590000000 -1.551301566071e-09
113.600000000 -1.553012402976e-09
113.610000000 -1.551510628980e-09
113.620000000 -1.553221682325e-09
113.630000000 -1.551719691888e-09
113.640000000 -1.553430961674e-09
113.650000000 -1.551928754797e-09
113.660000000 -1.553640241023e-09
113.670000000 -1.552137817706e-09
113.680000000 -1.553849520371e-09
113.690000000 -1.552346880614e-09
113.700000000 -1.554058799720e-09
113.710000000 -1.552555943523e-09
113.720000000 -1.554268079069e-09
113.730000000 -1.552765006431e-09
113.740000000 -1.554477358418e-09
113.750000000 -1.552974069340e-09
113.760000000 -1.554686637767e-09
113.770000000 -1.553183132249e-09
113.780000000 -1.554895917116e-09
113.790000000 -1.553392195157e-09
113.800000000 -1.555105196464e-09
113.810000000 -1.553601258066e-09
113.820000000 -1.555314475813e-09
113.830000000 -1.553810320975e-09
113.840000000 -1.555523755162e-09
113.850000000 -1.554019383883e-09
113.860000000 -1.555733034511e-09
113.870000000 -1.554228446792e-09
113.880000000 -1.555942313860e-09
113.890000000 -1.554437509700e-09
113.900000000 -1.556151593208e-09
113.910000000 -1.554646572609e-09
113.920000000 -1.556360872557e-09
113.930000000 -1.554855635518e-09
113.940000000 -1.556570151906e-09
113.950000000 -1.555064698426e-09
113.960000000 -1.556779431255e-09
113.970000000 -1.555273761335e-09
113.980000000 -1.556988710604e-09
113.990000000 -1.555482824243e-09
114.000000000 -1.557197989952e-09
114.010000000 -1.555691887152e-09
114.020000000 -1.557407269301e-09
114.030000000 -1.555900950061e-09
114.040000000 -1.557616548650e-09
114.050000000 -1.556110012969e-09
114.060000000 -1.557825827999e-09
114.070000000 -1.556319075878e-09
114.080000000 -1.558035107348e-09
114.090000000 -1.556528138786e-09
114.100000000 -1.558244386697e-09
114.110000000 -1.556737201695e-09
114.120000000 -1.558453666045e-09
114.130000000 -1.556946264604e-09
114.140000000 -1.558662945394e-09
114.150000000 -1.557155327512e-09
114.160000000 -1.558872224743e-09
114.170000000 -1.557364390421e-09
114.180000000 -1.559081504092e-09
114.190000000 -1.557573453329e-09
114.200000000 -1.559290783441e-09
114.210000000 -1.557782516238e-09
114.220000000 -1.559500062789e-09
114.230000000 -1.557991579147e-09
114.240000000 -1.559709342138e-09
114.250000000 -1.558200642055e-09
114.260000000 -1.559918621487e-09
114.270000000 -1.558409704964e-09
114.280000000 -1.560127900836e-09
114.290000000 -1.558618767873e-09
114.300000000 -1.560337180185e-09
114.310000000 -1.558827830781e-09
114.320000000 -1.560546459533e-09
114.330000000 -1.559036893690e-09
114.340000000 -1.560755738882e-09
114.350000000 -1.559245956598e-09
114.360000000 -1.560965018231e-09
114.370000000 -1.559455019507e-09
114.380000000 -1.561174297580e-09
114.390000000 -1.559664082416e-09
114.400000000 -1.561383576929e-09
114.410000000 -1.559873145324e-09
114.420000000 -1.561592856278e-09
114.430000000 -1.560082208233e-09
114.440000000 -1.561802135626e-09
114.450000000 -1.560291271141e-09
114.460000000 -1.562011414975e-09
114.470000000 -1.560500334050e-09
114.480000000 -1.562220694324e-09
114.490000000 -1.560709396959e-09
114.500000000 -1.562429973673e-09
114.510000000 -1.560918459867e-09
114.520000000 -1.562639253022e-09
114.530000000 -1.561127522776e-09
114.540000000 -1.562848532370e-09
114.550000000 -1.561336585684e-09
114.560000000 -1.563057811719e-09
114.570000000 -1.561545648593e-09
114.580000000 -1.563267091068e-09
114.590000000 -1.561754711502e-09
114.600000000 -1.563476370417e-09
114.610000000 -1.561963774410e-09
114.620000000 -1.563685649766e-09
114.630000000 -1.562172837319e-09
114.640000000 -1.563894929114e-09
114.650000000 -1.562381900227e-09
114.660000000 -1.564104208463e-09
114.670000000 -1.562590963136e-09
114.680000000 -1.564313487812e-09
114.690000000 -1.562800026045e-09
114.700000000 -1.564522767161e-09
114.710000000 -1.563009088953e-09
114.720000000 -1.564732046510e-09
114.730000000 -1.563218151862e-09
114.740000000 -1.564941325859e-09
114.750000000 -1.563427214771e-09
114.760000000 -1.565150605207e-09
114.770000000 -1.563636277679e-09
114.780000000 -1.565359884556e-09
114.790000000 -1.563845340588e-09
114.800000000 -1.565569163905e-09
114.810000000 -1.564054403496e-09
114.820000000 -1.565778443254e-09
114.830000000 -1.564263466405e-09
114.840000000 -1.565987722603e-09
114.850000000 -1.564472529314e-09
114.860000000 -1.566197001951e-09
114.870000000 -1.564681592222e-09
114.880000000 -1.566406281300e-09
114.890000000 -1.564890655131e-09
114.900000000 -1.566615560649e-09
114.910000000 -1.565099718039e-09
114.920000000 -1.566824839998e-09
114.930000000 -1.565308780948e-09
114.940000000 -1.567034119347e-09
114.950000000 -1.565517843857e-09
114.960000000 -1.567243398695e-09
114.970000000 -1.565726906765e-09
114.980000000 -1.567452678044e-09
114.990000000 -1.565935969674e-09
115.000000000 -1.567661957393e-09
115.010000000 -1.566145032582e-09
115.020000000 -1.567871236742e-09
115.030000000 -1.566354095491e-09
115.040000000 -1.568080516091e-09
115.050000000 -1.566563158400e-09
115.060000000 -1.568289795440e-09
115.070000000 -1.566772221308e-09
115.080000000 -1.568499074788e-09
115.090000000 -1.566981284217e-09
115.100000000 -1.568708354137e-09
115.110000000 -1.567190347125e-09
115.120000000 -1.568917633486e-09
115.130000000 -1.567399410034e-09
115.140000000 -1.569126912835e-09
115.150000000 -1.567608472943e-09
115.160000000 -1.569336192184e-09
115.170000000 -1.567817535851e-09
115.180000000 -1.569545471532e-09
115.190000000 -1.568026598760e-09
115.200000000 -1.569754750881e-09
115.210000000 -1.568235661669e-09
115.220000000 -1.569964030230e-09
115.230000000 -1.568444724577e-09
115.240000000 -1.570173309579e-09
115.250000000 -1.568653787486e-09
115.260000000 -1.570382588928e-09
115.270000000 -1.568862850394e-09
115.280000000 -1.570591868276e-09
115.290000000 -1.569071913303e-09
115.300000000 -1.570801147625e-09
115.310000000 -1.569280976212e-09
115.320000000 -1.571010426974e-09
115.330000000 -1.569490039120e-09
115.340000000 -1.571219706323e-09
115.350000000 -1.569699102029e-09
115.360000000 -1.571428985672e-09
115.370000000 -1.569908164937e-09
115.380000000 -1.571638265021e-09
115.390000000 -1.570117227846e-09
115.400000000 -1.571847544369e-09
115.410000000 -1.570326290755e-09
115.420000000 -1.572056823718e-09
115.430000000 -1.570535353663e-09
115.440000000 -1.572266103067e-09
115.450000000 -1.570744416572e-09
115.460000000 -1.572475382416e-09
115.470000000 -1.570953479480e-09
115.480000000 -1.572684661765e-09
115.490000000 -1.571162542389e-09
115.500000000 -1.572893941113e-09
115.510000000 -1.571371605298e-09
115.520000000 -1.573103220462e-09
115.530000000 -1.571580668206e-09
115.540000000 -1.573312499811e-09
115.550000000 -1.571789731115e-09
115.560000000 -1.573521779160e-09
115.570000000 -1.571998794023e-09
115.580000000 -1.573731058509e-09
115.590000000 -1.572207856932e-09
115.600000000 -1.573940337857e-09
115.610000000 -1.572416919841e-09
115.620000000 -1.574149617206e-09
115.630000000 -1.572625982749e-09
115.640000000 -1.574358896555e-09
115.650000000 -1.572835045658e-09
115.660000000 -1.574568175904e-09
115.670000000 -1.573044108567e-09
115.680000000 -1.574777455253e-09
115.690000000 -1.573253171475e-09
115.700000000 -1.574986734602e-09
115.710000000 -1.573462234384e-09
115.720000000 -1.575196013950e-09
115.730000000 -1.573671297292e-09
115.740000000 -1.575405293299e-09
115.750000000 -1.573880360201e-09
115.760000000 -1.575614572648e-09
115.770000000 -1.574089423110e-09
115.780000000 -1.575823851997e-09
115.790000000 -1.574298486018e-09
115.800000000 -1.576033131346e-09
115.810000000 -1.574507548927e-09
115.820000000 -1.576242410694e-09
115.830000000 -1.574716611835e-09
115.840000000 -1.576451690043e-09
115.850000000 -1.574925674744e-09
115.860000000 -1.576660969392e-09
115.870000000 -1.575134737653e-09
115.880000000 -1.576870248741e-09
115.890000000 -1.575343800561e-09
115.900000000 -1.577079528090e-09
115.910000000 -1.575552863470e-09
115.920000000 -1.577288807438e-09
115.930000000 -1.575761926378e-09
115.940000000 -1.577498086787e-09
115.950000000 -1.575970989287e-09
115.960000000 -1.577707366136e-09
115.970000000 -1.576180052196e-09
115.980000000 -1.577916645485e-09
115.990000000 -1.576389115104e-09
116.000000000 -1.578125924834e-09
116.010000000 -1.576598178013e-09
116.020000000 -1.578335204183e-09
116.030000000 -1.576807240921e-09
116.040000000 -1.578544483531e-09
116.050000000 -1.577016303830e-09
116.060000000 -1.578753762880e-09
116.070000000 -1.577225366739e-09
116.080000000 -1.578963042229e-09
116.090000000 -1.577434429647e-09
116.100000000 -1.579172321578e-09
116.110000000 -1.577643492556e-09
116.120000000 -1.579381600927e-09
116.130000000 -1.577852555465e-09
116.140000000 -1.579590880275e-09
116.150000000 -1.578061618373e-09
116.160000000 -1.579800159624e-09
116.170000000 -1.578270681282e-09
116.180000000 -1.580009438973e-09
116.190000000 -1.578479744190e-09
116.200000000 -1.580218718322e-09
116.210000000 -1.578688807099e-09
116.220000000 -1.580427997671e-09
116.230000000 -1.578897870008e-09
116.240000000 -1.580637277019e-09
116.250000000 -1.579106932916e-09
116.260000000 -1.580846556368e-09
116.270000000 -1.579315995825e-09
116.280000000 -1.581055835717e-09
116.290000000 -1.579525058733e-09
116.300000000 -1.581265115066e-09
116.310000000 -1.579734121642e-09
116.320000000 -1.581474394415e-09
116.330000000 -1.579943184551e-09
116.340000000 -1.581683673764e-09
116.350000000 -1.580152247459e-09
116.360000000 -1.581892953112e-09
116.370000000 -1.580361310368e-09
116.380000000 -1.582102232461e-09
116.390000000 -1.580570373276e-09
116.400000000 -1.582311511810e-09
116.410000000 -1.580779436185e-09
116.420000000 -1.582520791159e-09
116.430000000 -1.580988499094e-09
116.440000000 -1.582730070508e-09
116.450000000 -1.581197562002e-09
116.460000000 -1.582939349856e-09
116.470000000 -1.581406624911e-09
116.480000000 -1.583148629205e-09
116.490000000 -1.581615687819e-09
116.500000000 -1.583357908554e-09
116.510000000 -1.581824750728e-09
116.520000000 -1.583567187903e-09
116.530000000 -1.582033813637e-09
116.540000000 -1.583776467252e-09
116.550000000 -1.582242876545e-09
116.560000000 -1.583985746600e-09
116.570000000 -1.582451939454e-09
116.580000000 -1.584195025949e-09
116.590000000 -1.582661002363e-09
116.600000000 -1.584404305298e-09
116.610000000 -1.582870065271e-09
116.620000000 -1.584613584647e-09
116.630000000 -1.583079128180e-09
116.640000000 -1.584822863996e-09
116.650000000 -1.583288191088e-09
116.660000000 -1.585032143345e-09
116.670000000 -1.583497253997e-09
116.680000000 -1.585241422693e-09
116.690000000 -1.583706316906e-09
116.700000000 -1.585450702042e-09
116.710000000 -1.583915379814e-09
116.720000000 -1.585659981391e-09
116.730000000 -1.584124442723e-09
116.740000000 -1.585869260740e-09
116.750000000 -1.584333505631e-09
116.760000000 -1.586078540089e-09
116.770000000 -1.584542568540e-09
116.780000000 -1.586287819437e-09
116.790000000 -1.584751631449e-09
116.800000000 -1.586497098786e-09
116.810000000 -1.584960694357e-09
116.820000000 -1.586706378135e-09
116.830000000 -1.585169757266e-09
116.840000000 -1.586915657484e-09
116.850000000 -1.585378820174e-09
116.860000000 -1.587124936833e-09
116.870000000 -1.585587883083e-09
116.880000000 -1.587334216181e-09
116.890000000 -1.585796945992e-09
116.900000000 -1.587543495530e-09
116.910000000 -1.586006008900e-09
116.920000000 -1.587752774879e-09
116.930000000 -1.586215071809e-09
116.940000000 -1.587962054228e-09
116.950000000 -1.586424134717e-09
116.960000000 -1.588171333577e-09
116.970000000 -1.586633197626e-09
116.980000000 -1.588380612926e-09
116.990000000 -1.586842260535e-09
117.000000000 -1.588589892274e-09
117.010000000 -1.587051323443e-09
117.020000000 -1.588799171623e-09
117.030000000 -1.587260386352e-09
117.040000000 -1.589008450972e-09
117.050000000 -1.587469449261e-09
117.060000000 -1.589217730321e-09
117.070000000 -1.587678512169e-09
117.080000000 -1.589427009670e-09
117.090000000 -1.587887575078e-09
117.100000000 -1.589636289018e-09
117.110000000 -1.588096637986e-09
117.120000000 -1.589845568367e-09
117.130000000 -1.588305700895e-09
117.140000000 -1.590054847716e-09
117.150000000 -1.588514763804e-09
117.160000000 -1.590264127065e-09
117.170000000 -1.588723826712e-09
117.180000000 -1.590473406414e-09
117.190000000 -1.588932889621e-09
117.200000000 -1.590682685762e-09
117.210000000 -1.589141952529e-09
117.220000000 -1.590891965111e-09
117.230000000 -1.589351015438e-09
117.240000000 -1.591101244460e-09
117.250000000 -1.589560078347e-09
117.260000000 -1.591310523809e-09
117.270000000 -1.589769141255e-09
117.280000000 -1.591519803158e-09
117.290000000 -1.589978204164e-09
117.300000000 -1.591729082507e-09
117.310000000 -1.590187267072e-09
117.320000000 -1.591938361855e-09
117.330000000 -1.590396329981e-09
117.340000000 -1.592147641204e-09
117.350000000 -1.590605392890e-09
117.360000000 -1.592356920553e-09
117.370000000 -1.590814455798e-09
117.380000000 -1.592566199902e-09
117.390000000 -1.591023518707e-09
117.400000000 -1.592775479251e-09
117.410000000 -1.591232581615e-09
117.420000000 -1.592984758599e-09
117.430000000 -1.591441644524e-09
117.440000000 -1.593194037948e-09
117.450000000 -1.591650707433e-09
117.460000000 -1.593403317297e-09
117.470000000 -1.591859770341e-09
117.480000000 -1.593612596646e-09
117.490000000 -1.592068833250e-09
117.500000000 -1.593821875995e-09
117.510000000 -1.592277896159e-09
117.520000000 -1.594031155343e-09
117.530000000 -1.592486959067e-09
117.540000000 -1.594240434692e-09
117.550000000 -1.592696021976e-09
117.560000000 -1.594449714041e-09
117.570000000 -1.592905084884e-09
117.580000000 -1.594658993390e-09
117.590000000 -1.593114147793e-09
117.600000000 -1.594868272739e-09
117.610000000 -1.593323210702e-09
117.620000000 -1.595077552088e-09
117.630000000 -1.593532273610e-09
117.640000000 -1.595286831436e-09
117.650000000 -1.593741336519e-09
117.660000000 -1.595496110785e-09
117.670000000 -1.593950399427e-09
117.680000000 -1.595705390134e-09
117.690000000 -1.594159462336e-09
117.700000000 -1.595914669483e-09
117.710000000 -1.594368525245e-09
117.720000000 -1.596123948832e-09
117.730000000 -1.594577588153e-09
117.740000000 -1.596333228180e-09
117.750000000 -1.594786651062e-09
117.760000000 -1.596542507529e-09
117.770000000 -1.594995713970e-09
117.780000000 -1.596751786878e-09
117.790000000 -1.595204776879e-09
117.800000000 -1.596961066227e-09
117.810000000 -1.595413839788e-09
117.820000000 -1.597170345576e-09
117.830000000 -1.595622902696e-09
117.840000000 -1.597379624924e-09
117.850000000 -1.595831965605e-09
117.860000000 -1.597588904273e-09
117.870000000 -1.596041028513e-09
117.880000000 -1.597798183622e-09
117.890000000 -1.596250091422e-09
117.900000000 -1.598007462971e-09
117.910000000 -1.596459154331e-09
117.920000000 -1.598216742320e-09
117.930000000 -1.596668217239e-09
117.940000000 -1.598426021669e-09
117.950000000 -1.596877280148e-09
117.960000000 -1.598635301017e-09
117.970000000 -1.597086343057e-09
117.980000000 -1.598844580366e-09
117.990000000 -1.597295405965e-09
118.000000000 -1.599053859715e-09
118.010000000 -1.597504468874e-09
118.020000000 -1.599263139064e-09
118.030000000 -1.597713531782e-09
118.040000000 -1.599472418413e-09
118.050000000 -1.597922594691e-09
118.060000000 -1.599681697761e-09
118.070000000 -1.598131657600e-09
118.080000000 -1.599890977110e-09
118.090000000 -1.598340720508e-09
118.100000000 -1.600100256459e-09
118.110000000 -1.598549783417e-09
118.120000000 -1.600309535808e-09
118.130000000 -1.598758846325e-09
118.140000000 -1.600518815157e-09
118.150000000 -1.598967909234e-09
118.160000000 -1.600728094505e-09
118.170000000 -1.599176972143e-09
118.180000000 -1.600937373854e-09
118.190000000 -1.599386035051e-09
118.200000000 -1.601146653203e-09
118.210000000 -1.599595097960e-09
118.220000000 -1.601355932552e-09
118.230000000 -1.599804160868e-09
118.240000000 -1.601565211901e-09
118.250000000 -1.600013223777e-09
118.260000000 -1.601774491250e-09
118.270000000 -1.600222286686e-09
118.280000000 -1.601983770598e-09
118.290000000 -1.600431349594e-09
118.300000000 -1.602193049947e-09
118.310000000 -1.600640412503e-09
118.320000000 -1.602402329296e-09
118.330000000 -1.600849475411e-09
118.340000000 -1.602611608645e-09
118.350000000 -1.601058538320e-09
118.360000000 -1.602820887994e-09
118.370000000 -1.601267601229e-09
118.380000000 -1.603030167342e-09
118.390000000 -1.601476664137e-09
118.400000000 -1.603239446691e-09
118.410000000 -1.601685727046e-09
118.420000000 -1.603448726040e-09
118.430000000 -1.601894789955e-09
118.440000000 -1.603658005389e-09
118.450000000 -1.602103852863e-09
118.460000000 -1.603867284738e-09
118.470000000 -1.602312915772e-09
118.480000000 -1.604076564086e-09
118.490000000 -1.602521978680e-09
118.500000000 -1.604285843435e-09
118.510000000 -1.602731041589e-09
118.520000000 -1.604495122784e-09
118.530000000 -1.602940104498e-09
118.540000000 -1.604704402133e-09
118.550000000 -1.603149167406e-09
118.560000000 -1.604913681482e-09
118.570000000 -1.603358230315e-09
118.580000000 -1.605122960831e-09
118.590000000 -1.603567293223e-09
118.600000000 -1.605332240179e-09
118.610000000 -1.603776356132e-09
118.620000000 -1.605541519528e-09
118.630000000 -1.603985419041e-09
118.640000000 -1.605750798877e-09
118.650000000 -1.604194481949e-09
118.660000000 -1.605960078226e-09
118.670000000 -1.604403544858e-09
118.680000000 -1.606169357575e-09
118.690000000 -1.604612607766e-09
118.700000000 -1.606378636923e-09
118.710000000 -1.604821670675e-09
118.720000000 -1.606587916272e-09
118.730000000 -1.605030733584e-09
118.740000000 -1.606797195621e-09
118.750000000 -1.605239796492e-09
118.760000000 -1.607006474970e-09
118.770000000 -1.605448859401e-09
118.780000000 -1.607215754319e-09
118.790000000 -1.605657922309e-09
118.800000000 -1.607425033667e-09
118.810000000 -1.605866985218e-09
118.820000000 -1.607634313016e-09
118.830000000 -1.606076048127e-09
118.840000000 -1.607843592365e-09
118.850000000 -1.606285111035e-09
118.860000000 -1.608052871714e-09
118.870000000 -1.606494173944e-09
118.880000000 -1.608262151063e-09
118.890000000 -1.606703236853e-09
118.900000000 -1.608471430412e-09
118.910000000 -1.606912299761e-09
118.920000000 -1.608680709760e-09
118.930000000 -1.607121362670e-09
118.940000000 -1.608889989109e-09
118.950000000 -1.607330425578e-09
118.960000000 -1.609099268458e-09
118.970000000 -1.607539488487e-09
118.980000000 -1.609308547807e-09
118.990000000 -1.607748551396e-09
119.000000000 -1.609517827156e-09
119.010000000 -1.607957614304e-09
119.020000000 -1.609727106504e-09
119.030000000 -1.608166677213e-09
119.040000000 -1.609936385853e-09
119.050000000 -1.608375740121e-09
119.060000000 -1.610145665202e-09
119.070000000 -1.608584803030e-09
119.080000000 -1.610354944551e-09
119.090000000 -1.608793865939e-09
119.100000000 -1.610564223900e-09
119.110000000 -1.609002928847e-09
119.120000000 -1.610773503248e-09
119.130000000 -1.609211991756e-09
119.140000000 -1.610982782597e-09
119.150000000 -1.609421054664e-09
119.160000000 -1.611192061946e-09
119.170000000 -1.609630117573e-09
119.180000000 -1.611401341295e-09
119.190000000 -1.609839180482e-09
119.200000000 -1.611610620644e-09
119.210000000 -1.610048243390e-09
119.220000000 -1.611819899993e-09
119.230000000 -1.610257306299e-09
119.240000000 -1.612029179341e-09
119.250000000 -1.610466369207e-09
119.260000000 -1.612238458690e-09
119.270000000 -1.610675432116e-09
119.280000000 -1.612447738039e-09
119.290000000 -1.610884495025e-09
119.300000000 -1.612657017388e-09
119.310000000 -1.611093557933e-09
119.320000000 -1.612866296737e-09
119.330000000 -1.611302620842e-09
119.340000000 -1.613075576085e-09
119.350000000 -1.611511683750e-09
119.360000000 -1.613284855434e-09
119.370000000 -1.611720746659e-09
119.380000000 -1.613494134783e-09
119.390000000 -1.611929809568e-09
119.400000000 -1.613703414132e-09
119.410000000 -1.612138872476e-09
119.420000000 -1.613912693481e-09
119.430000000 -1.612347935385e-09
119.440000000 -1.614121972829e-09
119.450000000 -1.612556998294e-09
119.460000000 -1.614331252178e-09
119.470000000 -1.612766061202e-09
119.480000000 -1.614540531527e-09
119.490000000 -1.612975124111e-09
119.500000000 -1.614749810876e-09
119.510000000 -1.613184187019e-09
119.520000000 -1.614959090225e-09
119.530000000 -1.613393249928e-09
119.540000000 -1.615168369574e-09
119.550000000 -1.613602312837e-09
119.560000000 -1.615377648922e-09
119.570000000 -1.613811375745e-09
119.580000000 -1.615586928271e-09
119.590000000 -1.614020438654e-09
119.600000000 -1.615796207620e-09
119.610000000 -1.614229501562e-09
119.620000000 -1.616005486969e-09
119.630000000 -1.614438564471e-09
119.640000000 -1.616214766318e-09
119.650000000 -1.614647627380e-09
119.660000000 -1.616424045666e-09
119.670000000 -1.614856690288e-09
119.680000000 -1.616633325015e-09
119.690000000 -1.615065753197e-09
119.700000000 -1.616842604364e-09
119.710000000 -1.615274816105e-09
119.720000000 -1.617051883713e-09
119.730000000 -1.615483879014e-09
119.740000000 -1.617261163062e-09
119.750000000 -1.615692941923e-09
119.760000000 -1.617470442410e-09
119.770000000 -1.615902004831e-09
119.780000000 -1.617679721759e-09
119.790000000 -1.616111067740e-09
119.800000000 -1.617889001108e-09
119.810000000 -1.616320130648e-09
119.820000000 -1.618098280457e-09
119.830000000 -1.616529193557e-09
119.840000000 -1.618307559806e-09
119.850000000 -1.616738256466e-09
119.860000000 -1.618516839155e-09
119.870000000 -1.616947319374e-09
119.880000000 -1.618726118503e-09
119.890000000 -1.617156382283e-09
119.900000000 -1.618935397852e-09
119.910000000 -1.617365445192e-09
119.920000000 -1.619144677201e-09
119.930000000 -1.617574508100e-09
119.940000000 -1.619353956550e-09
119.950000000 -1.617783571009e-09
119.960000000 -1.619563235899e-09
119.970000000 -1.617992633917e-09
119.980000000 -1.619772515247e-09
119.990000000 -1.618201696826e-09
120.000000000 -1.619981794596e-09
120.010000000 -1.618410759735e-09
120.020000000 -1.620191073945e-09
120.030000000 -1.618619822643e-09
120.040000000 -1.620400353294e-09
120.050000000 -1.618828885552e-09
120.060000000 -1.620609632643e-09
120.070000000 -1.619037948460e-09
120.080000000 -1.620818911991e-09
120.090000000 -1.619247011369e-09
120.100000000 -1.621028191340e-09
120.110000000 -1.619456074278e-09
120.120000000 -1.621237470689e-09
120.130000000 -1.619665137186e-09
120.140000000 -1.621446750038e-09
120.150000000 -1.619874200095e-09
120.160000000 -1.621656029387e-09
120.170000000 -1.620083263003e-09
120.180000000 -1.621865308736e-09
120.190000000 -1.620292325912e-09
120.200000000 -1.622074588084e-09
120.210000000 -1.620501388821e-09
120.220000000 -1.622283867433e-09
120.230000000 -1.620710451729e-09
120.240000000 -1.622493146782e-09
120.250000000 -1.620919514638e-09
120.260000000 -1.622702426131e-09
120.270000000 -1.621128577546e-09
120.280000000 -1.622911705480e-09
120.290000000 -1.621337640455e-09
120.300000000 -1.623120984828e-09
120.310000000 -1.621546703364e-09
120.320000000 -1.623330264177e-09
120.330000000 -1.621755766272e-09
120.340000000 -1.623539543526e-09
120.350000000 -1.621964829181e-09
120.360000000 -1.623748822875e-09
120.370000000 -1.622173892090e-09
120.380000000 -1.623958102224e-09
120.390000000 -1.622382954998e-09
120.400000000 -1.624167381572e-09
120.410000000 -1.622592017907e-09
120.420000000 -1.624376660921e-09
120.430000000 -1.622801080815e-09
120.440000000 -1.624585940270e-09
120.450000000 -1.623010143724e-09
120.460000000 -1.624795219619e-09
120.470000000 -1.623219206633e-09
120.480000000 -1.625004498968e-09
120.490000000 -1.623428269541e-09
120.500000000 -1.625213778317e-09
120.510000000 -1.623637332450e-09
120.520000000 -1.625423057665e-09
120.530000000 -1.623846395358e-09
120.540000000 -1.625632337014e-09
120.550000000 -1.624055458267e-09
120.560000000 -1.625841616363e-09
120.570000000 -1.624264521176e-09
120.580000000 -1.626050895712e-09
120.590000000 -1.624473584084e-09
120.600000000 -1.626260175061e-09
120.610000000 -1.624682646993e-09
120.620000000 -1.626469454409e-09
120.630000000 -1.624891709901e-09
120.640000000 -1.626678733758e-09
120.650000000 -1.625100772810e-09
120.660000000 -1.626888013107e-09
120.670000000 -1.625309835719e-09
120.680000000 -1.627097292456e-09
120.690000000 -1.625518898627e-09
120.700000000 -1.627306571805e-09
120.710000000 -1.625727961536e-09
120.720000000 -1.627515851153e-09
120.730000000 -1.625937024444e-09
120.740000000 -1.627725130502e-09
120.750000000 -1.626146087353e-09
120.760000000 -1.627934409851e-09
120.770000000 -1.626355150262e-09
120.780000000 -1.628143689200e-09
120.790000000 -1.626564213170e-09
120.800000000 -1.628352968549e-09
120.810000000 -1.626773276079e-09
120.820000000 -1.628562247898e-09
120.830000000 -1.626982338988e-09
120.840000000 -1.628771527246e-09
120.850000000 -1.627191401896e-09
120.860000000 -1.628980806595e-09
120.870000000 -1.627400464805e-09
120.880000000 -1.629190085944e-09
120.890000000 -1.627609527713e-09
120.900000000 -1.629399365293e-09
120.910000000 -1.627818590622e-09
120.920000000 -1.629608644642e-09
120.930000000 -1.628027653531e-09
120.940000000 -1.629817923990e-09
120.950000000 -1.628236716439e-09
120.960000000 -1.630027203339e-09
120.970000000 -1.628445779348e-09
120.980000000 -1.630236482688e-09
120.990000000 -1.628654842256e-09
121.000000000 -1.630445762037e-09
121.010000000 -1.628863905165e-09
121.020000000 -1.630655041386e-09
121.030000000 -1.629072968074e-09
121.040000000 -1.630864320734e-09
121.050000000 -1.629282030982e-09
121.060000000 -1.631073600083e-09
121.070000000 -1.629491093891e-09
121.080000000 -1.631282879432e-09
121.090000000 -1.629700156799e-09
121.100000000 -1.631492158781e-09
121.110000000 -1.629909219708e-09
121.120000000 -1.631701438130e-09
121.130000000 -1.630118282617e-09
121.140000000 -1.631910717479e-09
121.150000000 -1.630327345525e-09
121.160000000 -1.632119996827e-09
121.170000000 -1.630536408434e-09
121.180000000 -1.632329276176e-09
121.190000000 -1.630745471342e-09
121.200000000 -1.632538555525e-09
121.210000000 -1.630954534251e-09
121.220000000 -1.632747834874e-09
121.230000000 -1.631163597160e-09
121.240000000 -1.632957114223e-09
121.250000000 -1.631372660068e-09
121.260000000 -1.633166393571e-09
121.270000000 -1.631581722977e-09
121.280000000 -1.633375672920e-09
121.290000000 -1.631790785886e-09
121.300000000 -1.633584952269e-09
121.310000000 -1.631999848794e-09
121.320000000 -1.633794231618e-09
121.330000000 -1.632208911703e-09
121.340000000 -1.634003510967e-09
121.350000000 -1.632417974611e-09
121.360000000 -1.634212790315e-09
121.370000000 -1.632627037520e-09
121.380000000 -1.634422069664e-09
121.390000000 -1.632836100429e-09
121.400000000 -1.634631349013e-09
121.410000000 -1.633045163337e-09
121.420000000 -1.634840628362e-09
121.430000000 -1.633254226246e-09
121.440000000 -1.635049907711e-09
121.450000000 -1.633463289154e-09
121.460000000 -1.635259187060e-09
121.470000000 -1.633672352063e-09
121.480000000 -1.635468466408e-09
121.490000000 -1.633881414972e-09
121.500000000 -1.635677745757e-09
121.510000000 -1.634090477880e-09
121.520000000 -1.635887025106e-09
121.530000000 -1.634299540789e-09
121.540000000 -1.636096304455e-09
121.550000000 -1.634508603697e-09
121.560000000 -1.636305583804e-09
121.570000000 -1.634717666606e-09
121.580000000 -1.636514863152e-09
121.590000000 -1.634926729515e-09
121.600000000 -1.636724142501e-09
121.610000000 -1.635135792423e-09
121.620000000 -1.636933421850e-09
121.630000000 -1.635344855332e-09
121.640000000 -1.637142701199e-09
121.650000000 -1.635553918240e-09
121.660000000 -1.637351980548e-09
121.670000000 -1.635762981149e-09
121.680000000 -1.637561259896e-09
121.690000000 -1.635972044058e-09
121.700000000 -1.637770539245e-09
121.710000000 -1.636181106966e-09
121.720000000 -1.637979818594e-09
121.730000000 -1.636390169875e-09
121.740000000 -1.638189097943e-09
121.750000000 -1.636599232784e-09
121.760000000 -1.638398377292e-09
121.770000000 -1.636808295692e-09
121.780000000 -1.638607656641e-09
121.790000000 -1.637017358601e-09
121.800000000 -1.638816935989e-09
121.810000000 -1.637226421509e-09
121.820000000 -1.639026215338e-09
121.830000000 -1.637435484418e-09
121.840000000 -1.639235494687e-09
121.850000000 -1.637644547327e-09
121.860000000 -1.639444774036e-09
121.870000000 -1.637853610235e-09
121.880000000 -1.639654053385e-09
121.890000000 -1.638062673144e-09
121.900000000 -1.639863332733e-09
121.910000000 -1.638271736052e-09
121.920000000 -1.640072612082e-09
121.930000000 -1.638480798961e-09
121.940000000 -1.640281891431e-09
121.950000000 -1.638689861870e-09
121.960000000 -1.640491170780e-09
121.970000000 -1.638898924778e-09
121.980000000 -1.640700450129e-09
121.990000000 -1.639107987687e-09
122.000000000 -1.640909729478e-09
122.010000000 -1.639317050595e-09
122.020000000 -1.641119008826e-09
122.030000000 -1.639526113504e-09
122.040000000 -1.641328288175e-09
122.050000000 -1.639735176413e-09
122.060000000 -1.641537567524e-09
122.070000000 -1.639944239321e-09
122.080000000 -1.641746846873e-09
122.090000000 -1.640153302230e-09
122.100000000 -1.641956126222e-09
122.110000000 -1.640362365138e-09
122.120000000 -1.642165405570e-09
122.130000000 -1.640571428047e-09
122.140000000 -1.642374684919e-09
122.150000000 -1.640780490956e-09
122.160000000 -1.642583964268e-09
122.170000000 -1.640989553864e-09
122.180000000 -1.642793243617e-09
122.190000000 -1.641198616773e-09
122.200000000 -1.643002522966e-09
122.210000000 -1.641407679682e-09
122.220000000 -1.643211802314e-09
122.230000000 -1.641616742590e-09
122.240000000 -1.643421081663e-09
122.250000000 -1.641825805499e-09
122.260000000 -1.643630361012e-09
122.270000000 -1.642034868407e-09
122.280000000 -1.643839640361e-09
122.290000000 -1.642243931316e-09
122.300000000 -1.644048919710e-09
122.310000000 -1.642452994225e-09
122.320000000 -1.644258199059e-09
122.330000000 -1.642662057133e-09
122.340000000 -1.644467478407e-09
122.350000000 -1.642871120042e-09
122.360000000 -1.644676757756e-09
122.370000000 -1.643080182950e-09
122.380000000 -1.644886037105e-09
122.390000000 -1.643289245859e-09
122.400000000 -1.645095316454e-09
122.410000000 -1.643498308768e-09
122.420000000 -1.645304595803e-09
122.430000000 -1.643707371676e-09
122.440000000 -1.645513875151e-09
122.450000000 -1.643916434585e-09
122.460000000 -1.645723154500e-09
122.470000000 -1.644125497493e-09
122.480000000 -1.645932433849e-09
122.490000000 -1.644334560402e-09
122.500000000 -1.646141713198e-09
122.510000000 -1.644543623311e-09
122.520000000 -1.646350992547e-09
122.530000000 -1.644752686219e-09
122.540000000 -1.646560271895e-09
122.550000000 -1.644961749128e-09
122.560000000 -1.646769551244e-09
122.570000000 -1.645170812036e-09
122.580000000 -1.646978830593e-09
122.590000000 -1.645379874945e-09
122.600000000 -1.647188109942e-09
122.610000000 -1.645588937854e-09
122.620000000 -1.647397389291e-09
122.630000000 -1.645798000762e-09
122.640000000 -1.647606668640e-09
122.650000000 -1.646007063671e-09
122.660000000 -1.647815947988e-09
122.670000000 -1.646216126580e-09
122.680000000 -1.648025227337e-09
122.690000000 -1.646425189488e-09
122.700000000 -1.648234506686e-09
122.710000000 -1.646634252397e-09
122.720000000 -1.648443786035e-09
122.730000000 -1.646843315305e-09
122.740000000 -1.648653065384e-09
122.750000000 -1.647052378214e-09
122.760000000 -1.648862344732e-09
122.770000000 -1.647261441123e-09
122.780000000 -1.649071624081e-09
122.790000000 -1.647470504031e-09
122.800000000 -1.649280903430e-09
122.810000000 -1.647679566940e-09
122.820000000 -1.649490182779e-09
122.830000000 -1.647888629848e-09
122.840000000 -1.649699462128e-09
122.850000000 -1.648097692757e-09
122.860000000 -1.649908741476e-09
122.870000000 -1.648306755666e-09
122.880000000 -1.650118020825e-09
122.890000000 -1.648515818574e-09
122.900000000 -1.650327300174e-09
122.910000000 -1.648724881483e-09
122.920000000 -1.650536579523e-09
122.930000000 -1.648933944391e-09
122.940000000 -1.650745858872e-09
122.950000000 -1.649143007300e-09
122.960000000 -1.650955138221e-09
122.970000000 -1.649352070209e-09
122.980000000 -1.651164417569e-09
122.990000000 -1.649561133117e-09
123.000000000 -1.651373696918e-09
123.010000000 -1.649770196026e-09
123.020000000 -1.651582976267e-09
123.030000000 -1.649979258934e-09
123.040000000 -1.651792255616e-09
123.050000000 -1.650188321843e-09
123.060000000 -1.652001534965e-09
123.070000000 -1.650397384752e-09
123.080000000 -1.652210814313e-09
123.090000000 -1.650606447660e-09
123.100000000 -1.652420093662e-09
123.110000000 -1.650815510569e-09
123.120000000 -1.652629373011e-09
123.130000000 -1.651024573478e-09
123.140000000 -1.652838652360e-09
123.150000000 -1.651233636386e-09
123.160000000 -1.653047931709e-09
123.170000000 -1.651442699295e-09
123.180000000 -1.653257211057e-09
123.190000000 -1.651651762203e-09
123.200000000 -1.653466490406e-09
123.210000000 -1.651860825112e-09
123.220000000 -1.653675769755e-09
123.230000000 -1.652069888021e-09
123.240000000 -1.653885049104e-09
123.250000000 -1.652278950929e-09
123.260000000 -1.654094328453e-09
123.270000000 -1.652488013838e-09
123.280000000 -1.654303607802e-09
123.290000000 -1.652697076746e-09
123.300000000 -1.654512887150e-09
123.310000000 -1.652906139655e-09
123.320000000 -1.654722166499e-09
123.330000000 -1.653115202564e-09
123.340000000 -1.654931445848e-09
123.350000000 -1.653324265472e-09
123.360000000 -1.655140725197e-09
123.370000000 -1.653533328381e-09
123.380000000 -1.655350004546e-09
123.390000000 -1.653742391289e-09
123.400000000 -1.655559283894e-09
123.410000000 -1.653951454198e-09
123.420000000 -1.655768563243e-09
123.430000000 -1.654160517107e-09
123.440000000 -1.655977842592e-09
123.450000000 -1.654369580015e-09
123.460000000 -1.656187121941e-09
123.470000000 -1.654578642924e-09
123.480000000 -1.656396401290e-09
123.490000000 -1.654787705832e-09
123.500000000 -1.656605680638e-09
123.510000000 -1.654996768741e-09
123.520000000 -1.656814959987e-09
123.530000000 -1.655205831650e-09
123.540000000 -1.657024239336e-09
123.550000000 -1.655414894558e-09
123.560000000 -1.657233518685e-09
123.570000000 -1.655623957467e-09
123.580000000 -1.657442798034e-09
123.590000000 -1.655833020376e-09
123.600000000 -1.657652077383e-09
123.610000000 -1.656042083284e-09
123.620000000 -1.657861356731e-09
123.630000000 -1.656251146193e-09
123.640000000 -1.658070636080e-09
123.650000000 -1.656460209101e-09
123.660000000 -1.658279915429e-09
123.670000000 -1.656669272010e-09
123.680000000 -1.658489194778e-09
123.690000000 -1.656878334919e-09
123.700000000 -1.658698474127e-09
123.710000000 -1.657087397827e-09
123.720000000 -1.658907753475e-09
123.730000000 -1.657296460736e-09
123.740000000 -1.659117032824e-09
123.750000000 -1.657505523644e-09
123.760000000 -1.659326312173e-09
123.770000000 -1.657714586553e-09
123.780000000 -1.659535591522e-09
123.790000000 -1.657923649462e-09
123.800000000 -1.659744870871e-09
123.810000000 -1.658132712370e-09
123.820000000 -1.659954150219e-09
123.830000000 -1.658341775279e-09
123.840000000 -1.660163429568e-09
123.850000000 -1.658550838187e-09
123.860000000 -1.660372708917e-09
123.870000000 -1.658759901096e-09
123.880000000 -1.660581988266e-09
123.890000000 -1.658968964005e-09
123.900000000 -1.660791267615e-09
123.910000000 -1.659178026913e-09
123.920000000 -1.661000546964e-09
123.930000000 -1.659387089822e-09
123.940000000 -1.661209826312e-09
123.950000000 -1.659596152730e-09
123.960000000 -1.661419105661e-09
123.970000000 -1.659805215639e-09
123.980000000 -1.661628385010e-09
123.990000000 -1.660014278548e-09
124.000000000 -1.661837664359e-09
124.010000000 -1.660223341456e-09
124.020000000 -1.662046943708e-09
124.030000000 -1.660432404365e-09
124.040000000 -1.662256223056e-09
124.050000000 -1.660641467274e-09
124.060000000 -1.662465502405e-09
124.070000000 -1.660850530182e-09
124.080000000 -1.662674781754e-09
124.090000000 -1.661059593091e-09
124.100000000 -1.662884061103e-09
124.110000000 -1.661268655999e-09
124.120000000 -1.663093340452e-09
124.130000000 -1.661477718908e-09
124.140000000 -1.663302619800e-09
124.150000000 -1.661686781817e-09
124.160000000 -1.663511899149e-09
124.170000000 -1.661895844725e-09
124.180000000 -1.663721178498e-09
124.190000000 -1.662104907634e-09
124.200000000 -1.663930457847e-09
124.210000000 -1.662313970542e-09
124.220000000 -1.664139737196e-09
124.230000000 -1.662523033451e-09
124.240000000 -1.664349016545e-09
124.250000000 -1.662732096360e-09
124.260000000 -1.664558295893e-09
124.270000000 -1.662941159268e-09
124.280000000 -1.664767575242e-09
124.290000000 -1.663150222177e-09
124.300000000 -1.664976854591e-09
124.310000000 -1.663359285085e-09
124.320000000 -1.665186133940e-09
124.330000000 -1.663568347994e-09
124.340000000 -1.665395413289e-09
124.350000000 -1.663777410903e-09
124.360000000 -1.665604692637e-09
124.370000000 -1.663986473811e-09
124.380000000 -1.665813971986e-09
124.390000000 -1.664195536720e-09
124.400000000 -1.666023251335e-09
124.410000000 -1.664404599628e-09
124.420000000 -1.666232530684e-09
124.430000000 -1.664613662537e-09
124.440000000 -1.666441810033e-09
124.450000000 -1.664822725446e-09
124.460000000 -1.666651089381e-09
124.470000000 -1.665031788354e-09
124.480000000 -1.666860368730e-09
124.490000000 -1.665240851263e-09
124.500000000 -1.667069648079e-09
124.510000000 -1.665449914172e-09
124.520000000 -1.667278927428e-09
124.530000000 -1.665658977080e-09
124.540000000 -1.667488206777e-09
124.550000000 -1.665868039989e-09
124.560000000 -1.667697486126e-09
124.570000000 -1.666077102897e-09
124.580000000 -1.667906765474e-09
124.590000000 -1.666286165806e-09
124.600000000 -1.668116044823e-09
124.610000000 -1.666495228715e-09
124.620000000 -1.668325324172e-09
124.630000000 -1.666704291623e-09
124.640000000 -1.668534603521e-09
124.650000000 -1.666913354532e-09
124.660000000 -1.668743882870e-09
124.670000000 -1.667122417440e-09
124.680000000 -1.668953162218e-09
124.690000000 -1.667331480349e-09
124.700000000 -1.669162441567e-09
124.710000000 -1.667540543258e-09
124.720000000 -1.669371720916e-09
124.730000000 -1.667749606166e-09
124.740000000 -1.669581000265e-09
124.750000000 -1.667958669075e-09
124.760000000 -1.669790279614e-09
124.770000000 -1.668167731983e-09
124.780000000 -1.669999558962e-09
124.790000000 -1.668376794892e-09
124.800000000 -1.670208838311e-09
124.810000000 -1.668585857801e-09
124.820000000 -1.670418117660e-09
124.830000000 -1.668794920709e-09
124.840000000 -1.670627397009e-09
124.850000000 -1.669003983618e-09
124.860000000 -1.670836676358e-09
124.870000000 -1.669213046526e-09
124.880000000 -1.671045955707e-09
124.890000000 -1.669422109435e-09
124.900000000 -1.671255235055e-09
124.910000000 -1.669631172344e-09
124.920000000 -1.671464514404e-09
124.930000000 -1.669840235252e-09
124.940000000 -1.671673793753e-09
124.950000000 -1.670049298161e-09
124.960000000 -1.671883073102e-09
124.970000000 -1.670258361070e-09
124.980000000 -1.672092352451e-09
124.990000000 -1.670467423978e-09
125.000000000 -1.672301631799e-09
125.010000000 -1.670676486887e-09
125.020000000 -1.672510911148e-09
125.030000000 -1.670885549795e-09
125.040000000 -1.672720190497e-09
125.050000000 -1.671094612704e-09
125.060000000 -1.672929469846e-09
125.070000000 -1.671303675613e-09
125.080000000 -1.673138749195e-09
125.090000000 -1.671512738521e-09
125.100000000 -1.673348028543e-09
125.110000000 -1.671721801430e-09
125.120000000 -1.673557307892e-09
125.130000000 -1.671930864338e-09
125.140000000 -1.673766587241e-09
125.150000000 -1.672139927247e-09
125.160000000 -1.673975866590e-09
125.170000000 -1.672348990156e-09
125.180000000 -1.674185145939e-09
125.190000000 -1.672558053064e-09
125.200000000 -1.674394425288e-09
125.210000000 -1.672767115973e-09
125.220000000 -1.674603704636e-09
125.230000000 -1.672976178881e-09
125.240000000 -1.674812983985e-09
125.250000000 -1.673185241790e-09
125.260000000 -1.675022263334e-09
125.270000000 -1.673394304699e-09
125.280000000 -1.675231542683e-09
125.290000000 -1.673603367607e-09
125.300000000 -1.675440822032e-09
125.310000000 -1.673812430516e-09
125.320000000 -1.675650101380e-09
125.330000000 -1.674021493424e-09
125.340000000 -1.675859380729e-09
125.350000000 -1.674230556333e-09
125.360000000 -1.676068660078e-09
125.370000000 -1.674439619242e-09
125.380000000 -1.676277939427e-09
125.390000000 -1.674648682150e-09
125.400000000 -1.676487218776e-09
125.410000000 -1.674857745059e-09
125.420000000 -1.676696498124e-09
125.430000000 -1.675066807968e-09
125.440000000 -1.676905777473e-09
125.450000000 -1.675275870876e-09
125.460000000 -1.677115056822e-09
125.470000000 -1.675484933785e-09
125.480000000 -1.677324336171e-09
125.490000000 -1.675693996693e-09
125.500000000 -1.677533615520e-09
125.510000000 -1.675903059602e-09
125.520000000 -1.677742894869e-09
125.530000000 -1.676112122511e-09
125.540000000 -1.677952174217e-09
125.550000000 -1.676321185419e-09
125.560000000 -1.678161453566e-09
125.570000000 -1.676530248328e-09
125.580000000 -1.678370732915e-09
125.590000000 -1.676739311236e-09
125.600000000 -1.678580012264e-09
125.610000000 -1.676948374145e-09
125.620000000 -1.678789291613e-09
125.630000000 -1.677157437054e-09
125.640000000 -1.678998570961e-09
125.650000000 -1.677366499962e-09
125.660000000 -1.679207850310e-09
125.670000000 -1.677575562871e-09
125.680000000 -1.679417129659e-09
125.690000000 -1.677784625779e-09
125.700000000 -1.679626409008e-09
125.710000000 -1.677993688688e-09
125.720000000 -1.679835688357e-09
125.730000000 -1.678202751597e-09
125.740000000 -1.680044967705e-09
125.750000000 -1.678411814505e-09
125.760000000 -1.680254247054e-09
125.770000000 -1.678620877414e-09
125.780000000 -1.680463526403e-09
125.790000000 -1.678829940322e-09
125.800000000 -1.680672805752e-09
125.810000000 -1.679039003231e-09
125.820000000 -1.680882085101e-09
125.830000000 -1.679248066140e-09
125.840000000 -1.681091364450e-09
125.850000000 -1.679457129048e-09
125.860000000 -1.681300643798e-09
125.870000000 -1.679666191957e-09
125.880000000 -1.681509923147e-09
125.890000000 -1.679875254866e-09
125.900000000 -1.681719202496e-09
125.910000000 -1.680084317774e-09
125.920000000 -1.681928481845e-09
125.930000000 -1.680293380683e-09
125.940000000 -1.682137761194e-09
125.950000000 -1.680502443591e-09
125.960000000 -1.682347040542e-09
125.970000000 -1.680711506500e-09
125.980000000 -1.682556319891e-09
125.990000000 -1.680920569409e-09
126.000000000 -1.682765599240e-09
126.010000000 -1.681129632317e-09
126.020000000 -1.682974878589e-09
126.030000000 -1.681338695226e-09
126.040000000 -1.683184157938e-09
126.050000000 -1.681547758134e-09
126.060000000 -1.683393437286e-09
126.070000000 -1.681756821043e-09
126.080000000 -1.683602716635e-09
126.090000000 -1.681965883952e-09
126.100000000 -1.683811995984e-09
126.110000000 -1.682174946860e-09
126.120000000 -1.684021275333e-09
126.130000000 -1.682384009769e-09
126.140000000 -1.684230554682e-09
126.150000000 -1.682593072677e-09
126.160000000 -1.684439834031e-09
126.170000000 -1.682802135586e-09
126.180000000 -1.684649113379e-09
126.190000000 -1.683011198495e-09
126.200000000 -1.684858392728e-09
126.210000000 -1.683220261403e-09
126.220000000 -1.685067672077e-09
126.230000000 -1.683429324312e-09
126.240000000 -1.685276951426e-09
126.250000000 -1.683638387220e-09
126.260000000 -1.685486230775e-09
126.270000000 -1.683847450129e-09
126.280000000 -1.685695510123e-09
126.290000000 -1.684056513038e-09
126.300000000 -1.685904789472e-09
126.310000000 -1.684265575946e-09
126.320000000 -1.686114068821e-09
126.330000000 -1.684474638855e-09
126.340000000 -1.686323348170e-09
126.350000000 -1.684683701764e-09
126.360000000 -1.686532627519e-09
126.370000000 -1.684892764672e-09
126.380000000 -1.686741906867e-09
126.390000000 -1.685101827581e-09
126.400000000 -1.686951186216e-09
126.410000000 -1.685310890489e-09
126.420000000 -1.687160465565e-09
126.430000000 -1.685519953398e-09
126.440000000 -1.687369744914e-09
126.450000000 -1.685729016307e-09
126.460000000 -1.687579024263e-09
126.470000000 -1.685938079215e-09
126.480000000 -1.687788303612e-09
126.490000000 -1.686147142124e-09
126.500000000 -1.687997582960e-09
126.510000000 -1.686356205032e-09
126.520000000 -1.688206862309e-09
126.530000000 -1.686565267941e-09
126.540000000 -1.688416141658e-09
126.550000000 -1.686774330850e-09
126.560000000 -1.688625421007e-09
126.570000000 -1.686983393758e-09
126.580000000 -1.688834700356e-09
126.590000000 -1.687192456667e-09
126.600000000 -1.689043979704e-09
126.610000000 -1.687401519575e-09
126.620000000 -1.689253259053e-09
126.630000000 -1.687610582484e-09
126.640000000 -1.689462538402e-09
126.650000000 -1.687819645393e-09
126.660000000 -1.689671817751e-09
126.670000000 -1.688028708301e-09
126.680000000 -1.689881097100e-09
126.690000000 -1.688237771210e-09
126.700000000 -1.690090376448e-09
126.710000000 -1.688446834118e-09
126.720000000 -1.690299655797e-09
126.730000000 -1.688655897027e-09
126.740000000 -1.690508935146e-09
126.750000000 -1.688864959936e-09
126.760000000 -1.690718214495e-09
126.770000000 -1.689074022844e-09
126.780000000 -1.690927493844e-09
126.790000000 -1.689283085753e-09
126.800000000 -1.691136773193e-09
126.810000000 -1.689492148662e-09
126.820000000 -1.691346052541e-09
126.830000000 -1.689701211570e-09
126.840000000 -1.691555331890e-09
126.850000000 -1.689910274479e-09
126.860000000 -1.691764611239e-09
126.870000000 -1.690119337387e-09
126.880000000 -1.691973890588e-09
126.890000000 -1.690328400296e-09
126.900000000 -1.692183169937e-09
126.910000000 -1.690537463205e-09
126.920000000 -1.692392449285e-09
126.930000000 -1.690746526113e-09
126.940000000 -1.692601728634e-09
126.950000000 -1.690955589022e-09
126.960000000 -1.692811007983e-09
126.970000000 -1.691164651930e-09
126.980000000 -1.693020287332e-09
126.990000000 -1.691373714839e-09
127.000000000 -1.693229566681e-09
127.010000000 -1.691582777748e-09
127.020000000 -1.693438846029e-09
127.030000000 -1.691791840656e-09
127.040000000 -1.693648125378e-09
127.050000000 -1.692000903565e-09
127.060000000 -1.693857404727e-09
127.070000000 -1.692209966473e-09
127.080000000 -1.694066684076e-09
127.090000000 -1.692419029382e-09
127.100000000 -1.694275963425e-09
127.110000000 -1.692628092291e-09
127.120000000 -1.694485242774e-09
127.130000000 -1.692837155199e-09
127.140000000 -1.694694522122e-09
127.150000000 -1.693046218108e-09
127.160000000 -1.694903801471e-09
127.170000000 -1.693255281016e-09
127.180000000 -1.695113080820e-09
127.190000000 -1.693464343925e-09
127.200000000 -1.695322360169e-09
127.210000000 -1.693673406834e-09
127.220000000 -1.695531639518e-09
127.230000000 -1.693882469742e-09
127.240000000 -1.695740918866e-09
127.250000000 -1.694091532651e-09
127.260000000 -1.695950198215e-09
127.270000000 -1.694300595560e-09
127.280000000 -1.696159477564e-09
127.290000000 -1.694509658468e-09
127.300000000 -1.696368756913e-09
127.310000000 -1.694718721377e-09
127.320000000 -1.696578036262e-09
127.330000000 -1.694927784285e-09
127.340000000 -1.696787315610e-09
127.350000000 -1.695136847194e-09
127.360000000 -1.696996594959e-09
127.370000000 -1.695345910103e-09
127.380000000 -1.697205874308e-09
127.390000000 -1.695554973011e-09
127.400000000 -1.697415153657e-09
127.410000000 -1.695764035920e-09
127.420000000 -1.697624433006e-09
127.430000000 -1.695973098828e-09
127.440000000 -1.697833712355e-09
127.450000000 -1.696182161737e-09
127.460000000 -1.698042991703e-09
127.470000000 -1.696391224646e-09
127.480000000 -1.698252271052e-09
127.490000000 -1.696600287554e-09
127.500000000 -1.698461550401e-09
127.510000000 -1.696809350463e-09
127.520000000 -1.698670829750e-09
127.530000000 -1.697018413371e-09
127.540000000 -1.698880109099e-09
127.550000000 -1.697227476280e-09
127.560000000 -1.699089388447e-09
127.570000000 -1.697436539189e-09
127.580000000 -1.699298667796e-09
127.590000000 -1.697645602097e-09
127.600000000 -1.699507947145e-09
127.610000000 -1.697854665006e-09
127.620000000 -1.699717226494e-09
127.630000000 -1.698063727914e-09
127.640000000 -1.699926505843e-09
127.650000000 -1.698272790823e-09
127.660000000 -1.700135785191e-09
127.670000000 -1.698481853732e-09
127.680000000 -1.700345064540e-09
127.690000000 -1.698690916640e-09
127.700000000 -1.700554343889e-09
127.710000000 -1.698899979549e-09
127.720000000 -1.700763623238e-09
127.730000000 -1.699109042458e-09
127.740000000 -1.700972902587e-09
127.750000000 -1.699318105366e-09
127.760000000 -1.701182181936e-09
127.770000000 -1.699527168275e-09
127.780000000 -1.701391461284e-09
127.790000000 -1.699736231183e-09
127.800000000 -1.701600740633e-09
127.810000000 -1.699945294092e-09
127.820000000 -1.701810019982e-09
127.830000000 -1.700154357001e-09
127.840000000 -1.702019299331e-09
127.850000000 -1.700363419909e-09
127.860000000 -1.702228578680e-09
127.870000000 -1.700572482818e-09
127.880000000 -1.702437858028e-09
127.890000000 -1.700781545726e-09
127.900000000 -1.702647137377e-09
127.910000000 -1.700990608635e-09
127.920000000 -1.702856416726e-09
127.930000000 -1.701199671544e-09
127.940000000 -1.703065696075e-09
127.950000000 -1.701408734452e-09
127.960000000 -1.703274975424e-09
127.970000000 -1.701617797361e-09
127.980000000 -1.703484254772e-09
127.990000000 -1.701826860269e-09
128.000000000 -1.703693534121e-09
128.010000000 -1.702035923178e-09
128.020000000 -1.703902813470e-09
128.030000000 -1.702244986087e-09
128.040000000 -1.704112092819e-09
128.050000000 -1.702454048995e-09
128.060000000 -1.704321372168e-09
128.070000000 -1.702663111904e-09
128.080000000 -1.704530651517e-09
128.090000000 -1.702872174812e-09
128.100000000 -1.704739930865e-09
128.110000000 -1.703081237721e-09
128.120000000 -1.704949210214e-09
128.130000000 -1.703290300630e-09
128.140000000 -1.705158489563e-09
128.150000000 -1.703499363538e-09
128.160000000 -1.705367768912e-09
128.170000000 -1.703708426447e-09
128.180000000 -1.705577048261e-09
128.190000000 -1.703917489356e-09
128.200000000 -1.705786327609e-09
128.210000000 -1.704126552264e-09
128.220000000 -1.705995606958e-09
128.230000000 -1.704335615173e-09
128.240000000 -1.706204886307e-09
128.250000000 -1.704544678081e-09
128.260000000 -1.706414165656e-09
128.270000000 -1.704753740990e-09
128.280000000 -1.706623445005e-09
128.290000000 -1.704962803899e-09
128.300000000 -1.706832724353e-09
128.310000000 -1.705171866807e-09
128.320000000 -1.707042003702e-09
128.330000000 -1.705380929716e-09
128.340000000 -1.707251283051e-09
128.350000000 -1.705589992624e-09
128.360000000 -1.707460562400e-09
128.370000000 -1.705799055533e-09
128.380000000 -1.707669841749e-09
128.390000000 -1.706008118442e-09
128.400000000 -1.707879121098e-09
128.410000000 -1.706217181350e-09
128.420000000 -1.708088400446e-09
128.430000000 -1.706426244259e-09
128.440000000 -1.708297679795e-09
128.450000000 -1.706635307167e-09
128.460000000 -1.708506959144e-09
128.470000000 -1.706844370076e-09
128.480000000 -1.708716238493e-09
128.490000000 -1.707053432985e-09
128.500000000 -1.708925517842e-09
128.510000000 -1.707262495893e-09
128.520000000 -1.709134797190e-09
128.530000000 -1.707471558802e-09
128.540000000 -1.709344076539e-09
128.550000000 -1.707680621710e-09
128.560000000 -1.709553355888e-09
128.570000000 -1.707889684619e-09
128.580000000 -1.709762635237e-09
128.590000000 -1.708098747528e-09
128.600000000 -1.709971914586e-09
128.610000000 -1.708307810436e-09
128.620000000 -1.710181193934e-09
128.630000000 -1.708516873345e-09
128.640000000 -1.710390473283e-09
128.650000000 -1.708725936254e-09
128.660000000 -1.710599752632e-09
128.670000000 -1.708934999162e-09
128.680000000 -1.710809031981e-09
128.690000000 -1.709144062071e-09
128.700000000 -1.711018311330e-09
128.710000000 -1.709353124979e-09
128.720000000 -1.711227590679e-09
128.730000000 -1.709562187888e-09
128.740000000 -1.711436870027e-09
128.750000000 -1.709771250797e-09
128.760000000 -1.711646149376e-09
128.770000000 -1.709980313705e-09
128.780000000 -1.711855428725e-09
128.790000000 -1.710189376614e-09
128.800000000 -1.712064708074e-09
128.810000000 -1.710398439522e-09
128.820000000 -1.712273987423e-09
128.830000000 -1.710607502431e-09
128.840000000 -1.712483266771e-09
128.850000000 -1.710816565340e-09
128.860000000 -1.712692546120e-09
128.870000000 -1.711025628248e-09
128.880000000 -1.712901825469e-09
128.890000000 -1.711234691157e-09
128.900000000 -1.713111104818e-09
128.910000000 -1.711443754065e-09
128.920000000 -1.713320384167e-09
128.930000000 -1.711652816974e-09
128.940000000 -1.713529663515e-09
128.950000000 -1.711861879883e-09
128.960000000 -1.713738942864e-09
128.970000000 -1.712070942791e-09
128.980000000 -1.713948222213e-09
128.990000000 -1.712280005700e-09
129.000000000 -1.714157501562e-09
129.010000000 -1.712489068608e-09
129.020000000 -1.714366780911e-09
129.030000000 -1.712698131517e-09
129.040000000 -1.714576060260e-09
129.050000000 -1.712907194426e-09
129.060000000 -1.714785339608e-09
129.070000000 -1.713116257334e-09
129.080000000 -1.714994618957e-09
129.090000000 -1.713325320243e-09
129.100000000 -1.715203898306e-09
129.110000000 -1.713534383152e-09
129.120000000 -1.715413177655e-09
129.130000000 -1.713743446060e-09
129.140000000 -1.715622457004e-09
129.150000000 -1.713952508969e-09
129.160000000 -1.715831736352e-09
129.170000000 -1.714161571877e-09
129.180000000 -1.716041015701e-09
129.190000000 -1.714370634786e-09
129.200000000 -1.716250295050e-09
129.210000000 -1.714579697695e-09
129.220000000 -1.716459574399e-09
129.230000000 -1.714788760603e-09
129.240000000 -1.716668853748e-09
129.250000000 -1.714997823512e-09
129.260000000 -1.716878133096e-09
129.270000000 -1.715206886420e-09
129.280000000 -1.717087412445e-09
129.290000000 -1.715415949329e-09
129.300000000 -1.717296691794e-09
129.310000000 -1.715625012238e-09
129.320000000 -1.717505971143e-09
129.330000000 -1.715834075146e-09
129.340000000 -1.717715250492e-09
129.350000000 -1.716043138055e-09
129.360000000 -1.717924529841e-09
129.370000000 -1.716252200963e-09
129.380000000 -1.718133809189e-09
129.390000000 -1.716461263872e-09
129.400000000 -1.718343088538e-09
129.410000000 -1.716670326781e-09
129.420000000 -1.718552367887e-09
129.430000000 -1.716879389689e-09
129.440000000 -1.718761647236e-09
129.450000000 -1.717088452598e-09
129.460000000 -1.718970926585e-09
129.470000000 -1.717297515506e-09
129.480000000 -1.719180205933e-09
129.490000000 -1.717506578415e-09
129.500000000 -1.719389485282e-09
129.510000000 -1.717715641324e-09
129.520000000 -1.719598764631e-09
129.530000000 -1.717924704232e-09
129.540000000 -1.719808043980e-09
129.550000000 -1.718133767141e-09
129.560000000 -1.720017323329e-09
129.570000000 -1.718342830050e-09
129.580000000 -1.720226602677e-09
129.590000000 -1.718551892958e-09
129.600000000 -1.720435882026e-09
129.610000000 -1.718760955867e-09
129.620000000 -1.720645161375e-09
129.630000000 -1.718970018775e-09
129.640000000 -1.720854440724e-09
129.650000000 -1.719179081684e-09
129.660000000 -1.721063720073e-09
129.670000000 -1.719388144593e-09
129.680000000 -1.721272999422e-09
129.690000000 -1.719597207501e-09
129.700000000 -1.721482278770e-09
129.710000000 -1.719806270410e-09
129.720000000 -1.721691558119e-09
129.730000000 -1.720015333318e-09
129.740000000 -1.721900837468e-09
129.750000000 -1.720224396227e-09
129.760000000 -1.722110116817e-09
129.770000000 -1.720433459136e-09
129.780000000 -1.722319396166e-09
129.790000000 -1.720642522044e-09
129.800000000 -1.722528675514e-09
129.810000000 -1.720851584953e-09
129.820000000 -1.722737954863e-09
129.830000000 -1.721060647861e-09
129.840000000 -1.722947234212e-09
129.850000000 -1.721269710770e-09
129.860000000 -1.723156513561e-09
129.870000000 -1.721478773679e-09
129.880000000 -1.723365792910e-09
129.890000000 -1.721687836587e-09
129.900000000 -1.723575072258e-09
129.910000000 -1.721896899496e-09
129.920000000 -1.723784351607e-09
129.930000000 -1.722105962404e-09
129.940000000 -1.723993630956e-09
129.950000000 -1.722315025313e-09
129.960000000 -1.724202910305e-09
129.970000000 -1.722524088222e-09
129.980000000 -1.724412189654e-09
129.990000000 -1.722733151130e-09
130.000000000 -1.724621469003e-09
130.010000000 -1.722942214039e-09
130.020000000 -1.724830748351e-09
130.030000000 -1.723151276948e-09
130.040000000 -1.725040027700e-09
130.050000000 -1.723360339856e-09
130.060000000 -1.725249307049e-09
130.070000000 -1.723569402765e-09
130.080000000 -1.725458586398e-09
130.090000000 -1.723778465673e-09
130.100000000 -1.725667865747e-09
130.110000000 -1.723987528582e-09
130.120000000 -1.725877145095e-09
130.130000000 -1.724196591491e-09
130.140000000 -1.726086424444e-09
130.150000000 -1.724405654399e-09
130.160000000 -1.726295703793e-09
130.170000000 -1.724614717308e-09
130.180000000 -1.726504983142e-09
130.190000000 -1.724823780216e-09
130.200000000 -1.726714262491e-09
130.210000000 -1.725032843125e-09
130.220000000 -1.726923541839e-09
130.230000000 -1.725241906034e-09
130.240000000 -1.727132821188e-09
130.250000000 -1.725450968942e-09
130.260000000 -1.727342100537e-09
130.270000000 -1.725660031851e-09
130.280000000 -1.727551379886e-09
130.290000000 -1.725869094759e-09
130.300000000 -1.727760659235e-09
130.310000000 -1.726078157668e-09
130.320000000 -1.727969938584e-09
130.330000000 -1.726287220577e-09
130.340000000 -1.728179217932e-09
130.350000000 -1.726496283485e-09
130.360000000 -1.728388497281e-09
130.370000000 -1.726705346394e-09
130.380000000 -1.728597776630e-09
130.390000000 -1.726914409302e-09
130.400000000 -1.728807055979e-09
130.410000000 -1.727123472211e-09
130.420000000 -1.729016335328e-09
130.430000000 -1.727332535120e-09
130.440000000 -1.729225614676e-09
130.450000000 -1.727541598028e-09
130.460000000 -1.729434894025e-09
130.470000000 -1.727750660937e-09
130.480000000 -1.729644173374e-09
130.490000000 -1.727959723846e-09
130.500000000 -1.729853452723e-09
130.510000000 -1.728168786754e-09
130.520000000 -1.730062732072e-09
130.530000000 -1.728377849663e-09
130.540000000 -1.730272011421e-09
130.550000000 -1.728586912571e-09
130.560000000 -1.730481290769e-09
130.570000000 -1.728795975480e-09
130.580000000 -1.730690570118e-09
130.590000000 -1.729005038389e-09
130.600000000 -1.730899849467e-09
130.610000000 -1.729214101297e-09
130.620000000 -1.731109128816e-09
130.630000000 -1.729423164206e-09
130.640000000 -1.731318408165e-09
130.650000000 -1.729632227114e-09
130.660000000 -1.731527687513e-09
130.670000000 -1.729841290023e-09
130.680000000 -1.731736966862e-09
130.690000000 -1.730050352932e-09
130.700000000 -1.731946246211e-09
130.710000000 -1.730259415840e-09
130.720000000 -1.732155525560e-09
130.730000000 -1.730468478749e-09
130.740000000 -1.732364804909e-09
130.750000000 -1.730677541657e-09
130.760000000 -1.732574084257e-09
130.770000000 -1.730886604566e-09
130.780000000 -1.732783363606e-09
130.790000000 -1.731095667475e-09
130.800000000 -1.732992642955e-09
130.810000000 -1.731304730383e-09
130.820000000 -1.733201922304e-09
130.830000000 -1.731513793292e-09
130.840000000 -1.733411201653e-09
130.850000000 -1.731722856200e-09
130.860000000 -1.733620481002e-09
130.870000000 -1.731931919109e-09
130.880000000 -1.733829760350e-09
130.890000000 -1.732140982018e-09
130.900000000 -1.734039039699e-09
130.910000000 -1.732350044926e-09
130.920000000 -1.734248319048e-09
130.930000000 -1.732559107835e-09
130.940000000 -1.734457598397e-09
130.950000000 -1.732768170744e-09
130.960000000 -1.734666877746e-09
130.970000000 -1.732977233652e-09
130.980000000 -1.734876157094e-09
130.990000000 -1.733186296561e-09
131.000000000 -1.735085436443e-09
131.010000000 -1.733395359469e-09
131.020000000 -1.735294715792e-09
131.030000000 -1.733604422378e-09
131.040000000 -1.735503995141e-09
131.050000000 -1.733813485287e-09
131.060000000 -1.735713274490e-09
131.070000000 -1.734022548195e-09
131.080000000 -1.735922553838e-09
131.090000000 -1.734231611104e-09
131.100000000 -1.736131833187e-09
131.110000000 -1.734440674012e-09
131.120000000 -1.736341112536e-09
131.130000000 -1.734649736921e-09
131.140000000 -1.736550391885e-09
131.150000000 -1.734858799830e-09
131.160000000 -1.736759671234e-09
131.170000000 -1.735067862738e-09
131.180000000 -1.736968950583e-09
131.190000000 -1.735276925647e-09
131.200000000 -1.737178229931e-09
131.210000000 -1.735485988555e-09
131.220000000 -1.737387509280e-09
131.230000000 -1.735695051464e-09
131.240000000 -1.737596788629e-09
131.250000000 -1.735904114373e-09
131.260000000 -1.737806067978e-09
131.270000000 -1.736113177281e-09
131.280000000 -1.738015347327e-09
131.290000000 -1.736322240190e-09
131.300000000 -1.738224626675e-09
131.310000000 -1.736531303098e-09
131.320000000 -1.738433906024e-09
131.330000000 -1.736740366007e-09
131.340000000 -1.738643185373e-09
131.350000000 -1.736949428916e-09
131.360000000 -1.738852464722e-09
131.370000000 -1.737158491824e-09
131.380000000 -1.739061744071e-09
131.390000000 -1.737367554733e-09
131.400000000 -1.739271023419e-09
131.410000000 -1.737576617642e-09
131.420000000 -1.739480302768e-09
131.430000000 -1.737785680550e-09
131.440000000 -1.739689582117e-09
131.450000000 -1.737994743459e-09
131.460000000 -1.739898861466e-09
131.470000000 -1.738203806367e-09
131.480000000 -1.740108140815e-09
131.490000000 -1.738412869276e-09
131.500000000 -1.740317420164e-09
131.510000000 -1.738621932185e-09
131.520000000 -1.740526699512e-09
131.530000000 -1.738830995093e-09
131.540000000 -1.740735978861e-09
131.550000000 -1.739040058002e-09
131.560000000 -1.740945258210e-09
131.570000000 -1.739249120910e-09
131.580000000 -1.741154537559e-09
131.590000000 -1.739458183819e-09
131.600000000 -1.741363816908e-09
131.610000000 -1.739667246728e-09
131.620000000 -1.741573096256e-09
131.630000000 -1.739876309636e-09
131.640000000 -1.741782375605e-09
131.650000000 -1.740085372545e-09
131.660000000 -1.741991654954e-09
131.670000000 -1.740294435453e-09
131.680000000 -1.742200934303e-09
131.690000000 -1.740503498362e-09
131.700000000 -1.742410213652e-09
131.710000000 -1.740712561271e-09
131.720000000 -1.742619493000e-09
131.730000000 -1.740921624179e-09
131.740000000 -1.742828772349e-09
131.750000000 -1.741130687088e-09
131.760000000 -1.743038051698e-09
131.770000000 -1.741339749996e-09
131.780000000 -1.743247331047e-09
131.790000000 -1.741548812905e-09
131.800000000 -1.743456610396e-09
131.810000000 -1.741757875814e-09
131.820000000 -1.743665889745e-09
131.830000000 -1.741966938722e-09
131.840000000 -1.743875169093e-09
131.850000000 -1.742176001631e-09
131.860000000 -1.744084448442e-09
131.870000000 -1.742385064539e-09
131.880000000 -1.744293727791e-09
131.890000000 -1.742594127448e-09
131.900000000 -1.744503007140e-09
131.910000000 -1.742803190357e-09
131.920000000 -1.744712286489e-09
131.930000000 -1.743012253265e-09
131.940000000 -1.744921565837e-09
131.950000000 -1.743221316174e-09
131.960000000 -1.745130845186e-09
131.970000000 -1.743430379083e-09
131.980000000 -1.745340124535e-09
131.990000000 -1.743639441991e-09
132.000000000 -1.745549403884e-09
132.010000000 -1.743848504900e-09
132.020000000 -1.745758683233e-09
132.030000000 -1.744057567808e-09
132.040000000 -1.745967962581e-09
132.050000000 -1.744266630717e-09
132.060000000 -1.746177241930e-09
132.070000000 -1.744475693626e-09
132.080000000 -1.746386521279e-09
132.090000000 -1.744684756534e-09
132.100000000 -1.746595800628e-09
132.110000000 -1.744893819443e-09
132.120000000 -1.746805079977e-09
132.130000000 -1.745102882351e-09
132.140000000 -1.747014359326e-09
132.150000000 -1.745311945260e-09
132.160000000 -1.747223638674e-09
132.170000000 -1.745521008169e-09
132.180000000 -1.747432918023e-09
132.190000000 -1.745730071077e-09
132.200000000 -1.747642197372e-09
132.210000000 -1.745939133986e-09
132.220000000 -1.747851476721e-09
132.230000000 -1.746148196894e-09
132.240000000 -1.748060756070e-09
132.250000000 -1.746357259803e-09
132.260000000 -1.748270035418e-09
132.270000000 -1.746566322712e-09
132.280000000 -1.748479314767e-09
132.290000000 -1.746775385620e-09
132.300000000 -1.748688594116e-09
132.310000000 -1.746984448529e-09
132.320000000 -1.748897873465e-09
132.330000000 -1.747193511437e-09
132.340000000 -1.749107152814e-09
132.350000000 -1.747402574346e-09
132.360000000 -1.749316432162e-09
132.370000000 -1.747611637255e-09
132.380000000 -1.749525711511e-09
132.390000000 -1.747820700163e-09
132.400000000 -1.749734990860e-09
132.410000000 -1.748029763072e-09
132.420000000 -1.749944270209e-09
132.430000000 -1.748238825981e-09
132.440000000 -1.750153549558e-09
132.450000000 -1.748447888889e-09
132.460000000 -1.750362828907e-09
132.470000000 -1.748656951798e-09
132.480000000 -1.750572108255e-09
132.490000000 -1.748866014706e-09
132.500000000 -1.750781387604e-09
132.510000000 -1.749075077615e-09
132.520000000 -1.750990666953e-09
132.530000000 -1.749284140524e-09
132.540000000 -1.751199946302e-09
132.550000000 -1.749493203432e-09
132.560000000 -1.751409225651e-09
132.570000000 -1.749702266341e-09
132.580000000 -1.751618504999e-09
132.590000000 -1.749911329249e-09
132.600000000 -1.751827784348e-09
132.610000000 -1.750120392158e-09
132.620000000 -1.752037063697e-09
132.630000000 -1.750329455067e-09
132.640000000 -1.752246343046e-09
132.650000000 -1.750538517975e-09
132.660000000 -1.752455622395e-09
132.670000000 -1.750747580884e-09
132.680000000 -1.752664901743e-09
132.690000000 -1.750956643792e-09
132.700000000 -1.752874181092e-09
132.710000000 -1.751165706701e-09
132.720000000 -1.753083460441e-09
132.730000000 -1.751374769610e-09
132.740000000 -1.753292739790e-09
132.750000000 -1.751583832518e-09
132.760000000 -1.753502019139e-09
132.770000000 -1.751792895427e-09
132.780000000 -1.753711298488e-09
132.790000000 -1.752001958335e-09
132.800000000 -1.753920577836e-09
132.810000000 -1.752211021244e-09
132.820000000 -1.754129857185e-09
132.830000000 -1.752420084153e-09
132.840000000 -1.754339136534e-09
132.850000000 -1.752629147061e-09
132.860000000 -1.754548415883e-09
132.870000000 -1.752838209970e-09
132.880000000 -1.754757695232e-09
132.890000000 -1.753047272879e-09
132.900000000 -1.754966974580e-09
132.910000000 -1.753256335787e-09
132.920000000 -1.755176253929e-09
132.930000000 -1.753465398696e-09
132.940000000 -1.755385533278e-09
132.950000000 -1.753674461604e-09
132.960000000 -1.755594812627e-09
132.970000000 -1.753883524513e-09
132.980000000 -1.755804091976e-09
132.990000000 -1.754092587422e-09
133.000000000 -1.756013371324e-09
133.010000000 -1.754301650330e-09
133.020000000 -1.756222650673e-09
133.030000000 -1.754510713239e-09
133.040000000 -1.756431930022e-09
133.050000000 -1.754719776147e-09
133.060000000 -1.756641209371e-09
133.070000000 -1.754928839056e-09
133.080000000 -1.756850488720e-09
133.090000000 -1.755137901965e-09
133.100000000 -1.757059768069e-09
133.110000000 -1.755346964873e-09
133.120000000 -1.757269047417e-09
133.130000000 -1.755556027782e-09
133.140000000 -1.757478326766e-09
133.150000000 -1.755765090690e-09
133.160000000 -1.757687606115e-09
133.170000000 -1.755974153599e-09
133.180000000 -1.757896885464e-09
133.190000000 -1.756183216508e-09
133.200000000 -1.758106164813e-09
133.210000000 -1.756392279416e-09
133.220000000 -1.758315444161e-09
133.230000000 -1.756601342325e-09
133.240000000 -1.758524723510e-09
133.250000000 -1.756810405233e-09
133.260000000 -1.758734002859e-09
133.270000000 -1.757019468142e-09
133.280000000 -1.758943282208e-09
133.290000000 -1.757228531051e-09
133.300000000 -1.759152561557e-09
133.310000000 -1.757437593959e-09
133.320000000 -1.759361840905e-09
133.330000000 -1.757646656868e-09
133.340000000 -1.759571120254e-09
133.350000000 -1.757855719777e-09
133.360000000 -1.759780399603e-09
133.370000000 -1.758064782685e-09
133.380000000 -1.759989678952e-09
133.390000000 -1.758273845594e-09
133.400000000 -1.760198958301e-09
133.410000000 -1.758482908502e-09
133.420000000 -1.760408237650e-09
133.430000000 -1.758691971411e-09
133.440000000 -1.760617516998e-09
133.450000000 -1.758901034320e-09
133.460000000 -1.760826796347e-09
133.470000000 -1.759110097228e-09
133.480000000 -1.761036075696e-09
133.490000000 -1.759319160137e-09
133.500000000 -1.761245355045e-09
133.510000000 -1.759528223045e-09
133.520000000 -1.761454634394e-09
133.530000000 -1.759737285954e-09
133.540000000 -1.761663913742e-09
133.550000000 -1.759946348863e-09
133.560000000 -1.761873193091e-09
133.570000000 -1.760155411771e-09
133.580000000 -1.762082472440e-09
133.590000000 -1.760364474680e-09
133.600000000 -1.762291751789e-09
133.610000000 -1.760573537588e-09
133.620000000 -1.762501031138e-09
133.630000000 -1.760782600497e-09
133.640000000 -1.762710310486e-09
133.650000000 -1.760991663406e-09
133.660000000 -1.762919589835e-09
133.670000000 -1.761200726314e-09
133.680000000 -1.763128869184e-09
133.690000000 -1.761409789223e-09
133.700000000 -1.763338148533e-09
133.710000000 -1.761618852131e-09
133.720000000 -1.763547427882e-09
133.730000000 -1.761827915040e-09
133.740000000 -1.763756707231e-09
133.750000000 -1.762036977949e-09
133.760000000 -1.763965986579e-09
133.770000000 -1.762246040857e-09
133.780000000 -1.764175265928e-09
133.790000000 -1.762455103766e-09
133.800000000 -1.764384545277e-09
133.810000000 -1.762664166675e-09
133.820000000 -1.764593824626e-09
133.830000000 -1.762873229583e-09
133.840000000 -1.764803103975e-09
133.850000000 -1.763082292492e-09
133.860000000 -1.765012383323e-09
133.870000000 -1.763291355400e-09
133.880000000 -1.765221662672e-09
133.890000000 -1.763500418309e-09
133.900000000 -1.765430942021e-09
133.910000000 -1.763709481218e-09
133.920000000 -1.765640221370e-09
133.930000000 -1.763918544126e-09
133.940000000 -1.765849500719e-09
133.950000000 -1.764127607035e-09
133.960000000 -1.766058780067e-09
133.970000000 -1.764336669943e-09
133.980000000 -1.766268059416e-09
133.990000000 -1.764545732852e-09
134.000000000 -1.766477338765e-09
134.010000000 -1.764754795761e-09
134.020000000 -1.766686618114e-09
134.030000000 -1.764963858669e-09
134.040000000 -1.766895897463e-09
134.050000000 -1.765172921578e-09
134.060000000 -1.767105176812e-09
134.070000000 -1.765381984486e-09
134.080000000 -1.767314456160e-09
134.090000000 -1.765591047395e-09
134.100000000 -1.767523735509e-09
134.110000000 -1.765800110304e-09
134.120000000 -1.767733014858e-09
134.130000000 -1.766009173212e-09
134.140000000 -1.767942294207e-09
134.150000000 -1.766218236121e-09
134.160000000 -1.768151573556e-09
134.170000000 -1.766427299029e-09
134.180000000 -1.768360852904e-09
134.190000000 -1.766636361938e-09
134.200000000 -1.768570132253e-09
134.210000000 -1.766845424847e-09
134.220000000 -1.768779411602e-09
134.230000000 -1.767054487755e-09
134.240000000 -1.768988690951e-09
134.250000000 -1.767263550664e-09
134.260000000 -1.769197970300e-09
134.270000000 -1.767472613573e-09
134.280000000 -1.769407249648e-09
134.290000000 -1.767681676481e-09
134.300000000 -1.769616528997e-09
134.310000000 -1.767890739390e-09
134.320000000 -1.769825808346e-09
134.330000000 -1.768099802298e-09
134.340000000 -1.770035087695e-09
134.350000000 -1.768308865207e-09
134.360000000 -1.770244367044e-09
134.370000000 -1.768517928116e-09
134.380000000 -1.770453646393e-09
134.390000000 -1.768726991024e-09
134.400000000 -1.770662925741e-09
134.410000000 -1.768936053933e-09
134.420000000 -1.770872205090e-09
134.430000000 -1.769145116841e-09
134.440000000 -1.771081484439e-09
134.450000000 -1.769354179750e-09
134.460000000 -1.771290763788e-09
134.470000000 -1.769563242659e-09
134.480000000 -1.771500043137e-09
134.490000000 -1.769772305567e-09
134.500000000 -1.771709322485e-09
134.510000000 -1.769981368476e-09
134.520000000 -1.771918601834e-09
134.530000000 -1.770190431384e-09
134.540000000 -1.772127881183e-09
134.550000000 -1.770399494293e-09
134.560000000 -1.772337160532e-09
134.570000000 -1.770608557202e-09
134.580000000 -1.772546439881e-09
134.590000000 -1.770817620110e-09
134.600000000 -1.772755719229e-09
134.610000000 -1.771026683019e-09
134.620000000 -1.772964998578e-09
134.630000000 -1.771235745927e-09
134.640000000 -1.773174277927e-09
134.650000000 -1.771444808836e-09
134.660000000 -1.773383557276e-09
134.670000000 -1.771653871745e-09
134.680000000 -1.773592836625e-09
134.690000000 -1.771862934653e-09
134.700000000 -1.773802115974e-09
134.710000000 -1.772071997562e-09
134.720000000 -1.774011395322e-09
134.730000000 -1.772281060471e-09
134.740000000 -1.774220674671e-09
134.750000000 -1.772490123379e-09
134.760000000 -1.774429954020e-09
134.770000000 -1.772699186288e-09
134.780000000 -1.774639233369e-09
134.790000000 -1.772908249196e-09
134.800000000 -1.774848512718e-09
134.810000000 -1.773117312105e-09
134.820000000 -1.775057792066e-09
134.830000000 -1.773326375014e-09
134.840000000 -1.775267071415e-09
134.850000000 -1.773535437922e-09
134.860000000 -1.775476350764e-09
134.870000000 -1.773744500831e-09
134.880000000 -1.775685630113e-09
134.890000000 -1.773953563739e-09
134.900000000 -1.775894909462e-09
134.910000000 -1.774162626648e-09
134.920000000 -1.776104188810e-09
134.930000000 -1.774371689557e-09
134.940000000 -1.776313468159e-09
134.950000000 -1.774580752465e-09
134.960000000 -1.776522747508e-09
134.970000000 -1.774789815374e-09
134.980000000 -1.776732026857e-09
134.990000000 -1.774998878282e-09
135.000000000 -1.776941306206e-09
135.010000000 -1.775207941191e-09
135.020000000 -1.777150585555e-09
135.030000000 -1.775417004100e-09
135.040000000 -1.777359864903e-09
135.050000000 -1.775626067008e-09
135.060000000 -1.777569144252e-09
135.070000000 -1.775835129917e-09
135.080000000 -1.777778423601e-09
135.090000000 -1.776044192825e-09
135.100000000 -1.777987702950e-09
135.110000000 -1.776253255734e-09
135.120000000 -1.778196982299e-09
135.130000000 -1.776462318643e-09
135.140000000 -1.778406261647e-09
135.150000000 -1.776671381551e-09
135.160000000 -1.778615540996e-09
135.170000000 -1.776880444460e-09
135.180000000 -1.778824820345e-09
135.190000000 -1.777089507369e-09
135.200000000 -1.779034099694e-09
135.210000000 -1.777298570277e-09
135.220000000 -1.779243379043e-09
135.230000000 -1.777507633186e-09
135.240000000 -1.779452658391e-09
135.250000000 -1.777716696094e-09
135.260000000 -1.779661937740e-09
135.270000000 -1.777925759003e-09
135.280000000 -1.779871217089e-09
135.290000000 -1.778134821912e-09
135.300000000 -1.780080496438e-09
135.310000000 -1.778343884820e-09
135.320000000 -1.780289775787e-09
135.330000000 -1.778552947729e-09
135.340000000 -1.780499055136e-09
135.350000000 -1.778762010637e-09
135.360000000 -1.780708334484e-09
135.370000000 -1.778971073546e-09
135.380000000 -1.780917613833e-09
135.390000000 -1.779180136455e-09
135.400000000 -1.781126893182e-09
135.410000000 -1.779389199363e-09
135.420000000 -1.781336172531e-09
135.430000000 -1.779598262272e-09
135.440000000 -1.781545451880e-09
135.450000000 -1.779807325180e-09
135.460000000 -1.781754731228e-09
135.470000000 -1.780016388089e-09
135.480000000 -1.781964010577e-09
135.490000000 -1.780225450998e-09
135.500000000 -1.782173289926e-09
135.510000000 -1.780434513906e-09
135.520000000 -1.782382569275e-09
135.530000000 -1.780643576815e-09
135.540000000 -1.782591848624e-09
135.550000000 -1.780852639723e-09
135.560000000 -1.782801127972e-09
135.570000000 -1.781061702632e-09
135.580000000 -1.783010407321e-09
135.590000000 -1.781270765541e-09
135.600000000 -1.783219686670e-09
135.610000000 -1.781479828449e-09
135.620000000 -1.783428966019e-09
135.630000000 -1.781688891358e-09
135.640000000 -1.783638245368e-09
135.650000000 -1.781897954267e-09
135.660000000 -1.783847524717e-09
135.670000000 -1.782107017175e-09
135.680000000 -1.784056804065e-09
135.690000000 -1.782316080084e-09
135.700000000 -1.784266083414e-09
135.710000000 -1.782525142992e-09
135.720000000 -1.784475362763e-09
135.730000000 -1.782734205901e-09
135.740000000 -1.784684642112e-09
135.750000000 -1.782943268810e-09
135.760000000 -1.784893921461e-09
135.770000000 -1.783152331718e-09
135.780000000 -1.785103200809e-09
135.790000000 -1.783361394627e-09
135.800000000 -1.785312480158e-09
135.810000000 -1.783570457535e-09
135.820000000 -1.785521759507e-09
135.830000000 -1.783779520444e-09
135.840000000 -1.785731038856e-09
135.850000000 -1.783988583353e-09
135.860000000 -1.785940318205e-09
135.870000000 -1.784197646261e-09
135.880000000 -1.786149597553e-09
135.890000000 -1.784406709170e-09
135.900000000 -1.786358876902e-09
135.910000000 -1.784615772078e-09
135.920000000 -1.786568156251e-09
135.930000000 -1.784824834987e-09
135.940000000 -1.786777435600e-09
135.950000000 -1.785033897896e-09
135.960000000 -1.786986714949e-09
135.970000000 -1.785242960804e-09
135.980000000 -1.787195994298e-09
135.990000000 -1.785452023713e-09
136.000000000 -1.787405273646e-09
136.010000000 -1.785661086621e-09
136.020000000 -1.787614552995e-09
136.030000000 -1.785870149530e-09
136.040000000 -1.787823832344e-09
136.050000000 -1.786079212439e-09
136.060000000 -1.788033111693e-09
136.070000000 -1.786288275347e-09
136.080000000 -1.788242391042e-09
136.090000000 -1.786497338256e-09
136.100000000 -1.788451670390e-09
136.110000000 -1.786706401165e-09
136.120000000 -1.788660949739e-09
136.130000000 -1.786915464073e-09
136.140000000 -1.788870229088e-09
136.150000000 -1.787124526982e-09
136.160000000 -1.789079508437e-09
136.170000000 -1.787333589890e-09
136.180000000 -1.789288787786e-09
136.190000000 -1.787542652799e-09
136.200000000 -1.789498067134e-09
136.210000000 -1.787751715708e-09
136.220000000 -1.789707346483e-09
136.230000000 -1.787960778616e-09
136.240000000 -1.789916625832e-09
136.250000000 -1.788169841525e-09
136.260000000 -1.790125905181e-09
136.270000000 -1.788378904433e-09
136.280000000 -1.790335184530e-09
136.290000000 -1.788587967342e-09
136.300000000 -1.790544463879e-09
136.310000000 -1.788797030251e-09
136.320000000 -1.790753743227e-09
136.330000000 -1.789006093159e-09
136.340000000 -1.790963022576e-09
136.350000000 -1.789215156068e-09
136.360000000 -1.791172301925e-09
136.370000000 -1.789424218976e-09
136.380000000 -1.791381581274e-09
136.390000000 -1.789633281885e-09
136.400000000 -1.791590860623e-09
136.410000000 -1.789842344794e-09
136.420000000 -1.791800139971e-09
136.430000000 -1.790051407702e-09
136.440000000 -1.792009419320e-09
136.450000000 -1.790260470611e-09
136.460000000 -1.792218698669e-09
136.470000000 -1.790469533519e-09
136.480000000 -1.792427978018e-09
136.490000000 -1.790678596428e-09
136.500000000 -1.792637257367e-09
136.510000000 -1.790887659337e-09
136.520000000 -1.792846536715e-09
136.530000000 -1.791096722245e-09
136.540000000 -1.793055816064e-09
136.550000000 -1.791305785154e-09
136.560000000 -1.793265095413e-09
136.570000000 -1.791514848063e-09
136.580000000 -1.793474374762e-09
136.590000000 -1.791723910971e-09
136.600000000 -1.793683654111e-09
136.610000000 -1.791932973880e-09
136.620000000 -1.793892933460e-09
136.630000000 -1.792142036788e-09
136.640000000 -1.794102212808e-09
136.650000000 -1.792351099697e-09
136.660000000 -1.794311492157e-09
136.670000000 -1.792560162606e-09
136.680000000 -1.794520771506e-09
136.690000000 -1.792769225514e-09
136.700000000 -1.794730050855e-09
136.710000000 -1.792978288423e-09
136.720000000 -1.794939330204e-09
136.730000000 -1.793187351331e-09
136.740000000 -1.795148609552e-09
136.750000000 -1.793396414240e-09
136.760000000 -1.795357888901e-09
136.770000000 -1.793605477149e-09
136.780000000 -1.795567168250e-09
136.790000000 -1.793814540057e-09
136.800000000 -1.795776447599e-09
136.810000000 -1.794023602966e-09
136.820000000 -1.795985726948e-09
136.830000000 -1.794232665874e-09
136.840000000 -1.796195006296e-09
136.850000000 -1.794441728783e-09
136.860000000 -1.796404285645e-09
136.870000000 -1.794650791692e-09
136.880000000 -1.796613564994e-09
136.890000000 -1.794859854600e-09
136.900000000 -1.796822844343e-09
136.910000000 -1.795068917509e-09
136.920000000 -1.797032123692e-09
136.930000000 -1.795277980417e-09
136.940000000 -1.797241403041e-09
136.950000000 -1.795487043326e-09
136.960000000 -1.797450682389e-09
136.970000000 -1.795696106235e-09
136.980000000 -1.797659961738e-09
136.990000000 -1.795905169143e-09
137.000000000 -1.797869241087e-09
137.010000000 -1.796114232052e-09
137.020000000 -1.798078520436e-09
137.030000000 -1.796323294961e-09
137.040000000 -1.798287799785e-09
137.050000000 -1.796532357869e-09
137.060000000 -1.798497079133e-09
137.070000000 -1.796741420778e-09
137.080000000 -1.798706358482e-09
137.090000000 -1.796950483686e-09
137.100000000 -1.798915637831e-09
137.110000000 -1.797159546595e-09
137.120000000 -1.799124917180e-09
137.130000000 -1.797368609504e-09
137.140000000 -1.799334196529e-09
137.150000000 -1.797577672412e-09
137.160000000 -1.799543475877e-09
137.170000000 -1.797786735321e-09
137.180000000 -1.799752755226e-09
137.190000000 -1.797995798229e-09
137.200000000 -1.799962034575e-09
137.210000000 -1.798204861138e-09
137.220000000 -1.800171313924e-09
137.230000000 -1.798413924047e-09
137.240000000 -1.800380593273e-09
137.250000000 -1.798622986955e-09
137.260000000 -1.800589872622e-09
137.270000000 -1.798832049864e-09
137.280000000 -1.800799151970e-09
137.290000000 -1.799041112772e-09
137.300000000 -1.801008431319e-09
137.310000000 -1.799250175681e-09
137.320000000 -1.801217710668e-09
137.330000000 -1.799459238590e-09
137.340000000 -1.801426990017e-09
137.350000000 -1.799668301498e-09
137.360000000 -1.801636269366e-09
137.370000000 -1.799877364407e-09
137.380000000 -1.801845548714e-09
137.390000000 -1.800086427315e-09
137.400000000 -1.802054828063e-09
137.410000000 -1.800295490224e-09
137.420000000 -1.802264107412e-09
137.430000000 -1.800504553133e-09
137.440000000 -1.802473386761e-09
137.450000000 -1.800713616041e-09
137.460000000 -1.802682666110e-09
137.470000000 -1.800922678950e-09
137.480000000 -1.802891945458e-09
137.490000000 -1.801131741859e-09
137.500000000 -1.803101224807e-09
137.510000000 -1.801340804767e-09
137.520000000 -1.803310504156e-09
137.530000000 -1.801549867676e-09
137.540000000 -1.803519783505e-09
137.550000000 -1.801758930584e-09
137.560000000 -1.803729062854e-09
137.570000000 -1.801967993493e-09
137.580000000 -1.803938342203e-09
137.590000000 -1.802177056402e-09
137.600000000 -1.804147621551e-09
137.610000000 -1.802386119310e-09
137.620000000 -1.804356900900e-09
137.630000000 -1.802595182219e-09
137.640000000 -1.804566180249e-09
137.650000000 -1.802804245127e-09
137.660000000 -1.804775459598e-09
137.670000000 -1.803013308036e-09
137.680000000 -1.804984738947e-09
137.690000000 -1.803222370945e-09
137.700000000 -1.805194018295e-09
137.710000000 -1.803431433853e-09
137.720000000 -1.805403297644e-09
137.730000000 -1.803640496762e-09
137.740000000 -1.805612576993e-09
137.750000000 -1.803849559670e-09
137.760000000 -1.805821856342e-09
137.770000000 -1.804058622579e-09
137.780000000 -1.806031135691e-09
137.790000000 -1.804267685488e-09
137.800000000 -1.806240415039e-09
137.810000000 -1.804476748396e-09
137.820000000 -1.806449694388e-09
137.830000000 -1.804685811305e-09
137.840000000 -1.806658973737e-09
137.850000000 -1.804894874213e-09
137.860000000 -1.806868253086e-09
137.870000000 -1.805103937122e-09
137.880000000 -1.807077532435e-09
137.890000000 -1.805313000031e-09
137.900000000 -1.807286811784e-09
137.910000000 -1.805522062939e-09
137.920000000 -1.807496091132e-09
137.930000000 -1.805731125848e-09
137.940000000 -1.807705370481e-09
137.950000000 -1.805940188757e-09
137.960000000 -1.807914649830e-09
137.970000000 -1.806149251665e-09
137.980000000 -1.808123929179e-09
137.990000000 -1.806358314574e-09
138.000000000 -1.808333208528e-09
138.010000000 -1.806567377482e-09
138.020000000 -1.808542487876e-09
138.030000000 -1.806776440391e-09
138.040000000 -1.808751767225e-09
138.050000000 -1.806985503300e-09
138.060000000 -1.808961046574e-09
138.070000000 -1.807194566208e-09
138.080000000 -1.809170325923e-09
138.090000000 -1.807403629117e-09
138.100000000 -1.809379605272e-09
138.110000000 -1.807612692025e-09
138.120000000 -1.809588884620e-09
138.130000000 -1.807821754934e-09
138.140000000 -1.809798163969e-09
138.150000000 -1.808030817843e-09
138.160000000 -1.810007443318e-09
138.170000000 -1.808239880751e-09
138.180000000 -1.810216722667e-09
138.190000000 -1.808448943660e-09
138.200000000 -1.810426002016e-09
138.210000000 -1.808658006568e-09
138.220000000 -1.810635281365e-09
138.230000000 -1.808867069477e-09
138.240000000 -1.810844560713e-09
138.250000000 -1.809076132386e-09
138.260000000 -1.811053840062e-09
138.270000000 -1.809285195294e-09
138.280000000 -1.811263119411e-09
138.290000000 -1.809494258203e-09
138.300000000 -1.811472398760e-09
138.310000000 -1.809703321111e-09
138.320000000 -1.811681678109e-09
138.330000000 -1.809912384020e-09
138.340000000 -1.811890957457e-09
138.350000000 -1.810121446929e-09
138.360000000 -1.812100236806e-09
138.370000000 -1.810330509837e-09
138.380000000 -1.812309516155e-09
138.390000000 -1.810539572746e-09
138.400000000 -1.812518795504e-09
138.410000000 -1.810748635655e-09
138.420000000 -1.812728074853e-09
138.430000000 -1.810957698563e-09
138.440000000 -1.812937354201e-09
138.450000000 -1.811166761472e-09
138.460000000 -1.813146633550e-09
138.470000000 -1.811375824380e-09
138.480000000 -1.813355912899e-09
138.490000000 -1.811584887289e-09
138.500000000 -1.813565192248e-09
138.510000000 -1.811793950198e-09
138.520000000 -1.813774471597e-09
138.530000000 -1.812003013106e-09
138.540000000 -1.813983750946e-09
138.550000000 -1.812212076015e-09
138.560000000 -1.814193030294e-09
138.570000000 -1.812421138923e-09
138.580000000 -1.814402309643e-09
138.590000000 -1.812630201832e-09
138.600000000 -1.814611588992e-09
138.610000000 -1.812839264741e-09
138.620000000 -1.814820868341e-09
138.630000000 -1.813048327649e-09
138.640000000 -1.815030147690e-09
138.650000000 -1.813257390558e-09
138.660000000 -1.815239427038e-09
138.670000000 -1.813466453466e-09
138.680000000 -1.815448706387e-09
138.690000000 -1.813675516375e-09
138.700000000 -1.815657985736e-09
138.710000000 -1.813884579284e-09
138.720000000 -1.815867265085e-09
138.730000000 -1.814093642192e-09
138.740000000 -1.816076544434e-09
138.750000000 -1.814302705101e-09
138.760000000 -1.816285823783e-09
138.770000000 -1.814511768009e-09
138.780000000 -1.816495103131e-09
138.790000000 -1.814720830918e-09
138.800000000 -1.816704382480e-09
138.810000000 -1.814929893827e-09
138.820000000 -1.816913661829e-09
138.830000000 -1.815138956735e-09
138.840000000 -1.817122941178e-09
138.850000000 -1.815348019644e-09
138.860000000 -1.817332220527e-09
138.870000000 -1.815557082553e-09
138.880000000 -1.817541499875e-09
138.890000000 -1.815766145461e-09
138.900000000 -1.817750779224e-09
138.910000000 -1.815975208370e-09
138.920000000 -1.817960058573e-09
138.930000000 -1.816184271278e-09
138.940000000 -1.818169337922e-09
138.950000000 -1.816393334187e-09
138.960000000 -1.818378617271e-09
138.970000000 -1.816602397096e-09
138.980000000 -1.818587896619e-09
138.990000000 -1.816811460004e-09
139.000000000 -1.818797175968e-09
139.010000000 -1.817020522913e-09
139.020000000 -1.819006455317e-09
139.030000000 -1.817229585821e-09
139.040000000 -1.819215734666e-09
139.050000000 -1.817438648730e-09
139.060000000 -1.819425014015e-09
139.070000000 -1.817647711639e-09
139.080000000 -1.819634293364e-09
139.090000000 -1.817856774547e-09
139.100000000 -1.819843572712e-09
139.110000000 -1.818065837456e-09
139.120000000 -1.820052852061e-09
139.130000000 -1.818274900364e-09
139.140000000 -1.820262131410e-09
139.150000000 -1.818483963273e-09
139.160000000 -1.820471410759e-09
139.170000000 -1.818693026182e-09
139.180000000 -1.820680690108e-09
139.190000000 -1.818902089090e-09
139.200000000 -1.820889969456e-09
139.210000000 -1.819111151999e-09
139.220000000 -1.821099248805e-09
139.230000000 -1.819320214907e-09
139.240000000 -1.821308528154e-09
139.250000000 -1.819529277816e-09
139.260000000 -1.821517807503e-09
139.270000000 -1.819738340725e-09
139.280000000 -1.821727086852e-09
139.290000000 -1.819947403633e-09
139.300000000 -1.821936366200e-09
139.310000000 -1.820156466542e-09
139.320000000 -1.822145645549e-09
139.330000000 -1.820365529451e-09
139.340000000 -1.822354924898e-09
139.350000000 -1.820574592359e-09
139.360000000 -1.822564204247e-09
139.370000000 -1.820783655268e-09
139.380000000 -1.822773483596e-09
139.390000000 -1.820992718176e-09
139.400000000 -1.822982762945e-09
139.410000000 -1.821201781085e-09
139.420000000 -1.823192042293e-09
139.430000000 -1.821410843994e-09
139.440000000 -1.823401321642e-09
139.450000000 -1.821619906902e-09
139.460000000 -1.823610600991e-09
139.470000000 -1.821828969811e-09
139.480000000 -1.823819880340e-09
139.490000000 -1.822038032719e-09
139.500000000 -1.824029159689e-09
139.510000000 -1.822247095628e-09
139.520000000 -1.824238439037e-09
139.530000000 -1.822456158537e-09
139.540000000 -1.824447718386e-09
139.550000000 -1.822665221445e-09
139.560000000 -1.824656997735e-09
139.570000000 -1.822874284354e-09
139.580000000 -1.824866277084e-09
139.590000000 -1.823083347262e-09
139.600000000 -1.825075556433e-09
139.610000000 -1.823292410171e-09
139.620000000 -1.825284835781e-09
139.630000000 -1.823501473080e-09
139.640000000 -1.825494115130e-09
139.650000000 -1.823710535988e-09
139.660000000 -1.825703394479e-09
139.670000000 -1.823919598897e-09
139.680000000 -1.825912673828e-09
139.690000000 -1.824128661805e-09
139.700000000 -1.826121953177e-09
139.710000000 -1.824337724714e-09
139.720000000 -1.826331232526e-09
139.730000000 -1.824546787623e-09
139.740000000 -1.826540511874e-09
139.750000000 -1.824755850531e-09
139.760000000 -1.826749791223e-09
139.770000000 -1.824964913440e-09
139.780000000 -1.826959070572e-09
139.790000000 -1.825173976349e-09
139.800000000 -1.827168349921e-09
139.810000000 -1.825383039257e-09
139.820000000 -1.827377629270e-09
139.830000000 -1.825592102166e-09
139.840000000 -1.827586908618e-09
139.850000000 -1.825801165074e-09
139.860000000 -1.827796187967e-09
139.870000000 -1.826010227983e-09
139.880000000 -1.828005467316e-09
139.890000000 -1.826219290892e-09
139.900000000 -1.828214746665e-09
139.910000000 -1.826428353800e-09
139.920000000 -1.828424026014e-09
139.930000000 -1.826637416709e-09
139.940000000 -1.828633305362e-09
139.950000000 -1.826846479617e-09
139.960000000 -1.828842584711e-09
139.970000000 -1.827055542526e-09
139.980000000 -1.829051864060e-09
139.990000000 -1.827264605435e-09
140.000000000 -1.829261143409e-09
140.010000000 -1.827473668343e-09
140.020000000 -1.829470422758e-09
140.030000000 -1.827682731252e-09
140.040000000 -1.829679702107e-09
140.050000000 -1.827891794160e-09
140.060000000 -1.829888981455e-09
140.070000000 -1.828100857069e-09
140.080000000 -1.830098260804e-09
140.090000000 -1.828309919978e-09
140.100000000 -1.830307540153e-09
140.110000000 -1.828518982886e-09
140.120000000 -1.830516819502e-09
140.130000000 -1.828728045795e-09
140.140000000 -1.830726098851e-09
140.150000000 -1.828937108703e-09
140.160000000 -1.830935378199e-09
140.170000000 -1.829146171612e-09
140.180000000 -1.831144657548e-09
140.190000000 -1.829355234521e-09
140.200000000 -1.831353936897e-09
140.210000000 -1.829564297429e-09
140.220000000 -1.831563216246e-09
140.230000000 -1.829773360338e-09
140.240000000 -1.831772495595e-09
140.250000000 -1.829982423247e-09
140.260000000 -1.831981774943e-09
140.270000000 -1.830191486155e-09
140.280000000 -1.832191054292e-09
140.290000000 -1.830400549064e-09
140.300000000 -1.832400333641e-09
140.310000000 -1.830609611972e-09
140.320000000 -1.832609612990e-09
140.330000000 -1.830818674881e-09
140.340000000 -1.832818892339e-09
140.350000000 -1.831027737790e-09
140.360000000 -1.833028171688e-09
140.370000000 -1.831236800698e-09
140.380000000 -1.833237451036e-09
140.390000000 -1.831445863607e-09
140.400000000 -1.833446730385e-09
140.410000000 -1.831654926515e-09
140.420000000 -1.833656009734e-09
140.430000000 -1.831863989424e-09
140.440000000 -1.833865289083e-09
140.450000000 -1.832073052333e-09
140.460000000 -1.834074568432e-09
140.470000000 -1.832282115241e-09
140.480000000 -1.834283847780e-09
140.490000000 -1.832491178150e-09
140.500000000 -1.834493127129e-09
140.510000000 -1.832700241058e-09
140.520000000 -1.834702406478e-09
140.530000000 -1.832909303967e-09
140.540000000 -1.834911685827e-09
140.550000000 2.697991784746e-10
140.560000000 -1.835120965176e-09
140.570000000 -6.851261054080e-09
140.580000000 -1.835330244524e-09
140.590000000 1.005904973123e-08
140.600000000 -1.835539523873e-09
140.610000000 -2.396479718486e-08
140.620000000 -1.835748803222e-09
140.630000000 3.593566053694e-08
140.640000000 -1.835958082571e-09
140.650000000 -6.299352283453e-08
140.660000000 -1.836167361920e-09
140.670000000 9.482593349603e-08
140.680000000 -1.836376641269e-09
140.690000000 -1.564573907791e-07
140.700000000 -1.836585920617e-09
140.710000000 2.687059636888e-07
140.720000000 -1.836795199966e-09
140.730000000 -7.458122591174e-07
140.740000000 -1.002354475075e-06
140.750000000 -4.333755055611e-07
140.760000000 -1.837213758664e-09
140.770000000 -4.333757146240e-07
140.780000000 -1.002354893634e-06
140.790000000 -7.458128863061e-07
140.800000000 -1.837632317361e-09
140.810000000 2.687049183743e-07
140.820000000 -1.837841596710e-09
140.830000000 -1.564588542195e-07
140.840000000 -1.838050876059e-09
140.850000000 9.482405192986e-08
140.860000000 -1.838260155408e-09
140.870000000 -6.299582252653e-08
140.880000000 -1.838469434757e-09
140.890000000 3.593294271912e-08
140.900000000 -1.838678714105e-09
140.910000000 -2.396793312849e-08
140.920000000 -1.838887993454e-09
140.930000000 1.005549566179e-08
140.940000000 -1.839097272803e-09
140.950000000 -6.855233249343e-09
140.960000000 -1.839306552152e-09
140.970000000 2.654088573938e-10
140.980000000 -1.839515831501e-09
140.990000000 -1.837717750865e-09
141.000000000 -1.839725110850e-09
141.010000000 -1.837926813774e-09
141.020000000 -1.839934390198e-09
141.030000000 -1.838135876682e-09
141.040000000 -1.840143669547e-09
141.050000000 -1.838344939591e-09
141.060000000 -1.840352948896e-09
141.070000000 -1.838554002499e-09
141.080000000 -1.840562228245e-09
141.090000000 -1.838763065408e-09
141.100000000 -1.840771507594e-09
141.110000000 -1.838972128317e-09
141.120000000 -1.840980786942e-09
141.130000000 -1.839181191225e-09
141.140000000 -1.841190066291e-09
141.150000000 -1.839390254134e-09
141.160000000 -1.841399345640e-09
141.170000000 -1.839599317043e-09
141.180000000 -1.841608624989e-09
141.190000000 -1.839808379951e-09
141.200000000 -1.841817904338e-09
141.210000000 -1.840017442860e-09
141.220000000 -1.842027183686e-09
141.230000000 -1.840226505768e-09
141.240000000 -1.842236463035e-09
141.250000000 -1.840435568677e-09
141.260000000 -1.842445742384e-09
141.270000000 -1.840644631586e-09
141.280000000 -1.842655021733e-09
141.290000000 -1.840853694494e-09
141.300000000 -1.842864301082e-09
141.310000000 -1.841062757403e-09
141.320000000 -1.843073580431e-09
141.330000000 -1.841271820311e-09
141.340000000 -1.843282859779e-09
141.350000000 -1.841480883220e-09
141.360000000 -1.843492139128e-09
141.370000000 -1.841689946129e-09
141.380000000 -1.843701418477e-09
141.390000000 -1.841899009037e-09
141.400000000 -1.843910697826e-09
141.410000000 -1.842108071946e-09
141.420000000 -1.844119977175e-09
141.430000000 -1.842317134854e-09
141.440000000 -1.844329256523e-09
141.450000000 -1.842526197763e-09
141.460000000 -1.844538535872e-09
141.470000000 -1.842735260672e-09
141.480000000 -1.844747815221e-09
141.490000000 -1.842944323580e-09
141.500000000 -1.844957094570e-09
141.510000000 -1.843153386489e-09
141.520000000 -1.845166373919e-09
141.530000000 -1.843362449397e-09
141.540000000 -1.845375653267e-09
141.550000000 -1.843571512306e-09
141.560000000 -1.845584932616e-09
141.570000000 -1.843780575215e-09
141.580000000 -1.845794211965e-09
141.590000000 -1.843989638123e-09
141.600000000 -1.846003491314e-09
141.610000000 -1.844198701032e-09
141.620000000 -1.846212770663e-09
141.630000000 -1.844407763941e-09
141.640000000 -1.846422050012e-09
141.650000000 -1.844616826849e-09
141.660000000 -1.846631329360e-09
141.670000000 -1.844825889758e-09
141.680000000 -1.846840608709e-09
141.690000000 -1.845034952666e-09
141.700000000 -1.847049888058e-09
141.710000000 -1.845244015575e-09
141.720000000 -1.847259167407e-09
141.730000000 -1.845453078484e-09
141.740000000 -1.847468446756e-09
141.750000000 -3.948579686742e-09
141.760000000 -1.847677726104e-09
141.770000000 3.172062419995e-09
141.780000000 -1.847887005453e-09
141.790000000 -1.373866649113e-08
141.800000000 -1.848096284802e-09
141.810000000 2.028476229914e-08
141.820000000 -1.848305564151e-09
141.830000000 -3.961611354847e-08
141.840000000 -1.848514843500e-09
141.850000000 5.931265169718e-08
141.860000000 -1.848724122849e-09
141.870000000 -9.850722275920e-08
141.880000000 -1.848933402197e-09
141.890000000 1.527756833901e-07
141.900000000 -1.849142681546e-09
141.910000000 -2.723880892036e-07
141.920000000 -1.849351960895e-09
141.930000000 7.421297154767e-07
141.940000000 9.986679093558e-07
141.950000000 4.296925437947e-07
141.960000000 -1.849770519592e-09
141.970000000 4.296923347317e-07
141.980000000 9.986674907971e-07
141.990000000 7.421290882880e-07
142.000000000 -1.850189078290e-09
142.010000000 -2.723891345182e-07
142.020000000 -1.850398357639e-09
142.030000000 1.527742199498e-07
142.040000000 -1.850607636988e-09
142.050000000 -9.850910432538e-08
142.060000000 -1.850816916337e-09
142.070000000 5.931035200518e-08
142.080000000 -1.851026195685e-09
142.090000000 -3.961883136628e-08
142.100000000 -1.851235475034e-09
142.110000000 2.028162635551e-08
142.120000000 -1.851444754383e-09
142.130000000 -1.374222056058e-08
142.140000000 -1.851654033732e-09
142.150000000 3.168090224731e-09
142.160000000 -1.851863313081e-09
142.170000000 -3.952970007823e-09
142.180000000 -1.852072592429e-09
142.190000000 2.526560199687e-10
142.200000000 -1.852281871778e-09
142.210000000 -6.868404212586e-09
142.220000000 -1.852491151127e-09
142.230000000 1.004190657273e-08
142.240000000 -1.852700430476e-09
142.250000000 -2.398194034337e-08
142.260000000 -1.852909709825e-09
142.270000000 3.591851737843e-08
142.280000000 -1.853118989174e-09
142.290000000 -6.301066599304e-08
142.300000000 -1.853328268522e-09
142.310000000 9.480879033753e-08
142.320000000 -1.853537547871e-09
142.330000000 -1.564745339376e-07
142.340000000 -1.853746827220e-09
142.350000000 2.686888205303e-07
142.360000000 -1.853956106569e-09
142.370000000 -7.458294022759e-07
142.380000000 -1.002371635982e-06
142.390000000 -4.333926487196e-07
142.400000000 -1.854374665266e-09
142.410000000 -4.333928577825e-07
142.420000000 -1.002372054541e-06
142.430000000 -7.479329470100e-07
142.440000000 -1.854793223964e-09
142.450000000 2.737057088401e-07
142.460000000 -1.855002503313e-09
142.470000000 -1.662656660565e-07
142.480000000 -1.855211782662e-09
142.490000000 1.119200267763e-07
142.500000000 -1.855421062010e-09
142.510000000 -9.099291216190e-08
142.520000000 -1.855630341359e-09
142.530000000 7.996204070877e-08
142.540000000 -1.855839620708e-09
142.550000000 -9.266543605048e-08
142.560000000 -1.856048900057e-09
142.570000000 1.206149203270e-07
142.580000000 -1.856258179406e-09
142.590000000 -2.087327712033e-07
142.600000000 -1.856467458754e-09
142.610000000 6.336489570595e-07
142.620000000 9.986607938580e-07
142.630000000 6.315458304512e-07
142.640000000 -1.856886017452e-09
142.650000000 -2.037154647677e-07
142.660000000 -1.857095296801e-09
142.670000000 1.087212887885e-07
142.680000000 -1.857304576150e-09
142.690000000 -7.053584786159e-08
142.700000000 -1.857513855499e-09
142.710000000 4.008762644179e-08
142.720000000 -1.857723134847e-09
142.730000000 -2.481791907649e-08
142.740000000 -1.857932414196e-09
142.750000000 5.467334039565e-09
142.760000000 -1.858141693545e-09
142.770000000 5.467124976656e-09
142.780000000 -1.858350972894e-09
142.790000000 -2.481854626521e-08
142.800000000 -1.858560252243e-09
142.810000000 4.008658112725e-08
142.820000000 -1.858769531591e-09
142.830000000 -7.053731130195e-08
142.840000000 -1.858978810940e-09
142.850000000 1.087194072223e-07
142.860000000 -1.859188090289e-09
142.870000000 -2.037177644597e-07
142.880000000 -1.859397369638e-09
142.890000000 6.315431126334e-07
142.900000000 9.986578639471e-07
142.910000000 6.336458211159e-07
142.920000000 -1.859815928335e-09
142.930000000 -2.087363252728e-07
142.940000000 -1.860025207684e-09
142.950000000 1.206109481317e-07
142.960000000 -1.860234487033e-09
142.970000000 -9.266982637157e-08
142.980000000 -1.860443766382e-09
142.990000000 7.995723226187e-08
143.000000000 -1.860653045731e-09
143.010000000 -9.099813873462e-08
143.020000000 -1.860862325080e-09
143.030000000 1.119143820778e-07
143.040000000 -1.861071604428e-09
143.050000000 -1.662717288809e-07
143.060000000 -1.861280883777e-09
143.070000000 2.736992278899e-07
143.080000000 -1.861490163126e-09
143.090000000 -7.479398460859e-07
143.100000000 -1.002379170039e-06
143.110000000 -4.334001749843e-07
143.120000000 -1.861908721824e-09
143.130000000 -4.334003840472e-07
143.140000000 -1.002379588597e-06
143.150000000 -7.458375557293e-07
143.160000000 -1.862327280521e-09
143.170000000 2.686802489511e-07
143.180000000 -1.862536559870e-09
143.190000000 -1.564835236427e-07
143.200000000 -1.862745839219e-09
143.210000000 9.479938250664e-08
143.220000000 -1.862955118568e-09
143.230000000 -6.302049194974e-08
143.240000000 -1.863164397917e-09
143.250000000 3.590827329591e-08
143.260000000 -1.863373677265e-09
143.270000000 -2.399260255170e-08
143.280000000 -1.863582956614e-09
143.290000000 1.003082623857e-08
143.300000000 -1.863792235963e-09
143.310000000 -6.879902672559e-09
143.320000000 -1.864001515312e-09
143.330000000 2.407394341780e-10
143.340000000 -1.864210794661e-09
143.350000000 -1.862387174081e-09
143.360000000 -1.864420074009e-09
143.370000000 -1.862596236989e-09
143.380000000 -1.864629353358e-09
143.390000000 -1.862805299898e-09
143.400000000 -1.864838632707e-09
143.410000000 -1.863014362807e-09
143.420000000 -1.865047912056e-09
143.430000000 -1.863223425715e-09
143.440000000 -1.865257191405e-09
143.450000000 -1.863432488624e-09
143.460000000 -1.865466470753e-09
143.470000000 -1.863641551533e-09
143.480000000 -1.865675750102e-09
143.490000000 -1.863850614441e-09
143.500000000 -1.865885029451e-09
143.510000000 -1.864059677350e-09
143.520000000 -1.866094308800e-09
143.530000000 -1.864268740258e-09
143.540000000 -1.866303588149e-09
143.550000000 -1.864477803167e-09
143.560000000 -1.866512867498e-09
143.570000000 -1.864686866076e-09
143.580000000 -1.866722146846e-09
143.590000000 -3.967813474334e-09
143.600000000 -1.866931426195e-09
143.610000000 3.152828632403e-09
143.620000000 -1.867140705544e-09
143.630000000 -1.375790027873e-08
143.640000000 -1.867349984893e-09
143.650000000 2.026552851155e-08
143.660000000 -1.867559264242e-09
143.670000000 -3.963534733606e-08
143.680000000 -1.867768543590e-09
143.690000000 5.929341790958e-08
143.700000000 -1.867977822939e-09
143.710000000 -9.852645654680e-08
143.720000000 -1.868187102288e-09
143.730000000 1.527564496025e-07
143.740000000 -1.868396381637e-09
143.750000000 -2.724073229912e-07
143.760000000 -1.868605660986e-09
143.770000000 7.421104816892e-07
143.780000000 9.986486556557e-07
143.790000000 4.296733100071e-07
143.800000000 -1.869024219683e-09
143.810000000 4.296731009442e-07
143.820000000 9.986482370970e-07
143.830000000 7.442127720458e-07
143.840000000 -1.869442778381e-09
143.850000000 -2.774263019300e-07
143.860000000 -1.869652057730e-09
143.870000000 1.625446548407e-07
143.880000000 -1.869861337078e-09
143.890000000 -1.156414561179e-07
143.900000000 -1.870070616427e-09
143.910000000 8.727106469446e-08
143.920000000 -1.870279895776e-09
143.930000000 -8.368430630203e-08
143.940000000 -1.870489175125e-09
143.950000000 8.894275233141e-08
143.960000000 -1.870698454474e-09
143.970000000 -1.243380221719e-07
143.980000000 -1.870907733823e-09
143.990000000 2.050092512326e-07
144.000000000 -1.871117013171e-09
144.010000000 -6.373728951560e-07
144.020000000 -1.002388796889e-06
144.030000000 -6.352701866736e-07
144.040000000 -1.871535571869e-09
144.050000000 1.999906904196e-07
144.060000000 -1.871744851218e-09
144.070000000 -1.124464812625e-07
144.080000000 -1.871954130567e-09
144.090000000 6.681023726179e-08
144.100000000 -1.872163409915e-09
144.110000000 -4.591657271276e-08
144.120000000 -1.872372689264e-09
144.130000000 2.610940584935e-08
144.140000000 -1.872581968613e-09
144.150000000 -1.898386769539e-08
144.160000000 -1.872791247962e-09
144.170000000 7.918709925241e-09
144.180000000 -1.873000527311e-09
144.190000000 -6.889101440538e-09
144.200000000 -1.873209806660e-09
144.210000000 2.315406661992e-10
144.220000000 -1.873419086008e-09
144.230000000 -1.871585942060e-09
144.240000000 -1.873628365357e-09
144.250000000 -1.871795004968e-09
144.260000000 -1.873837644706e-09
144.270000000 -1.872004067877e-09
144.280000000 -1.874046924055e-09
144.290000000 -1.872213130785e-09
144.300000000 -1.874256203404e-09
144.310000000 -1.872422193694e-09
144.320000000 -1.874465482752e-09
144.330000000 -1.872631256603e-09
144.340000000 -1.874674762101e-09
144.350000000 -1.872840319511e-09
144.360000000 -1.874884041450e-09
144.370000000 -1.873049382420e-09
144.380000000 -1.875093320799e-09
144.390000000 -1.873258445328e-09
144.400000000 -1.875302600148e-09
144.410000000 -1.873467508237e-09
144.420000000 -1.875511879496e-09
144.430000000 -1.873676571146e-09
144.440000000 -1.875721158845e-09
144.450000000 -1.873885634054e-09
144.460000000 -1.875930438194e-09
144.470000000 -1.874094696963e-09
144.480000000 -1.876139717543e-09
144.490000000 -1.874303759872e-09
144.500000000 -1.876348996892e-09
144.510000000 -1.874512822780e-09
144.520000000 -1.876558276241e-09
144.530000000 -1.874721885689e-09
144.540000000 -1.876767555589e-09
144.550000000 -1.874930948597e-09
144.560000000 -1.876976834938e-09
144.570000000 -1.875140011506e-09
144.580000000 -1.877186114287e-09
144.590000000 -1.875349074415e-09
144.600000000 -1.877395393636e-09
144.610000000 -1.875558137323e-09
144.620000000 -1.877604672985e-09
144.630000000 -1.875767200232e-09
144.640000000 -1.877813952333e-09
144.650000000 -1.875976263140e-09
144.660000000 -1.878023231682e-09
144.670000000 -1.876185326049e-09
144.680000000 -1.878232511031e-09
144.690000000 -1.876394388958e-09
144.700000000 -1.878441790380e-09
144.710000000 -1.876603451866e-09
144.720000000 -1.878651069729e-09
144.730000000 -1.876812514775e-09
144.740000000 -1.878860349077e-09
144.750000000 -1.877021577683e-09
144.760000000 -1.879069628426e-09
144.770000000 -1.877230640592e-09
144.780000000 -1.879278907775e-09
144.790000000 -1.877439703501e-09
144.800000000 -1.879488187124e-09
144.810000000 -1.877648766409e-09
144.820000000 -1.879697466473e-09
144.830000000 -1.877857829318e-09
144.840000000 -1.879906745822e-09
144.850000000 -1.878066892226e-09
144.860000000 -1.880116025170e-09
144.870000000 -1.878275955135e-09
144.880000000 -1.880325304519e-09
144.890000000 -1.878485018044e-09
144.900000000 -1.880534583868e-09
144.910000000 -1.878694080952e-09
144.920000000 -1.880743863217e-09
144.930000000 -1.878903143861e-09
144.940000000 -1.880953142566e-09
144.950000000 -1.879112206770e-09
144.960000000 -1.881162421914e-09
144.970000000 -1.879321269678e-09
144.980000000 -1.881371701263e-09
144.990000000 -1.879530332587e-09
145.000000000 -1.881580980612e-09
145.010000000 -1.879739395495e-09
145.020000000 -1.881790259961e-09
145.030000000 -1.879948458404e-09
145.040000000 -1.881999539310e-09
145.050000000 -1.880157521313e-09
145.060000000 -1.882208818658e-09
145.070000000 -1.880366584221e-09
145.080000000 -1.882418098007e-09
145.090000000 -1.880575647130e-09
145.100000000 -1.882627377356e-09
145.110000000 -1.880784710038e-09
145.120000000 -1.882836656705e-09
145.130000000 -1.880993772947e-09
145.140000000 -1.883045936054e-09
145.150000000 -1.881202835856e-09
145.160000000 -1.883255215403e-09
145.170000000 -1.881411898764e-09
145.180000000 -1.883464494751e-09
145.190000000 -1.881620961673e-09
145.200000000 -1.883673774100e-09
145.210000000 -1.881830024581e-09
145.220000000 -1.883883053449e-09
145.230000000 -1.882039087490e-09
145.240000000 -1.884092332798e-09
145.250000000 -1.882248150399e-09
145.260000000 -1.884301612147e-09
145.270000000 -1.882457213307e-09
145.280000000 -1.884510891495e-09
145.290000000 -1.882666276216e-09
145.300000000 -1.884720170844e-09
145.310000000 -1.882875339124e-09
145.320000000 -1.884929450193e-09
145.330000000 -1.883084402033e-09
145.340000000 -1.885138729542e-09
145.350000000 -1.883293464942e-09
145.360000000 -1.885348008891e-09
145.370000000 -1.883502527850e-09
145.380000000 -1.885557288239e-09
145.390000000 -1.883711590759e-09
145.400000000 -1.885766567588e-09
145.410000000 -1.883920653668e-09
145.420000000 -1.885975846937e-09
145.430000000 -1.884129716576e-09
145.440000000 -1.886185126286e-09
145.450000000 -1.884338779485e-09
145.460000000 -1.886394405635e-09
145.470000000 -1.884547842393e-09
145.480000000 -1.886603684984e-09
145.490000000 -1.884756905302e-09
145.500000000 -1.886812964332e-09
145.510000000 -1.884965968211e-09
145.520000000 -1.887022243681e-09
145.530000000 -1.885175031119e-09
145.540000000 -1.887231523030e-09
145.550000000 -1.885384094028e-09
145.560000000 -1.887440802379e-09
145.570000000 -1.885593156936e-09
145.580000000 -1.887650081728e-09
145.590000000 -1.885802219845e-09
145.600000000 -1.887859361076e-09
145.610000000 -1.886011282754e-09
145.620000000 -1.888068640425e-09
145.630000000 -1.886220345662e-09
145.640000000 -1.888277919774e-09
145.650000000 -1.886429408571e-09
145.660000000 -1.888487199123e-09
145.670000000 -1.886638471479e-09
145.680000000 -1.888696478472e-09
145.690000000 -1.886847534388e-09
145.700000000 -1.888905757820e-09
145.710000000 -1.887056597297e-09
145.720000000 -1.889115037169e-09
145.730000000 -1.887265660205e-09
145.740000000 -1.889324316518e-09
145.750000000 -1.887474723114e-09
145.760000000 -1.889533595867e-09
145.770000000 -1.887683786022e-09
145.780000000 -1.889742875216e-09
145.790000000 -1.887892848931e-09
145.800000000 -1.889952154565e-09
145.810000000 -1.888101911840e-09
145.820000000 -1.890161433913e-09
145.830000000 -1.888310974748e-09
145.840000000 -1.890370713262e-09
145.850000000 -1.888520037657e-09
145.860000000 -1.890579992611e-09
145.870000000 -1.888729100566e-09
145.880000000 -1.890789271960e-09
145.890000000 -1.888938163474e-09
145.900000000 -1.890998551309e-09
145.910000000 -1.889147226383e-09
145.920000000 -1.891207830657e-09
145.930000000 -1.889356289291e-09
145.940000000 -1.891417110006e-09
145.950000000 -1.889565352200e-09
145.960000000 -1.891626389355e-09
145.970000000 -1.889774415109e-09
145.980000000 -1.891835668704e-09
145.990000000 -1.889983478017e-09
146.000000000 -1.892044948053e-09
146.010000000 -1.890192540926e-09
146.020000000 -1.892254227401e-09
146.030000000 -1.890401603834e-09
146.040000000 -1.892463506750e-09
146.050000000 -1.890610666743e-09
146.060000000 -1.892672786099e-09
146.070000000 -1.890819729652e-09
146.080000000 -1.892882065448e-09
146.090000000 -1.891028792560e-09
146.100000000 -1.893091344797e-09
146.110000000 -1.891237855469e-09
146.120000000 -1.893300624146e-09
146.130000000 -1.891446918377e-09
146.140000000 -1.893509903494e-09
146.150000000 -1.891655981286e-09
146.160000000 -1.893719182843e-09
146.170000000 -1.891865044195e-09
146.180000000 -1.893928462192e-09
146.190000000 -1.892074107103e-09
146.200000000 -1.894137741541e-09
146.210000000 -1.892283170012e-09
146.220000000 -1.894347020890e-09
146.230000000 -1.892492232920e-09
146.240000000 -1.894556300238e-09
146.250000000 -1.892701295829e-09
146.260000000 -1.894765579587e-09
146.270000000 -1.892910358738e-09
146.280000000 -1.894974858936e-09
146.290000000 -1.893119421646e-09
146.300000000 -1.895184138285e-09
146.310000000 -1.893328484555e-09
146.320000000 -1.895393417634e-09
146.330000000 -1.893537547464e-09
146.340000000 -1.895602696982e-09
146.350000000 -1.893746610372e-09
146.360000000 -1.895811976331e-09
146.370000000 -1.893955673281e-09
146.380000000 -1.896021255680e-09
146.390000000 -1.894164736189e-09
146.400000000 -1.896230535029e-09
146.410000000 -1.894373799098e-09
146.420000000 -1.896439814378e-09
146.430000000 -1.894582862007e-09
146.440000000 -1.896649093727e-09
146.450000000 -1.894791924915e-09
146.460000000 -1.896858373075e-09
146.470000000 -1.895000987824e-09
146.480000000 -1.897067652424e-09
146.490000000 -1.895210050732e-09
146.500000000 -1.897276931773e-09
146.510000000 -1.895419113641e-09
146.520000000 -1.897486211122e-09
146.530000000 -1.895628176550e-09
146.540000000 -1.897695490471e-09
146.550000000 -1.895837239458e-09
146.560000000 -1.897904769819e-09
146.570000000 -1.896046302367e-09
146.580000000 -1.898114049168e-09
146.590000000 -1.896255365275e-09
146.600000000 -1.898323328517e-09
146.610000000 -1.896464428184e-09
146.620000000 -1.898532607866e-09
146.630000000 -1.896673491093e-09
146.640000000 -1.898741887215e-09
146.650000000 -1.896882554001e-09
146.660000000 -1.898951166563e-09
146.670000000 -1.897091616910e-09
146.680000000 -1.899160445912e-09
146.690000000 -1.897300679818e-09
146.700000000 -1.899369725261e-09
146.710000000 -1.897509742727e-09
146.720000000 -1.899579004610e-09
146.730000000 -1.897718805636e-09
146.740000000 -1.899788283959e-09
146.750000000 -1.897927868544e-09
146.760000000 -1.899997563308e-09
146.770000000 -1.898136931453e-09
146.780000000 -1.900206842656e-09
146.790000000 -1.898345994362e-09
146.800000000 -1.900416122005e-09
146.810000000 -1.898555057270e-09
146.820000000 -1.900625401354e-09
146.830000000 -1.898764120179e-09
146.840000000 -1.900834680703e-09
146.850000000 -1.898973183087e-09
146.860000000 -1.901043960052e-09
146.870000000 -1.899182245996e-09
146.880000000 -1.901253239400e-09
146.890000000 -1.899391308905e-09
146.900000000 -1.901462518749e-09
146.910000000 -1.899600371813e-09
146.920000000 -1.901671798098e-09
146.930000000 -1.899809434722e-09
146.940000000 -1.901881077447e-09
146.950000000 -1.900018497630e-09
146.960000000 -1.902090356796e-09
146.970000000 -1.900227560539e-09
146.980000000 -1.902299636144e-09
146.990000000 -1.900436623448e-09
147.000000000 -1.902508915493e-09
147.010000000 -1.900645686356e-09
147.020000000 -1.902718194842e-09
147.030000000 -1.900854749265e-09
147.040000000 -1.902927474191e-09
147.050000000 -1.901063812173e-09
147.060000000 -1.903136753540e-09
147.070000000 -1.901272875082e-09
147.080000000 -1.903346032889e-09
147.090000000 -1.901481937991e-09
147.100000000 -1.903555312237e-09
147.110000000 -1.901691000899e-09
147.120000000 -1.903764591586e-09
147.130000000 -1.901900063808e-09
147.140000000 -1.903973870935e-09
147.150000000 -1.902109126716e-09
147.160000000 -1.904183150284e-09
147.170000000 -1.902318189625e-09
147.180000000 -1.904392429633e-09
147.190000000 -1.902527252534e-09
147.200000000 -1.904601708981e-09
147.210000000 -1.902736315442e-09
147.220000000 -1.904810988330e-09
147.230000000 -1.902945378351e-09
147.240000000 -1.905020267679e-09
147.250000000 -1.903154441260e-09
147.260000000 -1.905229547028e-09
147.270000000 -1.903363504168e-09
147.280000000 -1.905438826377e-09
147.290000000 -1.903572567077e-09
147.300000000 -1.905648105726e-09
147.310000000 -1.903781629985e-09
147.320000000 -1.905857385074e-09
147.330000000 -1.903990692894e-09
147.340000000 -1.906066664423e-09
147.350000000 -1.904199755803e-09
147.360000000 -1.906275943772e-09
147.370000000 -1.904408818711e-09
147.380000000 -1.906485223121e-09
147.390000000 -1.904617881620e-09
147.400000000 -1.906694502470e-09
147.410000000 -1.904826944528e-09
147.420000000 -1.906903781818e-09
147.430000000 -1.905036007437e-09
147.440000000 -1.907113061167e-09
147.450000000 -1.905245070346e-09
147.460000000 -1.907322340516e-09
147.470000000 -1.905454133254e-09
147.480000000 -1.907531619865e-09
147.490000000 -1.905663196163e-09
147.500000000 -1.907740899214e-09
147.510000000 -1.905872259071e-09
147.520000000 -1.907950178562e-09
147.530000000 -1.906081321980e-09
147.540000000 -1.908159457911e-09
147.550000000 -1.906290384889e-09
147.560000000 -1.908368737260e-09
147.570000000 -1.906499447797e-09
147.580000000 -1.908578016609e-09
147.590000000 -1.906708510706e-09
147.600000000 -1.908787295958e-09
147.610000000 -1.906917573614e-09
147.620000000 -1.908996575307e-09
147.630000000 -1.907126636523e-09
147.640000000 -1.909205854655e-09
147.650000000 -1.907335699432e-09
147.660000000 -1.909415134004e-09
147.670000000 -1.907544762340e-09
147.680000000 -1.909624413353e-09
147.690000000 -1.907753825249e-09
147.700000000 -1.909833692702e-09
147.710000000 -1.907962888158e-09
147.720000000 -1.910042972051e-09
147.730000000 -1.908171951066e-09
147.740000000 -1.910252251399e-09
147.750000000 -1.908381013975e-09
147.760000000 -1.910461530748e-09
147.770000000 -1.908590076883e-09
147.780000000 -1.910670810097e-09
147.790000000 -1.908799139792e-09
147.800000000 -1.910880089446e-09
147.810000000 -1.909008202701e-09
147.820000000 -1.911089368795e-09
147.830000000 -1.909217265609e-09
147.840000000 -1.911298648143e-09
147.850000000 -1.909426328518e-09
147.860000000 -1.911507927492e-09
147.870000000 -1.909635391426e-09
147.880000000 -1.911717206841e-09
147.890000000 -1.909844454335e-09
147.900000000 -1.911926486190e-09
147.910000000 -1.910053517244e-09
147.920000000 -1.912135765539e-09
147.930000000 -1.910262580152e-09
147.940000000 -1.912345044888e-09
147.950000000 -1.910471643061e-09
147.960000000 -1.912554324236e-09
147.970000000 -1.910680705969e-09
147.980000000 -1.912763603585e-09
147.990000000 -1.910889768878e-09
148.000000000 -1.912972882934e-09
148.010000000 -1.911098831787e-09
148.020000000 -1.913182162283e-09
148.030000000 -1.911307894695e-09
148.040000000 -1.913391441632e-09
148.050000000 -1.911516957604e-09
148.060000000 -1.913600720980e-09
148.070000000 -1.911726020512e-09
148.080000000 -1.913810000329e-09
148.090000000 -1.911935083421e-09
148.100000000 -1.914019279678e-09
148.110000000 -1.912144146330e-09
148.120000000 -1.914228559027e-09
148.130000000 -1.912353209238e-09
148.140000000 -1.914437838376e-09
148.150000000 -1.912562272147e-09
148.160000000 -1.914647117724e-09
148.170000000 -1.912771335056e-09
148.180000000 -1.914856397073e-09
148.190000000 -1.912980397964e-09
148.200000000 -1.915065676422e-09
148.210000000 -1.913189460873e-09
148.220000000 -1.915274955771e-09
148.230000000 -1.913398523781e-09
148.240000000 -1.915484235120e-09
148.250000000 -1.913607586690e-09
148.260000000 -1.915693514469e-09
148.270000000 -1.913816649599e-09
148.280000000 -1.915902793817e-09
148.290000000 -1.914025712507e-09
148.300000000 -1.916112073166e-09
148.310000000 -1.914234775416e-09
148.320000000 -1.916321352515e-09
148.330000000 -1.914443838324e-09
148.340000000 -1.916530631864e-09
148.350000000 -1.914652901233e-09
148.360000000 -1.916739911213e-09
148.370000000 -1.914861964142e-09
148.380000000 -1.916949190561e-09
148.390000000 -1.915071027050e-09
148.400000000 -1.917158469910e-09
148.410000000 -1.915280089959e-09
148.420000000 -1.917367749259e-09
148.430000000 -1.915489152867e-09
148.440000000 -1.917577028608e-09
148.450000000 -1.915698215776e-09
148.460000000 -1.917786307957e-09
148.470000000 -1.915907278685e-09
148.480000000 -1.917995587305e-09
148.490000000 -1.916116341593e-09
148.500000000 -1.918204866654e-09
148.510000000 -1.916325404502e-09
148.520000000 -1.918414146003e-09
148.530000000 -1.916534467410e-09
148.540000000 -1.918623425352e-09
148.550000000 -1.916743530319e-09
148.560000000 -1.918832704701e-09
148.570000000 -1.916952593228e-09
148.580000000 -1.919041984050e-09
148.590000000 -1.917161656136e-09
148.600000000 -1.919251263398e-09
148.610000000 -1.917370719045e-09
148.620000000 -1.919460542747e-09
148.630000000 -1.917579781954e-09
148.640000000 -1.919669822096e-09
148.650000000 -1.917788844862e-09
148.660000000 -1.919879101445e-09
148.670000000 -1.917997907771e-09
148.680000000 -1.920088380794e-09
148.690000000 -1.918206970679e-09
148.700000000 -1.920297660142e-09
148.710000000 -1.918416033588e-09
148.720000000 -1.920506939491e-09
148.730000000 -1.918625096497e-09
148.740000000 -1.920716218840e-09
148.750000000 -1.918834159405e-09
148.760000000 -1.920925498189e-09
148.770000000 -1.919043222314e-09
148.780000000 -1.921134777538e-09
148.790000000 -1.919252285222e-09
148.800000000 -1.921344056886e-09
148.810000000 -1.919461348131e-09
148.820000000 -1.921553336235e-09
148.830000000 -1.919670411040e-09
148.840000000 -1.921762615584e-09
148.850000000 -1.919879473948e-09
148.860000000 -1.921971894933e-09
148.870000000 -1.920088536857e-09
148.880000000 -1.922181174282e-09
148.890000000 -1.920297599765e-09
148.900000000 -1.922390453631e-09
148.910000000 -1.920506662674e-09
148.920000000 -1.922599732979e-09
148.930000000 -1.920715725583e-09
148.940000000 -1.922809012328e-09
148.950000000 -1.920924788491e-09
148.960000000 -1.923018291677e-09
148.970000000 -1.921133851400e-09
148.980000000 -1.923227571026e-09
148.990000000 -1.921342914308e-09
149.000000000 -1.923436850375e-09
149.010000000 -1.921551977217e-09
149.020000000 -1.923646129723e-09
149.030000000 -1.921761040126e-09
149.040000000 -1.923855409072e-09
149.050000000 -1.921970103034e-09
149.060000000 -1.924064688421e-09
149.070000000 -1.922179165943e-09
149.080000000 -1.924273967770e-09
149.090000000 -1.922388228852e-09
149.100000000 -1.924483247119e-09
149.110000000 -1.922597291760e-09
149.120000000 -1.924692526467e-09
149.130000000 -1.922806354669e-09
149.140000000 -1.924901805816e-09
149.150000000 -1.923015417577e-09
149.160000000 -1.925111085165e-09
149.170000000 -1.923224480486e-09
149.180000000 -1.925320364514e-09
149.190000000 -1.923433543395e-09
149.200000000 -1.925529643863e-09
149.210000000 -1.923642606303e-09
149.220000000 -1.925738923212e-09
149.230000000 -1.923851669212e-09
149.240000000 -1.925948202560e-09
149.250000000 -1.924060732120e-09
149.260000000 -1.926157481909e-09
149.270000000 -1.924269795029e-09
149.280000000 -1.926366761258e-09
149.290000000 -1.924478857938e-09
149.300000000 -1.926576040607e-09
149.310000000 -1.924687920846e-09
149.320000000 -1.926785319956e-09
149.330000000 -1.924896983755e-09
149.340000000 -1.926994599304e-09
149.350000000 -1.925106046663e-09
149.360000000 -1.927203878653e-09
149.370000000 -1.925315109572e-09
149.380000000 -1.927413158002e-09
149.390000000 -1.925524172481e-09
149.400000000 -1.927622437351e-09
149.410000000 -1.925733235389e-09
149.420000000 -1.927831716700e-09
149.430000000 -1.925942298298e-09
149.440000000 -1.928040996048e-09
149.450000000 -1.926151361206e-09
149.460000000 -1.928250275397e-09
149.470000000 -1.926360424115e-09
149.480000000 -1.928459554746e-09
149.490000000 -1.926569487024e-09
149.500000000 -1.928668834095e-09
149.510000000 -1.926778549932e-09
149.520000000 -1.928878113444e-09
149.530000000 -1.926987612841e-09
149.540000000 -1.929087392793e-09
149.550000000 -1.927196675750e-09
149.560000000 -1.929296672141e-09
149.570000000 -1.927405738658e-09
149.580000000 -1.929505951490e-09
149.590000000 -1.927614801567e-09
149.600000000 -1.929715230839e-09
149.610000000 -1.927823864475e-09
149.620000000 -1.929924510188e-09
149.630000000 -1.928032927384e-09
149.640000000 -1.930133789537e-09
149.650000000 -1.928241990293e-09
149.660000000 -1.930343068885e-09
149.670000000 -1.928451053201e-09
149.680000000 -1.930552348234e-09
149.690000000 -1.928660116110e-09
149.700000000 -1.930761627583e-09
149.710000000 -1.928869179018e-09
149.720000000 -1.930970906932e-09
149.730000000 -1.929078241927e-09
149.740000000 -1.931180186281e-09
149.750000000 -1.929287304836e-09
149.760000000 -1.931389465629e-09
149.770000000 -1.929496367744e-09
149.780000000 -1.931598744978e-09
149.790000000 -1.929705430653e-09
149.800000000 -1.931808024327e-09
149.810000000 -1.929914493561e-09
149.820000000 -1.932017303676e-09
149.830000000 -1.930123556470e-09
149.840000000 -1.932226583025e-09
149.850000000 -1.930332619379e-09
149.860000000 -1.932435862374e-09
149.870000000 -1.930541682287e-09
149.880000000 -1.932645141722e-09
149.890000000 -1.930750745196e-09
149.900000000 -1.932854421071e-09
149.910000000 -1.930959808104e-09
149.920000000 -1.933063700420e-09
149.930000000 -1.931168871013e-09
149.940000000 -1.933272979769e-09
149.950000000 -1.931377933922e-09
149.960000000 -1.933482259118e-09
149.970000000 -1.931586996830e-09
149.980000000 -1.933691538466e-09
149.990000000 -1.931796059739e-09
150.000000000 -1.933900817815e-09
150.010000000 -1.932005122648e-09
150.020000000 -1.934110097164e-09
150.030000000 -1.932214185556e-09
150.040000000 -1.934319376513e-09
150.050000000 -1.932423248465e-09
150.060000000 -1.934528655862e-09
150.070000000 -1.932632311373e-09
150.080000000 -1.934737935210e-09
150.090000000 -1.932841374282e-09
150.100000000 -1.934947214559e-09
150.110000000 -1.933050437191e-09
150.120000000 -1.935156493908e-09
150.130000000 -1.933259500099e-09
150.140000000 -1.935365773257e-09
150.150000000 -1.933468563008e-09
150.160000000 -1.935575052606e-09
150.170000000 -1.933677625916e-09
150.180000000 -1.935784331955e-09
150.190000000 -1.933886688825e-09
150.200000000 -1.935993611303e-09
150.210000000 -1.934095751734e-09
150.220000000 -1.936202890652e-09
150.230000000 -1.934304814642e-09
150.240000000 -1.936412170001e-09
150.250000000 -1.934513877551e-09
150.260000000 -1.936621449350e-09
150.270000000 -1.934722940459e-09
150.280000000 -1.936830728699e-09
150.290000000 -1.934932003368e-09
150.300000000 -1.937040008047e-09
150.310000000 -1.935141066277e-09
150.320000000 -1.937249287396e-09
150.330000000 -1.935350129185e-09
150.340000000 -1.937458566745e-09
150.350000000 -1.935559192094e-09
150.360000000 -1.937667846094e-09
150.370000000 -1.935768255002e-09
150.380000000 -1.937877125443e-09
150.390000000 -1.935977317911e-09
150.400000000 -1.938086404791e-09
150.410000000 -1.936186380820e-09
150.420000000 -1.938295684140e-09
150.430000000 -1.936395443728e-09
150.440000000 -1.938504963489e-09
150.450000000 -1.936604506637e-09
150.460000000 -1.938714242838e-09
150.470000000 -1.936813569546e-09
150.480000000 -1.938923522187e-09
150.490000000 -1.937022632454e-09
150.500000000 -1.939132801536e-09
150.510000000 -1.937231695363e-09
150.520000000 -1.939342080884e-09
150.530000000 -1.937440758271e-09
150.540000000 -1.939551360233e-09
150.550000000 -1.937649821180e-09
150.560000000 -1.939760639582e-09
150.570000000 -1.937858884089e-09
150.580000000 -1.939969918931e-09
150.590000000 -1.938067946997e-09
150.600000000 -1.940179198280e-09
150.610000000 -1.938277009906e-09
150.620000000 -1.940388477628e-09
150.630000000 -1.938486072814e-09
150.640000000 -1.940597756977e-09
150.650000000 -1.938695135723e-09
150.660000000 -1.940807036326e-09
150.670000000 -1.938904198632e-09
150.680000000 -1.941016315675e-09
150.690000000 -1.939113261540e-09
150.700000000 -1.941225595024e-09
150.710000000 -1.939322324449e-09
150.720000000 -1.941434874372e-09
150.730000000 -1.939531387357e-09
150.740000000 -1.941644153721e-09
150.750000000 -1.939740450266e-09
150.760000000 -1.941853433070e-09
150.770000000 -1.939949513175e-09
150.780000000 -1.942062712419e-09
150.790000000 -1.940158576083e-09
150.800000000 -1.942271991768e-09
150.810000000 -1.940367638992e-09
150.820000000 -1.942481271117e-09
150.830000000 -1.940576701900e-09
150.840000000 -1.942690550465e-09
150.850000000 -1.940785764809e-09
150.860000000 -1.942899829814e-09
150.870000000 -1.940994827718e-09
150.880000000 -1.943109109163e-09
150.890000000 -1.941203890626e-09
150.900000000 -1.943318388512e-09
150.910000000 -1.941412953535e-09
150.920000000 -1.943527667861e-09
150.930000000 -1.941622016444e-09
150.940000000 -1.943736947209e-09
150.950000000 -1.941831079352e-09
150.960000000 -1.943946226558e-09
150.970000000 -1.942040142261e-09
150.980000000 -1.944155505907e-09
150.990000000 -1.942249205169e-09
151.000000000 -1.944364785256e-09
151.010000000 -1.942458268078e-09
151.020000000 -1.944574064605e-09
151.030000000 -1.942667330987e-09
151.040000000 -1.944783343953e-09
151.050000000 -1.942876393895e-09
151.060000000 -1.944992623302e-09
151.070000000 -1.943085456804e-09
151.080000000 -1.945201902651e-09
151.090000000 -1.943294519712e-09
151.100000000 -1.945411182000e-09
151.110000000 -1.943503582621e-09
151.120000000 -1.945620461349e-09
151.130000000 -1.943712645530e-09
151.140000000 -1.945829740698e-09
151.150000000 -1.943921708438e-09
151.160000000 -1.946039020046e-09
151.170000000 -1.944130771347e-09
151.180000000 -1.946248299395e-09
151.190000000 -1.944339834255e-09
151.200000000 -1.946457578744e-09
151.210000000 -1.944548897164e-09
151.220000000 -1.946666858093e-09
151.230000000 -1.944757960073e-09
151.240000000 -1.946876137442e-09
151.250000000 -1.944967022981e-09
151.260000000 -1.947085416790e-09
151.270000000 -1.945176085890e-09
151.280000000 -1.947294696139e-09
151.290000000 -1.945385148798e-09
151.300000000 -1.947503975488e-09
151.310000000 -1.945594211707e-09
151.320000000 -1.947713254837e-09
151.330000000 -1.945803274616e-09
151.340000000 -1.947922534186e-09
151.350000000 -1.946012337524e-09
151.360000000 -1.948131813534e-09
151.370000000 -1.946221400433e-09
151.380000000 -1.948341092883e-09
151.390000000 -1.946430463342e-09
151.400000000 -1.948550372232e-09
151.410000000 -1.946639526250e-09
151.420000000 -1.948759651581e-09
151.430000000 -1.946848589159e-09
151.440000000 -1.948968930930e-09
151.450000000 -1.947057652067e-09
151.460000000 -1.949178210279e-09
151.470000000 -1.947266714976e-09
151.480000000 -1.949387489627e-09
151.490000000 -1.947475777885e-09
151.500000000 -1.949596768976e-09
151.510000000 -1.947684840793e-09
151.520000000 -1.949806048325e-09
151.530000000 -1.947893903702e-09
151.540000000 -1.950015327674e-09
151.550000000 -1.948102966610e-09
151.560000000 -1.950224607023e-09
151.570000000 -1.948312029519e-09
151.580000000 -1.950433886371e-09
151.590000000 -1.948521092428e-09
151.600000000 -1.950643165720e-09
151.610000000 -1.948730155336e-09
151.620000000 -1.950852445069e-09
151.630000000 -1.948939218245e-09
151.640000000 -1.951061724418e-09
151.650000000 -1.949148281153e-09
151.660000000 -1.951271003767e-09
151.670000000 -1.949357344062e-09
151.680000000 -1.951480283115e-09
151.690000000 -1.949566406971e-09
151.700000000 -1.951689562464e-09
151.710000000 -1.949775469879e-09
151.720000000 -1.951898841813e-09
151.730000000 -1.949984532788e-09
151.740000000 -1.952108121162e-09
151.750000000 -1.950193595696e-09
151.760000000 -1.952317400511e-09
151.770000000 -1.950402658605e-09
151.780000000 -1.952526679860e-09
151.790000000 -1.950611721514e-09
151.800000000 -1.952735959208e-09
151.810000000 -1.950820784422e-09
151.820000000 -1.952945238557e-09
151.830000000 -1.951029847331e-09
151.840000000 -1.953154517906e-09
151.850000000 -1.951238910240e-09
151.860000000 -1.953363797255e-09
151.870000000 -1.951447973148e-09
151.880000000 -1.953573076604e-09
151.890000000 -1.951657036057e-09
151.900000000 -1.953782355952e-09
151.910000000 -1.951866098965e-09
151.920000000 -1.953991635301e-09
151.930000000 -1.952075161874e-09
151.940000000 -1.954200914650e-09
151.950000000 -1.952284224783e-09
151.960000000 -1.954410193999e-09
151.970000000 -1.952493287691e-09
151.980000000 -1.954619473348e-09
151.990000000 -1.952702350600e-09
152.000000000 -1.954828752696e-09
152.010000000 -1.952911413508e-09
152.020000000 -1.955038032045e-09
152.030000000 -1.953120476417e-09
152.040000000 -1.955247311394e-09
152.050000000 -1.953329539326e-09
152.060000000 -1.955456590743e-09
152.070000000 -1.953538602234e-09
152.080000000 -1.955665870092e-09
152.090000000 -1.953747665143e-09
152.100000000 -1.955875149441e-09
152.110000000 -1.953956728051e-09
152.120000000 -1.956084428789e-09
152.130000000 -1.954165790960e-09
152.140000000 -1.956293708138e-09
152.150000000 -1.954374853869e-09
152.160000000 -1.956502987487e-09
152.170000000 -1.954583916777e-09
152.180000000 -1.956712266836e-09
152.190000000 -1.954792979686e-09
152.200000000 -1.956921546185e-09
152.210000000 -1.955002042594e-09
152.220000000 -1.957130825533e-09
152.230000000 -1.955211105503e-09
152.240000000 -1.957340104882e-09
152.250000000 -1.955420168412e-09
152.260000000 -1.957549384231e-09
152.270000000 -1.955629231320e-09
152.280000000 -1.957758663580e-09
152.290000000 -1.955838294229e-09
152.300000000 -1.957967942929e-09
152.310000000 -1.956047357138e-09
152.320000000 -1.958177222277e-09
152.330000000 -1.956256420046e-09
152.340000000 -1.958386501626e-09
152.350000000 -1.956465482955e-09
152.360000000 -1.958595780975e-09
152.370000000 -1.956674545863e-09
152.380000000 -1.958805060324e-09
152.390000000 -1.956883608772e-09
152.400000000 -1.959014339673e-09
152.410000000 -1.957092671681e-09
152.420000000 -1.959223619022e-09
152.430000000 -1.957301734589e-09
152.440000000 -1.959432898370e-09
152.450000000 -1.957510797498e-09
152.460000000 -1.959642177719e-09
152.470000000 -1.957719860406e-09
152.480000000 -1.959851457068e-09
152.490000000 -1.957928923315e-09
152.500000000 -1.960060736417e-09
152.510000000 -1.958137986224e-09
152.520000000 -1.960270015766e-09
152.530000000 -1.958347049132e-09
152.540000000 -1.960479295114e-09
152.550000000 -1.958556112041e-09
152.560000000 -1.960688574463e-09
152.570000000 -1.958765174949e-09
152.580000000 -1.960897853812e-09
152.590000000 -1.958974237858e-09
152.600000000 -1.961107133161e-09
152.610000000 -1.959183300767e-09
152.620000000 -1.961316412510e-09
152.630000000 -1.959392363675e-09
152.640000000 -1.961525691858e-09
152.650000000 -1.959601426584e-09
152.660000000 -1.961734971207e-09
152.670000000 -1.959810489492e-09
152.680000000 -1.961944250556e-09
152.690000000 -1.960019552401e-09
152.700000000 -1.962153529905e-09
152.710000000 -1.960228615310e-09
152.720000000 -1.962362809254e-09
152.730000000 -1.960437678218e-09
152.740000000 -1.962572088603e-09
152.750000000 -1.960646741127e-09
152.760000000 -1.962781367951e-09
152.770000000 -1.960855804036e-09
152.780000000 -1.962990647300e-09
152.790000000 -1.961064866944e-09
152.800000000 -1.963199926649e-09
152.810000000 -1.961273929853e-09
152.820000000 -1.963409205998e-09
152.830000000 -1.961482992761e-09
152.840000000 -1.963618485347e-09
152.850000000 -1.961692055670e-09
152.860000000 -1.963827764695e-09
152.870000000 -1.961901118579e-09
152.880000000 -1.964037044044e-09
152.890000000 -1.962110181487e-09
152.900000000 -1.964246323393e-09
152.910000000 -1.962319244396e-09
152.920000000 -1.964455602742e-09
152.930000000 -1.962528307304e-09
152.940000000 -1.964664882091e-09
152.950000000 -1.962737370213e-09
152.960000000 -1.964874161439e-09
152.970000000 -1.962946433122e-09
152.980000000 -1.965083440788e-09
152.990000000 -1.963155496030e-09
153.000000000 -1.965292720137e-09
153.010000000 -1.963364558939e-09
153.020000000 -1.965501999486e-09
153.030000000 -1.963573621847e-09
153.040000000 -1.965711278835e-09
153.050000000 -1.963782684756e-09
153.060000000 -1.965920558184e-09
153.070000000 -1.963991747665e-09
153.080000000 -1.966129837532e-09
153.090000000 -1.964200810573e-09
153.100000000 -1.966339116881e-09
153.110000000 -1.964409873482e-09
153.120000000 -1.966548396230e-09
153.130000000 -1.964618936390e-09
153.140000000 -1.966757675579e-09
153.150000000 -1.964827999299e-09
153.160000000 -1.966966954928e-09
153.170000000 -1.965037062208e-09
153.180000000 -1.967176234276e-09
153.190000000 -1.965246125116e-09
153.200000000 -1.967385513625e-09
153.210000000 -1.965455188025e-09
153.220000000 -1.967594792974e-09
153.230000000 -1.965664250934e-09
153.240000000 -1.967804072323e-09
153.250000000 -1.965873313842e-09
153.260000000 -1.968013351672e-09
153.270000000 -1.966082376751e-09
153.280000000 -1.968222631020e-09
153.290000000 -1.966291439659e-09
153.300000000 -1.968431910369e-09
153.310000000 -1.966500502568e-09
153.320000000 -1.968641189718e-09
153.330000000 -1.966709565477e-09
153.340000000 -1.968850469067e-09
153.350000000 -1.966918628385e-09
153.360000000 -1.969059748416e-09
153.370000000 -1.967127691294e-09
153.380000000 -1.969269027765e-09
153.390000000 -1.967336754202e-09
153.400000000 -1.969478307113e-09
153.410000000 -1.967545817111e-09
153.420000000 -1.969687586462e-09
153.430000000 -1.967754880020e-09
153.440000000 -1.969896865811e-09
153.450000000 -1.967963942928e-09
153.460000000 -1.970106145160e-09
153.470000000 -1.968173005837e-09
153.480000000 -1.970315424509e-09
153.490000000 -1.968382068745e-09
153.500000000 -1.970524703857e-09
153.510000000 -1.968591131654e-09
153.520000000 -1.970733983206e-09
153.530000000 -1.968800194563e-09
153.540000000 -1.970943262555e-09
153.550000000 -1.969009257471e-09
153.560000000 -1.971152541904e-09
153.570000000 -1.969218320380e-09
153.580000000 -1.971361821253e-09
153.590000000 -1.969427383288e-09
153.600000000 -1.971571100601e-09
153.610000000 -1.969636446197e-09
153.620000000 -1.971780379950e-09
153.630000000 -1.969845509106e-09
153.640000000 -1.971989659299e-09
153.650000000 -1.970054572014e-09
153.660000000 -1.972198938648e-09
153.670000000 -1.970263634923e-09
153.680000000 -1.972408217997e-09
153.690000000 -1.970472697832e-09
153.700000000 -1.972617497346e-09
153.710000000 -1.970681760740e-09
153.720000000 -1.972826776694e-09
153.730000000 -1.970890823649e-09
153.740000000 -1.973036056043e-09
153.750000000 -1.971099886557e-09
153.760000000 -1.973245335392e-09
153.770000000 -1.971308949466e-09
153.780000000 -1.973454614741e-09
153.790000000 -1.971518012375e-09
153.800000000 -1.973663894090e-09
153.810000000 -1.971727075283e-09
153.820000000 -1.973873173438e-09
153.830000000 -1.971936138192e-09
153.840000000 -1.974082452787e-09
153.850000000 -1.972145201100e-09
153.860000000 -1.974291732136e-09
153.870000000 -1.972354264009e-09
153.880000000 -1.974501011485e-09
153.890000000 -1.972563326918e-09
153.900000000 -1.974710290834e-09
153.910000000 -1.972772389826e-09
153.920000000 -1.974919570182e-09
153.930000000 -1.972981452735e-09
153.940000000 -1.975128849531e-09
153.950000000 -1.973190515643e-09
153.960000000 -1.975338128880e-09
153.970000000 -1.973399578552e-09
153.980000000 -1.975547408229e-09
153.990000000 -1.973608641461e-09
154.000000000 -1.975756687578e-09
154.010000000 -1.973817704369e-09
154.020000000 -1.975965966927e-09
154.030000000 -1.974026767278e-09
154.040000000 -1.976175246275e-09
154.050000000 -1.974235830186e-09
154.060000000 -1.976384525624e-09
154.070000000 -1.974444893095e-09
154.080000000 -1.976593804973e-09
154.090000000 -1.974653956004e-09
154.100000000 -1.976803084322e-09
154.110000000 -1.974863018912e-09
154.120000000 -1.977012363671e-09
154.130000000 -1.975072081821e-09
154.140000000 -1.977221643019e-09
154.150000000 -1.975281144730e-09
154.160000000 -1.977430922368e-09
154.170000000 -1.975490207638e-09
154.180000000 -1.977640201717e-09
154.190000000 -1.975699270547e-09
154.200000000 -1.977849481066e-09
154.210000000 -1.975908333455e-09
154.220000000 -1.978058760415e-09
154.230000000 -1.976117396364e-09
154.240000000 -1.978268039763e-09
154.250000000 -1.976326459273e-09
154.260000000 -1.978477319112e-09
154.270000000 -1.976535522181e-09
154.280000000 -1.978686598461e-09
154.290000000 -1.976744585090e-09
154.300000000 -1.978895877810e-09
154.310000000 -1.976953647998e-09
154.320000000 -1.979105157159e-09
154.330000000 -1.977162710907e-09
154.340000000 -1.979314436508e-09
154.350000000 -1.977371773816e-09
154.360000000 -1.979523715856e-09
154.370000000 -1.977580836724e-09
154.380000000 -1.979732995205e-09
154.390000000 -1.977789899633e-09
154.400000000 -1.979942274554e-09
154.410000000 -1.977998962541e-09
154.420000000 -1.980151553903e-09
154.430000000 -1.978208025450e-09
154.440000000 -1.980360833252e-09
154.450000000 -1.978417088359e-09
154.460000000 -1.980570112600e-09
154.470000000 -1.978626151267e-09
154.480000000 -1.980779391949e-09
154.490000000 -1.978835214176e-09
154.500000000 -1.980988671298e-09
154.510000000 -1.979044277084e-09
154.520000000 -1.981197950647e-09
154.530000000 -1.979253339993e-09
154.540000000 -1.981407229996e-09
154.550000000 -1.979462402902e-09
154.560000000 -1.981616509344e-09
154.570000000 -1.979671465810e-09
154.580000000 -1.981825788693e-09
154.590000000 -1.979880528719e-09
154.600000000 -1.982035068042e-09
154.610000000 -1.980089591628e-09
154.620000000 -1.982244347391e-09
154.630000000 -1.980298654536e-09
154.640000000 -1.982453626740e-09
154.650000000 -1.980507717445e-09
154.660000000 -1.982662906089e-09
154.670000000 -1.980716780353e-09
154.680000000 -1.982872185437e-09
154.690000000 -1.980925843262e-09
154.700000000 -1.983081464786e-09
154.710000000 -1.981134906171e-09
154.720000000 -1.983290744135e-09
154.730000000 -1.981343969079e-09
154.740000000 -1.983500023484e-09
154.750000000 -1.981553031988e-09
154.760000000 -1.983709302833e-09
154.770000000 -1.981762094896e-09
154.780000000 -1.983918582181e-09
154.790000000 -1.981971157805e-09
154.800000000 -1.984127861530e-09
154.810000000 -1.982180220714e-09
154.820000000 -1.984337140879e-09
154.830000000 -1.982389283622e-09
154.840000000 -1.984546420228e-09
154.850000000 -1.982598346531e-09
154.860000000 -1.984755699577e-09
154.870000000 -1.982807409439e-09
154.880000000 -1.984964978925e-09
154.890000000 -1.983016472348e-09
154.900000000 -1.985174258274e-09
154.910000000 -1.983225535257e-09
154.920000000 -1.985383537623e-09
154.930000000 -1.983434598165e-09
154.940000000 -1.985592816972e-09
154.950000000 -1.983643661074e-09
154.960000000 -1.985802096321e-09
154.970000000 -1.983852723982e-09
154.980000000 -1.986011375670e-09
154.990000000 -1.984061786891e-09
155.000000000 -1.986220655018e-09
155.010000000 -1.984270849800e-09
155.020000000 -1.986429934367e-09
155.030000000 -1.984479912708e-09
155.040000000 -1.986639213716e-09
155.050000000 -1.984688975617e-09
155.060000000 -1.986848493065e-09
155.070000000 -1.984898038526e-09
155.080000000 -1.987057772414e-09
155.090000000 -1.985107101434e-09
155.100000000 -1.987267051762e-09
155.110000000 -1.985316164343e-09
155.120000000 -1.987476331111e-09
155.130000000 -1.985525227251e-09
155.140000000 -1.987685610460e-09
155.150000000 -1.985734290160e-09
155.160000000 -1.987894889809e-09
155.170000000 -1.985943353069e-09
155.180000000 -1.988104169158e-09
155.190000000 -1.986152415977e-09
155.200000000 -1.988313448506e-09
155.210000000 -1.986361478886e-09
155.220000000 -1.988522727855e-09
155.230000000 -1.986570541794e-09
155.240000000 -1.988732007204e-09
155.250000000 -1.986779604703e-09
155.260000000 -1.988941286553e-09
155.270000000 -1.986988667612e-09
155.280000000 -1.989150565902e-09
155.290000000 -1.987197730520e-09
155.300000000 -1.989359845251e-09
155.310000000 -1.987406793429e-09
155.320000000 -1.989569124599e-09
155.330000000 -1.987615856337e-09
155.340000000 -1.989778403948e-09
155.350000000 -1.987824919246e-09
155.360000000 -1.989987683297e-09
155.370000000 -1.988033982155e-09
155.380000000 -1.990196962646e-09
155.390000000 -1.988243045063e-09
155.400000000 -1.990406241995e-09
155.410000000 -1.988452107972e-09
155.420000000 -1.990615521343e-09
155.430000000 -1.988661170880e-09
155.440000000 -1.990824800692e-09
155.450000000 -1.988870233789e-09
155.460000000 -1.991034080041e-09
155.470000000 -1.989079296698e-09
155.480000000 -1.991243359390e-09
155.490000000 -1.989288359606e-09
155.500000000 -1.991452638739e-09
155.510000000 -1.989497422515e-09
155.520000000 -1.991661918088e-09
155.530000000 -1.989706485424e-09
155.540000000 -1.991871197436e-09
155.550000000 -1.989915548332e-09
155.560000000 -1.992080476785e-09
155.570000000 -1.990124611241e-09
155.580000000 -1.992289756134e-09
155.590000000 -1.990333674149e-09
155.600000000 -1.992499035483e-09
155.610000000 -1.990542737058e-09
155.620000000 -1.992708314832e-09
155.630000000 -1.990751799967e-09
155.640000000 -1.992917594180e-09
155.650000000 -1.990960862875e-09
155.660000000 -1.993126873529e-09
155.670000000 -1.991169925784e-09
155.680000000 -1.993336152878e-09
155.690000000 -1.991378988692e-09
155.700000000 -1.993545432227e-09
155.710000000 -1.991588051601e-09
155.720000000 -1.993754711576e-09
155.730000000 -1.991797114510e-09
155.740000000 -1.993963990924e-09
155.750000000 -1.992006177418e-09
155.760000000 -1.994173270273e-09
155.770000000 -1.992215240327e-09
155.780000000 -1.994382549622e-09
155.790000000 -1.992424303235e-09
155.800000000 -1.994591828971e-09
155.810000000 -1.992633366144e-09
155.820000000 -1.994801108320e-09
155.830000000 -1.992842429053e-09
155.840000000 -1.995010387669e-09
155.850000000 -1.993051491961e-09
155.860000000 -1.995219667017e-09
155.870000000 -1.993260554870e-09
155.880000000 -1.995428946366e-09
155.890000000 -1.993469617778e-09
155.900000000 -1.995638225715e-09
155.910000000 -1.993678680687e-09
155.920000000 -1.995847505064e-09
155.930000000 -1.993887743596e-09
155.940000000 -1.996056784413e-09
155.950000000 -1.994096806504e-09
155.960000000 -1.996266063761e-09
155.970000000 -1.994305869413e-09
155.980000000 -1.996475343110e-09
155.990000000 -1.994514932322e-09
156.000000000 -1.996684622459e-09
156.010000000 -1.994723995230e-09
156.020000000 -1.996893901808e-09
156.030000000 -1.994933058139e-09
156.040000000 -1.997103181157e-09
156.050000000 -1.995142121047e-09
156.060000000 -1.997312460505e-09
156.070000000 -1.995351183956e-09
156.080000000 -1.997521739854e-09
156.090000000 -1.995560246865e-09
156.100000000 -1.997731019203e-09
156.110000000 -1.995769309773e-09
156.120000000 -1.997940298552e-09
156.130000000 -1.995978372682e-09
156.140000000 -1.998149577901e-09
156.150000000 -1.996187435590e-09
156.160000000 -1.998358857250e-09
156.170000000 -1.996396498499e-09
156.180000000 -1.998568136598e-09
156.190000000 -1.996605561408e-09
156.200000000 -1.998777415947e-09
156.210000000 -1.996814624316e-09
156.220000000 -1.998986695296e-09
156.230000000 -1.997023687225e-09
156.240000000 -1.999195974645e-09
156.250000000 -1.997232750133e-09
156.260000000 -1.999405253994e-09
156.270000000 -1.997441813042e-09
156.280000000 -1.999614533342e-09
156.290000000 -1.997650875951e-09
156.300000000 -1.999823812691e-09
156.310000000 -1.997859938859e-09
156.320000000 -2.000033092040e-09
156.330000000 -1.998069001768e-09
156.340000000 -2.000242371389e-09
156.350000000 -1.998278064676e-09
156.360000000 -2.000451650738e-09
156.370000000 -1.998487127585e-09
156.380000000 -2.000660930086e-09
156.390000000 -1.998696190494e-09
156.400000000 -2.000870209435e-09
156.410000000 -1.998905253402e-09
156.420000000 -2.001079488784e-09
156.430000000 -1.999114316311e-09
156.440000000 -2.001288768133e-09
156.450000000 -1.999323379220e-09
156.460000000 -2.001498047482e-09
156.470000000 -1.999532442128e-09
156.480000000 -2.001707326831e-09
156.490000000 -1.999741505037e-09
156.500000000 -2.001916606179e-09
156.510000000 -1.999950567945e-09
156.520000000 -2.002125885528e-09
156.530000000 -2.000159630854e-09
156.540000000 -2.002335164877e-09
156.550000000 -2.000368693763e-09
156.560000000 -2.002544444226e-09
156.570000000 -2.000577756671e-09
156.580000000 -2.002753723575e-09
156.590000000 -2.000786819580e-09
156.600000000 -2.002963002923e-09
156.610000000 -2.000995882488e-09
156.620000000 -2.003172282272e-09
156.630000000 -2.001204945397e-09
156.640000000 -2.003381561621e-09
156.650000000 -2.001414008306e-09
156.660000000 -2.003590840970e-09
156.670000000 -2.001623071214e-09
156.680000000 -2.003800120319e-09
156.690000000 -2.001832134123e-09
156.700000000 -2.004009399667e-09
156.710000000 -2.002041197031e-09
156.720000000 -2.004218679016e-09
156.730000000 -2.002250259940e-09
156.740000000 -2.004427958365e-09
156.750000000 -2.002459322849e-09
156.760000000 -2.004637237714e-09
156.770000000 -2.002668385757e-09
156.780000000 -2.004846517063e-09
156.790000000 -2.002877448666e-09
156.800000000 -2.005055796412e-09
156.810000000 -2.003086511574e-09
156.820000000 -2.005265075760e-09
156.830000000 -2.003295574483e-09
156.840000000 -2.005474355109e-09
156.850000000 -2.003504637392e-09
156.860000000 -2.005683634458e-09
156.870000000 -2.003713700300e-09
156.880000000 -2.005892913807e-09
156.890000000 -2.003922763209e-09
156.900000000 -2.006102193156e-09
156.910000000 -2.004131826117e-09
156.920000000 -2.006311472504e-09
156.930000000 -2.004340889026e-09
156.940000000 -2.006520751853e-09
156.950000000 -2.004549951935e-09
156.960000000 -2.006730031202e-09
156.970000000 -2.004759014843e-09
156.980000000 -2.006939310551e-09
156.990000000 -2.004968077752e-09
157.000000000 -2.007148589900e-09
157.010000000 -2.005177140661e-09
157.020000000 -2.007357869248e-09
157.030000000 -2.005386203569e-09
157.040000000 -2.007567148597e-09
157.050000000 -2.005595266478e-09
157.060000000 -2.007776427946e-09
157.070000000 -2.005804329386e-09
157.080000000 -2.007985707295e-09
157.090000000 -2.006013392295e-09
157.100000000 -2.008194986644e-09
157.110000000 -2.006222455204e-09
157.120000000 -2.008404265993e-09
157.130000000 -2.006431518112e-09
157.140000000 -2.008613545341e-09
157.150000000 -2.006640581021e-09
157.160000000 -2.008822824690e-09
157.170000000 -2.006849643929e-09
157.180000000 -2.009032104039e-09
157.190000000 -2.007058706838e-09
157.200000000 -2.009241383388e-09
157.210000000 -2.007267769747e-09
157.220000000 -2.009450662737e-09
157.230000000 -2.007476832655e-09
157.240000000 -2.009659942085e-09
157.250000000 -2.007685895564e-09
157.260000000 -2.009869221434e-09
157.270000000 -2.007894958472e-09
157.280000000 -2.010078500783e-09
157.290000000 -2.008104021381e-09
157.300000000 -2.010287780132e-09
157.310000000 -2.008313084290e-09
157.320000000 -2.010497059481e-09
157.330000000 -2.008522147198e-09
157.340000000 -2.010706338829e-09
157.350000000 -2.008731210107e-09
157.360000000 -2.010915618178e-09
157.370000000 -2.008940273015e-09
157.380000000 -2.011124897527e-09
157.390000000 -2.009149335924e-09
157.400000000 -2.011334176876e-09
157.410000000 -2.009358398833e-09
157.420000000 -2.011543456225e-09
157.430000000 -2.009567461741e-09
157.440000000 -2.011752735574e-09
157.450000000 -2.009776524650e-09
157.460000000 -2.011962014922e-09
157.470000000 -2.009985587559e-09
157.480000000 -2.012171294271e-09
157.490000000 -2.010194650467e-09
157.500000000 -2.012380573620e-09
157.510000000 -2.010403713376e-09
157.520000000 -2.012589852969e-09
157.530000000 -2.010612776284e-09
157.540000000 -2.012799132318e-09
157.550000000 -2.010821839193e-09
157.560000000 -2.013008411666e-09
157.570000000 -2.011030902102e-09
157.580000000 -2.013217691015e-09
157.590000000 -2.011239965010e-09
157.600000000 -2.013426970364e-09
157.610000000 -2.011449027919e-09
157.620000000 -2.013636249713e-09
157.630000000 -2.011658090827e-09
157.640000000 -2.013845529062e-09
157.650000000 -2.011867153736e-09
157.660000000 -2.014054808410e-09
157.670000000 -2.012076216645e-09
157.680000000 -2.014264087759e-09
157.690000000 -2.012285279553e-09
157.700000000 -2.014473367108e-09
157.710000000 -2.012494342462e-09
157.720000000 -2.014682646457e-09
157.730000000 -2.012703405370e-09
157.740000000 -2.014891925806e-09
157.750000000 -2.012912468279e-09
157.760000000 -2.015101205155e-09
157.770000000 -2.013121531188e-09
157.780000000 -2.015310484503e-09
157.790000000 -2.013330594096e-09
157.800000000 -2.015519763852e-09
157.810000000 -2.013539657005e-09
157.820000000 -2.015729043201e-09
157.830000000 -2.013748719913e-09
157.840000000 -2.015938322550e-09
157.850000000 -2.013957782822e-09
157.860000000 -2.016147601899e-09
157.870000000 -2.014166845731e-09
157.880000000 -2.016356881247e-09
157.890000000 -2.014375908639e-09
157.900000000 -2.016566160596e-09
157.910000000 -2.014584971548e-09
157.920000000 -2.016775439945e-09
157.930000000 -2.014794034457e-09
157.940000000 -2.016984719294e-09
157.950000000 -2.015003097365e-09
157.960000000 -2.017193998643e-09
157.970000000 -2.015212160274e-09
157.980000000 -2.017403277991e-09
157.990000000 -2.015421223182e-09
158.000000000 -2.017612557340e-09
158.010000000 -2.015630286091e-09
158.020000000 -2.017821836689e-09
158.030000000 -2.015839349000e-09
158.040000000 -2.018031116038e-09
158.050000000 -2.016048411908e-09
158.060000000 -2.018240395387e-09
158.070000000 -2.016257474817e-09
158.080000000 -2.018449674736e-09
158.090000000 -2.016466537725e-09
158.100000000 -2.018658954084e-09
158.110000000 -2.016675600634e-09
158.120000000 -2.018868233433e-09
158.130000000 -2.016884663543e-09
158.140000000 -2.019077512782e-09
158.150000000 -2.017093726451e-09
158.160000000 -2.019286792131e-09
158.170000000 -2.017302789360e-09
158.180000000 -2.019496071480e-09
158.190000000 -2.017511852268e-09
158.200000000 -2.019705350828e-09
158.210000000 -2.017720915177e-09
158.220000000 -2.019914630177e-09
158.230000000 -2.017929978086e-09
158.240000000 -2.020123909526e-09
158.250000000 -2.018139040994e-09
158.260000000 -2.020333188875e-09
158.270000000 -2.018348103903e-09
158.280000000 -2.020542468224e-09
158.290000000 -2.018557166811e-09
158.300000000 -2.020751747572e-09
158.310000000 -2.018766229720e-09
158.320000000 -2.020961026921e-09
158.330000000 -2.018975292629e-09
158.340000000 -2.021170306270e-09
158.350000000 -2.019184355537e-09
158.360000000 -2.021379585619e-09
158.370000000 -2.019393418446e-09
158.380000000 -2.021588864968e-09
158.390000000 -2.019602481355e-09
158.400000000 -2.021798144317e-09
158.410000000 -2.019811544263e-09
158.420000000 -2.022007423665e-09
158.430000000 -2.020020607172e-09
158.440000000 -2.022216703014e-09
158.450000000 -2.020229670080e-09
158.460000000 -2.022425982363e-09
158.470000000 -2.020438732989e-09
158.480000000 -2.022635261712e-09
158.490000000 -2.020647795898e-09
158.500000000 -2.022844541061e-09
158.510000000 -2.020856858806e-09
158.520000000 -2.023053820409e-09
158.530000000 -2.021065921715e-09
158.540000000 -2.023263099758e-09
158.550000000 -2.021274984623e-09
158.560000000 -2.023472379107e-09
158.570000000 -2.021484047532e-09
158.580000000 -2.023681658456e-09
158.590000000 -2.021693110441e-09
158.600000000 -2.023890937805e-09
158.610000000 -2.021902173349e-09
158.620000000 -2.024100217153e-09
158.630000000 -2.022111236258e-09
158.640000000 -2.024309496502e-09
158.650000000 -2.022320299166e-09
158.660000000 -2.024518775851e-09
158.670000000 -2.022529362075e-09
158.680000000 -2.024728055200e-09
158.690000000 -2.022738424984e-09
158.700000000 -2.024937334549e-09
158.710000000 -2.022947487892e-09
158.720000000 -2.025146613898e-09
158.730000000 -2.023156550801e-09
158.740000000 -2.025355893246e-09
158.750000000 -2.023365613709e-09
158.760000000 -2.025565172595e-09
158.770000000 -2.023574676618e-09
158.780000000 -2.025774451944e-09
158.790000000 -2.023783739527e-09
158.800000000 -2.025983731293e-09
158.810000000 -2.023992802435e-09
158.820000000 -2.026193010642e-09
158.830000000 -2.024201865344e-09
158.840000000 -2.026402289990e-09
158.850000000 -2.024410928253e-09
158.860000000 -2.026611569339e-09
158.870000000 -2.024619991161e-09
158.880000000 -2.026820848688e-09
158.890000000 -2.024829054070e-09
158.900000000 -2.027030128037e-09
158.910000000 -2.025038116978e-09
158.920000000 -2.027239407386e-09
158.930000000 -2.025247179887e-09
158.940000000 -2.027448686734e-09
158.950000000 -2.025456242796e-09
158.960000000 -2.027657966083e-09
158.970000000 -2.025665305704e-09
158.980000000 -2.027867245432e-09
158.990000000 -2.025874368613e-09
159.000000000 -2.028076524781e-09
159.010000000 -2.026083431521e-09
159.020000000 -2.028285804130e-09
159.030000000 -2.026292494430e-09
159.040000000 -2.028495083479e-09
159.050000000 -2.026501557339e-09
159.060000000 -2.028704362827e-09
159.070000000 -2.026710620247e-09
159.080000000 -2.028913642176e-09
159.090000000 -2.026919683156e-09
159.100000000 -2.029122921525e-09
159.110000000 -2.027128746064e-09
159.120000000 -2.029332200874e-09
159.130000000 -2.027337808973e-09
159.140000000 -2.029541480223e-09
159.150000000 -2.027546871882e-09
159.160000000 -2.029750759571e-09
159.170000000 -2.027755934790e-09
159.180000000 -2.029960038920e-09
159.190000000 -2.027964997699e-09
159.200000000 -2.030169318269e-09
159.210000000 -2.028174060607e-09
159.220000000 -2.030378597618e-09
159.230000000 -2.028383123516e-09
159.240000000 -2.030587876967e-09
159.250000000 -2.028592186425e-09
159.260000000 -2.030797156315e-09
159.270000000 -2.028801249333e-09
159.280000000 -2.031006435664e-09
159.290000000 -2.029010312242e-09
159.300000000 -2.031215715013e-09
159.310000000 -2.029219375151e-09
159.320000000 -2.031424994362e-09
159.330000000 -2.029428438059e-09
159.340000000 -2.031634273711e-09
159.350000000 -2.029637500968e-09
159.360000000 -2.031843553060e-09
159.370000000 -2.029846563876e-09
159.380000000 -2.032052832408e-09
159.390000000 -2.030055626785e-09
159.400000000 -2.032262111757e-09
159.410000000 -2.030264689694e-09
159.420000000 -2.032471391106e-09
159.430000000 -2.030473752602e-09
159.440000000 -2.032680670455e-09
159.450000000 -2.030682815511e-09
159.460000000 -2.032889949804e-09
159.470000000 -2.030891878419e-09
159.480000000 -2.033099229152e-09
159.490000000 -2.031100941328e-09
159.500000000 -2.033308508501e-09
159.510000000 -2.031310004237e-09
159.520000000 -2.033517787850e-09
159.530000000 -2.031519067145e-09
159.540000000 -2.033727067199e-09
159.550000000 -2.031728130054e-09
159.560000000 -2.033936346548e-09
159.570000000 -2.031937192962e-09
159.580000000 -2.034145625896e-09
159.590000000 -2.032146255871e-09
159.600000000 -2.034354905245e-09
159.610000000 -2.032355318780e-09
159.620000000 -2.034564184594e-09
159.630000000 -2.032564381688e-09
159.640000000 -2.034773463943e-09
159.650000000 -2.032773444597e-09
159.660000000 -2.034982743292e-09
159.670000000 -2.032982507505e-09
159.680000000 -2.035192022641e-09
159.690000000 -2.033191570414e-09
159.700000000 -2.035401301989e-09
159.710000000 -2.033400633323e-09
159.720000000 -2.035610581338e-09
159.730000000 -2.033609696231e-09
159.740000000 -2.035819860687e-09
159.750000000 -2.033818759140e-09
159.760000000 -2.036029140036e-09
159.770000000 -2.034027822049e-09
159.780000000 -2.036238419385e-09
159.790000000 -2.034236884957e-09
159.800000000 -2.036447698733e-09
159.810000000 -2.034445947866e-09
159.820000000 -2.036656978082e-09
159.830000000 -2.034655010774e-09
159.840000000 -2.036866257431e-09
159.850000000 -2.034864073683e-09
159.860000000 -2.037075536780e-09
159.870000000 -2.035073136592e-09
159.880000000 -2.037284816129e-09
159.890000000 -2.035282199500e-09
159.900000000 -2.037494095477e-09
159.910000000 -2.035491262409e-09
159.920000000 -2.037703374826e-09
159.930000000 -2.035700325317e-09
159.940000000 -2.037912654175e-09
159.950000000 -2.035909388226e-09
159.960000000 -2.038121933524e-09
159.970000000 -2.036118451135e-09
159.980000000 -2.038331212873e-09
159.990000000 -2.036327514043e-09
160.000000000 -2.038540492222e-09
160.010000000 -2.036536576952e-09
160.020000000 -2.038749771570e-09
160.030000000 -2.036745639860e-09
160.040000000 -2.038959050919e-09
160.050000000 -2.036954702769e-09
160.060000000 -2.039168330268e-09
160.070000000 -2.037163765678e-09
160.080000000 -2.039377609617e-09
160.090000000 -2.037372828586e-09
160.100000000 -2.039586888966e-09
160.110000000 -2.037581891495e-09
160.120000000 -2.039796168314e-09
160.130000000 -2.037790954403e-09
160.140000000 -2.040005447663e-09
160.150000000 -2.038000017312e-09
160.160000000 -2.040214727012e-09
160.170000000 -2.038209080221e-09
160.180000000 -2.040424006361e-09
160.190000000 -2.038418143129e-09
160.200000000 -2.040633285710e-09
160.210000000 -2.038627206038e-09
160.220000000 -2.040842565058e-09
160.230000000 -2.038836268947e-09
160.240000000 -2.041051844407e-09
160.250000000 -2.039045331855e-09
160.260000000 -2.041261123756e-09
160.270000000 -2.039254394764e-09
160.280000000 -2.041470403105e-09
160.290000000 -2.039463457672e-09
160.300000000 -2.041679682454e-09
160.310000000 -2.039672520581e-09
160.320000000 -2.041888961803e-09
160.330000000 -2.039881583490e-09
160.340000000 -2.042098241151e-09
160.350000000 -2.040090646398e-09
160.360000000 -2.042307520500e-09
160.370000000 -2.040299709307e-09
160.380000000 -2.042516799849e-09
160.390000000 -2.040508772215e-09
160.400000000 -2.042726079198e-09
160.410000000 -2.040717835124e-09
160.420000000 -2.042935358547e-09
160.430000000 -2.040926898033e-09
160.440000000 -2.043144637895e-09
160.450000000 -2.041135960941e-09
160.460000000 -2.043353917244e-09
160.470000000 -2.041345023850e-09
160.480000000 -2.043563196593e-09
160.490000000 -2.041554086758e-09
160.500000000 -2.043772475942e-09
160.510000000 -2.041763149667e-09
160.520000000 -2.043981755291e-09
160.530000000 -2.041972212576e-09
160.540000000 -2.044191034639e-09
160.550000000 -2.042181275484e-09
160.560000000 -2.044400313988e-09
160.570000000 -2.042390338393e-09
160.580000000 -2.044609593337e-09
160.590000000 -2.042599401301e-09
160.600000000 -2.044818872686e-09
160.610000000 -2.042808464210e-09
160.620000000 -2.045028152035e-09
160.630000000 -2.043017527119e-09
160.640000000 -2.045237431384e-09
160.650000000 -2.043226590027e-09
160.660000000 -2.045446710732e-09
160.670000000 -2.043435652936e-09
160.680000000 -2.045655990081e-09
160.690000000 -2.043644715845e-09
160.700000000 -2.045865269430e-09
160.710000000 -2.043853778753e-09
160.720000000 -2.046074548779e-09
160.730000000 -2.044062841662e-09
160.740000000 -2.046283828128e-09
160.750000000 -2.044271904570e-09
160.760000000 -2.046493107476e-09
160.770000000 -2.044480967479e-09
160.780000000 -2.046702386825e-09
160.790000000 -2.044690030388e-09
160.800000000 -2.046911666174e-09
160.810000000 -2.044899093296e-09
160.820000000 -2.047120945523e-09
160.830000000 -2.045108156205e-09
160.840000000 -2.047330224872e-09
160.850000000 -2.045317219113e-09
160.860000000 -2.047539504220e-09
160.870000000 -2.045526282022e-09
160.880000000 -2.047748783569e-09
160.890000000 -2.045735344931e-09
160.900000000 -2.047958062918e-09
160.910000000 -2.045944407839e-09
160.920000000 -2.048167342267e-09
160.930000000 -2.046153470748e-09
160.940000000 -2.048376621616e-09
160.950000000 -2.046362533656e-09
160.960000000 -2.048585900965e-09
160.970000000 -2.046571596565e-09
160.980000000 -2.048795180313e-09
160.990000000 -2.046780659474e-09
161.000000000 -2.049004459662e-09
161.010000000 -2.046989722382e-09
161.020000000 -2.049213739011e-09
161.030000000 -2.047198785291e-09
161.040000000 -2.049423018360e-09
161.050000000 -2.047407848199e-09
161.060000000 -2.049632297709e-09
161.070000000 -2.047616911108e-09
161.080000000 -2.049841577057e-09
161.090000000 -2.047825974017e-09
161.100000000 -2.050050856406e-09
161.110000000 -2.048035036925e-09
161.120000000 -2.050260135755e-09
161.130000000 -2.048244099834e-09
161.140000000 -2.050469415104e-09
161.150000000 -2.048453162743e-09
161.160000000 -2.050678694453e-09
161.170000000 -2.048662225651e-09
161.180000000 -2.050887973801e-09
161.190000000 -2.048871288560e-09
161.200000000 -2.051097253150e-09
161.210000000 -2.049080351468e-09
161.220000000 -2.051306532499e-09
161.230000000 -2.049289414377e-09
161.240000000 -2.051515811848e-09
161.250000000 -2.049498477286e-09
161.260000000 -2.051725091197e-09
161.270000000 -2.049707540194e-09
161.280000000 -2.051934370546e-09
161.290000000 -2.049916603103e-09
161.300000000 -2.052143649894e-09
161.310000000 -2.050125666011e-09
161.320000000 -2.052352929243e-09
161.330000000 -2.050334728920e-09
161.340000000 -2.052562208592e-09
161.350000000 -2.050543791829e-09
161.360000000 -2.052771487941e-09
161.370000000 -2.050752854737e-09
161.380000000 -2.052980767290e-09
161.390000000 -2.050961917646e-09
161.400000000 -2.053190046638e-09
161.410000000 -2.051170980554e-09
161.420000000 -2.053399325987e-09
161.430000000 -2.051380043463e-09
161.440000000 -2.053608605336e-09
161.450000000 -2.051589106372e-09
161.460000000 -2.053817884685e-09
161.470000000 -2.051798169280e-09
161.480000000 -2.054027164034e-09
161.490000000 -2.052007232189e-09
161.500000000 -2.054236443382e-09
161.510000000 -2.052216295097e-09
161.520000000 -2.054445722731e-09
161.530000000 -2.052425358006e-09
161.540000000 -2.054655002080e-09
161.550000000 -2.052634420915e-09
161.560000000 -2.054864281429e-09
161.570000000 -2.052843483823e-09
161.580000000 -2.055073560778e-09
161.590000000 -2.053052546732e-09
161.600000000 -2.055282840127e-09
161.610000000 -2.053261609641e-09
161.620000000 -2.055492119475e-09
161.630000000 -2.053470672549e-09
161.640000000 -2.055701398824e-09
161.650000000 -2.053679735458e-09
161.660000000 -2.055910678173e-09
161.670000000 -2.053888798366e-09
161.680000000 -2.056119957522e-09
161.690000000 -2.054097861275e-09
161.700000000 -2.056329236871e-09
161.710000000 -2.054306924184e-09
161.720000000 -2.056538516219e-09
161.730000000 -2.054515987092e-09
161.740000000 -2.056747795568e-09
161.750000000 -2.054725050001e-09
161.760000000 -2.056957074917e-09
161.770000000 -2.054934112909e-09
161.780000000 -2.057166354266e-09
161.790000000 -2.055143175818e-09
161.800000000 -2.057375633615e-09
161.810000000 -2.055352238727e-09
161.820000000 -2.057584912963e-09
161.830000000 -2.055561301635e-09
161.840000000 -2.057794192312e-09
161.850000000 -2.055770364544e-09
161.860000000 -2.058003471661e-09
161.870000000 -2.055979427452e-09
161.880000000 -2.058212751010e-09
161.890000000 -2.056188490361e-09
161.900000000 -2.058422030359e-09
161.910000000 -2.056397553270e-09
161.920000000 -2.058631309708e-09
161.930000000 -2.056606616178e-09
161.940000000 -2.058840589056e-09
161.950000000 -2.056815679087e-09
161.960000000 -2.059049868405e-09
161.970000000 -2.057024741995e-09
161.980000000 -2.059259147754e-09
161.990000000 -2.057233804904e-09
162.000000000 -2.059468427103e-09
162.010000000 -2.057442867813e-09
162.020000000 -2.059677706452e-09
162.030000000 -2.057651930721e-09
162.040000000 -2.059886985800e-09
162.050000000 -2.057860993630e-09
162.060000000 -2.060096265149e-09
162.070000000 -2.058070056539e-09
162.080000000 -2.060305544498e-09
162.090000000 -2.058279119447e-09
162.100000000 -2.060514823847e-09
162.110000000 -2.058488182356e-09
162.120000000 -2.060724103196e-09
162.130000000 -2.058697245264e-09
162.140000000 -2.060933382544e-09
162.150000000 -2.058906308173e-09
162.160000000 -2.061142661893e-09
162.170000000 -2.059115371082e-09
162.180000000 -2.061351941242e-09
162.190000000 -2.059324433990e-09
162.200000000 -2.061561220591e-09
162.210000000 -2.059533496899e-09
162.220000000 -2.061770499940e-09
162.230000000 -2.059742559807e-09
162.240000000 -2.061979779289e-09
162.250000000 -2.059951622716e-09
162.260000000 -2.062189058637e-09
162.270000000 -2.060160685625e-09
162.280000000 -2.062398337986e-09
162.290000000 -2.060369748533e-09
162.300000000 -2.062607617335e-09
162.310000000 -2.060578811442e-09
162.320000000 -2.062816896684e-09
162.330000000 -2.060787874350e-09
162.340000000 -2.063026176033e-09
162.350000000 -2.060996937259e-09
162.360000000 -2.063235455381e-09
162.370000000 -2.061206000168e-09
162.380000000 -2.063444734730e-09
162.390000000 -2.061415063076e-09
162.400000000 -2.063654014079e-09
162.410000000 -2.061624125985e-09
162.420000000 -2.063863293428e-09
162.430000000 -2.061833188893e-09
162.440000000 -2.064072572777e-09
162.450000000 -2.062042251802e-09
162.460000000 -2.064281852125e-09
162.470000000 -2.062251314711e-09
162.480000000 -2.064491131474e-09
162.490000000 -2.062460377619e-09
162.500000000 -2.064700410823e-09
162.510000000 -2.062669440528e-09
162.520000000 -2.064909690172e-09
162.530000000 -2.062878503437e-09
162.540000000 -2.065118969521e-09
162.550000000 -2.063087566345e-09
162.560000000 -2.065328248870e-09
162.570000000 -2.063296629254e-09
162.580000000 -2.065537528218e-09
162.590000000 -2.063505692162e-09
162.600000000 -2.065746807567e-09
162.610000000 -2.063714755071e-09
162.620000000 -2.065956086916e-09
162.630000000 -2.063923817980e-09
162.640000000 -2.066165366265e-09
162.650000000 -2.064132880888e-09
162.660000000 -2.066374645614e-09
162.670000000 -2.064341943797e-09
162.680000000 -2.066583924962e-09
162.690000000 -2.064551006705e-09
162.700000000 -2.066793204311e-09
162.710000000 -2.064760069614e-09
162.720000000 -2.067002483660e-09
162.730000000 -2.064969132523e-09
162.740000000 -2.067211763009e-09
162.750000000 -2.065178195431e-09
162.760000000 -2.067421042358e-09
162.770000000 -2.065387258340e-09
162.780000000 -2.067630321706e-09
162.790000000 -2.065596321248e-09
162.800000000 -2.067839601055e-09
162.810000000 -2.065805384157e-09
162.820000000 -2.068048880404e-09
162.830000000 -2.066014447066e-09
162.840000000 -2.068258159753e-09
162.850000000 -2.066223509974e-09
162.860000000 -2.068467439102e-09
162.870000000 -2.066432572883e-09
162.880000000 -2.068676718451e-09
162.890000000 -2.066641635791e-09
162.900000000 -2.068885997799e-09
162.910000000 -2.066850698700e-09
162.920000000 -2.069095277148e-09
162.930000000 -2.067059761609e-09
162.940000000 -2.069304556497e-09
162.950000000 -2.067268824517e-09
162.960000000 -2.069513835846e-09
162.970000000 -2.067477887426e-09
162.980000000 -2.069723115195e-09
162.990000000 -2.067686950335e-09
163.000000000 -2.069932394543e-09
163.010000000 -2.067896013243e-09
163.020000000 -2.070141673892e-09
163.030000000 -2.068105076152e-09
163.040000000 -2.070350953241e-09
163.050000000 -2.068314139060e-09
163.060000000 -2.070560232590e-09
163.070000000 -2.068523201969e-09
163.080000000 -2.070769511939e-09
163.090000000 -2.068732264878e-09
163.100000000 -2.070978791287e-09
163.110000000 -2.068941327786e-09
163.120000000 -2.071188070636e-09
163.130000000 -2.069150390695e-09
163.140000000 -2.071397349985e-09
163.150000000 -2.069359453603e-09
163.160000000 -2.071606629334e-09
163.170000000 -2.069568516512e-09
163.180000000 -2.071815908683e-09
163.190000000 -2.069777579421e-09
163.200000000 -2.072025188032e-09
163.210000000 -2.069986642329e-09
163.220000000 -2.072234467380e-09
163.230000000 -2.070195705238e-09
163.240000000 -2.072443746729e-09
163.250000000 -2.070404768146e-09
163.260000000 -2.072653026078e-09
163.270000000 -2.070613831055e-09
163.280000000 -2.072862305427e-09
163.290000000 -2.070822893964e-09
163.300000000 -2.073071584776e-09
163.310000000 -2.071031956872e-09
163.320000000 -2.073280864124e-09
163.330000000 -2.071241019781e-09
163.340000000 -2.073490143473e-09
163.350000000 -2.071450082689e-09
163.360000000 -2.073699422822e-09
163.370000000 -2.071659145598e-09
163.380000000 -2.073908702171e-09
163.390000000 -2.071868208507e-09
163.400000000 -2.074117981520e-09
163.410000000 -2.072077271415e-09
163.420000000 -2.074327260868e-09
163.430000000 -2.072286334324e-09
163.440000000 -2.074536540217e-09
163.450000000 -2.072495397233e-09
163.460000000 -2.074745819566e-09
163.470000000 -2.072704460141e-09
163.480000000 -2.074955098915e-09
163.490000000 -2.072913523050e-09
163.500000000 -2.075164378264e-09
163.510000000 -2.073122585958e-09
163.520000000 -2.075373657613e-09
163.530000000 -2.073331648867e-09
163.540000000 -2.075582936961e-09
163.550000000 -2.073540711776e-09
163.560000000 -2.075792216310e-09
163.570000000 -2.073749774684e-09
163.580000000 -2.076001495659e-09
163.590000000 -2.073958837593e-09
163.600000000 -2.076210775008e-09
163.610000000 -2.074167900501e-09
163.620000000 -2.076420054357e-09
163.630000000 -2.074376963410e-09
163.640000000 -2.076629333705e-09
163.650000000 -2.074586026319e-09
163.660000000 -2.076838613054e-09
163.670000000 -2.074795089227e-09
163.680000000 -2.077047892403e-09
163.690000000 -2.075004152136e-09
163.700000000 -2.077257171752e-09
163.710000000 -2.075213215044e-09
163.720000000 -2.077466451101e-09
163.730000000 -2.075422277953e-09
163.740000000 -2.077675730449e-09
163.750000000 -2.075631340862e-09
163.760000000 -2.077885009798e-09
163.770000000 -2.075840403770e-09
163.780000000 -2.078094289147e-09
163.790000000 -2.076049466679e-09
163.800000000 -2.078303568496e-09
163.810000000 -2.076258529587e-09
163.820000000 -2.078512847845e-09
