0.000000000 1.758226070165e-05
0.010000000 1.757796104563e-05
0.020000000 1.756775252462e-05
0.030000000 1.755206848411e-05
0.040000000 1.752572015573e-05
0.050000000 1.749359542263e-05
0.060000000 1.745687989404e-05
0.070000000 1.740719172739e-05
0.080000000 1.734641363692e-05
0.090000000 1.727174945415e-05
0.100000000 1.719971990706e-05
0.110000000 1.714823613030e-05
0.120000000 1.711498583978e-05
0.130000000 1.700670381448e-05
0.140000000 1.693696410060e-05
0.150000000 1.691712722683e-05
0.160000000 1.700679095798e-05
0.170000000 1.702222762022e-05
0.180000000 1.716655793916e-05
0.190000000 1.707125072318e-05
0.200000000 1.729817228451e-05
0.210000000 1.741429274243e-05
0.220000000 1.771899932855e-05
0.230000000 1.794941924473e-05
0.240000000 1.815653881460e-05
0.250000000 1.858471346488e-05
0.260000000 1.903088233758e-05
0.270000000 1.950538192695e-05
0.280000000 1.988014717387e-05
0.290000000 2.026916511415e-05
0.300000000 2.091970351887e-05
0.310000000 2.163516017591e-05
0.320000000 2.257472738697e-05
0.330000000 2.293672263484e-05
0.340000000 2.363598365132e-05
0.350000000 2.439683110604e-05
0.360000000 2.540126183792e-05
0.370000000 2.556273118955e-05
0.380000000 2.627990956494e-05
0.390000000 2.678938977158e-05
0.400000000 2.727642022072e-05
0.410000000 2.842285564258e-05
0.420000000 2.837028039147e-05
0.430000000 2.886106017920e-05
0.440000000 2.899836774658e-05
0.450000000 3.038932814706e-05
0.460000000 3.021679335889e-05
0.470000000 3.115374930556e-05
0.480000000 3.107156703280e-05
0.490000000 3.235715101006e-05
0.500000000 3.256829724441e-05
0.510000000 3.400440099452e-05
0.520000000 3.389338714543e-05
0.530000000 3.491952875905e-05
0.540000000 3.620160466779e-05
0.550000000 3.756382491089e-05
0.560000000 3.924387627499e-05
0.570000000 3.989128471441e-05
0.580000000 4.121478792398e-05
0.590000000 4.263739952553e-05
0.600000000 4.469012360070e-05
0.610000000 4.636604339088e-05
0.620000000 4.667290044593e-05
0.630000000 4.827570111019e-05
0.640000000 4.904657608786e-05
0.650000000 5.218414653722e-05
0.660000000 5.193740388783e-05
0.670000000 5.333141183471e-05
0.680000000 5.422253872525e-05
0.690000000 5.655521029630e-05
0.700000000 5.875253518325e-05
0.710000000 6.042665488103e-05
0.720000000 6.163179705812e-05
0.730000000 6.218998429788e-05
0.740000000 6.349914612111e-05
0.750000000 6.491168334399e-05
0.760000000 6.564371974366e-05
0.770000000 6.492543150510e-05
0.780000000 6.581768142917e-05
0.790000000 6.687503268961e-05
0.800000000 6.625112769701e-05
0.810000000 6.566589456296e-05
0.820000000 6.630042912454e-05
0.830000000 6.490789518729e-05
0.840000000 6.568170154763e-05
0.850000000 6.454957187980e-05
0.860000000 6.484633603392e-05
0.870000000 6.506286526024e-05
0.880000000 6.370680099821e-05
0.890000000 6.256868610896e-05
0.900000000 5.954742949747e-05
0.910000000 5.659185475943e-05
0.920000000 5.833507493020e-05
0.930000000 5.743838068942e-05
0.940000000 5.742887164422e-05
0.950000000 5.576684866352e-05
0.960000000 5.335338084493e-05
0.970000000 5.052529889513e-05
0.980000000 4.870794181410e-05
0.990000000 5.077274021681e-05
1.000000000 4.586633353468e-05
1.010000000 4.251199934829e-05
1.020000000 3.853775722143e-05
1.030000000 3.879882228030e-05
1.040000000 3.905137213419e-05
1.050000000 3.452083522492e-05
1.060000000 3.237330191451e-05
1.070000000 2.803035876365e-05
1.080000000 2.871441775950e-05
1.090000000 3.152145294710e-05
1.100000000 3.214350805821e-05
1.110000000 3.180367568333e-05
1.120000000 3.113487881335e-05
1.130000000 3.514886587793e-05
1.140000000 3.585871374294e-05
1.150000000 4.054606950609e-05
1.160000000 4.223079491207e-05
1.170000000 4.817167364725e-05
1.180000000 4.924837797749e-05
1.190000000 5.261257747751e-05
1.200000000 4.898766321361e-05
1.210000000 5.205524378018e-05
1.220000000 5.412642734793e-05
1.230000000 5.729322222391e-05
1.240000000 5.864143311362e-05
1.250000000 5.658874927513e-05
1.260000000 6.081168984720e-05
1.270000000 6.615802356269e-05
1.280000000 6.864967020397e-05
1.290000000 6.791488981777e-05
1.300000000 6.742724996493e-05
1.310000000 6.960245040035e-05
1.320000000 7.406419411460e-05
1.330000000 7.418542613303e-05
1.340000000 7.145264678253e-05
1.350000000 6.528676979641e-05
1.360000000 6.213231390340e-05
1.370000000 6.315845926561e-05
1.380000000 6.484003789807e-05
1.390000000 5.177023660149e-05
1.400000000 4.826496268388e-05
1.410000000 4.435122618012e-05
1.420000000 4.536765238562e-05
1.430000000 4.389994542073e-05
1.440000000 3.689995052598e-05
1.450000000 2.878271207728e-05
1.460000000 2.777613257965e-05
1.470000000 2.160503727475e-05
1.480000000 2.413213365069e-05
1.490000000 1.856627494987e-05
1.500000000 1.503588101924e-05
1.510000000 1.037462939666e-05
1.520000000 9.191228255746e-06
1.530000000 5.542905871026e-06
1.540000000 3.668175909286e-06
1.550000000 3.207614200998e-06
1.560000000 5.818623896954e-06
1.570000000 2.386187046423e-06
1.580000000 5.141529774303e-06
1.590000000 3.178098603584e-06
1.600000000 7.284917865769e-06
1.610000000 1.119732443336e-05
1.620000000 1.967220877491e-05
1.630000000 1.453875912113e-05
1.640000000 1.007875918880e-05
1.650000000 1.392953975111e-05
1.660000000 1.983443878088e-05
1.670000000 2.636829483475e-05
1.680000000 2.388325842062e-05
1.690000000 2.080918909295e-05
1.700000000 1.618409720464e-05
1.710000000 2.282151675905e-05
1.720000000 2.307058537388e-05
1.730000000 1.946292552400e-05
1.740000000 7.557741245970e-06
1.750000000 6.517032016554e-06
1.760000000 7.629201866250e-06
1.770000000 4.769164510928e-06
1.780000000 2.631881905187e-06
1.790000000 -4.550078335301e-06
1.800000000 -1.098843911170e-05
1.810000000 -7.803436484791e-06
1.820000000 -1.225883578368e-05
1.830000000 -1.239044318811e-05
1.840000000 -1.984315159073e-05
1.850000000 -7.599687490670e-06
1.860000000 -1.310165910808e-05
1.870000000 -9.213863691872e-06
1.880000000 -1.485232508214e-05
1.890000000 -1.603327804425e-05
1.900000000 -1.728665444632e-05
1.910000000 -2.476864188470e-05
1.920000000 -2.961910803296e-05
1.930000000 -4.404805207407e-05
1.940000000 -5.402538140565e-05
1.950000000 -7.042203910233e-05
1.960000000 -6.743183913292e-05
1.970000000 -8.849913915471e-05
1.980000000 -8.395651978452e-05
1.990000000 -9.383930838838e-05
2.000000000 -9.875061129338e-05
2.010000000 -9.990768285168e-05
2.020000000 -1.154142431348e-04
2.030000000 -1.249728421556e-04
2.040000000 -1.396717940050e-04
2.050000000 -1.414933543129e-04
2.060000000 -1.547869214185e-04
2.070000000 -1.816801663813e-04
2.080000000 -1.970729286872e-04
2.090000000 -2.121167619773e-04
2.100000000 -2.203730738000e-04
2.110000000 -2.428917200482e-04
2.120000000 -2.718259209521e-04
2.130000000 -3.022479499900e-04
2.140000000 -3.325125228430e-04
2.150000000 -3.458795513825e-04
2.160000000 -3.681997482722e-04
2.170000000 -3.911262368933e-04
2.180000000 -4.202882285854e-04
2.190000000 -4.376595736004e-04
2.200000000 -4.581180281186e-04
2.210000000 -4.788034584441e-04
2.220000000 -5.067014385731e-04
2.230000000 -5.167163087028e-04
2.240000000 -5.353285146855e-04
2.250000000 -5.430222428044e-04
2.260000000 -5.679903054865e-04
2.270000000 -5.731117997776e-04
2.280000000 -5.874325186848e-04
2.290000000 -5.865204399187e-04
2.300000000 -5.844690544152e-04
2.310000000 -5.818843686836e-04
2.320000000 -5.853285252086e-04
2.330000000 -5.698078442359e-04
2.340000000 -5.492548928554e-04
2.350000000 -5.193048998062e-04
2.360000000 -5.068687328293e-04
2.370000000 -4.836055526455e-04
2.380000000 -4.583735686093e-04
2.390000000 -4.175711035756e-04
2.400000000 -3.881146935004e-04
2.410000000 -3.553306771020e-04
2.420000000 -3.093859857291e-04
2.430000000 -2.858869803026e-04
2.440000000 -2.767371381567e-04
2.450000000 -2.332288685950e-04
2.460000000 -2.244689196828e-04
2.470000000 -1.939285433003e-04
2.480000000 -1.677106668056e-04
2.490000000 -1.320219880548e-04
2.500000000 -1.267728573028e-04
2.510000000 -1.135035966758e-04
2.520000000 -1.024284239811e-04
2.530000000 -8.000945671145e-05
2.540000000 -5.189171781725e-05
2.550000000 -4.427938269685e-05
2.560000000 -3.591889243813e-05
2.570000000 -5.197991598266e-05
2.580000000 -4.238601293413e-05
2.590000000 -5.296809025893e-05
2.600000000 -4.822184686922e-05
2.610000000 -7.104058415717e-05
2.620000000 -7.472826588499e-05
2.630000000 -9.457546833878e-05
2.640000000 -1.122827639460e-04
2.650000000 -1.275462366299e-04
2.660000000 -1.491272189591e-04
2.670000000 -1.665418586483e-04
2.680000000 -1.689266724520e-04
2.690000000 -1.994999063875e-04
2.700000000 -2.139955955514e-04
2.710000000 -2.386184497724e-04
2.720000000 -2.471307229813e-04
2.730000000 -2.525524012442e-04
2.740000000 -2.599711278715e-04
2.750000000 -2.660499846560e-04
2.760000000 -2.907554417789e-04
2.770000000 -2.759720080727e-04
2.780000000 -2.753045902004e-04
2.790000000 -2.702514242574e-04
2.800000000 -2.841536646353e-04
2.810000000 -2.732506364501e-04
2.820000000 -2.529749053403e-04
2.830000000 -2.429592117759e-04
2.840000000 -2.232282453810e-04
2.850000000 -2.256421632501e-04
2.860000000 -1.996140864114e-04
2.870000000 -1.900184995240e-04
2.880000000 -1.469962018839e-04
2.890000000 -1.298541400689e-04
2.900000000 -1.239943229357e-04
2.910000000 -1.136118911705e-04
2.920000000 -6.839080743889e-05
2.930000000 -4.703298871650e-05
2.940000000 -1.698585954052e-05
2.950000000 2.452306849289e-05
2.960000000 3.250635365666e-05
2.970000000 4.060782830868e-05
2.980000000 8.536709555056e-05
2.990000000 8.346288235707e-05
3.000000000 1.106157095878e-04
3.010000000 1.231104538074e-04
3.020000000 1.425947412067e-04
3.030000000 1.648103510538e-04
3.040000000 1.517766789287e-04
3.050000000 1.652323695069e-04
3.060000000 1.661877774209e-04
3.070000000 1.764484120496e-04
3.080000000 1.709571119379e-04
3.090000000 1.414818905945e-04
3.100000000 1.439263217414e-04
3.110000000 1.302287994851e-04
3.120000000 1.522300545765e-04
3.130000000 1.215435921674e-04
3.140000000 1.087516927604e-04
3.150000000 7.157078016018e-05
3.160000000 6.819460705647e-05
3.170000000 7.897436417523e-05
3.180000000 6.837186506610e-05
3.190000000 4.478965154621e-05
3.200000000 3.040042614765e-05
3.210000000 3.395928817193e-05
3.220000000 1.518454876395e-05
3.230000000 2.262466203004e-05
3.240000000 -2.133434592668e-06
3.250000000 1.842343482068e-06
3.260000000 -1.324029095973e-05
3.270000000 1.001292978622e-05
3.280000000 -5.418353764638e-06
3.290000000 -2.167150918344e-06
3.300000000 -1.646092853971e-05
3.310000000 9.967037290917e-06
3.320000000 1.081418962372e-05
3.330000000 1.364784304317e-05
3.340000000 3.570181755763e-06
3.350000000 2.539048827723e-05
3.360000000 4.159035627807e-05
3.370000000 3.639937241174e-05
3.380000000 3.975584571197e-05
3.390000000 4.341511815570e-05
3.400000000 4.395760299853e-05
3.410000000 3.495888826117e-05
3.420000000 2.799469385340e-05
3.430000000 2.073469212186e-05
3.440000000 -1.867938147812e-05
3.450000000 -6.001388548881e-05
3.460000000 -6.758734416611e-05
3.470000000 -8.894919124600e-05
3.480000000 -1.100038464008e-04
3.490000000 -1.387397926910e-04
3.500000000 -1.385408999708e-04
3.510000000 -1.468191075492e-04
3.520000000 -1.876306642480e-04
3.530000000 -2.340706894987e-04
3.540000000 -2.766434533917e-04
3.550000000 -2.776315093313e-04
3.560000000 -3.245442947441e-04
3.570000000 -3.240211218757e-04
3.580000000 -3.667840493251e-04
3.590000000 -3.779231584561e-04
3.600000000 -3.947593166851e-04
3.610000000 -3.605731243778e-04
3.620000000 -3.950064311386e-04
3.630000000 -4.138107772513e-04
3.640000000 -4.062772551565e-04
3.650000000 -3.975115184032e-04
3.660000000 -3.849934672831e-04
3.670000000 -3.790586555354e-04
3.680000000 -3.607727629479e-04
3.690000000 -3.666871664918e-04
3.700000000 -3.574605710152e-04
3.710000000 -3.133190966352e-04
3.720000000 -2.822760523820e-04
3.730000000 -2.539875764327e-04
3.740000000 -2.398869059358e-04
3.750000000 -1.772650092826e-04
3.760000000 -1.552813303155e-04
3.770000000 -1.214501387136e-04
3.780000000 -1.174324187075e-04
3.790000000 -6.986799665958e-05
3.800000000 -4.757279267616e-05
3.810000000 8.669602867309e-06
3.820000000 2.192522321057e-05
3.830000000 4.252417368991e-05
3.840000000 6.463698147919e-05
3.850000000 7.667899990980e-05
3.860000000 1.190044109106e-04
3.870000000 9.085961305918e-05
3.880000000 1.355121424888e-04
3.890000000 1.549957527155e-04
3.900000000 2.080380051081e-04
3.910000000 1.922819273224e-04
3.920000000 2.208062079168e-04
3.930000000 2.306255390684e-04
3.940000000 2.895772817444e-04
3.950000000 3.222018761511e-04
3.960000000 3.662363263920e-04
3.970000000 3.570118297619e-04
3.980000000 3.427154989775e-04
3.990000000 3.724453301675e-04
4.000000000 4.052973794229e-04
4.010000000 3.865409934850e-04
4.020000000 4.072296733589e-04
4.030000000 4.222834158713e-04
4.040000000 4.532938099398e-04
4.050000000 4.610185381022e-04
4.060000000 4.776450513516e-04
4.070000000 4.456406346547e-04
4.080000000 4.765599221165e-04
4.090000000 4.892713768518e-04
4.100000000 5.243952992451e-04
4.110000000 5.240772741387e-04
4.120000000 5.543293365160e-04
4.130000000 5.907126535408e-04
4.140000000 6.345505250306e-04
4.150000000 6.593760646488e-04
4.160000000 6.742457942039e-04
4.170000000 7.145406314179e-04
4.180000000 7.486972116152e-04
4.190000000 8.180051115897e-04
4.200000000 8.153174241637e-04
4.210000000 8.302757338666e-04
4.220000000 8.434398633715e-04
4.230000000 8.700162158532e-04
4.240000000 9.259664189414e-04
4.250000000 9.531017284164e-04
4.260000000 9.657263992697e-04
4.270000000 9.516908494655e-04
4.280000000 9.792477327070e-04
4.290000000 9.721408003088e-04
4.300000000 9.974476113967e-04
4.310000000 9.982063487084e-04
4.320000000 1.012000996111e-03
4.330000000 1.002398920168e-03
4.340000000 1.008905471844e-03
4.350000000 1.019329579893e-03
4.360000000 9.726263143734e-04
4.370000000 9.693304396476e-04
4.380000000 9.352626528829e-04
4.390000000 9.584437815840e-04
4.400000000 9.037488569600e-04
4.410000000 8.925921269159e-04
4.420000000 8.789635008968e-04
4.430000000 8.526115473894e-04
4.440000000 8.449560421739e-04
4.450000000 8.161464008502e-04
4.460000000 8.073466093674e-04
4.470000000 7.192069706603e-04
4.480000000 7.049041033364e-04
4.490000000 7.004867880023e-04
4.500000000 6.642551171186e-04
4.510000000 6.297556503541e-04
4.520000000 6.408791117479e-04
4.530000000 6.327134563125e-04
4.540000000 6.099406620952e-04
4.550000000 5.747198433647e-04
4.560000000 5.456205745500e-04
4.570000000 5.369669471557e-04
4.580000000 5.418296476732e-04
4.590000000 5.531431139946e-04
4.600000000 5.097777062846e-04
4.610000000 5.104101721072e-04
4.620000000 5.400084250158e-04
4.630000000 5.715354056693e-04
4.640000000 5.955623027978e-04
4.650000000 5.692444095840e-04
4.660000000 5.738421127804e-04
4.670000000 5.760329496344e-04
4.680000000 6.308773083502e-04
4.690000000 6.110904068623e-04
4.700000000 6.377089751828e-04
4.710000000 6.224817254103e-04
4.720000000 6.735986436399e-04
4.730000000 6.922309260867e-04
4.740000000 7.126877506823e-04
4.750000000 7.014108101709e-04
4.760000000 7.211624046386e-04
4.770000000 7.619653853675e-04
4.780000000 7.830088809160e-04
4.790000000 7.766524543850e-04
4.800000000 8.225437093516e-04
4.810000000 8.380145807096e-04
4.820000000 8.906997538031e-04
4.830000000 8.909459049260e-04
4.840000000 9.049606983951e-04
4.850000000 8.894867525496e-04
4.860000000 9.147612235752e-04
4.870000000 9.149417086654e-04
4.880000000 9.222652516518e-04
4.890000000 8.899541813032e-04
4.900000000 8.850589230282e-04
4.910000000 8.568598818679e-04
4.920000000 8.293511516182e-04
4.930000000 7.659838458331e-04
4.940000000 7.043347749399e-04
4.950000000 6.430632233920e-04
4.960000000 5.833758536673e-04
4.970000000 5.555328236137e-04
4.980000000 4.781388058040e-04
4.990000000 3.110687960104e-04
5.000000000 2.172799317363e-04
5.010000000 1.848490859520e-04
5.020000000 3.308588613637e-05
5.030000000 -2.211352202929e-05
5.040000000 -1.243899846894e-04
5.050000000 -1.820166390091e-04
5.060000000 -3.142449735297e-04
5.070000000 -3.909433636392e-04
5.080000000 -4.758469643071e-04
5.090000000 -5.649853335798e-04
5.100000000 -6.701320979941e-04
5.110000000 -6.797704183779e-04
5.120000000 -7.593298103564e-04
5.130000000 -7.913989446533e-04
5.140000000 -8.415940182878e-04
5.150000000 -8.504189712388e-04
5.160000000 -8.790721842045e-04
5.170000000 -8.830247777590e-04
5.180000000 -8.783120533924e-04
5.190000000 -8.920130279805e-04
5.200000000 -8.920553617271e-04
5.210000000 -8.519648833306e-04
5.220000000 -8.467334852241e-04
5.230000000 -8.405467222613e-04
5.240000000 -8.406443589786e-04
5.250000000 -7.966505292026e-04
5.260000000 -7.738922989632e-04
5.270000000 -7.255464850446e-04
5.280000000 -7.248610399342e-04
5.290000000 -6.947292148930e-04
5.300000000 -6.419307999712e-04
5.310000000 -5.616679144897e-04
5.320000000 -4.972331633711e-04
5.330000000 -4.446422394277e-04
5.340000000 -4.130701297774e-04
5.350000000 -3.254742015877e-04
5.360000000 -2.495149175278e-04
5.370000000 -1.657691343647e-04
5.380000000 -1.011226673684e-04
5.390000000 -4.953053574353e-05
5.400000000 4.667234199189e-05
5.410000000 1.026471931940e-04
5.420000000 1.991486165693e-04
5.430000000 2.397149995255e-04
5.440000000 3.034729593769e-04
5.450000000 3.669488117102e-04
5.460000000 4.232370493751e-04
5.470000000 4.830172205401e-04
5.480000000 5.446519750314e-04
5.490000000 5.231984638235e-04
5.500000000 5.426796772555e-04
5.510000000 6.089175981339e-04
5.520000000 6.340573479167e-04
5.530000000 6.207276584956e-04
5.540000000 6.618596280704e-04
5.550000000 6.625145449334e-04
5.560000000 6.591967595217e-04
5.570000000 6.219853327526e-04
5.580000000 5.987422304096e-04
5.590000000 5.773493527153e-04
5.600000000 5.701905364063e-04
5.610000000 5.265015562424e-04
5.620000000 4.999142399950e-04
5.630000000 4.251046760460e-04
5.640000000 4.243718520011e-04
5.650000000 4.021096357168e-04
5.660000000 3.591756877768e-04
5.670000000 2.611027538877e-04
5.680000000 2.069019429285e-04
5.690000000 1.619081268972e-04
5.700000000 1.183678735916e-04
5.710000000 5.204914988704e-05
5.720000000 -3.299453784843e-05
5.730000000 -1.168191936123e-04
5.740000000 -1.881706524765e-04
5.750000000 -2.331828316458e-04
5.760000000 -2.823466970013e-04
5.770000000 -3.606142252645e-04
5.780000000 -4.708434256415e-04
5.790000000 -5.670414719001e-04
5.800000000 -6.740955568396e-04
5.810000000 -7.307069078884e-04
5.820000000 -7.812880387612e-04
5.830000000 -8.431178554875e-04
5.840000000 -8.828111135287e-04
5.850000000 -9.185652137677e-04
5.860000000 -9.846926210794e-04
5.870000000 -1.081356405946e-03
5.880000000 -1.142442302011e-03
5.890000000 -1.183382111118e-03
5.900000000 -1.216248021151e-03
5.910000000 -1.212489873476e-03
5.920000000 -1.243668720767e-03
5.930000000 -1.271288083304e-03
5.940000000 -1.308876578873e-03
5.950000000 -1.339273708041e-03
5.960000000 -1.357090381464e-03
5.970000000 -1.355965354373e-03
5.980000000 -1.316851431220e-03
5.990000000 -1.283846601304e-03
6.000000000 -1.287041410182e-03
6.010000000 -1.298953104470e-03
6.020000000 -1.296083945406e-03
6.030000000 -1.232354135177e-03
6.040000000 -1.261850614479e-03
6.050000000 -1.227680682776e-03
6.060000000 -1.239359162970e-03
6.070000000 -1.203020327698e-03
6.080000000 -1.209918729474e-03
6.090000000 -1.149488988259e-03
6.100000000 -1.127023195657e-03
6.110000000 -1.118510593877e-03
6.120000000 -1.175040821561e-03
6.130000000 -1.164468194236e-03
6.140000000 -1.145631037854e-03
6.150000000 -1.152983640819e-03
6.160000000 -1.133297178895e-03
6.170000000 -1.164517835280e-03
6.180000000 -1.184319301638e-03
6.190000000 -1.214854103212e-03
6.200000000 -1.235981609596e-03
6.210000000 -1.236739453236e-03
6.220000000 -1.236997376349e-03
6.230000000 -1.257710529826e-03
6.240000000 -1.286461458391e-03
6.250000000 -1.342134494687e-03
6.260000000 -1.378629821854e-03
6.270000000 -1.379107486462e-03
6.280000000 -1.338046596489e-03
6.290000000 -1.337452997867e-03
6.300000000 -1.366450237094e-03
6.310000000 -1.394163136994e-03
6.320000000 -1.377733339482e-03
6.330000000 -1.345525399270e-03
6.340000000 -1.311133923762e-03
6.350000000 -1.285932258374e-03
6.360000000 -1.302923536283e-03
6.370000000 -1.283214852426e-03
6.380000000 -1.251602301332e-03
6.390000000 -1.205948127922e-03
6.400000000 -1.199497589959e-03
6.410000000 -1.189898674878e-03
6.420000000 -1.163246304027e-03
6.430000000 -1.124112678470e-03
6.440000000 -1.093153813058e-03
6.450000000 -1.052060456928e-03
6.460000000 -1.056889048836e-03
6.470000000 -1.022826823578e-03
6.480000000 -9.688548946071e-04
6.490000000 -9.691280684685e-04
6.500000000 -9.439311195149e-04
6.510000000 -9.223316357047e-04
6.520000000 -8.519396574430e-04
6.530000000 -8.400735504853e-04
6.540000000 -7.623384264548e-04
6.550000000 -7.363876806699e-04
6.560000000 -6.947822237638e-04
6.570000000 -7.017892576398e-04
6.580000000 -6.632129894775e-04
6.590000000 -6.290732654598e-04
6.600000000 -5.677545160887e-04
6.610000000 -5.419874561028e-04
6.620000000 -4.903976749668e-04
6.630000000 -4.804719661991e-04
6.640000000 -4.473245588666e-04
6.650000000 -4.598585342886e-04
6.660000000 -4.337697892419e-04
6.670000000 -3.769710814395e-04
6.680000000 -3.105730174223e-04
6.690000000 -2.957955369690e-04
6.700000000 -2.704486504299e-04
6.710000000 -2.705511325889e-04
6.720000000 -2.223647144087e-04
6.730000000 -1.930252228772e-04
6.740000000 -1.559912734754e-04
6.750000000 -1.370442879126e-04
6.760000000 -9.529784382123e-05
6.770000000 -3.470278859546e-05
6.780000000 -1.214041816370e-05
6.790000000 1.078585432842e-05
6.800000000 2.568027032990e-05
6.810000000 6.900503382903e-05
6.820000000 1.268870444011e-04
6.830000000 1.847293298144e-04
6.840000000 2.198161074578e-04
6.850000000 2.485746866978e-04
6.860000000 2.789261454949e-04
6.870000000 3.410429736553e-04
6.880000000 3.709943645766e-04
6.890000000 3.919010139381e-04
6.900000000 4.351880251265e-04
6.910000000 4.762517331061e-04
6.920000000 5.203786267968e-04
6.930000000 5.396915724008e-04
6.940000000 5.557196337179e-04
6.950000000 5.461275885322e-04
6.960000000 5.627694223719e-04
6.970000000 5.889701803079e-04
6.980000000 6.075798378719e-04
6.990000000 5.997588910493e-04
7.000000000 5.725527528565e-04
7.010000000 6.229336549093e-04
7.020000000 5.762037564181e-04
7.030000000 5.493341706570e-04
7.040000000 5.021124272834e-04
7.050000000 5.030502670470e-04
7.060000000 4.853849556251e-04
7.070000000 5.212481363918e-04
7.080000000 4.821621149381e-04
7.090000000 4.937634077127e-04
7.100000000 4.416249931517e-04
7.110000000 4.301765919570e-04
7.120000000 4.379751426941e-04
7.130000000 4.021799349120e-04
7.140000000 3.906352637683e-04
7.150000000 4.108668571103e-04
7.160000000 3.779789867107e-04
7.170000000 3.546211160001e-04
7.180000000 3.144155269375e-04
7.190000000 3.046435244490e-04
7.200000000 2.912375525741e-04
7.210000000 3.060558062938e-04
7.220000000 3.060994215033e-04
7.230000000 3.148149884776e-04
7.240000000 2.512586889539e-04
7.250000000 2.868189354223e-04
7.260000000 2.579334817216e-04
7.270000000 2.899632183008e-04
7.280000000 2.638191620706e-04
7.290000000 2.982792628870e-04
7.300000000 3.122110532484e-04
7.310000000 3.591682860071e-04
7.320000000 3.421737580998e-04
7.330000000 3.673307961891e-04
7.340000000 3.547795538902e-04
7.350000000 4.155980054832e-04
7.360000000 4.395186401306e-04
7.370000000 5.151818877828e-04
7.380000000 5.176541010912e-04
7.390000000 6.015453367828e-04
7.400000000 6.298523934300e-04
7.410000000 7.159349289495e-04
7.420000000 7.464425752353e-04
7.430000000 8.206670528151e-04
7.440000000 8.477083967878e-04
7.450000000 9.485573857665e-04
7.460000000 9.981855609272e-04
7.470000000 1.062295445480e-03
7.480000000 1.095592155797e-03
7.490000000 1.150422079116e-03
7.500000000 1.181954052282e-03
7.510000000 1.276445978232e-03
7.520000000 1.312906029935e-03
7.530000000 1.384251245823e-03
7.540000000 1.371833167580e-03
7.550000000 1.455142923863e-03
7.560000000 1.485750683409e-03
7.570000000 1.540669753354e-03
7.580000000 1.553627774766e-03
7.590000000 1.605522676434e-03
7.600000000 1.588679456751e-03
7.610000000 1.628698391902e-03
7.620000000 1.562376739872e-03
7.630000000 1.601802146035e-03
7.640000000 1.549924712958e-03
7.650000000 1.577225871659e-03
7.660000000 1.489104979447e-03
7.670000000 1.502462193977e-03
7.680000000 1.380780443497e-03
7.690000000 1.404069078365e-03
7.700000000 1.281439152481e-03
7.710000000 1.268599818064e-03
7.720000000 1.138956510521e-03
7.730000000 1.117930909819e-03
7.740000000 1.017258191118e-03
7.750000000 1.035362700397e-03
7.760000000 8.834203980711e-04
7.770000000 8.672989991042e-04
7.780000000 7.120853964454e-04
7.790000000 7.180885099612e-04
7.800000000 6.433919928535e-04
7.810000000 6.466905263626e-04
7.820000000 5.474478096622e-04
7.830000000 5.072352441649e-04
7.840000000 4.368569649776e-04
7.850000000 4.789197799557e-04
7.860000000 4.103130709558e-04
7.870000000 4.520049383424e-04
7.880000000 4.360370337349e-04
7.890000000 4.907797373654e-04
7.900000000 4.836277257795e-04
7.910000000 5.605099261763e-04
7.920000000 5.474149600286e-04
7.930000000 6.176389690772e-04
7.940000000 6.294020954944e-04
7.950000000 7.461374354267e-04
7.960000000 7.415951263449e-04
7.970000000 8.615810878131e-04
7.980000000 8.619082163711e-04
7.990000000 9.721286095370e-04
8.000000000 9.760180869102e-04
8.010000000 1.115003973679e-03
8.020000000 1.148634091692e-03
8.030000000 1.263986572719e-03
8.040000000 1.297244231810e-03
8.050000000 1.396960850361e-03
8.060000000 1.420264988372e-03
8.070000000 1.504232579504e-03
8.080000000 1.546472698866e-03
8.090000000 1.679576362867e-03
8.100000000 1.714903257178e-03
8.110000000 1.743773595471e-03
8.120000000 1.719442288530e-03
8.130000000 1.747722599971e-03
8.140000000 1.798088804766e-03
8.150000000 1.836543793929e-03
8.160000000 1.823571102479e-03
8.170000000 1.822695621261e-03
8.180000000 1.818373495274e-03
8.190000000 1.858091676360e-03
8.200000000 1.834556300058e-03
8.210000000 1.849616085451e-03
8.220000000 1.806572506247e-03
8.230000000 1.791803987873e-03
8.240000000 1.772784272305e-03
8.250000000 1.703262647915e-03
8.260000000 1.648282353708e-03
8.270000000 1.572077825579e-03
8.280000000 1.521506901682e-03
8.290000000 1.488882671541e-03
8.300000000 1.436594879746e-03
8.310000000 1.390177170292e-03
8.320000000 1.330615793926e-03
8.330000000 1.243424421934e-03
8.340000000 1.172758920181e-03
8.350000000 1.069952517435e-03
8.360000000 1.034550302655e-03
8.370000000 1.020632579339e-03
8.380000000 1.046949124636e-03
8.390000000 1.017355131041e-03
8.400000000 9.902768554746e-04
8.410000000 9.077967891006e-04
8.420000000 8.837924396577e-04
8.430000000 8.548410583910e-04
8.440000000 8.746002501917e-04
8.450000000 8.575179866849e-04
8.460000000 8.432603371592e-04
8.470000000 8.562538815419e-04
8.480000000 8.718558159552e-04
8.490000000 8.260067247269e-04
8.500000000 8.112752518451e-04
8.510000000 8.002963502219e-04
8.520000000 8.089558474630e-04
8.530000000 8.325370986603e-04
8.540000000 8.350530353868e-04
8.550000000 8.074499418275e-04
8.560000000 8.126500902015e-04
8.570000000 8.164136012159e-04
8.580000000 8.480763252496e-04
8.590000000 8.590768034754e-04
8.600000000 8.751759315306e-04
8.610000000 8.861238485628e-04
8.620000000 9.011857965101e-04
8.630000000 8.746964001272e-04
8.640000000 9.146430325141e-04
8.650000000 8.583093942732e-04
8.660000000 9.191760917863e-04
8.670000000 9.083887895623e-04
8.680000000 9.633929683537e-04
8.690000000 9.330102955411e-04
8.700000000 9.393591993804e-04
8.710000000 9.084754126892e-04
8.720000000 9.546767328189e-04
8.730000000 9.454513981437e-04
8.740000000 9.998788779694e-04
8.750000000 9.694844175368e-04
8.760000000 1.024660590315e-03
8.770000000 9.375000280513e-04
8.780000000 9.538460749534e-04
8.790000000 8.607201167629e-04
8.800000000 8.587529693479e-04
8.810000000 8.260887631926e-04
8.820000000 8.743887048774e-04
8.830000000 8.306505713491e-04
8.840000000 7.585780789159e-04
8.850000000 6.783742556318e-04
8.860000000 6.518106909280e-04
8.870000000 6.273149055832e-04
8.880000000 6.116184331021e-04
8.890000000 5.679762464694e-04
8.900000000 4.909906891032e-04
8.910000000 4.095919865760e-04
8.920000000 3.369164786780e-04
8.930000000 2.432224738003e-04
8.940000000 1.948017725942e-04
8.950000000 1.408935177762e-04
8.960000000 7.996837547898e-05
8.970000000 -3.653332337302e-05
8.980000000 -1.148134734410e-04
8.990000000 -2.741437740841e-04
9.000000000 -3.243900541812e-04
9.010000000 -4.437363510191e-04
9.020000000 -4.422554111996e-04
9.030000000 -5.526348132982e-04
9.040000000 -5.966891967196e-04
9.050000000 -6.994686927330e-04
9.060000000 -7.288098624821e-04
9.070000000 -7.723665732111e-04
9.080000000 -8.038646401224e-04
9.090000000 -8.755656559186e-04
9.100000000 -8.660722960475e-04
9.110000000 -8.623790008835e-04
9.120000000 -8.106654187794e-04
9.130000000 -8.691267472453e-04
9.140000000 -8.696510708364e-04
9.150000000 -9.072908557094e-04
9.160000000 -8.416448860526e-04
9.170000000 -8.200296836236e-04
9.180000000 -7.927290275928e-04
9.190000000 -7.883467499133e-04
9.200000000 -7.466402152084e-04
9.210000000 -6.735316074383e-04
9.220000000 -6.260936467279e-04
9.230000000 -5.894669707032e-04
9.240000000 -5.105139163110e-04
9.250000000 -4.898368593504e-04
9.260000000 -4.126109588103e-04
9.270000000 -4.142986584634e-04
9.280000000 -3.442688701457e-04
9.290000000 -3.090761226280e-04
9.300000000 -2.484812899446e-04
9.310000000 -2.403369691106e-04
9.320000000 -2.008300578298e-04
9.330000000 -2.543537036660e-04
9.340000000 -1.829966971098e-04
9.350000000 -1.709803705555e-04
9.360000000 -1.220788570414e-04
9.370000000 -1.560885944127e-04
9.380000000 -1.352618534215e-04
9.390000000 -1.816549159109e-04
9.400000000 -1.332615051837e-04
9.410000000 -1.752116638439e-04
9.420000000 -1.387598951607e-04
9.430000000 -1.449876293792e-04
9.440000000 -1.096487976230e-04
9.450000000 -1.138493172286e-04
9.460000000 -5.126417525877e-05
9.470000000 -1.641183635634e-04
9.480000000 -9.411640971847e-05
9.490000000 -1.989811683986e-04
9.500000000 -1.103276327285e-04
9.510000000 -1.586683673244e-04
9.520000000 -1.036524594458e-04
9.530000000 -1.646143867470e-04
9.540000000 -1.081178708693e-04
9.550000000 -1.724517403942e-04
9.560000000 -1.431445725412e-04
9.570000000 -1.780496947078e-04
9.580000000 -1.374229305002e-04
9.590000000 -1.433939933018e-04
9.600000000 -9.736534943279e-05
9.610000000 -4.967794836345e-05
9.620000000 -1.089087515721e-05
9.630000000 -7.752307964707e-06
9.640000000 2.766132135483e-05
9.650000000 6.846747106148e-05
9.660000000 5.403045212047e-05
9.670000000 8.117384996019e-05
9.680000000 9.339922132541e-05
9.690000000 1.150199746338e-04
9.700000000 1.256211258915e-04
9.710000000 7.251776694039e-05
9.720000000 5.826211164841e-05
9.730000000 -1.826903049127e-05
9.740000000 7.119052435933e-06
9.750000000 -4.400799506825e-05
9.760000000 -5.202913328141e-05
9.770000000 -1.292387682821e-04
9.780000000 -1.975498489169e-04
9.790000000 -2.501709532745e-04
9.800000000 -2.727427746172e-04
9.810000000 -3.292707619616e-04
9.820000000 -3.574012594364e-04
9.830000000 -4.255057330857e-04
9.840000000 -4.374897682505e-04
9.850000000 -5.051535340647e-04
9.860000000 -5.823895244038e-04
9.870000000 -6.475666738376e-04
9.880000000 -6.895642669487e-04
9.890000000 -6.923627346618e-04
9.900000000 -7.464614385184e-04
9.910000000 -8.458554654079e-04
9.920000000 -8.537404484094e-04
9.930000000 -8.831342994094e-04
9.940000000 -8.950789719339e-04
9.950000000 -9.241587278075e-04
9.960000000 -9.630708232538e-04
9.970000000 -9.481613368568e-04
9.980000000 -9.666227732044e-04
9.990000000 -9.711849311929e-04
10.000000000 -9.582885878552e-04
10.010000000 -9.933816140288e-04
10.020000000 -9.603121143929e-04
10.030000000 -9.305290657495e-04
10.040000000 -8.500823027808e-04
10.050000000 -7.655110972682e-04
10.060000000 -7.855005490808e-04
10.070000000 -6.844549506531e-04
10.080000000 -6.418338919728e-04
10.090000000 -5.738366988428e-04
10.100000000 -4.951239127934e-04
10.110000000 -3.792362460560e-04
10.120000000 -2.596846316503e-04
10.130000000 -1.557160974865e-04
10.140000000 -1.356768340501e-04
10.150000000 3.268021399210e-05
10.160000000 4.055566412170e-05
10.170000000 2.520361834824e-04
10.180000000 3.129321113913e-04
10.190000000 4.487197280447e-04
10.200000000 4.857096611533e-04
10.210000000 5.485895460795e-04
10.220000000 6.414465768106e-04
10.230000000 7.699201928417e-04
10.240000000 8.247850972194e-04
10.250000000 9.556601888502e-04
10.260000000 9.535981652393e-04
10.270000000 1.068010388454e-03
10.280000000 1.071537330204e-03
10.290000000 1.175515288260e-03
10.300000000 1.219228437968e-03
10.310000000 1.277481662412e-03
10.320000000 1.298175409621e-03
10.330000000 1.325350459988e-03
10.340000000 1.364468007297e-03
10.350000000 1.397329809356e-03
10.360000000 1.374486414483e-03
10.370000000 1.391871856787e-03
10.380000000 1.350368795472e-03
10.390000000 1.363192411426e-03
10.400000000 1.280327698839e-03
10.410000000 1.317394302765e-03
10.420000000 1.272841642709e-03
10.430000000 1.238081801337e-03
10.440000000 1.146298458353e-03
10.450000000 1.019218376588e-03
10.460000000 9.487482343167e-04
10.470000000 8.995410292239e-04
10.480000000 8.614961045940e-04
10.490000000 8.618480265798e-04
10.500000000 7.076017860050e-04
10.510000000 6.830536256322e-04
10.520000000 5.238375641957e-04
10.530000000 5.189059533084e-04
10.540000000 4.567779808588e-04
10.550000000 4.695022966557e-04
10.560000000 3.763698292764e-04
10.570000000 2.968789912823e-04
10.580000000 1.963532570450e-04
10.590000000 1.528235485187e-04
10.600000000 1.301671189612e-04
10.610000000 1.678222395233e-04
10.620000000 8.280693671703e-05
10.630000000 9.656021177657e-05
10.640000000 -4.622694119260e-05
10.650000000 3.281412226499e-05
10.660000000 -6.792920240274e-05
10.670000000 4.562483283359e-05
10.680000000 -5.230974486354e-05
10.690000000 1.013785392539e-05
10.700000000 -3.619163575119e-05
10.710000000 -4.414061977890e-06
10.720000000 -1.831535287540e-05
10.730000000 5.509048008725e-06
10.740000000 3.049155988911e-05
10.750000000 5.990117254862e-05
10.760000000 6.832736158459e-05
10.770000000 1.365975504694e-04
10.780000000 1.467880805807e-04
10.790000000 1.688570628610e-04
10.800000000 1.885934038136e-04
10.810000000 2.698524234605e-04
10.820000000 3.271504376989e-04
10.830000000 4.058156075248e-04
10.840000000 4.233816120492e-04
10.850000000 4.122565452472e-04
10.860000000 4.222824676899e-04
10.870000000 4.442402403806e-04
10.880000000 5.194702175362e-04
10.890000000 5.942498130707e-04
10.900000000 6.559995971212e-04
10.910000000 7.305907934019e-04
10.920000000 7.170540291094e-04
10.930000000 7.891015462283e-04
10.940000000 7.427053501778e-04
10.950000000 7.991430362278e-04
10.960000000 8.112004032957e-04
10.970000000 8.635536819874e-04
10.980000000 9.349497475640e-04
10.990000000 9.324628370608e-04
11.000000000 9.746328773639e-04
11.010000000 9.821317270327e-04
11.020000000 1.049269515158e-03
11.030000000 1.061608391831e-03
11.040000000 1.101838578144e-03
11.050000000 1.149852399192e-03
11.060000000 1.193311104412e-03
11.070000000 1.179287924058e-03
11.080000000 1.181657485716e-03
11.090000000 1.171029418811e-03
11.100000000 1.232652869445e-03
11.110000000 1.226859276030e-03
11.120000000 1.246379822589e-03
11.130000000 1.149205973975e-03
11.140000000 1.124696606160e-03
11.150000000 1.040409103624e-03
11.160000000 1.039238028200e-03
11.170000000 9.812637704606e-04
11.180000000 9.904191544129e-04
11.190000000 9.466200341209e-04
11.200000000 9.737579832710e-04
11.210000000 9.528332850831e-04
11.220000000 9.736407365272e-04
11.230000000 9.012015444420e-04
11.240000000 9.517901933332e-04
11.250000000 9.542546870000e-04
11.260000000 1.018650665828e-03
11.270000000 1.007011487658e-03
11.280000000 1.048240436162e-03
11.290000000 1.063436612156e-03
11.300000000 1.131853695715e-03
11.310000000 1.128135379338e-03
11.320000000 1.161814366923e-03
11.330000000 1.127392739721e-03
11.340000000 1.119717486726e-03
11.350000000 1.050719238347e-03
11.360000000 1.072025963688e-03
11.370000000 1.027910765374e-03
11.380000000 1.012782869340e-03
11.390000000 9.554705219166e-04
11.400000000 9.012830222385e-04
11.410000000 8.165422689386e-04
11.420000000 7.400145703632e-04
11.430000000 6.729480547856e-04
11.440000000 6.481313246964e-04
11.450000000 5.873151276851e-04
11.460000000 5.043027790866e-04
11.470000000 4.267947331730e-04
11.480000000 3.449828755239e-04
11.490000000 2.911905390990e-04
11.500000000 2.577782778883e-04
11.510000000 1.930215224219e-04
11.520000000 9.472034070615e-05
11.530000000 1.310173349705e-05
11.540000000 -3.918515297285e-05
11.550000000 -8.806186951590e-05
11.560000000 -1.281297824285e-04
11.570000000 -1.694817258871e-04
11.580000000 -2.102962176255e-04
11.590000000 -2.064891046785e-04
11.600000000 -2.509021613101e-04
11.610000000 -2.694909985194e-04
11.620000000 -3.302122290460e-04
11.630000000 -3.399037646988e-04
11.640000000 -3.150896718406e-04
11.650000000 -2.601601824842e-04
11.660000000 -2.216591670294e-04
11.670000000 -2.391975412834e-04
11.680000000 -1.859666571923e-04
11.690000000 -1.970512676154e-04
11.700000000 -1.523889144908e-04
11.710000000 -1.597472796169e-04
11.720000000 -9.775299439580e-05
11.730000000 -6.617066080738e-05
11.740000000 1.223144262672e-05
11.750000000 4.063343983294e-05
11.760000000 7.737980863878e-05
11.770000000 3.412863552626e-05
11.780000000 9.219124443453e-05
11.790000000 7.193238402847e-05
11.800000000 8.180933348715e-05
11.810000000 5.875176751995e-05
11.820000000 5.416192605987e-05
11.830000000 8.847577545573e-06
11.840000000 7.752663783222e-06
11.850000000 -7.544261787219e-05
11.860000000 -1.359858016012e-04
11.870000000 -2.135981038952e-04
11.880000000 -2.635153978977e-04
11.890000000 -3.704574278833e-04
11.900000000 -4.588482917344e-04
11.910000000 -5.766109935090e-04
11.920000000 -6.817988855880e-04
11.930000000 -8.080749847329e-04
11.940000000 -9.348483936611e-04
11.950000000 -1.067822952988e-03
11.960000000 -1.183761321968e-03
11.970000000 -1.291541555401e-03
11.980000000 -1.344255967268e-03
11.990000000 -1.469651105348e-03
12.000000000 -1.551354009496e-03
12.010000000 -1.725162486727e-03
12.020000000 -1.738893896231e-03
12.030000000 -1.857605884562e-03
12.040000000 -1.850380108445e-03
12.050000000 -1.943070287956e-03
12.060000000 -1.907575412325e-03
12.070000000 -1.984854660437e-03
12.080000000 -1.952173620942e-03
12.090000000 -2.009694280078e-03
12.100000000 -1.990589007413e-03
12.110000000 -2.018490019266e-03
12.120000000 -1.945493091687e-03
12.130000000 -1.901419218738e-03
12.140000000 -1.874864966835e-03
12.150000000 -1.861756475679e-03
12.160000000 -1.823367164476e-03
12.170000000 -1.765143590621e-03
12.180000000 -1.643329221411e-03
12.190000000 -1.544746614678e-03
12.200000000 -1.435718311828e-03
12.210000000 -1.296558993520e-03
12.220000000 -1.223478968506e-03
12.230000000 -1.131971339426e-03
12.240000000 -1.046427884125e-03
12.250000000 -9.595965599352e-04
12.260000000 -8.662616395088e-04
12.270000000 -7.849356887234e-04
12.280000000 -6.699389639659e-04
12.290000000 -6.020146189616e-04
12.300000000 -5.289331855276e-04
12.310000000 -4.497287471077e-04
12.320000000 -3.903519835155e-04
12.330000000 -2.922547063049e-04
12.340000000 -2.291421936242e-04
12.350000000 -1.353122366314e-04
12.360000000 -6.601932295251e-05
12.370000000 4.442500182464e-05
12.380000000 1.456761898404e-04
12.390000000 2.134681677693e-04
12.400000000 2.669728877055e-04
12.410000000 3.695958844547e-04
12.420000000 4.646329053918e-04
12.430000000 5.650475252827e-04
12.440000000 6.288415304564e-04
12.450000000 6.767773542443e-04
12.460000000 7.370307434928e-04
12.470000000 8.050999664406e-04
12.480000000 8.520949302194e-04
12.490000000 8.236722942412e-04
12.500000000 7.944858532431e-04
12.510000000 8.276232827845e-04
12.520000000 8.543422544626e-04
12.530000000 8.684423498774e-04
12.540000000 8.400444701309e-04
12.550000000 8.500935667018e-04
12.560000000 8.099499407418e-04
12.570000000 8.037829786153e-04
12.580000000 7.462408487028e-04
12.590000000 6.918833720637e-04
12.600000000 5.883381474985e-04
12.610000000 5.628732399769e-04
12.620000000 5.019313613211e-04
12.630000000 4.085242501445e-04
12.640000000 3.194256887867e-04
12.650000000 2.341624857948e-04
12.660000000 1.404370454029e-04
12.670000000 2.601312204439e-05
12.680000000 -5.025858959917e-05
12.690000000 -1.766396166854e-04
12.700000000 -2.444067013486e-04
12.710000000 -3.106577045170e-04
12.720000000 -3.466450068515e-04
12.730000000 -4.438183152890e-04
12.740000000 -4.755037240318e-04
12.750000000 -5.766965699491e-04
12.760000000 -5.907888220341e-04
12.770000000 -6.291306716852e-04
12.780000000 -6.351062362146e-04
12.790000000 -6.712066573367e-04
12.800000000 -6.502075991915e-04
12.810000000 -6.416021306339e-04
12.820000000 -6.138685958299e-04
12.830000000 -6.361489800154e-04
12.840000000 -5.899902240203e-04
12.850000000 -5.837682849595e-04
12.860000000 -4.827176307486e-04
12.870000000 -4.920458043348e-04
12.880000000 -4.523311190379e-04
12.890000000 -4.521870515605e-04
12.900000000 -3.739887214112e-04
12.910000000 -3.271205525623e-04
12.920000000 -2.666615673279e-04
12.930000000 -2.570414154826e-04
12.940000000 -2.039226660824e-04
12.950000000 -1.329388350071e-04
12.960000000 -7.307885227630e-05
12.970000000 -3.761196365706e-05
12.980000000 -2.951459043589e-05
12.990000000 -3.269152608996e-05
13.000000000 -1.890852822596e-05
13.010000000 -6.273992069932e-05
13.020000000 -7.193229669879e-05
13.030000000 -1.372102605130e-04
13.040000000 -1.338491980098e-04
13.050000000 -1.761727281946e-04
13.060000000 -1.718527972392e-04
13.070000000 -2.756910990532e-04
13.080000000 -2.946723505283e-04
13.090000000 -3.752888388071e-04
13.100000000 -3.553041689556e-04
13.110000000 -3.991936011589e-04
13.120000000 -3.997681944999e-04
13.130000000 -4.010361892668e-04
13.140000000 -4.173634272927e-04
13.150000000 -4.164660774319e-04
13.160000000 -4.596852192160e-04
13.170000000 -4.746730979889e-04
13.180000000 -4.791597953601e-04
13.190000000 -4.476465754946e-04
13.200000000 -3.852366662441e-04
13.210000000 -3.062654796093e-04
13.220000000 -2.518054639395e-04
13.230000000 -1.912483998741e-04
13.240000000 -1.132495728371e-04
13.250000000 2.927135850210e-06
13.260000000 7.822402512021e-05
13.270000000 2.212753293923e-04
13.280000000 3.275169006629e-04
13.290000000 5.116808731826e-04
13.300000000 6.406719780422e-04
13.310000000 7.755701185825e-04
13.320000000 8.782202736479e-04
13.330000000 9.859181851385e-04
13.340000000 1.103402352474e-03
13.350000000 1.274032527268e-03
13.360000000 1.414472312037e-03
13.370000000 1.546786359568e-03
13.380000000 1.681423080084e-03
13.390000000 1.798542774982e-03
13.400000000 1.947258781857e-03
13.410000000 2.053877561621e-03
13.420000000 2.175070849402e-03
13.430000000 2.279737139201e-03
13.440000000 2.378047872116e-03
13.450000000 2.486100307757e-03
13.460000000 2.557198752054e-03
13.470000000 2.579456831715e-03
13.480000000 2.583827686587e-03
13.490000000 2.601253695623e-03
13.500000000 2.563031937174e-03
13.510000000 2.541973074997e-03
13.520000000 2.487119483577e-03
13.530000000 2.465765498482e-03
13.540000000 2.415828035772e-03
13.550000000 2.345234047499e-03
13.560000000 2.241365261607e-03
13.570000000 2.131419368755e-03
13.580000000 2.052111430295e-03
13.590000000 1.955870134117e-03
13.600000000 1.874249209227e-03
13.610000000 1.754302698007e-03
13.620000000 1.670195906786e-03
13.630000000 1.558962944680e-03
13.640000000 1.478559656065e-03
13.650000000 1.369149979022e-03
13.660000000 1.253288481972e-03
13.670000000 1.184686806698e-03
13.680000000 1.138792284309e-03
13.690000000 1.113629660217e-03
13.700000000 1.070368091717e-03
13.710000000 1.064313499807e-03
13.720000000 1.036823334218e-03
13.730000000 1.041502691383e-03
13.740000000 1.050919837995e-03
13.750000000 1.067294888423e-03
13.760000000 1.072678272883e-03
13.770000000 1.144915957925e-03
13.780000000 1.217815938625e-03
13.790000000 1.297206577751e-03
13.800000000 1.363874033182e-03
13.810000000 1.415612916996e-03
13.820000000 1.478568065358e-03
13.830000000 1.567899359054e-03
13.840000000 1.602070335209e-03
13.850000000 1.642997216260e-03
13.860000000 1.645272178216e-03
13.870000000 1.625137189270e-03
13.880000000 1.627564446465e-03
13.890000000 1.574855183294e-03
13.900000000 1.526826744836e-03
13.910000000 1.409486387070e-03
13.920000000 1.325055785325e-03
13.930000000 1.159710796558e-03
13.940000000 1.008188117301e-03
13.950000000 8.001800126785e-04
13.960000000 6.376933784341e-04
13.970000000 4.383121572140e-04
13.980000000 2.631774445672e-04
13.990000000 8.686645014230e-06
14.000000000 -2.357670768053e-04
14.010000000 -5.122573146236e-04
14.020000000 -7.449356103241e-04
14.030000000 -9.966015938559e-04
14.040000000 -1.259181233503e-03
14.050000000 -1.563094933017e-03
14.060000000 -1.862655951782e-03
14.070000000 -2.125678787291e-03
14.080000000 -2.414998143154e-03
14.090000000 -2.666038216118e-03
14.100000000 -2.950371338085e-03
14.110000000 -3.196813366688e-03
14.120000000 -3.450786842321e-03
14.130000000 -3.657731718362e-03
14.140000000 -3.857996203239e-03
14.150000000 -4.050429520708e-03
14.160000000 -4.202781225324e-03
14.170000000 -4.329877913216e-03
14.180000000 -4.492173357365e-03
14.190000000 -4.619314321166e-03
14.200000000 -4.674356831604e-03
14.210000000 -4.835864471212e-03
14.220000000 -4.615755782827e-03
14.230000000 -4.923585068163e-03
14.240000000 -4.584560344115e-03
14.250000000 -4.801272209753e-03
14.260000000 -4.593100199503e-03
14.270000000 -4.538569053111e-03
14.280000000 -4.512306462997e-03
14.290000000 -4.286961232405e-03
14.300000000 -4.236200771964e-03
14.310000000 -4.039160774170e-03
14.320000000 -3.813217861478e-03
14.330000000 -3.746537289410e-03
14.340000000 -3.460958209569e-03
14.350000000 -3.299081967328e-03
14.360000000 -3.072078681293e-03
14.370000000 -2.776224373084e-03
14.380000000 -2.585584849017e-03
14.390000000 -2.347301413915e-03
14.400000000 -2.061446506084e-03
14.410000000 -1.852647583083e-03
14.420000000 -1.523402361445e-03
14.430000000 -1.283211700950e-03
14.440000000 -1.022791185898e-03
14.450000000 -7.510656834981e-04
14.460000000 -5.589167699649e-04
14.470000000 -2.754953708058e-04
14.480000000 -7.290357970702e-05
14.490000000 1.098707386082e-04
14.500000000 3.181140769443e-04
14.510000000 4.841076540165e-04
14.520000000 6.677691267824e-04
14.530000000 8.355574946114e-04
14.540000000 9.866148418733e-04
14.550000000 1.170001216646e-03
14.560000000 1.338778163848e-03
14.570000000 1.484262852061e-03
14.580000000 1.592066475391e-03
14.590000000 1.693195163930e-03
14.600000000 1.749758580402e-03
14.610000000 1.910610002723e-03
14.620000000 1.976799001273e-03
14.630000000 2.074817276053e-03
14.640000000 2.135504388525e-03
14.650000000 2.183878778771e-03
14.660000000 2.201170604090e-03
14.670000000 2.179000264295e-03
14.680000000 2.129443050146e-03
14.690000000 2.110995509375e-03
14.700000000 2.064318921589e-03
14.710000000 2.044899313159e-03
14.720000000 1.976237515069e-03
14.730000000 1.858231908678e-03
14.740000000 1.781080125139e-03
14.750000000 1.738971913915e-03
14.760000000 1.651705032749e-03
14.770000000 1.604009861706e-03
14.780000000 1.489043784322e-03
14.790000000 1.403318717931e-03
14.800000000 1.329091033116e-03
14.810000000 1.226828429583e-03
14.820000000 1.151840104797e-03
14.830000000 1.057895408446e-03
14.840000000 9.775896386982e-04
14.850000000 8.995344778152e-04
14.860000000 8.419348240726e-04
14.870000000 7.031027702841e-04
14.880000000 6.767282941372e-04
14.890000000 5.150616274164e-04
14.900000000 4.366714669344e-04
14.910000000 3.267506687824e-04
14.920000000 2.002792565480e-04
14.930000000 1.019042942091e-04
14.940000000 3.032651138918e-05
14.950000000 -4.251610428099e-05
14.960000000 -8.686400141537e-05
14.970000000 -1.714937789502e-04
14.980000000 -2.792678489958e-04
14.990000000 -3.504482830589e-04
15.000000000 -4.562811265413e-04
15.010000000 -4.908369259451e-04
15.020000000 -5.648898006349e-04
15.030000000 -6.334725795727e-04
15.040000000 -6.848694168629e-04
15.050000000 -7.467625740140e-04
15.060000000 -8.188757119538e-04
15.070000000 -8.871565509460e-04
15.080000000 -9.352341485452e-04
15.090000000 -9.894789872531e-04
15.100000000 -1.024265504542e-03
15.110000000 -1.136172953023e-03
15.120000000 -1.182723369157e-03
15.130000000 -1.237623913496e-03
15.140000000 -1.342940224854e-03
15.150000000 -1.408400804371e-03
15.160000000 -1.578570883442e-03
15.170000000 -1.698660457371e-03
15.180000000 -1.825446400883e-03
15.190000000 -1.903625308776e-03
15.200000000 -2.038286277351e-03
15.210000000 -2.156530155917e-03
15.220000000 -2.353963839126e-03
15.230000000 -2.443423211617e-03
15.240000000 -2.575479480905e-03
15.250000000 -2.700964584658e-03
15.260000000 -2.788446429598e-03
15.270000000 -2.932501073964e-03
15.280000000 -3.042736161167e-03
15.290000000 -3.164771309968e-03
15.300000000 -3.321031333791e-03
15.310000000 -3.453594588431e-03
15.320000000 -3.585580174723e-03
15.330000000 -3.706494938723e-03
15.340000000 -3.773611061666e-03
15.350000000 -3.914898535969e-03
15.360000000 -4.031933459016e-03
15.370000000 -4.072603812112e-03
15.380000000 -4.158958450593e-03
15.390000000 -4.127302132567e-03
15.400000000 -4.137533795585e-03
15.410000000 -4.091891420468e-03
15.420000000 -4.011191503560e-03
15.430000000 -3.877227870824e-03
15.440000000 -3.755206148311e-03
15.450000000 -3.571689857254e-03
15.460000000 -3.391113445606e-03
15.470000000 -3.146385505198e-03
15.480000000 -2.878370826009e-03
15.490000000 -2.621028837208e-03
15.500000000 -2.297637909669e-03
15.510000000 -1.984191315530e-03
15.520000000 -1.638771521114e-03
15.530000000 -1.254829792874e-03
15.540000000 -9.045150368562e-04
15.550000000 -5.483295324463e-04
15.560000000 -1.935315970045e-04
15.570000000 1.529887118124e-04
15.580000000 5.150119729951e-04
15.590000000 8.451317294535e-04
15.600000000 1.154678138191e-03
15.610000000 1.492601634218e-03
15.620000000 1.780973744069e-03
15.630000000 2.062117199765e-03
15.640000000 2.330601379442e-03
15.650000000 2.505526021380e-03
15.660000000 2.684136388812e-03
15.670000000 2.854736579752e-03
15.680000000 3.023264849608e-03
15.690000000 3.134709985335e-03
15.700000000 3.217364821069e-03
15.710000000 3.261242437794e-03
15.720000000 3.319651843636e-03
15.730000000 3.315846632106e-03
15.740000000 3.322222868955e-03
15.750000000 3.270678234003e-03
15.760000000 3.212632122631e-03
15.770000000 3.180631566708e-03
15.780000000 3.101733272256e-03
15.790000000 3.043982729294e-03
15.800000000 2.954181730243e-03
15.810000000 2.896772674348e-03
15.820000000 2.841272377619e-03
15.830000000 2.752902085702e-03
15.840000000 2.669125834161e-03
15.850000000 2.609629739953e-03
15.860000000 2.551829521845e-03
15.870000000 2.497809803190e-03
15.880000000 2.455355446485e-03
15.890000000 2.368082457448e-03
15.900000000 2.338756419804e-03
15.910000000 2.327330895510e-03
15.920000000 2.312935115336e-03
15.930000000 2.326107002260e-03
15.940000000 2.297297501005e-03
15.950000000 2.311264109155e-03
15.960000000 2.394042471949e-03
15.970000000 2.465206671151e-03
15.980000000 2.587588729221e-03
15.990000000 2.722770159874e-03
16.000000000 2.882690396109e-03
16.010000000 3.035307604363e-03
16.020000000 3.218781052801e-03
16.030000000 3.409515041172e-03
16.040000000 3.640093952553e-03
16.050000000 3.842511424006e-03
16.060000000 4.040066352593e-03
16.070000000 4.222761353787e-03
16.080000000 4.350106056812e-03
16.090000000 4.453084645844e-03
16.100000000 4.609505866642e-03
16.110000000 4.657472760888e-03
16.120000000 4.717983820654e-03
16.130000000 4.683458070412e-03
16.140000000 4.637048979047e-03
16.150000000 4.563423992981e-03
16.160000000 4.496249823848e-03
16.170000000 4.384289869260e-03
16.180000000 4.259884642581e-03
16.190000000 4.049844010628e-03
16.200000000 3.878833629155e-03
16.210000000 3.648180301995e-03
16.220000000 3.424104298493e-03
16.230000000 3.140248425771e-03
16.240000000 2.879349510878e-03
16.250000000 2.611732659568e-03
16.260000000 2.343401025780e-03
16.270000000 2.024769380013e-03
16.280000000 1.724326379424e-03
16.290000000 1.419229602746e-03
16.300000000 1.124026085708e-03
16.310000000 8.903525288007e-04
16.320000000 6.122435856269e-04
16.330000000 3.446787554809e-04
16.340000000 8.844645280829e-05
16.350000000 -8.733742236409e-05
16.360000000 -2.950854140495e-04
16.370000000 -4.686471344626e-04
16.380000000 -6.195756892374e-04
16.390000000 -7.310065155431e-04
16.400000000 -7.981774600599e-04
16.410000000 -8.398951243402e-04
16.420000000 -8.475058312823e-04
16.430000000 -8.759761612361e-04
16.440000000 -8.361704952140e-04
16.450000000 -7.949071946401e-04
16.460000000 -7.420377817276e-04
16.470000000 -6.425774136567e-04
16.480000000 -5.657126329901e-04
16.490000000 -4.474018938095e-04
16.500000000 -3.147661816610e-04
16.510000000 -2.066782873059e-04
16.520000000 -9.356012512047e-05
16.530000000 4.534738169786e-05
16.540000000 1.958895628486e-04
16.550000000 3.785958548527e-04
16.560000000 5.761638730953e-04
16.570000000 7.040061836204e-04
16.580000000 8.844570401605e-04
16.590000000 9.948467451224e-04
16.600000000 1.138534835472e-03
16.610000000 1.215593691052e-03
16.620000000 1.276955360046e-03
16.630000000 1.283902420390e-03
16.640000000 1.350763533679e-03
16.650000000 1.341233538207e-03
16.660000000 1.298277218547e-03
16.670000000 1.181900002216e-03
16.680000000 1.097804150630e-03
16.690000000 9.370056031206e-04
16.700000000 7.535355034568e-04
16.710000000 5.450034571218e-04
16.720000000 3.611339258178e-04
16.730000000 1.187535880830e-04
16.740000000 -1.265560095354e-04
16.750000000 -4.205077651557e-04
16.760000000 -7.339489015551e-04
16.770000000 -1.065424021536e-03
16.780000000 -1.358194379665e-03
16.790000000 -1.651553478135e-03
16.800000000 -1.969891765249e-03
16.810000000 -2.298772872167e-03
16.820000000 -2.646674424172e-03
16.830000000 -2.960562186221e-03
16.840000000 -3.240434216857e-03
16.850000000 -3.491104960140e-03
16.860000000 -3.749509473490e-03
16.870000000 -3.946672624925e-03
16.880000000 -4.169435159591e-03
16.890000000 -4.360336732928e-03
16.900000000 -4.517637325958e-03
16.910000000 -4.611179841213e-03
16.920000000 -4.695885651678e-03
16.930000000 -4.739866260622e-03
16.940000000 -4.743836315513e-03
16.950000000 -4.759724545717e-03
16.960000000 -4.738185159828e-03
16.970000000 -4.651585159880e-03
16.980000000 -4.540833505363e-03
16.990000000 -4.405825686407e-03
17.000000000 -4.255710716136e-03
17.010000000 -4.110684511879e-03
17.020000000 -3.947549893079e-03
17.030000000 -3.794100408750e-03
17.040000000 -3.575973067341e-03
17.050000000 -3.412741147796e-03
17.060000000 -3.234394984953e-03
17.070000000 -3.024255219126e-03
17.080000000 -2.804082027909e-03
17.090000000 -2.626155581564e-03
17.100000000 -2.462985963038e-03
17.110000000 -2.313643640771e-03
17.120000000 -2.127723358180e-03
17.130000000 -1.960691562567e-03
17.140000000 -1.773010973279e-03
17.150000000 -1.656102918697e-03
17.160000000 -1.540152506082e-03
17.170000000 -1.460883104214e-03
17.180000000 -1.322578556281e-03
17.190000000 -1.260332127495e-03
17.200000000 -1.154896253211e-03
17.210000000 -1.123513975785e-03
17.220000000 -1.075023652866e-03
17.230000000 -1.022255637127e-03
17.240000000 -9.674525536543e-04
17.250000000 -9.823184105097e-04
17.260000000 -9.257231753972e-04
17.270000000 -9.000905588830e-04
17.280000000 -9.031541883762e-04
17.290000000 -9.185314035923e-04
17.300000000 -9.483546891926e-04
17.310000000 -9.261114577002e-04
17.320000000 -9.016941081252e-04
17.330000000 -8.890163032121e-04
17.340000000 -8.523763993281e-04
17.350000000 -8.354897217223e-04
17.360000000 -7.933010713296e-04
17.370000000 -6.850918093882e-04
17.380000000 -6.025429866574e-04
17.390000000 -4.989747591831e-04
17.400000000 -4.072979853592e-04
17.410000000 -2.670534981227e-04
17.420000000 -9.831027347138e-05
17.430000000 4.925349237707e-05
17.440000000 2.244347272500e-04
17.450000000 3.559131372298e-04
17.460000000 5.363460883700e-04
17.470000000 7.614564950514e-04
17.480000000 9.580582941956e-04
17.490000000 1.116398013083e-03
17.500000000 1.286917108881e-03
17.510000000 1.490909004946e-03
17.520000000 1.603233146171e-03
17.530000000 1.748624446041e-03
17.540000000 1.859055647919e-03
17.550000000 1.979902696403e-03
17.560000000 2.080912668118e-03
17.570000000 2.133830284632e-03
17.580000000 2.157531773590e-03
17.590000000 2.125636403157e-03
17.600000000 2.118574096863e-03
17.610000000 2.112343291890e-03
17.620000000 2.135506844140e-03
17.630000000 2.130383245522e-03
17.640000000 2.115198441216e-03
17.650000000 2.094186976174e-03
17.660000000 2.070754566502e-03
17.670000000 2.056132233114e-03
17.680000000 2.025368590005e-03
17.690000000 2.029215549453e-03
17.700000000 2.029709695497e-03
17.710000000 2.031330065755e-03
17.720000000 1.944760606040e-03
17.730000000 1.866731745211e-03
17.740000000 1.794518040171e-03
17.750000000 1.762667639302e-03
17.760000000 1.777602351708e-03
17.770000000 1.801843285060e-03
17.780000000 1.848963022101e-03
17.790000000 1.887152635699e-03
17.800000000 1.944774163442e-03
17.810000000 2.067802147155e-03
17.820000000 2.118241362914e-03
17.830000000 2.262056989610e-03
17.840000000 2.450352553266e-03
17.850000000 2.581808361466e-03
17.860000000 2.706856236986e-03
17.870000000 2.876954115094e-03
17.880000000 2.969106949511e-03
17.890000000 3.089872666698e-03
17.900000000 3.205472155976e-03
17.910000000 3.321411146634e-03
17.920000000 3.432813391902e-03
17.930000000 3.430202560911e-03
17.940000000 3.449337099344e-03
17.950000000 3.501407420906e-03
17.960000000 3.472133395847e-03
17.970000000 3.447137198381e-03
17.980000000 3.356951965772e-03
17.990000000 3.248830227267e-03
18.000000000 3.133863585144e-03
18.010000000 3.018590006427e-03
18.020000000 2.836615211402e-03
18.030000000 2.695571870686e-03
18.040000000 2.464537546151e-03
18.050000000 2.276176197063e-03
18.060000000 2.011015486049e-03
18.070000000 1.756240952143e-03
18.080000000 1.435831195132e-03
18.090000000 1.137424114752e-03
18.100000000 8.410023827091e-04
18.110000000 4.623868853008e-04
18.120000000 7.667464969592e-05
18.130000000 -3.078567025687e-04
18.140000000 -7.358941350229e-04
18.150000000 -1.103730360730e-03
18.160000000 -1.474376885722e-03
18.170000000 -1.850929803636e-03
18.180000000 -2.261995477734e-03
18.190000000 -2.598713286510e-03
18.200000000 -2.930571960791e-03
18.210000000 -3.274260504209e-03
18.220000000 -3.614478938191e-03
18.230000000 -3.913285243717e-03
18.240000000 -4.149779806812e-03
18.250000000 -4.368432745604e-03
18.260000000 -4.613708433013e-03
18.270000000 -4.876359115399e-03
18.280000000 -5.029967023044e-03
18.290000000 -5.201401239738e-03
18.300000000 -5.272175271633e-03
18.310000000 -5.354482683039e-03
18.320000000 -5.456058570404e-03
18.330000000 -5.562089736027e-03
18.340000000 -5.623096562995e-03
18.350000000 -5.672067754529e-03
18.360000000 -5.716961716562e-03
18.370000000 -5.757037097093e-03
18.380000000 -5.749944573395e-03
18.390000000 -5.822265554854e-03
18.400000000 -5.843000684430e-03
18.410000000 -5.904398417160e-03
18.420000000 -5.950838681758e-03
18.430000000 -5.957091932660e-03
18.440000000 -5.968839853985e-03
18.450000000 -6.026585547448e-03
18.460000000 -6.046201638710e-03
18.470000000 -6.132393562377e-03
18.480000000 -6.184017717365e-03
18.490000000 -6.251719840392e-03
18.500000000 -6.275326426095e-03
18.510000000 -6.344301596971e-03
18.520000000 -6.351200898413e-03
18.530000000 -6.318641523932e-03
18.540000000 -6.279630435445e-03
18.550000000 -6.274634428732e-03
18.560000000 -6.303258678521e-03
18.570000000 -6.319897850673e-03
18.580000000 -6.299755222735e-03
18.590000000 -6.247649565503e-03
18.600000000 -6.182961720752e-03
18.610000000 -6.136079937023e-03
18.620000000 -6.080200298825e-03
18.630000000 -6.045247496306e-03
18.640000000 -6.013618510344e-03
18.650000000 -5.962326415520e-03
18.660000000 -5.885209996727e-03
18.670000000 -5.803492091700e-03
18.680000000 -5.725304741455e-03
18.690000000 -5.644314313934e-03
18.700000000 -5.591811439502e-03
18.710000000 -5.469481890395e-03
18.720000000 -5.365897110506e-03
18.730000000 -5.237779984312e-03
18.740000000 -5.128139247472e-03
18.750000000 -5.042995619653e-03
18.760000000 -4.942121344290e-03
18.770000000 -4.810098305745e-03
18.780000000 -4.625645087407e-03
18.790000000 -4.472188588387e-03
18.800000000 -4.337737249224e-03
18.810000000 -4.202810382067e-03
18.820000000 -4.077609682646e-03
18.830000000 -3.888942496761e-03
18.840000000 -3.715647200644e-03
18.850000000 -3.514801911794e-03
18.860000000 -3.338664902072e-03
18.870000000 -3.130345498693e-03
18.880000000 -2.902575712090e-03
18.890000000 -2.770009198978e-03
18.900000000 -2.598403325045e-03
18.910000000 -2.392937232347e-03
18.920000000 -2.228110746394e-03
18.930000000 -2.039889012285e-03
18.940000000 -1.831623969892e-03
18.950000000 -1.654890363408e-03
18.960000000 -1.439636372958e-03
18.970000000 -1.272432601323e-03
18.980000000 -1.061312866022e-03
18.990000000 -8.848925501266e-04
19.000000000 -7.290390306471e-04
19.010000000 -4.819368490291e-04
19.020000000 -2.764986801187e-04
19.030000000 -5.558540454970e-06
19.040000000 2.185206925142e-04
19.050000000 4.449990211317e-04
19.060000000 6.787381762442e-04
19.070000000 9.551062770446e-04
19.080000000 1.228070748662e-03
19.090000000 1.474889372351e-03
19.100000000 1.747921925789e-03
19.110000000 2.032894835604e-03
19.120000000 2.229975250236e-03
19.130000000 2.638148321207e-03
19.140000000 2.500993755670e-03
19.150000000 3.224425864587e-03
19.160000000 2.916221588871e-03
19.170000000 3.758080427693e-03
19.180000000 3.531376771819e-03
19.190000000 4.034437666903e-03
19.200000000 4.140313956799e-03
19.210000000 4.371456892529e-03
19.220000000 4.645447012900e-03
19.230000000 4.905346670703e-03
19.240000000 5.060059331291e-03
19.250000000 5.445815538519e-03
19.260000000 5.529188101755e-03
19.270000000 5.960422292555e-03
19.280000000 5.969230655237e-03
19.290000000 6.244882491746e-03
19.300000000 6.396344155625e-03
19.310000000 6.609394896967e-03
19.320000000 6.818761106660e-03
19.330000000 7.028492244977e-03
19.340000000 7.146648556958e-03
19.350000000 7.315289615741e-03
19.360000000 7.402268161146e-03
19.370000000 7.581805670123e-03
19.380000000 7.667704248005e-03
19.390000000 7.763557833331e-03
19.400000000 7.862876874680e-03
19.410000000 7.875885833381e-03
19.420000000 7.944232734789e-03
19.430000000 7.918472756310e-03
19.440000000 7.914032045041e-03
19.450000000 7.860194184094e-03
19.460000000 7.808412268011e-03
19.470000000 7.735902913371e-03
19.480000000 7.679096228603e-03
19.490000000 7.570258713562e-03
19.500000000 7.487328743570e-03
19.510000000 7.344265767970e-03
19.520000000 7.221274881045e-03
19.530000000 7.000005587948e-03
19.540000000 6.837707503311e-03
19.550000000 6.695619323564e-03
19.560000000 6.496929163178e-03
19.570000000 6.227998809750e-03
19.580000000 5.941521980028e-03
19.590000000 5.591035562471e-03
19.600000000 5.257710264418e-03
19.610000000 4.915067704852e-03
19.620000000 4.527618933738e-03
19.630000000 4.137868183657e-03
19.640000000 3.692489089814e-03
19.650000000 3.167772124770e-03
19.660000000 2.647474642684e-03
19.670000000 2.105437022586e-03
19.680000000 1.601103798986e-03
19.690000000 1.115078295875e-03
19.700000000 6.287815548551e-04
19.710000000 1.006630973628e-04
19.720000000 -4.786665069356e-04
19.730000000 -1.043024018699e-03
19.740000000 -1.528467592305e-03
19.750000000 -1.968802879493e-03
19.760000000 -2.437298137998e-03
19.770000000 -2.823855073556e-03
19.780000000 -3.235231274729e-03
19.790000000 -3.549967685325e-03
19.800000000 -3.916016092490e-03
19.810000000 -4.130533900826e-03
19.820000000 -4.429226616357e-03
19.830000000 -4.634542171179e-03
19.840000000 -4.780989908283e-03
19.850000000 -4.988893461869e-03
19.860000000 -5.092226076980e-03
19.870000000 -5.241797173735e-03
19.880000000 -5.292229474048e-03
19.890000000 -5.284882368320e-03
19.900000000 -5.251405361291e-03
19.910000000 -5.152891255998e-03
19.920000000 -5.142394005682e-03
19.930000000 -5.003763228597e-03
19.940000000 -4.844088576385e-03
19.950000000 -4.667679956820e-03
19.960000000 -4.480564327570e-03
19.970000000 -4.253576647552e-03
19.980000000 -4.016600930068e-03
19.990000000 -3.718000278344e-03
20.000000000 -3.445445755546e-03
20.010000000 -3.112314939007e-03
20.020000000 -2.805235987056e-03
20.030000000 -2.463720071655e-03
20.040000000 -2.059505791822e-03
20.050000000 -1.683804008657e-03
20.060000000 -1.311937266296e-03
20.070000000 -9.213883097029e-04
20.080000000 -4.779539857397e-04
20.090000000 -4.554676610148e-05
20.100000000 3.141178511015e-04
20.110000000 7.042637956521e-04
20.120000000 1.041088928990e-03
20.130000000 1.333256722075e-03
20.140000000 1.569438959686e-03
20.150000000 1.765413206024e-03
20.160000000 1.925396764601e-03
20.170000000 2.001821733911e-03
20.180000000 2.086716793922e-03
20.190000000 2.103664769899e-03
20.200000000 2.069575742964e-03
20.210000000 1.995526400361e-03
20.220000000 1.846395803736e-03
20.230000000 1.736664963237e-03
20.240000000 1.633004884483e-03
20.250000000 1.466743429046e-03
20.260000000 1.272214351645e-03
20.270000000 1.025248863377e-03
20.280000000 7.995893954308e-04
20.290000000 5.449646105549e-04
20.300000000 2.662325483552e-04
20.310000000 -4.934663360526e-05
20.320000000 -3.943275582516e-04
20.330000000 -6.962290526402e-04
20.340000000 -1.074965297271e-03
20.350000000 -1.437360101779e-03
20.360000000 -1.847997286820e-03
20.370000000 -2.241433871174e-03
20.380000000 -2.626575553582e-03
20.390000000 -3.041320797154e-03
20.400000000 -3.374861276033e-03
20.410000000 -3.780885665853e-03
20.420000000 -4.153495126803e-03
20.430000000 -4.508329898118e-03
20.440000000 -4.892908297756e-03
20.450000000 -5.203101449551e-03
20.460000000 -5.591621556656e-03
20.470000000 -5.913690654958e-03
20.480000000 -6.228817310231e-03
20.490000000 -6.511318379214e-03
20.500000000 -6.805935285273e-03
20.510000000 -7.082868035720e-03
20.520000000 -7.292433089838e-03
20.530000000 -7.519168072923e-03
20.540000000 -7.652613043393e-03
20.550000000 -7.831139416559e-03
20.560000000 -7.902267521513e-03
20.570000000 -7.996158051512e-03
20.580000000 -8.073672224785e-03
20.590000000 -8.098507126051e-03
20.600000000 -8.169108820488e-03
20.610000000 -8.128426171136e-03
20.620000000 -8.119011907280e-03
20.630000000 -8.090810806937e-03
20.640000000 -8.012298340375e-03
20.650000000 -8.001775036456e-03
20.660000000 -7.946551507194e-03
20.670000000 -7.838699996341e-03
20.680000000 -7.738444524003e-03
20.690000000 -7.614797405048e-03
20.700000000 -7.456413673900e-03
20.710000000 -7.343272280982e-03
20.720000000 -7.132458041534e-03
20.730000000 -6.996398044088e-03
20.740000000 -6.905296656375e-03
20.750000000 -6.746680609920e-03
20.760000000 -6.657186364775e-03
20.770000000 -6.503530717852e-03
20.780000000 -6.316518191852e-03
20.790000000 -6.239260399945e-03
20.800000000 -6.063274990125e-03
20.810000000 -6.008030759435e-03
20.820000000 -5.896847989438e-03
20.830000000 -5.827745824370e-03
20.840000000 -5.736586257678e-03
20.850000000 -5.634823252270e-03
20.860000000 -5.497383879972e-03
20.870000000 -5.297577390540e-03
20.880000000 -5.150228081810e-03
20.890000000 -5.035525505286e-03
20.900000000 -4.948083023417e-03
20.910000000 -4.775464785763e-03
20.920000000 -4.636686924275e-03
20.930000000 -4.476441866951e-03
20.940000000 -4.284819824004e-03
20.950000000 -4.083043562330e-03
20.960000000 -3.861265347380e-03
20.970000000 -3.632714650905e-03
20.980000000 -3.467586528021e-03
20.990000000 -3.206328111838e-03
21.000000000 -2.964617234960e-03
21.010000000 -2.666732281078e-03
21.020000000 -2.322084107121e-03
21.030000000 -2.028074506017e-03
21.040000000 -1.705784806990e-03
21.050000000 -1.380339426647e-03
21.060000000 -1.066519383217e-03
21.070000000 -7.248723524841e-04
21.080000000 -4.021390287738e-04
21.090000000 -5.421258984753e-05
21.100000000 3.180533792929e-04
21.110000000 6.356829739388e-04
21.120000000 9.241805870243e-04
21.130000000 1.173893121742e-03
21.140000000 1.414240778347e-03
21.150000000 1.635310704002e-03
21.160000000 1.819553297202e-03
21.170000000 1.978581301402e-03
21.180000000 2.048977904780e-03
21.190000000 2.158682033743e-03
21.200000000 2.179778478154e-03
21.210000000 2.226504977690e-03
21.220000000 2.220651851131e-03
21.230000000 2.186721315297e-03
21.240000000 2.207874058254e-03
21.250000000 2.173597451642e-03
21.260000000 2.156004121608e-03
21.270000000 2.141417480344e-03
21.280000000 2.040959777602e-03
21.290000000 1.974810503922e-03
21.300000000 1.868655603631e-03
21.310000000 1.758248766788e-03
21.320000000 1.585544272586e-03
21.330000000 1.418113839789e-03
21.340000000 1.218067782584e-03
21.350000000 9.974387826731e-04
21.360000000 7.579403740467e-04
21.370000000 5.047806029732e-04
21.380000000 3.029611522067e-04
21.390000000 1.000200531295e-04
21.400000000 -7.093519798228e-05
21.410000000 -1.562507766559e-04
21.420000000 -2.914962417704e-04
21.430000000 -3.328935266814e-04
21.440000000 -3.778705673358e-04
21.450000000 -3.168517653601e-04
21.460000000 -2.467981024462e-04
21.470000000 -1.097499091631e-04
21.480000000 7.106805835295e-05
21.490000000 2.678309367259e-04
21.500000000 5.166042562538e-04
21.510000000 7.879155222644e-04
21.520000000 1.076616200437e-03
21.530000000 1.401356257233e-03
21.540000000 1.768730311385e-03
21.550000000 2.211907521124e-03
21.560000000 2.614927099851e-03
21.570000000 3.054438943754e-03
21.580000000 3.531934486520e-03
21.590000000 4.027303694056e-03
21.600000000 4.580245815395e-03
21.610000000 5.081683540102e-03
21.620000000 5.646922717831e-03
21.630000000 6.158173724090e-03
21.640000000 6.675064687347e-03
21.650000000 7.154042066233e-03
21.660000000 7.591880343529e-03
21.670000000 7.946712499888e-03
21.680000000 8.292533121320e-03
21.690000000 8.567590650468e-03
21.700000000 8.791904258302e-03
21.710000000 8.909736056735e-03
21.720000000 8.955221727132e-03
21.730000000 8.952276589217e-03
21.740000000 8.942723666386e-03
21.750000000 8.848983246955e-03
21.760000000 8.713817168002e-03
21.770000000 8.545675634655e-03
21.780000000 8.359423222021e-03
21.790000000 8.154905631949e-03
21.800000000 7.953683630341e-03
21.810000000 7.712762494350e-03
21.820000000 7.440721457991e-03
21.830000000 7.147733888774e-03
21.840000000 6.843388061114e-03
21.850000000 6.495509223323e-03
21.860000000 6.123895423982e-03
21.870000000 5.816822810586e-03
21.880000000 5.478136385476e-03
21.890000000 5.139475219219e-03
21.900000000 4.820697810433e-03
21.910000000 4.539745717828e-03
21.920000000 4.297732602079e-03
21.930000000 4.168912759990e-03
21.940000000 4.049728605642e-03
21.950000000 3.921096546984e-03
21.960000000 3.842599778374e-03
21.970000000 3.818843537624e-03
21.980000000 3.838774375301e-03
21.990000000 3.893756271458e-03
22.000000000 3.930927297092e-03
22.010000000 4.071040888728e-03
22.020000000 4.139117387584e-03
22.030000000 4.231173966640e-03
22.040000000 4.376433255294e-03
22.050000000 4.461338088137e-03
22.060000000 4.577529628353e-03
22.070000000 4.756746918364e-03
22.080000000 4.909395602023e-03
22.090000000 5.077712512209e-03
22.100000000 5.228464214091e-03
22.110000000 5.403030490752e-03
22.120000000 5.570379152657e-03
22.130000000 5.739706309096e-03
22.140000000 5.880490802653e-03
22.150000000 5.976124381557e-03
22.160000000 6.088164164105e-03
22.170000000 6.198458211097e-03
22.180000000 6.274753934932e-03
22.190000000 6.320398267450e-03
22.200000000 6.351803922032e-03
22.210000000 6.428877046265e-03
22.220000000 6.494661570801e-03
22.230000000 6.563376819241e-03
22.240000000 6.620558530489e-03
22.250000000 6.640072066830e-03
22.260000000 6.576044245602e-03
22.270000000 6.467564888721e-03
22.280000000 6.264423662279e-03
22.290000000 6.081173952332e-03
22.300000000 5.911855915534e-03
22.310000000 5.472185521340e-03
22.320000000 5.409258443502e-03
22.330000000 5.044833629607e-03
22.340000000 4.743504555879e-03
22.350000000 4.387233544578e-03
22.360000000 4.062910439426e-03
22.370000000 3.664959513160e-03
22.380000000 3.264187801097e-03
22.390000000 2.865611553860e-03
22.400000000 2.371867855561e-03
22.410000000 2.016269853761e-03
22.420000000 1.557757514847e-03
22.430000000 1.080538719375e-03
22.440000000 6.105992105793e-04
22.450000000 1.394902746471e-04
22.460000000 -3.186565840809e-04
22.470000000 -7.144923045001e-04
22.480000000 -1.098156155010e-03
22.490000000 -1.457079966798e-03
22.500000000 -1.748566158232e-03
22.510000000 -1.995956603565e-03
22.520000000 -2.237213892461e-03
22.530000000 -2.450244847495e-03
22.540000000 -2.613747593302e-03
22.550000000 -2.758551683000e-03
22.560000000 -2.810187636202e-03
22.570000000 -2.829624594281e-03
22.580000000 -2.799279603463e-03
22.590000000 -2.757732504600e-03
22.600000000 -2.651403760713e-03
22.610000000 -2.523175665060e-03
22.620000000 -2.422899455023e-03
22.630000000 -2.262055406886e-03
22.640000000 -2.107081275718e-03
22.650000000 -1.865108421374e-03
22.660000000 -1.621767816739e-03
22.670000000 -1.358765278514e-03
22.680000000 -1.138429109831e-03
22.690000000 -8.545654285469e-04
22.700000000 -5.880872629047e-04
22.710000000 -3.065030527187e-04
22.720000000 -1.834475525095e-05
22.730000000 1.452099687856e-04
22.740000000 3.281297309778e-04
22.750000000 4.736020363884e-04
22.760000000 6.462192213586e-04
22.770000000 7.562296366965e-04
22.780000000 8.514466366610e-04
22.790000000 9.004869962533e-04
22.800000000 9.034037426808e-04
22.810000000 9.170372754767e-04
22.820000000 8.210706733324e-04
22.830000000 7.652073277380e-04
22.840000000 6.490787552486e-04
22.850000000 5.302241892529e-04
22.860000000 3.645747990275e-04
22.870000000 1.954180656420e-04
22.880000000 -2.943501059856e-05
22.890000000 -2.233156072755e-04
22.900000000 -4.897638645292e-04
22.910000000 -7.726161303106e-04
22.920000000 -1.189854567734e-03
22.930000000 -1.533898546624e-03
22.940000000 -1.978083780692e-03
22.950000000 -2.357294142764e-03
22.960000000 -2.783256495062e-03
22.970000000 -3.163166895644e-03
22.980000000 -3.606809667341e-03
22.990000000 -4.102465612360e-03
23.000000000 -4.436201525849e-03
23.010000000 -4.890600722589e-03
23.020000000 -5.293853968503e-03
23.030000000 -5.724834319458e-03
23.040000000 -6.065135006091e-03
23.050000000 -6.427795038305e-03
23.060000000 -6.765539963398e-03
23.070000000 -7.096737384270e-03
23.080000000 -7.340623164999e-03
23.090000000 -7.628053258014e-03
23.100000000 -7.867926183269e-03
23.110000000 -8.140297837698e-03
23.120000000 -8.322589910527e-03
23.130000000 -8.516744383687e-03
23.140000000 -8.649206925520e-03
23.150000000 -8.812964479780e-03
23.160000000 -8.923274185662e-03
23.170000000 -9.050470942904e-03
23.180000000 -9.110591045712e-03
23.190000000 -9.142997925759e-03
23.200000000 -9.187167352196e-03
23.210000000 -9.208729077489e-03
23.220000000 -9.251425556924e-03
23.230000000 -9.258911168669e-03
23.240000000 -9.208678204941e-03
23.250000000 -9.217437897583e-03
23.260000000 -9.171792343293e-03
23.270000000 -9.167650797530e-03
23.280000000 -9.145388772865e-03
23.290000000 -9.109536392918e-03
23.300000000 -9.062960155407e-03
23.310000000 -9.004559834713e-03
23.320000000 -8.951199161150e-03
23.330000000 -8.809577418228e-03
23.340000000 -8.731946131442e-03
23.350000000 -8.600202013929e-03
23.360000000 -8.473532888322e-03
23.370000000 -8.318506408717e-03
23.380000000 -8.154054884165e-03
23.390000000 -8.021955213807e-03
23.400000000 -7.863355728048e-03
23.410000000 -7.734117992555e-03
23.420000000 -7.555995474519e-03
23.430000000 -7.388745478551e-03
23.440000000 -7.208179581677e-03
23.450000000 -7.089367935284e-03
23.460000000 -6.871787279556e-03
23.470000000 -6.635778489783e-03
23.480000000 -6.347780757713e-03
23.490000000 -6.071650670677e-03
23.500000000 -5.785755472294e-03
23.510000000 -5.457118270700e-03
23.520000000 -5.095496001897e-03
23.530000000 -4.689244801704e-03
23.540000000 -4.307257738362e-03
23.550000000 -3.843112014404e-03
23.560000000 -3.465733295107e-03
23.570000000 -3.039583187566e-03
23.580000000 -2.635877030633e-03
23.590000000 -2.238154223862e-03
23.600000000 -1.849795935255e-03
23.610000000 -1.494864423302e-03
23.620000000 -1.093931770769e-03
23.630000000 -7.308798468254e-04
23.640000000 -3.696407501252e-04
23.650000000 -3.536609232575e-05
23.660000000 3.018868665908e-04
23.670000000 6.214282538272e-04
23.680000000 9.880857301298e-04
23.690000000 1.260438896535e-03
23.700000000 1.584498833694e-03
23.710000000 1.860777926919e-03
23.720000000 2.113332401893e-03
23.730000000 2.344488091661e-03
23.740000000 2.517159648361e-03
23.750000000 2.671201455433e-03
23.760000000 2.798440079695e-03
23.770000000 2.940018735295e-03
23.780000000 3.016044404382e-03
23.790000000 3.078123920556e-03
23.800000000 3.185339976914e-03
23.810000000 3.230039561431e-03
23.820000000 3.297542830823e-03
23.830000000 3.341823527010e-03
23.840000000 3.345710131709e-03
23.850000000 3.362983266539e-03
23.860000000 3.373850509185e-03
23.870000000 3.391792499907e-03
23.880000000 3.389553977821e-03
23.890000000 3.285404734174e-03
23.900000000 3.234938079791e-03
23.910000000 3.137504338308e-03
23.920000000 3.049906455564e-03
23.930000000 2.949419717711e-03
23.940000000 2.838516066063e-03
23.950000000 2.732369564245e-03
23.960000000 2.636220524635e-03
23.970000000 2.574150755852e-03
23.980000000 2.550877811539e-03
23.990000000 2.519183895829e-03
24.000000000 2.574582490603e-03
24.010000000 2.659680808454e-03
24.020000000 2.791032592710e-03
24.030000000 2.940773224175e-03
24.040000000 3.146740932750e-03
24.050000000 3.388852627894e-03
24.060000000 3.660899402163e-03
24.070000000 3.943426524255e-03
24.080000000 4.202612678064e-03
24.090000000 4.447533662151e-03
24.100000000 4.795052814971e-03
24.110000000 5.110243561323e-03
24.120000000 5.429575589350e-03
24.130000000 5.718149033990e-03
24.140000000 5.995679499738e-03
24.150000000 6.259237793349e-03
24.160000000 6.518551857780e-03
24.170000000 6.775097227530e-03
24.180000000 7.017562927991e-03
24.190000000 7.240348041030e-03
24.200000000 7.448810112406e-03
24.210000000 7.627867967435e-03
24.220000000 7.776052132339e-03
24.230000000 7.904423040744e-03
24.240000000 7.974952216146e-03
24.250000000 8.070641865039e-03
24.260000000 8.141709761644e-03
24.270000000 8.188623546229e-03
24.280000000 8.184609489997e-03
24.290000000 8.205041810515e-03
24.300000000 8.212088195563e-03
24.310000000 8.168501153816e-03
24.320000000 8.114417226683e-03
24.330000000 8.067133918832e-03
24.340000000 7.993934163156e-03
24.350000000 7.931982587549e-03
24.360000000 7.800337491022e-03
24.370000000 7.633998172118e-03
24.380000000 7.510878313846e-03
24.390000000 7.325066391316e-03
24.400000000 7.139661634449e-03
24.410000000 6.941679198201e-03
24.420000000 6.659140742463e-03
24.430000000 6.406295911299e-03
24.440000000 6.091069823365e-03
24.450000000 5.791224269490e-03
24.460000000 5.410922410024e-03
24.470000000 5.056539118532e-03
24.480000000 4.701580298372e-03
24.490000000 4.300627845431e-03
24.500000000 3.944282327334e-03
24.510000000 3.529550165781e-03
24.520000000 3.102041794742e-03
24.530000000 2.750941015299e-03
24.540000000 2.365380934711e-03
24.550000000 1.957883527191e-03
24.560000000 1.596474979824e-03
24.570000000 1.221024970694e-03
24.580000000 8.423682433963e-04
24.590000000 4.926675397269e-04
24.600000000 1.476800891723e-04
24.610000000 -1.896032218378e-04
24.620000000 -5.261921342538e-04
24.630000000 -8.526374192277e-04
24.640000000 -1.109476587085e-03
24.650000000 -1.434055194724e-03
24.660000000 -1.675640838813e-03
24.670000000 -1.910799863976e-03
24.680000000 -2.063132470774e-03
24.690000000 -2.234106734034e-03
24.700000000 -2.344128868289e-03
24.710000000 -2.501494269172e-03
24.720000000 -2.604986962283e-03
24.730000000 -2.639343582794e-03
24.740000000 -2.637092340072e-03
24.750000000 -2.641655106408e-03
24.760000000 -2.597245136963e-03
24.770000000 -2.475983521140e-03
24.780000000 -2.405817159432e-03
24.790000000 -2.236003338294e-03
24.800000000 -2.145174291162e-03
24.810000000 -1.990099320678e-03
24.820000000 -1.845333026319e-03
24.830000000 -1.645635459648e-03
24.840000000 -1.456235746613e-03
24.850000000 -1.238010793211e-03
24.860000000 -1.052867855097e-03
24.870000000 -8.492436950024e-04
24.880000000 -6.649067635098e-04
24.890000000 -5.377111276322e-04
24.900000000 -3.545863002201e-04
24.910000000 -2.927175943171e-04
24.920000000 -1.725345342689e-04
24.930000000 -1.193610086349e-04
24.940000000 -3.581422735375e-05
24.950000000 -5.806199625019e-05
24.960000000 -4.523821140716e-05
24.970000000 -7.712572359462e-05
24.980000000 -1.434657591664e-04
24.990000000 -2.850022094247e-04
25.000000000 -4.228515015837e-04
25.010000000 -5.506670853021e-04
25.020000000 -7.078445192272e-04
25.030000000 -8.373875612445e-04
25.040000000 -1.027587606277e-03
25.050000000 -1.262055215622e-03
25.060000000 -1.428499958965e-03
25.070000000 -1.603567531487e-03
25.080000000 -1.763350610491e-03
25.090000000 -1.920795775834e-03
25.100000000 -2.111246480167e-03
25.110000000 -2.253498352493e-03
25.120000000 -2.460140810759e-03
25.130000000 -2.641356965129e-03
25.140000000 -2.815174324643e-03
25.150000000 -2.996070030577e-03
25.160000000 -3.204599815935e-03
25.170000000 -3.387348007448e-03
25.180000000 -3.595879275096e-03
25.190000000 -3.789470479320e-03
25.200000000 -3.955207914915e-03
25.210000000 -4.119587527918e-03
25.220000000 -4.204580128965e-03
25.230000000 -4.385895401673e-03
25.240000000 -4.400795274012e-03
25.250000000 -4.447259694620e-03
25.260000000 -4.430374984513e-03
25.270000000 -4.354377085805e-03
25.280000000 -4.283683495532e-03
25.290000000 -4.144094709976e-03
25.300000000 -4.037646514075e-03
25.310000000 -3.807639834609e-03
25.320000000 -3.641355252134e-03
25.330000000 -3.391743944779e-03
25.340000000 -3.183104012125e-03
25.350000000 -2.908330737721e-03
25.360000000 -2.657542120267e-03
25.370000000 -2.342297253194e-03
25.380000000 -2.028128217534e-03
25.390000000 -1.731473812382e-03
25.400000000 -1.375095834984e-03
25.410000000 -1.010565923880e-03
25.420000000 -7.000985819490e-04
25.430000000 -3.909749096104e-04
25.440000000 -7.552566344808e-05
25.450000000 1.928194252467e-04
25.460000000 4.472472850910e-04
25.470000000 6.891672194398e-04
25.480000000 9.123970964340e-04
25.490000000 1.083215980424e-03
25.500000000 1.261165037199e-03
25.510000000 1.399093027371e-03
25.520000000 1.517304324332e-03
25.530000000 1.627455034303e-03
25.540000000 1.790470205557e-03
25.550000000 1.860581167255e-03
25.560000000 1.996076042764e-03
25.570000000 2.128087841821e-03
25.580000000 2.269211506076e-03
25.590000000 2.371993202026e-03
25.600000000 2.529070468426e-03
25.610000000 2.665042703491e-03
25.620000000 2.831901098361e-03
25.630000000 2.937416321341e-03
25.640000000 3.053877039002e-03
25.650000000 3.192837151260e-03
25.660000000 3.345214026299e-03
25.670000000 3.489537636215e-03
25.680000000 3.600039024211e-03
25.690000000 3.754892861800e-03
25.700000000 3.905144405121e-03
25.710000000 4.036076038766e-03
25.720000000 4.199862588098e-03
25.730000000 4.379162860298e-03
25.740000000 4.573550911184e-03
25.750000000 4.758835595051e-03
25.760000000 5.012484777216e-03
25.770000000 5.239220187683e-03
25.780000000 5.412210536988e-03
25.790000000 5.646510906267e-03
25.800000000 5.856920353871e-03
25.810000000 6.100007718566e-03
25.820000000 6.271415420152e-03
25.830000000 6.487055188050e-03
25.840000000 6.662660060956e-03
25.850000000 6.850159458889e-03
25.860000000 6.980928795312e-03
25.870000000 7.113020622184e-03
25.880000000 7.223263125439e-03
25.890000000 7.339729551675e-03
25.900000000 7.395812232480e-03
25.910000000 7.442312916198e-03
25.920000000 7.440135285087e-03
25.930000000 7.472171348923e-03
25.940000000 7.524133772860e-03
25.950000000 7.544150591764e-03
25.960000000 7.553114184419e-03
25.970000000 7.487212012032e-03
25.980000000 7.405971521299e-03
25.990000000 7.306618836754e-03
26.000000000 7.204210870774e-03
26.010000000 7.053539242464e-03
26.020000000 6.918805376861e-03
26.030000000 6.821618286704e-03
26.040000000 6.637186572359e-03
26.050000000 6.461676399989e-03
26.060000000 6.121869207236e-03
26.070000000 5.769245873456e-03
26.080000000 5.311184805446e-03
26.090000000 4.881660035378e-03
26.100000000 4.360709687950e-03
26.110000000 3.874322984852e-03
26.120000000 3.222920209089e-03
26.130000000 2.612691674030e-03
26.140000000 2.010581841209e-03
26.150000000 1.243745639340e-03
26.160000000 5.783827281175e-04
26.170000000 -2.104840423927e-04
26.180000000 -9.125854674745e-04
26.190000000 -1.635317586657e-03
26.200000000 -2.450063001300e-03
26.210000000 -3.166299818601e-03
26.220000000 -3.869044063605e-03
26.230000000 -4.591719249220e-03
26.240000000 -5.226469045688e-03
26.250000000 -5.940937142416e-03
26.260000000 -6.553031045971e-03
26.270000000 -7.189873697322e-03
26.280000000 -7.665242091423e-03
26.290000000 -8.244308307211e-03
26.300000000 -8.725838291141e-03
26.310000000 -9.320726443323e-03
26.320000000 -9.762741856447e-03
26.330000000 -1.023070552150e-02
26.340000000 -1.060335398631e-02
26.350000000 -1.091965187811e-02
26.360000000 -1.119951814453e-02
26.370000000 -1.134915501005e-02
26.380000000 -1.149714279512e-02
26.390000000 -1.158622624609e-02
26.400000000 -1.161923897208e-02
26.410000000 -1.158312940870e-02
26.420000000 -1.156364305839e-02
26.430000000 -1.146719037257e-02
26.440000000 -1.138443044629e-02
26.450000000 -1.137140883236e-02
26.460000000 -1.109201260433e-02
26.470000000 -1.122000883703e-02
26.480000000 -1.085066174500e-02
26.490000000 -1.098070431386e-02
26.500000000 -1.061126783610e-02
26.510000000 -1.061235049016e-02
26.520000000 -1.031299276411e-02
26.530000000 -1.013313944866e-02
26.540000000 -9.851006598948e-03
26.550000000 -9.604057066726e-03
26.560000000 -9.374413218126e-03
26.570000000 -9.057096274713e-03
26.580000000 -8.782863407919e-03
26.590000000 -8.420392409288e-03
26.600000000 -8.183553975177e-03
26.610000000 -7.783034956286e-03
26.620000000 -7.452062958067e-03
26.630000000 -7.090822639416e-03
26.640000000 -6.718070677041e-03
26.650000000 -6.393370837120e-03
26.660000000 -6.045202459656e-03
26.670000000 -5.665949617884e-03
26.680000000 -5.327622741767e-03
26.690000000 -4.973159139322e-03
26.700000000 -4.589341997547e-03
26.710000000 -4.256342659342e-03
26.720000000 -3.872291151218e-03
26.730000000 -3.529804350999e-03
26.740000000 -3.153723846862e-03
26.750000000 -2.823219304086e-03
26.760000000 -2.438225710123e-03
26.770000000 -2.094266749881e-03
26.780000000 -1.752924011129e-03
26.790000000 -1.476415237896e-03
26.800000000 -1.149582435708e-03
26.810000000 -8.391130869983e-04
26.820000000 -5.166044116344e-04
26.830000000 -1.921615275092e-04
26.840000000 1.263388495520e-04
26.850000000 3.950159284566e-04
26.860000000 7.663667907553e-04
26.870000000 1.014140577567e-03
26.880000000 1.274174607608e-03
26.890000000 1.533526514791e-03
26.900000000 1.764898271782e-03
26.910000000 2.072640434346e-03
26.920000000 2.350749201048e-03
26.930000000 2.594380240307e-03
26.940000000 2.867246936744e-03
26.950000000 3.118253751963e-03
26.960000000 3.428935991332e-03
26.970000000 3.679600355990e-03
26.980000000 3.942360474554e-03
26.990000000 4.165298544721e-03
27.000000000 4.401011652090e-03
27.010000000 4.676873625500e-03
27.020000000 4.874998914682e-03
27.030000000 5.087911716782e-03
27.040000000 5.295097015405e-03
27.050000000 5.491352419835e-03
27.060000000 5.681157476232e-03
27.070000000 5.859479209065e-03
27.080000000 6.017489130102e-03
27.090000000 6.180683327381e-03
27.100000000 6.418671512237e-03
27.110000000 6.619801776409e-03
27.120000000 6.761556622667e-03
27.130000000 6.914757259547e-03
27.140000000 7.122950962243e-03
27.150000000 7.291377935575e-03
27.160000000 7.506519636585e-03
27.170000000 7.665046891489e-03
27.180000000 7.831927014910e-03
27.190000000 7.960144248154e-03
27.200000000 8.152645341589e-03
27.210000000 8.281746618902e-03
27.220000000 8.351077689160e-03
27.230000000 8.479984843498e-03
27.240000000 8.568614216541e-03
27.250000000 8.643600002376e-03
27.260000000 8.757320415670e-03
27.270000000 8.821574814683e-03
27.280000000 8.874999412966e-03
27.290000000 8.926945866875e-03
27.300000000 9.004289289620e-03
27.310000000 9.065350975207e-03
27.320000000 9.078465353342e-03
27.330000000 9.135063862143e-03
27.340000000 9.130383292800e-03
27.350000000 9.123728709713e-03
27.360000000 9.090500149031e-03
27.370000000 9.046806034242e-03
27.380000000 8.993022325417e-03
27.390000000 8.932985624161e-03
27.400000000 8.846054384199e-03
27.410000000 8.744948072288e-03
27.420000000 8.557453402634e-03
27.430000000 8.436562473394e-03
27.440000000 8.242686293359e-03
27.450000000 8.118071062854e-03
27.460000000 7.934529048247e-03
27.470000000 7.711095597837e-03
27.480000000 7.535367837859e-03
27.490000000 7.362574444574e-03
27.500000000 7.189581037059e-03
27.510000000 6.978945566845e-03
27.520000000 6.755679480957e-03
27.530000000 6.503528211767e-03
27.540000000 6.310779869704e-03
27.550000000 6.103978418228e-03
27.560000000 5.893744868076e-03
27.570000000 5.706896826668e-03
27.580000000 5.554897050750e-03
27.590000000 5.298035082990e-03
27.600000000 5.112885566928e-03
27.610000000 4.881118231059e-03
27.620000000 4.640368143654e-03
27.630000000 4.425317969728e-03
27.640000000 4.250466423336e-03
27.650000000 4.028987598611e-03
27.660000000 3.806819164011e-03
27.670000000 3.605828756196e-03
27.680000000 3.429595497672e-03
27.690000000 3.289196135684e-03
27.700000000 3.172353000281e-03
27.710000000 3.062719696458e-03
27.720000000 2.912745067077e-03
27.730000000 2.834209081071e-03
27.740000000 2.701211656123e-03
27.750000000 2.612630240949e-03
27.760000000 2.545506179294e-03
27.770000000 2.496703979842e-03
27.780000000 2.416033046012e-03
27.790000000 2.329354297627e-03
27.800000000 2.243216602496e-03
27.810000000 2.128538955200e-03
27.820000000 2.057919816255e-03
27.830000000 2.072331198043e-03
27.840000000 2.016852596360e-03
27.850000000 2.052636348374e-03
27.860000000 1.939689304324e-03
27.870000000 1.941552249765e-03
27.880000000 2.054920095471e-03
27.890000000 2.100747855103e-03
27.900000000 2.194003269496e-03
27.910000000 2.231708620028e-03
27.920000000 2.310574939628e-03
27.930000000 2.397988905784e-03
27.940000000 2.434256885941e-03
27.950000000 2.533666951358e-03
27.960000000 2.568165927496e-03
27.970000000 2.675013110643e-03
27.980000000 2.651726757961e-03
27.990000000 2.718791152195e-03
28.000000000 2.674942604691e-03
28.010000000 2.686497212322e-03
28.020000000 2.720533691170e-03
28.030000000 2.673072429345e-03
28.040000000 2.633104016057e-03
28.050000000 2.556266298655e-03
28.060000000 2.409983863034e-03
28.070000000 2.293549091255e-03
28.080000000 2.198622645825e-03
28.090000000 2.002805988735e-03
28.100000000 1.792984472487e-03
28.110000000 1.580492224696e-03
28.120000000 1.326270997551e-03
28.130000000 1.086981230177e-03
28.140000000 8.733620964217e-04
28.150000000 6.365422498410e-04
28.160000000 4.010267779428e-04
28.170000000 1.884071279554e-04
28.180000000 -8.447383653020e-05
28.190000000 -3.391190061269e-04
28.200000000 -6.612595232597e-04
28.210000000 -9.034543655941e-04
28.220000000 -1.212226201592e-03
28.230000000 -1.381876698192e-03
28.240000000 -1.734893154678e-03
28.250000000 -1.990253551723e-03
28.260000000 -2.271698919856e-03
28.270000000 -2.548822167232e-03
28.280000000 -2.830408657621e-03
28.290000000 -3.098287441566e-03
28.300000000 -3.370657431156e-03
28.310000000 -3.620656089731e-03
28.320000000 -3.827023339618e-03
28.330000000 -4.004447654696e-03
28.340000000 -4.153075229144e-03
28.350000000 -4.271419494714e-03
28.360000000 -4.295422561712e-03
28.370000000 -4.304821888146e-03
28.380000000 -4.261199221111e-03
28.390000000 -4.236619313969e-03
28.400000000 -4.192131731148e-03
28.410000000 -4.129799034285e-03
28.420000000 -4.078039130399e-03
28.430000000 -4.007715911669e-03
28.440000000 -3.945467475232e-03
28.450000000 -3.862822608334e-03
28.460000000 -3.792016635188e-03
28.470000000 -3.728728681497e-03
28.480000000 -3.699979463434e-03
28.490000000 -3.729547309460e-03
28.500000000 -3.740169491038e-03
28.510000000 -3.715191787356e-03
28.520000000 -3.685638343923e-03
28.530000000 -3.624223997070e-03
28.540000000 -3.613566157193e-03
28.550000000 -3.610033025778e-03
28.560000000 -3.610279176906e-03
28.570000000 -3.642865384741e-03
28.580000000 -3.647986157896e-03
28.590000000 -3.691367167613e-03
28.600000000 -3.734032747985e-03
28.610000000 -3.767363394807e-03
28.620000000 -3.847665637348e-03
28.630000000 -4.007985302064e-03
28.640000000 -4.149640623000e-03
28.650000000 -4.402867295413e-03
28.660000000 -4.573445981560e-03
28.670000000 -4.768119069782e-03
28.680000000 -4.964882872724e-03
28.690000000 -5.207637891572e-03
28.700000000 -5.394044218470e-03
28.710000000 -5.615249019222e-03
28.720000000 -5.792163994392e-03
28.730000000 -6.020396861724e-03
28.740000000 -6.224973663489e-03
28.750000000 -6.464400009519e-03
28.760000000 -6.629278549970e-03
28.770000000 -6.841849568881e-03
28.780000000 -7.017457752997e-03
28.790000000 -7.221393426825e-03
28.800000000 -7.405694352217e-03
28.810000000 -7.576254476079e-03
28.820000000 -7.783123207547e-03
28.830000000 -8.023631447164e-03
28.840000000 -8.248345555237e-03
28.850000000 -8.431452739575e-03
28.860000000 -8.621403190479e-03
28.870000000 -8.873088333444e-03
28.880000000 -9.109185410966e-03
28.890000000 -9.292703051301e-03
28.900000000 -9.586025675957e-03
28.910000000 -9.716226094675e-03
28.920000000 -9.952235780288e-03
28.930000000 -1.011846717087e-02
28.940000000 -1.034075218455e-02
28.950000000 -1.054686805459e-02
28.960000000 -1.076490850972e-02
28.970000000 -1.091020913795e-02
28.980000000 -1.102457863743e-02
28.990000000 -1.111300790728e-02
29.000000000 -1.117831948797e-02
29.010000000 -1.128374381482e-02
29.020000000 -1.135287796224e-02
29.030000000 -1.139577720134e-02
29.040000000 -1.139860805830e-02
29.050000000 -1.135821183705e-02
29.060000000 -1.136851154652e-02
29.070000000 -1.131434106687e-02
29.080000000 -1.124721905430e-02
29.090000000 -1.113131668610e-02
29.100000000 -1.098042847327e-02
29.110000000 -1.073517534259e-02
29.120000000 -1.061481942364e-02
29.130000000 -1.041148032369e-02
29.140000000 -1.022514645525e-02
29.150000000 -9.963132813160e-03
29.160000000 -9.684281421622e-03
29.170000000 -9.415660761299e-03
29.180000000 -9.155052138298e-03
29.190000000 -8.913577557608e-03
29.200000000 -8.631339673170e-03
29.210000000 -8.328355417947e-03
29.220000000 -7.926009669888e-03
29.230000000 -7.526527751854e-03
29.240000000 -7.156609063850e-03
29.250000000 -6.743676185289e-03
29.260000000 -6.409891917822e-03
29.270000000 -6.023040247362e-03
29.280000000 -5.604515598269e-03
29.290000000 -5.130694407695e-03
29.300000000 -4.630503080662e-03
29.310000000 -4.185208111367e-03
29.320000000 -3.734428164971e-03
29.330000000 -3.296543833409e-03
29.340000000 -2.821726642750e-03
29.350000000 -2.304060530450e-03
29.360000000 -1.761344012813e-03
29.370000000 -1.252920903950e-03
29.380000000 -7.125966090125e-04
29.390000000 -2.087481925264e-04
29.400000000 3.457727338586e-04
29.410000000 8.930447772933e-04
29.420000000 1.455231517045e-03
29.430000000 1.997323658597e-03
29.440000000 2.560021456492e-03
29.450000000 3.098018973422e-03
29.460000000 3.604325039546e-03
29.470000000 4.097825239026e-03
29.480000000 4.566857327983e-03
29.490000000 5.055072771113e-03
29.500000000 5.449978613338e-03
29.510000000 5.835557050294e-03
29.520000000 6.118549134478e-03
29.530000000 6.419882834630e-03
29.540000000 6.647602996012e-03
29.550000000 6.832633809053e-03
29.560000000 6.954209386034e-03
29.570000000 7.012982872303e-03
29.580000000 7.047446349518e-03
29.590000000 7.048425888353e-03
29.600000000 7.054250788819e-03
29.610000000 7.027593135638e-03
29.620000000 7.005499080223e-03
29.630000000 6.931559275921e-03
29.640000000 6.818724887695e-03
29.650000000 6.596887320486e-03
29.660000000 6.384387400678e-03
29.670000000 6.126021804183e-03
29.680000000 5.833307838485e-03
29.690000000 5.524983433543e-03
29.700000000 5.179613378222e-03
29.710000000 4.812529994593e-03
29.720000000 4.439080015105e-03
29.730000000 4.062719654861e-03
29.740000000 3.705383201969e-03
29.750000000 3.317568405269e-03
29.760000000 2.945853566554e-03
29.770000000 2.531508575133e-03
29.780000000 2.158469205368e-03
29.790000000 1.807247833471e-03
29.800000000 1.418368320904e-03
29.810000000 1.092152496683e-03
29.820000000 7.423940385426e-04
29.830000000 4.510767240656e-04
29.840000000 1.298831736314e-04
29.850000000 -1.837592721133e-04
29.860000000 -4.766408291462e-04
29.870000000 -7.309155264369e-04
29.880000000 -1.015810573943e-03
29.890000000 -1.251527899079e-03
29.900000000 -1.516069207462e-03
29.910000000 -1.739073843297e-03
29.920000000 -1.859890010789e-03
29.930000000 -2.042472062071e-03
29.940000000 -2.196330050137e-03
29.950000000 -2.377103222501e-03
29.960000000 -2.500480176906e-03
29.970000000 -2.621033980313e-03
29.980000000 -2.647646614305e-03
29.990000000 -2.656165859330e-03
30.000000000 -2.650775369881e-03
30.010000000 -2.632248339890e-03
30.020000000 -2.661143245775e-03
30.030000000 -2.647412638133e-03
30.040000000 -2.704352741141e-03
30.050000000 -2.746541490257e-03
30.060000000 -2.790912934237e-03
30.070000000 -2.785819840356e-03
30.080000000 -2.794726304703e-03
30.090000000 -2.768576769136e-03
30.100000000 -2.750846405157e-03
30.110000000 -2.679275547890e-03
30.120000000 -2.654872819918e-03
30.130000000 -2.592704102662e-03
30.140000000 -2.550369440470e-03
30.150000000 -2.553342244496e-03
30.160000000 -2.522375146736e-03
30.170000000 -2.517264168592e-03
30.180000000 -2.533816560931e-03
30.190000000 -2.507161018251e-03
30.200000000 -2.529208724522e-03
30.210000000 -2.522963986409e-03
30.220000000 -2.482680719467e-03
30.230000000 -2.457596497516e-03
30.240000000 -2.439068793324e-03
30.250000000 -2.415155223975e-03
30.260000000 -2.403339026390e-03
30.270000000 -2.285163043485e-03
30.280000000 -2.235262787665e-03
30.290000000 -2.168467598551e-03
30.300000000 -2.046748879281e-03
30.310000000 -1.982223024493e-03
30.320000000 -1.857972183897e-03
30.330000000 -1.756483688264e-03
30.340000000 -1.654594316661e-03
30.350000000 -1.508415842289e-03
30.360000000 -1.372224089302e-03
30.370000000 -1.118444458832e-03
30.380000000 -9.441236730273e-04
30.390000000 -6.748265991620e-04
30.400000000 -4.158439654949e-04
30.410000000 -1.376852926262e-04
30.420000000 1.147778473147e-04
30.430000000 3.647656310097e-04
30.440000000 5.370189314385e-04
30.450000000 8.161464789775e-04
30.460000000 1.036164742293e-03
30.470000000 1.332320434316e-03
30.480000000 1.586845049408e-03
30.490000000 1.855676818605e-03
30.500000000 2.124439628466e-03
30.510000000 2.400160026136e-03
30.520000000 2.637194669579e-03
30.530000000 2.845659095065e-03
30.540000000 3.058119588073e-03
30.550000000 3.274877976842e-03
30.560000000 3.457757901537e-03
30.570000000 3.621406397980e-03
30.580000000 3.757906498253e-03
30.590000000 3.952063797615e-03
30.600000000 4.086607530380e-03
30.610000000 4.269256025206e-03
30.620000000 4.309222962490e-03
30.630000000 4.424420722973e-03
30.640000000 4.410105183677e-03
30.650000000 4.440580889580e-03
30.660000000 4.423857218518e-03
30.670000000 4.417238159388e-03
30.680000000 4.371913838931e-03
30.690000000 4.366860343905e-03
30.700000000 4.339836976479e-03
30.710000000 4.249472818244e-03
30.720000000 4.156162314465e-03
30.730000000 4.036567339177e-03
30.740000000 3.933122956549e-03
30.750000000 3.822674488195e-03
30.760000000 3.685000003350e-03
30.770000000 3.494594920657e-03
30.780000000 3.331833911898e-03
30.790000000 3.146470293597e-03
30.800000000 2.951079778170e-03
30.810000000 2.756456093262e-03
30.820000000 2.595250615905e-03
30.830000000 2.427755364384e-03
30.840000000 2.301086424376e-03
30.850000000 2.211962831349e-03
30.860000000 2.117359605908e-03
30.870000000 2.009595922926e-03
30.880000000 1.986418223885e-03
30.890000000 1.939568039010e-03
30.900000000 1.951678311109e-03
30.910000000 1.975030621034e-03
30.920000000 1.996635321021e-03
30.930000000 2.051537708401e-03
30.940000000 2.173000002894e-03
30.950000000 2.244771777200e-03
30.960000000 2.339897161368e-03
30.970000000 2.491758444529e-03
30.980000000 2.653397920378e-03
30.990000000 2.833465424786e-03
31.000000000 2.992773828501e-03
31.010000000 3.163765661500e-03
31.020000000 3.306989098605e-03
31.030000000 3.466411701176e-03
31.040000000 3.630101935687e-03
31.050000000 3.775106995587e-03
31.060000000 3.926473742136e-03
31.070000000 4.070652227905e-03
31.080000000 4.306914896981e-03
31.090000000 4.430350482743e-03
31.100000000 4.582542528792e-03
31.110000000 4.725788351586e-03
31.120000000 4.869277013644e-03
31.130000000 4.984163328566e-03
31.140000000 5.125169159518e-03
31.150000000 5.166517741440e-03
31.160000000 5.268322065963e-03
31.170000000 5.290211630511e-03
31.180000000 5.324738314211e-03
31.190000000 5.375182840510e-03
31.200000000 5.411758621850e-03
31.210000000 5.370190954119e-03
31.220000000 5.409110867350e-03
31.230000000 5.416190680252e-03
31.240000000 5.431922895817e-03
31.250000000 5.394519681995e-03
31.260000000 5.384504505022e-03
31.270000000 5.298882398844e-03
31.280000000 5.236259761675e-03
31.290000000 5.120632888701e-03
31.300000000 5.042416327396e-03
31.310000000 4.938129206473e-03
31.320000000 4.832503599658e-03
31.330000000 4.780579905007e-03
31.340000000 4.726528957385e-03
31.350000000 4.640470817547e-03
31.360000000 4.550197769858e-03
31.370000000 4.472013004927e-03
31.380000000 4.405213891655e-03
31.390000000 4.361652651228e-03
31.400000000 4.324656390254e-03
31.410000000 4.267689743739e-03
31.420000000 4.239652150787e-03
31.430000000 4.179816881562e-03
31.440000000 4.157913199354e-03
31.450000000 4.055279371461e-03
31.460000000 4.012811153899e-03
31.470000000 3.970405781003e-03
31.480000000 3.996610341546e-03
31.490000000 3.971487630292e-03
31.500000000 3.912433357047e-03
31.510000000 3.876878451518e-03
31.520000000 3.875568255240e-03
31.530000000 3.870260605245e-03
31.540000000 3.853611996539e-03
31.550000000 3.827835399949e-03
31.560000000 3.756290501383e-03
31.570000000 3.772102362573e-03
31.580000000 3.722945937074e-03
31.590000000 3.721251967164e-03
31.600000000 3.682290378128e-03
31.610000000 3.639455595703e-03
31.620000000 3.618321153162e-03
31.630000000 3.566321939377e-03
31.640000000 3.512344668361e-03
31.650000000 3.428625998572e-03
31.660000000 3.348799356680e-03
31.670000000 3.257668205027e-03
31.680000000 3.136050861647e-03
31.690000000 2.948222417723e-03
31.700000000 2.847928563491e-03
31.710000000 2.684397026354e-03
31.720000000 2.556587323160e-03
31.730000000 2.362134807903e-03
31.740000000 2.099920546564e-03
31.750000000 1.811285233635e-03
31.760000000 1.483464255680e-03
31.770000000 1.115998389855e-03
31.780000000 7.167224891278e-04
31.790000000 2.804466257500e-04
31.800000000 -1.598355152146e-04
31.810000000 -5.136606832971e-04
31.820000000 -9.067040570809e-04
31.830000000 -1.296747089341e-03
31.840000000 -1.711603187747e-03
31.850000000 -2.177078911511e-03
31.860000000 -2.579182341885e-03
31.870000000 -3.039971630008e-03
31.880000000 -3.449053757495e-03
31.890000000 -3.903973842549e-03
31.900000000 -4.301874066225e-03
31.910000000 -4.686495782991e-03
31.920000000 -5.080312354809e-03
31.930000000 -5.446036204926e-03
31.940000000 -5.812045881697e-03
31.950000000 -6.202642564495e-03
31.960000000 -6.484564732578e-03
31.970000000 -6.778050833139e-03
31.980000000 -7.010225420050e-03
31.990000000 -7.241153597236e-03
32.000000000 -7.430960599722e-03
32.010000000 -7.577994371851e-03
32.020000000 -7.768385438085e-03
32.030000000 -7.847299265288e-03
32.040000000 -7.900887218730e-03
32.050000000 -7.941772538849e-03
32.060000000 -7.924994507857e-03
32.070000000 -7.894136626848e-03
32.080000000 -7.835477772833e-03
32.090000000 -7.814982765150e-03
32.100000000 -7.757693721571e-03
32.110000000 -7.699229581230e-03
32.120000000 -7.592990697800e-03
32.130000000 -7.485311232240e-03
32.140000000 -7.309019670691e-03
32.150000000 -7.130183549631e-03
32.160000000 -6.907974116996e-03
32.170000000 -6.722753659087e-03
32.180000000 -6.574587147865e-03
32.190000000 -6.431732008253e-03
32.200000000 -6.269324734102e-03
32.210000000 -6.098589041543e-03
32.220000000 -5.952360601636e-03
32.230000000 -5.891212288558e-03
32.240000000 -5.845290273253e-03
32.250000000 -5.832472910039e-03
32.260000000 -5.879395606286e-03
32.270000000 -5.944138970095e-03
32.280000000 -6.074865135766e-03
32.290000000 -6.170803236552e-03
32.300000000 -6.288957074316e-03
32.310000000 -6.477106313614e-03
32.320000000 -6.656723091093e-03
32.330000000 -6.915793741420e-03
32.340000000 -7.122709081694e-03
32.350000000 -7.342117997543e-03
32.360000000 -7.600505826211e-03
32.370000000 -7.798801450308e-03
32.380000000 -8.059199103747e-03
32.390000000 -8.230960527796e-03
32.400000000 -8.394843396514e-03
32.410000000 -8.551664477040e-03
32.420000000 -8.711417011713e-03
32.430000000 -8.830310619019e-03
32.440000000 -9.010388980844e-03
32.450000000 -8.993478317720e-03
32.460000000 -9.110236883945e-03
32.470000000 -9.147267040689e-03
32.480000000 -9.022101380755e-03
32.490000000 -9.265576192724e-03
32.500000000 -8.819526947469e-03
32.510000000 -9.010675962783e-03
32.520000000 -8.673548521292e-03
32.530000000 -8.553082877681e-03
32.540000000 -8.429500455824e-03
32.550000000 -8.075133373735e-03
32.560000000 -7.963941277056e-03
32.570000000 -7.610099750060e-03
32.580000000 -7.310123877017e-03
32.590000000 -7.011263351399e-03
32.600000000 -6.587177755033e-03
32.610000000 -6.222007426605e-03
32.620000000 -5.797955465034e-03
32.630000000 -5.285458585387e-03
32.640000000 -4.848521502632e-03
32.650000000 -4.405263959950e-03
32.660000000 -3.954824734025e-03
32.670000000 -3.560076939864e-03
32.680000000 -3.035689895780e-03
32.690000000 -2.582113578300e-03
32.700000000 -2.115758301818e-03
32.710000000 -1.726633442455e-03
32.720000000 -1.334806808095e-03
32.730000000 -1.041028533852e-03
32.740000000 -6.666580503576e-04
32.750000000 -3.601672185955e-04
32.760000000 -5.955700256369e-05
32.770000000 1.811654258296e-04
32.780000000 3.916148965550e-04
32.790000000 5.208646162856e-04
32.800000000 6.313969609683e-04
32.810000000 7.846006019431e-04
32.820000000 8.840673117714e-04
32.830000000 9.997265260776e-04
32.840000000 1.039653415175e-03
32.850000000 1.039169681702e-03
32.860000000 1.021438707103e-03
32.870000000 9.996374171770e-04
32.880000000 9.927007955705e-04
32.890000000 1.022754506452e-03
32.900000000 9.485087810395e-04
32.910000000 9.535615971636e-04
32.920000000 8.986758629364e-04
32.930000000 9.163347449810e-04
32.940000000 8.867458022713e-04
32.950000000 8.966699413110e-04
32.960000000 8.618871095685e-04
32.970000000 9.027327966629e-04
32.980000000 9.074431553962e-04
32.990000000 9.300558659185e-04
33.000000000 8.995811733142e-04
33.010000000 8.445502771138e-04
33.020000000 7.685295401176e-04
33.030000000 7.757515032561e-04
33.040000000 7.657951245712e-04
33.050000000 7.507027426046e-04
33.060000000 7.853853392461e-04
33.070000000 7.970842897487e-04
33.080000000 8.309357123259e-04
33.090000000 8.746404726855e-04
33.100000000 9.448022042584e-04
33.110000000 1.060160092713e-03
33.120000000 1.143904743792e-03
33.130000000 1.239649253373e-03
33.140000000 1.300901215732e-03
33.150000000 1.367674950028e-03
33.160000000 1.419940445548e-03
33.170000000 1.600079060660e-03
33.180000000 1.710042185283e-03
33.190000000 1.863944063132e-03
33.200000000 1.968634513089e-03
33.210000000 2.121187785799e-03
33.220000000 2.301255119246e-03
33.230000000 2.470232827321e-03
33.240000000 2.666722284291e-03
33.250000000 2.801193561125e-03
33.260000000 2.937089812283e-03
33.270000000 3.059965712217e-03
33.280000000 3.254238437199e-03
33.290000000 3.396582213196e-03
33.300000000 3.544474250021e-03
33.310000000 3.695141259004e-03
33.320000000 3.899669942067e-03
33.330000000 4.048596061353e-03
33.340000000 4.183360917985e-03
33.350000000 4.327612541660e-03
33.360000000 4.532310787305e-03
33.370000000 4.654368923965e-03
33.380000000 4.723808724849e-03
33.390000000 4.777272770641e-03
33.400000000 4.807648354671e-03
33.410000000 4.859007231182e-03
33.420000000 4.898664420211e-03
33.430000000 4.919664772501e-03
33.440000000 4.912738862220e-03
33.450000000 4.928193902669e-03
33.460000000 4.919763034060e-03
33.470000000 4.922799396927e-03
33.480000000 4.949354239958e-03
33.490000000 4.886880740456e-03
33.500000000 4.818220367363e-03
33.510000000 4.726365661457e-03
33.520000000 4.585157823350e-03
33.530000000 4.413581827321e-03
33.540000000 4.163134648467e-03
33.550000000 3.977550812953e-03
33.560000000 3.828608465951e-03
33.570000000 3.764837552287e-03
33.580000000 3.743586732560e-03
33.590000000 3.667782741704e-03
33.600000000 3.597236247861e-03
33.610000000 3.530488107736e-03
33.620000000 3.431888684540e-03
33.630000000 3.317153902030e-03
33.640000000 3.280695857077e-03
33.650000000 3.263085888121e-03
33.660000000 3.246694033628e-03
33.670000000 3.218347409979e-03
33.680000000 3.162197997248e-03
33.690000000 3.250432993714e-03
33.700000000 3.281210496316e-03
33.710000000 3.359917301008e-03
33.720000000 3.449157472934e-03
33.730000000 3.511301340450e-03
33.740000000 3.603611115019e-03
33.750000000 3.717514496697e-03
33.760000000 3.826065954582e-03
33.770000000 3.963133553815e-03
33.780000000 4.010053030316e-03
33.790000000 4.056904970423e-03
33.800000000 4.153767616796e-03
33.810000000 4.232185295206e-03
33.820000000 4.367877320426e-03
33.830000000 4.494599231770e-03
33.840000000 4.610814486816e-03
33.850000000 4.722181718928e-03
33.860000000 4.841395418482e-03
33.870000000 4.942302136377e-03
33.880000000 5.053925720477e-03
33.890000000 5.120720355877e-03
33.900000000 5.271328716493e-03
33.910000000 5.419501254221e-03
33.920000000 5.624915849376e-03
33.930000000 5.800260268239e-03
33.940000000 5.992545022443e-03
33.950000000 6.253377978508e-03
33.960000000 6.353541324855e-03
33.970000000 6.592439333948e-03
33.980000000 6.575548183544e-03
33.990000000 6.810817626124e-03
34.000000000 6.904370072348e-03
34.010000000 7.075801440992e-03
34.020000000 7.267766382341e-03
34.030000000 7.332727376955e-03
34.040000000 7.449163607060e-03
34.050000000 7.580444958340e-03
34.060000000 7.721081982773e-03
34.070000000 7.728272618372e-03
34.080000000 7.870894971842e-03
34.090000000 7.953763439230e-03
34.100000000 8.009871469903e-03
34.110000000 8.190266263327e-03
34.120000000 8.186535569375e-03
34.130000000 8.091003443396e-03
34.140000000 8.130376312959e-03
34.150000000 8.072681225797e-03
34.160000000 8.052310511152e-03
34.170000000 8.093845736466e-03
34.180000000 8.094452920220e-03
34.190000000 8.151856322951e-03
34.200000000 8.267119443534e-03
34.210000000 8.312861122574e-03
34.220000000 8.384472870865e-03
34.230000000 8.387203844877e-03
34.240000000 8.448695421394e-03
34.250000000 8.536485324793e-03
34.260000000 8.528647932863e-03
34.270000000 8.611649350046e-03
34.280000000 8.615574295944e-03
34.290000000 8.654036838973e-03
34.300000000 8.695013402423e-03
34.310000000 8.636278494040e-03
34.320000000 8.599102687508e-03
34.330000000 8.526402354693e-03
34.340000000 8.459351948608e-03
34.350000000 8.393329906122e-03
34.360000000 8.286254839990e-03
34.370000000 8.147790797703e-03
34.380000000 7.924792656569e-03
34.390000000 7.780167848975e-03
34.400000000 7.283590194727e-03
34.410000000 7.166180922097e-03
34.420000000 6.467339260201e-03
34.430000000 6.519784619462e-03
34.440000000 5.764656462253e-03
34.450000000 5.612117478292e-03
34.460000000 5.106684771394e-03
34.470000000 4.622125516815e-03
34.480000000 4.229306873894e-03
34.490000000 3.579825516594e-03
34.500000000 3.162166303797e-03
34.510000000 2.391854560731e-03
34.520000000 1.993057532389e-03
34.530000000 1.253352965134e-03
34.540000000 7.642398456429e-04
34.550000000 3.084106149188e-05
34.560000000 -4.965036517470e-04
34.570000000 -1.232539475989e-03
34.580000000 -1.835682540225e-03
34.590000000 -2.584021520066e-03
34.600000000 -3.167866115688e-03
34.610000000 -3.883259319215e-03
34.620000000 -4.455062679751e-03
34.630000000 -5.123059013642e-03
34.640000000 -5.729514509038e-03
34.650000000 -6.359811801926e-03
34.660000000 -6.935248637710e-03
34.670000000 -7.510113055279e-03
34.680000000 -7.960319995934e-03
34.690000000 -8.379692710877e-03
34.700000000 -8.835875781185e-03
34.710000000 -9.186429260486e-03
34.720000000 -9.559086622310e-03
34.730000000 -9.760358444813e-03
34.740000000 -9.924197022643e-03
34.750000000 -1.003731114837e-02
34.760000000 -1.013630345890e-02
34.770000000 -1.018057845888e-02
34.780000000 -1.010813495444e-02
34.790000000 -9.999608360691e-03
34.800000000 -9.812521336137e-03
34.810000000 -9.608065850911e-03
34.820000000 -9.320844641013e-03
34.830000000 -8.979270040377e-03
34.840000000 -8.568990442791e-03
34.850000000 -8.189366818174e-03
34.860000000 -7.723996525795e-03
34.870000000 -7.185456191904e-03
34.880000000 -6.652447186105e-03
34.890000000 -6.087408182225e-03
34.900000000 -5.561728041524e-03
34.910000000 -5.062112484944e-03
34.920000000 -4.455811536780e-03
34.930000000 -3.885779110491e-03
34.940000000 -3.396524436003e-03
34.950000000 -2.937251741963e-03
34.960000000 -2.447893746611e-03
34.970000000 -1.939484861324e-03
34.980000000 -1.452039507726e-03
34.990000000 -9.366935917675e-04
35.000000000 -5.130713108997e-04
35.010000000 -7.790186135157e-05
35.020000000 2.969083505344e-04
35.030000000 6.207403185396e-04
35.040000000 1.003885159059e-03
35.050000000 1.273294794948e-03
35.060000000 1.561305454540e-03
35.070000000 1.814297708721e-03
35.080000000 1.935718275048e-03
35.090000000 2.054430205984e-03
35.100000000 2.060449793592e-03
35.110000000 2.088592278296e-03
35.120000000 2.110043678425e-03
35.130000000 2.072606837688e-03
35.140000000 1.881127120141e-03
35.150000000 1.752802729344e-03
35.160000000 1.544685976876e-03
35.170000000 1.343171692074e-03
35.180000000 1.089350139030e-03
35.190000000 7.034817528310e-04
35.200000000 3.384605024766e-04
35.210000000 -8.967877688081e-05
35.220000000 -4.966305115556e-04
35.230000000 -8.740954702945e-04
35.240000000 -1.290207795226e-03
35.250000000 -1.739605529648e-03
35.260000000 -2.139978551802e-03
35.270000000 -2.590424784031e-03
35.280000000 -3.044738596258e-03
35.290000000 -3.446513477510e-03
35.300000000 -3.957303828035e-03
35.310000000 -4.406731197406e-03
35.320000000 -4.849892968564e-03
35.330000000 -5.350427665987e-03
35.340000000 -5.765221692587e-03
35.350000000 -6.222044181183e-03
35.360000000 -6.572600894735e-03
35.370000000 -6.972460585015e-03
35.380000000 -7.375397753225e-03
35.390000000 -7.772920726100e-03
35.400000000 -8.105107531789e-03
35.410000000 -8.357407533240e-03
35.420000000 -8.606667954260e-03
35.430000000 -8.782623247269e-03
35.440000000 -8.966754033174e-03
35.450000000 -9.071044102794e-03
35.460000000 -9.216648277941e-03
35.470000000 -9.235296990800e-03
35.480000000 -9.201792036519e-03
35.490000000 -9.162734553795e-03
35.500000000 -8.953127592526e-03
35.510000000 -8.804811486344e-03
35.520000000 -8.629133939098e-03
35.530000000 -8.430168168872e-03
35.540000000 -8.197874465646e-03
35.550000000 -7.941369286007e-03
35.560000000 -7.612891873673e-03
35.570000000 -7.316147855147e-03
35.580000000 -7.036529044801e-03
35.590000000 -6.744188820111e-03
35.600000000 -6.442937454662e-03
35.610000000 -6.077193315257e-03
35.620000000 -5.802501404435e-03
35.630000000 -5.532096355347e-03
35.640000000 -5.352819763149e-03
35.650000000 -5.122853061533e-03
35.660000000 -4.900416137893e-03
35.670000000 -4.741407339650e-03
35.680000000 -4.626375256715e-03
35.690000000 -4.508784358610e-03
35.700000000 -4.354802673943e-03
35.710000000 -4.330532992170e-03
35.720000000 -4.024033919249e-03
35.730000000 -4.228677429587e-03
35.740000000 -3.984623375139e-03
35.750000000 -3.970383140179e-03
35.760000000 -4.014193206110e-03
35.770000000 -3.893797183861e-03
35.780000000 -3.967115174682e-03
35.790000000 -3.928401266481e-03
35.800000000 -3.975264380847e-03
35.810000000 -4.171551107446e-03
35.820000000 -4.221977748913e-03
35.830000000 -4.423663890938e-03
35.840000000 -4.468508485977e-03
35.850000000 -4.422219109299e-03
35.860000000 -4.453639425387e-03
35.870000000 -4.407417958669e-03
35.880000000 -4.468760434998e-03
35.890000000 -4.414423610263e-03
35.900000000 -4.391907371299e-03
35.910000000 -4.322383097761e-03
35.920000000 -4.288648968839e-03
35.930000000 -4.209556289399e-03
35.940000000 -4.135592421790e-03
35.950000000 -4.018335840603e-03
35.960000000 -3.852740389901e-03
35.970000000 -3.636335152719e-03
35.980000000 -3.467042210536e-03
35.990000000 -3.325501912030e-03
36.000000000 -3.137007415296e-03
36.010000000 -3.011412933240e-03
36.020000000 -2.801277506277e-03
36.030000000 -2.574212749446e-03
36.040000000 -2.293573355759e-03
36.050000000 -2.079653319247e-03
36.060000000 -1.894416839766e-03
36.070000000 -1.734194413611e-03
36.080000000 -1.485349928016e-03
36.090000000 -1.242387838822e-03
36.100000000 -1.026528718348e-03
36.110000000 -8.774109231637e-04
36.120000000 -7.912552905219e-04
36.130000000 -6.879976281100e-04
36.140000000 -5.679237229457e-04
36.150000000 -4.244582338447e-04
36.160000000 -3.211913626484e-04
36.170000000 -2.282839043469e-04
36.180000000 -2.194499022157e-04
36.190000000 -1.941703351540e-04
36.200000000 -1.846243075492e-04
36.210000000 -1.281291463146e-04
36.220000000 -1.056663919371e-04
36.230000000 -1.861786323345e-04
36.240000000 -1.927829513359e-04
36.250000000 -2.689694371873e-04
36.260000000 -3.012607800163e-04
36.270000000 -3.833409971435e-04
36.280000000 -4.133661267964e-04
36.290000000 -4.754160999784e-04
36.300000000 -5.001234434745e-04
36.310000000 -5.673692092830e-04
36.320000000 -5.815885090078e-04
36.330000000 -5.407758877034e-04
36.340000000 -5.624593614872e-04
36.350000000 -5.134378844520e-04
36.360000000 -4.489712349371e-04
36.370000000 -4.044046001892e-04
36.380000000 -3.189353014880e-04
36.390000000 -1.907541735282e-04
36.400000000 -8.295152387185e-05
36.410000000 5.649918765418e-05
36.420000000 1.717101131398e-04
36.430000000 2.975852414160e-04
36.440000000 5.081949794141e-04
36.450000000 7.217707408672e-04
36.460000000 9.612701945278e-04
36.470000000 1.194160988740e-03
36.480000000 1.511579971469e-03
36.490000000 1.764547450352e-03
36.500000000 2.077282394370e-03
36.510000000 2.315484285472e-03
36.520000000 2.589755418754e-03
36.530000000 2.874360917105e-03
36.540000000 3.133865573320e-03
36.550000000 3.379285720787e-03
36.560000000 3.575866161726e-03
36.570000000 3.790251979724e-03
36.580000000 3.986296436742e-03
36.590000000 4.128946745980e-03
36.600000000 4.250422601113e-03
36.610000000 4.319023102478e-03
36.620000000 4.344963800841e-03
36.630000000 4.374286782893e-03
36.640000000 4.313561233722e-03
36.650000000 4.257466775066e-03
36.660000000 4.172408581195e-03
36.670000000 4.120350083194e-03
36.680000000 4.032313977425e-03
36.690000000 3.898326923286e-03
36.700000000 3.728451993025e-03
36.710000000 3.559622605717e-03
36.720000000 3.359718360699e-03
36.730000000 3.138944446223e-03
36.740000000 2.956379084859e-03
36.750000000 2.670638797285e-03
36.760000000 2.497499998925e-03
36.770000000 2.250137478733e-03
36.780000000 2.129365558700e-03
36.790000000 1.992629317627e-03
36.800000000 1.893749395270e-03
36.810000000 1.748845417057e-03
36.820000000 1.719165679242e-03
36.830000000 1.612420064672e-03
36.840000000 1.590871449905e-03
36.850000000 1.481167845908e-03
36.860000000 1.566462304758e-03
36.870000000 1.651937986374e-03
36.880000000 1.792078081076e-03
36.890000000 1.959195765502e-03
36.900000000 2.146379006259e-03
36.910000000 2.346970819917e-03
36.920000000 2.577803375568e-03
36.930000000 2.897116137809e-03
36.940000000 3.192152886879e-03
36.950000000 3.464070532763e-03
36.960000000 3.771173003898e-03
36.970000000 4.049049104767e-03
36.980000000 4.437873028752e-03
36.990000000 4.792464203125e-03
37.000000000 5.181063384068e-03
37.010000000 5.627664856127e-03
37.020000000 6.052900434657e-03
37.030000000 6.508084582853e-03
37.040000000 6.919184777797e-03
37.050000000 7.345087843357e-03
37.060000000 7.656961077128e-03
37.070000000 8.049729771559e-03
37.080000000 8.380565600397e-03
37.090000000 8.714854881490e-03
37.100000000 9.016088044824e-03
37.110000000 9.244718244750e-03
37.120000000 9.420503982175e-03
37.130000000 9.659842270405e-03
37.140000000 9.826200410506e-03
37.150000000 9.836885066143e-03
37.160000000 9.966627961698e-03
37.170000000 1.017696474500e-02
37.180000000 1.027496105830e-02
37.190000000 1.043059906789e-02
37.200000000 1.053650720198e-02
37.210000000 1.058149446338e-02
37.220000000 1.065471243223e-02
37.230000000 1.074157061007e-02
37.240000000 1.074483598825e-02
37.250000000 1.071542884252e-02
37.260000000 1.068506986208e-02
37.270000000 1.071244659288e-02
37.280000000 1.066982186011e-02
37.290000000 1.063246120887e-02
37.300000000 1.059692518272e-02
37.310000000 1.054622686963e-02
37.320000000 1.053699238783e-02
37.330000000 1.054311488460e-02
37.340000000 1.051237854992e-02
37.350000000 1.052315088210e-02
37.360000000 1.052351037720e-02
37.370000000 1.051469703717e-02
37.380000000 1.047887830425e-02
37.390000000 1.046261883501e-02
37.400000000 1.039407307016e-02
37.410000000 1.035115831205e-02
37.420000000 1.030495729746e-02
37.430000000 1.022062484712e-02
37.440000000 1.007855647896e-02
37.450000000 9.878701771777e-03
37.460000000 9.753379972993e-03
37.470000000 9.592296792586e-03
37.480000000 9.391597875653e-03
37.490000000 9.244777216105e-03
37.500000000 8.968422820896e-03
37.510000000 8.809870567020e-03
37.520000000 8.445648517876e-03
37.530000000 8.247925476368e-03
37.540000000 7.835196931336e-03
37.550000000 7.468697318354e-03
37.560000000 7.247778996546e-03
37.570000000 6.716130749031e-03
37.580000000 6.508047356173e-03
37.590000000 5.854212872673e-03
37.600000000 5.581590033911e-03
37.610000000 4.970289021615e-03
37.620000000 4.422319862415e-03
37.630000000 3.853999540750e-03
37.640000000 3.188592666731e-03
37.650000000 2.616558181393e-03
37.660000000 2.018338113573e-03
37.670000000 1.400724448588e-03
37.680000000 7.355563937096e-04
37.690000000 8.155789904785e-05
37.700000000 -5.730613494380e-04
37.710000000 -1.231725268560e-03
37.720000000 -1.907987171807e-03
37.730000000 -2.556615571226e-03
37.740000000 -3.180073783480e-03
37.750000000 -3.767368416528e-03
37.760000000 -4.349993635332e-03
37.770000000 -4.951878215237e-03
37.780000000 -5.584892779447e-03
37.790000000 -6.159710208127e-03
37.800000000 -6.762603146119e-03
37.810000000 -7.310479317273e-03
37.820000000 -7.820668658816e-03
37.830000000 -8.335689449905e-03
37.840000000 -8.816148833341e-03
37.850000000 -9.264038575584e-03
37.860000000 -9.655088196926e-03
37.870000000 -1.001974445029e-02
37.880000000 -1.032093468521e-02
37.890000000 -1.059412684500e-02
37.900000000 -1.077033777593e-02
37.910000000 -1.093253185344e-02
37.920000000 -1.111050549307e-02
37.930000000 -1.121749642091e-02
37.940000000 -1.134984086106e-02
37.950000000 -1.140123457841e-02
37.960000000 -1.150070371207e-02
37.970000000 -1.157313668596e-02
37.980000000 -1.159561270825e-02
37.990000000 -1.160857502882e-02
38.000000000 -1.166092417973e-02
38.010000000 -1.163406186992e-02
38.020000000 -1.161819238425e-02
38.030000000 -1.160723085279e-02
38.040000000 -1.157991186311e-02
38.050000000 -1.158807248003e-02
38.060000000 -1.154645595256e-02
38.070000000 -1.151126492099e-02
38.080000000 -1.144860813691e-02
38.090000000 -1.136923342034e-02
38.100000000 -1.131057078897e-02
38.110000000 -1.123270036629e-02
38.120000000 -1.118473418639e-02
38.130000000 -1.110661628413e-02
38.140000000 -1.114554717134e-02
38.150000000 -1.111607935015e-02
38.160000000 -1.111908422983e-02
38.170000000 -1.113250724543e-02
38.180000000 -1.120193078486e-02
38.190000000 -1.122418916324e-02
38.200000000 -1.126432290547e-02
38.210000000 -1.129131327051e-02
38.220000000 -1.135688901118e-02
38.230000000 -1.138982469886e-02
38.240000000 -1.141701980906e-02
38.250000000 -1.143652705880e-02
38.260000000 -1.147611898252e-02
38.270000000 -1.154655198927e-02
38.280000000 -1.159098793070e-02
38.290000000 -1.167710288669e-02
38.300000000 -1.175349064904e-02
38.310000000 -1.184911476400e-02
38.320000000 -1.196246619151e-02
38.330000000 -1.203668847854e-02
38.340000000 -1.211317052969e-02
38.350000000 -1.224353242017e-02
38.360000000 -1.236676023123e-02
38.370000000 -1.247305081270e-02
38.380000000 -1.255416264882e-02
38.390000000 -1.262280783276e-02
38.400000000 -1.262786356452e-02
38.410000000 -1.269873960612e-02
38.420000000 -1.270429407306e-02
38.430000000 -1.271275036138e-02
38.440000000 -1.267501178173e-02
38.450000000 -1.266683040237e-02
38.460000000 -1.268861964393e-02
38.470000000 -1.262456008857e-02
38.480000000 -1.263156636158e-02
38.490000000 -1.255503268382e-02
38.500000000 -1.246729932395e-02
38.510000000 -1.236617917552e-02
38.520000000 -1.223331562981e-02
38.530000000 -1.205141620669e-02
38.540000000 -1.193782017838e-02
38.550000000 -1.172772721963e-02
38.560000000 -1.155970703622e-02
38.570000000 -1.136295029534e-02
38.580000000 -1.104302415376e-02
38.590000000 -1.078226107581e-02
38.600000000 -1.041559516510e-02
38.610000000 -1.010453831351e-02
38.620000000 -9.635416711658e-03
38.630000000 -9.224197277531e-03
38.640000000 -8.753254889439e-03
38.650000000 -8.247447708932e-03
38.660000000 -7.828098847418e-03
38.670000000 -7.205839598178e-03
38.680000000 -6.826424799602e-03
38.690000000 -6.101000469144e-03
38.700000000 -5.736078925054e-03
38.710000000 -5.115379907895e-03
38.720000000 -4.588036346165e-03
38.730000000 -4.063428038700e-03
38.740000000 -3.441912569758e-03
38.750000000 -2.940966974782e-03
38.760000000 -2.248282178972e-03
38.770000000 -1.663302891906e-03
38.780000000 -1.002018883573e-03
38.790000000 -3.610369692646e-04
38.800000000 2.395062546399e-04
38.810000000 9.096374632875e-04
38.820000000 1.497253298840e-03
38.830000000 2.218938407839e-03
38.840000000 2.750524353794e-03
38.850000000 3.372421275637e-03
38.860000000 3.880938394929e-03
38.870000000 4.469859530705e-03
38.880000000 5.005570210193e-03
38.890000000 5.550934409611e-03
38.900000000 6.123079738888e-03
38.910000000 6.574370659855e-03
38.920000000 6.973885372002e-03
38.930000000 7.455691648357e-03
38.940000000 7.848206691146e-03
38.950000000 8.224014802888e-03
38.960000000 8.606887920560e-03
38.970000000 8.941138300839e-03
38.980000000 9.191370039111e-03
38.990000000 9.451176763473e-03
39.000000000 9.646790044437e-03
39.010000000 9.908802413783e-03
39.020000000 1.013466606095e-02
39.030000000 1.036130386807e-02
39.040000000 1.056070760734e-02
39.050000000 1.071533748668e-02
39.060000000 1.086238317158e-02
39.070000000 1.099702195375e-02
39.080000000 1.116528691361e-02
39.090000000 1.121896115432e-02
39.100000000 1.138683651106e-02
39.110000000 1.140200207218e-02
39.120000000 1.155339811317e-02
39.130000000 1.159256017751e-02
39.140000000 1.166654932546e-02
39.150000000 1.165717660791e-02
39.160000000 1.173539034027e-02
39.170000000 1.178755397957e-02
39.180000000 1.181590306824e-02
39.190000000 1.173867249843e-02
39.200000000 1.152867803476e-02
39.210000000 1.127142002463e-02
39.220000000 1.103262642038e-02
39.230000000 1.087085842202e-02
39.240000000 1.074322918258e-02
39.250000000 1.073314108757e-02
39.260000000 1.064714989881e-02
39.270000000 1.064941769254e-02
39.280000000 1.054316772867e-02
39.290000000 1.040909907250e-02
39.300000000 1.036517609422e-02
39.310000000 1.033840334273e-02
39.320000000 1.036636342260e-02
39.330000000 1.041209803995e-02
39.340000000 1.037663113005e-02
39.350000000 1.039631954253e-02
39.360000000 1.036871369952e-02
39.370000000 1.036669788698e-02
39.380000000 1.038394434357e-02
39.390000000 1.036295585752e-02
39.400000000 1.040523129139e-02
39.410000000 1.040221477256e-02
39.420000000 1.047241752500e-02
39.430000000 1.046719916404e-02
39.440000000 1.043176706322e-02
39.450000000 1.042719009096e-02
39.460000000 1.046939727342e-02
39.470000000 1.046571170193e-02
39.480000000 1.052239825231e-02
39.490000000 1.050362411652e-02
39.500000000 1.054666162572e-02
39.510000000 1.061353790902e-02
39.520000000 1.069976983431e-02
39.530000000 1.073654698529e-02
39.540000000 1.076880832232e-02
39.550000000 1.080160546238e-02
39.560000000 1.082222367927e-02
39.570000000 1.084396313722e-02
39.580000000 1.083963748460e-02
39.590000000 1.083115557898e-02
39.600000000 1.077654564895e-02
39.610000000 1.074010661568e-02
39.620000000 1.062420173503e-02
39.630000000 1.047527778994e-02
39.640000000 1.035591959935e-02
39.650000000 1.022733750494e-02
39.660000000 1.013444788285e-02
39.670000000 9.986042854897e-03
39.680000000 9.722985529934e-03
39.690000000 9.481356319407e-03
39.700000000 9.176159445305e-03
39.710000000 8.909307348351e-03
39.720000000 8.608850902536e-03
39.730000000 8.292323873099e-03
39.740000000 7.947824835126e-03
39.750000000 7.604677224042e-03
39.760000000 7.308231497971e-03
39.770000000 6.974271949417e-03
39.780000000 6.630279507072e-03
39.790000000 6.245664128935e-03
39.800000000 5.819303693050e-03
39.810000000 5.359458036215e-03
39.820000000 4.844601399137e-03
39.830000000 4.339900728053e-03
39.840000000 3.891561102453e-03
39.850000000 3.519031660075e-03
39.860000000 3.130130767224e-03
39.870000000 2.781375787457e-03
39.880000000 2.363126962909e-03
39.890000000 2.037485593838e-03
39.900000000 1.655727071313e-03
39.910000000 1.263897786406e-03
39.920000000 8.003311841449e-04
39.930000000 4.218556230768e-04
39.940000000 -1.766590718658e-05
39.950000000 -3.049780250281e-04
39.960000000 -6.368581935198e-04
39.970000000 -8.675655567627e-04
39.980000000 -1.132439365718e-03
39.990000000 -1.274786457682e-03
40.000000000 -1.545954233758e-03
40.010000000 -1.805683110019e-03
40.020000000 -2.067101447395e-03
40.030000000 -2.298545431805e-03
40.040000000 -2.486847273058e-03
40.050000000 -2.630481919211e-03
40.060000000 -2.775245894478e-03
40.070000000 -2.880281270097e-03
40.080000000 -2.910182559364e-03
40.090000000 -2.939785287491e-03
40.100000000 -2.904919065123e-03
40.110000000 -2.878492962155e-03
40.120000000 -2.745374452202e-03
40.130000000 -2.589333047555e-03
40.140000000 -2.447107707941e-03
40.150000000 -2.381098849416e-03
40.160000000 -2.284376105197e-03
40.170000000 -2.215368963402e-03
40.180000000 -2.223174849768e-03
40.190000000 -2.030609760335e-03
40.200000000 -1.793754046409e-03
40.210000000 -1.717716843754e-03
40.220000000 -1.608281190042e-03
40.230000000 -1.431444620432e-03
40.240000000 -1.315829979729e-03
40.250000000 -1.152429290424e-03
40.260000000 -1.121210598856e-03
40.270000000 -1.037205636824e-03
40.280000000 -9.790751203644e-04
40.290000000 -9.552711827709e-04
40.300000000 -9.020146586790e-04
40.310000000 -9.579866750632e-04
40.320000000 -8.375494695838e-04
40.330000000 -9.459041471133e-04
40.340000000 -8.811206780030e-04
40.350000000 -8.988706546722e-04
40.360000000 -8.604368322219e-04
40.370000000 -8.847379230694e-04
40.380000000 -8.742430308850e-04
40.390000000 -9.244972901145e-04
40.400000000 -1.018231770964e-03
40.410000000 -1.062802954456e-03
40.420000000 -1.323738544228e-03
40.430000000 -1.429613624521e-03
40.440000000 -1.612336046612e-03
40.450000000 -1.866688802332e-03
40.460000000 -2.083999953904e-03
40.470000000 -2.290838704922e-03
40.480000000 -2.505376514043e-03
40.490000000 -2.767183298570e-03
40.500000000 -2.954490584637e-03
40.510000000 -3.265235740008e-03
40.520000000 -3.599439446275e-03
40.530000000 -3.745119050711e-03
40.540000000 -4.051205769264e-03
40.550000000 -4.156401090925e-03
40.560000000 -4.350104970566e-03
40.570000000 -4.668578626742e-03
40.580000000 -4.770173263420e-03
40.590000000 -5.068363229958e-03
40.600000000 -5.208753709094e-03
40.610000000 -5.342585039261e-03
40.620000000 -5.607142139463e-03
40.630000000 -5.600272072247e-03
40.640000000 -5.735668832252e-03
40.650000000 -5.880602364626e-03
40.660000000 -5.967748629888e-03
40.670000000 -5.969270561554e-03
40.680000000 -6.047157942103e-03
40.690000000 -5.953318962287e-03
40.700000000 -5.915600962306e-03
40.710000000 -5.851335161882e-03
40.720000000 -5.737941847947e-03
40.730000000 -5.646151233487e-03
40.740000000 -5.515210796980e-03
40.750000000 -5.320435426233e-03
40.760000000 -5.107202381197e-03
40.770000000 -4.875576889613e-03
40.780000000 -4.646640021929e-03
40.790000000 -4.446923033590e-03
40.800000000 -4.182742618700e-03
40.810000000 -3.855895937916e-03
40.820000000 -3.484129827548e-03
40.830000000 -3.108064609451e-03
40.840000000 -2.719214279924e-03
40.850000000 -2.317304359550e-03
40.860000000 -1.846219842792e-03
40.870000000 -1.310321819107e-03
40.880000000 -7.860445547491e-04
40.890000000 -2.078596370155e-04
40.900000000 3.556319093349e-04
40.910000000 8.959049420485e-04
40.920000000 1.431516368156e-03
40.930000000 1.965687248942e-03
40.940000000 2.436805960128e-03
40.950000000 2.955189287756e-03
40.960000000 3.453234326521e-03
40.970000000 4.000913185590e-03
40.980000000 4.512011082968e-03
40.990000000 4.985182518295e-03
41.000000000 5.498721884594e-03
41.010000000 5.954687416880e-03
41.020000000 6.376407350519e-03
41.030000000 6.762436402516e-03
41.040000000 7.156357271519e-03
41.050000000 7.487463717250e-03
41.060000000 7.812453289099e-03
41.070000000 8.157237675961e-03
41.080000000 8.454624075104e-03
41.090000000 8.670724149560e-03
41.100000000 8.948839764527e-03
41.110000000 9.147448600691e-03
41.120000000 9.335817339508e-03
41.130000000 9.465368330954e-03
41.140000000 9.574604466097e-03
41.150000000 9.655157208173e-03
41.160000000 9.691814789510e-03
41.170000000 9.788266041806e-03
41.180000000 9.724130266653e-03
41.190000000 9.632468237490e-03
41.200000000 9.484090490764e-03
41.210000000 9.285338379754e-03
41.220000000 9.103122662273e-03
41.230000000 8.842144173227e-03
41.240000000 8.592237771578e-03
41.250000000 8.265071315902e-03
41.260000000 7.956683763749e-03
41.270000000 7.578729871636e-03
41.280000000 7.212375428491e-03
41.290000000 6.818140942422e-03
41.300000000 6.404825977173e-03
41.310000000 6.079432827268e-03
41.320000000 5.642588480584e-03
41.330000000 5.266963397503e-03
41.340000000 4.769338894097e-03
41.350000000 4.371053504348e-03
41.360000000 3.947477050858e-03
41.370000000 3.511334647223e-03
41.380000000 3.057217088057e-03
41.390000000 2.575082480008e-03
41.400000000 2.036651603889e-03
41.410000000 1.540508749929e-03
41.420000000 1.013916006228e-03
41.430000000 4.937915989333e-04
41.440000000 3.608441476870e-05
41.450000000 -4.335213374485e-04
41.460000000 -9.153956376639e-04
41.470000000 -1.353902199705e-03
41.480000000 -1.770769146207e-03
41.490000000 -2.169361393020e-03
41.500000000 -2.513722424741e-03
41.510000000 -2.856875404531e-03
41.520000000 -3.257170473450e-03
41.530000000 -3.649977735593e-03
41.540000000 -4.021821669256e-03
41.550000000 -4.352939575317e-03
41.560000000 -4.668392448030e-03
41.570000000 -4.996836397780e-03
41.580000000 -5.379058497716e-03
41.590000000 -5.687906416261e-03
41.600000000 -5.909250743704e-03
41.610000000 -6.102744195193e-03
41.620000000 -6.231958462294e-03
41.630000000 -6.378279662673e-03
41.640000000 -6.409575685962e-03
41.650000000 -6.620707564580e-03
41.660000000 -6.669557297370e-03
41.670000000 -6.794163260073e-03
41.680000000 -6.828747106564e-03
41.690000000 -6.760825498337e-03
41.700000000 -6.718075137796e-03
41.710000000 -6.646239096626e-03
41.720000000 -6.619374405808e-03
41.730000000 -6.607911798645e-03
41.740000000 -6.563016090874e-03
41.750000000 -6.433132994665e-03
41.760000000 -6.269622087979e-03
41.770000000 -6.179515801235e-03
41.780000000 -6.040917750750e-03
41.790000000 -5.864903197703e-03
41.800000000 -5.594458537580e-03
41.810000000 -5.283655224221e-03
41.820000000 -4.945849490348e-03
41.830000000 -4.588207264391e-03
41.840000000 -4.313826492129e-03
41.850000000 -4.066116232939e-03
41.860000000 -3.875878805761e-03
41.870000000 -3.669597547878e-03
41.880000000 -3.432725823674e-03
41.890000000 -3.203137121167e-03
41.900000000 -2.989338417433e-03
41.910000000 -2.803712833639e-03
41.920000000 -2.698800483714e-03
41.930000000 -2.527453614497e-03
41.940000000 -2.344882905787e-03
41.950000000 -2.128343539399e-03
41.960000000 -1.983561679387e-03
41.970000000 -1.771429782609e-03
41.980000000 -1.609369118803e-03
41.990000000 -1.518107417050e-03
42.000000000 -1.415546352334e-03
42.010000000 -1.320133649047e-03
42.020000000 -1.172726576247e-03
42.030000000 -1.098420978185e-03
42.040000000 -9.820773726408e-04
42.050000000 -9.148273388304e-04
42.060000000 -8.137869160286e-04
42.070000000 -7.269703803073e-04
42.080000000 -5.851512824254e-04
42.090000000 -4.522699789852e-04
42.100000000 -3.782411301646e-04
42.110000000 -3.303904699822e-04
42.120000000 -2.631482958274e-04
42.130000000 -2.103410123698e-04
42.140000000 -1.930136373497e-04
42.150000000 -1.981119806923e-04
42.160000000 -2.450763865909e-04
42.170000000 -2.332974875015e-04
42.180000000 -3.236576782422e-04
42.190000000 -3.693759759668e-04
42.200000000 -4.747650391653e-04
42.210000000 -6.563219914044e-04
42.220000000 -8.681712269853e-04
42.230000000 -1.089899566965e-03
42.240000000 -1.222817221783e-03
42.250000000 -1.412279395658e-03
42.260000000 -1.614088816244e-03
42.270000000 -1.907688544769e-03
42.280000000 -2.145386543459e-03
42.290000000 -2.515190697902e-03
42.300000000 -2.823102389936e-03
42.310000000 -3.106975935308e-03
42.320000000 -3.396618087848e-03
42.330000000 -3.704136068306e-03
42.340000000 -4.076501407805e-03
42.350000000 -4.432524183908e-03
42.360000000 -4.765802416943e-03
42.370000000 -5.068085612671e-03
42.380000000 -5.272021299476e-03
42.390000000 -5.532234124509e-03
42.400000000 -5.780498415461e-03
42.410000000 -5.967820916984e-03
42.420000000 -6.182022177892e-03
42.430000000 -6.257291711969e-03
42.440000000 -6.308236691998e-03
42.450000000 -6.402024633243e-03
42.460000000 -6.212665032205e-03
42.470000000 -6.311398965297e-03
42.480000000 -6.010527628472e-03
42.490000000 -5.847423134993e-03
42.500000000 -5.649977394192e-03
42.510000000 -5.074323709115e-03
42.520000000 -4.898358703909e-03
42.530000000 -4.329452353290e-03
42.540000000 -3.965577684863e-03
42.550000000 -3.513620672098e-03
42.560000000 -2.953503861392e-03
42.570000000 -2.347682175995e-03
42.580000000 -1.821727207324e-03
42.590000000 -1.131640409906e-03
42.600000000 -6.409154471327e-04
42.610000000 2.428448391412e-05
42.620000000 6.033463658347e-04
42.630000000 1.261109900032e-03
42.640000000 1.894229520290e-03
42.650000000 2.467424194379e-03
42.660000000 3.019747385524e-03
42.670000000 3.507376260700e-03
42.680000000 3.886113348776e-03
42.690000000 4.251202579705e-03
42.700000000 4.588729568671e-03
42.710000000 4.889623095916e-03
42.720000000 5.158289234968e-03
42.730000000 5.378841746295e-03
42.740000000 5.529102688204e-03
42.750000000 5.721596211100e-03
42.760000000 5.855844158362e-03
42.770000000 5.990490502585e-03
42.780000000 6.118435140396e-03
42.790000000 6.156355093587e-03
42.800000000 6.236082176643e-03
42.810000000 6.253516511838e-03
42.820000000 6.246173495242e-03
42.830000000 6.237186749084e-03
42.840000000 6.123939195357e-03
42.850000000 6.046093821292e-03
42.860000000 5.917501391119e-03
42.870000000 5.803487933313e-03
42.880000000 5.596735073923e-03
42.890000000 5.394388804041e-03
42.900000000 5.137662860958e-03
42.910000000 4.888373721050e-03
42.920000000 4.663903922012e-03
42.930000000 4.428533725282e-03
42.940000000 4.280810920196e-03
42.950000000 4.089138655905e-03
42.960000000 3.942094696411e-03
42.970000000 3.794658206150e-03
42.980000000 3.652593687872e-03
42.990000000 3.515774574142e-03
43.000000000 3.444507438026e-03
43.010000000 3.346495526581e-03
43.020000000 3.291439415973e-03
43.030000000 3.201583100500e-03
43.040000000 3.214099879199e-03
43.050000000 3.243339810657e-03
43.060000000 3.264940799633e-03
43.070000000 3.301405735858e-03
43.080000000 3.261714697381e-03
43.090000000 3.297020903947e-03
43.100000000 3.327804655993e-03
43.110000000 3.277151205662e-03
43.120000000 3.275453969924e-03
43.130000000 3.179659855128e-03
43.140000000 3.137259878261e-03
43.150000000 3.052042972410e-03
43.160000000 3.019635128173e-03
43.170000000 2.916920693268e-03
43.180000000 2.809795151126e-03
43.190000000 2.705372102797e-03
43.200000000 2.601336795196e-03
43.210000000 2.355869414375e-03
43.220000000 2.090661529037e-03
43.230000000 1.772430036177e-03
43.240000000 1.418450621841e-03
43.250000000 1.027981279981e-03
43.260000000 6.630529803119e-04
43.270000000 2.406432047119e-04
43.280000000 -2.059227958271e-04
43.290000000 -6.283160639406e-04
43.300000000 -1.119213352893e-03
43.310000000 -1.644506070763e-03
43.320000000 -2.112062961805e-03
43.330000000 -2.673722775675e-03
43.340000000 -3.116071065145e-03
43.350000000 -3.633515159554e-03
43.360000000 -4.172507903465e-03
43.370000000 -4.739173675095e-03
43.380000000 -5.364947762044e-03
43.390000000 -5.972329092854e-03
43.400000000 -6.724873881039e-03
43.410000000 -7.340161557789e-03
43.420000000 -8.170759920334e-03
43.430000000 -8.829912571314e-03
43.440000000 -9.542911851334e-03
43.450000000 -1.022495231095e-02
43.460000000 -1.085429389630e-02
43.470000000 -1.153193691469e-02
43.480000000 -1.212245531047e-02
43.490000000 -1.265289632022e-02
43.500000000 -1.317094499972e-02
43.510000000 -1.365113633318e-02
43.520000000 -1.415789581009e-02
43.530000000 -1.453490808496e-02
43.540000000 -1.489108526244e-02
43.550000000 -1.521464510289e-02
43.560000000 -1.545451288825e-02
43.570000000 -1.566562861395e-02
43.580000000 -1.575355378811e-02
43.590000000 -1.582497488181e-02
43.600000000 -1.586066173274e-02
43.610000000 -1.578951602149e-02
43.620000000 -1.570516517263e-02
43.630000000 -1.556412877242e-02
43.640000000 -1.536748013713e-02
43.650000000 -1.517957442334e-02
43.660000000 -1.492605420755e-02
43.670000000 -1.467126701314e-02
43.680000000 -1.435060592377e-02
43.690000000 -1.406685214418e-02
43.700000000 -1.371546499945e-02
43.710000000 -1.343376342506e-02
43.720000000 -1.306412211092e-02
43.730000000 -1.266433899814e-02
43.740000000 -1.222330839798e-02
43.750000000 -1.179324890070e-02
43.760000000 -1.132003335466e-02
43.770000000 -1.090107199325e-02
43.780000000 -1.042484220884e-02
43.790000000 -9.940865327521e-03
43.800000000 -9.510312032479e-03
43.810000000 -9.113497143461e-03
43.820000000 -8.676877601853e-03
43.830000000 -8.305496634517e-03
43.840000000 -7.933830616790e-03
43.850000000 -7.591223543041e-03
43.860000000 -7.296023937601e-03
43.870000000 -6.993923534667e-03
43.880000000 -6.768742743303e-03
43.890000000 -6.529419937304e-03
43.900000000 -6.328058656403e-03
43.910000000 -6.138808084007e-03
43.920000000 -5.921190441402e-03
43.930000000 -5.710641943615e-03
43.940000000 -5.534251778882e-03
43.950000000 -5.333223792290e-03
43.960000000 -5.165489414121e-03
43.970000000 -4.968766401314e-03
43.980000000 -4.835706240954e-03
43.990000000 -4.695343775589e-03
44.000000000 -4.623686199185e-03
44.010000000 -4.507850971868e-03
44.020000000 -4.421253448173e-03
44.030000000 -4.334165764825e-03
44.040000000 -4.300102708506e-03
44.050000000 -4.277372768128e-03
44.060000000 -4.298689584937e-03
44.070000000 -4.260992634384e-03
44.080000000 -4.214823918314e-03
44.090000000 -4.170830131007e-03
44.100000000 -4.140636843212e-03
44.110000000 -4.050226260912e-03
44.120000000 -4.024669741899e-03
44.130000000 -3.941944678250e-03
44.140000000 -3.894676867843e-03
44.150000000 -3.836682383481e-03
44.160000000 -3.814084127441e-03
44.170000000 -3.786272456292e-03
44.180000000 -3.765859473660e-03
44.190000000 -3.800830308967e-03
44.200000000 -3.710783405572e-03
44.210000000 -3.739977727193e-03
44.220000000 -3.646826902744e-03
44.230000000 -3.672475449533e-03
44.240000000 -3.679391162162e-03
44.250000000 -3.709741679925e-03
44.260000000 -3.708350859448e-03
44.270000000 -3.652651952726e-03
44.280000000 -3.656428295252e-03
44.290000000 -3.553285936301e-03
44.300000000 -3.576709285319e-03
44.310000000 -3.468007423139e-03
44.320000000 -3.447545257368e-03
44.330000000 -3.411173564554e-03
44.340000000 -3.358289419095e-03
44.350000000 -3.381307835248e-03
44.360000000 -3.332175860529e-03
44.370000000 -3.353638682595e-03
44.380000000 -3.301659882892e-03
44.390000000 -3.316904409569e-03
44.400000000 -3.233664072434e-03
44.410000000 -3.125125704905e-03
44.420000000 -3.011015685823e-03
44.430000000 -2.834870963367e-03
44.440000000 -2.890313166230e-03
44.450000000 -2.434183487442e-03
44.460000000 -2.575005791107e-03
44.470000000 -2.068980289976e-03
44.480000000 -2.037761426515e-03
44.490000000 -1.826847945033e-03
44.500000000 -1.279066571703e-03
44.510000000 -1.500465363083e-03
44.520000000 -6.808833893964e-04
44.530000000 -6.479997990486e-04
44.540000000 -1.504840647131e-04
44.550000000 3.412587636243e-04
44.560000000 6.102227111868e-04
44.570000000 1.297644377098e-03
44.580000000 1.623599578965e-03
44.590000000 2.238365176432e-03
44.600000000 2.854308447322e-03
44.610000000 3.389107674778e-03
44.620000000 4.052709178665e-03
44.630000000 4.593078030021e-03
44.640000000 5.177048420053e-03
44.650000000 5.832041546832e-03
44.660000000 6.489039975515e-03
44.670000000 7.168652281371e-03
44.680000000 7.768586226191e-03
44.690000000 8.612538767460e-03
44.700000000 8.933785112003e-03
44.710000000 9.615905666705e-03
44.720000000 1.033722268004e-02
44.730000000 1.093957579307e-02
44.740000000 1.143764676475e-02
44.750000000 1.197935743634e-02
44.760000000 1.237614528528e-02
44.770000000 1.275447454940e-02
44.780000000 1.314411444530e-02
44.790000000 1.347201737676e-02
44.800000000 1.385226461287e-02
44.810000000 1.412531947421e-02
44.820000000 1.427703262125e-02
44.830000000 1.457074544327e-02
44.840000000 1.449099300220e-02
44.850000000 1.450587106879e-02
44.860000000 1.475830444744e-02
44.870000000 1.474511463472e-02
44.880000000 1.462811076872e-02
44.890000000 1.454911817865e-02
44.900000000 1.446814109180e-02
44.910000000 1.423482972877e-02
44.920000000 1.413396176770e-02
44.930000000 1.387750331497e-02
44.940000000 1.352252421879e-02
44.950000000 1.320790470869e-02
44.960000000 1.278549896193e-02
44.970000000 1.233743501332e-02
44.980000000 1.192326318042e-02
44.990000000 1.151167202996e-02
45.000000000 1.105013992236e-02
45.010000000 1.057142678172e-02
45.020000000 1.007441617009e-02
45.030000000 9.590568188343e-03
45.040000000 9.091030103243e-03
45.050000000 8.592346154977e-03
45.060000000 8.120794512030e-03
45.070000000 7.619631635439e-03
45.080000000 7.115938609084e-03
45.090000000 6.668338115354e-03
45.100000000 6.140501206085e-03
45.110000000 5.737126803458e-03
45.120000000 5.172399869305e-03
45.130000000 4.829752877285e-03
45.140000000 4.327444542336e-03
45.150000000 3.904004637710e-03
45.160000000 3.531341821766e-03
45.170000000 3.171246114490e-03
45.180000000 2.856437640123e-03
45.190000000 2.467077762826e-03
45.200000000 2.176202993052e-03
45.210000000 1.780402817820e-03
45.220000000 1.525941176388e-03
45.230000000 1.193168191867e-03
45.240000000 9.465661933221e-04
45.250000000 6.757801640411e-04
45.260000000 3.998757219383e-04
45.270000000 1.301264873797e-04
45.280000000 -1.056481911101e-04
45.290000000 -2.112362026198e-04
45.300000000 -3.291112320406e-04
45.310000000 -4.649312435320e-04
45.320000000 -6.369163686216e-04
45.330000000 -8.050195495670e-04
45.340000000 -1.004883974915e-03
45.350000000 -1.110367970697e-03
45.360000000 -1.270269190428e-03
45.370000000 -1.471814885825e-03
45.380000000 -1.611033247922e-03
45.390000000 -1.817522475310e-03
45.400000000 -1.999125480308e-03
45.410000000 -2.201839131119e-03
45.420000000 -2.216888564039e-03
45.430000000 -2.324619038340e-03
45.440000000 -2.421844943408e-03
45.450000000 -2.450082264226e-03
45.460000000 -2.624386186246e-03
45.470000000 -2.736367212134e-03
45.480000000 -2.881038990077e-03
45.490000000 -3.043459292999e-03
45.500000000 -3.320750522802e-03
45.510000000 -3.549674307030e-03
45.520000000 -3.805011603010e-03
45.530000000 -3.978762110026e-03
45.540000000 -4.150311377487e-03
45.550000000 -4.211900913783e-03
45.560000000 -4.356676054081e-03
45.570000000 -4.428365403149e-03
45.580000000 -4.500228206448e-03
45.590000000 -4.557956630337e-03
45.600000000 -4.570003435394e-03
45.610000000 -4.577234736162e-03
45.620000000 -4.501035338019e-03
45.630000000 -4.467267224299e-03
45.640000000 -4.290345521733e-03
45.650000000 -4.164904420187e-03
45.660000000 -3.928690193221e-03
45.670000000 -3.660950627509e-03
45.680000000 -3.388058532371e-03
45.690000000 -3.163390742012e-03
45.700000000 -2.875010403085e-03
45.710000000 -2.662651747704e-03
45.720000000 -2.342881241837e-03
45.730000000 -1.999315934805e-03
45.740000000 -1.639843598279e-03
45.750000000 -1.244298072114e-03
45.760000000 -9.130119341801e-04
45.770000000 -4.960602844085e-04
45.780000000 -1.375129655128e-04
45.790000000 2.465224096826e-04
45.800000000 6.317786010047e-04
45.810000000 1.005555039571e-03
45.820000000 1.315107811825e-03
45.830000000 1.664170999529e-03
45.840000000 1.978594585422e-03
45.850000000 2.233448751964e-03
45.860000000 2.513199812895e-03
45.870000000 2.714191180816e-03
45.880000000 2.943884024833e-03
45.890000000 3.142162679683e-03
45.900000000 3.204248307633e-03
45.910000000 3.516969512377e-03
45.920000000 3.522265268085e-03
45.930000000 3.664373598105e-03
45.940000000 3.685662426857e-03
45.950000000 3.707759522770e-03
45.960000000 3.648712385589e-03
45.970000000 3.619469664224e-03
45.980000000 3.542601738414e-03
45.990000000 3.524563374549e-03
46.000000000 3.437968865354e-03
46.010000000 3.365101136924e-03
46.020000000 3.228168198988e-03
46.030000000 3.163206446046e-03
46.040000000 3.049073078087e-03
46.050000000 2.903043034161e-03
46.060000000 2.727451160946e-03
46.070000000 2.557605129965e-03
46.080000000 2.384360337615e-03
46.090000000 2.175780989478e-03
46.100000000 1.950248128388e-03
46.110000000 1.802397234196e-03
46.120000000 1.423314995755e-03
46.130000000 1.250559388984e-03
46.140000000 9.349330448098e-04
46.150000000 7.045576136526e-04
46.160000000 5.557783695238e-04
46.170000000 3.142815757744e-04
46.180000000 1.323085222757e-04
46.190000000 -2.053223802496e-04
46.200000000 -3.497686983221e-04
46.210000000 -5.434077630280e-04
46.220000000 -7.068562215800e-04
46.230000000 -8.776799428992e-04
46.240000000 -1.098827549387e-03
46.250000000 -1.358293796615e-03
46.260000000 -1.540745915048e-03
46.270000000 -1.672197095179e-03
46.280000000 -1.778112023744e-03
46.290000000 -1.817537518261e-03
46.300000000 -2.030769599646e-03
46.310000000 -2.189555152224e-03
46.320000000 -2.281694910021e-03
46.330000000 -2.260947191597e-03
46.340000000 -2.235293337504e-03
46.350000000 -2.129516801705e-03
46.360000000 -2.102162909636e-03
46.370000000 -2.209727719078e-03
46.380000000 -2.290508715684e-03
46.390000000 -2.308069784179e-03
46.400000000 -2.194291394707e-03
46.410000000 -2.192080336060e-03
46.420000000 -2.235584194679e-03
46.430000000 -2.388022557557e-03
46.440000000 -2.404496683220e-03
46.450000000 -2.533923652596e-03
46.460000000 -2.473066050277e-03
46.470000000 -2.500576993437e-03
46.480000000 -2.625280600226e-03
46.490000000 -2.755938831628e-03
46.500000000 -2.996746409263e-03
46.510000000 -3.181064627818e-03
46.520000000 -3.381306560655e-03
46.530000000 -3.479962869344e-03
46.540000000 -3.741036825569e-03
46.550000000 -4.063710297765e-03
46.560000000 -4.402792072167e-03
46.570000000 -4.826134431686e-03
46.580000000 -5.079437604242e-03
46.590000000 -5.411693578624e-03
46.600000000 -5.625876264289e-03
46.610000000 -5.952577479711e-03
46.620000000 -6.278718766685e-03
46.630000000 -6.687909591809e-03
46.640000000 -7.005522518070e-03
46.650000000 -7.292944532266e-03
46.660000000 -7.598900791729e-03
46.670000000 -7.829798404726e-03
46.680000000 -8.107340260776e-03
46.690000000 -8.363841633862e-03
46.700000000 -8.515947129924e-03
46.710000000 -8.729315646102e-03
46.720000000 -8.864796981840e-03
46.730000000 -9.048566262003e-03
46.740000000 -9.240635591437e-03
46.750000000 -9.341812890211e-03
46.760000000 -9.536731731823e-03
46.770000000 -9.526443309794e-03
46.780000000 -9.596993374712e-03
46.790000000 -9.622126358108e-03
46.800000000 -9.623050748140e-03
46.810000000 -9.585571172255e-03
46.820000000 -9.536477931094e-03
46.830000000 -9.370315529526e-03
46.840000000 -9.194360988948e-03
46.850000000 -8.929959412585e-03
46.860000000 -8.656985499171e-03
46.870000000 -8.400455881346e-03
46.880000000 -8.047390219557e-03
46.890000000 -7.693052927593e-03
46.900000000 -7.276394438753e-03
46.910000000 -6.895810993320e-03
46.920000000 -6.493923223438e-03
46.930000000 -6.118148316696e-03
46.940000000 -5.647907063430e-03
46.950000000 -5.278297093536e-03
46.960000000 -4.750065310232e-03
46.970000000 -4.312676515653e-03
46.980000000 -3.796417992930e-03
46.990000000 -3.280877261122e-03
47.000000000 -2.796654095187e-03
47.010000000 -2.290630499945e-03
47.020000000 -1.850866574370e-03
47.030000000 -1.343419750961e-03
47.040000000 -9.151723918920e-04
47.050000000 -4.289997226573e-04
47.060000000 -3.778315504574e-05
47.070000000 3.479931294436e-04
47.080000000 6.993528957173e-04
47.090000000 1.065928429070e-03
47.100000000 1.351088859165e-03
47.110000000 1.689535352875e-03
47.120000000 1.861022896715e-03
47.130000000 2.141999684553e-03
47.140000000 2.352017470287e-03
47.150000000 2.555590843124e-03
47.160000000 2.687376083944e-03
47.170000000 2.854806632054e-03
47.180000000 2.970364706278e-03
47.190000000 3.037813410765e-03
47.200000000 3.092413338908e-03
47.210000000 3.138865078896e-03
47.220000000 3.112105089698e-03
47.230000000 3.011480889977e-03
47.240000000 2.921082640985e-03
47.250000000 2.672877613415e-03
47.260000000 2.373795310635e-03
47.270000000 2.108561616020e-03
47.280000000 1.899445252630e-03
47.290000000 1.691402464642e-03
47.300000000 1.575087508385e-03
47.310000000 1.373868566311e-03
47.320000000 1.259663716719e-03
47.330000000 1.122497465892e-03
47.340000000 9.858205719482e-04
47.350000000 8.527197086459e-04
47.360000000 7.974962856811e-04
47.370000000 6.815601404784e-04
47.380000000 6.074579022236e-04
47.390000000 5.083843453875e-04
47.400000000 4.687219129477e-04
47.410000000 3.125748955281e-04
47.420000000 3.177131029592e-04
47.430000000 2.808167344639e-04
47.440000000 3.121216885997e-04
47.450000000 3.097549187880e-04
47.460000000 4.025446037456e-04
47.470000000 4.857791655972e-04
47.480000000 6.463283461683e-04
47.490000000 8.043786350303e-04
47.500000000 1.007814070732e-03
47.510000000 1.197721531359e-03
47.520000000 1.400151212662e-03
47.530000000 1.662274702540e-03
47.540000000 1.889242352768e-03
47.550000000 2.085698347537e-03
47.560000000 2.337993985675e-03
47.570000000 2.570287141931e-03
47.580000000 2.885870909457e-03
47.590000000 3.181670426724e-03
47.600000000 3.420502156633e-03
47.610000000 3.749534406399e-03
47.620000000 3.964200260376e-03
47.630000000 4.318717235340e-03
47.640000000 4.492943977341e-03
47.650000000 4.784016406390e-03
47.660000000 4.987298936851e-03
47.670000000 5.245226631385e-03
47.680000000 5.491547979458e-03
47.690000000 5.673922850759e-03
47.700000000 5.887664683377e-03
47.710000000 6.053620005364e-03
47.720000000 6.226765946773e-03
47.730000000 6.358620026690e-03
47.740000000 6.515003696038e-03
47.750000000 6.626792121184e-03
47.760000000 6.753630316540e-03
47.770000000 6.855133392657e-03
47.780000000 6.987741271826e-03
47.790000000 7.063833120235e-03
47.800000000 7.121338369593e-03
47.810000000 7.204952107378e-03
47.820000000 7.255657615735e-03
47.830000000 7.345056756488e-03
47.840000000 7.399273415530e-03
47.850000000 7.414652418566e-03
47.860000000 7.482987335829e-03
47.870000000 7.466843519017e-03
47.880000000 7.465033519660e-03
47.890000000 7.405659308592e-03
47.900000000 7.353515453690e-03
47.910000000 7.282395318221e-03
47.920000000 7.219309992203e-03
47.930000000 7.161114523274e-03
47.940000000 7.112791342734e-03
47.950000000 7.065396571467e-03
47.960000000 7.046828372752e-03
47.970000000 7.021241418868e-03
47.980000000 7.009764623106e-03
47.990000000 6.945955653862e-03
48.000000000 6.926540435705e-03
48.010000000 6.833188519759e-03
48.020000000 6.767379813062e-03
48.030000000 6.665901569823e-03
48.040000000 6.462682869869e-03
48.050000000 6.319507497279e-03
48.060000000 6.137278381904e-03
48.070000000 5.961087662391e-03
48.080000000 5.765034524951e-03
48.090000000 5.545819475661e-03
48.100000000 5.297136042978e-03
48.110000000 5.079509702037e-03
48.120000000 4.831888853701e-03
48.130000000 4.566755745244e-03
48.140000000 4.253495959904e-03
48.150000000 3.993672732020e-03
48.160000000 3.738273240145e-03
48.170000000 3.467283362386e-03
48.180000000 3.172262917077e-03
48.190000000 2.874767402039e-03
48.200000000 2.610984812786e-03
48.210000000 2.296594041474e-03
48.220000000 2.024989345090e-03
48.230000000 1.706308844089e-03
48.240000000 1.417478282707e-03
48.250000000 1.188164405737e-03
48.260000000 9.804465770422e-04
48.270000000 8.043538979063e-04
48.280000000 6.185370148166e-04
48.290000000 5.263521948574e-04
48.300000000 4.489699592701e-04
48.310000000 3.674571148615e-04
48.320000000 2.892481591033e-04
48.330000000 2.272083277534e-04
48.340000000 2.170934194073e-04
48.350000000 1.879091101147e-04
48.360000000 2.734491965376e-04
48.370000000 3.253259641311e-04
48.380000000 3.891708432140e-04
48.390000000 4.609035807344e-04
48.400000000 4.776441439801e-04
48.410000000 5.444001455956e-04
48.420000000 6.211558272061e-04
48.430000000 6.423426334699e-04
48.440000000 7.236547547780e-04
48.450000000 7.555501394316e-04
48.460000000 8.090756557346e-04
48.470000000 8.746775520402e-04
48.480000000 8.968944527311e-04
48.490000000 1.014172003640e-03
48.500000000 1.061060416315e-03
48.510000000 1.170657599230e-03
48.520000000 1.075666324629e-03
48.530000000 1.098079019725e-03
48.540000000 1.041584100326e-03
48.550000000 9.910157550438e-04
48.560000000 8.999792704366e-04
48.570000000 6.913315503739e-04
48.580000000 5.404346946252e-04
48.590000000 3.910432153937e-04
48.600000000 2.230250227922e-04
48.610000000 9.914408003129e-05
48.620000000 -6.288856199820e-05
48.630000000 -2.255996667278e-04
48.640000000 -3.489696832828e-04
48.650000000 -5.663537841243e-04
48.660000000 -7.068525783665e-04
48.670000000 -8.726343383979e-04
48.680000000 -1.082884222373e-03
48.690000000 -1.172101889361e-03
48.700000000 -1.332795486711e-03
48.710000000 -1.422246316742e-03
48.720000000 -1.557362957543e-03
48.730000000 -1.638543458168e-03
48.740000000 -1.716824892822e-03
48.750000000 -1.764362554444e-03
48.760000000 -1.840455532398e-03
48.770000000 -1.902883608987e-03
48.780000000 -1.849359576853e-03
48.790000000 -1.857144758490e-03
48.800000000 -1.708470696836e-03
48.810000000 -1.673776934234e-03
48.820000000 -1.568090929008e-03
48.830000000 -1.446509464566e-03
48.840000000 -1.312064027067e-03
48.850000000 -1.214885885354e-03
48.860000000 -1.038370514017e-03
48.870000000 -8.539619479872e-04
48.880000000 -7.182585763980e-04
48.890000000 -5.009770500811e-04
48.900000000 -2.417514888070e-04
48.910000000 -8.803076988327e-05
48.920000000 1.275112549596e-04
48.930000000 3.713807090777e-04
48.940000000 6.001789611446e-04
48.950000000 9.333830164563e-04
48.960000000 1.167941300881e-03
48.970000000 1.498649016129e-03
48.980000000 1.802273594802e-03
48.990000000 2.128726311115e-03
49.000000000 2.438117554700e-03
49.010000000 2.748912608878e-03
49.020000000 3.093796810956e-03
49.030000000 3.442578463473e-03
49.040000000 3.813347747409e-03
49.050000000 4.154120714263e-03
49.060000000 4.536273364720e-03
49.070000000 4.864800387294e-03
49.080000000 5.228354720778e-03
49.090000000 5.618317966483e-03
49.100000000 5.943194579948e-03
49.110000000 6.261100967176e-03
49.120000000 6.622459528001e-03
49.130000000 6.871333033124e-03
49.140000000 7.131157309171e-03
49.150000000 7.381442875583e-03
49.160000000 7.476011974472e-03
49.170000000 7.652003122959e-03
49.180000000 7.735048259020e-03
49.190000000 7.818625572221e-03
49.200000000 7.807051471451e-03
49.210000000 7.761484479870e-03
49.220000000 7.773819457450e-03
49.230000000 7.592829893183e-03
49.240000000 7.519215752190e-03
49.250000000 7.326293300048e-03
49.260000000 7.107820829000e-03
49.270000000 6.959814209871e-03
49.280000000 6.731050670350e-03
49.290000000 6.506381465499e-03
49.300000000 6.130746983217e-03
49.310000000 5.803853283026e-03
49.320000000 5.395775868431e-03
49.330000000 5.005087867068e-03
49.340000000 4.522368438413e-03
49.350000000 3.993793498021e-03
49.360000000 3.580666199929e-03
49.370000000 2.969820909576e-03
49.380000000 2.492739380754e-03
49.390000000 1.915305978995e-03
49.400000000 1.305362083400e-03
49.410000000 7.547659255582e-04
49.420000000 1.520114340600e-04
49.430000000 -4.844621938317e-04
49.440000000 -9.669826786817e-04
49.450000000 -1.605630000030e-03
49.460000000 -2.229187345910e-03
49.470000000 -2.684851428436e-03
49.480000000 -3.309802367315e-03
49.490000000 -3.848410509502e-03
49.500000000 -4.463245352658e-03
49.510000000 -4.955877158143e-03
49.520000000 -5.465429238080e-03
49.530000000 -6.046825263689e-03
49.540000000 -6.405325330507e-03
49.550000000 -7.045737732650e-03
49.560000000 -7.479384124140e-03
49.570000000 -7.905391466708e-03
49.580000000 -8.247980348225e-03
49.590000000 -8.843952131023e-03
49.600000000 -9.092996411843e-03
49.610000000 -9.452127691062e-03
49.620000000 -9.805251235735e-03
49.630000000 -1.007958616441e-02
49.640000000 -1.047655316035e-02
49.650000000 -1.066993582474e-02
49.660000000 -1.100325282772e-02
49.670000000 -1.115259482579e-02
49.680000000 -1.153207157156e-02
49.690000000 -1.164130447673e-02
49.700000000 -1.186135515419e-02
49.710000000 -1.210394466029e-02
49.720000000 -1.224137377131e-02
49.730000000 -1.238149084849e-02
49.740000000 -1.260932428054e-02
49.750000000 -1.262682591786e-02
49.760000000 -1.289148779727e-02
49.770000000 -1.281015950334e-02
49.780000000 -1.290819277659e-02
49.790000000 -1.293453499201e-02
49.800000000 -1.311272177886e-02
49.810000000 -1.313549094873e-02
49.820000000 -1.321753680096e-02
49.830000000 -1.326565379232e-02
49.840000000 -1.334068409125e-02
49.850000000 -1.339626046861e-02
49.860000000 -1.347080949062e-02
49.870000000 -1.352735133922e-02
49.880000000 -1.358860719905e-02
49.890000000 -1.364498186278e-02
49.900000000 -1.365953514775e-02
49.910000000 -1.366639117569e-02
49.920000000 -1.366409251010e-02
49.930000000 -1.365452000562e-02
49.940000000 -1.363231807528e-02
49.950000000 -1.355976473622e-02
49.960000000 -1.352236464261e-02
49.970000000 -1.346963160528e-02
49.980000000 -1.336105764740e-02
49.990000000 -1.332820770266e-02
50.000000000 -1.319624343721e-02
50.010000000 -1.310180825552e-02
50.020000000 -1.301422079444e-02
50.030000000 -1.293181747081e-02
50.040000000 -1.278437583941e-02
50.050000000 -1.268129617773e-02
50.060000000 -1.246492443742e-02
50.070000000 -1.216890375461e-02
50.080000000 -1.235861003187e-02
50.090000000 -1.158702450974e-02
50.100000000 -1.177149176646e-02
50.110000000 -1.128077259531e-02
50.120000000 -1.114217081180e-02
50.130000000 -1.077545404610e-02
50.140000000 -1.059901294158e-02
50.150000000 -1.024524226280e-02
50.160000000 -9.951279023914e-03
50.170000000 -9.557015771507e-03
50.180000000 -9.209590475596e-03
50.190000000 -8.820299925999e-03
50.200000000 -8.385526873935e-03
50.210000000 -7.991241743122e-03
50.220000000 -7.553284557695e-03
50.230000000 -7.117677057009e-03
50.240000000 -6.691791280295e-03
50.250000000 -6.179563754350e-03
50.260000000 -5.853198615217e-03
50.270000000 -5.386778924842e-03
50.280000000 -4.989239738790e-03
50.290000000 -4.588406151563e-03
50.300000000 -4.073225153412e-03
50.310000000 -3.736996881678e-03
50.320000000 -3.274006193752e-03
50.330000000 -2.848091164001e-03
50.340000000 -2.416638193932e-03
50.350000000 -1.929316459378e-03
50.360000000 -1.448381344738e-03
50.370000000 -1.075651580581e-03
50.380000000 -5.706805035379e-04
50.390000000 -1.291243442269e-04
50.400000000 2.928169677991e-04
50.410000000 8.159366431272e-04
50.420000000 1.208643879532e-03
50.430000000 1.756347790257e-03
50.440000000 2.223083978260e-03
50.450000000 2.659257681856e-03
50.460000000 3.167535144663e-03
50.470000000 3.613682930208e-03
50.480000000 4.112937863426e-03
50.490000000 4.635999720195e-03
50.500000000 5.113741955570e-03
50.510000000 5.582898583648e-03
50.520000000 6.081000922010e-03
50.530000000 6.563611850234e-03
50.540000000 7.062512642262e-03
50.550000000 7.573633906215e-03
50.560000000 8.017514988467e-03
50.570000000 8.560515279373e-03
50.580000000 9.036876700792e-03
50.590000000 9.462487172601e-03
50.600000000 9.932287522058e-03
50.610000000 1.033660984033e-02
50.620000000 1.078248320411e-02
50.630000000 1.123528254552e-02
50.640000000 1.164517357718e-02
50.650000000 1.200756498926e-02
50.660000000 1.240045773217e-02
50.670000000 1.267402408755e-02
50.680000000 1.305158924465e-02
50.690000000 1.329493353850e-02
50.700000000 1.364681630559e-02
50.710000000 1.390016532830e-02
50.720000000 1.414048719576e-02
50.730000000 1.453012261304e-02
50.740000000 1.473277269845e-02
50.750000000 1.511032085140e-02
50.760000000 1.531374394486e-02
50.770000000 1.562218137903e-02
50.780000000 1.588610239579e-02
50.790000000 1.616719966629e-02
50.800000000 1.633271265608e-02
50.810000000 1.655331429122e-02
50.820000000 1.672432901174e-02
50.830000000 1.689677079548e-02
50.840000000 1.710720612386e-02
50.850000000 1.731747957029e-02
50.860000000 1.747476274970e-02
50.870000000 1.752318620058e-02
50.880000000 1.762179345232e-02
50.890000000 1.767888218655e-02
50.900000000 1.771359948167e-02
50.910000000 1.770114197002e-02
50.920000000 1.770056428877e-02
50.930000000 1.772788069258e-02
50.940000000 1.764837157072e-02
50.950000000 1.754399294795e-02
50.960000000 1.745502819208e-02
50.970000000 1.735088757704e-02
50.980000000 1.723300505840e-02
50.990000000 1.706931073863e-02
51.000000000 1.688491935209e-02
51.010000000 1.664770521656e-02
51.020000000 1.641597200625e-02
51.030000000 1.607558103429e-02
51.040000000 1.572754637146e-02
51.050000000 1.514070178874e-02
51.060000000 1.498732692109e-02
51.070000000 1.455371166263e-02
51.080000000 1.393387058205e-02
51.090000000 1.359014328434e-02
51.100000000 1.317219447319e-02
51.110000000 1.253991191101e-02
51.120000000 1.196446411571e-02
51.130000000 1.151752806786e-02
51.140000000 1.089249173215e-02
51.150000000 1.044108783450e-02
51.160000000 9.816570021973e-03
51.170000000 9.303571644993e-03
51.180000000 8.653014459060e-03
51.190000000 8.122087725333e-03
51.200000000 7.506195567083e-03
51.210000000 6.934943412488e-03
51.220000000 6.353717490235e-03
51.230000000 5.793330923174e-03
51.240000000 5.227798744148e-03
51.250000000 4.641560424959e-03
51.260000000 4.027633197072e-03
51.270000000 3.391316694018e-03
51.280000000 2.856995251322e-03
51.290000000 2.290662005486e-03
51.300000000 1.786040021912e-03
51.310000000 1.283517883320e-03
51.320000000 8.408211672886e-04
51.330000000 3.681885908873e-04
51.340000000 -5.331530483698e-05
51.350000000 -5.181231302466e-04
51.360000000 -8.988744733761e-04
51.370000000 -1.362230368268e-03
51.380000000 -1.852995873024e-03
51.390000000 -2.346572400851e-03
51.400000000 -2.795608124874e-03
51.410000000 -3.210482150294e-03
51.420000000 -3.601711252404e-03
51.430000000 -4.016614885969e-03
51.440000000 -4.326047900213e-03
51.450000000 -4.677143794307e-03
51.460000000 -5.042807467149e-03
51.470000000 -5.305476157979e-03
51.480000000 -5.616716379439e-03
51.490000000 -5.885997722154e-03
51.500000000 -6.143324484022e-03
51.510000000 -6.401951205612e-03
51.520000000 -6.564843501409e-03
51.530000000 -6.827997647805e-03
51.540000000 -7.060568454015e-03
51.550000000 -7.310498106645e-03
51.560000000 -7.500736856639e-03
51.570000000 -7.786080669666e-03
51.580000000 -8.041952075343e-03
51.590000000 -8.265644897827e-03
51.600000000 -8.451419728878e-03
51.610000000 -8.694018040481e-03
51.620000000 -8.907871304914e-03
51.630000000 -9.114854313805e-03
51.640000000 -9.341930529494e-03
51.650000000 -9.562981115847e-03
51.660000000 -9.762477721309e-03
51.670000000 -9.977618607603e-03
51.680000000 -1.026412487918e-02
51.690000000 -1.038648234882e-02
51.700000000 -1.061077490345e-02
51.710000000 -1.077148436022e-02
51.720000000 -1.087585663477e-02
51.730000000 -1.107501927247e-02
51.740000000 -1.117997241301e-02
51.750000000 -1.129163438906e-02
51.760000000 -1.141202326765e-02
51.770000000 -1.153460905558e-02
51.780000000 -1.156163635352e-02
51.790000000 -1.162117723454e-02
51.800000000 -1.154604790571e-02
51.810000000 -1.153730741562e-02
51.820000000 -1.145476336525e-02
51.830000000 -1.141011090267e-02
51.840000000 -1.126349352852e-02
51.850000000 -1.131342054381e-02
51.860000000 -1.118746106211e-02
51.870000000 -1.108453538740e-02
51.880000000 -1.105336132368e-02
51.890000000 -1.088237847526e-02
51.900000000 -1.073082280754e-02
51.910000000 -1.060412936517e-02
51.920000000 -1.040932841566e-02
51.930000000 -1.026336461117e-02
51.940000000 -1.007197107961e-02
51.950000000 -9.815890068915e-03
51.960000000 -9.571490946603e-03
51.970000000 -9.395299010423e-03
51.980000000 -9.189352770717e-03
51.990000000 -8.970404059607e-03
52.000000000 -8.751307799819e-03
52.010000000 -8.615999607906e-03
52.020000000 -8.239497989348e-03
52.030000000 -8.203608830602e-03
52.040000000 -7.847662381259e-03
52.050000000 -7.678828026546e-03
52.060000000 -7.403082188929e-03
52.070000000 -7.201843396640e-03
52.080000000 -6.972580809286e-03
52.090000000 -6.712745469378e-03
52.100000000 -6.488970444690e-03
52.110000000 -6.326756647376e-03
52.120000000 -6.179705556385e-03
52.130000000 -5.930403383351e-03
52.140000000 -5.813811065298e-03
52.150000000 -5.621047047609e-03
52.160000000 -5.340700500943e-03
52.170000000 -5.162500261741e-03
52.180000000 -4.935499793703e-03
52.190000000 -4.652176976083e-03
52.200000000 -4.458532056851e-03
52.210000000 -4.234810890619e-03
52.220000000 -4.023529799490e-03
52.230000000 -3.855745085597e-03
52.240000000 -3.626984041586e-03
52.250000000 -3.411188783276e-03
52.260000000 -3.292155489263e-03
52.270000000 -3.100686832570e-03
52.280000000 -2.905842394760e-03
52.290000000 -2.681894926878e-03
52.300000000 -2.545591151168e-03
52.310000000 -2.403269070954e-03
52.320000000 -2.229265436431e-03
52.330000000 -2.116713179530e-03
52.340000000 -1.919710070466e-03
52.350000000 -1.784129913582e-03
52.360000000 -1.620388408642e-03
52.370000000 -1.482131529474e-03
52.380000000 -1.364232857046e-03
52.390000000 -1.183712751586e-03
52.400000000 -1.055109825673e-03
52.410000000 -9.465971355466e-04
52.420000000 -8.011295922929e-04
52.430000000 -7.042944338685e-04
52.440000000 -6.456465873050e-04
52.450000000 -5.337761204777e-04
52.460000000 -4.823659510141e-04
52.470000000 -3.573417224129e-04
52.480000000 -3.046400952608e-04
52.490000000 -1.452849695078e-04
52.500000000 -1.035348719573e-04
52.510000000 -3.944892487089e-05
52.520000000 6.138891284552e-05
52.530000000 1.602081387278e-04
52.540000000 2.531903772843e-04
52.550000000 3.247060339353e-04
52.560000000 3.714103622549e-04
52.570000000 4.439461954991e-04
52.580000000 5.507701762232e-04
52.590000000 6.243394355557e-04
52.600000000 6.743714036157e-04
52.610000000 7.731177481830e-04
52.620000000 8.331323011579e-04
52.630000000 9.410638137580e-04
52.640000000 1.009188675612e-03
52.650000000 1.107525795743e-03
52.660000000 1.154139737826e-03
52.670000000 1.247218059583e-03
52.680000000 1.329915608929e-03
52.690000000 1.424526331940e-03
52.700000000 1.504445485429e-03
52.710000000 1.566842540019e-03
52.720000000 1.745823555374e-03
52.730000000 1.872578731919e-03
52.740000000 2.006192483617e-03
52.750000000 2.139298269307e-03
52.760000000 2.271600555724e-03
52.770000000 2.485249723572e-03
52.780000000 2.662769150985e-03
52.790000000 2.823810132086e-03
52.800000000 3.025305148627e-03
52.810000000 3.156591782722e-03
52.820000000 3.409712331981e-03
52.830000000 3.513039132463e-03
52.840000000 3.773051735497e-03
52.850000000 3.906994566942e-03
52.860000000 4.146979805714e-03
52.870000000 4.285230188117e-03
52.880000000 4.526370796296e-03
52.890000000 4.661883722932e-03
52.900000000 4.873663292301e-03
52.910000000 4.990647558572e-03
52.920000000 5.159710021133e-03
52.930000000 5.336757515406e-03
52.940000000 5.447623608438e-03
52.950000000 5.575877717311e-03
52.960000000 5.760077303485e-03
52.970000000 5.878021513038e-03
52.980000000 6.013033627335e-03
52.990000000 6.108762994060e-03
53.000000000 6.193901351481e-03
53.010000000 6.264962113802e-03
53.020000000 6.324635452943e-03
53.030000000 6.380004651710e-03
53.040000000 6.409361368789e-03
53.050000000 6.479419254267e-03
53.060000000 6.459782610736e-03
53.070000000 6.549569018730e-03
53.080000000 6.525414599294e-03
53.090000000 6.576902065945e-03
53.100000000 6.507718740118e-03
53.110000000 6.551375860989e-03
53.120000000 6.540729107506e-03
53.130000000 6.523985550839e-03
53.140000000 6.531646310252e-03
53.150000000 6.532499526574e-03
53.160000000 6.577397588884e-03
53.170000000 6.582927505434e-03
53.180000000 6.651792006676e-03
53.190000000 6.656275602324e-03
53.200000000 6.693999829389e-03
53.210000000 6.742547044107e-03
53.220000000 6.732257058028e-03
53.230000000 6.693927161555e-03
53.240000000 6.700157065949e-03
53.250000000 6.673119062741e-03
53.260000000 6.777935907370e-03
53.270000000 6.886587040671e-03
53.280000000 7.003002155666e-03
53.290000000 7.139174714138e-03
53.300000000 7.274929800039e-03
53.310000000 7.363061704010e-03
53.320000000 7.501488597842e-03
53.330000000 7.623235429402e-03
53.340000000 7.799360616877e-03
53.350000000 7.908611905541e-03
53.360000000 8.111306765669e-03
53.370000000 8.331804336270e-03
53.380000000 8.522758910587e-03
53.390000000 8.738201230991e-03
53.400000000 8.984775535160e-03
53.410000000 9.165539634376e-03
53.420000000 9.329126596890e-03
53.430000000 9.476020376012e-03
53.440000000 9.643132265078e-03
53.450000000 9.800032497441e-03
53.460000000 9.999440199938e-03
53.470000000 1.018191377365e-02
53.480000000 1.038722159309e-02
53.490000000 1.057311399674e-02
53.500000000 1.076760381406e-02
53.510000000 1.090224934792e-02
53.520000000 1.101530858547e-02
53.530000000 1.113513084750e-02
53.540000000 1.119345996217e-02
53.550000000 1.127122015642e-02
53.560000000 1.133496264013e-02
53.570000000 1.137806532708e-02
53.580000000 1.141495936208e-02
53.590000000 1.152558695991e-02
53.600000000 1.161084899778e-02
53.610000000 1.177527915197e-02
53.620000000 1.189795876044e-02
53.630000000 1.201755105546e-02
53.640000000 1.210403158018e-02
53.650000000 1.213766797462e-02
53.660000000 1.214376953938e-02
53.670000000 1.212613813605e-02
53.680000000 1.207849773399e-02
53.690000000 1.201636967806e-02
53.700000000 1.199024345427e-02
53.710000000 1.206244998237e-02
53.720000000 1.208098212552e-02
53.730000000 1.217003846366e-02
53.740000000 1.225627280997e-02
53.750000000 1.232087747183e-02
53.760000000 1.233637546175e-02
53.770000000 1.234682911021e-02
53.780000000 1.236077717104e-02
53.790000000 1.236907301561e-02
53.800000000 1.244284544490e-02
53.810000000 1.253062603677e-02
53.820000000 1.263120123853e-02
53.830000000 1.272776411365e-02
53.840000000 1.289666433927e-02
53.850000000 1.297558786666e-02
53.860000000 1.306830208112e-02
53.870000000 1.311298979478e-02
53.880000000 1.314844732253e-02
53.890000000 1.310272705543e-02
53.900000000 1.311950950091e-02
53.910000000 1.310540863477e-02
53.920000000 1.313160884384e-02
53.930000000 1.306057399444e-02
53.940000000 1.297964198723e-02
53.950000000 1.327932636084e-02
53.960000000 1.297250759264e-02
53.970000000 1.299440009689e-02
53.980000000 1.308991590703e-02
53.990000000 1.308231640461e-02
54.000000000 1.316070057259e-02
54.010000000 1.325262652361e-02
54.020000000 1.314446844367e-02
54.030000000 1.319323848790e-02
54.040000000 1.312601270811e-02
54.050000000 1.318761658661e-02
54.060000000 1.303224032159e-02
54.070000000 1.306529928098e-02
54.080000000 1.303326148159e-02
54.090000000 1.302017695158e-02
54.100000000 1.295994738784e-02
54.110000000 1.284701916528e-02
54.120000000 1.267376143460e-02
54.130000000 1.271472612175e-02
54.140000000 1.250255306961e-02
54.150000000 1.238612199411e-02
54.160000000 1.239764248900e-02
54.170000000 1.208090027310e-02
54.180000000 1.165938607321e-02
54.190000000 1.167080776760e-02
54.200000000 1.137193468256e-02
54.210000000 1.131255235451e-02
54.220000000 1.123859053222e-02
54.230000000 1.070462224497e-02
54.240000000 1.063636844802e-02
54.250000000 1.013266457094e-02
54.260000000 1.007017149763e-02
54.270000000 9.558656520795e-03
54.280000000 9.458276187686e-03
54.290000000 9.195021253056e-03
54.300000000 8.841190222654e-03
54.310000000 8.526195493860e-03
54.320000000 8.118378365869e-03
54.330000000 7.901555616906e-03
54.340000000 7.696574897912e-03
54.350000000 7.385481035049e-03
54.360000000 7.120482159617e-03
54.370000000 6.834116079427e-03
54.380000000 6.620228748024e-03
54.390000000 6.199237372253e-03
54.400000000 5.979935190765e-03
54.410000000 5.558114775926e-03
54.420000000 5.334222336865e-03
54.430000000 5.081385916926e-03
54.440000000 4.723273175267e-03
54.450000000 4.487882518620e-03
54.460000000 4.217678822420e-03
54.470000000 4.035669147790e-03
54.480000000 3.715292029105e-03
54.490000000 3.538006584962e-03
54.500000000 3.252672512657e-03
54.510000000 2.957997546363e-03
54.520000000 2.620020493749e-03
54.530000000 2.247365805924e-03
54.540000000 1.854825479848e-03
54.550000000 1.419931493028e-03
54.560000000 1.054149567548e-03
54.570000000 6.433680321260e-04
54.580000000 2.635513497841e-04
54.590000000 -1.697857514854e-04
54.600000000 -5.878287091474e-04
54.610000000 -1.070623191863e-03
54.620000000 -1.375875916968e-03
54.630000000 -1.796042683295e-03
54.640000000 -2.156700399078e-03
54.650000000 -2.625529695772e-03
54.660000000 -2.996970757130e-03
54.670000000 -3.432157599941e-03
54.680000000 -3.845045988377e-03
54.690000000 -4.293265788710e-03
54.700000000 -4.639038430084e-03
54.710000000 -5.029093495347e-03
54.720000000 -5.393238813383e-03
54.730000000 -5.677021283412e-03
54.740000000 -5.954620674356e-03
54.750000000 -6.315120350550e-03
54.760000000 -6.619603943073e-03
54.770000000 -6.882041988092e-03
54.780000000 -7.153615323602e-03
54.790000000 -7.396801465891e-03
54.800000000 -7.623871975134e-03
54.810000000 -7.848729656553e-03
54.820000000 -7.975136912366e-03
54.830000000 -8.126388723413e-03
54.840000000 -8.277329633430e-03
54.850000000 -8.419280837438e-03
54.860000000 -8.516879027189e-03
54.870000000 -8.611603761675e-03
54.880000000 -8.804999094409e-03
54.890000000 -8.913853984828e-03
54.900000000 -9.101082433990e-03
54.910000000 -9.245637212103e-03
54.920000000 -9.427690818888e-03
54.930000000 -9.626107126551e-03
54.940000000 -9.820374506946e-03
54.950000000 -1.007323373151e-02
54.960000000 -1.029399730739e-02
54.970000000 -1.053352076856e-02
54.980000000 -1.086977302847e-02
54.990000000 -1.112897472936e-02
55.000000000 -1.158474087085e-02
55.010000000 -1.177324239609e-02
55.020000000 -1.210030190189e-02
55.030000000 -1.245075513814e-02
55.040000000 -1.279343245561e-02
55.050000000 -1.323797143508e-02
55.060000000 -1.351395942372e-02
55.070000000 -1.400895351231e-02
55.080000000 -1.423580753580e-02
55.090000000 -1.490098393357e-02
55.100000000 -1.516708397376e-02
55.110000000 -1.542314116259e-02
55.120000000 -1.600299034723e-02
55.130000000 -1.636815575228e-02
55.140000000 -1.681998095133e-02
55.150000000 -1.710762575126e-02
55.160000000 -1.775358764198e-02
55.170000000 -1.755354990581e-02
55.180000000 -1.863601898193e-02
55.190000000 -1.836638597006e-02
55.200000000 -1.909673625331e-02
55.210000000 -1.936916733236e-02
55.220000000 -1.956442522423e-02
55.230000000 -1.986190843815e-02
55.240000000 -1.997084866206e-02
55.250000000 -2.032016406458e-02
55.260000000 -2.012581312859e-02
55.270000000 -2.072273956616e-02
55.280000000 -2.024663650028e-02
55.290000000 -2.079888517629e-02
55.300000000 -2.035878958663e-02
55.310000000 -2.080345499938e-02
55.320000000 -2.043206734051e-02
55.330000000 -2.015263518724e-02
55.340000000 -2.027581449812e-02
55.350000000 -2.002372953112e-02
55.360000000 -1.976245357901e-02
55.370000000 -1.950908132658e-02
55.380000000 -1.947668949953e-02
55.390000000 -1.899763566065e-02
55.400000000 -1.866210737377e-02
55.410000000 -1.852583316606e-02
55.420000000 -1.768604631475e-02
55.430000000 -1.770708319280e-02
55.440000000 -1.689637448570e-02
55.450000000 -1.664228225241e-02
55.460000000 -1.608301736998e-02
55.470000000 -1.576313748567e-02
55.480000000 -1.525292453011e-02
55.490000000 -1.478798653526e-02
55.500000000 -1.433532855799e-02
55.510000000 -1.389007816774e-02
55.520000000 -1.344976561992e-02
55.530000000 -1.291548251208e-02
55.540000000 -1.250571844189e-02
55.550000000 -1.204015834361e-02
55.560000000 -1.162009270034e-02
55.570000000 -1.124104102527e-02
55.580000000 -1.074402075689e-02
55.590000000 -1.043340803782e-02
55.600000000 -9.941664063183e-03
55.610000000 -9.612233642734e-03
55.620000000 -9.330967779999e-03
55.630000000 -8.894421023956e-03
55.640000000 -8.631701009927e-03
55.650000000 -8.278129961035e-03
55.660000000 -7.970519083494e-03
55.670000000 -7.777025261507e-03
55.680000000 -7.522107007083e-03
55.690000000 -7.193739943945e-03
55.700000000 -6.995269402725e-03
55.710000000 -6.687919420576e-03
55.720000000 -6.550990577474e-03
55.730000000 -6.359485627743e-03
55.740000000 -5.966513396181e-03
55.750000000 -5.948121357700e-03
55.760000000 -5.655367446814e-03
55.770000000 -5.440240268119e-03
55.780000000 -5.173537293542e-03
55.790000000 -5.073480085661e-03
55.800000000 -4.810765813226e-03
55.810000000 -4.604933589984e-03
55.820000000 -4.378608959197e-03
55.830000000 -4.126448177223e-03
55.840000000 -3.905326471779e-03
55.850000000 -3.645753121157e-03
55.860000000 -3.448107178907e-03
55.870000000 -3.167834374848e-03
55.880000000 -2.961922385358e-03
55.890000000 -2.633068216225e-03
55.900000000 -2.355307141288e-03
55.910000000 -2.136855869632e-03
55.920000000 -1.808461571958e-03
55.930000000 -1.512966597265e-03
55.940000000 -1.175261729463e-03
55.950000000 -9.013822711941e-04
55.960000000 -5.885985962889e-04
55.970000000 -2.542599232650e-04
55.980000000 5.158698655147e-05
55.990000000 3.922649871618e-04
56.000000000 7.483140480029e-04
56.010000000 1.072938977979e-03
56.020000000 1.402479791782e-03
56.030000000 1.746598037108e-03
56.040000000 2.062250683438e-03
56.050000000 2.400915678599e-03
56.060000000 2.691933344204e-03
56.070000000 2.973261678827e-03
56.080000000 3.262601557751e-03
56.090000000 3.502477444038e-03
56.100000000 3.746273337261e-03
56.110000000 3.958576971446e-03
56.120000000 4.184179725281e-03
56.130000000 4.403265406548e-03
56.140000000 4.605336652935e-03
56.150000000 4.808445460928e-03
56.160000000 4.926699276661e-03
56.170000000 5.136115259165e-03
56.180000000 5.244322511109e-03
56.190000000 5.376217013544e-03
56.200000000 5.463846742559e-03
56.210000000 5.533732731697e-03
56.220000000 5.571257247671e-03
56.230000000 5.613009050708e-03
56.240000000 5.652434024614e-03
56.250000000 5.607959056615e-03
56.260000000 5.605906156142e-03
56.270000000 5.551479049014e-03
56.280000000 5.538632346625e-03
56.290000000 5.447113547050e-03
56.300000000 5.310156109158e-03
56.310000000 5.186844225605e-03
56.320000000 5.050542177133e-03
56.330000000 4.920740309880e-03
56.340000000 4.763214953371e-03
56.350000000 4.605996390976e-03
56.360000000 4.408967269874e-03
56.370000000 4.227002294855e-03
56.380000000 4.049913661869e-03
56.390000000 3.834764518463e-03
56.400000000 3.592733385394e-03
56.410000000 3.352891432945e-03
56.420000000 3.103335415531e-03
56.430000000 2.831126741217e-03
56.440000000 2.586892521477e-03
56.450000000 2.270492646671e-03
56.460000000 1.994026442059e-03
56.470000000 1.747177775399e-03
56.480000000 1.461541626664e-03
56.490000000 1.212316718266e-03
56.500000000 8.787444727780e-04
56.510000000 5.789364941618e-04
56.520000000 2.905670719344e-04
56.530000000 5.535931358179e-05
56.540000000 -2.504539722944e-04
56.550000000 -5.775318135234e-04
56.560000000 -8.475914555784e-04
56.570000000 -1.144328490261e-03
56.580000000 -1.418871217188e-03
56.590000000 -1.712811318537e-03
56.600000000 -2.039415320145e-03
56.610000000 -2.340485923054e-03
56.620000000 -2.654267515288e-03
56.630000000 -2.995775420883e-03
56.640000000 -3.307393072106e-03
56.650000000 -3.622975778799e-03
56.660000000 -3.936497590016e-03
56.670000000 -4.207855817648e-03
56.680000000 -4.532980082132e-03
56.690000000 -4.844624260296e-03
56.700000000 -5.181265611735e-03
56.710000000 -5.470763392726e-03
56.720000000 -5.783501895906e-03
56.730000000 -6.032769036658e-03
56.740000000 -6.334367481165e-03
56.750000000 -6.674522678137e-03
56.760000000 -6.909527259607e-03
56.770000000 -7.157320541741e-03
56.780000000 -7.433575790117e-03
56.790000000 -7.647907725022e-03
56.800000000 -7.902722591552e-03
56.810000000 -8.111501761412e-03
56.820000000 -8.307844405067e-03
56.830000000 -8.528700099451e-03
56.840000000 -8.688221382145e-03
56.850000000 -8.883001536300e-03
56.860000000 -9.031162451989e-03
56.870000000 -9.181365881465e-03
56.880000000 -9.315863207792e-03
56.890000000 -9.492500814426e-03
56.900000000 -9.578809567704e-03
56.910000000 -9.631150952810e-03
56.920000000 -9.749020899394e-03
56.930000000 -9.773477926123e-03
56.940000000 -9.839123488364e-03
56.950000000 -9.810155746335e-03
56.960000000 -9.793416525913e-03
56.970000000 -9.771769074736e-03
56.980000000 -9.717040060302e-03
56.990000000 -9.655843612239e-03
57.000000000 -9.567120230887e-03
57.010000000 -9.447212010539e-03
57.020000000 -9.310316072826e-03
57.030000000 -9.163517211963e-03
57.040000000 -9.057057074647e-03
57.050000000 -8.850293911762e-03
57.060000000 -8.674093488436e-03
57.070000000 -8.459756970513e-03
57.080000000 -8.293196241947e-03
57.090000000 -8.072225982648e-03
57.100000000 -7.832054104957e-03
57.110000000 -7.604592882940e-03
57.120000000 -7.367135124925e-03
57.130000000 -7.117530714168e-03
57.140000000 -6.881765904737e-03
57.150000000 -6.556592474907e-03
57.160000000 -6.280749147396e-03
57.170000000 -6.019109628052e-03
57.180000000 -5.718750167239e-03
57.190000000 -5.425841828094e-03
57.200000000 -5.140031414962e-03
57.210000000 -4.841983466805e-03
57.220000000 -4.564189601121e-03
57.230000000 -4.340723245926e-03
57.240000000 -4.071214998774e-03
57.250000000 -3.844733953839e-03
57.260000000 -3.614846275737e-03
57.270000000 -3.393718892731e-03
57.280000000 -3.176487430117e-03
57.290000000 -3.016382381856e-03
57.300000000 -2.799618270268e-03
57.310000000 -2.617839327120e-03
57.320000000 -2.489733776929e-03
57.330000000 -2.333540989423e-03
57.340000000 -2.217464834707e-03
57.350000000 -2.088552748371e-03
57.360000000 -2.009628366852e-03
57.370000000 -1.941599569142e-03
57.380000000 -1.883093508042e-03
57.390000000 -1.836471858285e-03
57.400000000 -1.813882703906e-03
57.410000000 -1.789974775891e-03
57.420000000 -1.807447742166e-03
57.430000000 -1.822408164299e-03
57.440000000 -1.822279931889e-03
57.450000000 -1.832259549432e-03
57.460000000 -1.849256391190e-03
57.470000000 -1.956467980291e-03
57.480000000 -2.011730084213e-03
57.490000000 -2.127096554853e-03
57.500000000 -2.196010968321e-03
57.510000000 -2.328557695600e-03
57.520000000 -2.477919110478e-03
57.530000000 -2.597879282167e-03
57.540000000 -2.743998989694e-03
57.550000000 -2.887246839241e-03
57.560000000 -3.069553830111e-03
57.570000000 -3.232707791206e-03
57.580000000 -3.388578051925e-03
57.590000000 -3.532559796784e-03
57.600000000 -3.674705211980e-03
57.610000000 -3.842448227708e-03
57.620000000 -4.017935451367e-03
57.630000000 -4.155810869853e-03
57.640000000 -4.304978188595e-03
57.650000000 -4.418730321714e-03
57.660000000 -4.576922828254e-03
57.670000000 -4.706985719772e-03
57.680000000 -4.810100002224e-03
57.690000000 -4.888209671721e-03
57.700000000 -4.952243822361e-03
57.710000000 -5.074009338724e-03
57.720000000 -5.106490301484e-03
57.730000000 -5.220119890020e-03
57.740000000 -5.252632206187e-03
57.750000000 -5.309481189611e-03
57.760000000 -5.389826744642e-03
57.770000000 -5.420577985694e-03
57.780000000 -5.494133306225e-03
57.790000000 -5.516430490275e-03
57.800000000 -5.603699234678e-03
57.810000000 -5.670414044105e-03
57.820000000 -5.711939152517e-03
57.830000000 -5.812149133427e-03
57.840000000 -5.865268020897e-03
57.850000000 -5.934229082952e-03
57.860000000 -6.113220507495e-03
57.870000000 -6.149814995934e-03
57.880000000 -6.277044441504e-03
57.890000000 -6.393096814787e-03
57.900000000 -6.475456076640e-03
57.910000000 -6.652075683694e-03
57.920000000 -6.782553432689e-03
57.930000000 -6.912651292394e-03
57.940000000 -7.017005341254e-03
57.950000000 -7.156514119157e-03
57.960000000 -7.314910620659e-03
57.970000000 -7.422451187652e-03
57.980000000 -7.527798433603e-03
57.990000000 -7.654879348131e-03
58.000000000 -7.733502898234e-03
58.010000000 -7.817908645112e-03
58.020000000 -7.958237652353e-03
58.030000000 -7.957734375797e-03
58.040000000 -8.092481323729e-03
58.050000000 -8.095666777594e-03
58.060000000 -8.116874272469e-03
58.070000000 -8.162842598302e-03
58.080000000 -8.127232330976e-03
58.090000000 -8.093890387466e-03
58.100000000 -8.104971323141e-03
58.110000000 -8.033554256189e-03
58.120000000 -7.941566091843e-03
58.130000000 -7.832289481872e-03
58.140000000 -7.758001787248e-03
58.150000000 -7.595838114178e-03
58.160000000 -7.494722951446e-03
58.170000000 -7.400791879269e-03
58.180000000 -7.161740663645e-03
58.190000000 -7.070986869115e-03
58.200000000 -6.869008784092e-03
58.210000000 -6.701977073855e-03
58.220000000 -6.542198007948e-03
58.230000000 -6.308133467195e-03
58.240000000 -6.160289181211e-03
58.250000000 -5.888242397373e-03
58.260000000 -5.715202389341e-03
58.270000000 -5.470664836442e-03
58.280000000 -5.212933262625e-03
58.290000000 -5.020293742611e-03
58.300000000 -4.775757744212e-03
58.310000000 -4.550819926800e-03
58.320000000 -4.270836693540e-03
58.330000000 -3.999447091311e-03
58.340000000 -3.832444966016e-03
58.350000000 -3.522502618818e-03
58.360000000 -3.355117771691e-03
58.370000000 -3.042130639597e-03
58.380000000 -2.857242873337e-03
58.390000000 -2.582981083513e-03
58.400000000 -2.390683312962e-03
58.410000000 -2.106698866419e-03
58.420000000 -1.851007820239e-03
58.430000000 -1.588451947798e-03
58.440000000 -1.301124521288e-03
58.450000000 -1.097017036369e-03
58.460000000 -8.233847219872e-04
58.470000000 -5.169256968889e-04
58.480000000 -2.842367007284e-04
58.490000000 7.871104441917e-06
58.500000000 2.756020803339e-04
58.510000000 5.401990160591e-04
58.520000000 8.448042922212e-04
58.530000000 1.046871590238e-03
58.540000000 1.331400531276e-03
58.550000000 1.588487275516e-03
58.560000000 1.836150018211e-03
58.570000000 2.112204025413e-03
58.580000000 2.333322213665e-03
58.590000000 2.584946756822e-03
58.600000000 2.848758906389e-03
58.610000000 3.067163047535e-03
58.620000000 3.386657463153e-03
58.630000000 3.579862617736e-03
58.640000000 3.846686895390e-03
58.650000000 4.116758554453e-03
58.660000000 4.394595663484e-03
58.670000000 4.718137982008e-03
58.680000000 4.949679375560e-03
58.690000000 5.286455279707e-03
58.700000000 5.557895706632e-03
58.710000000 5.903730113268e-03
58.720000000 6.230221513740e-03
58.730000000 6.516705352252e-03
58.740000000 6.898107732770e-03
58.750000000 7.201300030900e-03
58.760000000 7.513302275343e-03
58.770000000 7.840037832644e-03
58.780000000 8.148478322843e-03
58.790000000 8.443663911290e-03
58.800000000 8.744276339725e-03
58.810000000 9.067710280030e-03
58.820000000 9.371257636450e-03
58.830000000 9.598874361340e-03
58.840000000 9.927103464259e-03
58.850000000 1.016187719777e-02
58.860000000 1.042436769723e-02
58.870000000 1.072154463126e-02
58.880000000 1.092575399331e-02
58.890000000 1.120137499564e-02
58.900000000 1.136912519546e-02
58.910000000 1.164802583131e-02
58.920000000 1.183068661660e-02
58.930000000 1.200023768254e-02
58.940000000 1.217641091692e-02
58.950000000 1.235265564449e-02
58.960000000 1.250027997034e-02
58.970000000 1.261943557553e-02
58.980000000 1.273056224801e-02
58.990000000 1.281586083242e-02
59.000000000 1.293597698284e-02
59.010000000 1.298523619450e-02
59.020000000 1.308834706561e-02
59.030000000 1.310288160406e-02
59.040000000 1.309820491841e-02
59.050000000 1.316549713983e-02
59.060000000 1.317898068826e-02
59.070000000 1.318544594836e-02
59.080000000 1.323384038565e-02
59.090000000 1.325491429722e-02
59.100000000 1.332508718013e-02
59.110000000 1.336776206024e-02
59.120000000 1.343479389815e-02
59.130000000 1.343113384779e-02
59.140000000 1.347771566422e-02
59.150000000 1.353120579010e-02
59.160000000 1.356264449080e-02
59.170000000 1.355983255624e-02
59.180000000 1.350511503250e-02
59.190000000 1.357002063346e-02
59.200000000 1.359410975817e-02
59.210000000 1.367438011942e-02
59.220000000 1.372304323545e-02
59.230000000 1.377034161596e-02
59.240000000 1.379399742559e-02
59.250000000 1.378802122078e-02
59.260000000 1.388007996489e-02
59.270000000 1.384472765981e-02
59.280000000 1.389453876400e-02
59.290000000 1.389335501204e-02
59.300000000 1.394080949764e-02
59.310000000 1.395240617837e-02
59.320000000 1.396406668995e-02
59.330000000 1.394831200135e-02
59.340000000 1.407241140305e-02
59.350000000 1.407275469563e-02
59.360000000 1.413802410347e-02
59.370000000 1.411300529970e-02
59.380000000 1.413173729864e-02
59.390000000 1.409714148842e-02
59.400000000 1.410755212030e-02
59.410000000 1.406685215354e-02
59.420000000 1.398583322815e-02
59.430000000 1.400160698717e-02
59.440000000 1.388263988451e-02
59.450000000 1.383375867300e-02
59.460000000 1.371275175922e-02
59.470000000 1.369901353240e-02
59.480000000 1.353765030258e-02
59.490000000 1.349426926312e-02
59.500000000 1.336048917958e-02
59.510000000 1.327121159590e-02
59.520000000 1.313185192587e-02
59.530000000 1.297343786394e-02
59.540000000 1.281946935990e-02
59.550000000 1.267696874989e-02
59.560000000 1.248480122888e-02
59.570000000 1.232839080129e-02
59.580000000 1.219568810414e-02
59.590000000 1.201368544405e-02
59.600000000 1.187408441895e-02
59.610000000 1.166224378663e-02
59.620000000 1.150505022638e-02
59.630000000 1.132014329982e-02
59.640000000 1.113864312098e-02
59.650000000 1.093071666025e-02
59.660000000 1.071633119116e-02
59.670000000 1.049007126899e-02
59.680000000 1.025940991451e-02
59.690000000 1.003802119236e-02
59.700000000 9.790383037924e-03
59.710000000 9.547580776061e-03
59.720000000 9.284087931088e-03
59.730000000 9.001823874401e-03
59.740000000 8.753241256011e-03
59.750000000 8.463353322826e-03
59.760000000 8.215312083029e-03
59.770000000 7.928834526954e-03
59.780000000 7.657665693218e-03
59.790000000 7.377204847516e-03
59.800000000 7.067537056452e-03
59.810000000 6.738254358039e-03
59.820000000 6.453302263062e-03
59.830000000 6.220103953906e-03
59.840000000 5.956199860179e-03
59.850000000 5.726059902792e-03
59.860000000 5.462766401227e-03
59.870000000 5.248789906230e-03
59.880000000 5.001481776266e-03
59.890000000 4.760656450504e-03
59.900000000 4.487943425717e-03
59.910000000 4.254222306197e-03
59.920000000 4.011903199221e-03
59.930000000 3.790194314866e-03
59.940000000 3.561501622572e-03
59.950000000 3.344357419292e-03
59.960000000 3.111990898799e-03
59.970000000 2.901597761723e-03
59.980000000 2.709976141483e-03
59.990000000 2.471271208096e-03
60.000000000 2.265811515644e-03
60.010000000 2.036046804013e-03
60.020000000 1.843741660572e-03
60.030000000 1.652041113587e-03
60.040000000 1.468657857468e-03
60.050000000 1.241010376481e-03
60.060000000 1.068625068760e-03
60.070000000 8.767290596560e-04
60.080000000 7.303169064300e-04
60.090000000 5.593618740255e-04
60.100000000 3.894470575696e-04
60.110000000 2.385461390647e-04
60.120000000 1.129380458400e-04
60.130000000 1.123200162763e-05
60.140000000 -9.797443089992e-05
60.150000000 -1.623764304545e-04
60.160000000 -2.511984033550e-04
60.170000000 -3.117348653536e-04
60.180000000 -3.889266807433e-04
60.190000000 -4.334769778068e-04
60.200000000 -4.809249127212e-04
60.210000000 -5.114718714502e-04
60.220000000 -4.970941501358e-04
60.230000000 -5.103041639441e-04
60.240000000 -5.308306655465e-04
60.250000000 -5.043140400986e-04
60.260000000 -5.154377669991e-04
60.270000000 -4.616312804357e-04
60.280000000 -4.825571155265e-04
60.290000000 -4.471436639156e-04
60.300000000 -4.624991951323e-04
60.310000000 -4.327951164774e-04
60.320000000 -4.368518022537e-04
60.330000000 -4.062870998684e-04
60.340000000 -4.564753356762e-04
60.350000000 -4.826757218604e-04
60.360000000 -4.961245636576e-04
60.370000000 -4.962382469011e-04
60.380000000 -5.397017694234e-04
60.390000000 -5.702994728223e-04
60.400000000 -5.605781939845e-04
60.410000000 -6.067487226461e-04
60.420000000 -6.105116746546e-04
60.430000000 -6.625700117819e-04
60.440000000 -7.039687568563e-04
60.450000000 -7.613904613485e-04
60.460000000 -8.155708263674e-04
60.470000000 -8.805942944688e-04
60.480000000 -9.771482261540e-04
60.490000000 -1.083221855760e-03
60.500000000 -1.208030524994e-03
60.510000000 -1.345107665316e-03
60.520000000 -1.491261569965e-03
60.530000000 -1.677050942493e-03
60.540000000 -1.872902954921e-03
60.550000000 -2.037334419993e-03
60.560000000 -2.225457762515e-03
60.570000000 -2.434443747810e-03
60.580000000 -2.637542672079e-03
60.590000000 -2.881560477496e-03
60.600000000 -3.039540642130e-03
60.610000000 -3.209541693947e-03
60.620000000 -3.374750925523e-03
60.630000000 -3.526561061484e-03
60.640000000 -3.684883909574e-03
60.650000000 -3.840385739200e-03
60.660000000 -3.971553023058e-03
60.670000000 -4.148634509146e-03
60.680000000 -4.312632980671e-03
60.690000000 -4.502642979674e-03
60.700000000 -4.602423137829e-03
60.710000000 -4.764075690553e-03
60.720000000 -4.841625927043e-03
60.730000000 -4.968357951595e-03
60.740000000 -5.053263425946e-03
60.750000000 -5.070723643501e-03
60.760000000 -5.122147244140e-03
60.770000000 -5.049404561481e-03
60.780000000 -5.065123842655e-03
60.790000000 -5.059761049370e-03
60.800000000 -5.017355003023e-03
60.810000000 -4.980688128547e-03
60.820000000 -4.918698681615e-03
60.830000000 -4.879700065932e-03
60.840000000 -4.807725910636e-03
60.850000000 -4.694315256122e-03
60.860000000 -4.602300301700e-03
60.870000000 -4.459602224493e-03
60.880000000 -4.349604043261e-03
60.890000000 -4.180076237494e-03
60.900000000 -4.051109523871e-03
60.910000000 -3.848569075803e-03
60.920000000 -3.680712251399e-03
60.930000000 -3.559583754347e-03
60.940000000 -3.346119643511e-03
60.950000000 -3.135679410597e-03
60.960000000 -2.930720916978e-03
60.970000000 -2.766043819651e-03
60.980000000 -2.585636477538e-03
60.990000000 -2.344328128069e-03
61.000000000 -2.145453662586e-03
61.010000000 -1.949476529616e-03
61.020000000 -1.762552414894e-03
61.030000000 -1.521090524876e-03
61.040000000 -1.393951207834e-03
61.050000000 -1.163267643839e-03
61.060000000 -1.000877667877e-03
61.070000000 -8.030724387817e-04
61.080000000 -6.249334619320e-04
61.090000000 -4.637789383146e-04
61.100000000 -2.428749521675e-04
61.110000000 -1.041429216824e-04
61.120000000 3.300865693612e-05
61.130000000 2.156778682175e-04
61.140000000 3.204351054964e-04
61.150000000 4.840004900397e-04
61.160000000 5.793960283400e-04
61.170000000 6.433560363656e-04
61.180000000 6.901768720896e-04
61.190000000 8.212322312018e-04
61.200000000 8.329879040581e-04
61.210000000 9.022449797820e-04
61.220000000 9.134991759975e-04
61.230000000 9.666984837924e-04
61.240000000 1.016986730314e-03
61.250000000 1.119589242587e-03
61.260000000 1.209914671384e-03
61.270000000 1.262030276214e-03
61.280000000 1.319479331691e-03
61.290000000 1.269253401243e-03
61.300000000 1.315378052869e-03
61.310000000 1.225678936512e-03
61.320000000 1.219296258551e-03
61.330000000 1.119459051321e-03
61.340000000 1.071859109471e-03
61.350000000 9.444896267305e-04
61.360000000 8.767649919514e-04
61.370000000 7.589673693898e-04
61.380000000 6.917095730076e-04
61.390000000 6.368334776852e-04
61.400000000 5.857600487680e-04
61.410000000 5.081798075913e-04
61.420000000 4.599760003264e-04
61.430000000 4.122289172774e-04
61.440000000 3.570688888467e-04
61.450000000 3.097782741978e-04
61.460000000 2.394492096725e-04
61.470000000 1.904495432043e-04
61.480000000 1.489849892816e-04
61.490000000 1.250842226758e-04
61.500000000 1.434023841350e-04
61.510000000 1.096113895450e-04
61.520000000 7.616544697501e-05
61.530000000 1.003454054281e-04
61.540000000 4.637726795156e-05
61.550000000 1.787330641922e-05
61.560000000 -7.354050040571e-05
61.570000000 -1.080592277800e-04
61.580000000 -1.025313885408e-04
61.590000000 -7.376234466154e-05
61.600000000 -4.274878488087e-05
61.610000000 -3.593991221799e-05
61.620000000 -2.520478491483e-06
61.630000000 -1.762117548883e-05
61.640000000 -2.902869854135e-05
61.650000000 -3.195580158706e-05
61.660000000 -4.052545568755e-05
61.670000000 -8.045237940088e-05
61.680000000 -7.764523073120e-05
61.690000000 -1.446774108120e-04
61.700000000 -1.661041081577e-04
61.710000000 -2.175094909692e-04
61.720000000 -1.715383877884e-04
61.730000000 -1.765439849443e-04
61.740000000 -9.434669932127e-05
61.750000000 -6.957779265317e-05
61.760000000 -1.264358254722e-05
61.770000000 4.120402452143e-05
61.780000000 1.013624357215e-04
61.790000000 1.449680161006e-04
61.800000000 1.659905433533e-04
61.810000000 1.478320961945e-04
61.820000000 1.797043983190e-04
61.830000000 2.209348654905e-04
61.840000000 2.104277603455e-04
61.850000000 2.222580420940e-04
61.860000000 2.116775796280e-04
61.870000000 2.837446654425e-04
61.880000000 2.834272642461e-04
61.890000000 3.484980885525e-04
61.900000000 3.251119095728e-04
61.910000000 3.447905113320e-04
61.920000000 3.889797171104e-04
61.930000000 4.146546804159e-04
61.940000000 4.366280830815e-04
61.950000000 4.503298379410e-04
61.960000000 5.146050906531e-04
61.970000000 4.882729414789e-04
61.980000000 6.484027454794e-04
61.990000000 5.217929808887e-04
62.000000000 6.105342313051e-04
62.010000000 5.678671782886e-04
62.020000000 5.968075191080e-04
62.030000000 6.433210739853e-04
62.040000000 6.465423101854e-04
62.050000000 6.781780383528e-04
62.060000000 6.612690933287e-04
62.070000000 7.302813163563e-04
62.080000000 7.614128341642e-04
62.090000000 7.314554643082e-04
62.100000000 8.183281742232e-04
62.110000000 7.948094551018e-04
62.120000000 8.040935800724e-04
62.130000000 8.205838482727e-04
62.140000000 8.061474286154e-04
62.150000000 7.657125954743e-04
62.160000000 7.898080894118e-04
62.170000000 7.362090306130e-04
62.180000000 6.955062632210e-04
62.190000000 6.021694157217e-04
62.200000000 5.299948157039e-04
62.210000000 4.644945205114e-04
62.220000000 3.890062643837e-04
62.230000000 2.803535252457e-04
62.240000000 1.108309231597e-04
62.250000000 -1.356713392815e-05
62.260000000 -1.530650867192e-04
62.270000000 -2.830929140751e-04
62.280000000 -4.228485070563e-04
62.290000000 -6.297616608326e-04
62.300000000 -8.464475947376e-04
62.310000000 -1.059019298062e-03
62.320000000 -1.247267233536e-03
62.330000000 -1.549460711425e-03
62.340000000 -1.838766882685e-03
62.350000000 -2.085993561080e-03
62.360000000 -2.358329027463e-03
62.370000000 -2.656765555665e-03
62.380000000 -3.013488181321e-03
62.390000000 -3.316395589674e-03
62.400000000 -3.665486143752e-03
62.410000000 -3.997077347848e-03
62.420000000 -4.311546426315e-03
62.430000000 -4.655633223819e-03
62.440000000 -5.013188857401e-03
62.450000000 -5.390356682773e-03
62.460000000 -5.848870327988e-03
62.470000000 -6.193101870494e-03
62.480000000 -6.690452832468e-03
62.490000000 -7.117121424523e-03
62.500000000 -7.545890603728e-03
62.510000000 -7.946738571443e-03
62.520000000 -8.361762665101e-03
62.530000000 -8.789198754121e-03
62.540000000 -9.226650601135e-03
62.550000000 -9.584283699027e-03
62.560000000 -9.941658017202e-03
62.570000000 -1.030958955024e-02
62.580000000 -1.070295770475e-02
62.590000000 -1.098358890690e-02
62.600000000 -1.128463194245e-02
62.610000000 -1.156907548061e-02
62.620000000 -1.183585344687e-02
62.630000000 -1.216471268732e-02
62.640000000 -1.240558394223e-02
62.650000000 -1.258226799171e-02
62.660000000 -1.278789254712e-02
62.670000000 -1.296319271219e-02
62.680000000 -1.316455746746e-02
62.690000000 -1.322383166666e-02
62.700000000 -1.335185438123e-02
62.710000000 -1.344640411344e-02
62.720000000 -1.347203287559e-02
62.730000000 -1.357602557611e-02
62.740000000 -1.357353093224e-02
62.750000000 -1.355365420256e-02
62.760000000 -1.354952866145e-02
62.770000000 -1.349238014825e-02
62.780000000 -1.344756846596e-02
62.790000000 -1.341659970223e-02
62.800000000 -1.327813644019e-02
62.810000000 -1.319362048550e-02
62.820000000 -1.310872240607e-02
62.830000000 -1.301644996493e-02
62.840000000 -1.292699552820e-02
62.850000000 -1.277895663379e-02
62.860000000 -1.265678856278e-02
62.870000000 -1.254858019239e-02
62.880000000 -1.239429987784e-02
62.890000000 -1.229068389766e-02
62.900000000 -1.210053498134e-02
62.910000000 -1.192268731499e-02
62.920000000 -1.186454606987e-02
62.930000000 -1.171277391808e-02
62.940000000 -1.162756295547e-02
62.950000000 -1.151557226441e-02
62.960000000 -1.138513199301e-02
62.970000000 -1.127375154625e-02
62.980000000 -1.123501433889e-02
62.990000000 -1.111742727173e-02
63.000000000 -1.099170138723e-02
63.010000000 -1.092744942439e-02
63.020000000 -1.086792997231e-02
63.030000000 -1.079239442865e-02
63.040000000 -1.066891009230e-02
63.050000000 -1.053718159696e-02
63.060000000 -1.050674159375e-02
63.070000000 -1.042797424857e-02
63.080000000 -1.031938941709e-02
63.090000000 -1.025444265320e-02
63.100000000 -1.016436125755e-02
63.110000000 -1.011496896509e-02
63.120000000 -1.004693871243e-02
63.130000000 -9.995763194267e-03
63.140000000 -9.888715594932e-03
63.150000000 -9.874209566969e-03
63.160000000 -9.780591818591e-03
63.170000000 -9.775051175895e-03
63.180000000 -9.705209313508e-03
63.190000000 -9.645474105236e-03
63.200000000 -9.596249119900e-03
63.210000000 -9.537783383549e-03
63.220000000 -9.488570332658e-03
63.230000000 -9.424213413633e-03
63.240000000 -9.348830232998e-03
63.250000000 -9.281618812369e-03
63.260000000 -9.291154025973e-03
63.270000000 -9.195543865803e-03
63.280000000 -9.120104232363e-03
63.290000000 -9.042146445947e-03
63.300000000 -8.937646946883e-03
63.310000000 -8.874026852588e-03
63.320000000 -8.763754692160e-03
63.330000000 -8.611106561791e-03
63.340000000 -8.493853756659e-03
63.350000000 -8.355868393714e-03
63.360000000 -8.233919901825e-03
63.370000000 -8.080302975096e-03
63.380000000 -7.914544493003e-03
63.390000000 -7.768784063789e-03
63.400000000 -7.606520765714e-03
63.410000000 -7.448447372369e-03
63.420000000 -7.269956395304e-03
63.430000000 -7.153372593463e-03
63.440000000 -6.872323813413e-03
63.450000000 -6.796209438211e-03
63.460000000 -6.630034322136e-03
63.470000000 -6.412332015089e-03
63.480000000 -6.240031977534e-03
63.490000000 -6.052388366142e-03
63.500000000 -5.858738581365e-03
63.510000000 -5.700687028923e-03
63.520000000 -5.497976635438e-03
63.530000000 -5.310472347415e-03
63.540000000 -5.146989214972e-03
63.550000000 -5.012663575123e-03
63.560000000 -4.875283581640e-03
63.570000000 -4.740132199175e-03
63.580000000 -4.592327294711e-03
63.590000000 -4.525838772480e-03
63.600000000 -4.313423317607e-03
63.610000000 -4.280956338667e-03
63.620000000 -4.060045479941e-03
63.630000000 -3.972367476889e-03
63.640000000 -3.833214064390e-03
63.650000000 -3.686955888598e-03
63.660000000 -3.556101590307e-03
63.670000000 -3.370933117903e-03
63.680000000 -3.222479151057e-03
63.690000000 -3.013134180409e-03
63.700000000 -2.916179440669e-03
63.710000000 -2.704505013846e-03
63.720000000 -2.562645835823e-03
63.730000000 -2.389528761813e-03
63.740000000 -2.179617778108e-03
63.750000000 -2.063912797364e-03
63.760000000 -1.847547769467e-03
63.770000000 -1.723778296694e-03
63.780000000 -1.476928824522e-03
63.790000000 -1.300366468372e-03
63.800000000 -1.096554039567e-03
63.810000000 -8.812961748695e-04
63.820000000 -6.246572803525e-04
63.830000000 -3.738853313877e-04
63.840000000 -1.567207968806e-04
63.850000000 1.194175451084e-04
63.860000000 3.232721408789e-04
63.870000000 6.241302467742e-04
63.880000000 8.253743741384e-04
63.890000000 1.118997723501e-03
63.900000000 1.301286458828e-03
63.910000000 1.651951106676e-03
63.920000000 1.876892815950e-03
63.930000000 2.191802706339e-03
63.940000000 2.412433215903e-03
63.950000000 2.786877592731e-03
63.960000000 2.983970825421e-03
63.970000000 3.375340484176e-03
63.980000000 3.630480566926e-03
63.990000000 3.950298021350e-03
64.000000000 4.240229002011e-03
64.010000000 4.550030857233e-03
64.020000000 4.915006433899e-03
64.030000000 5.167753100682e-03
64.040000000 5.515901986411e-03
64.050000000 5.754983406003e-03
64.060000000 6.130247439755e-03
64.070000000 6.362712272017e-03
64.080000000 6.723059453922e-03
64.090000000 6.921637178818e-03
64.100000000 7.226810971188e-03
64.110000000 7.474074066044e-03
64.120000000 7.732801006744e-03
64.130000000 7.970853986387e-03
64.140000000 8.151834054924e-03
64.150000000 8.398152458379e-03
64.160000000 8.549827309665e-03
64.170000000 8.815732540836e-03
64.180000000 8.982140653344e-03
64.190000000 9.208837583203e-03
64.200000000 9.390787386739e-03
64.210000000 9.606780684600e-03
64.220000000 9.823850924862e-03
64.230000000 1.000165766298e-02
64.240000000 1.023699320953e-02
64.250000000 1.040936262900e-02
64.260000000 1.063334358951e-02
64.270000000 1.084304521238e-02
64.280000000 1.101829788895e-02
64.290000000 1.120474366313e-02
64.300000000 1.133862612684e-02
64.310000000 1.154926897590e-02
64.320000000 1.164647306566e-02
64.330000000 1.178227187389e-02
64.340000000 1.189802368001e-02
64.350000000 1.198808627678e-02
64.360000000 1.213488796901e-02
64.370000000 1.223342946303e-02
64.380000000 1.233046210280e-02
64.390000000 1.250169074853e-02
64.400000000 1.263514666942e-02
64.410000000 1.279732870765e-02
64.420000000 1.294891632660e-02
64.430000000 1.306078310835e-02
64.440000000 1.318517701090e-02
64.450000000 1.329294852625e-02
64.460000000 1.343077750943e-02
64.470000000 1.356307371919e-02
64.480000000 1.364650739866e-02
64.490000000 1.380381977341e-02
64.500000000 1.391222918429e-02
64.510000000 1.403711737928e-02
64.520000000 1.418378896878e-02
64.530000000 1.427246703151e-02
64.540000000 1.434300530075e-02
64.550000000 1.438925862745e-02
64.560000000 1.447365762881e-02
64.570000000 1.453339160562e-02
64.580000000 1.455937039746e-02
64.590000000 1.464917819151e-02
64.600000000 1.470826584203e-02
64.610000000 1.480849643327e-02
64.620000000 1.493982653192e-02
64.630000000 1.501173620616e-02
64.640000000 1.508418483459e-02
64.650000000 1.512072000087e-02
64.660000000 1.514687463582e-02
64.670000000 1.509687457520e-02
64.680000000 1.498227257075e-02
64.690000000 1.497091576554e-02
64.700000000 1.489141616228e-02
64.710000000 1.493321156973e-02
64.720000000 1.489568005695e-02
64.730000000 1.491627785901e-02
64.740000000 1.492786591703e-02
64.750000000 1.491488026253e-02
64.760000000 1.488147362020e-02
64.770000000 1.479082289891e-02
64.780000000 1.470290860477e-02
64.790000000 1.456848595805e-02
64.800000000 1.445485114167e-02
64.810000000 1.433713669417e-02
64.820000000 1.427513851724e-02
64.830000000 1.411943759453e-02
64.840000000 1.411661287523e-02
64.850000000 1.403940956781e-02
64.860000000 1.397650952378e-02
64.870000000 1.385339917404e-02
64.880000000 1.375984961621e-02
64.890000000 1.366146200920e-02
64.900000000 1.356867716322e-02
64.910000000 1.346117364320e-02
64.920000000 1.332756542540e-02
64.930000000 1.321171985006e-02
64.940000000 1.309330614150e-02
64.950000000 1.296685637764e-02
64.960000000 1.292250334895e-02
64.970000000 1.283842167489e-02
64.980000000 1.276268770697e-02
64.990000000 1.276673592753e-02
65.000000000 1.272611155202e-02
65.010000000 1.266529733472e-02
65.020000000 1.257388151928e-02
65.030000000 1.251752028075e-02
65.040000000 1.243189021398e-02
65.050000000 1.240127660241e-02
65.060000000 1.234181011270e-02
65.070000000 1.227544062255e-02
65.080000000 1.227220248607e-02
65.090000000 1.223741808878e-02
65.100000000 1.226597154477e-02
65.110000000 1.222441461171e-02
65.120000000 1.222363309263e-02
65.130000000 1.221307246718e-02
65.140000000 1.212664061052e-02
65.150000000 1.207536977013e-02
65.160000000 1.193796681946e-02
65.170000000 1.185707390790e-02
65.180000000 1.175609279742e-02
65.190000000 1.165061720024e-02
65.200000000 1.158275215279e-02
65.210000000 1.145349688688e-02
65.220000000 1.133968058149e-02
65.230000000 1.126293473190e-02
65.240000000 1.115211918242e-02
65.250000000 1.103802625732e-02
65.260000000 1.088614885532e-02
65.270000000 1.075037631566e-02
65.280000000 1.058645573437e-02
65.290000000 1.042990766166e-02
65.300000000 1.022673368851e-02
65.310000000 1.005436901355e-02
65.320000000 9.847836041573e-03
65.330000000 9.662399927515e-03
65.340000000 9.457155796710e-03
65.350000000 9.237155118925e-03
65.360000000 8.969618142850e-03
65.370000000 8.723427741999e-03
65.380000000 8.443425270503e-03
65.390000000 8.210659573635e-03
65.400000000 7.879856272137e-03
65.410000000 7.576043801705e-03
65.420000000 7.274119992008e-03
65.430000000 6.987584601699e-03
65.440000000 6.672014698556e-03
65.450000000 6.362455837149e-03
65.460000000 6.062222680473e-03
65.470000000 5.738378582231e-03
65.480000000 5.460978977797e-03
65.490000000 5.118188169805e-03
65.500000000 4.814328602699e-03
65.510000000 4.440520004537e-03
65.520000000 4.120852646121e-03
65.530000000 3.750580779149e-03
65.540000000 3.384623808993e-03
65.550000000 2.946268125231e-03
65.560000000 2.544929485459e-03
65.570000000 2.128389202974e-03
65.580000000 1.721242178879e-03
65.590000000 1.332494478344e-03
65.600000000 9.007843878913e-04
65.610000000 4.819184644957e-04
65.620000000 6.420227287471e-05
65.630000000 -3.425426407892e-04
65.640000000 -7.594005836451e-04
65.650000000 -1.167442756294e-03
65.660000000 -1.597646627305e-03
65.670000000 -2.015400731973e-03
65.680000000 -2.465812803513e-03
65.690000000 -2.888011578396e-03
65.700000000 -3.332821816272e-03
65.710000000 -3.763288657118e-03
65.720000000 -4.139545497457e-03
65.730000000 -4.528271129086e-03
65.740000000 -4.851383902944e-03
65.750000000 -5.220062540374e-03
65.760000000 -5.551836967123e-03
65.770000000 -5.796244188212e-03
65.780000000 -6.137960482585e-03
65.790000000 -6.341872587476e-03
65.800000000 -6.579857789805e-03
65.810000000 -6.792378225384e-03
65.820000000 -6.963343439110e-03
65.830000000 -7.139445663212e-03
65.840000000 -7.308968214876e-03
65.850000000 -7.432808915448e-03
65.860000000 -7.567143682555e-03
65.870000000 -7.667825118846e-03
65.880000000 -7.755649596919e-03
65.890000000 -7.823102643238e-03
65.900000000 -7.880697682590e-03
65.910000000 -7.904615640561e-03
65.920000000 -7.864759754701e-03
65.930000000 -7.817473517507e-03
65.940000000 -7.795564596831e-03
65.950000000 -7.754101091543e-03
65.960000000 -7.702273256113e-03
65.970000000 -7.583391402781e-03
65.980000000 -7.495978026086e-03
65.990000000 -7.376184717861e-03
66.000000000 -7.215966925725e-03
66.010000000 -7.071523422333e-03
66.020000000 -6.882374994229e-03
66.030000000 -6.687529353588e-03
66.040000000 -6.573478784813e-03
66.050000000 -6.290505333219e-03
66.060000000 -6.171313159175e-03
66.070000000 -5.894404311091e-03
66.080000000 -5.710467366860e-03
66.090000000 -5.550361345681e-03
66.100000000 -5.268890141322e-03
66.110000000 -5.133147472245e-03
66.120000000 -4.882456597092e-03
66.130000000 -4.739217059231e-03
66.140000000 -4.492753175176e-03
66.150000000 -4.397385602783e-03
66.160000000 -4.184219663640e-03
66.170000000 -3.986666472858e-03
66.180000000 -3.792637109370e-03
66.190000000 -3.635477082317e-03
66.200000000 -3.469721470940e-03
66.210000000 -3.303300899973e-03
66.220000000 -3.164129903615e-03
66.230000000 -2.996521490076e-03
66.240000000 -2.848544545726e-03
66.250000000 -2.586200856040e-03
66.260000000 -2.314151176414e-03
66.270000000 -2.085532121173e-03
66.280000000 -1.840618551805e-03
66.290000000 -1.670294127827e-03
66.300000000 -1.407313576245e-03
66.310000000 -1.147959365753e-03
66.320000000 -9.413895079138e-04
66.330000000 -6.182876663888e-04
66.340000000 -4.038952674404e-04
66.350000000 -2.157027726792e-04
66.360000000 -1.398709979012e-05
66.370000000 1.729592166343e-04
66.380000000 3.205356797958e-04
66.390000000 4.664464518934e-04
66.400000000 6.991637915291e-04
66.410000000 8.970610099013e-04
66.420000000 1.153905359316e-03
66.430000000 1.339695593242e-03
66.440000000 1.576888005844e-03
66.450000000 1.817858669765e-03
66.460000000 2.006884701796e-03
66.470000000 2.105015117414e-03
66.480000000 2.184180511482e-03
66.490000000 2.277626319512e-03
66.500000000 2.292732246784e-03
66.510000000 2.461564941530e-03
66.520000000 2.643892946765e-03
66.530000000 2.882196504249e-03
66.540000000 3.212833172634e-03
66.550000000 3.386775712063e-03
66.560000000 3.700342912209e-03
66.570000000 3.835591411990e-03
66.580000000 3.991928534773e-03
66.590000000 4.052595940810e-03
66.600000000 4.068548301799e-03
66.610000000 4.250458651227e-03
66.620000000 4.302743592639e-03
66.630000000 4.352860997872e-03
66.640000000 4.442971665204e-03
66.650000000 4.560152502780e-03
66.660000000 4.622693914802e-03
66.670000000 4.657554232625e-03
66.680000000 4.643296579438e-03
66.690000000 4.635197787001e-03
66.700000000 4.591345490261e-03
66.710000000 4.516353728450e-03
66.720000000 4.430511890649e-03
66.730000000 4.262786722319e-03
66.740000000 4.137299195590e-03
66.750000000 3.942482020380e-03
66.760000000 3.823606004430e-03
66.770000000 3.608707075388e-03
66.780000000 3.489839279311e-03
66.790000000 3.380112001357e-03
66.800000000 3.287234556356e-03
66.810000000 3.231618598115e-03
66.820000000 3.064760881191e-03
66.830000000 2.963458140521e-03
66.840000000 2.723694775702e-03
66.850000000 2.585896133831e-03
66.860000000 2.311157928177e-03
66.870000000 2.065751548329e-03
66.880000000 1.838027599136e-03
66.890000000 1.647948238732e-03
66.900000000 1.481498574547e-03
66.910000000 1.306741026891e-03
66.920000000 1.159460656654e-03
66.930000000 1.024058947131e-03
66.940000000 9.415039269025e-04
66.950000000 8.797885118703e-04
66.960000000 8.071590203109e-04
66.970000000 6.875941943237e-04
66.980000000 6.531574438177e-04
66.990000000 5.725899724016e-04
67.000000000 5.308342728288e-04
67.010000000 4.577177726089e-04
67.020000000 3.818957604682e-04
67.030000000 3.211049652504e-04
67.040000000 2.450965873935e-04
67.050000000 1.464937369145e-04
67.060000000 5.525066898287e-05
67.070000000 -5.969189567426e-05
67.080000000 -1.611822975124e-04
67.090000000 -2.172815217173e-04
67.100000000 -2.908627301579e-04
67.110000000 -3.486163296818e-04
67.120000000 -4.417709270093e-04
67.130000000 -4.976023435287e-04
67.140000000 -6.113818773871e-04
67.150000000 -6.839593899796e-04
67.160000000 -8.235003542206e-04
67.170000000 -8.780484292939e-04
67.180000000 -9.495595648258e-04
67.190000000 -9.592318997325e-04
67.200000000 -1.058799633937e-03
67.210000000 -1.100256417471e-03
67.220000000 -1.204528467722e-03
67.230000000 -1.295511308835e-03
67.240000000 -1.352083073281e-03
67.250000000 -1.457467369073e-03
67.260000000 -1.561898069996e-03
67.270000000 -1.730231441112e-03
67.280000000 -1.773260989116e-03
67.290000000 -1.847797864724e-03
67.300000000 -1.946097353291e-03
67.310000000 -2.038814512540e-03
67.320000000 -2.133235297338e-03
67.330000000 -2.258657742211e-03
67.340000000 -2.371249738290e-03
67.350000000 -2.537084681076e-03
67.360000000 -2.673619963572e-03
67.370000000 -2.861195824243e-03
67.380000000 -3.029119818593e-03
67.390000000 -3.172811549133e-03
67.400000000 -3.383509346358e-03
67.410000000 -3.580675490285e-03
67.420000000 -3.740453876598e-03
67.430000000 -3.880135798852e-03
67.440000000 -4.000345034715e-03
67.450000000 -4.122791576455e-03
67.460000000 -4.228713697946e-03
67.470000000 -4.334904628117e-03
67.480000000 -4.429397390849e-03
67.490000000 -4.495356475735e-03
67.500000000 -4.609136563065e-03
67.510000000 -4.722097561421e-03
67.520000000 -4.850883898999e-03
67.530000000 -4.931188080532e-03
67.540000000 -5.034673321221e-03
67.550000000 -5.104377832546e-03
67.560000000 -5.165587039280e-03
67.570000000 -5.184428168793e-03
67.580000000 -5.190941347879e-03
67.590000000 -5.203740125831e-03
67.600000000 -5.203525155957e-03
67.610000000 -5.220878025693e-03
67.620000000 -5.182618311218e-03
67.630000000 -5.151224168522e-03
67.640000000 -5.104309991454e-03
67.650000000 -5.123194316657e-03
67.660000000 -5.107389500911e-03
67.670000000 -5.093408159319e-03
67.680000000 -5.047869979926e-03
67.690000000 -5.036448693083e-03
67.700000000 -5.068729354750e-03
67.710000000 -5.089262184651e-03
67.720000000 -5.130988397921e-03
67.730000000 -5.146317524302e-03
67.740000000 -5.210177438127e-03
67.750000000 -5.267805339766e-03
67.760000000 -5.360693263355e-03
67.770000000 -5.453160614096e-03
67.780000000 -5.527303825924e-03
67.790000000 -5.643644294917e-03
67.800000000 -5.758355306630e-03
67.810000000 -5.930619705187e-03
67.820000000 -6.103075470431e-03
67.830000000 -6.321135575914e-03
67.840000000 -6.583227626537e-03
67.850000000 -6.853959772924e-03
67.860000000 -7.015362331851e-03
67.870000000 -7.152119422006e-03
67.880000000 -7.301884894305e-03
67.890000000 -7.477295610328e-03
67.900000000 -7.751626633208e-03
67.910000000 -7.817769105250e-03
67.920000000 -8.091974191240e-03
67.930000000 -8.286688177793e-03
67.940000000 -8.610037613001e-03
67.950000000 -8.777127090419e-03
67.960000000 -8.959005233266e-03
67.970000000 -9.173709098079e-03
67.980000000 -9.335756170691e-03
67.990000000 -9.568133831836e-03
68.000000000 -9.766527818722e-03
68.010000000 -9.983436611741e-03
68.020000000 -1.019165204564e-02
68.030000000 -1.032497999181e-02
68.040000000 -1.045875232754e-02
68.050000000 -1.057186164338e-02
68.060000000 -1.067412557997e-02
68.070000000 -1.077070351325e-02
68.080000000 -1.085384657499e-02
68.090000000 -1.093118076985e-02
68.100000000 -1.098285803657e-02
68.110000000 -1.095604228523e-02
68.120000000 -1.115611379799e-02
68.130000000 -1.074239186165e-02
68.140000000 -1.094118105303e-02
68.150000000 -1.085961953591e-02
68.160000000 -1.066559401540e-02
68.170000000 -1.066367826680e-02
68.180000000 -1.045533692926e-02
68.190000000 -1.042845062059e-02
68.200000000 -1.022524866762e-02
68.210000000 -1.015882956777e-02
68.220000000 -9.951623815938e-03
68.230000000 -9.829241489959e-03
68.240000000 -9.653671073556e-03
68.250000000 -9.484161930442e-03
68.260000000 -9.348003123399e-03
68.270000000 -9.130249665599e-03
68.280000000 -8.994347146247e-03
68.290000000 -8.827497343313e-03
68.300000000 -8.723035192132e-03
68.310000000 -8.517259270796e-03
68.320000000 -8.406525399638e-03
68.330000000 -8.299910310856e-03
68.340000000 -8.242941429058e-03
68.350000000 -8.187472828365e-03
68.360000000 -8.141599057152e-03
68.370000000 -8.058308737024e-03
68.380000000 -7.951176352384e-03
68.390000000 -7.917500310962e-03
68.400000000 -7.745245731836e-03
68.410000000 -7.664967044940e-03
68.420000000 -7.539110217393e-03
68.430000000 -7.442146932953e-03
68.440000000 -7.333098476599e-03
68.450000000 -7.230481248314e-03
68.460000000 -7.138731272228e-03
68.470000000 -6.946362285288e-03
68.480000000 -6.851936358680e-03
68.490000000 -6.697091726528e-03
68.500000000 -6.582653124134e-03
68.510000000 -6.430426415632e-03
68.520000000 -6.271003288115e-03
68.530000000 -6.272026224532e-03
68.540000000 -6.176639469725e-03
68.550000000 -6.116213867226e-03
68.560000000 -6.083732236882e-03
68.570000000 -5.933294103184e-03
68.580000000 -5.837900275031e-03
68.590000000 -5.609354920545e-03
68.600000000 -5.525849926643e-03
68.610000000 -5.251194435279e-03
68.620000000 -5.279727066437e-03
68.630000000 -4.960954225021e-03
68.640000000 -4.871700547173e-03
68.650000000 -4.981503063717e-03
68.660000000 -4.626286803031e-03
68.670000000 -4.644353524815e-03
68.680000000 -4.514509267679e-03
68.690000000 -4.463076097833e-03
68.700000000 -4.256253808831e-03
68.710000000 -4.210008540135e-03
68.720000000 -4.129317658399e-03
68.730000000 -3.992999463079e-03
68.740000000 -3.925704705750e-03
68.750000000 -3.850243494940e-03
68.760000000 -3.686525240593e-03
68.770000000 -3.626927422238e-03
68.780000000 -3.507970932788e-03
68.790000000 -3.417448993917e-03
68.800000000 -3.290535072820e-03
68.810000000 -3.176062330551e-03
68.820000000 -3.084982487997e-03
68.830000000 -2.970767546516e-03
68.840000000 -2.892388595047e-03
68.850000000 -2.769073275097e-03
68.860000000 -2.666213337284e-03
68.870000000 -2.605735741319e-03
68.880000000 -2.552299905817e-03
68.890000000 -2.485343273959e-03
68.900000000 -2.462297036344e-03
68.910000000 -2.453382532106e-03
68.920000000 -2.479233263104e-03
68.930000000 -2.528887795665e-03
68.940000000 -2.590361339704e-03
68.950000000 -2.656916254389e-03
68.960000000 -2.728315984152e-03
68.970000000 -2.856353166027e-03
68.980000000 -2.936757541488e-03
68.990000000 -3.072047644321e-03
69.000000000 -3.135468306774e-03
69.010000000 -3.289002828552e-03
69.020000000 -3.373678594847e-03
69.030000000 -3.551652285274e-03
69.040000000 -3.703404710643e-03
69.050000000 -3.817853575252e-03
69.060000000 -4.040878864965e-03
69.070000000 -4.186339570007e-03
69.080000000 -4.435239645813e-03
69.090000000 -4.531589121308e-03
69.100000000 -4.728510422039e-03
69.110000000 -4.871109788374e-03
69.120000000 -5.030973807823e-03
69.130000000 -5.183814482985e-03
69.140000000 -5.297801038821e-03
69.150000000 -5.399182203879e-03
69.160000000 -5.493927082254e-03
69.170000000 -5.577905977511e-03
69.180000000 -5.649285998655e-03
69.190000000 -5.711359770284e-03
69.200000000 -5.731139039537e-03
69.210000000 -5.788897600513e-03
69.220000000 -5.785545320635e-03
69.230000000 -5.799871745640e-03
69.240000000 -5.788270632899e-03
69.250000000 -5.746805730855e-03
69.260000000 -5.662578103684e-03
69.270000000 -5.635079030895e-03
69.280000000 -5.503091639494e-03
69.290000000 -5.389729758361e-03
69.300000000 -5.248835625358e-03
69.310000000 -5.133244672365e-03
69.320000000 -5.013353222337e-03
69.330000000 -4.894212311893e-03
69.340000000 -4.738446911818e-03
69.350000000 -4.601543324181e-03
69.360000000 -4.509164378198e-03
69.370000000 -4.361076738683e-03
69.380000000 -4.257498524784e-03
69.390000000 -4.105057062957e-03
69.400000000 -3.940852287090e-03
69.410000000 -3.831605838923e-03
69.420000000 -3.675325821339e-03
69.430000000 -3.527961683993e-03
69.440000000 -3.397917063725e-03
69.450000000 -3.258268424488e-03
69.460000000 -3.154311143022e-03
69.470000000 -3.048751393347e-03
69.480000000 -2.900588388427e-03
69.490000000 -2.852406293979e-03
69.500000000 -2.727514276648e-03
69.510000000 -2.605200102262e-03
69.520000000 -2.597371627768e-03
69.530000000 -2.473234121325e-03
69.540000000 -2.395207576186e-03
69.550000000 -2.303209955081e-03
69.560000000 -2.289766539384e-03
69.570000000 -2.238461370808e-03
69.580000000 -2.174463178788e-03
69.590000000 -2.111094229892e-03
69.600000000 -2.134703921095e-03
69.610000000 -2.071138394581e-03
69.620000000 -2.113971146943e-03
69.630000000 -2.083001338496e-03
69.640000000 -2.083562631057e-03
69.650000000 -2.010986610669e-03
69.660000000 -2.034419243900e-03
69.670000000 -2.024210274527e-03
69.680000000 -1.969065543042e-03
69.690000000 -1.909898202508e-03
69.700000000 -1.838374771155e-03
69.710000000 -1.827649515368e-03
69.720000000 -1.738290083307e-03
69.730000000 -1.685535078166e-03
69.740000000 -1.585840718676e-03
69.750000000 -1.544896736982e-03
69.760000000 -1.505948684178e-03
69.770000000 -1.380199193472e-03
69.780000000 -1.328926864981e-03
69.790000000 -1.201669288125e-03
69.800000000 -1.207362123981e-03
69.810000000 -1.141972802694e-03
69.820000000 -1.149368083315e-03
69.830000000 -1.102065361568e-03
69.840000000 -1.111837396812e-03
69.850000000 -1.116672443858e-03
69.860000000 -1.136114972483e-03
69.870000000 -1.161240236992e-03
69.880000000 -1.177074732826e-03
69.890000000 -1.188515903876e-03
69.900000000 -1.223760061511e-03
69.910000000 -1.234231062938e-03
69.920000000 -1.253961973422e-03
69.930000000 -1.274252533884e-03
69.940000000 -1.302058891758e-03
69.950000000 -1.318909543378e-03
69.960000000 -1.373504014548e-03
69.970000000 -1.362192530427e-03
69.980000000 -1.337208891565e-03
69.990000000 -1.320840343367e-03
70.000000000 -1.278137048993e-03
70.010000000 -1.260595091111e-03
70.020000000 -1.165618361398e-03
70.030000000 -1.127075655588e-03
70.040000000 -1.067855213029e-03
70.050000000 -1.003367077154e-03
70.060000000 -9.299166205769e-04
70.070000000 -8.384816190572e-04
70.080000000 -7.287373914853e-04
70.090000000 -6.521169116981e-04
70.100000000 -5.632127754692e-04
70.110000000 -4.781990355251e-04
70.120000000 -4.083622140156e-04
70.130000000 -3.079004660714e-04
70.140000000 -2.574390086324e-04
70.150000000 -2.060519146103e-04
70.160000000 -9.269654938331e-05
70.170000000 -7.016302127087e-06
70.180000000 1.276477516890e-04
70.190000000 2.349723783857e-04
70.200000000 3.414899895710e-04
70.210000000 4.201662565982e-04
70.220000000 5.310904121634e-04
70.230000000 6.321365788608e-04
70.240000000 7.452806246102e-04
70.250000000 8.709023205852e-04
70.260000000 1.057806987215e-03
70.270000000 1.263379208962e-03
70.280000000 1.490565828491e-03
70.290000000 1.682157822723e-03
70.300000000 1.921591791404e-03
70.310000000 2.121102336319e-03
70.320000000 2.317925284167e-03
70.330000000 2.533126626650e-03
70.340000000 2.779606850147e-03
70.350000000 3.015199933092e-03
70.360000000 3.340210494874e-03
70.370000000 3.661575279075e-03
70.380000000 3.956262528325e-03
70.390000000 4.348358554960e-03
70.400000000 4.631379394050e-03
70.410000000 5.041602201126e-03
70.420000000 5.339235698945e-03
70.430000000 5.688046065144e-03
70.440000000 5.942382832567e-03
70.450000000 6.203186146673e-03
70.460000000 6.484024642224e-03
70.470000000 6.762933381996e-03
70.480000000 6.997316550426e-03
70.490000000 7.258568224491e-03
70.500000000 7.466675220891e-03
70.510000000 7.699072571232e-03
70.520000000 7.926220738919e-03
70.530000000 8.140575804165e-03
70.540000000 8.304693985240e-03
70.550000000 8.472732413537e-03
70.560000000 8.622017262951e-03
70.570000000 8.758827616029e-03
70.580000000 8.859395745215e-03
70.590000000 8.911004324416e-03
70.600000000 8.991318157360e-03
70.610000000 9.037895283242e-03
70.620000000 9.086089242507e-03
70.630000000 9.094223037283e-03
70.640000000 9.144769754142e-03
70.650000000 9.130658277968e-03
70.660000000 9.182286972691e-03
70.670000000 9.217752660162e-03
70.680000000 9.194215175141e-03
70.690000000 9.164043322427e-03
70.700000000 9.124616398835e-03
70.710000000 9.057005656134e-03
70.720000000 8.975172032967e-03
70.730000000 8.898770656038e-03
70.740000000 8.756918501613e-03
70.750000000 8.680351413041e-03
70.760000000 8.622795122107e-03
70.770000000 8.543729851852e-03
70.780000000 8.527445696658e-03
70.790000000 8.444244735292e-03
70.800000000 8.408799090575e-03
70.810000000 8.297204315163e-03
70.820000000 8.252353184462e-03
70.830000000 8.107027642483e-03
70.840000000 7.973286953269e-03
70.850000000 7.830978951889e-03
70.860000000 7.715628986265e-03
70.870000000 7.563920032710e-03
70.880000000 7.440520656350e-03
70.890000000 7.329170807439e-03
70.900000000 7.184397577303e-03
70.910000000 7.061222608676e-03
70.920000000 6.899184735437e-03
70.930000000 6.703177879476e-03
70.940000000 6.550582153288e-03
70.950000000 6.380786473432e-03
70.960000000 6.259040928851e-03
70.970000000 6.075743079611e-03
70.980000000 5.900624106360e-03
70.990000000 5.639823359236e-03
71.000000000 5.403443031673e-03
71.010000000 5.162060591575e-03
71.020000000 4.852208783787e-03
71.030000000 4.556256505150e-03
71.040000000 4.244838656984e-03
71.050000000 3.971979040666e-03
71.060000000 3.683316885553e-03
71.070000000 3.435657658067e-03
71.080000000 3.106452840084e-03
71.090000000 2.852666614238e-03
71.100000000 2.547164781142e-03
71.110000000 2.287074704036e-03
71.120000000 1.954577807540e-03
71.130000000 1.682457696563e-03
71.140000000 1.473202558450e-03
71.150000000 1.163567933907e-03
71.160000000 9.739395719989e-04
71.170000000 7.348138127178e-04
71.180000000 4.676532041266e-04
71.190000000 2.538946911532e-04
71.200000000 7.265754312824e-05
71.210000000 -8.439806543501e-05
71.220000000 -2.267688636148e-04
71.230000000 -3.757782161520e-04
71.240000000 -5.043956478762e-04
71.250000000 -6.206995453899e-04
71.260000000 -7.103245585666e-04
71.270000000 -8.475853641042e-04
71.280000000 -9.187150554935e-04
71.290000000 -9.983898302269e-04
71.300000000 -1.020014460099e-03
71.310000000 -1.047904163430e-03
71.320000000 -1.050749392636e-03
71.330000000 -1.075523198182e-03
71.340000000 -1.015495855957e-03
71.350000000 -1.032799432982e-03
71.360000000 -1.000602940253e-03
71.370000000 -9.926815051127e-04
71.380000000 -9.647832805939e-04
71.390000000 -8.714855052278e-04
71.400000000 -7.985221407730e-04
71.410000000 -7.213408243546e-04
71.420000000 -6.634702400463e-04
71.430000000 -6.013845622137e-04
71.440000000 -5.417369341902e-04
71.450000000 -4.913424672293e-04
71.460000000 -4.216370305606e-04
71.470000000 -4.130923972449e-04
71.480000000 -3.529875293141e-04
71.490000000 -3.018086208606e-04
71.500000000 -2.919435836684e-04
71.510000000 -2.660570321118e-04
71.520000000 -1.966958480948e-04
71.530000000 -1.800856636899e-04
71.540000000 -1.031151290256e-04
71.550000000 -3.618842384248e-05
71.560000000 -4.735905813150e-06
71.570000000 6.566762499044e-05
71.580000000 9.651896995382e-05
71.590000000 1.556538321326e-04
71.600000000 1.621061658459e-04
71.610000000 2.172729351996e-04
71.620000000 2.338577732323e-04
71.630000000 2.951957963678e-04
71.640000000 3.672289666555e-04
71.650000000 4.635161791489e-04
71.660000000 5.874590271135e-04
71.670000000 6.656120988851e-04
71.680000000 7.634048134562e-04
71.690000000 9.008411964779e-04
71.700000000 1.024384740022e-03
71.710000000 1.164645946188e-03
71.720000000 1.284108285481e-03
71.730000000 1.441989612190e-03
71.740000000 1.635022015503e-03
71.750000000 1.786184489841e-03
71.760000000 1.928975071685e-03
71.770000000 2.120060161592e-03
71.780000000 2.318893503311e-03
71.790000000 2.512386407681e-03
71.800000000 2.757184034071e-03
71.810000000 2.967780133155e-03
71.820000000 3.205636575107e-03
71.830000000 3.441715719195e-03
71.840000000 3.684569467688e-03
71.850000000 3.950063590460e-03
71.860000000 4.131579358087e-03
71.870000000 4.372608648727e-03
71.880000000 4.562048095017e-03
71.890000000 4.790302428407e-03
71.900000000 4.964268588392e-03
71.910000000 5.146900387642e-03
71.920000000 5.323879753100e-03
71.930000000 5.494472649356e-03
71.940000000 5.705103711540e-03
71.950000000 5.865183366987e-03
71.960000000 6.032911981841e-03
71.970000000 6.177847153832e-03
71.980000000 6.354800784757e-03
71.990000000 6.511986000797e-03
72.000000000 6.667545588961e-03
72.010000000 6.809491141875e-03
72.020000000 6.965050495390e-03
72.030000000 7.122245580358e-03
72.040000000 7.248375397543e-03
72.050000000 7.396611666287e-03
72.060000000 7.469842247448e-03
72.070000000 7.608497528522e-03
72.080000000 7.744424586527e-03
72.090000000 7.885186768986e-03
72.100000000 8.028088405624e-03
72.110000000 8.148524957278e-03
72.120000000 8.271665660987e-03
72.130000000 8.388701036524e-03
72.140000000 8.510902658193e-03
72.150000000 8.559253521331e-03
72.160000000 8.588091850833e-03
72.170000000 8.616966552081e-03
72.180000000 8.649708439820e-03
72.190000000 8.617118942529e-03
72.200000000 8.611738839797e-03
72.210000000 8.560702525382e-03
72.220000000 8.539671013770e-03
72.230000000 8.471501773243e-03
72.240000000 8.397888443673e-03
72.250000000 8.301996277787e-03
72.260000000 8.164173036554e-03
72.270000000 8.072813251981e-03
72.280000000 7.969393793203e-03
72.290000000 7.916134125265e-03
72.300000000 7.800490976359e-03
72.310000000 7.722789253684e-03
72.320000000 7.657455967503e-03
72.330000000 7.598225297951e-03
72.340000000 7.475762620366e-03
72.350000000 7.343313651249e-03
72.360000000 7.185344329628e-03
72.370000000 7.052152823666e-03
72.380000000 6.908585312279e-03
72.390000000 6.771059202855e-03
72.400000000 6.622455778231e-03
72.410000000 6.493993932566e-03
72.420000000 6.387574328556e-03
72.430000000 6.267199921930e-03
72.440000000 6.135201891104e-03
72.450000000 5.986423021910e-03
72.460000000 5.906018196252e-03
72.470000000 5.776485069868e-03
72.480000000 5.707001991872e-03
72.490000000 5.596628756640e-03
72.500000000 5.486740924961e-03
72.510000000 5.396753183343e-03
72.520000000 5.342285917528e-03
72.530000000 5.249665957858e-03
72.540000000 5.148990174672e-03
72.550000000 5.020771047472e-03
72.560000000 4.907610474542e-03
72.570000000 4.828716911808e-03
72.580000000 4.737716053226e-03
72.590000000 4.689545554656e-03
72.600000000 4.605077428955e-03
72.610000000 4.579501421621e-03
72.620000000 4.533783267673e-03
72.630000000 4.427029895220e-03
72.640000000 4.302309730166e-03
72.650000000 4.191292391521e-03
72.660000000 4.128982736372e-03
72.670000000 4.085616739014e-03
72.680000000 4.028237044090e-03
72.690000000 4.009896842558e-03
72.700000000 3.983026879447e-03
72.710000000 3.998534722967e-03
72.720000000 3.994745748240e-03
72.730000000 4.002579817109e-03
72.740000000 3.972865298871e-03
72.750000000 3.933666589545e-03
72.760000000 3.935738669900e-03
72.770000000 3.891691580287e-03
72.780000000 3.850356938076e-03
72.790000000 3.826556823802e-03
72.800000000 3.803252502651e-03
72.810000000 3.881518579174e-03
72.820000000 3.911013728398e-03
72.830000000 3.970573133810e-03
72.840000000 4.017471017231e-03
72.850000000 4.022004920170e-03
72.860000000 4.133114402535e-03
72.870000000 4.161264303874e-03
72.880000000 4.275972453601e-03
72.890000000 4.300805451179e-03
72.900000000 4.406053999301e-03
72.910000000 4.519776209079e-03
72.920000000 4.607926908677e-03
72.930000000 4.739776303824e-03
72.940000000 4.739822011974e-03
72.950000000 4.787354058707e-03
72.960000000 4.818572666652e-03
72.970000000 4.826597009603e-03
72.980000000 4.863858819407e-03
72.990000000 4.832263289368e-03
73.000000000 4.897465661407e-03
73.010000000 4.886636429814e-03
73.020000000 4.913462114879e-03
73.030000000 4.923084082362e-03
73.040000000 4.865152258284e-03
73.050000000 4.871950179486e-03
73.060000000 4.824542411335e-03
73.070000000 4.695325464509e-03
73.080000000 4.615444521545e-03
73.090000000 4.432008863117e-03
73.100000000 4.341481407189e-03
73.110000000 4.227540677315e-03
73.120000000 4.145383961694e-03
73.130000000 4.038706442599e-03
73.140000000 3.897311543167e-03
73.150000000 3.813286084247e-03
73.160000000 3.640175686221e-03
73.170000000 3.487741024670e-03
73.180000000 3.344892981583e-03
73.190000000 3.159059222510e-03
73.200000000 3.059566602031e-03
73.210000000 2.865570536997e-03
73.220000000 2.765474731967e-03
73.230000000 2.539822202552e-03
73.240000000 2.415485013998e-03
73.250000000 2.288120374627e-03
73.260000000 2.069546815836e-03
73.270000000 2.003241753313e-03
73.280000000 1.747267349034e-03
73.290000000 1.621039404924e-03
73.300000000 1.463932353277e-03
73.310000000 1.328901374250e-03
73.320000000 1.186419496138e-03
73.330000000 1.069758972966e-03
73.340000000 9.997041244579e-04
73.350000000 9.067032286667e-04
73.360000000 8.529227208697e-04
73.370000000 7.808415094355e-04
73.380000000 6.814195064529e-04
73.390000000 6.275455477005e-04
73.400000000 5.956964032799e-04
73.410000000 5.362580488989e-04
73.420000000 4.607919253690e-04
73.430000000 4.390226747909e-04
73.440000000 3.861054972033e-04
73.450000000 3.597276839919e-04
73.460000000 3.397703812370e-04
73.470000000 3.050306314860e-04
73.480000000 2.921004705667e-04
73.490000000 3.303253347452e-04
73.500000000 3.728349704456e-04
73.510000000 3.930974246162e-04
73.520000000 4.568539309202e-04
73.530000000 4.939091898621e-04
73.540000000 5.752606841362e-04
73.550000000 6.443144161464e-04
73.560000000 7.129545292627e-04
73.570000000 7.566079561470e-04
73.580000000 8.252869786345e-04
73.590000000 9.153421011149e-04
73.600000000 9.654910512032e-04
73.610000000 1.057446843897e-03
73.620000000 1.110653061462e-03
73.630000000 1.178490748741e-03
73.640000000 1.236229502098e-03
73.650000000 1.345069126740e-03
73.660000000 1.342912744058e-03
73.670000000 1.398096836821e-03
73.680000000 1.463018226303e-03
73.690000000 1.553820501119e-03
73.700000000 1.639274978434e-03
73.710000000 1.702912327240e-03
73.720000000 1.788428327377e-03
73.730000000 1.872356301402e-03
73.740000000 1.940811658754e-03
73.750000000 2.025851583279e-03
73.760000000 2.074984129639e-03
73.770000000 2.115868513170e-03
73.780000000 2.175415390641e-03
73.790000000 2.241038489874e-03
73.800000000 2.268213148677e-03
73.810000000 2.301201135529e-03
73.820000000 2.293979416782e-03
73.830000000 2.316836923945e-03
73.840000000 2.336610154923e-03
73.850000000 2.306168013173e-03
73.860000000 2.320556609081e-03
73.870000000 2.252868438856e-03
73.880000000 2.239805836451e-03
73.890000000 2.226189163297e-03
73.900000000 2.162486529431e-03
73.910000000 2.073786347571e-03
73.920000000 1.968993283686e-03
73.930000000 1.884300736954e-03
73.940000000 1.806598676993e-03
73.950000000 1.704515782763e-03
73.960000000 1.551298681991e-03
73.970000000 1.349207760111e-03
73.980000000 1.166132977175e-03
73.990000000 9.358581814504e-04
74.000000000 7.377971638608e-04
74.010000000 5.074048447444e-04
74.020000000 3.051354540945e-04
74.030000000 7.337554820673e-05
74.040000000 -1.279336096422e-04
74.050000000 -3.218860654283e-04
74.060000000 -5.568400252117e-04
74.070000000 -8.563806499893e-04
74.080000000 -1.068394301442e-03
74.090000000 -1.301895993881e-03
74.100000000 -1.536934626694e-03
74.110000000 -1.772237703815e-03
74.120000000 -1.968908641764e-03
74.130000000 -2.173957254074e-03
74.140000000 -2.285624749562e-03
74.150000000 -2.448525533278e-03
74.160000000 -2.658489423571e-03
74.170000000 -2.802378904355e-03
74.180000000 -2.947778246183e-03
74.190000000 -3.119832142313e-03
74.200000000 -3.274758401130e-03
74.210000000 -3.433764398948e-03
74.220000000 -3.576479381211e-03
74.230000000 -3.694070985205e-03
74.240000000 -3.823067511006e-03
74.250000000 -3.971903349130e-03
74.260000000 -4.049498434844e-03
74.270000000 -4.171934953067e-03
74.280000000 -4.213151963810e-03
74.290000000 -4.312307987790e-03
74.300000000 -4.463094913535e-03
74.310000000 -4.513022917427e-03
74.320000000 -4.654188009676e-03
74.330000000 -4.682398122693e-03
74.340000000 -4.796005639544e-03
74.350000000 -4.892042627674e-03
74.360000000 -5.048837188745e-03
74.370000000 -5.099443610404e-03
74.380000000 -5.223445306040e-03
74.390000000 -5.262175766941e-03
74.400000000 -5.383844332389e-03
74.410000000 -5.421469051213e-03
74.420000000 -5.427265848962e-03
74.430000000 -5.482679660642e-03
74.440000000 -5.544141417391e-03
74.450000000 -5.619153415829e-03
74.460000000 -5.566845919514e-03
74.470000000 -5.674676475600e-03
74.480000000 -5.636845518708e-03
74.490000000 -5.741195879477e-03
74.500000000 -5.779479467835e-03
74.510000000 -5.885933056667e-03
74.520000000 -5.955561844506e-03
74.530000000 -6.021114936061e-03
74.540000000 -6.114744982687e-03
74.550000000 -6.247132261518e-03
74.560000000 -6.330223379056e-03
74.570000000 -6.410127017257e-03
74.580000000 -6.509823777387e-03
74.590000000 -6.636294053291e-03
74.600000000 -6.757512010127e-03
74.610000000 -6.865811804929e-03
74.620000000 -6.992257507857e-03
74.630000000 -7.173636478439e-03
74.640000000 -7.372168909691e-03
74.650000000 -7.547758097167e-03
74.660000000 -7.792331265052e-03
74.670000000 -7.913544222133e-03
74.680000000 -8.046707153774e-03
74.690000000 -8.268125193811e-03
74.700000000 -8.458799060831e-03
74.710000000 -8.611294635787e-03
74.720000000 -8.801030723896e-03
74.730000000 -9.043893681629e-03
74.740000000 -9.227861626125e-03
74.750000000 -9.496429816204e-03
74.760000000 -9.652319850863e-03
74.770000000 -9.896256858665e-03
74.780000000 -1.011233713791e-02
74.790000000 -1.035096082191e-02
74.800000000 -1.057666152180e-02
74.810000000 -1.073879354459e-02
74.820000000 -1.094578906693e-02
74.830000000 -1.110714359799e-02
74.840000000 -1.130912097912e-02
74.850000000 -1.146419831404e-02
74.860000000 -1.157526083934e-02
74.870000000 -1.174937445481e-02
74.880000000 -1.177358920651e-02
74.890000000 -1.187433441977e-02
74.900000000 -1.201005861260e-02
74.910000000 -1.208893375485e-02
74.920000000 -1.216172420566e-02
74.930000000 -1.227615172494e-02
74.940000000 -1.232871027394e-02
74.950000000 -1.240406863009e-02
74.960000000 -1.244167947659e-02
74.970000000 -1.251315492747e-02
74.980000000 -1.256484211967e-02
74.990000000 -1.265643208057e-02
75.000000000 -1.272395848256e-02
75.010000000 -1.268202753965e-02
75.020000000 -1.281119733689e-02
75.030000000 -1.286369164630e-02
75.040000000 -1.292242427957e-02
75.050000000 -1.298489051619e-02
75.060000000 -1.300793207948e-02
75.070000000 -1.310724582047e-02
75.080000000 -1.316620263227e-02
75.090000000 -1.323591089476e-02
75.100000000 -1.333680697567e-02
75.110000000 -1.331769487644e-02
75.120000000 -1.357344639676e-02
75.130000000 -1.352469713299e-02
75.140000000 -1.376212413486e-02
75.150000000 -1.384257786186e-02
75.160000000 -1.394017847490e-02
75.170000000 -1.408557597001e-02
75.180000000 -1.421188533687e-02
75.190000000 -1.434557547714e-02
75.200000000 -1.440267767603e-02
75.210000000 -1.451980243354e-02
75.220000000 -1.460200058061e-02
75.230000000 -1.463916842051e-02
75.240000000 -1.476042893302e-02
75.250000000 -1.475960579440e-02
75.260000000 -1.479170344418e-02
75.270000000 -1.482456724974e-02
75.280000000 -1.482090928076e-02
75.290000000 -1.485005775031e-02
75.300000000 -1.476428426385e-02
75.310000000 -1.476401499444e-02
75.320000000 -1.470002523038e-02
75.330000000 -1.469060687531e-02
75.340000000 -1.456636488202e-02
75.350000000 -1.448074808278e-02
75.360000000 -1.434143790092e-02
75.370000000 -1.419467082483e-02
75.380000000 -1.402470364974e-02
75.390000000 -1.387471154167e-02
75.400000000 -1.367793555306e-02
75.410000000 -1.350841122131e-02
75.420000000 -1.336827421845e-02
75.430000000 -1.308585738684e-02
75.440000000 -1.293723270389e-02
75.450000000 -1.266887566932e-02
75.460000000 -1.250746388573e-02
75.470000000 -1.225106904504e-02
75.480000000 -1.204141608163e-02
75.490000000 -1.180019959208e-02
75.500000000 -1.152125994107e-02
75.510000000 -1.130131467351e-02
75.520000000 -1.102913889688e-02
75.530000000 -1.077845574147e-02
75.540000000 -1.047417993479e-02
75.550000000 -1.020841899888e-02
75.560000000 -9.931651191445e-03
75.570000000 -9.699439807426e-03
75.580000000 -9.398575472481e-03
75.590000000 -9.153525150847e-03
75.600000000 -8.847064501025e-03
75.610000000 -8.603218851213e-03
75.620000000 -8.303674465381e-03
75.630000000 -8.025281514566e-03
75.640000000 -7.720326249532e-03
75.650000000 -7.446755305589e-03
75.660000000 -7.146807420219e-03
75.670000000 -6.882229908209e-03
75.680000000 -6.545638930027e-03
75.690000000 -6.228231949885e-03
75.700000000 -5.961991978302e-03
75.710000000 -5.650574678755e-03
75.720000000 -5.336110277429e-03
75.730000000 -5.020920581743e-03
75.740000000 -4.725999172079e-03
75.750000000 -4.420821226440e-03
75.760000000 -4.142119784028e-03
75.770000000 -3.831830713934e-03
75.780000000 -3.537863795661e-03
75.790000000 -3.260073482945e-03
75.800000000 -2.923107119132e-03
75.810000000 -2.739214244651e-03
75.820000000 -2.398170428853e-03
75.830000000 -2.160050591667e-03
75.840000000 -1.902314513412e-03
75.850000000 -1.611512339347e-03
75.860000000 -1.451672292840e-03
75.870000000 -1.151984901342e-03
75.880000000 -9.705083994206e-04
75.890000000 -7.345173822742e-04
75.900000000 -5.085737508603e-04
75.910000000 -3.145812394733e-04
75.920000000 -8.626219201670e-05
75.930000000 1.110683628300e-04
75.940000000 3.121295594418e-04
75.950000000 4.748504008904e-04
75.960000000 6.882562571627e-04
75.970000000 8.564759060855e-04
75.980000000 1.101623347876e-03
75.990000000 1.279895809598e-03
76.000000000 1.478293022329e-03
76.010000000 1.657628004458e-03
76.020000000 1.842687277359e-03
76.030000000 2.067970789926e-03
76.040000000 2.234643340292e-03
76.050000000 2.434608827802e-03
76.060000000 2.564098985776e-03
76.070000000 2.764112809077e-03
76.080000000 2.955803108252e-03
76.090000000 3.122731520406e-03
76.100000000 3.295257779042e-03
76.110000000 3.493764233147e-03
76.120000000 3.630572012223e-03
76.130000000 3.855190120770e-03
76.140000000 4.015557292429e-03
76.150000000 4.189309674277e-03
76.160000000 4.312192914502e-03
76.170000000 4.491075532927e-03
76.180000000 4.592619880322e-03
76.190000000 4.788662922283e-03
76.200000000 4.894395513966e-03
76.210000000 5.099284549704e-03
76.220000000 5.241237940942e-03
76.230000000 5.402157693405e-03
76.240000000 5.506283502602e-03
76.250000000 5.619707482429e-03
76.260000000 5.789387715095e-03
76.270000000 5.879597505035e-03
76.280000000 6.054632900625e-03
76.290000000 6.051094989051e-03
76.300000000 6.255653959590e-03
76.310000000 6.362225005308e-03
76.320000000 6.403534937703e-03
76.330000000 6.501458324175e-03
76.340000000 6.678625327506e-03
76.350000000 6.766810920920e-03
76.360000000 6.834404655824e-03
76.370000000 6.958957895926e-03
76.380000000 7.071734855798e-03
76.390000000 7.138498191231e-03
76.400000000 7.226382468956e-03
76.410000000 7.342377324517e-03
76.420000000 7.447827920774e-03
76.430000000 7.567595461847e-03
76.440000000 7.670134954222e-03
76.450000000 7.727220485247e-03
76.460000000 7.824834013445e-03
76.470000000 7.900057595861e-03
76.480000000 7.949277621865e-03
76.490000000 7.984847621458e-03
76.500000000 8.009858481857e-03
76.510000000 8.097074394277e-03
76.520000000 8.143290621553e-03
76.530000000 8.215894964456e-03
76.540000000 8.259430929328e-03
76.550000000 8.314789617548e-03
76.560000000 8.325076969958e-03
76.570000000 8.336697117543e-03
76.580000000 8.251277474570e-03
76.590000000 8.266290458758e-03
76.600000000 8.298325830007e-03
76.610000000 8.340635153810e-03
76.620000000 8.320462436712e-03
76.630000000 8.225723607470e-03
76.640000000 8.228440037649e-03
76.650000000 8.193716619433e-03
76.660000000 8.125606224337e-03
76.670000000 8.109355547722e-03
76.680000000 8.097172489304e-03
76.690000000 8.099993439424e-03
76.700000000 8.081868122495e-03
76.710000000 8.069471897476e-03
76.720000000 8.077870725149e-03
76.730000000 8.061276166923e-03
76.740000000 7.958358284222e-03
76.750000000 7.880874158426e-03
76.760000000 7.803822028074e-03
76.770000000 7.727337468111e-03
76.780000000 7.626528522708e-03
76.790000000 7.575162455000e-03
76.800000000 7.542629272305e-03
76.810000000 7.514624409421e-03
76.820000000 7.494941034232e-03
76.830000000 7.522086409608e-03
76.840000000 7.454965871923e-03
76.850000000 7.443259053595e-03
76.860000000 7.429059340013e-03
76.870000000 7.385915841675e-03
76.880000000 7.410456954162e-03
76.890000000 7.425854467145e-03
76.900000000 7.476784119981e-03
76.910000000 7.495666962119e-03
76.920000000 7.542326750456e-03
76.930000000 7.531848649410e-03
76.940000000 7.552367354376e-03
76.950000000 7.529977371744e-03
76.960000000 7.561545253573e-03
76.970000000 7.547151090278e-03
76.980000000 7.550260106579e-03
76.990000000 7.533321886868e-03
77.000000000 7.469993458954e-03
77.010000000 7.467543436815e-03
77.020000000 7.432532144429e-03
77.030000000 7.416135598545e-03
77.040000000 7.386969997100e-03
77.050000000 7.412852754371e-03
77.060000000 7.332996229269e-03
77.070000000 7.280907495482e-03
77.080000000 7.169710411304e-03
77.090000000 7.119916380569e-03
77.100000000 7.026219110861e-03
77.110000000 6.914814924310e-03
77.120000000 6.776298043832e-03
77.130000000 6.656810217837e-03
77.140000000 6.486119127736e-03
77.150000000 6.385102013632e-03
77.160000000 6.243208074070e-03
77.170000000 6.108130991473e-03
77.180000000 5.959029338581e-03
77.190000000 5.793580958336e-03
77.200000000 5.601865393558e-03
77.210000000 5.448051116484e-03
77.220000000 5.226064242905e-03
77.230000000 5.040518370968e-03
77.240000000 4.794887649701e-03
77.250000000 4.557908388169e-03
77.260000000 4.294204537473e-03
77.270000000 3.998292415473e-03
77.280000000 3.728465334361e-03
77.290000000 3.449850561689e-03
77.300000000 3.147378712683e-03
77.310000000 2.856551483212e-03
77.320000000 2.524411201260e-03
77.330000000 2.254232419291e-03
77.340000000 1.997427751236e-03
77.350000000 1.625752824259e-03
77.360000000 1.551555292824e-03
77.370000000 8.692768776157e-04
77.380000000 9.580734184321e-04
77.390000000 2.474801760367e-04
77.400000000 3.065621681360e-04
77.410000000 -4.093368361313e-04
77.420000000 -3.060281341881e-04
77.430000000 -9.115303200206e-04
77.440000000 -1.026802958557e-03
77.450000000 -1.270944101067e-03
77.460000000 -1.756871939912e-03
77.470000000 -1.723729610082e-03
77.480000000 -2.306542157885e-03
77.490000000 -2.232050279064e-03
77.500000000 -2.687197348643e-03
77.510000000 -2.778505880338e-03
77.520000000 -3.029110414517e-03
77.530000000 -3.190482436251e-03
77.540000000 -3.310939906206e-03
77.550000000 -3.442220523670e-03
77.560000000 -3.531950499918e-03
77.570000000 -3.638817238940e-03
77.580000000 -3.696593815378e-03
77.590000000 -3.704763089253e-03
77.600000000 -3.769410495357e-03
77.610000000 -3.745918900369e-03
77.620000000 -3.810192531913e-03
77.630000000 -3.723401045717e-03
77.640000000 -3.754204936324e-03
77.650000000 -3.665631129476e-03
77.660000000 -3.613086403092e-03
77.670000000 -3.579460539949e-03
77.680000000 -3.501645421304e-03
77.690000000 -3.435022996248e-03
77.700000000 -3.317110805648e-03
77.710000000 -3.282529295811e-03
77.720000000 -3.129385726014e-03
77.730000000 -3.043439874143e-03
77.740000000 -2.914250838837e-03
77.750000000 -2.805959110460e-03
77.760000000 -2.731052373030e-03
77.770000000 -2.565420097485e-03
77.780000000 -2.494997629817e-03
77.790000000 -2.300344903919e-03
77.800000000 -2.243931071602e-03
77.810000000 -2.133902489422e-03
77.820000000 -2.062783923537e-03
77.830000000 -1.929686147544e-03
77.840000000 -1.836931319396e-03
77.850000000 -1.708993010966e-03
77.860000000 -1.632732820214e-03
77.870000000 -1.474085723266e-03
77.880000000 -1.422880059075e-03
77.890000000 -1.261144986034e-03
77.900000000 -1.181924050890e-03
77.910000000 -1.092578522360e-03
77.920000000 -9.867432973822e-04
77.930000000 -8.794055470151e-04
77.940000000 -7.853960812233e-04
77.950000000 -6.431292694492e-04
77.960000000 -5.941772778070e-04
77.970000000 -4.709027859526e-04
77.980000000 -3.775349516187e-04
77.990000000 -2.554294046030e-04
78.000000000 -1.736593233523e-04
78.010000000 -1.089685611425e-04
78.020000000 4.098594427741e-05
78.030000000 9.416287787899e-05
78.040000000 2.096151194587e-04
78.050000000 2.563505935534e-04
78.060000000 3.694564799959e-04
78.070000000 4.206446221973e-04
78.080000000 5.448966301082e-04
78.090000000 6.199485945099e-04
78.100000000 6.677847057840e-04
78.110000000 7.637017724651e-04
78.120000000 8.024876062736e-04
78.130000000 9.061893481590e-04
78.140000000 9.645810418414e-04
78.150000000 1.033532611005e-03
78.160000000 1.101920623597e-03
78.170000000 1.173306957878e-03
78.180000000 1.249096882703e-03
78.190000000 1.288720919250e-03
78.200000000 1.379532463221e-03
78.210000000 1.477016463404e-03
78.220000000 1.569137112917e-03
78.230000000 1.695911484008e-03
78.240000000 1.758690358278e-03
78.250000000 1.847270630319e-03
78.260000000 1.920955712610e-03
78.270000000 2.016638585635e-03
78.280000000 2.084129861881e-03
78.290000000 2.161558982572e-03
78.300000000 2.258196484271e-03
78.310000000 2.347052525682e-03
78.320000000 2.466225123892e-03
78.330000000 2.583427371195e-03
78.340000000 2.623737189582e-03
78.350000000 2.710658197293e-03
78.360000000 2.707286306761e-03
78.370000000 2.783657867863e-03
78.380000000 2.863924381709e-03
78.390000000 2.929522786754e-03
78.400000000 2.963049340828e-03
78.410000000 2.981759220355e-03
78.420000000 3.000291356954e-03
78.430000000 2.996497889279e-03
78.440000000 2.997983584249e-03
78.450000000 2.994027631883e-03
78.460000000 3.011059776542e-03
78.470000000 3.002560299428e-03
78.480000000 3.031665977476e-03
78.490000000 3.029697835951e-03
78.500000000 3.002645785054e-03
78.510000000 2.986498172045e-03
78.520000000 3.025487697815e-03
78.530000000 2.986114256863e-03
78.540000000 3.007384767671e-03
78.550000000 2.970231786738e-03
78.560000000 2.959120742710e-03
78.570000000 2.983295749363e-03
78.580000000 2.997214749196e-03
78.590000000 3.046609010294e-03
78.600000000 3.061542331713e-03
78.610000000 3.101080319616e-03
78.620000000 3.134568239727e-03
78.630000000 3.152893213833e-03
78.640000000 3.177643350501e-03
78.650000000 3.259245501335e-03
78.660000000 3.310492413441e-03
78.670000000 3.497122054673e-03
78.680000000 3.575473950809e-03
78.690000000 3.682125747955e-03
78.700000000 3.730838852013e-03
78.710000000 3.835104776718e-03
78.720000000 3.924220787499e-03
78.730000000 4.083944977811e-03
78.740000000 4.225510115849e-03
78.750000000 4.367801232306e-03
78.760000000 4.526097125804e-03
78.770000000 4.616602795973e-03
78.780000000 4.749292629550e-03
78.790000000 4.819348105617e-03
78.800000000 4.991139572677e-03
78.810000000 5.157130643523e-03
78.820000000 5.309018409261e-03
78.830000000 5.457115823980e-03
78.840000000 5.551950643626e-03
78.850000000 5.714093830899e-03
78.860000000 5.841516347113e-03
78.870000000 6.010556520307e-03
78.880000000 6.220387494463e-03
78.890000000 6.376936691863e-03
78.900000000 6.540998107670e-03
78.910000000 6.613352127003e-03
78.920000000 6.951312963917e-03
78.930000000 7.116365599629e-03
78.940000000 7.296361821094e-03
78.950000000 7.443693986099e-03
78.960000000 7.539783468489e-03
78.970000000 7.603104668719e-03
78.980000000 7.619940873434e-03
78.990000000 7.646046629348e-03
79.000000000 7.743609963167e-03
79.010000000 7.816182873940e-03
79.020000000 7.996460865976e-03
79.030000000 8.100299605865e-03
79.040000000 8.179562820069e-03
79.050000000 8.269422182686e-03
79.060000000 8.318497845710e-03
79.070000000 8.418604654041e-03
79.080000000 8.425611815958e-03
79.090000000 8.535528095753e-03
79.100000000 8.596594870587e-03
79.110000000 8.711870714276e-03
79.120000000 8.716806971846e-03
79.130000000 8.748726051082e-03
79.140000000 8.826458687865e-03
79.150000000 8.807342838196e-03
79.160000000 8.915133705291e-03
79.170000000 8.889844433928e-03
79.180000000 8.958069717726e-03
79.190000000 8.942465724280e-03
79.200000000 8.892748651626e-03
79.210000000 8.911082593192e-03
79.220000000 8.839648687855e-03
79.230000000 8.786186694757e-03
79.240000000 8.820004494642e-03
79.250000000 8.767901288748e-03
79.260000000 8.755414098838e-03
79.270000000 8.669941322500e-03
79.280000000 8.560647203068e-03
79.290000000 8.499987753857e-03
79.300000000 8.392158674810e-03
79.310000000 8.339407731500e-03
79.320000000 8.259615438672e-03
79.330000000 8.116845014211e-03
79.340000000 8.080192609283e-03
79.350000000 7.981004999830e-03
79.360000000 7.928372569337e-03
79.370000000 7.763095202484e-03
79.380000000 7.691561278916e-03
79.390000000 7.587864527689e-03
79.400000000 7.472801655500e-03
79.410000000 7.324639989127e-03
79.420000000 7.157373541925e-03
79.430000000 7.025434235193e-03
79.440000000 6.863082672193e-03
79.450000000 6.767978721842e-03
79.460000000 6.544910198826e-03
79.470000000 6.504514864304e-03
79.480000000 6.270767770507e-03
79.490000000 6.178316319509e-03
79.500000000 6.063548396307e-03
79.510000000 5.835356315586e-03
79.520000000 5.694409951294e-03
79.530000000 5.455093050429e-03
79.540000000 5.269861134977e-03
79.550000000 5.093633469805e-03
79.560000000 4.793152710937e-03
79.570000000 4.560111082973e-03
79.580000000 4.427394249090e-03
79.590000000 4.099947961430e-03
79.600000000 3.966961764595e-03
79.610000000 3.651405923992e-03
79.620000000 3.429686090197e-03
79.630000000 3.158979138975e-03
79.640000000 2.989439130327e-03
79.650000000 2.482602505101e-03
79.660000000 2.393800869511e-03
79.670000000 2.215199183493e-03
79.680000000 1.759318638628e-03
79.690000000 1.526783206315e-03
79.700000000 1.240627024928e-03
79.710000000 1.013402371420e-03
79.720000000 7.356645093728e-04
79.730000000 4.648790056248e-04
79.740000000 2.736797263336e-04
79.750000000 -8.899317928734e-06
79.760000000 -3.297894916241e-04
79.770000000 -5.657628031432e-04
79.780000000 -8.559627189842e-04
79.790000000 -1.123941117696e-03
79.800000000 -1.328858549959e-03
79.810000000 -1.651071136505e-03
79.820000000 -1.820881158685e-03
79.830000000 -2.109495740849e-03
79.840000000 -2.272466226720e-03
79.850000000 -2.500061963568e-03
79.860000000 -2.703378374612e-03
79.870000000 -2.900575983864e-03
79.880000000 -3.143637569590e-03
79.890000000 -3.326279209959e-03
79.900000000 -3.535077761243e-03
79.910000000 -3.777149776918e-03
79.920000000 -3.905387870014e-03
79.930000000 -4.082026674911e-03
79.940000000 -4.263499049800e-03
79.950000000 -4.425269618863e-03
79.960000000 -4.674313543067e-03
79.970000000 -4.792128918864e-03
79.980000000 -4.988735667050e-03
79.990000000 -5.106886158667e-03
80.000000000 -5.206309567689e-03
80.010000000 -5.398868937602e-03
80.020000000 -5.472838423579e-03
80.030000000 -5.579505942072e-03
80.040000000 -5.686398011779e-03
80.050000000 -5.805306275184e-03
80.060000000 -5.901491826247e-03
80.070000000 -6.020855143765e-03
80.080000000 -6.044599265418e-03
80.090000000 -6.185821508199e-03
80.100000000 -6.234494362205e-03
80.110000000 -6.336231947214e-03
80.120000000 -6.398856762173e-03
80.130000000 -6.480468215102e-03
80.140000000 -6.550172824999e-03
80.150000000 -6.614019349128e-03
80.160000000 -6.689730513980e-03
80.170000000 -6.737154770482e-03
80.180000000 -6.812963872488e-03
80.190000000 -6.823099405355e-03
80.200000000 -6.913124043322e-03
80.210000000 -6.958263981758e-03
80.220000000 -6.941514947051e-03
80.230000000 -6.943132370498e-03
80.240000000 -6.963128154105e-03
80.250000000 -6.974125626665e-03
80.260000000 -6.995204454690e-03
80.270000000 -6.976697931353e-03
80.280000000 -7.029671349130e-03
80.290000000 -7.036227067376e-03
80.300000000 -7.123195246681e-03
80.310000000 -7.093730306064e-03
80.320000000 -7.109445231098e-03
80.330000000 -7.145150681983e-03
80.340000000 -7.129762998537e-03
80.350000000 -7.168872590925e-03
80.360000000 -7.105147796833e-03
80.370000000 -7.048856339717e-03
80.380000000 -6.981084557149e-03
80.390000000 -6.965524641946e-03
80.400000000 -6.920957083341e-03
80.410000000 -6.881022372797e-03
80.420000000 -6.845200549890e-03
80.430000000 -6.806869295717e-03
80.440000000 -6.818484489875e-03
80.450000000 -6.787500354490e-03
80.460000000 -6.752191533955e-03
80.470000000 -6.742494260659e-03
80.480000000 -6.714525768090e-03
80.490000000 -6.707228084358e-03
80.500000000 -6.736714949108e-03
80.510000000 -6.671349771467e-03
80.520000000 -6.650438011594e-03
80.530000000 -6.582546357603e-03
80.540000000 -6.648656369237e-03
80.550000000 -6.629823279407e-03
80.560000000 -6.666628342568e-03
80.570000000 -6.714745266405e-03
80.580000000 -6.742531104045e-03
80.590000000 -6.774008219033e-03
80.600000000 -6.854360944129e-03
80.610000000 -6.821438243451e-03
80.620000000 -6.910377121825e-03
80.630000000 -6.912981301353e-03
80.640000000 -7.005436543971e-03
80.650000000 -7.066481345784e-03
80.660000000 -7.159079173427e-03
80.670000000 -7.248168114999e-03
80.680000000 -7.285864893345e-03
80.690000000 -7.536684373316e-03
80.700000000 -7.544401124300e-03
80.710000000 -7.588402644456e-03
80.720000000 -7.782785008019e-03
80.730000000 -7.773980028030e-03
80.740000000 -7.946714053266e-03
80.750000000 -8.049599838366e-03
80.760000000 -8.122282215762e-03
80.770000000 -8.250102930190e-03
80.780000000 -8.386630799613e-03
80.790000000 -8.508627172976e-03
80.800000000 -8.623915827739e-03
80.810000000 -8.714798501310e-03
80.820000000 -8.760188637350e-03
80.830000000 -8.822354313636e-03
80.840000000 -8.904581726429e-03
80.850000000 -9.038965433974e-03
80.860000000 -8.990454558174e-03
80.870000000 -9.114079759647e-03
80.880000000 -9.158329995398e-03
80.890000000 -9.073240593749e-03
80.900000000 -9.249164532447e-03
80.910000000 -9.140615610025e-03
80.920000000 -9.279409997512e-03
80.930000000 -9.215120712910e-03
80.940000000 -9.242390332375e-03
80.950000000 -9.291800437974e-03
80.960000000 -9.014698963666e-03
80.970000000 -9.204675783349e-03
80.980000000 -9.132946844908e-03
80.990000000 -9.100254214889e-03
81.000000000 -9.136929622394e-03
81.010000000 -8.948318079552e-03
81.020000000 -8.962193016760e-03
81.030000000 -8.789538368941e-03
81.040000000 -8.750068564409e-03
81.050000000 -8.706258165425e-03
81.060000000 -8.541798699933e-03
81.070000000 -8.557153119511e-03
81.080000000 -8.335170718026e-03
81.090000000 -8.267361374457e-03
81.100000000 -8.108419217726e-03
81.110000000 -7.978388435245e-03
81.120000000 -7.851002668703e-03
81.130000000 -7.740866493509e-03
81.140000000 -7.566919036589e-03
81.150000000 -7.330868036161e-03
81.160000000 -7.229314052476e-03
81.170000000 -7.039347479140e-03
81.180000000 -6.878762548847e-03
81.190000000 -6.792030152343e-03
81.200000000 -6.579662496526e-03
81.210000000 -6.446189858807e-03
81.220000000 -6.261349775853e-03
81.230000000 -6.118841331813e-03
81.240000000 -5.955707522012e-03
81.250000000 -5.790334702900e-03
81.260000000 -5.634669320804e-03
81.270000000 -5.515775670939e-03
81.280000000 -5.331335369777e-03
81.290000000 -5.198149794212e-03
81.300000000 -5.040563498668e-03
81.310000000 -4.923157784421e-03
81.320000000 -4.828806881742e-03
81.330000000 -4.728048368640e-03
81.340000000 -4.618914081180e-03
81.350000000 -4.505767912634e-03
81.360000000 -4.377082433085e-03
81.370000000 -4.307777465827e-03
81.380000000 -4.182641526435e-03
81.390000000 -4.131301472298e-03
81.400000000 -4.020110753523e-03
81.410000000 -3.937548178122e-03
81.420000000 -3.882619587348e-03
81.430000000 -3.720818038772e-03
81.440000000 -3.693464988976e-03
81.450000000 -3.550462699293e-03
81.460000000 -3.520207381937e-03
81.470000000 -3.473100780512e-03
81.480000000 -3.391820827928e-03
81.490000000 -3.313145828851e-03
81.500000000 -3.218057518055e-03
81.510000000 -3.146982420086e-03
81.520000000 -3.145474023937e-03
81.530000000 -3.048305489119e-03
81.540000000 -3.021189965070e-03
81.550000000 -2.902481578876e-03
81.560000000 -2.842317970943e-03
81.570000000 -2.777854002689e-03
81.580000000 -2.706751552882e-03
81.590000000 -2.625776491614e-03
81.600000000 -2.601210861049e-03
81.610000000 -2.548281022316e-03
81.620000000 -2.522596368553e-03
81.630000000 -2.460542098762e-03
81.640000000 -2.405636176081e-03
81.650000000 -2.335473819452e-03
81.660000000 -2.361715383945e-03
81.670000000 -2.280136140446e-03
81.680000000 -2.217830918485e-03
81.690000000 -2.231646707567e-03
81.700000000 -2.140634947775e-03
81.710000000 -2.180563072923e-03
81.720000000 -2.123022867466e-03
81.730000000 -2.102424951061e-03
81.740000000 -2.081335636512e-03
81.750000000 -2.012745056913e-03
81.760000000 -2.014260752804e-03
81.770000000 -1.972132063784e-03
81.780000000 -1.931946487421e-03
81.790000000 -1.894660271729e-03
81.800000000 -1.839630447023e-03
81.810000000 -1.825563030658e-03
81.820000000 -1.742499565210e-03
81.830000000 -1.700256295612e-03
81.840000000 -1.651861609362e-03
81.850000000 -1.606684770586e-03
81.860000000 -1.562771769630e-03
81.870000000 -1.517353727488e-03
81.880000000 -1.419356808573e-03
81.890000000 -1.359712101257e-03
81.900000000 -1.262255934101e-03
81.910000000 -1.223107775590e-03
81.920000000 -1.063273623762e-03
81.930000000 -1.057699904668e-03
81.940000000 -9.753043134784e-04
81.950000000 -8.717025956858e-04
81.960000000 -8.133711018564e-04
81.970000000 -6.989728450691e-04
81.980000000 -5.897251488321e-04
81.990000000 -4.834667858676e-04
82.000000000 -3.980319771023e-04
82.010000000 -2.831413888576e-04
82.020000000 -1.814750187386e-04
82.030000000 -5.909690538897e-05
82.040000000 -2.340086635118e-05
82.050000000 1.045856080660e-04
82.060000000 7.674796665012e-05
82.070000000 1.608969835403e-04
82.080000000 2.500277898521e-04
82.090000000 2.902889431488e-04
82.100000000 3.743407937493e-04
82.110000000 3.901751339054e-04
82.120000000 4.373550834417e-04
82.130000000 4.795462951170e-04
82.140000000 5.139762694268e-04
82.150000000 5.140514898033e-04
82.160000000 5.480673959549e-04
82.170000000 6.003499674172e-04
82.180000000 5.718307890692e-04
82.190000000 6.232427579220e-04
82.200000000 5.718284460306e-04
82.210000000 5.652095250160e-04
82.220000000 4.996697013490e-04
82.230000000 4.835668569649e-04
82.240000000 4.689422713737e-04
82.250000000 3.973893929077e-04
82.260000000 4.270774096944e-04
82.270000000 3.933950305781e-04
82.280000000 3.911532680305e-04
82.290000000 3.299299959679e-04
82.300000000 2.875157150584e-04
82.310000000 2.518691699898e-04
82.320000000 2.387341750354e-04
82.330000000 2.279785846865e-04
82.340000000 2.183254785733e-04
82.350000000 1.561585673875e-04
82.360000000 1.600031436629e-04
82.370000000 1.158974154543e-04
82.380000000 1.169775588609e-04
82.390000000 1.083345389067e-04
82.400000000 1.570076614316e-04
82.410000000 1.610182291900e-04
82.420000000 2.412555018686e-04
82.430000000 2.294787187744e-04
82.440000000 2.411957603475e-04
82.450000000 3.052482296416e-04
82.460000000 3.053307520373e-04
82.470000000 4.214792146845e-04
82.480000000 4.010482574796e-04
82.490000000 4.716726152065e-04
82.500000000 5.130729490700e-04
82.510000000 5.597735810657e-04
82.520000000 6.624121672433e-04
82.530000000 6.478731946857e-04
82.540000000 7.567220452742e-04
82.550000000 7.759602699087e-04
82.560000000 8.518844567303e-04
82.570000000 9.114900719098e-04
82.580000000 9.178555089180e-04
82.590000000 9.853922080798e-04
82.600000000 9.805565530037e-04
82.610000000 1.097499658799e-03
82.620000000 1.111218035332e-03
82.630000000 1.168838935882e-03
82.640000000 1.148792153935e-03
82.650000000 1.207429562195e-03
82.660000000 1.242874467948e-03
82.670000000 1.260020310347e-03
82.680000000 1.295794602017e-03
82.690000000 1.254358436917e-03
82.700000000 1.307610208966e-03
82.710000000 1.244511281403e-03
82.720000000 1.278885610976e-03
82.730000000 1.230816034062e-03
82.740000000 1.231349363337e-03
82.750000000 1.207095484353e-03
82.760000000 1.184703857438e-03
82.770000000 1.160442553844e-03
82.780000000 1.093791548176e-03
82.790000000 1.049917217249e-03
82.800000000 1.021732608175e-03
82.810000000 9.617112816130e-04
82.820000000 9.460480355329e-04
82.830000000 8.740957684148e-04
82.840000000 8.559641040251e-04
82.850000000 8.399053013418e-04
82.860000000 7.826850735160e-04
82.870000000 8.025744936656e-04
82.880000000 7.499187780052e-04
82.890000000 7.746644862699e-04
82.900000000 7.194770661618e-04
82.910000000 7.079913590155e-04
82.920000000 6.873512993196e-04
82.930000000 6.369949845659e-04
82.940000000 6.526657150224e-04
82.950000000 6.351543269108e-04
82.960000000 7.040880598988e-04
82.970000000 6.845485974014e-04
82.980000000 7.277862250205e-04
82.990000000 7.240336231410e-04
83.000000000 7.771779982533e-04
83.010000000 8.637443141143e-04
83.020000000 8.882927524859e-04
83.030000000 9.360901104230e-04
83.040000000 9.895020046480e-04
83.050000000 1.053395749651e-03
83.060000000 1.149673202447e-03
83.070000000 1.195635376609e-03
83.080000000 1.295264558534e-03
83.090000000 1.394513195029e-03
83.100000000 1.462078634509e-03
83.110000000 1.563209085765e-03
83.120000000 1.639831875276e-03
83.130000000 1.719036862322e-03
83.140000000 1.827437290817e-03
83.150000000 1.933234745906e-03
83.160000000 2.066182467334e-03
83.170000000 2.133955552973e-03
83.180000000 2.240408830299e-03
83.190000000 2.353848333677e-03
83.200000000 2.455992200283e-03
83.210000000 2.578881760442e-03
83.220000000 2.662353235312e-03
83.230000000 2.795818953380e-03
83.240000000 2.894572993903e-03
83.250000000 3.018132047021e-03
83.260000000 3.122759244221e-03
83.270000000 3.193805800575e-03
83.280000000 3.305951422050e-03
83.290000000 3.346907966655e-03
83.300000000 3.499374960054e-03
83.310000000 3.581760776910e-03
83.320000000 3.666600234954e-03
83.330000000 3.782740250162e-03
83.340000000 3.867833268324e-03
83.350000000 3.947511196969e-03
83.360000000 3.993549537125e-03
83.370000000 4.035812308454e-03
83.380000000 4.099585050572e-03
83.390000000 4.135395515551e-03
83.400000000 4.217350065817e-03
83.410000000 4.208458757036e-03
83.420000000 4.273460269116e-03
83.430000000 4.302866793959e-03
83.440000000 4.390204598662e-03
83.450000000 4.432025399182e-03
83.460000000 4.482995193675e-03
83.470000000 4.508707017975e-03
83.480000000 4.516872077187e-03
83.490000000 4.553607528103e-03
83.500000000 4.605364417911e-03
83.510000000 4.676738204128e-03
83.520000000 4.713689924134e-03
83.530000000 4.738971558424e-03
83.540000000 4.757629791953e-03
83.550000000 4.818900821680e-03
83.560000000 4.829081274628e-03
83.570000000 4.847155694256e-03
83.580000000 4.888246398161e-03
83.590000000 4.983774429760e-03
83.600000000 5.008817939043e-03
83.610000000 5.063015983990e-03
83.620000000 5.106979407110e-03
83.630000000 5.130951731997e-03
83.640000000 5.200768987885e-03
83.650000000 5.260303547871e-03
83.660000000 5.362392165309e-03
83.670000000 5.414108028960e-03
83.680000000 5.473237736187e-03
83.690000000 5.518595503578e-03
83.700000000 5.565251393605e-03
83.710000000 5.633553849036e-03
83.720000000 5.686749072052e-03
83.730000000 5.811322792021e-03
83.740000000 5.872244274357e-03
83.750000000 5.972243043746e-03
83.760000000 6.005561101163e-03
83.770000000 6.095919532862e-03
83.780000000 6.183934769895e-03
83.790000000 6.282569140194e-03
83.800000000 6.362502877115e-03
83.810000000 6.430368556858e-03
83.820000000 6.486847144058e-03
83.830000000 6.582853766861e-03
83.840000000 6.676066337740e-03
83.850000000 6.747295301494e-03
83.860000000 6.858348709632e-03
83.870000000 6.928149049954e-03
83.880000000 7.003263882063e-03
83.890000000 7.065170813741e-03
83.900000000 7.107114010684e-03
83.910000000 7.173362884620e-03
83.920000000 7.230820755230e-03
83.930000000 7.367766053670e-03
83.940000000 7.446384660392e-03
83.950000000 7.534104143138e-03
83.960000000 7.594836222049e-03
83.970000000 7.662961173615e-03
83.980000000 7.714648592252e-03
83.990000000 7.784779748277e-03
84.000000000 7.832747611221e-03
84.010000000 7.923864090659e-03
84.020000000 7.990497985997e-03
84.030000000 8.078206764273e-03
84.040000000 8.126607737402e-03
84.050000000 8.156764180847e-03
84.060000000 8.184107963777e-03
84.070000000 8.201171787739e-03
84.080000000 8.241565605707e-03
84.090000000 8.253812199868e-03
84.100000000 8.277965633269e-03
84.110000000 8.287446708665e-03
84.120000000 8.333826922580e-03
84.130000000 8.293355653760e-03
84.140000000 8.300034332628e-03
84.150000000 8.261839971444e-03
84.160000000 8.251588852046e-03
84.170000000 8.202137118812e-03
84.180000000 8.201188831317e-03
84.190000000 8.155516359186e-03
84.200000000 8.104113356388e-03
84.210000000 8.084810362454e-03
84.220000000 8.058909193969e-03
84.230000000 8.013760109603e-03
84.240000000 7.980487457058e-03
84.250000000 7.924863223241e-03
84.260000000 7.837858537619e-03
84.270000000 7.788733979171e-03
84.280000000 7.719328733164e-03
84.290000000 7.668286280055e-03
84.300000000 7.591767948062e-03
84.310000000 7.572886555486e-03
84.320000000 7.494815358245e-03
84.330000000 7.474658641561e-03
84.340000000 7.394917196038e-03
84.350000000 7.332860302373e-03
84.360000000 7.256676413750e-03
84.370000000 7.196962461960e-03
84.380000000 7.147048252648e-03
84.390000000 7.096681302140e-03
84.400000000 7.044149406848e-03
84.410000000 7.004427707568e-03
84.420000000 6.969798358928e-03
84.430000000 6.929869932970e-03
84.440000000 6.862728391063e-03
84.450000000 6.803310015330e-03
84.460000000 6.757102135344e-03
84.470000000 6.726926371857e-03
84.480000000 6.650319013360e-03
84.490000000 6.614936369017e-03
84.500000000 6.517015170707e-03
84.510000000 6.417330743329e-03
84.520000000 6.368048934709e-03
84.530000000 6.266724547676e-03
84.540000000 6.250666147040e-03
84.550000000 6.145091125372e-03
84.560000000 6.135916272760e-03
84.570000000 6.022986896839e-03
84.580000000 5.943688387251e-03
84.590000000 5.845951488691e-03
84.600000000 5.746060760835e-03
84.610000000 5.672195082367e-03
84.620000000 5.595133394403e-03
84.630000000 5.489118978502e-03
84.640000000 5.357983479872e-03
84.650000000 5.230546949011e-03
84.660000000 5.078328242265e-03
84.670000000 4.980200951944e-03
84.680000000 4.881263620717e-03
84.690000000 4.807139933614e-03
84.700000000 4.680163455520e-03
84.710000000 4.616055917580e-03
84.720000000 4.510969931220e-03
84.730000000 4.387769047935e-03
84.740000000 4.222279084374e-03
84.750000000 4.181379270532e-03
84.760000000 4.002636813542e-03
84.770000000 4.031490935292e-03
84.780000000 3.804588236748e-03
84.790000000 3.785818095821e-03
84.800000000 3.632755496422e-03
84.810000000 3.496016271517e-03
84.820000000 3.477821659629e-03
84.830000000 3.257655596333e-03
84.840000000 3.282684287407e-03
84.850000000 3.104369657429e-03
84.860000000 3.138708051868e-03
84.870000000 2.987376758853e-03
84.880000000 2.910709722304e-03
84.890000000 2.793251894267e-03
84.900000000 2.685317940931e-03
84.910000000 2.656719987507e-03
84.920000000 2.573196416627e-03
84.930000000 2.530765850491e-03
84.940000000 2.497007703496e-03
84.950000000 2.413567349738e-03
84.960000000 2.402468957630e-03
84.970000000 2.268390531499e-03
84.980000000 2.190575815694e-03
84.990000000 2.115461762841e-03
85.000000000 2.077422932165e-03
85.010000000 2.051242435712e-03
85.020000000 2.048524098436e-03
85.030000000 1.995208459446e-03
85.040000000 1.904230327672e-03
85.050000000 1.828858486290e-03
85.060000000 1.763534924367e-03
85.070000000 1.695719382154e-03
85.080000000 1.614869044440e-03
85.090000000 1.576189312171e-03
85.100000000 1.552757209565e-03
85.110000000 1.505780896070e-03
85.120000000 1.502577500446e-03
85.130000000 1.386334282822e-03
85.140000000 1.354927374019e-03
85.150000000 1.260051083965e-03
85.160000000 1.219851593518e-03
85.170000000 1.175753419775e-03
85.180000000 1.084348458714e-03
85.190000000 1.059927222964e-03
85.200000000 9.980122587703e-04
85.210000000 9.507725658517e-04
85.220000000 8.650272422087e-04
85.230000000 7.866064904981e-04
85.240000000 7.264617460279e-04
85.250000000 7.232759084126e-04
85.260000000 6.285693100328e-04
85.270000000 5.622773916252e-04
85.280000000 4.646110764760e-04
85.290000000 3.417560997276e-04
85.300000000 2.824578399370e-04
85.310000000 2.134972246412e-04
85.320000000 1.541481572468e-04
85.330000000 1.485325603340e-04
85.340000000 1.481868246108e-04
85.350000000 1.272236701206e-04
85.360000000 7.334286185923e-05
85.370000000 -4.961845423145e-05
85.380000000 -9.717704735451e-05
85.390000000 -1.148074358328e-04
85.400000000 -1.442968706622e-04
85.410000000 -9.415157440272e-05
85.420000000 -7.934835871338e-05
85.430000000 -1.314616784800e-04
85.440000000 -1.811102311590e-04
85.450000000 -2.187184801150e-04
85.460000000 -2.258730754758e-04
85.470000000 -2.501066295338e-04
85.480000000 -2.131367290246e-04
85.490000000 -1.640969250256e-04
85.500000000 -7.283582474681e-05
85.510000000 -5.281703789208e-05
85.520000000 -3.999761866345e-05
85.530000000 -6.419563004702e-05
85.540000000 -6.236497453636e-05
85.550000000 -6.687622249002e-05
85.560000000 2.614805591346e-05
85.570000000 1.790452657217e-05
85.580000000 7.996582294439e-05
85.590000000 7.725009192206e-05
85.600000000 8.432016908476e-05
85.610000000 3.532299466545e-05
85.620000000 2.665921384790e-05
85.630000000 6.635518997191e-05
85.640000000 1.544741258801e-04
85.650000000 2.183758847114e-04
85.660000000 1.933331559077e-04
85.670000000 1.434673101907e-04
85.680000000 7.431445690732e-05
85.690000000 6.555148475120e-05
85.700000000 3.620702362936e-06
85.710000000 -2.562134421932e-05
85.720000000 -6.243888425980e-05
85.730000000 -1.193816170536e-04
85.740000000 -1.605283119100e-04
85.750000000 -2.858404888218e-04
85.760000000 -3.838069651739e-04
85.770000000 -5.273676860050e-04
85.780000000 -6.285259077024e-04
85.790000000 -7.058646319027e-04
85.800000000 -8.382953574312e-04
85.810000000 -9.793622500564e-04
85.820000000 -1.185912560486e-03
85.830000000 -1.365800935526e-03
85.840000000 -1.530642495313e-03
85.850000000 -1.734593501772e-03
85.860000000 -1.966859411327e-03
85.870000000 -2.134124806395e-03
85.880000000 -2.302558765872e-03
85.890000000 -2.509618159081e-03
85.900000000 -2.709423156552e-03
85.910000000 -2.948172302780e-03
85.920000000 -3.179050611029e-03
85.930000000 -3.386343968432e-03
85.940000000 -3.597778449539e-03
85.950000000 -3.811648768024e-03
85.960000000 -4.080052750695e-03
85.970000000 -4.271381968596e-03
85.980000000 -4.539670486490e-03
85.990000000 -4.738899430492e-03
86.000000000 -4.976080802583e-03
86.010000000 -5.179469895889e-03
86.020000000 -5.354627167013e-03
86.030000000 -5.513087045583e-03
86.040000000 -5.676294596320e-03
86.050000000 -5.794069311483e-03
86.060000000 -6.030819493525e-03
86.070000000 -6.151773015368e-03
86.080000000 -6.278244954247e-03
86.090000000 -6.349384565350e-03
86.100000000 -6.468538567554e-03
86.110000000 -6.547337767810e-03
86.120000000 -6.648051333947e-03
86.130000000 -6.740888381059e-03
86.140000000 -6.820423038026e-03
86.150000000 -6.985662074741e-03
86.160000000 -6.880500952628e-03
86.170000000 -6.985345707515e-03
86.180000000 -6.934786529660e-03
86.190000000 -6.988086180238e-03
86.200000000 -6.938144296248e-03
86.210000000 -7.028188813363e-03
86.220000000 -6.988429074000e-03
86.230000000 -7.027186746737e-03
86.240000000 -6.957888767030e-03
86.250000000 -6.963719398626e-03
86.260000000 -6.899902539288e-03
86.270000000 -6.858773992692e-03
86.280000000 -6.799100874272e-03
86.290000000 -6.804121675015e-03
86.300000000 -6.788346176118e-03
86.310000000 -6.785670021417e-03
86.320000000 -6.742830795674e-03
86.330000000 -6.662582373555e-03
86.340000000 -6.657861473764e-03
86.350000000 -6.575424760393e-03
86.360000000 -6.600811465506e-03
86.370000000 -6.569954790599e-03
86.380000000 -6.571720457097e-03
86.390000000 -6.555745848351e-03
86.400000000 -6.559680099010e-03
86.410000000 -6.487075935321e-03
86.420000000 -6.468197997421e-03
86.430000000 -6.439801933457e-03
86.440000000 -6.459708620106e-03
86.450000000 -6.519162165685e-03
86.460000000 -6.496336440167e-03
86.470000000 -6.508718405056e-03
86.480000000 -6.472835974960e-03
86.490000000 -6.455618213505e-03
86.500000000 -6.436368624176e-03
86.510000000 -6.435611933757e-03
86.520000000 -6.408750580745e-03
86.530000000 -6.467751363935e-03
86.540000000 -6.557398107728e-03
86.550000000 -6.614812406997e-03
86.560000000 -6.661310124287e-03
86.570000000 -6.547363387276e-03
86.580000000 -6.552076037830e-03
86.590000000 -6.546610765178e-03
86.600000000 -6.563529731513e-03
86.610000000 -6.582523521329e-03
86.620000000 -6.609976431919e-03
86.630000000 -6.636753714237e-03
86.640000000 -6.684846668657e-03
86.650000000 -6.721226795418e-03
86.660000000 -6.717559305718e-03
86.670000000 -6.763719670626e-03
86.680000000 -6.749704900136e-03
86.690000000 -6.765959698299e-03
86.700000000 -6.859871772181e-03
86.710000000 -6.921586010187e-03
86.720000000 -7.010762040027e-03
86.730000000 -7.098910985253e-03
86.740000000 -7.142743179227e-03
86.750000000 -7.160839195099e-03
86.760000000 -7.204452470406e-03
86.770000000 -7.197199655580e-03
86.780000000 -7.273219797334e-03
86.790000000 -7.360133437085e-03
86.800000000 -7.521446885501e-03
86.810000000 -7.599406579868e-03
86.820000000 -7.695494039187e-03
86.830000000 -7.730126891476e-03
86.840000000 -7.659299957475e-03
86.850000000 -7.790029806816e-03
86.860000000 -7.791520457090e-03
86.870000000 -7.899068735584e-03
86.880000000 -8.068370838174e-03
86.890000000 -8.134709799099e-03
86.900000000 -8.281158403408e-03
86.910000000 -8.307305205239e-03
86.920000000 -8.346449710680e-03
86.930000000 -8.389600379514e-03
86.940000000 -8.426447958048e-03
86.950000000 -8.543679529608e-03
86.960000000 -8.602989038864e-03
86.970000000 -8.654044936182e-03
86.980000000 -8.793524298730e-03
86.990000000 -8.846196931402e-03
87.000000000 -8.913872305914e-03
87.010000000 -8.934802291346e-03
87.020000000 -8.868651015197e-03
87.030000000 -8.867684398237e-03
87.040000000 -8.865846404847e-03
87.050000000 -8.920678149887e-03
87.060000000 -8.931531160448e-03
87.070000000 -8.934325476974e-03
87.080000000 -9.031209918505e-03
87.090000000 -8.966384365851e-03
87.100000000 -9.133530401125e-03
87.110000000 -8.788070784387e-03
87.120000000 -8.843058509563e-03
87.130000000 -8.971309954324e-03
87.140000000 -8.792719799418e-03
87.150000000 -8.824656508377e-03
87.160000000 -8.728730719579e-03
87.170000000 -8.637480769053e-03
87.180000000 -8.596485719787e-03
87.190000000 -8.503426982374e-03
87.200000000 -8.415726617778e-03
87.210000000 -8.313501295861e-03
87.220000000 -8.215038153223e-03
87.230000000 -8.209655402499e-03
87.240000000 -8.050463739915e-03
87.250000000 -8.042096499999e-03
87.260000000 -7.848431148299e-03
87.270000000 -7.992557563938e-03
87.280000000 -7.507080452589e-03
87.290000000 -7.587005438522e-03
87.300000000 -7.537635184564e-03
87.310000000 -7.221287922070e-03
87.320000000 -7.285426856542e-03
87.330000000 -7.062727070595e-03
87.340000000 -7.002766693886e-03
87.350000000 -6.845693402221e-03
87.360000000 -6.705609915039e-03
87.370000000 -6.572672922241e-03
87.380000000 -6.456385064273e-03
87.390000000 -6.332843341580e-03
87.400000000 -6.204116825868e-03
87.410000000 -6.089005854501e-03
87.420000000 -5.948355291677e-03
87.430000000 -5.827237851908e-03
87.440000000 -5.688841959658e-03
87.450000000 -5.568312292358e-03
87.460000000 -5.409067893104e-03
87.470000000 -5.328604434996e-03
87.480000000 -5.195936213914e-03
87.490000000 -5.064103824863e-03
87.500000000 -4.904207933859e-03
87.510000000 -4.789295702645e-03
87.520000000 -4.633278686531e-03
87.530000000 -4.514653529818e-03
87.540000000 -4.382078078888e-03
87.550000000 -4.258836407178e-03
87.560000000 -4.100652813928e-03
87.570000000 -3.952079337188e-03
87.580000000 -3.859873823792e-03
87.590000000 -3.697510795471e-03
87.600000000 -3.587707887232e-03
87.610000000 -3.417042214930e-03
87.620000000 -3.319110686719e-03
87.630000000 -3.191619086121e-03
87.640000000 -3.064060327247e-03
87.650000000 -2.940629269309e-03
87.660000000 -2.823777147932e-03
87.670000000 -2.743821450057e-03
87.680000000 -2.601747826298e-03
87.690000000 -2.545017011819e-03
87.700000000 -2.378060584376e-03
87.710000000 -2.293274507310e-03
87.720000000 -2.175996523570e-03
87.730000000 -2.082101164932e-03
87.740000000 -2.000181897430e-03
87.750000000 -1.853988335324e-03
87.760000000 -1.752561065225e-03
87.770000000 -1.687063658101e-03
87.780000000 -1.599683555591e-03
87.790000000 -1.390067443919e-03
87.800000000 -1.408230047768e-03
87.810000000 -1.270977657410e-03
87.820000000 -1.166983550244e-03
87.830000000 -1.088404447985e-03
87.840000000 -9.706309604746e-04
87.850000000 -8.646318945282e-04
87.860000000 -7.464703976448e-04
87.870000000 -6.646487521215e-04
87.880000000 -5.228453256125e-04
87.890000000 -3.906932312423e-04
87.900000000 -2.345516050559e-04
87.910000000 -8.842194416778e-05
87.920000000 3.898528523546e-06
87.930000000 1.827845344636e-04
87.940000000 2.890837527154e-04
87.950000000 4.780392212506e-04
87.960000000 6.245799122043e-04
87.970000000 7.675087750660e-04
87.980000000 9.230643994911e-04
87.990000000 1.098202458200e-03
88.000000000 1.274737078933e-03
88.010000000 1.407399514955e-03
88.020000000 1.595909445090e-03
88.030000000 1.772810382745e-03
88.040000000 1.924160981711e-03
88.050000000 2.113342407966e-03
88.060000000 2.247233078117e-03
88.070000000 2.407541778421e-03
88.080000000 2.602071607179e-03
88.090000000 2.720551097964e-03
88.100000000 2.908277953966e-03
88.110000000 3.001972468850e-03
88.120000000 3.183793401813e-03
88.130000000 3.259542866778e-03
88.140000000 3.474465093642e-03
88.150000000 3.558898468561e-03
88.160000000 3.639253282552e-03
88.170000000 3.781303357975e-03
88.180000000 3.802580646682e-03
88.190000000 3.957099046755e-03
88.200000000 3.993971829485e-03
88.210000000 4.126535729520e-03
88.220000000 4.144671086106e-03
88.230000000 4.237712260391e-03
88.240000000 4.277748672450e-03
88.250000000 4.347998854715e-03
88.260000000 4.390625815762e-03
88.270000000 4.423310633451e-03
88.280000000 4.532480936387e-03
88.290000000 4.539770024950e-03
88.300000000 4.599962474194e-03
88.310000000 4.606306559043e-03
88.320000000 4.648066278135e-03
88.330000000 4.684847987923e-03
88.340000000 4.709141076709e-03
88.350000000 4.786654376812e-03
88.360000000 4.775892169928e-03
88.370000000 4.821602638572e-03
88.380000000 4.861298352692e-03
88.390000000 4.919236419954e-03
88.400000000 4.950256839313e-03
88.410000000 4.968539949005e-03
88.420000000 5.060304070547e-03
88.430000000 5.094157232733e-03
88.440000000 5.131648978329e-03
88.450000000 5.250086328443e-03
88.460000000 5.267336680046e-03
88.470000000 5.314225512288e-03
88.480000000 5.398796794489e-03
88.490000000 5.448835094115e-03
88.500000000 5.526790411954e-03
88.510000000 5.559970350093e-03
88.520000000 5.619099875155e-03
88.530000000 5.649605046744e-03
88.540000000 5.678219349746e-03
88.550000000 5.699736551575e-03
88.560000000 5.727377555476e-03
88.570000000 5.743170444037e-03
88.580000000 5.762294453796e-03
88.590000000 5.808616086487e-03
88.600000000 5.804510185391e-03
88.610000000 5.772153858709e-03
88.620000000 5.785804104139e-03
88.630000000 5.795538001784e-03
88.640000000 5.821333540870e-03
88.650000000 5.828605580499e-03
88.660000000 5.823186815710e-03
88.670000000 5.861024911495e-03
88.680000000 5.857809094967e-03
88.690000000 5.855646591083e-03
88.700000000 5.795154733102e-03
88.710000000 5.781675408984e-03
88.720000000 5.701222659499e-03
88.730000000 5.696923297715e-03
88.740000000 5.651074583394e-03
88.750000000 5.627608370088e-03
88.760000000 5.568323407815e-03
88.770000000 5.554776668765e-03
88.780000000 5.555456084878e-03
88.790000000 5.590796248293e-03
88.800000000 5.601575162301e-03
88.810000000 5.579954457473e-03
88.820000000 5.577132014177e-03
88.830000000 5.550966958210e-03
88.840000000 5.535615305193e-03
88.850000000 5.481504611574e-03
88.860000000 5.489564078918e-03
88.870000000 5.492100719303e-03
88.880000000 5.528436358229e-03
88.890000000 5.569697455326e-03
88.900000000 5.558899271595e-03
88.910000000 5.637611271151e-03
88.920000000 5.686808004931e-03
88.930000000 5.758215375370e-03
88.940000000 5.754988937698e-03
88.950000000 5.765652454703e-03
88.960000000 5.788466074212e-03
88.970000000 5.812166723208e-03
88.980000000 5.850631713806e-03
88.990000000 5.867034903514e-03
89.000000000 5.874268991580e-03
89.010000000 5.931711211896e-03
89.020000000 5.945265605670e-03
89.030000000 5.980830287380e-03
89.040000000 6.023952454818e-03
89.050000000 6.059253225020e-03
89.060000000 6.067930388145e-03
89.070000000 6.132155574343e-03
89.080000000 6.152649772017e-03
89.090000000 6.111972386698e-03
89.100000000 6.122898130785e-03
89.110000000 6.150356777143e-03
89.120000000 6.054706162457e-03
89.130000000 6.114630769208e-03
89.140000000 6.047571108856e-03
89.150000000 6.056496020730e-03
89.160000000 5.997181237589e-03
89.170000000 6.017493877845e-03
89.180000000 5.958571127708e-03
89.190000000 5.903915315429e-03
89.200000000 5.820928070854e-03
89.210000000 5.806708459700e-03
89.220000000 5.759477751419e-03
89.230000000 5.684262727296e-03
89.240000000 5.618664596578e-03
89.250000000 5.559864627027e-03
89.260000000 5.526196133825e-03
89.270000000 5.465034593046e-03
89.280000000 5.408959436234e-03
89.290000000 5.352620862649e-03
89.300000000 5.234260457621e-03
89.310000000 5.138217362737e-03
89.320000000 5.028646301828e-03
89.330000000 4.898518203735e-03
89.340000000 4.742452661320e-03
89.350000000 4.603122084616e-03
89.360000000 4.460440954560e-03
89.370000000 4.355020145802e-03
89.380000000 4.256094238491e-03
89.390000000 4.061743800891e-03
89.400000000 3.975813202755e-03
89.410000000 3.803497968241e-03
89.420000000 3.690933341373e-03
89.430000000 3.523202749723e-03
89.440000000 3.395915833448e-03
89.450000000 3.236176361068e-03
89.460000000 3.129347068851e-03
89.470000000 2.994204601238e-03
89.480000000 2.868166733178e-03
89.490000000 2.724536553096e-03
89.500000000 2.613202808000e-03
89.510000000 2.498937385265e-03
89.520000000 2.409156314054e-03
89.530000000 2.302470855148e-03
89.540000000 2.197251212679e-03
89.550000000 2.151310328787e-03
89.560000000 2.067774234438e-03
89.570000000 2.045459226179e-03
89.580000000 1.941841577246e-03
89.590000000 1.898318650239e-03
89.600000000 1.824126671778e-03
89.610000000 1.828043216775e-03
89.620000000 1.779717920508e-03
89.630000000 1.729594128682e-03
89.640000000 1.683210770268e-03
89.650000000 1.597775845655e-03
89.660000000 1.544412785694e-03
89.670000000 1.459401003026e-03
89.680000000 1.389229746576e-03
89.690000000 1.288876936023e-03
89.700000000 1.212885972068e-03
89.710000000 1.151071446067e-03
89.720000000 1.038210543563e-03
89.730000000 9.416059107788e-04
89.740000000 7.853839578285e-04
89.750000000 7.225622173755e-04
89.760000000 6.154565027390e-04
89.770000000 4.888991710792e-04
89.780000000 3.562385620315e-04
89.790000000 2.283950495526e-04
89.800000000 1.014995550723e-04
89.810000000 -1.248120526115e-05
89.820000000 -1.329058750775e-04
89.830000000 -2.862523908930e-04
89.840000000 -4.195416345834e-04
89.850000000 -5.443157640430e-04
89.860000000 -6.946931837031e-04
89.870000000 -7.904244417205e-04
89.880000000 -9.331436673034e-04
89.890000000 -1.030122089395e-03
89.900000000 -1.109604524870e-03
89.910000000 -1.188014217846e-03
89.920000000 -1.308608765437e-03
89.930000000 -1.419639525322e-03
89.940000000 -1.526549493229e-03
89.950000000 -1.630909108619e-03
89.960000000 -1.699528196851e-03
89.970000000 -1.796893735147e-03
89.980000000 -1.884340728187e-03
89.990000000 -1.951718118762e-03
90.000000000 -2.020375110884e-03
90.010000000 -2.046299582241e-03
90.020000000 -2.118467355156e-03
90.030000000 -2.178909840626e-03
90.040000000 -2.217978051377e-03
90.050000000 -2.230828937642e-03
90.060000000 -2.300183956552e-03
90.070000000 -2.334328568908e-03
90.080000000 -2.390221303551e-03
90.090000000 -2.388903581611e-03
90.100000000 -2.423141480192e-03
90.110000000 -2.420066610796e-03
90.120000000 -2.426310558333e-03
90.130000000 -2.468281483148e-03
90.140000000 -2.472885733942e-03
90.150000000 -2.512603429875e-03
90.160000000 -2.525309297731e-03
90.170000000 -2.534148348975e-03
90.180000000 -2.535378614501e-03
90.190000000 -2.489201983881e-03
90.200000000 -2.485374129480e-03
90.210000000 -2.506767701161e-03
90.220000000 -2.543834248105e-03
90.230000000 -2.584118524524e-03
90.240000000 -2.634713282378e-03
90.250000000 -2.637354357871e-03
90.260000000 -2.648683139302e-03
90.270000000 -2.668240583776e-03
90.280000000 -2.679070739735e-03
90.290000000 -2.674820865194e-03
90.300000000 -2.676843204011e-03
90.310000000 -2.687213592379e-03
90.320000000 -2.746528220759e-03
90.330000000 -2.772898809693e-03
90.340000000 -2.789052583295e-03
90.350000000 -2.798606935977e-03
90.360000000 -2.835113992502e-03
90.370000000 -2.869939756660e-03
90.380000000 -2.884042319507e-03
90.390000000 -2.917856939202e-03
90.400000000 -2.947526305245e-03
90.410000000 -2.996149228050e-03
90.420000000 -3.042735153591e-03
90.430000000 -3.094075955157e-03
90.440000000 -3.093831782534e-03
90.450000000 -3.117263672273e-03
90.460000000 -3.169086223157e-03
90.470000000 -3.197439239768e-03
90.480000000 -3.232968924878e-03
90.490000000 -3.228780589603e-03
90.500000000 -3.263108695297e-03
90.510000000 -3.255597570805e-03
90.520000000 -3.283142840186e-03
90.530000000 -3.284788807525e-03
90.540000000 -3.276262964796e-03
90.550000000 -3.324755854030e-03
90.560000000 -3.360636726005e-03
90.570000000 -3.421670059940e-03
90.580000000 -3.434543258325e-03
90.590000000 -3.470956780992e-03
90.600000000 -3.485607415064e-03
90.610000000 -3.557699305872e-03
90.620000000 -3.562811772577e-03
90.630000000 -3.598826338683e-03
90.640000000 -3.607130730141e-03
90.650000000 -3.615469425050e-03
90.660000000 -3.620847952377e-03
90.670000000 -3.561765463810e-03
90.680000000 -3.536766263615e-03
90.690000000 -3.507612896472e-03
90.700000000 -3.505723376094e-03
90.710000000 -3.535158057046e-03
90.720000000 -3.579921673149e-03
90.730000000 -3.628843060461e-03
90.740000000 -3.646979089013e-03
90.750000000 -3.650850266670e-03
90.760000000 -3.666103495044e-03
90.770000000 -3.631502143133e-03
90.780000000 -3.612599965071e-03
90.790000000 -3.574867883866e-03
90.800000000 -3.538834596924e-03
90.810000000 -3.553377890035e-03
90.820000000 -3.490855394835e-03
90.830000000 -3.496411261826e-03
90.840000000 -3.469966288481e-03
90.850000000 -3.455379560818e-03
90.860000000 -3.440572158758e-03
90.870000000 -3.447369373350e-03
90.880000000 -3.396804907139e-03
90.890000000 -3.401989173254e-03
90.900000000 -3.324521160053e-03
90.910000000 -3.277974527268e-03
90.920000000 -3.288039557256e-03
90.930000000 -3.209275527208e-03
90.940000000 -3.204251346900e-03
90.950000000 -3.185141161350e-03
90.960000000 -3.159037547814e-03
90.970000000 -3.126793895029e-03
90.980000000 -3.061377649900e-03
90.990000000 -3.067313659554e-03
91.000000000 -2.984077789553e-03
91.010000000 -3.015208798954e-03
91.020000000 -2.932934450579e-03
91.030000000 -2.953869110917e-03
91.040000000 -2.858410038660e-03
91.050000000 -2.763646872787e-03
91.060000000 -2.814422656559e-03
91.070000000 -2.691396383227e-03
91.080000000 -2.680334501615e-03
91.090000000 -2.612246101354e-03
91.100000000 -2.563574088697e-03
91.110000000 -2.562600762060e-03
91.120000000 -2.455311367577e-03
91.130000000 -2.437461223848e-03
91.140000000 -2.393326135055e-03
91.150000000 -2.384099223228e-03
91.160000000 -2.264373801537e-03
91.170000000 -2.243124978550e-03
91.180000000 -2.149575362447e-03
91.190000000 -2.132987493308e-03
91.200000000 -1.970559405831e-03
91.210000000 -1.959538685964e-03
91.220000000 -1.889405761164e-03
91.230000000 -1.789632630289e-03
91.240000000 -1.730889377080e-03
91.250000000 -1.618164074511e-03
91.260000000 -1.540959522045e-03
91.270000000 -1.437642465486e-03
91.280000000 -1.304530583991e-03
91.290000000 -1.192757879718e-03
91.300000000 -1.146701518410e-03
91.310000000 -1.044885550625e-03
91.320000000 -8.944516391152e-04
91.330000000 -8.159711242590e-04
91.340000000 -6.683378568726e-04
91.350000000 -5.472305868814e-04
91.360000000 -4.205748169811e-04
91.370000000 -2.584182443331e-04
91.380000000 -9.270737327666e-05
91.390000000 2.352841036358e-05
91.400000000 1.894819905286e-04
91.410000000 3.804393316768e-04
91.420000000 5.432815634979e-04
91.430000000 7.387951710235e-04
91.440000000 8.255201188726e-04
91.450000000 9.820682597924e-04
91.460000000 1.126024632330e-03
91.470000000 1.280066532009e-03
91.480000000 1.437322052782e-03
91.490000000 1.611034626559e-03
91.500000000 1.728978824966e-03
91.510000000 1.876625651611e-03
91.520000000 2.126820744811e-03
91.530000000 2.257125503379e-03
91.540000000 2.377240655098e-03
91.550000000 2.547771187618e-03
91.560000000 2.712557810789e-03
91.570000000 2.852639063349e-03
91.580000000 3.003820929223e-03
91.590000000 3.125284753252e-03
91.600000000 3.282146684393e-03
91.610000000 3.385448012567e-03
91.620000000 3.532037554428e-03
91.630000000 3.632933548178e-03
91.640000000 3.723665533800e-03
91.650000000 3.867947567833e-03
91.660000000 3.940077599894e-03
91.670000000 4.081699054334e-03
91.680000000 4.128701876140e-03
91.690000000 4.197803106902e-03
91.700000000 4.356975953682e-03
91.710000000 4.374045352179e-03
91.720000000 4.510972046470e-03
91.730000000 4.550457641434e-03
91.740000000 4.633512626970e-03
91.750000000 4.669471847191e-03
91.760000000 4.685004624671e-03
91.770000000 4.724648287868e-03
91.780000000 4.733441026817e-03
91.790000000 4.712011245617e-03
91.800000000 4.769211263666e-03
91.810000000 4.744405543072e-03
91.820000000 4.765925335717e-03
91.830000000 4.746175996024e-03
91.840000000 4.689052306022e-03
91.850000000 4.723460897727e-03
91.860000000 4.723499554149e-03
91.870000000 4.797799212882e-03
91.880000000 4.728727872167e-03
91.890000000 4.791539178484e-03
91.900000000 4.701610445489e-03
91.910000000 4.727156286371e-03
91.920000000 4.688898055936e-03
91.930000000 4.661968995650e-03
91.940000000 4.661242992212e-03
91.950000000 4.640472255477e-03
91.960000000 4.665825401074e-03
91.970000000 4.636481886887e-03
91.980000000 4.621771362538e-03
91.990000000 4.620081709909e-03
92.000000000 4.617220148483e-03
92.010000000 4.661358599808e-03
92.020000000 4.670779600379e-03
92.030000000 4.639441721645e-03
92.040000000 4.665575903464e-03
92.050000000 4.632423230237e-03
92.060000000 4.666276232792e-03
92.070000000 4.663717430489e-03
92.080000000 4.625980352563e-03
92.090000000 4.653930943245e-03
92.100000000 4.645976642371e-03
92.110000000 4.685062028709e-03
92.120000000 4.656234571965e-03
92.130000000 4.621323043081e-03
92.140000000 4.618628368866e-03
92.150000000 4.563836214183e-03
92.160000000 4.591448916384e-03
92.170000000 4.534625942904e-03
92.180000000 4.486482476304e-03
92.190000000 4.503077159216e-03
92.200000000 4.405299375612e-03
92.210000000 4.407866481592e-03
92.220000000 4.323686212348e-03
92.230000000 4.275129026977e-03
92.240000000 4.211609101443e-03
92.250000000 4.143712391506e-03
92.260000000 4.107439034158e-03
92.270000000 4.039390027444e-03
92.280000000 3.940045229362e-03
92.290000000 3.903094870275e-03
92.300000000 3.821599983258e-03
92.310000000 3.735504351144e-03
92.320000000 3.644120684037e-03
92.330000000 3.516895342374e-03
92.340000000 3.466955723907e-03
92.350000000 3.365276807960e-03
92.360000000 3.292107917711e-03
92.370000000 3.215483683321e-03
92.380000000 3.095220337950e-03
92.390000000 3.007935603900e-03
92.400000000 2.925059371134e-03
92.410000000 2.822207084450e-03
92.420000000 2.729750526396e-03
92.430000000 2.555622189322e-03
92.440000000 2.467945361947e-03
92.450000000 2.335360577722e-03
92.460000000 2.227190978691e-03
92.470000000 2.095909319726e-03
92.480000000 1.979788437999e-03
92.490000000 1.859309776425e-03
92.500000000 1.714417835070e-03
92.510000000 1.595285612812e-03
92.520000000 1.459648547313e-03
92.530000000 1.324466254932e-03
92.540000000 1.233954345771e-03
92.550000000 1.157696260689e-03
92.560000000 1.036774765475e-03
92.570000000 8.949223703242e-04
92.580000000 7.532065857339e-04
92.590000000 6.561035354430e-04
92.600000000 5.309754060103e-04
92.610000000 4.444049726676e-04
92.620000000 3.400488258838e-04
92.630000000 2.594729899786e-04
92.640000000 1.961628433681e-04
92.650000000 1.166560286502e-04
92.660000000 3.285053847920e-05
92.670000000 -7.806432658697e-05
92.680000000 -1.795737735215e-04
92.690000000 -2.591817335256e-04
92.700000000 -3.292738737137e-04
92.710000000 -4.069391649326e-04
92.720000000 -5.029916879134e-04
92.730000000 -5.605844114059e-04
92.740000000 -6.223559107317e-04
92.750000000 -7.037126327438e-04
92.760000000 -7.831817936904e-04
92.770000000 -8.336867974406e-04
92.780000000 -8.882577187430e-04
92.790000000 -8.987904046786e-04
92.800000000 -9.327667669846e-04
92.810000000 -9.621130814186e-04
92.820000000 -1.026013458886e-03
92.830000000 -1.062787995886e-03
92.840000000 -1.104462350909e-03
92.850000000 -1.066802398145e-03
92.860000000 -1.133716002790e-03
92.870000000 -1.137276349014e-03
92.880000000 -1.132170683037e-03
92.890000000 -1.132049081731e-03
92.900000000 -1.137217773058e-03
92.910000000 -1.165767401158e-03
92.920000000 -1.154082405612e-03
92.930000000 -1.162968660383e-03
92.940000000 -1.144941328949e-03
92.950000000 -1.112375965771e-03
92.960000000 -1.099574490581e-03
92.970000000 -1.062214227956e-03
92.980000000 -1.039920403780e-03
92.990000000 -9.897430471805e-04
93.000000000 -1.000915092473e-03
93.010000000 -9.903015714347e-04
93.020000000 -9.879326227297e-04
93.030000000 -9.444313750770e-04
93.040000000 -8.971567591257e-04
93.050000000 -8.359448254752e-04
93.060000000 -8.286619393133e-04
93.070000000 -7.977983798083e-04
93.080000000 -7.618101743023e-04
93.090000000 -7.096981235833e-04
93.100000000 -6.821461383041e-04
93.110000000 -7.131909551760e-04
93.120000000 -6.800700351078e-04
93.130000000 -6.688843807646e-04
93.140000000 -6.165558230243e-04
93.150000000 -6.277073365931e-04
93.160000000 -5.931168937018e-04
93.170000000 -6.139640373705e-04
93.180000000 -5.902951232476e-04
93.190000000 -6.115222051431e-04
93.200000000 -6.173933408962e-04
93.210000000 -6.397161707847e-04
93.220000000 -6.551743324059e-04
93.230000000 -6.720291629070e-04
93.240000000 -6.953350800584e-04
93.250000000 -7.686043678358e-04
93.260000000 -7.985470544530e-04
93.270000000 -8.399190812480e-04
93.280000000 -8.468070121692e-04
93.290000000 -8.883306375766e-04
93.300000000 -9.583029987523e-04
93.310000000 -9.887268478240e-04
93.320000000 -1.044982302887e-03
93.330000000 -1.048986562547e-03
93.340000000 -1.098629532198e-03
93.350000000 -1.152559444036e-03
93.360000000 -1.219988597541e-03
93.370000000 -1.267456541231e-03
93.380000000 -1.300150681758e-03
93.390000000 -1.346606342623e-03
93.400000000 -1.395913861639e-03
93.410000000 -1.444488560648e-03
93.420000000 -1.480350446539e-03
93.430000000 -1.518399074720e-03
93.440000000 -1.557480699119e-03
93.450000000 -1.604999519669e-03
93.460000000 -1.629166576150e-03
93.470000000 -1.700386089113e-03
93.480000000 -1.730217248387e-03
93.490000000 -1.795802548068e-03
93.500000000 -1.838756457582e-03
93.510000000 -1.905051756424e-03
93.520000000 -1.936060896512e-03
93.530000000 -1.956915467155e-03
93.540000000 -2.037454384014e-03
93.550000000 -2.100348366175e-03
93.560000000 -2.145974158807e-03
93.570000000 -2.198767234078e-03
93.580000000 -2.249875745025e-03
93.590000000 -2.307807224816e-03
93.600000000 -2.384439819921e-03
93.610000000 -2.424097921503e-03
93.620000000 -2.475526578082e-03
93.630000000 -2.512638546182e-03
93.640000000 -2.568928947794e-03
93.650000000 -2.599307405705e-03
93.660000000 -2.621520978123e-03
93.670000000 -2.653273426436e-03
93.680000000 -2.689386519893e-03
93.690000000 -2.739838574065e-03
93.700000000 -2.814233349519e-03
93.710000000 -2.834461848197e-03
93.720000000 -2.871130899000e-03
93.730000000 -2.859001398454e-03
93.740000000 -2.935563575679e-03
93.750000000 -2.958819618000e-03
93.760000000 -2.992582215422e-03
93.770000000 -2.994824145698e-03
93.780000000 -3.052495936444e-03
93.790000000 -3.084549082153e-03
93.800000000 -3.098215310062e-03
93.810000000 -3.131205808982e-03
93.820000000 -3.151611011665e-03
93.830000000 -3.192929052632e-03
93.840000000 -3.208965232853e-03
93.850000000 -3.237886743423e-03
93.860000000 -3.226227680208e-03
93.870000000 -3.227124168576e-03
93.880000000 -3.284896612039e-03
93.890000000 -3.289940350643e-03
93.900000000 -3.278302432481e-03
93.910000000 -3.259496640831e-03
93.920000000 -3.245572723317e-03
93.930000000 -3.252635103617e-03
93.940000000 -3.269315683194e-03
93.950000000 -3.254362870658e-03
93.960000000 -3.213618320638e-03
93.970000000 -3.195509854372e-03
93.980000000 -3.159747724334e-03
93.990000000 -3.151182263774e-03
94.000000000 -3.110780913584e-03
94.010000000 -3.051933277371e-03
94.020000000 -2.990355031383e-03
94.030000000 -2.968396043771e-03
94.040000000 -2.944227214999e-03
94.050000000 -2.883899092961e-03
94.060000000 -2.843852344534e-03
94.070000000 -2.787445356930e-03
94.080000000 -2.734745063684e-03
94.090000000 -2.653778803631e-03
94.100000000 -2.629783817913e-03
94.110000000 -2.555320188065e-03
94.120000000 -2.467737960859e-03
94.130000000 -2.406299063560e-03
94.140000000 -2.340081450157e-03
94.150000000 -2.242842494759e-03
94.160000000 -2.157092484193e-03
94.170000000 -2.085750254024e-03
94.180000000 -2.011463744488e-03
94.190000000 -1.938189445586e-03
94.200000000 -1.847453051883e-03
94.210000000 -1.699213089149e-03
94.220000000 -1.601693322662e-03
94.230000000 -1.531784949607e-03
94.240000000 -1.429611294506e-03
94.250000000 -1.328313014761e-03
94.260000000 -1.203873932290e-03
94.270000000 -1.089967824615e-03
94.280000000 -9.809713656960e-04
94.290000000 -9.039860455854e-04
94.300000000 -7.700227333730e-04
94.310000000 -6.947284047813e-04
94.320000000 -5.976847396603e-04
94.330000000 -4.991654256846e-04
94.340000000 -3.944284947069e-04
94.350000000 -2.913647308041e-04
94.360000000 -2.056035691507e-04
94.370000000 -1.147195674299e-04
94.380000000 -5.592273689956e-05
94.390000000 4.979803097122e-06
94.400000000 8.387940603370e-05
94.410000000 1.744593345090e-04
94.420000000 2.260937965513e-04
94.430000000 2.423672318368e-04
94.440000000 3.021366848212e-04
94.450000000 3.170298392434e-04
94.460000000 3.755938809603e-04
94.470000000 3.923780642380e-04
94.480000000 3.950180957377e-04
94.490000000 4.479284118445e-04
94.500000000 4.502201215299e-04
94.510000000 4.898579385595e-04
94.520000000 4.488858008709e-04
94.530000000 4.505124512942e-04
94.540000000 4.526597835810e-04
94.550000000 4.535355159610e-04
94.560000000 4.609614664053e-04
94.570000000 4.698129532164e-04
94.580000000 4.626397544608e-04
94.590000000 4.564614459109e-04
94.600000000 4.361102606733e-04
94.610000000 4.237663299841e-04
94.620000000 4.082294822613e-04
94.630000000 4.007573953094e-04
94.640000000 4.213671903655e-04
94.650000000 4.577186654621e-04
94.660000000 4.292251430163e-04
94.670000000 4.692053875057e-04
94.680000000 4.786694058810e-04
94.690000000 5.132389182914e-04
94.700000000 5.839530129560e-04
94.710000000 6.410623315877e-04
94.720000000 6.696411913536e-04
94.730000000 7.215900463484e-04
94.740000000 7.727854855772e-04
94.750000000 8.451649401056e-04
94.760000000 8.904536353219e-04
94.770000000 9.676706456256e-04
94.780000000 1.004943415722e-03
94.790000000 1.080042840126e-03
94.800000000 1.169844595210e-03
94.810000000 1.244665011198e-03
94.820000000 1.337056959451e-03
94.830000000 1.419806294269e-03
94.840000000 1.545886319193e-03
94.850000000 1.660082147698e-03
94.860000000 1.783893013377e-03
94.870000000 1.876714706677e-03
94.880000000 1.987800675310e-03
94.890000000 2.104331933060e-03
94.900000000 2.228262744515e-03
94.910000000 2.330695505475e-03
94.920000000 2.441749063328e-03
94.930000000 2.538308605681e-03
94.940000000 2.676157582691e-03
94.950000000 2.812513680595e-03
94.960000000 2.925143469734e-03
94.970000000 3.029458064101e-03
94.980000000 3.142487606867e-03
94.990000000 3.261943190598e-03
95.000000000 3.397715843659e-03
95.010000000 3.487034964725e-03
95.020000000 3.587870114499e-03
95.030000000 3.674928217712e-03
95.040000000 3.801003180768e-03
95.050000000 3.881693999846e-03
95.060000000 3.967474663554e-03
95.070000000 4.032719397891e-03
95.080000000 4.135180084381e-03
95.090000000 4.217663918373e-03
95.100000000 4.295075690587e-03
95.110000000 4.381633192666e-03
95.120000000 4.412964449162e-03
95.130000000 4.448793002016e-03
95.140000000 4.501228538835e-03
95.150000000 4.537083908561e-03
95.160000000 4.562338689093e-03
95.170000000 4.586330652284e-03
95.180000000 4.630513728019e-03
95.190000000 4.640241022536e-03
95.200000000 4.641086173904e-03
95.210000000 4.642130461120e-03
95.220000000 4.619870625049e-03
95.230000000 4.610196281001e-03
95.240000000 4.632083941425e-03
95.250000000 4.603146573241e-03
95.260000000 4.557809791158e-03
95.270000000 4.514967336305e-03
95.280000000 4.475713687166e-03
95.290000000 4.449224406169e-03
95.300000000 4.408355125081e-03
95.310000000 4.351730133997e-03
95.320000000 4.300983549937e-03
95.330000000 4.258964311831e-03
95.340000000 4.194492572467e-03
95.350000000 4.127362122243e-03
95.360000000 4.033580459889e-03
95.370000000 3.930445609336e-03
95.380000000 3.853678841671e-03
95.390000000 3.768478942415e-03
95.400000000 3.659067621505e-03
95.410000000 3.564288605595e-03
95.420000000 3.465885378797e-03
95.430000000 3.368170206904e-03
95.440000000 3.262831588270e-03
95.450000000 3.145248336815e-03
95.460000000 3.005209373798e-03
95.470000000 2.886091721414e-03
95.480000000 2.767017125896e-03
95.490000000 2.677784933439e-03
95.500000000 2.531915212468e-03
95.510000000 2.379411231173e-03
95.520000000 2.225717043507e-03
95.530000000 2.079880615231e-03
95.540000000 1.935793711431e-03
95.550000000 1.797731878361e-03
95.560000000 1.632750549570e-03
95.570000000 1.502093198153e-03
95.580000000 1.362943953623e-03
95.590000000 1.219183302963e-03
95.600000000 1.043752683370e-03
95.610000000 8.841187740686e-04
95.620000000 7.183433770590e-04
95.630000000 5.607417168499e-04
95.640000000 3.938625736598e-04
95.650000000 2.078490626081e-04
95.660000000 5.690546966675e-05
95.670000000 -1.149304090229e-04
95.680000000 -2.272444314941e-04
95.690000000 -4.142839171078e-04
95.700000000 -6.005169783443e-04
95.710000000 -7.942583986770e-04
95.720000000 -9.755481778764e-04
95.730000000 -1.135488377573e-03
95.740000000 -1.291248421232e-03
95.750000000 -1.451903456147e-03
95.760000000 -1.597643436657e-03
95.770000000 -1.727554151997e-03
95.780000000 -1.843913047970e-03
95.790000000 -2.021537463290e-03
95.800000000 -2.176347375004e-03
95.810000000 -2.427458382483e-03
95.820000000 -2.561051849893e-03
95.830000000 -2.741518509385e-03
95.840000000 -2.877682973790e-03
95.850000000 -3.047594868107e-03
95.860000000 -3.179804214221e-03
95.870000000 -3.370534956540e-03
95.880000000 -3.525692840084e-03
95.890000000 -3.693894022201e-03
95.900000000 -3.878369703414e-03
95.910000000 -4.037358417548e-03
95.920000000 -4.149798171742e-03
95.930000000 -4.285363170364e-03
95.940000000 -4.445437229113e-03
95.950000000 -4.581302118701e-03
95.960000000 -4.731773761699e-03
95.970000000 -4.899764042119e-03
95.980000000 -5.030416637365e-03
95.990000000 -5.160446055028e-03
96.000000000 -5.269699568130e-03
96.010000000 -5.408219029609e-03
96.020000000 -5.458394478504e-03
96.030000000 -5.600940925904e-03
96.040000000 -5.698081929209e-03
96.050000000 -5.845399769667e-03
96.060000000 -5.921118099355e-03
96.070000000 -6.037162946409e-03
96.080000000 -6.089582670270e-03
96.090000000 -6.198278228713e-03
96.100000000 -6.299144860295e-03
96.110000000 -6.354884748350e-03
96.120000000 -6.424931687700e-03
96.130000000 -6.468414562787e-03
96.140000000 -6.550343041106e-03
96.150000000 -6.610940243171e-03
96.160000000 -6.665861051783e-03
96.170000000 -6.708086696744e-03
96.180000000 -6.749581941621e-03
96.190000000 -6.817754946180e-03
96.200000000 -6.854711368042e-03
96.210000000 -6.880003307358e-03
96.220000000 -6.897395668273e-03
96.230000000 -6.977061171418e-03
96.240000000 -7.010846357606e-03
96.250000000 -7.102828005820e-03
96.260000000 -7.112931114383e-03
96.270000000 -7.125956602344e-03
96.280000000 -7.167045711680e-03
96.290000000 -7.201999558392e-03
96.300000000 -7.240072654937e-03
96.310000000 -7.268730945685e-03
96.320000000 -7.265507448596e-03
96.330000000 -7.274112070471e-03
96.340000000 -7.269529267475e-03
96.350000000 -7.274590052221e-03
96.360000000 -7.279606653954e-03
96.370000000 -7.271891042262e-03
96.380000000 -7.294727155656e-03
96.390000000 -7.314250926253e-03
96.400000000 -7.297633590622e-03
96.410000000 -7.273098661294e-03
96.420000000 -7.263669683979e-03
96.430000000 -7.248683455121e-03
96.440000000 -7.254103014087e-03
96.450000000 -7.196440819858e-03
96.460000000 -7.167410590454e-03
96.470000000 -7.115510579067e-03
96.480000000 -7.105250618103e-03
96.490000000 -7.071611327986e-03
96.500000000 -7.072907646075e-03
96.510000000 -6.999381715088e-03
96.520000000 -6.987482255410e-03
96.530000000 -6.961929634338e-03
96.540000000 -6.962012358771e-03
96.550000000 -6.918569821181e-03
96.560000000 -6.863260970819e-03
96.570000000 -6.829356139341e-03
96.580000000 -6.783070634075e-03
96.590000000 -6.784997090552e-03
96.600000000 -6.725363231758e-03
96.610000000 -6.721505994763e-03
96.620000000 -6.688614406039e-03
96.630000000 -6.665724124532e-03
96.640000000 -6.648662191216e-03
96.650000000 -6.590013374983e-03
96.660000000 -6.578827089269e-03
96.670000000 -6.494525987223e-03
96.680000000 -6.507485190094e-03
96.690000000 -6.501633560736e-03
96.700000000 -6.445313315253e-03
96.710000000 -6.388714315699e-03
96.720000000 -6.381085171353e-03
96.730000000 -6.307217587973e-03
96.740000000 -6.272407281971e-03
96.750000000 -6.182133509466e-03
96.760000000 -6.135719378626e-03
96.770000000 -6.107146954384e-03
96.780000000 -6.030869438949e-03
96.790000000 -5.969324696699e-03
96.800000000 -5.881812854268e-03
96.810000000 -5.786285998007e-03
96.820000000 -5.688292086066e-03
96.830000000 -5.615214997280e-03
96.840000000 -5.506615384707e-03
96.850000000 -5.363506223662e-03
96.860000000 -5.232374459971e-03
96.870000000 -5.097822731402e-03
96.880000000 -4.969259557631e-03
96.890000000 -4.828804502987e-03
96.900000000 -4.678251983494e-03
96.910000000 -4.520228448992e-03
96.920000000 -4.369677267445e-03
96.930000000 -4.224235007216e-03
96.940000000 -4.083031851540e-03
96.950000000 -3.865636648848e-03
96.960000000 -3.694796665752e-03
96.970000000 -3.524430874736e-03
96.980000000 -3.324687259960e-03
96.990000000 -3.142114460543e-03
97.000000000 -2.920567292151e-03
97.010000000 -2.733602253755e-03
97.020000000 -2.535198174487e-03
97.030000000 -2.334218422688e-03
97.040000000 -2.118490335952e-03
97.050000000 -1.889032372776e-03
97.060000000 -1.679622506119e-03
97.070000000 -1.456811650717e-03
97.080000000 -1.240210925169e-03
97.090000000 -1.007653318468e-03
97.100000000 -7.304787080073e-04
97.110000000 -4.931038378169e-04
97.120000000 -2.532283213623e-04
97.130000000 -1.973088418495e-05
97.140000000 2.364229202761e-04
97.150000000 5.044501507505e-04
97.160000000 7.191913077710e-04
97.170000000 9.992635421050e-04
97.180000000 1.186203190791e-03
97.190000000 1.481283981926e-03
97.200000000 1.705429408333e-03
97.210000000 1.935016891731e-03
97.220000000 2.189062187992e-03
97.230000000 2.401367977523e-03
97.240000000 2.660162771209e-03
97.250000000 2.882793849835e-03
97.260000000 3.102462751552e-03
97.270000000 3.295962982796e-03
97.280000000 3.535563731975e-03
97.290000000 3.739535611101e-03
97.300000000 3.964191361771e-03
97.310000000 4.156823279251e-03
97.320000000 4.321817120678e-03
97.330000000 4.497743168476e-03
97.340000000 4.683599086444e-03
97.350000000 4.858923992802e-03
97.360000000 5.026425613700e-03
97.370000000 5.165394309257e-03
97.380000000 5.337859425503e-03
97.390000000 5.504432035562e-03
97.400000000 5.636925479995e-03
97.410000000 5.817946159894e-03
97.420000000 5.903628603805e-03
97.430000000 6.036148711652e-03
97.440000000 6.159314128658e-03
97.450000000 6.264638189504e-03
97.460000000 6.368670141467e-03
97.470000000 6.448510783739e-03
97.480000000 6.557428346658e-03
97.490000000 6.642213996564e-03
97.500000000 6.731875524718e-03
97.510000000 6.797842528195e-03
97.520000000 6.881927605613e-03
97.530000000 6.956274299285e-03
97.540000000 7.008341335821e-03
97.550000000 7.041106412377e-03
97.560000000 7.092342076454e-03
97.570000000 7.089994936753e-03
97.580000000 7.147504721331e-03
97.590000000 7.177613280657e-03
97.600000000 7.225824348815e-03
97.610000000 7.241651062847e-03
97.620000000 7.252803966943e-03
97.630000000 7.259911110361e-03
97.640000000 7.292647008024e-03
97.650000000 7.265184930700e-03
97.660000000 7.251121206099e-03
97.670000000 7.212289324455e-03
97.680000000 7.218019766039e-03
97.690000000 7.198500416462e-03
97.700000000 7.174407956554e-03
97.710000000 7.145198860553e-03
97.720000000 7.090819433680e-03
97.730000000 7.081039423620e-03
97.740000000 7.061952815742e-03
97.750000000 7.017349558797e-03
97.760000000 6.954047420436e-03
97.770000000 6.912805304374e-03
97.780000000 6.874270953625e-03
97.790000000 6.872363000093e-03
97.800000000 6.817824800790e-03
97.810000000 6.752444976352e-03
97.820000000 6.698906240180e-03
97.830000000 6.629053391733e-03
97.840000000 6.585345572459e-03
97.850000000 6.519389427691e-03
97.860000000 6.464801480417e-03
97.870000000 6.417364857787e-03
97.880000000 6.403499841619e-03
97.890000000 6.379049452947e-03
97.900000000 6.318900585691e-03
97.910000000 6.265996668946e-03
97.920000000 6.241509421199e-03
97.930000000 6.210156407031e-03
97.940000000 6.184160422795e-03
97.950000000 6.174077553759e-03
97.960000000 6.128350019419e-03
97.970000000 6.114525250761e-03
97.980000000 6.103285275964e-03
97.990000000 6.068748919616e-03
98.000000000 6.027999281972e-03
98.010000000 5.996827480418e-03
98.020000000 6.002133040831e-03
98.030000000 5.984666311687e-03
98.040000000 5.979271765056e-03
98.050000000 5.914214320306e-03
98.060000000 5.878350504178e-03
98.070000000 5.866503643019e-03
98.080000000 5.870826695054e-03
98.090000000 5.834786643681e-03
98.100000000 5.821123280746e-03
98.110000000 5.779421090104e-03
98.120000000 5.753338135062e-03
98.130000000 5.744725702864e-03
98.140000000 5.720898590305e-03
98.150000000 5.685433987331e-03
98.160000000 5.657687509347e-03
98.170000000 5.613042319110e-03
98.180000000 5.585580888654e-03
98.190000000 5.534322628044e-03
98.200000000 5.475172046076e-03
98.210000000 5.433355509144e-03
98.220000000 5.443426694519e-03
98.230000000 5.414531094877e-03
98.240000000 5.383903276171e-03
98.250000000 5.331216776414e-03
98.260000000 5.299847047322e-03
98.270000000 5.250437007763e-03
98.280000000 5.234390670202e-03
98.290000000 5.170577193301e-03
98.300000000 5.088345074347e-03
98.310000000 5.017084427724e-03
98.320000000 4.970692150000e-03
98.330000000 4.934562506442e-03
98.340000000 4.847540085216e-03
98.350000000 4.809524295359e-03
98.360000000 4.742658166426e-03
98.370000000 4.687651881161e-03
98.380000000 4.589056259228e-03
98.390000000 4.506059888365e-03
98.400000000 4.387191392931e-03
98.410000000 4.329093960092e-03
98.420000000 4.233130646432e-03
98.430000000 4.149306233053e-03
98.440000000 4.033915389258e-03
98.450000000 3.948741386947e-03
98.460000000 3.857107029774e-03
98.470000000 3.784761437342e-03
98.480000000 3.684263188731e-03
98.490000000 3.619485106124e-03
98.500000000 3.533926407646e-03
98.510000000 3.434505436490e-03
98.520000000 3.321922078214e-03
98.530000000 3.252210639420e-03
98.540000000 3.099146385577e-03
98.550000000 3.039833095666e-03
98.560000000 2.959582965556e-03
98.570000000 2.888891999590e-03
98.580000000 2.810841862557e-03
98.590000000 2.710542588946e-03
98.600000000 2.640295115981e-03
98.610000000 2.582328060671e-03
98.620000000 2.512163680884e-03
98.630000000 2.436683269874e-03
98.640000000 2.346336832648e-03
98.650000000 2.263453487479e-03
98.660000000 2.197467185634e-03
98.670000000 2.153360032268e-03
98.680000000 2.090158970676e-03
98.690000000 2.012844431166e-03
98.700000000 1.972114389705e-03
98.710000000 1.933639891847e-03
98.720000000 1.906445611351e-03
98.730000000 1.836554738387e-03
98.740000000 1.793464349566e-03
98.750000000 1.723671340164e-03
98.760000000 1.696670147186e-03
98.770000000 1.661184935318e-03
98.780000000 1.635796972160e-03
98.790000000 1.608659843518e-03
98.800000000 1.598262060749e-03
98.810000000 1.605015783213e-03
98.820000000 1.569740745801e-03
98.830000000 1.520535701899e-03
98.840000000 1.495987778793e-03
98.850000000 1.484665260838e-03
98.860000000 1.480571451097e-03
98.870000000 1.474029139206e-03
98.880000000 1.441843848180e-03
98.890000000 1.398668207653e-03
98.900000000 1.387571709400e-03
98.910000000 1.385023688037e-03
98.920000000 1.371562146228e-03
98.930000000 1.323678035852e-03
98.940000000 1.313110431663e-03
98.950000000 1.281976035534e-03
98.960000000 1.264123211804e-03
98.970000000 1.232519880421e-03
98.980000000 1.179114465129e-03
98.990000000 1.142947806540e-03
99.000000000 1.159218840958e-03
99.010000000 1.143235859129e-03
99.020000000 1.118531421802e-03
99.030000000 1.100338586086e-03
99.040000000 1.085889571143e-03
99.050000000 1.084051942779e-03
99.060000000 1.067631027093e-03
99.070000000 1.079358055514e-03
99.080000000 1.074603496918e-03
99.090000000 1.100746555599e-03
99.100000000 1.112483760856e-03
99.110000000 1.152495855079e-03
99.120000000 1.156771237234e-03
99.130000000 1.137929712455e-03
99.140000000 1.157174497770e-03
99.150000000 1.187172935500e-03
99.160000000 1.248853251621e-03
99.170000000 1.237367475249e-03
99.180000000 1.297396984317e-03
99.190000000 1.323556637189e-03
99.200000000 1.377614408113e-03
99.210000000 1.394159545545e-03
99.220000000 1.430696706116e-03
99.230000000 1.440174681591e-03
99.240000000 1.503827989297e-03
99.250000000 1.546140981163e-03
99.260000000 1.597454220802e-03
99.270000000 1.601307198650e-03
99.280000000 1.627467536378e-03
99.290000000 1.683278098981e-03
99.300000000 1.730901827207e-03
99.310000000 1.785060636346e-03
99.320000000 1.776390174288e-03
99.330000000 1.778547792059e-03
99.340000000 1.772926170366e-03
99.350000000 1.802526417769e-03
99.360000000 1.826026474260e-03
99.370000000 1.839801661975e-03
99.380000000 1.832253237425e-03
99.390000000 1.814485373892e-03
99.400000000 1.806431999703e-03
99.410000000 1.789841471026e-03
99.420000000 1.756969734375e-03
99.430000000 1.719326911916e-03
99.440000000 1.708379058003e-03
99.450000000 1.684814115062e-03
99.460000000 1.607954230197e-03
99.470000000 1.518797088581e-03
99.480000000 1.425778387752e-03
99.490000000 1.355250401791e-03
99.500000000 1.268882286269e-03
99.510000000 1.174537158267e-03
99.520000000 1.062254999886e-03
99.530000000 9.687442541492e-04
99.540000000 8.779936979906e-04
99.550000000 7.756145288876e-04
99.560000000 6.759579884171e-04
99.570000000 5.243523818017e-04
99.580000000 3.882665713945e-04
99.590000000 2.330420546128e-04
99.600000000 1.176132733050e-04
99.610000000 -4.826720248695e-05
99.620000000 -1.675228861958e-04
99.630000000 -2.853901132987e-04
99.640000000 -3.943375602652e-04
99.650000000 -5.296080692721e-04
99.660000000 -6.722325291398e-04
99.670000000 -8.143684625286e-04
99.680000000 -9.361488924902e-04
99.690000000 -1.062474014935e-03
99.700000000 -1.197273281173e-03
99.710000000 -1.324242508608e-03
99.720000000 -1.442381295643e-03
99.730000000 -1.528002411766e-03
99.740000000 -1.607050592061e-03
99.750000000 -1.697402287305e-03
99.760000000 -1.817934145785e-03
99.770000000 -1.900496829324e-03
99.780000000 -1.973706814041e-03
99.790000000 -2.020064636699e-03
99.800000000 -2.095810929344e-03
99.810000000 -2.159070747875e-03
99.820000000 -2.224434433831e-03
99.830000000 -2.270838925277e-03
99.840000000 -2.328744426196e-03
99.850000000 -2.383110429153e-03
99.860000000 -2.431753333884e-03
99.870000000 -2.460104164022e-03
99.880000000 -2.485478618520e-03
99.890000000 -2.485489720321e-03
99.900000000 -2.501406536763e-03
99.910000000 -2.494481110619e-03
99.920000000 -2.482950289093e-03
99.930000000 -2.458130323956e-03
99.940000000 -2.438342459612e-03
99.950000000 -2.469465308442e-03
99.960000000 -2.493827935252e-03
99.970000000 -2.474663963393e-03
99.980000000 -2.462879092093e-03
99.990000000 -2.431950431993e-03
100.000000000 -2.428024862149e-03
100.010000000 -2.443850219222e-03
100.020000000 -2.417893491145e-03
100.030000000 -2.407738511829e-03
100.040000000 -2.390936897020e-03
100.050000000 -2.379278547711e-03
100.060000000 -2.366559201247e-03
100.070000000 -2.376540717259e-03
100.080000000 -2.346733721063e-03
100.090000000 -2.399395821384e-03
100.100000000 -2.413023370320e-03
100.110000000 -2.393595835082e-03
100.120000000 -2.355750233017e-03
100.130000000 -2.337818936073e-03
100.140000000 -2.331697967986e-03
100.150000000 -2.387489288388e-03
100.160000000 -2.404501558308e-03
100.170000000 -2.436018009354e-03
100.180000000 -2.412713546242e-03
100.190000000 -2.375481835957e-03
100.200000000 -2.366902091868e-03
100.210000000 -2.355706294085e-03
100.220000000 -2.366145296726e-03
100.230000000 -2.380786777033e-03
100.240000000 -2.418399001340e-03
100.250000000 -2.392384136994e-03
100.260000000 -2.383798086385e-03
100.270000000 -2.324701341925e-03
100.280000000 -2.320714351635e-03
100.290000000 -2.340752676962e-03
100.300000000 -2.380448576035e-03
100.310000000 -2.361280340062e-03
100.320000000 -2.376997933635e-03
100.330000000 -2.337275145058e-03
100.340000000 -2.340081727547e-03
100.350000000 -2.338688274324e-03
100.360000000 -2.368112463767e-03
100.370000000 -2.359884960342e-03
100.380000000 -2.346556788433e-03
100.390000000 -2.342442283956e-03
100.400000000 -2.306229062227e-03
100.410000000 -2.299441403801e-03
100.420000000 -2.276360460065e-03
100.430000000 -2.288668106289e-03
100.440000000 -2.325965675197e-03
100.450000000 -2.363654599904e-03
100.460000000 -2.367616370999e-03
100.470000000 -2.382626617549e-03
100.480000000 -2.399151629582e-03
100.490000000 -2.479464434884e-03
100.500000000 -2.485419045509e-03
100.510000000 -2.512277085682e-03
100.520000000 -2.546316502114e-03
100.530000000 -2.590460928171e-03
100.540000000 -2.647492317650e-03
100.550000000 -2.747808548312e-03
100.560000000 -2.811984701294e-03
100.570000000 -2.886311833623e-03
100.580000000 -2.886727824242e-03
100.590000000 -2.958765176633e-03
100.600000000 -3.052183180001e-03
100.610000000 -3.087354425141e-03
100.620000000 -3.141667480092e-03
100.630000000 -3.279939175566e-03
100.640000000 -3.368848037051e-03
100.650000000 -3.442771138727e-03
100.660000000 -3.524601155195e-03
100.670000000 -3.630388046880e-03
100.680000000 -3.733088004149e-03
100.690000000 -3.841510934729e-03
100.700000000 -3.879964617451e-03
100.710000000 -3.935766409449e-03
100.720000000 -3.955428041273e-03
100.730000000 -4.053067127208e-03
100.740000000 -4.120456122280e-03
100.750000000 -4.182710925280e-03
100.760000000 -4.227137025551e-03
100.770000000 -4.265624984459e-03
100.780000000 -4.353123386471e-03
100.790000000 -4.359411189159e-03
100.800000000 -4.367015367362e-03
100.810000000 -4.399410144278e-03
100.820000000 -4.399286622789e-03
100.830000000 -4.470160066001e-03
100.840000000 -4.441997954182e-03
100.850000000 -4.422681862550e-03
100.860000000 -4.411783298332e-03
100.870000000 -4.347848296394e-03
100.880000000 -4.387283402108e-03
100.890000000 -4.362094510629e-03
100.900000000 -4.309744627934e-03
100.910000000 -4.246928533924e-03
100.920000000 -4.198134678625e-03
100.930000000 -4.147726719769e-03
100.940000000 -4.085260960485e-03
100.950000000 -4.017510790683e-03
100.960000000 -3.930221366412e-03
100.970000000 -3.852519122785e-03
100.980000000 -3.757540273587e-03
100.990000000 -3.698262066431e-03
101.000000000 -3.597141868930e-03
101.010000000 -3.518366189429e-03
101.020000000 -3.405952529686e-03
101.030000000 -3.357129850406e-03
101.040000000 -3.262353796245e-03
101.050000000 -3.174682360205e-03
101.060000000 -3.086676382357e-03
101.070000000 -3.012631771604e-03
101.080000000 -2.949367711022e-03
101.090000000 -2.877501957932e-03
101.100000000 -2.809634847519e-03
101.110000000 -2.696558023098e-03
101.120000000 -2.646788395347e-03
101.130000000 -2.581704850553e-03
101.140000000 -2.542113267578e-03
101.150000000 -2.450210658163e-03
101.160000000 -2.440360125937e-03
101.170000000 -2.386727921157e-03
101.180000000 -2.385156762602e-03
101.190000000 -2.325375730408e-03
101.200000000 -2.328599636954e-03
101.210000000 -2.256156696626e-03
101.220000000 -2.286611450087e-03
101.230000000 -2.300774056453e-03
101.240000000 -2.295315988926e-03
101.250000000 -2.292251138967e-03
101.260000000 -2.296280614118e-03
101.270000000 -2.304515051249e-03
101.280000000 -2.332925427370e-03
101.290000000 -2.353521649804e-03
101.300000000 -2.381927591027e-03
101.310000000 -2.431058130638e-03
101.320000000 -2.484048658853e-03
101.330000000 -2.508741192262e-03
101.340000000 -2.517559355553e-03
101.350000000 -2.552690101852e-03
101.360000000 -2.597576554308e-03
101.370000000 -2.688511091564e-03
101.380000000 -2.736985203577e-03
101.390000000 -2.769429075324e-03
101.400000000 -2.795575031750e-03
101.410000000 -2.846447738773e-03
101.420000000 -2.900650744891e-03
101.430000000 -2.957908974906e-03
101.440000000 -2.987718007663e-03
101.450000000 -3.040648572072e-03
101.460000000 -3.069762928980e-03
101.470000000 -3.125055870955e-03
101.480000000 -3.156201859028e-03
101.490000000 -3.205617297357e-03
101.500000000 -3.238879694741e-03
101.510000000 -3.282465506480e-03
101.520000000 -3.331741251066e-03
101.530000000 -3.375634654447e-03
101.540000000 -3.364250467579e-03
101.550000000 -3.387744879549e-03
101.560000000 -3.422561493105e-03
101.570000000 -3.456855026689e-03
101.580000000 -3.463705373784e-03
101.590000000 -3.473170659551e-03
101.600000000 -3.490400368031e-03
101.610000000 -3.502806141360e-03
101.620000000 -3.549193106901e-03
101.630000000 -3.553278326913e-03
101.640000000 -3.552808084590e-03
101.650000000 -3.543521619004e-03
101.660000000 -3.532640868248e-03
101.670000000 -3.536646466968e-03
101.680000000 -3.531476689666e-03
101.690000000 -3.500949731799e-03
101.700000000 -3.516439790797e-03
101.710000000 -3.494932264695e-03
101.720000000 -3.509103661001e-03
101.730000000 -3.458136740076e-03
101.740000000 -3.446054938145e-03
101.750000000 -3.436225277438e-03
101.760000000 -3.423925272907e-03
101.770000000 -3.423743613988e-03
101.780000000 -3.358023799273e-03
101.790000000 -3.326352974948e-03
101.800000000 -3.291014445309e-03
101.810000000 -3.268563502739e-03
101.820000000 -3.189057489293e-03
101.830000000 -3.100435717835e-03
101.840000000 -3.008507381246e-03
101.850000000 -2.905127555970e-03
101.860000000 -2.864574861129e-03
101.870000000 -2.788863050202e-03
101.880000000 -2.672451285954e-03
101.890000000 -2.590029372290e-03
101.900000000 -2.506124647262e-03
101.910000000 -2.394784359910e-03
101.920000000 -2.279474392699e-03
101.930000000 -2.190932566694e-03
101.940000000 -2.078449635993e-03
101.950000000 -2.006048639986e-03
101.960000000 -1.886157815132e-03
101.970000000 -1.774932466295e-03
101.980000000 -1.662672740598e-03
101.990000000 -1.501152694644e-03
102.000000000 -1.400698441998e-03
102.010000000 -1.297353913724e-03
102.020000000 -1.165926817760e-03
102.030000000 -1.054806110726e-03
102.040000000 -9.390138508633e-04
102.050000000 -8.299871780236e-04
102.060000000 -7.197754530901e-04
102.070000000 -5.920580813399e-04
102.080000000 -4.521749374871e-04
102.090000000 -3.374292831314e-04
102.100000000 -2.180991093202e-04
102.110000000 -9.568719790692e-05
102.120000000 4.060262394101e-05
102.130000000 1.298575565574e-04
102.140000000 2.652502593720e-04
102.150000000 3.579261446656e-04
102.160000000 4.617076289317e-04
102.170000000 6.018006145225e-04
102.180000000 6.996385138774e-04
102.190000000 7.707094264405e-04
102.200000000 8.504546099794e-04
102.210000000 9.306134226398e-04
102.220000000 1.015084838835e-03
102.230000000 1.085022110200e-03
102.240000000 1.156367499092e-03
102.250000000 1.175694856901e-03
102.260000000 1.225748135138e-03
102.270000000 1.277614370574e-03
102.280000000 1.299119517694e-03
102.290000000 1.312948128206e-03
102.300000000 1.325594935890e-03
102.310000000 1.349671180314e-03
102.320000000 1.374585939539e-03
102.330000000 1.356461946777e-03
102.340000000 1.355440382071e-03
102.350000000 1.389931265494e-03
102.360000000 1.389075540871e-03
102.370000000 1.417123612379e-03
102.380000000 1.411318681917e-03
102.390000000 1.379625335085e-03
102.400000000 1.344307946094e-03
102.410000000 1.327347234611e-03
102.420000000 1.346432733477e-03
102.430000000 1.320275398322e-03
102.440000000 1.256741533962e-03
102.450000000 1.228274869400e-03
102.460000000 1.202843093753e-03
102.470000000 1.182626465928e-03
102.480000000 1.173508518144e-03
102.490000000 1.168587022142e-03
102.500000000 1.096063006507e-03
102.510000000 1.069810818403e-03
102.520000000 1.059594199395e-03
102.530000000 1.030014759547e-03
102.540000000 1.020876874294e-03
102.550000000 1.020921388677e-03
102.560000000 1.027752048510e-03
102.570000000 1.026896272200e-03
102.580000000 1.021232923436e-03
102.590000000 1.045719794726e-03
102.600000000 1.059095585958e-03
102.610000000 1.062541604234e-03
102.620000000 1.076122338769e-03
102.630000000 1.069946666045e-03
102.640000000 1.084305572594e-03
102.650000000 1.120818410968e-03
102.660000000 1.168843703152e-03
102.670000000 1.198206184690e-03
102.680000000 1.245227234365e-03
102.690000000 1.236769861571e-03
102.700000000 1.303138437737e-03
102.710000000 1.339667188215e-03
102.720000000 1.388524157520e-03
102.730000000 1.428154190159e-03
102.740000000 1.457741494928e-03
102.750000000 1.502050944609e-03
102.760000000 1.547293155106e-03
102.770000000 1.607649195831e-03
102.780000000 1.615607187529e-03
102.790000000 1.674383343778e-03
102.800000000 1.710889914763e-03
102.810000000 1.777240574085e-03
102.820000000 1.783188637775e-03
102.830000000 1.842099018841e-03
102.840000000 1.855518168718e-03
102.850000000 1.917106593143e-03
102.860000000 1.917212263608e-03
102.870000000 1.943967647334e-03
102.880000000 1.958322598882e-03
102.890000000 1.965473186225e-03
102.900000000 1.994782660887e-03
102.910000000 2.019513900780e-03
102.920000000 2.038863407664e-03
102.930000000 2.038735281936e-03
102.940000000 2.057281203064e-03
102.950000000 2.095188453734e-03
102.960000000 2.106235462742e-03
102.970000000 2.139153430924e-03
102.980000000 2.181000234138e-03
102.990000000 2.174473990036e-03
103.000000000 2.197872526041e-03
103.010000000 2.231578268335e-03
103.020000000 2.229436819126e-03
103.030000000 2.211921152000e-03
103.040000000 2.249803571212e-03
103.050000000 2.279456591762e-03
103.060000000 2.268255860045e-03
103.070000000 2.294802954833e-03
103.080000000 2.312854157612e-03
103.090000000 2.327784155352e-03
103.100000000 2.353108704729e-03
103.110000000 2.386993262461e-03
103.120000000 2.405842434015e-03
103.130000000 2.410879890089e-03
103.140000000 2.453183282895e-03
103.150000000 2.468831567431e-03
103.160000000 2.498857651424e-03
103.170000000 2.501693868685e-03
103.180000000 2.530273787546e-03
103.190000000 2.528741067979e-03
103.200000000 2.588782430785e-03
103.210000000 2.565339823610e-03
103.220000000 2.596690297427e-03
103.230000000 2.599459624187e-03
103.240000000 2.608724146180e-03
103.250000000 2.637836480615e-03
103.260000000 2.620845026829e-03
103.270000000 2.644587310325e-03
103.280000000 2.618175428225e-03
103.290000000 2.665838388573e-03
103.300000000 2.652361994275e-03
103.310000000 2.651624743843e-03
103.320000000 2.645788233088e-03
103.330000000 2.640538812616e-03
103.340000000 2.646621276571e-03
103.350000000 2.636338362373e-03
103.360000000 2.616068144805e-03
103.370000000 2.593164550567e-03
103.380000000 2.610050298495e-03
103.390000000 2.593022412851e-03
103.400000000 2.607913194594e-03
103.410000000 2.588439935616e-03
103.420000000 2.580068380095e-03
103.430000000 2.540757181441e-03
103.440000000 2.554708422562e-03
103.450000000 2.533370467281e-03
103.460000000 2.502651940238e-03
103.470000000 2.455530381796e-03
103.480000000 2.425757217669e-03
103.490000000 2.428949419282e-03
103.500000000 2.377555166829e-03
103.510000000 2.373461887596e-03
103.520000000 2.304681467746e-03
103.530000000 2.312397022388e-03
103.540000000 2.275404289040e-03
103.550000000 2.282470010634e-03
103.560000000 2.214016322454e-03
103.570000000 2.212355039172e-03
103.580000000 2.168115491142e-03
103.590000000 2.156060519580e-03
103.600000000 2.114814737444e-03
103.610000000 2.094358716595e-03
103.620000000 2.093943302344e-03
103.630000000 2.072182322439e-03
103.640000000 2.090784490521e-03
103.650000000 2.045970502129e-03
103.660000000 2.024578219306e-03
103.670000000 1.965211113380e-03
103.680000000 1.969577254028e-03
103.690000000 1.936624113742e-03
103.700000000 1.938267540244e-03
103.710000000 1.890154238664e-03
103.720000000 1.886372175005e-03
103.730000000 1.890806938648e-03
103.740000000 1.861075068509e-03
103.750000000 1.847476091489e-03
103.760000000 1.815174114900e-03
103.770000000 1.819696352666e-03
103.780000000 1.758128988083e-03
103.790000000 1.760112237018e-03
103.800000000 1.713857208824e-03
103.810000000 1.680729602403e-03
103.820000000 1.645825823288e-03
103.830000000 1.645324224398e-03
103.840000000 1.643124514036e-03
103.850000000 1.595461241062e-03
103.860000000 1.570216494920e-03
103.870000000 1.530533633210e-03
103.880000000 1.510715519120e-03
103.890000000 1.482063283301e-03
103.900000000 1.410443687233e-03
103.910000000 1.377720728604e-03
103.920000000 1.339383106017e-03
103.930000000 1.301838764150e-03
103.940000000 1.250436418886e-03
103.950000000 1.192635314749e-03
103.960000000 1.105934990319e-03
103.970000000 1.065153179841e-03
103.980000000 1.012579174381e-03
103.990000000 9.514701059519e-04
104.000000000 8.764252147730e-04
104.010000000 8.334764152330e-04
104.020000000 7.843334581866e-04
104.030000000 7.175712984312e-04
104.040000000 6.571584297128e-04
104.050000000 5.967943940315e-04
104.060000000 5.603115245759e-04
104.070000000 5.097667865843e-04
104.080000000 4.889522215800e-04
104.090000000 4.216806335412e-04
104.100000000 3.763985938209e-04
104.110000000 2.792946747123e-04
104.120000000 2.440092696033e-04
104.130000000 2.266595382528e-04
104.140000000 1.790076797760e-04
104.150000000 1.254751312619e-04
104.160000000 1.020878935499e-04
104.170000000 7.898466037400e-05
104.180000000 3.165195824275e-05
104.190000000 1.039890054500e-05
104.200000000 -2.016819011176e-05
104.210000000 -4.855221836774e-05
104.220000000 -7.365344653292e-05
104.230000000 -1.071140639954e-04
104.240000000 -1.585730595486e-04
104.250000000 -1.875546824262e-04
104.260000000 -1.912617098104e-04
104.270000000 -1.982436734358e-04
104.280000000 -2.488880361010e-04
104.290000000 -2.652687524796e-04
104.300000000 -3.112602597262e-04
104.310000000 -3.144285301527e-04
104.320000000 -3.342431068325e-04
104.330000000 -3.277902101779e-04
104.340000000 -4.165443471261e-04
104.350000000 -4.305816535040e-04
104.360000000 -4.599145663909e-04
104.370000000 -4.896402654603e-04
104.380000000 -5.306287330695e-04
104.390000000 -5.575490389667e-04
104.400000000 -6.103543942815e-04
104.410000000 -6.465120739416e-04
104.420000000 -7.014251440810e-04
104.430000000 -7.421978848633e-04
104.440000000 -8.272384430550e-04
104.450000000 -8.718914779432e-04
104.460000000 -9.430527181076e-04
104.470000000 -9.796177536079e-04
104.480000000 -1.072064120424e-03
104.490000000 -1.098982279655e-03
104.500000000 -1.156178683720e-03
104.510000000 -1.183499091825e-03
104.520000000 -1.231102869126e-03
104.530000000 -1.329592040204e-03
104.540000000 -1.428017892507e-03
104.550000000 -1.529904447049e-03
104.560000000 -1.615352514576e-03
104.570000000 -1.709925196194e-03
104.580000000 -1.771401725689e-03
104.590000000 -1.854689546110e-03
104.600000000 -1.893888530238e-03
104.610000000 -1.970538388057e-03
104.620000000 -2.015324067819e-03
104.630000000 -2.120623832273e-03
104.640000000 -2.172317160382e-03
104.650000000 -2.222940243487e-03
104.660000000 -2.263306413576e-03
104.670000000 -2.306937407501e-03
104.680000000 -2.404077181392e-03
104.690000000 -2.433410151158e-03
104.700000000 -2.495134867399e-03
104.710000000 -2.488477583647e-03
104.720000000 -2.538316575401e-03
104.730000000 -2.560251442690e-03
104.740000000 -2.594107474126e-03
104.750000000 -2.610587401544e-03
104.760000000 -2.595815174563e-03
104.770000000 -2.604383736846e-03
104.780000000 -2.628602381344e-03
104.790000000 -2.535026890171e-03
104.800000000 -2.559601111289e-03
104.810000000 -2.477996118270e-03
104.820000000 -2.525669720959e-03
104.830000000 -2.492739333601e-03
104.840000000 -2.490270401093e-03
104.850000000 -2.403448926927e-03
104.860000000 -2.339961698805e-03
104.870000000 -2.337022410095e-03
104.880000000 -2.257908654077e-03
104.890000000 -2.247060268893e-03
104.900000000 -2.160359212790e-03
104.910000000 -2.137931611534e-03
104.920000000 -2.060202488239e-03
104.930000000 -2.026872735998e-03
104.940000000 -1.975201897298e-03
104.950000000 -1.800374841548e-03
104.960000000 -1.759120407315e-03
104.970000000 -1.695011495506e-03
104.980000000 -1.671141855599e-03
104.990000000 -1.515811675510e-03
105.000000000 -1.472411340788e-03
105.010000000 -1.321916080509e-03
105.020000000 -1.238568707982e-03
105.030000000 -1.178276524398e-03
105.040000000 -1.034969116986e-03
105.050000000 -9.790723772406e-04
105.060000000 -8.983949900445e-04
105.070000000 -7.694040091252e-04
105.080000000 -7.035162724409e-04
105.090000000 -5.932517763622e-04
105.100000000 -4.441588894741e-04
105.110000000 -3.511801491431e-04
105.120000000 -2.752266280142e-04
105.130000000 -1.749517244778e-04
105.140000000 -1.469631880186e-05
105.150000000 9.509145967396e-05
105.160000000 1.648953503207e-04
105.170000000 2.868462553294e-04
105.180000000 3.708681898857e-04
105.190000000 5.190906604713e-04
105.200000000 6.121109841638e-04
105.210000000 7.369747274518e-04
105.220000000 8.138895123685e-04
105.230000000 9.125723504949e-04
105.240000000 1.017831305342e-03
105.250000000 1.173785431544e-03
105.260000000 1.238921393179e-03
105.270000000 1.311735361762e-03
105.280000000 1.425538369917e-03
105.290000000 1.536980440724e-03
105.300000000 1.642947345578e-03
105.310000000 1.697769362698e-03
105.320000000 1.791551779828e-03
105.330000000 1.858272350044e-03
105.340000000 1.922779220547e-03
105.350000000 2.037667089668e-03
105.360000000 2.079688480840e-03
105.370000000 2.126364444007e-03
105.380000000 2.242021073980e-03
105.390000000 2.313381741266e-03
105.400000000 2.365754828475e-03
105.410000000 2.432111619867e-03
105.420000000 2.457794045474e-03
105.430000000 2.532442338616e-03
105.440000000 2.578851202715e-03
105.450000000 2.605594372811e-03
105.460000000 2.629624023426e-03
105.470000000 2.691829660543e-03
105.480000000 2.663728862984e-03
105.490000000 2.739073627992e-03
105.500000000 2.821187093336e-03
105.510000000 2.743050476525e-03
105.520000000 2.798382838226e-03
105.530000000 2.834125964740e-03
105.540000000 2.883942891650e-03
105.550000000 2.904658996614e-03
105.560000000 2.891195633779e-03
105.570000000 2.935797264926e-03
105.580000000 2.946303316910e-03
105.590000000 2.941860799567e-03
105.600000000 2.975816825491e-03
105.610000000 2.971688405101e-03
105.620000000 2.982738805177e-03
105.630000000 3.027065901763e-03
105.640000000 3.040835163051e-03
105.650000000 3.031573986330e-03
105.660000000 3.005345159057e-03
105.670000000 3.008307245445e-03
105.680000000 3.062447554194e-03
105.690000000 3.038893176882e-03
105.700000000 3.045068244506e-03
105.710000000 3.053370427977e-03
105.720000000 3.054265928246e-03
105.730000000 3.052368274648e-03
105.740000000 3.085623772485e-03
105.750000000 3.067656736555e-03
105.760000000 3.062785204546e-03
105.770000000 3.063611342093e-03
105.780000000 3.103639026567e-03
105.790000000 3.125203465240e-03
105.800000000 3.099080908976e-03
105.810000000 3.090706096713e-03
105.820000000 3.109174114112e-03
105.830000000 3.110197734350e-03
105.840000000 3.126306590000e-03
105.850000000 3.137869104354e-03
105.860000000 3.115780082302e-03
105.870000000 3.144565085341e-03
105.880000000 3.118470226707e-03
105.890000000 3.097653414216e-03
105.900000000 3.089657285521e-03
105.910000000 3.079620025579e-03
105.920000000 3.102710842397e-03
105.930000000 3.103091990803e-03
105.940000000 3.092208622558e-03
105.950000000 3.086111609019e-03
105.960000000 3.092789791313e-03
105.970000000 3.107332081395e-03
105.980000000 3.114006571052e-03
105.990000000 3.077970025316e-03
106.000000000 3.037249666512e-03
106.010000000 3.040975256799e-03
106.020000000 3.020503006351e-03
106.030000000 3.029554473013e-03
106.040000000 2.993756698489e-03
106.050000000 2.968756637129e-03
106.060000000 2.981995175240e-03
106.070000000 2.955815890483e-03
106.080000000 2.949436633206e-03
106.090000000 2.932471788221e-03
106.100000000 2.865791314836e-03
106.110000000 2.884862986694e-03
106.120000000 2.883808125475e-03
106.130000000 2.829358851665e-03
106.140000000 2.839580600223e-03
106.150000000 2.800424991667e-03
106.160000000 2.773638947148e-03
106.170000000 2.772796890921e-03
106.180000000 2.728568956384e-03
106.190000000 2.698235490748e-03
106.200000000 2.669002359800e-03
106.210000000 2.631414718546e-03
106.220000000 2.621877162715e-03
106.230000000 2.589748206878e-03
106.240000000 2.499867995056e-03
106.250000000 2.458190718563e-03
106.260000000 2.443711791823e-03
106.270000000 2.388700246835e-03
106.280000000 2.341352345919e-03
106.290000000 2.267963113051e-03
106.300000000 2.209084246326e-03
106.310000000 2.170674953681e-03
106.320000000 2.072808208226e-03
106.330000000 2.019998098053e-03
106.340000000 1.899602512422e-03
106.350000000 1.826415410990e-03
106.360000000 1.768500491484e-03
106.370000000 1.692095996847e-03
106.380000000 1.573204510657e-03
106.390000000 1.465038603794e-03
106.400000000 1.342468457959e-03
106.410000000 1.257154044377e-03
106.420000000 1.148711297239e-03
106.430000000 1.062380685509e-03
106.440000000 9.350688279766e-04
106.450000000 8.385657004268e-04
106.460000000 7.180022940425e-04
106.470000000 6.312827034840e-04
106.480000000 4.900223705161e-04
106.490000000 4.213988876848e-04
106.500000000 3.070545802483e-04
106.510000000 2.417917440202e-04
106.520000000 1.166299210465e-04
106.530000000 -3.568707412866e-06
106.540000000 -1.305436336333e-04
106.550000000 -2.057838472418e-04
106.560000000 -3.046199238811e-04
106.570000000 -3.712738282686e-04
106.580000000 -4.686319424830e-04
106.590000000 -5.747257145099e-04
106.600000000 -6.157134348486e-04
106.610000000 -6.834071290111e-04
106.620000000 -7.822109655132e-04
106.630000000 -8.587076199913e-04
106.640000000 -9.432210563772e-04
106.650000000 -1.035087331809e-03
106.660000000 -1.071331805303e-03
106.670000000 -1.120330103937e-03
106.680000000 -1.184826134383e-03
106.690000000 -1.222199711730e-03
106.700000000 -1.248675334266e-03
106.710000000 -1.273794679562e-03
106.720000000 -1.323079239007e-03
106.730000000 -1.358111723396e-03
106.740000000 -1.387458023315e-03
106.750000000 -1.429285814278e-03
106.760000000 -1.432904408022e-03
106.770000000 -1.473112036450e-03
106.780000000 -1.492881675640e-03
106.790000000 -1.481395554110e-03
106.800000000 -1.455415529057e-03
106.810000000 -1.481145398018e-03
106.820000000 -1.456386831376e-03
106.830000000 -1.484932865121e-03
106.840000000 -1.468236211656e-03
106.850000000 -1.418345365088e-03
106.860000000 -1.442561919665e-03
106.870000000 -1.469972794543e-03
106.880000000 -1.471876284660e-03
106.890000000 -1.490044105526e-03
106.900000000 -1.469228009911e-03
106.910000000 -1.456594171922e-03
106.920000000 -1.456113411041e-03
106.930000000 -1.422439656306e-03
106.940000000 -1.432787231403e-03
106.950000000 -1.416952006702e-03
106.960000000 -1.405326372893e-03
106.970000000 -1.412086665189e-03
106.980000000 -1.379546765840e-03
106.990000000 -1.347737231662e-03
107.000000000 -1.340812894323e-03
107.010000000 -1.330493626190e-03
107.020000000 -1.359229798817e-03
107.030000000 -1.335034483669e-03
107.040000000 -1.314096084282e-03
107.050000000 -1.267936086607e-03
107.060000000 -1.272727874703e-03
107.070000000 -1.232859691200e-03
107.080000000 -1.257151543487e-03
107.090000000 -1.191162469529e-03
107.100000000 -1.172144535790e-03
107.110000000 -1.164777383875e-03
107.120000000 -1.134705055721e-03
107.130000000 -1.094563358016e-03
107.140000000 -1.064579454677e-03
107.150000000 -1.045365519842e-03
107.160000000 -9.990540708080e-04
107.170000000 -9.449275340767e-04
107.180000000 -9.138582758158e-04
107.190000000 -8.733589289946e-04
107.200000000 -8.215280013689e-04
107.210000000 -8.156554750884e-04
107.220000000 -7.555593519463e-04
107.230000000 -6.889167489510e-04
107.240000000 -6.015337574782e-04
107.250000000 -5.344403772941e-04
107.260000000 -4.962858096357e-04
107.270000000 -4.407056356240e-04
107.280000000 -3.847984394084e-04
107.290000000 -3.328725583728e-04
107.300000000 -2.776436750923e-04
107.310000000 -2.215129964824e-04
107.320000000 -1.764104997232e-04
107.330000000 -1.143529263835e-04
107.340000000 -5.151068501528e-05
107.350000000 -9.235039770666e-06
107.360000000 -6.117227647326e-06
107.370000000 5.058700326388e-05
107.380000000 1.020119299465e-04
107.390000000 1.277067033789e-04
107.400000000 1.523433220242e-04
107.410000000 1.825603542760e-04
107.420000000 2.097474576579e-04
107.430000000 2.386765134447e-04
107.440000000 2.848881327658e-04
107.450000000 2.751599292622e-04
107.460000000 2.678745379553e-04
107.470000000 2.842700936005e-04
107.480000000 2.849024225385e-04
107.490000000 2.928356668497e-04
107.500000000 2.665053267129e-04
107.510000000 2.753172023184e-04
107.520000000 2.787984612861e-04
107.530000000 3.044465038838e-04
107.540000000 2.823091766141e-04
107.550000000 2.563761684072e-04
107.560000000 2.399548447412e-04
107.570000000 2.210365020274e-04
107.580000000 2.008307149399e-04
107.590000000 1.966624080877e-04
107.600000000 1.624624314026e-04
107.610000000 1.541444995884e-04
107.620000000 1.750824870094e-04
107.630000000 1.660602939366e-04
107.640000000 1.255606165951e-04
107.650000000 1.138707886435e-04
107.660000000 8.949455143725e-05
107.670000000 9.080800385173e-05
107.680000000 1.051734112677e-04
107.690000000 4.748298161065e-05
107.700000000 4.405454293032e-05
107.710000000 2.885128789225e-05
107.720000000 6.224333466062e-05
107.730000000 1.622590473564e-05
107.740000000 4.808425425693e-05
107.750000000 -6.366216175450e-06
107.760000000 2.473424970952e-05
107.770000000 4.211182505342e-06
107.780000000 4.130093710078e-05
107.790000000 7.470058983302e-06
107.800000000 1.326576817735e-05
107.810000000 3.338422462837e-05
107.820000000 2.179871138707e-05
107.830000000 1.816620643347e-05
107.840000000 1.845200660155e-05
107.850000000 4.133499533029e-06
107.860000000 -7.503222493687e-06
107.870000000 1.369661985974e-05
107.880000000 -3.621685345792e-05
107.890000000 -6.563467862252e-05
107.900000000 -1.043237164304e-04
107.910000000 -1.163872515846e-04
107.920000000 -1.129666072694e-04
107.930000000 -1.581351957355e-04
107.940000000 -1.888343432194e-04
107.950000000 -2.573185974907e-04
107.960000000 -2.688668908535e-04
107.970000000 -3.160269267493e-04
107.980000000 -3.833560359410e-04
107.990000000 -4.355259403770e-04
108.000000000 -4.878036916013e-04
108.010000000 -5.392989188462e-04
108.020000000 -5.811680477351e-04
108.030000000 -6.696214006913e-04
108.040000000 -7.875091320254e-04
108.050000000 -8.597699155760e-04
108.060000000 -9.342062251560e-04
108.070000000 -1.067784991608e-03
108.080000000 -1.123482840626e-03
108.090000000 -1.226110088218e-03
108.100000000 -1.331135785531e-03
108.110000000 -1.419114042245e-03
108.120000000 -1.520918336523e-03
108.130000000 -1.653730632141e-03
108.140000000 -1.769633700479e-03
108.150000000 -1.866086978226e-03
108.160000000 -1.976192826520e-03
108.170000000 -2.087632931066e-03
108.180000000 -2.227458711639e-03
108.190000000 -2.363216627410e-03
108.200000000 -2.448804309475e-03
108.210000000 -2.539871486273e-03
108.220000000 -2.677707433619e-03
108.230000000 -2.811835363083e-03
108.240000000 -2.927867700581e-03
108.250000000 -3.037386043195e-03
108.260000000 -3.128454766048e-03
108.270000000 -3.261702183618e-03
108.280000000 -3.387714370368e-03
108.290000000 -3.534179152685e-03
108.300000000 -3.614550194958e-03
108.310000000 -3.753023567159e-03
108.320000000 -3.838648773355e-03
108.330000000 -3.964261987867e-03
108.340000000 -4.062163061379e-03
108.350000000 -4.196247912983e-03
108.360000000 -4.280564431784e-03
108.370000000 -4.425004784023e-03
108.380000000 -4.564355318658e-03
108.390000000 -4.681226323960e-03
108.400000000 -4.747016447503e-03
108.410000000 -4.862733843698e-03
108.420000000 -5.021908799337e-03
108.430000000 -5.121847892600e-03
108.440000000 -5.221171204264e-03
108.450000000 -5.304030703678e-03
108.460000000 -5.387473151577e-03
108.470000000 -5.486500772226e-03
108.480000000 -5.606048000548e-03
108.490000000 -5.703715988753e-03
108.500000000 -5.814648698409e-03
108.510000000 -5.914872954814e-03
108.520000000 -6.010904815884e-03
108.530000000 -6.102852372640e-03
108.540000000 -6.190926912306e-03
108.550000000 -6.244797107878e-03
108.560000000 -6.335164307179e-03
108.570000000 -6.419849536948e-03
108.580000000 -6.502357979629e-03
108.590000000 -6.561510185972e-03
108.600000000 -6.612220563713e-03
108.610000000 -6.670925787021e-03
108.620000000 -6.733388417397e-03
108.630000000 -6.800644046614e-03
108.640000000 -6.836768677344e-03
108.650000000 -6.881392471757e-03
108.660000000 -6.955131249210e-03
108.670000000 -6.996533438215e-03
108.680000000 -7.024333915512e-03
108.690000000 -7.052642775924e-03
108.700000000 -7.080751732862e-03
108.710000000 -7.074033603876e-03
108.720000000 -7.099936566326e-03
108.730000000 -7.112456095491e-03
108.740000000 -7.120403922161e-03
108.750000000 -7.131240676433e-03
108.760000000 -7.125923010574e-03
108.770000000 -7.107295464125e-03
108.780000000 -7.072933112394e-03
108.790000000 -7.043952486642e-03
108.800000000 -7.014921710100e-03
108.810000000 -7.021693883006e-03
108.820000000 -6.982371654915e-03
108.830000000 -6.925221584879e-03
108.840000000 -6.875540425810e-03
108.850000000 -6.792545237583e-03
108.860000000 -6.762236717060e-03
108.870000000 -6.711340700930e-03
108.880000000 -6.636223522683e-03
108.890000000 -6.538106178216e-03
108.900000000 -6.486998247628e-03
108.910000000 -6.384608482740e-03
108.920000000 -6.324995878974e-03
108.930000000 -6.192248789803e-03
108.940000000 -6.114527429592e-03
108.950000000 -6.018506294861e-03
108.960000000 -5.930553978125e-03
108.970000000 -5.788961304956e-03
108.980000000 -5.683078728199e-03
108.990000000 -5.538229297405e-03
109.000000000 -5.431095437688e-03
109.010000000 -5.327434249152e-03
109.020000000 -5.199150028137e-03
109.030000000 -5.053983306834e-03
109.040000000 -4.919777134370e-03
109.050000000 -4.773134837037e-03
109.060000000 -4.644734257244e-03
109.070000000 -4.498901761180e-03
109.080000000 -4.291230340815e-03
109.090000000 -4.159752106530e-03
109.100000000 -3.988190200683e-03
109.110000000 -3.825583858062e-03
109.120000000 -3.643893664852e-03
109.130000000 -3.466706674630e-03
109.140000000 -3.267360693953e-03
109.150000000 -3.108174930331e-03
109.160000000 -2.914679838319e-03
109.170000000 -2.720936282816e-03
109.180000000 -2.505853378281e-03
109.190000000 -2.369963955399e-03
109.200000000 -2.158989770739e-03
109.210000000 -1.991744600671e-03
109.220000000 -1.763743431143e-03
109.230000000 -1.562855029634e-03
109.240000000 -1.395704588137e-03
109.250000000 -1.183468896075e-03
109.260000000 -9.897884651130e-04
109.270000000 -7.850760160357e-04
109.280000000 -5.960753425991e-04
109.290000000 -3.973394912426e-04
109.300000000 -2.525587201978e-04
109.310000000 -8.360903101980e-05
109.320000000 8.110202890484e-05
109.330000000 2.663414176591e-04
109.340000000 4.621174503143e-04
109.350000000 6.065245569157e-04
109.360000000 7.889489785552e-04
109.370000000 9.493560072667e-04
109.380000000 1.124383957979e-03
109.390000000 1.243356339797e-03
109.400000000 1.416650699935e-03
109.410000000 1.558107908519e-03
109.420000000 1.731120060116e-03
109.430000000 1.860446062184e-03
109.440000000 1.989781583913e-03
109.450000000 2.117467282920e-03
109.460000000 2.250875329378e-03
109.470000000 2.402529468346e-03
109.480000000 2.527828258805e-03
109.490000000 2.639817718910e-03
109.500000000 2.743226394190e-03
109.510000000 2.844960099166e-03
109.520000000 2.987803017577e-03
109.530000000 3.083923431312e-03
109.540000000 3.182750187687e-03
109.550000000 3.248800796492e-03
109.560000000 3.356342231888e-03
109.570000000 3.486190700415e-03
109.580000000 3.536808654425e-03
109.590000000 3.630369396035e-03
109.600000000 3.716620653187e-03
109.610000000 3.786638888759e-03
109.620000000 3.858855789059e-03
109.630000000 3.944572239888e-03
109.640000000 3.981064635965e-03
109.650000000 4.034134482485e-03
109.660000000 4.108573613714e-03
109.670000000 4.175376019966e-03
109.680000000 4.204611405439e-03
109.690000000 4.252671425188e-03
109.700000000 4.261013524656e-03
109.710000000 4.354148093018e-03
109.720000000 4.378782725704e-03
109.730000000 4.404357145011e-03
109.740000000 4.412353733562e-03
109.750000000 4.436752393537e-03
109.760000000 4.455595074422e-03
109.770000000 4.496188228952e-03
109.780000000 4.529253049543e-03
109.790000000 4.548443487453e-03
109.800000000 4.574079676806e-03
109.810000000 4.594491776443e-03
109.820000000 4.605571337452e-03
109.830000000 4.580793433793e-03
109.840000000 4.583801721237e-03
109.850000000 4.575337312188e-03
109.860000000 4.601770130722e-03
109.870000000 4.583686074170e-03
109.880000000 4.532985036052e-03
109.890000000 4.500568092563e-03
109.900000000 4.481890374408e-03
109.910000000 4.464041329273e-03
109.920000000 4.392978446997e-03
109.930000000 4.361866950623e-03
109.940000000 4.309099562954e-03
109.950000000 4.253216900089e-03
109.960000000 4.205568066637e-03
109.970000000 4.180489336978e-03
109.980000000 4.088692010689e-03
109.990000000 4.006631660878e-03
110.000000000 3.909488879275e-03
110.010000000 3.818668537345e-03
110.020000000 3.741663605274e-03
110.030000000 3.617844321889e-03
110.040000000 3.531613536430e-03
110.050000000 3.456822548144e-03
110.060000000 3.335330213843e-03
110.070000000 3.233352444692e-03
110.080000000 3.126594916830e-03
110.090000000 3.017829805511e-03
110.100000000 2.923851684394e-03
110.110000000 2.831485279800e-03
110.120000000 2.667775632048e-03
110.130000000 2.548614312330e-03
110.140000000 2.422945600440e-03
110.150000000 2.352720749533e-03
110.160000000 2.253402788558e-03
110.170000000 2.115290161865e-03
110.180000000 1.966828606990e-03
110.190000000 1.838134090524e-03
110.200000000 1.687793925341e-03
110.210000000 1.657249618211e-03
110.220000000 1.535286867004e-03
110.230000000 1.433301451265e-03
110.240000000 1.337387149875e-03
110.250000000 1.224560963030e-03
110.260000000 1.118366075212e-03
110.270000000 1.001253535689e-03
110.280000000 8.891625509418e-04
110.290000000 8.341463771057e-04
110.300000000 7.707555307024e-04
110.310000000 6.431199536279e-04
110.320000000 5.764901054536e-04
110.330000000 5.038479910218e-04
110.340000000 4.461352776545e-04
110.350000000 4.046881298526e-04
110.360000000 3.551768966131e-04
110.370000000 2.816522819276e-04
110.380000000 2.514400166625e-04
110.390000000 2.005340773496e-04
110.400000000 2.073402192712e-04
110.410000000 1.463746192558e-04
110.420000000 9.337680911777e-05
110.430000000 6.555090705727e-05
110.440000000 2.248468195725e-05
110.450000000 1.487296336224e-05
110.460000000 -2.694693280041e-05
110.470000000 -2.416643405741e-05
110.480000000 -3.220753266868e-05
110.490000000 3.010479865095e-05
110.500000000 2.426725919611e-05
110.510000000 2.517804410147e-05
110.520000000 4.087958980374e-05
110.530000000 -8.002847763968e-06
110.540000000 3.341026409447e-05
110.550000000 1.773996091504e-05
110.560000000 -1.777134423446e-05
110.570000000 2.846084799150e-05
110.580000000 2.714477136568e-05
110.590000000 2.042042891410e-05
110.600000000 1.393481848712e-05
110.610000000 -6.323671419576e-05
110.620000000 -2.206047358734e-05
110.630000000 3.846337188657e-05
110.640000000 3.796394377318e-05
110.650000000 1.267368119730e-04
110.660000000 1.205469305719e-04
110.670000000 1.046311845726e-04
110.680000000 1.687986639362e-04
110.690000000 1.284693768349e-04
110.700000000 1.872359955169e-04
110.710000000 1.972346206141e-04
110.720000000 1.872232634535e-04
110.730000000 2.782741591446e-04
110.740000000 2.468306787094e-04
110.750000000 2.570482872806e-04
110.760000000 2.995937455288e-04
110.770000000 2.559226259288e-04
110.780000000 3.200633380271e-04
110.790000000 3.271287921490e-04
110.800000000 3.528229064133e-04
110.810000000 3.886144344632e-04
110.820000000 4.038322908960e-04
110.830000000 4.799716360955e-04
110.840000000 4.819940675596e-04
110.850000000 5.048066193335e-04
110.860000000 5.265663057927e-04
110.870000000 5.643461878694e-04
110.880000000 5.533513692794e-04
110.890000000 5.887628041901e-04
110.900000000 5.991179249037e-04
110.910000000 6.081324833731e-04
110.920000000 6.645458411727e-04
110.930000000 6.685123629817e-04
110.940000000 7.229766728359e-04
110.950000000 7.169426102525e-04
110.960000000 7.425482951775e-04
110.970000000 7.725031145994e-04
110.980000000 8.066196864619e-04
110.990000000 8.638881221322e-04
111.000000000 8.522573391635e-04
111.010000000 9.059720842447e-04
111.020000000 9.352722311210e-04
111.030000000 9.911865534800e-04
111.040000000 1.029174087451e-03
111.050000000 1.078008042659e-03
111.060000000 1.087896021182e-03
111.070000000 1.132575024165e-03
111.080000000 1.197636297503e-03
111.090000000 1.220875294224e-03
111.100000000 1.280673421285e-03
111.110000000 1.302769259111e-03
111.120000000 1.356994738052e-03
111.130000000 1.431598672199e-03
111.140000000 1.464963221682e-03
111.150000000 1.509619750440e-03
111.160000000 1.535571206307e-03
111.170000000 1.606458395747e-03
111.180000000 1.673389004724e-03
111.190000000 1.683761850236e-03
111.200000000 1.724073036267e-03
111.210000000 1.776424347217e-03
111.220000000 1.821601370626e-03
111.230000000 1.928099205692e-03
111.240000000 1.940448549015e-03
111.250000000 1.997890242682e-03
111.260000000 2.029760023086e-03
111.270000000 2.091124843524e-03
111.280000000 2.136005320475e-03
111.290000000 2.171275854666e-03
111.300000000 2.187609284166e-03
111.310000000 2.197883513896e-03
111.320000000 2.206877134423e-03
111.330000000 2.235369770401e-03
111.340000000 2.264330416799e-03
111.350000000 2.269914320572e-03
111.360000000 2.325694715588e-03
111.370000000 2.347433397341e-03
111.380000000 2.346055943551e-03
111.390000000 2.332073532348e-03
111.400000000 2.319756277493e-03
111.410000000 2.323752719527e-03
111.420000000 2.335627334784e-03
111.430000000 2.307448996201e-03
111.440000000 2.312120552671e-03
111.450000000 2.269587626621e-03
111.460000000 2.256654207454e-03
111.470000000 2.256842358630e-03
111.480000000 2.192455710146e-03
111.490000000 2.146542409920e-03
111.500000000 2.095833250313e-03
111.510000000 2.057371386137e-03
111.520000000 2.051221584937e-03
111.530000000 2.000216949391e-03
111.540000000 1.942546932418e-03
111.550000000 1.921099614566e-03
111.560000000 1.859597378409e-03
111.570000000 1.802818206698e-03
111.580000000 1.739200880063e-03
111.590000000 1.649912730328e-03
111.600000000 1.582447874635e-03
111.610000000 1.567247080157e-03
111.620000000 1.527209989210e-03
111.630000000 1.468196202945e-03
111.640000000 1.386545673116e-03
111.650000000 1.341806992106e-03
111.660000000 1.286352589226e-03
111.670000000 1.267976467359e-03
111.680000000 1.205497935923e-03
111.690000000 1.135309602753e-03
111.700000000 1.114066643151e-03
111.710000000 1.021544768941e-03
111.720000000 1.018872984260e-03
111.730000000 9.319187704704e-04
111.740000000 8.888822344009e-04
111.750000000 8.481304460681e-04
111.760000000 8.398615202140e-04
111.770000000 8.131906023431e-04
111.780000000 7.568133500924e-04
111.790000000 7.332226134058e-04
111.800000000 6.789188420119e-04
111.810000000 6.655269248963e-04
111.820000000 6.317732269758e-04
111.830000000 6.072550540183e-04
111.840000000 5.916564664723e-04
111.850000000 6.154150568592e-04
111.860000000 6.187538455163e-04
111.870000000 5.884287161003e-04
111.880000000 5.540661702970e-04
111.890000000 5.298789533164e-04
111.900000000 5.148424485590e-04
111.910000000 5.392991743622e-04
111.920000000 5.538618436599e-04
111.930000000 5.534922675622e-04
111.940000000 6.027440264968e-04
111.950000000 5.876578537886e-04
111.960000000 6.364387851818e-04
111.970000000 6.246278847890e-04
111.980000000 6.022289703405e-04
111.990000000 6.428761671706e-04
112.000000000 6.538515277741e-04
112.010000000 7.108931581094e-04
112.020000000 6.993176288301e-04
112.030000000 7.447999498068e-04
112.040000000 7.500854782607e-04
112.050000000 7.716727966633e-04
112.060000000 8.199475145294e-04
112.070000000 8.463158720928e-04
112.080000000 8.789091662498e-04
112.090000000 9.060979610537e-04
112.100000000 9.223651907272e-04
112.110000000 9.389470993008e-04
112.120000000 9.335375125737e-04
112.130000000 9.681235209253e-04
112.140000000 1.017956358632e-03
112.150000000 1.038896817688e-03
112.160000000 1.058797679363e-03
112.170000000 1.062543126304e-03
112.180000000 1.059671302987e-03
112.190000000 1.072894797387e-03
112.200000000 1.126322033796e-03
112.210000000 1.131032113834e-03
112.220000000 1.150302733795e-03
112.230000000 1.118328753335e-03
112.240000000 1.152419488734e-03
112.250000000 1.143970712668e-03
112.260000000 1.164743775038e-03
112.270000000 1.183165070218e-03
112.280000000 1.215033044183e-03
112.290000000 1.264819079800e-03
112.300000000 1.270990791080e-03
112.310000000 1.280788091126e-03
112.320000000 1.206433702361e-03
112.330000000 1.193733842507e-03
112.340000000 1.196015512327e-03
112.350000000 1.199320942453e-03
112.360000000 1.200825131618e-03
112.370000000 1.189651097890e-03
112.380000000 1.222573719308e-03
112.390000000 1.223708758018e-03
112.400000000 1.211949504442e-03
112.410000000 1.192016884322e-03
112.420000000 1.139884313537e-03
112.430000000 1.112894627619e-03
112.440000000 1.106897269914e-03
112.450000000 1.124633096524e-03
112.460000000 1.096565421455e-03
112.470000000 1.074398233012e-03
112.480000000 1.098116719102e-03
112.490000000 1.094011226610e-03
112.500000000 1.080268799441e-03
112.510000000 1.046300449338e-03
112.520000000 9.979205024489e-04
112.530000000 1.004387340990e-03
112.540000000 9.672001104482e-04
112.550000000 9.866215310134e-04
112.560000000 9.037999829623e-04
112.570000000 9.119012729002e-04
112.580000000 8.596279056371e-04
112.590000000 8.838029417449e-04
112.600000000 8.627013696338e-04
112.610000000 8.517116711868e-04
112.620000000 8.315457392207e-04
112.630000000 8.107933170662e-04
112.640000000 8.110411657539e-04
112.650000000 7.601778053102e-04
112.660000000 7.618235479968e-04
112.670000000 7.402113037497e-04
112.680000000 7.504042007239e-04
112.690000000 7.097186980568e-04
112.700000000 6.836616868891e-04
112.710000000 6.408748274283e-04
112.720000000 6.086300936595e-04
112.730000000 6.364819245942e-04
112.740000000 6.156595550027e-04
112.750000000 6.219878689443e-04
112.760000000 5.841660256818e-04
112.770000000 5.856754660986e-04
112.780000000 5.776096006930e-04
112.790000000 5.904993612573e-04
112.800000000 5.919148170275e-04
112.810000000 5.998424291624e-04
112.820000000 6.093576585759e-04
112.830000000 6.286148175054e-04
112.840000000 6.157944801799e-04
112.850000000 6.069762843995e-04
112.860000000 6.109387916228e-04
112.870000000 6.463058946160e-04
112.880000000 6.755881666507e-04
112.890000000 6.637220577021e-04
112.900000000 6.862646817785e-04
112.910000000 6.550010435150e-04
112.920000000 6.645988304254e-04
112.930000000 6.678174794831e-04
112.940000000 6.801809555297e-04
112.950000000 6.279716579401e-04
112.960000000 6.500652872395e-04
112.970000000 6.926486457870e-04
112.980000000 7.357488372497e-04
112.990000000 7.495114845093e-04
113.000000000 7.310765273867e-04
113.010000000 7.137171906962e-04
113.020000000 7.012248296563e-04
113.030000000 6.880538471915e-04
113.040000000 7.156703315641e-04
113.050000000 6.811190676079e-04
113.060000000 7.190914851407e-04
113.070000000 7.318881364995e-04
113.080000000 7.564869607087e-04
113.090000000 7.527849495989e-04
113.100000000 7.458304452449e-04
113.110000000 7.650201901428e-04
113.120000000 7.624005359722e-04
113.130000000 7.931869528768e-04
113.140000000 7.647271086641e-04
113.150000000 7.679162581686e-04
113.160000000 7.322506524187e-04
113.170000000 7.467710955492e-04
113.180000000 7.397801136857e-04
113.190000000 7.185088208534e-04
113.200000000 7.153006855299e-04
113.210000000 7.610718121264e-04
113.220000000 7.824527923637e-04
113.230000000 7.440134557817e-04
113.240000000 7.385256281883e-04
113.250000000 6.699602464944e-04
113.260000000 6.668461181475e-04
113.270000000 6.613165840009e-04
113.280000000 6.742043763273e-04
113.290000000 6.104804482789e-04
113.300000000 5.628213681922e-04
113.310000000 5.185659248555e-04
113.320000000 4.667288690034e-04
113.330000000 4.272777005498e-04
113.340000000 3.836167791714e-04
113.350000000 3.747970670369e-04
113.360000000 3.360408623103e-04
113.370000000 3.163036402487e-04
113.380000000 2.131608519306e-04
113.390000000 1.528890988986e-04
113.400000000 3.987940194611e-05
113.410000000 1.315013458530e-05
113.420000000 -5.795177563718e-05
113.430000000 -1.220610409121e-04
113.440000000 -2.485955461460e-04
113.450000000 -3.391970410486e-04
113.460000000 -4.320709312831e-04
113.470000000 -5.200722140343e-04
113.480000000 -6.463598831393e-04
113.490000000 -7.413963511013e-04
113.500000000 -8.143543576542e-04
113.510000000 -8.949238318549e-04
113.520000000 -9.480875295882e-04
113.530000000 -1.037570431277e-03
113.540000000 -1.115273256996e-03
113.550000000 -1.224286836860e-03
113.560000000 -1.274920307240e-03
113.570000000 -1.410932410387e-03
113.580000000 -1.496250486811e-03
113.590000000 -1.612623243772e-03
113.600000000 -1.671592973633e-03
113.610000000 -1.723640746909e-03
113.620000000 -1.809474829697e-03
113.630000000 -1.916953696947e-03
113.640000000 -2.036490209608e-03
113.650000000 -2.121267574374e-03
113.660000000 -2.210649558917e-03
113.670000000 -2.271351812471e-03
113.680000000 -2.347870944018e-03
113.690000000 -2.384267996860e-03
113.700000000 -2.448154324305e-03
113.710000000 -2.490251548807e-03
113.720000000 -2.582481921987e-03
113.730000000 -2.654768216633e-03
113.740000000 -2.705879740649e-03
113.750000000 -2.742416609668e-03
113.760000000 -2.781099079163e-03
113.770000000 -2.823521450212e-03
113.780000000 -2.856990188057e-03
113.790000000 -2.887561007092e-03
113.800000000 -2.890282742205e-03
113.810000000 -2.894817724775e-03
113.820000000 -2.938387196418e-03
113.830000000 -2.955385749571e-03
113.840000000 -2.979828906932e-03
113.850000000 -2.964910350275e-03
113.860000000 -2.954983197402e-03
113.870000000 -2.943280830814e-03
113.880000000 -2.960885772023e-03
113.890000000 -2.923096334631e-03
113.900000000 -2.875692293253e-03
113.910000000 -2.871409758792e-03
113.920000000 -2.857944409824e-03
113.930000000 -2.849663122620e-03
113.940000000 -2.812547658363e-03
113.950000000 -2.792734667619e-03
113.960000000 -2.753236781400e-03
113.970000000 -2.728437848024e-03
113.980000000 -2.705397161746e-03
113.990000000 -2.671143525228e-03
114.000000000 -2.643351678312e-03
114.010000000 -2.592422670828e-03
114.020000000 -2.581834692090e-03
114.030000000 -2.534503100251e-03
114.040000000 -2.505471306480e-03
114.050000000 -2.427731074316e-03
114.060000000 -2.427684780229e-03
114.070000000 -2.356727342308e-03
114.080000000 -2.346065130928e-03
114.090000000 -2.264390213772e-03
114.100000000 -2.212434607962e-03
114.110000000 -2.144444201245e-03
114.120000000 -2.107713306214e-03
114.130000000 -2.063353537553e-03
114.140000000 -1.991562444076e-03
114.150000000 -1.916052911030e-03
114.160000000 -1.871989914152e-03
114.170000000 -1.853946126938e-03
114.180000000 -1.787856300235e-03
114.190000000 -1.714741087918e-03
114.200000000 -1.621093401168e-03
114.210000000 -1.559702326889e-03
114.220000000 -1.497255698914e-03
114.230000000 -1.427362420398e-03
114.240000000 -1.366556865371e-03
114.250000000 -1.273964318787e-03
114.260000000 -1.196156336644e-03
114.270000000 -1.078779585483e-03
114.280000000 -9.910257015393e-04
114.290000000 -8.671391441898e-04
114.300000000 -7.881412875561e-04
114.310000000 -6.982325761432e-04
114.320000000 -6.526070953554e-04
114.330000000 -5.454427137952e-04
114.340000000 -4.548747769669e-04
114.350000000 -3.500518986085e-04
114.360000000 -2.756752680273e-04
114.370000000 -1.827020604295e-04
114.380000000 -1.072520764570e-04
114.390000000 -2.646031332261e-06
114.400000000 1.278466204040e-04
114.410000000 1.916759332953e-04
114.420000000 2.779080219233e-04
114.430000000 3.949972258723e-04
114.440000000 5.038557493674e-04
114.450000000 5.493611101272e-04
114.460000000 6.245181795662e-04
114.470000000 6.934612308669e-04
114.480000000 8.069430757252e-04
114.490000000 9.131697335316e-04
114.500000000 1.002306109427e-03
114.510000000 1.076694352998e-03
114.520000000 1.127215063012e-03
114.530000000 1.223619201386e-03
114.540000000 1.276823508231e-03
114.550000000 1.340238022597e-03
114.560000000 1.345221363051e-03
114.570000000 1.396043976292e-03
114.580000000 1.462568658078e-03
114.590000000 1.522882118568e-03
114.600000000 1.557144077855e-03
114.610000000 1.594437595616e-03
114.620000000 1.650895670534e-03
114.630000000 1.691321518458e-03
114.640000000 1.767114956944e-03
114.650000000 1.788145760493e-03
114.660000000 1.824021703798e-03
114.670000000 1.841758893452e-03
114.680000000 1.903963544598e-03
114.690000000 1.916770340673e-03
114.700000000 1.924203623764e-03
114.710000000 1.956235619732e-03
114.720000000 1.986310992730e-03
114.730000000 2.026916624573e-03
114.740000000 2.059316551482e-03
114.750000000 2.093310862039e-03
114.760000000 2.111294935892e-03
114.770000000 2.123394714288e-03
114.780000000 2.127964312262e-03
114.790000000 2.128638617587e-03
114.800000000 2.124022302208e-03
114.810000000 2.102513515004e-03
114.820000000 2.138185568792e-03
114.830000000 2.167055233334e-03
114.840000000 2.212995818143e-03
114.850000000 2.195525622678e-03
114.860000000 2.213674732823e-03
114.870000000 2.218360157989e-03
114.880000000 2.212564773334e-03
114.890000000 2.204413103220e-03
114.900000000 2.210753040469e-03
114.910000000 2.209154427150e-03
114.920000000 2.187922305137e-03
114.930000000 2.197529864025e-03
114.940000000 2.175315485542e-03
114.950000000 2.127652376248e-03
114.960000000 2.113611442551e-03
114.970000000 2.084379488271e-03
114.980000000 2.107558621350e-03
114.990000000 2.081646265014e-03
115.000000000 2.082447750485e-03
115.010000000 2.021711765825e-03
115.020000000 2.009101891452e-03
115.030000000 1.955324293700e-03
115.040000000 1.906185157490e-03
115.050000000 1.852965580270e-03
115.060000000 1.796941596523e-03
115.070000000 1.764994875974e-03
115.080000000 1.716819250710e-03
115.090000000 1.680734572951e-03
115.100000000 1.613745901898e-03
115.110000000 1.585147719292e-03
115.120000000 1.528385031354e-03
115.130000000 1.484194006610e-03
115.140000000 1.428647826675e-03
115.150000000 1.359292137859e-03
115.160000000 1.326448135849e-03
115.170000000 1.290448124607e-03
115.180000000 1.267154157027e-03
115.190000000 1.182061193803e-03
115.200000000 1.150495770120e-03
115.210000000 1.101365087968e-03
115.220000000 1.086456751886e-03
115.230000000 1.032480310800e-03
115.240000000 1.003609768337e-03
115.250000000 9.800461181734e-04
115.260000000 9.481320594182e-04
115.270000000 9.415724282523e-04
115.280000000 8.857401464509e-04
115.290000000 8.653720007125e-04
115.300000000 8.311719199530e-04
115.310000000 8.199292306221e-04
115.320000000 8.116022203063e-04
115.330000000 7.795062675789e-04
115.340000000 7.362450792608e-04
115.350000000 6.893691172048e-04
115.360000000 6.883224919818e-04
115.370000000 6.740913034907e-04
115.380000000 6.570337119513e-04
115.390000000 6.172244035790e-04
115.400000000 5.962802401580e-04
115.410000000 5.691656018877e-04
115.420000000 5.559819698749e-04
115.430000000 5.532952465921e-04
115.440000000 5.186880386230e-04
115.450000000 4.937541081367e-04
115.460000000 4.917585755728e-04
115.470000000 4.820600084112e-04
115.480000000 4.188604470777e-04
115.490000000 3.793335811874e-04
115.500000000 3.734815854367e-04
115.510000000 3.864156924399e-04
115.520000000 3.614952220463e-04
115.530000000 3.373902643584e-04
115.540000000 2.786809681449e-04
115.550000000 2.540740400873e-04
115.560000000 2.097276937364e-04
115.570000000 1.821841993119e-04
115.580000000 1.214261342546e-04
115.590000000 5.579534066331e-05
115.600000000 -1.801942450739e-05
115.610000000 -5.379149614799e-05
115.620000000 -9.857237680136e-05
115.630000000 -2.095635260386e-04
115.640000000 -2.172116604039e-04
115.650000000 -3.209167382096e-04
115.660000000 -3.545118428365e-04
115.670000000 -4.388361894664e-04
115.680000000 -4.980560423842e-04
115.690000000 -5.714660516735e-04
115.700000000 -6.401717786956e-04
115.710000000 -6.924748647417e-04
115.720000000 -7.691457690769e-04
115.730000000 -8.248390900870e-04
115.740000000 -9.122009458788e-04
115.750000000 -9.668473106614e-04
115.760000000 -1.059361306372e-03
115.770000000 -1.108335482839e-03
115.780000000 -1.225372296728e-03
115.790000000 -1.259646292189e-03
115.800000000 -1.292799977812e-03
115.810000000 -1.338915768137e-03
115.820000000 -1.403610043631e-03
115.830000000 -1.492191882332e-03
115.840000000 -1.564416038588e-03
115.850000000 -1.623812306120e-03
115.860000000 -1.650411203678e-03
115.870000000 -1.687314458503e-03
115.880000000 -1.737045514388e-03
115.890000000 -1.769301995574e-03
115.900000000 -1.834697853976e-03
115.910000000 -1.886909848140e-03
115.920000000 -1.911617780261e-03
115.930000000 -1.953181272354e-03
115.940000000 -1.954753567963e-03
115.950000000 -1.952499094294e-03
115.960000000 -1.975560817359e-03
115.970000000 -2.013791570392e-03
115.980000000 -2.056654904738e-03
115.990000000 -2.078972547464e-03
116.000000000 -2.058899567655e-03
116.010000000 -2.048148065908e-03
116.020000000 -2.092953807809e-03
116.030000000 -2.099746179226e-03
116.040000000 -2.082055128579e-03
116.050000000 -2.065956300688e-03
116.060000000 -2.087996129765e-03
116.070000000 -2.102808535560e-03
116.080000000 -2.135642416570e-03
116.090000000 -2.144070872714e-03
116.100000000 -2.109547471009e-03
116.110000000 -2.090830269012e-03
116.120000000 -2.089003579833e-03
116.130000000 -2.090084961844e-03
116.140000000 -2.058204640560e-03
116.150000000 -2.031579415566e-03
116.160000000 -1.999732329957e-03
116.170000000 -1.950499068455e-03
116.180000000 -1.878311521905e-03
116.190000000 -1.802380406102e-03
116.200000000 -1.750372606833e-03
116.210000000 -1.742833215561e-03
116.220000000 -1.737184488073e-03
116.230000000 -1.721747459961e-03
116.240000000 -1.711456450650e-03
116.250000000 -1.706355965060e-03
116.260000000 -1.732200092787e-03
116.270000000 -1.723904865960e-03
116.280000000 -1.745020692074e-03
116.290000000 -1.687281907313e-03
116.300000000 -1.655756053139e-03
116.310000000 -1.636161632243e-03
116.320000000 -1.655129848337e-03
116.330000000 -1.660882476115e-03
116.340000000 -1.705073109822e-03
116.350000000 -1.747379470770e-03
116.360000000 -1.800436740546e-03
116.370000000 -1.857443085099e-03
116.380000000 -1.858882297691e-03
116.390000000 -1.862497509145e-03
116.400000000 -1.877944246514e-03
116.410000000 -1.905977913543e-03
116.420000000 -1.986189741907e-03
116.430000000 -2.032447054757e-03
116.440000000 -2.111716121480e-03
116.450000000 -2.173229191635e-03
116.460000000 -2.269893552705e-03
116.470000000 -2.356250057275e-03
116.480000000 -2.454373133820e-03
116.490000000 -2.526582526995e-03
116.500000000 -2.594985452274e-03
116.510000000 -2.684522633839e-03
116.520000000 -2.748361313149e-03
116.530000000 -2.827515201000e-03
116.540000000 -2.888089469433e-03
116.550000000 -2.977633434462e-03
116.560000000 -3.036212585908e-03
116.570000000 -3.111829030088e-03
116.580000000 -3.150650265254e-03
116.590000000 -3.198792144427e-03
116.600000000 -3.256675862354e-03
116.610000000 -3.328740730722e-03
116.620000000 -3.406434996414e-03
116.630000000 -3.430351529618e-03
116.640000000 -3.440366572513e-03
116.650000000 -3.450813890714e-03
116.660000000 -3.494681788263e-03
116.670000000 -3.487165222431e-03
116.680000000 -3.495335452695e-03
116.690000000 -3.509297975418e-03
116.700000000 -3.556839172777e-03
116.710000000 -3.575024782978e-03
116.720000000 -3.561563304192e-03
116.730000000 -3.580961846696e-03
116.740000000 -3.569782163991e-03
116.750000000 -3.561195734916e-03
116.760000000 -3.537742284249e-03
116.770000000 -3.511639800171e-03
116.780000000 -3.487430560278e-03
116.790000000 -3.421334225533e-03
116.800000000 -3.439863061948e-03
116.810000000 -3.458127324000e-03
116.820000000 -3.446925781522e-03
116.830000000 -3.424428978513e-03
116.840000000 -3.444503433187e-03
116.850000000 -3.450105448654e-03
116.860000000 -3.463022903382e-03
116.870000000 -3.411175739887e-03
116.880000000 -3.401534366098e-03
116.890000000 -3.395942034066e-03
116.900000000 -3.386440563385e-03
116.910000000 -3.397657508830e-03
116.920000000 -3.352271654600e-03
116.930000000 -3.347057478203e-03
116.940000000 -3.321297965182e-03
116.950000000 -3.365533388635e-03
116.960000000 -3.317422863406e-03
116.970000000 -3.270605442200e-03
116.980000000 -3.260562268930e-03
116.990000000 -3.210436832643e-03
117.000000000 -3.173684902248e-03
117.010000000 -3.106059406841e-03
117.020000000 -3.052872733742e-03
117.030000000 -2.984927589010e-03
117.040000000 -2.945424422473e-03
117.050000000 -2.898339774358e-03
117.060000000 -2.832837811704e-03
117.070000000 -2.735874304594e-03
117.080000000 -2.645308960537e-03
117.090000000 -2.559279608258e-03
117.100000000 -2.493767624231e-03
117.110000000 -2.426409330878e-03
117.120000000 -2.340668797051e-03
117.130000000 -2.249801523356e-03
117.140000000 -2.159665067546e-03
117.150000000 -2.088764206091e-03
117.160000000 -1.986095539903e-03
117.170000000 -1.905600887790e-03
117.180000000 -1.816672066485e-03
117.190000000 -1.776977841704e-03
117.200000000 -1.674008934612e-03
117.210000000 -1.590547505068e-03
117.220000000 -1.486395064413e-03
117.230000000 -1.402096247365e-03
117.240000000 -1.293184105830e-03
117.250000000 -1.206247204534e-03
117.260000000 -1.100127208334e-03
117.270000000 -9.489885835137e-04
117.280000000 -8.377476602684e-04
117.290000000 -7.201882414554e-04
117.300000000 -6.139638272081e-04
117.310000000 -4.681846132408e-04
117.320000000 -3.317100175067e-04
117.330000000 -2.111648650636e-04
117.340000000 -1.100611373847e-04
117.350000000 7.062413705972e-06
117.360000000 1.282589436301e-04
117.370000000 2.915018005805e-04
117.380000000 4.335408379473e-04
117.390000000 5.989981531199e-04
117.400000000 7.496181483788e-04
117.410000000 9.111604968758e-04
117.420000000 1.089379673409e-03
117.430000000 1.225894586981e-03
117.440000000 1.389977279504e-03
117.450000000 1.539695545403e-03
117.460000000 1.732716876656e-03
117.470000000 1.894132459998e-03
117.480000000 2.027602856043e-03
117.490000000 2.137092604216e-03
117.500000000 2.296383725684e-03
117.510000000 2.449038079165e-03
117.520000000 2.604719849432e-03
117.530000000 2.762940548745e-03
117.540000000 2.908998566372e-03
117.550000000 3.066134216688e-03
117.560000000 3.205383287352e-03
117.570000000 3.358309907601e-03
117.580000000 3.428695877745e-03
117.590000000 3.572579355928e-03
117.600000000 3.674844395700e-03
117.610000000 3.835334186249e-03
117.620000000 3.933265842950e-03
117.630000000 4.029038786238e-03
117.640000000 4.123065237093e-03
117.650000000 4.237207567582e-03
117.660000000 4.318585243998e-03
117.670000000 4.392397875110e-03
117.680000000 4.476546407483e-03
117.690000000 4.524596123173e-03
117.700000000 4.622569525569e-03
117.710000000 4.680898562224e-03
117.720000000 4.750618959391e-03
117.730000000 4.779035383767e-03
117.740000000 4.830655377755e-03
117.750000000 4.868940656946e-03
117.760000000 4.903846194429e-03
117.770000000 4.908169690808e-03
117.780000000 4.937356092573e-03
117.790000000 4.922184586273e-03
117.800000000 4.930446632965e-03
117.810000000 4.967017836242e-03
117.820000000 4.919050084265e-03
117.830000000 4.891172872230e-03
117.840000000 4.845841964189e-03
117.850000000 4.842189827503e-03
117.860000000 4.777865932783e-03
117.870000000 4.758075863083e-03
117.880000000 4.697645758946e-03
117.890000000 4.668807214311e-03
117.900000000 4.599250649952e-03
117.910000000 4.568892964560e-03
117.920000000 4.508201468478e-03
117.930000000 4.390680816213e-03
117.940000000 4.377557977227e-03
117.950000000 4.311429624094e-03
117.960000000 4.272287327637e-03
117.970000000 4.175604522249e-03
117.980000000 4.104556689306e-03
117.990000000 4.025479669377e-03
118.000000000 3.951196325226e-03
118.010000000 3.877092391085e-03
118.020000000 3.773608709485e-03
118.030000000 3.704018630415e-03
118.040000000 3.628154495930e-03
118.050000000 3.588822761198e-03
118.060000000 3.497613084253e-03
118.070000000 3.407988867207e-03
118.080000000 3.289591677455e-03
118.090000000 3.206578470438e-03
118.100000000 3.115443758166e-03
118.110000000 3.024225202325e-03
118.120000000 2.958249048471e-03
118.130000000 2.871641153924e-03
118.140000000 2.835699612607e-03
118.150000000 2.756487834258e-03
118.160000000 2.669715048934e-03
118.170000000 2.545630348423e-03
118.180000000 2.504971689945e-03
118.190000000 2.438573563588e-03
118.200000000 2.387216654163e-03
118.210000000 2.319746281012e-03
118.220000000 2.252130998141e-03
118.230000000 2.155783039975e-03
118.240000000 2.091857459713e-03
118.250000000 2.057354828679e-03
118.260000000 1.939321443007e-03
118.270000000 1.902214499038e-03
118.280000000 1.809201072628e-03
118.290000000 1.768147168924e-03
118.300000000 1.713259853250e-03
118.310000000 1.623911169617e-03
118.320000000 1.562675504625e-03
118.330000000 1.477245483657e-03
118.340000000 1.405071166791e-03
118.350000000 1.339245502058e-03
118.360000000 1.245270248819e-03
118.370000000 1.176315813119e-03
118.380000000 1.114674299356e-03
118.390000000 1.079247217296e-03
118.400000000 1.004225171690e-03
118.410000000 8.779807181807e-04
118.420000000 8.596023275609e-04
118.430000000 7.432768263819e-04
118.440000000 7.329591726363e-04
118.450000000 6.631836373632e-04
118.460000000 5.637568648737e-04
118.470000000 4.836647769165e-04
118.480000000 3.809957290437e-04
118.490000000 3.497829775905e-04
118.500000000 2.118852635716e-04
118.510000000 1.708347848673e-04
118.520000000 7.454413334875e-05
118.530000000 2.014282328262e-05
118.540000000 -2.996074173554e-05
118.550000000 -1.295326626938e-04
118.560000000 -1.857105539868e-04
118.570000000 -2.960401831673e-04
118.580000000 -3.330709921876e-04
118.590000000 -4.163104840203e-04
118.600000000 -4.602304881598e-04
118.610000000 -5.636262401968e-04
118.620000000 -5.955031129871e-04
118.630000000 -6.462715546154e-04
118.640000000 -7.094169906451e-04
118.650000000 -7.728643971850e-04
118.660000000 -8.853785190977e-04
118.670000000 -9.038795143067e-04
118.680000000 -9.957624038937e-04
118.690000000 -1.033904390380e-03
118.700000000 -1.149980162378e-03
118.710000000 -1.214595686300e-03
118.720000000 -1.304304830572e-03
118.730000000 -1.339153633312e-03
118.740000000 -1.395754362021e-03
118.750000000 -1.434710674585e-03
118.760000000 -1.536413926250e-03
118.770000000 -1.561146070035e-03
118.780000000 -1.617371765354e-03
118.790000000 -1.677954048410e-03
118.800000000 -1.704329389060e-03
118.810000000 -1.779070899783e-03
118.820000000 -1.752331168156e-03
118.830000000 -1.831085200346e-03
118.840000000 -1.846831265692e-03
118.850000000 -1.922397322790e-03
118.860000000 -1.932581228846e-03
118.870000000 -1.960752854346e-03
118.880000000 -1.972993494049e-03
118.890000000 -2.027891191836e-03
118.900000000 -2.046347556125e-03
118.910000000 -2.084343651851e-03
118.920000000 -2.069813444179e-03
118.930000000 -2.067660076028e-03
118.940000000 -2.113070568326e-03
118.950000000 -2.152382278016e-03
118.960000000 -2.183672262905e-03
118.970000000 -2.194378587380e-03
118.980000000 -2.223029001162e-03
118.990000000 -2.248814998372e-03
119.000000000 -2.244390594598e-03
119.010000000 -2.274382741058e-03
119.020000000 -2.278243667608e-03
119.030000000 -2.298822552228e-03
119.040000000 -2.317895432063e-03
119.050000000 -2.356152541474e-03
119.060000000 -2.369948178574e-03
119.070000000 -2.364175231413e-03
119.080000000 -2.389979630377e-03
119.090000000 -2.406597796927e-03
119.100000000 -2.442943567351e-03
119.110000000 -2.385498124045e-03
119.120000000 -2.433643868502e-03
119.130000000 -2.426833116245e-03
119.140000000 -2.484052602321e-03
119.150000000 -2.511732861956e-03
119.160000000 -2.513659238108e-03
119.170000000 -2.489080186273e-03
119.180000000 -2.482411830113e-03
119.190000000 -2.496385014664e-03
119.200000000 -2.498934402166e-03
119.210000000 -2.490297889367e-03
119.220000000 -2.478335171118e-03
119.230000000 -2.477876515957e-03
119.240000000 -2.452378169517e-03
119.250000000 -2.435964724737e-03
119.260000000 -2.393051959716e-03
119.270000000 -2.369541797253e-03
119.280000000 -2.368916461490e-03
119.290000000 -2.366673868434e-03
119.300000000 -2.326907271361e-03
119.310000000 -2.276487176833e-03
119.320000000 -2.225113536327e-03
119.330000000 -2.195577620235e-03
119.340000000 -2.163542056501e-03
119.350000000 -2.127521211135e-03
119.360000000 -2.073691137221e-03
119.370000000 -2.040758488055e-03
119.380000000 -2.008945537324e-03
119.390000000 -1.997282810639e-03
119.400000000 -1.932690383469e-03
119.410000000 -1.867348659234e-03
119.420000000 -1.850593943755e-03
119.430000000 -1.817219746844e-03
119.440000000 -1.819891391641e-03
119.450000000 -1.778323194882e-03
119.460000000 -1.743688090812e-03
119.470000000 -1.724432953590e-03
119.480000000 -1.684604284068e-03
119.490000000 -1.680142996267e-03
119.500000000 -1.637160293850e-03
119.510000000 -1.601287909252e-03
119.520000000 -1.570114193818e-03
119.530000000 -1.572149301600e-03
119.540000000 -1.549497203205e-03
119.550000000 -1.530247021945e-03
119.560000000 -1.498404983086e-03
119.570000000 -1.487304886860e-03
119.580000000 -1.470736804869e-03
119.590000000 -1.444003742001e-03
119.600000000 -1.411416806470e-03
119.610000000 -1.379198984028e-03
119.620000000 -1.370742608509e-03
119.630000000 -1.331049380529e-03
119.640000000 -1.347700965977e-03
119.650000000 -1.276787439481e-03
119.660000000 -1.256223344295e-03
119.670000000 -1.215351080669e-03
119.680000000 -1.225785423871e-03
119.690000000 -1.171032546263e-03
119.700000000 -1.129410246821e-03
119.710000000 -1.094181965795e-03
119.720000000 -1.028854124087e-03
119.730000000 -1.038317462787e-03
119.740000000 -9.854371104033e-04
119.750000000 -9.789055728554e-04
119.760000000 -8.959260767890e-04
119.770000000 -9.182198914877e-04
119.780000000 -8.480129105565e-04
119.790000000 -8.152972695287e-04
119.800000000 -7.017519491709e-04
119.810000000 -6.674139639887e-04
119.820000000 -6.385757620080e-04
119.830000000 -6.001766343517e-04
119.840000000 -5.606609260924e-04
119.850000000 -5.112689405657e-04
119.860000000 -4.733597651684e-04
119.870000000 -4.235660382048e-04
119.880000000 -3.879435290847e-04
119.890000000 -3.623752695011e-04
119.900000000 -2.894093541507e-04
119.910000000 -2.511214321677e-04
119.920000000 -2.331104698578e-04
119.930000000 -1.766819786720e-04
119.940000000 -1.412469815950e-04
119.950000000 -1.119929628788e-04
119.960000000 -7.621455650138e-05
119.970000000 -5.052822704817e-05
119.980000000 -1.005713212913e-05
119.990000000 4.442791384366e-05
120.000000000 6.506179609556e-05
120.010000000 7.681583554283e-05
120.020000000 7.227882316248e-05
120.030000000 9.434525743598e-05
120.040000000 1.285791470582e-04
120.050000000 1.595530964053e-04
120.060000000 1.747997983513e-04
120.070000000 1.574271295200e-04
120.080000000 1.573376959073e-04
120.090000000 1.782060655501e-04
120.100000000 2.170593583134e-04
120.110000000 2.443515756135e-04
120.120000000 2.638856437589e-04
120.130000000 2.545476891175e-04
120.140000000 2.667917872793e-04
120.150000000 2.384641770982e-04
120.160000000 2.014305842680e-04
120.170000000 2.031795295621e-04
120.180000000 2.525923553583e-04
120.190000000 3.156396569384e-04
120.200000000 3.393828101082e-04
120.210000000 3.298410879827e-04
120.220000000 2.466574771010e-04
120.230000000 2.032425434581e-04
120.240000000 1.950487122833e-04
120.250000000 2.284971240086e-04
120.260000000 2.981298674703e-04
120.270000000 3.956387385393e-04
120.280000000 4.566355785178e-04
120.290000000 4.818872447841e-04
120.300000000 4.815810323872e-04
120.310000000 4.496497272150e-04
120.320000000 4.662185516952e-04
120.330000000 4.952080073950e-04
120.340000000 5.422572961891e-04
120.350000000 5.380122436134e-04
120.360000000 5.423795600642e-04
120.370000000 5.734942129171e-04
120.380000000 6.415296999351e-04
120.390000000 7.164264180448e-04
120.400000000 7.866091388892e-04
120.410000000 8.399792845093e-04
120.420000000 8.546112563491e-04
120.430000000 9.062709986820e-04
120.440000000 9.503092282727e-04
120.450000000 9.972300537275e-04
120.460000000 9.991823337076e-04
120.470000000 1.043240334657e-03
120.480000000 1.112320886819e-03
120.490000000 1.209502749080e-03
120.500000000 1.275245829689e-03
120.510000000 1.303832710043e-03
120.520000000 1.310799935876e-03
120.530000000 1.306177789233e-03
120.540000000 1.287615153318e-03
120.550000000 1.321582319168e-03
120.560000000 1.388516586821e-03
120.570000000 1.428509377765e-03
120.580000000 1.443706405196e-03
120.590000000 1.434274550857e-03
120.600000000 1.382586709500e-03
120.610000000 1.392972960732e-03
120.620000000 1.463326367264e-03
120.630000000 1.553485599208e-03
120.640000000 1.592787719013e-03
120.650000000 1.563667539910e-03
120.660000000 1.513208687681e-03
120.670000000 1.512361568202e-03
120.680000000 1.526631120223e-03
120.690000000 1.580779594555e-03
120.700000000 1.611636664883e-03
120.710000000 1.613729798851e-03
120.720000000 1.619794602086e-03
120.730000000 1.592027174964e-03
120.740000000 1.610816286383e-03
120.750000000 1.628122518259e-03
120.760000000 1.646281920510e-03
120.770000000 1.710232490655e-03
120.780000000 1.732366003566e-03
120.790000000 1.716303752165e-03
120.800000000 1.735859251501e-03
120.810000000 1.798649225049e-03
120.820000000 1.834316701777e-03
120.830000000 1.894858118215e-03
120.840000000 1.877238058815e-03
120.850000000 1.899973184740e-03
120.860000000 1.928973662878e-03
120.870000000 2.015473921783e-03
120.880000000 2.111827419290e-03
120.890000000 2.168966797077e-03
120.900000000 2.192815089198e-03
120.910000000 2.204221669755e-03
120.920000000 2.244846630280e-03
120.930000000 2.231228030743e-03
120.940000000 2.265060619282e-03
120.950000000 2.252721579724e-03
120.960000000 2.282968289323e-03
120.970000000 2.328500441132e-03
120.980000000 2.341962778797e-03
120.990000000 2.403235007528e-03
121.000000000 2.421626206298e-03
121.010000000 2.442116967373e-03
121.020000000 2.430275059237e-03
121.030000000 2.421385066288e-03
121.040000000 2.388706117407e-03
121.050000000 2.402329518453e-03
121.060000000 2.461863676789e-03
121.070000000 2.471940113465e-03
121.080000000 2.469990497476e-03
121.090000000 2.427942659713e-03
121.100000000 2.420873514250e-03
121.110000000 2.414854493516e-03
121.120000000 2.410309408579e-03
121.130000000 2.410590986068e-03
121.140000000 2.353703056237e-03
121.150000000 2.325409153637e-03
121.160000000 2.298219511178e-03
121.170000000 2.282816597544e-03
121.180000000 2.288542819770e-03
121.190000000 2.286066057606e-03
121.200000000 2.282586192039e-03
121.210000000 2.287818777047e-03
121.220000000 2.296040006614e-03
121.230000000 2.266594828410e-03
121.240000000 2.271770443929e-03
121.250000000 2.251839052271e-03
121.260000000 2.244683956300e-03
121.270000000 2.233166965930e-03
121.280000000 2.171378745627e-03
121.290000000 2.178759936422e-03
121.300000000 2.134546981508e-03
121.310000000 2.174491244203e-03
121.320000000 2.134646828314e-03
121.330000000 2.143995087236e-03
121.340000000 2.095385408573e-03
121.350000000 2.099982394926e-03
121.360000000 2.088426826968e-03
121.370000000 2.097071400855e-03
121.380000000 2.064468920693e-03
121.390000000 2.038146461788e-03
121.400000000 2.092541520567e-03
121.410000000 2.074761566593e-03
121.420000000 2.084072700861e-03
121.430000000 2.070025251310e-03
121.440000000 2.069615377269e-03
121.450000000 2.022900125062e-03
121.460000000 2.010309788422e-03
121.470000000 2.010166401822e-03
121.480000000 1.976391976343e-03
121.490000000 1.992806168204e-03
121.500000000 1.994992456329e-03
121.510000000 2.043730216580e-03
121.520000000 2.025958608560e-03
121.530000000 2.006595486214e-03
121.540000000 2.006385514937e-03
121.550000000 2.009265547054e-03
121.560000000 2.012565994485e-03
121.570000000 1.997523875957e-03
121.580000000 2.003949011566e-03
121.590000000 1.962977196493e-03
121.600000000 1.998087859881e-03
121.610000000 1.983831298735e-03
121.620000000 1.996822946053e-03
121.630000000 1.992940871008e-03
121.640000000 1.968469326084e-03
121.650000000 1.989553154872e-03
121.660000000 1.957703143640e-03
121.670000000 1.972513332198e-03
121.680000000 1.931611757711e-03
121.690000000 1.973754771318e-03
121.700000000 1.962309220687e-03
121.710000000 1.970856676707e-03
121.720000000 1.918920584920e-03
121.730000000 1.898974927958e-03
121.740000000 1.881599606327e-03
121.750000000 1.867091798877e-03
121.760000000 1.840906402559e-03
121.770000000 1.788012626424e-03
121.780000000 1.758344995138e-03
121.790000000 1.724359775134e-03
121.800000000 1.724732247467e-03
121.810000000 1.708604773760e-03
121.820000000 1.680027024677e-03
121.830000000 1.650376358618e-03
121.840000000 1.636708370352e-03
121.850000000 1.612001316652e-03
121.860000000 1.555636408266e-03
121.870000000 1.510686622251e-03
121.880000000 1.478548171491e-03
121.890000000 1.441324422537e-03
121.900000000 1.438004498500e-03
121.910000000 1.407623675906e-03
121.920000000 1.346359073996e-03
121.930000000 1.320199344985e-03
121.940000000 1.269711363155e-03
121.950000000 1.250352034371e-03
121.960000000 1.208501208564e-03
121.970000000 1.160396505681e-03
121.980000000 1.128980901267e-03
121.990000000 1.076417318098e-03
122.000000000 1.060922558293e-03
122.010000000 1.022443166976e-03
122.020000000 9.987525707915e-04
122.030000000 9.654050522851e-04
122.040000000 9.624529207615e-04
122.050000000 9.328868233374e-04
122.060000000 8.946680777815e-04
122.070000000 8.287178140644e-04
122.080000000 8.134876703048e-04
122.090000000 8.090403366155e-04
122.100000000 7.876137565667e-04
122.110000000 7.795280106368e-04
122.120000000 7.364604162817e-04
122.130000000 7.385523051580e-04
122.140000000 6.897079273337e-04
122.150000000 6.819854010262e-04
122.160000000 6.350086077114e-04
122.170000000 6.266149320812e-04
122.180000000 6.189928666711e-04
122.190000000 6.205009022057e-04
122.200000000 6.099162308321e-04
122.210000000 5.827830326831e-04
122.220000000 5.742944586792e-04
122.230000000 5.548687737214e-04
122.240000000 5.408235370511e-04
122.250000000 5.271598973879e-04
122.260000000 5.173111340177e-04
122.270000000 5.090768005128e-04
122.280000000 5.170514342403e-04
122.290000000 5.184881989786e-04
122.300000000 5.335525069054e-04
122.310000000 5.484442601966e-04
122.320000000 5.466653828331e-04
122.330000000 5.678883487919e-04
122.340000000 5.738562592057e-04
122.350000000 5.766903253301e-04
122.360000000 5.266586744698e-04
122.370000000 5.345622943142e-04
122.380000000 5.316277780291e-04
122.390000000 5.466266172965e-04
122.400000000 5.285090554373e-04
122.410000000 5.474997260714e-04
122.420000000 5.477123027368e-04
122.430000000 6.021836339799e-04
122.440000000 6.282016935398e-04
122.450000000 6.391347046454e-04
122.460000000 6.475969100902e-04
122.470000000 6.413777127028e-04
122.480000000 6.365337813403e-04
122.490000000 6.161304295866e-04
122.500000000 6.049647233718e-04
122.510000000 6.116098048928e-04
122.520000000 6.521709431819e-04
122.530000000 6.749867119720e-04
122.540000000 6.940715217176e-04
122.550000000 6.681837886855e-04
122.560000000 6.393823002581e-04
122.570000000 6.065287294957e-04
122.580000000 5.901619832172e-04
122.590000000 5.879387668677e-04
122.600000000 5.435723223411e-04
122.610000000 5.161158965673e-04
122.620000000 4.826463500368e-04
122.630000000 4.818231355728e-04
122.640000000 4.510796007730e-04
122.650000000 4.164428654040e-04
122.660000000 3.995824290057e-04
122.670000000 3.851426066682e-04
122.680000000 3.812997683652e-04
122.690000000 3.364594384435e-04
122.700000000 2.622648926061e-04
122.710000000 2.182824187571e-04
122.720000000 1.598153676713e-04
122.730000000 1.091792053904e-04
122.740000000 5.652076951962e-05
122.750000000 -1.394788269707e-05
122.760000000 -3.512253900139e-05
122.770000000 -8.454735139647e-05
122.780000000 -1.266904748551e-04
122.790000000 -2.084848816750e-04
122.800000000 -2.922289203178e-04
122.810000000 -3.472079308322e-04
122.820000000 -4.100059287982e-04
122.830000000 -4.461988133013e-04
122.840000000 -5.302741450162e-04
122.850000000 -6.048068866327e-04
122.860000000 -6.599604122967e-04
122.870000000 -7.288679865714e-04
122.880000000 -7.834719590621e-04
122.890000000 -8.420458604067e-04
122.900000000 -9.033211751918e-04
122.910000000 -9.432594067511e-04
122.920000000 -9.982000656416e-04
122.930000000 -1.045830663232e-03
122.940000000 -1.152822521721e-03
122.950000000 -1.242990382012e-03
122.960000000 -1.321064907533e-03
122.970000000 -1.364787453049e-03
122.980000000 -1.415636415689e-03
122.990000000 -1.507782201809e-03
123.000000000 -1.589865657492e-03
123.010000000 -1.624046028804e-03
123.020000000 -1.674173290428e-03
123.030000000 -1.728617869092e-03
123.040000000 -1.767952363438e-03
123.050000000 -1.829110513532e-03
123.060000000 -1.888076192206e-03
123.070000000 -1.943798608721e-03
123.080000000 -2.015179742016e-03
123.090000000 -2.114263351101e-03
123.100000000 -2.173304373009e-03
123.110000000 -2.224082455335e-03
123.120000000 -2.274099780043e-03
123.130000000 -2.314509610692e-03
123.140000000 -2.382247888211e-03
123.150000000 -2.449908642078e-03
123.160000000 -2.489228998897e-03
123.170000000 -2.544328935800e-03
123.180000000 -2.626349601036e-03
123.190000000 -2.688668425838e-03
123.200000000 -2.746055889316e-03
123.210000000 -2.792027288966e-03
123.220000000 -2.849571767938e-03
123.230000000 -2.926900416154e-03
123.240000000 -3.013582538505e-03
123.250000000 -3.080595164653e-03
123.260000000 -3.127737040000e-03
123.270000000 -3.205214988730e-03
123.280000000 -3.250635259907e-03
123.290000000 -3.323490175640e-03
123.300000000 -3.373894786024e-03
123.310000000 -3.400992588656e-03
123.320000000 -3.472579625758e-03
123.330000000 -3.540880586355e-03
123.340000000 -3.613758420789e-03
123.350000000 -3.625890145283e-03
123.360000000 -3.678741443896e-03
123.370000000 -3.690692111196e-03
123.380000000 -3.740250061747e-03
123.390000000 -3.752830631830e-03
123.400000000 -3.783551534766e-03
123.410000000 -3.788247213317e-03
123.420000000 -3.814764509391e-03
123.430000000 -3.848366779704e-03
123.440000000 -3.861329675101e-03
123.450000000 -3.871162234516e-03
123.460000000 -3.850457026196e-03
123.470000000 -3.864176383525e-03
123.480000000 -3.875121671575e-03
123.490000000 -3.869011148567e-03
123.500000000 -3.835415980439e-03
123.510000000 -3.808814176622e-03
123.520000000 -3.814164087062e-03
123.530000000 -3.777723596004e-03
123.540000000 -3.749289387242e-03
123.550000000 -3.685446789633e-03
123.560000000 -3.646690003705e-03
123.570000000 -3.596557161922e-03
123.580000000 -3.601033557855e-03
123.590000000 -3.545591933505e-03
123.600000000 -3.501858748893e-03
123.610000000 -3.434561238001e-03
123.620000000 -3.403667606321e-03
123.630000000 -3.359209615396e-03
123.640000000 -3.294912242833e-03
123.650000000 -3.259522695102e-03
123.660000000 -3.190132895667e-03
123.670000000 -3.157436962596e-03
123.680000000 -3.116215140662e-03
123.690000000 -3.053954097936e-03
123.700000000 -2.996639920059e-03
123.710000000 -2.958951725604e-03
123.720000000 -2.924253475787e-03
123.730000000 -2.896865553008e-03
123.740000000 -2.853324802708e-03
123.750000000 -2.784982909155e-03
123.760000000 -2.753717594910e-03
123.770000000 -2.684048422622e-03
123.780000000 -2.655400386379e-03
123.790000000 -2.582145418899e-03
123.800000000 -2.522931788694e-03
123.810000000 -2.472161013921e-03
123.820000000 -2.406840336178e-03
123.830000000 -2.343978196473e-03
123.840000000 -2.282597617852e-03
123.850000000 -2.179965052638e-03
123.860000000 -2.133195566697e-03
123.870000000 -2.072513980774e-03
123.880000000 -2.013428926392e-03
123.890000000 -1.949273283383e-03
123.900000000 -1.865353957862e-03
123.910000000 -1.801432708769e-03
123.920000000 -1.767518601561e-03
123.930000000 -1.709719816236e-03
123.940000000 -1.604276394649e-03
123.950000000 -1.556384668086e-03
123.960000000 -1.506646125188e-03
123.970000000 -1.471113829986e-03
123.980000000 -1.412557160668e-03
123.990000000 -1.339516026055e-03
124.000000000 -1.294211365717e-03
124.010000000 -1.231344648572e-03
124.020000000 -1.178783881903e-03
124.030000000 -1.152031924448e-03
124.040000000 -1.082440032596e-03
124.050000000 -1.055916039923e-03
124.060000000 -1.045324627641e-03
124.070000000 -1.015842707707e-03
124.080000000 -9.766701805230e-04
124.090000000 -9.100697669961e-04
124.100000000 -8.757914907350e-04
124.110000000 -8.543580869030e-04
124.120000000 -8.315927726127e-04
124.130000000 -7.648703611845e-04
124.140000000 -7.566641718729e-04
124.150000000 -6.831940123279e-04
124.160000000 -6.856231775169e-04
124.170000000 -6.484810126723e-04
124.180000000 -5.997850643583e-04
124.190000000 -5.393698517581e-04
124.200000000 -5.053601625862e-04
124.210000000 -4.870448799907e-04
124.220000000 -4.481652630472e-04
124.230000000 -3.797035290858e-04
124.240000000 -3.485608537825e-04
124.250000000 -3.029255863382e-04
124.260000000 -2.777326808520e-04
124.270000000 -2.458648361265e-04
124.280000000 -1.734932413295e-04
124.290000000 -1.086678944858e-04
124.300000000 -4.515847032784e-05
124.310000000 -9.668281623683e-06
124.320000000 4.885326202910e-05
124.330000000 7.722981845406e-05
124.340000000 1.153083939117e-04
124.350000000 1.434714399409e-04
124.360000000 1.724977058556e-04
124.370000000 2.299646304373e-04
124.380000000 2.628712706619e-04
124.390000000 3.295710116120e-04
124.400000000 3.437364385225e-04
124.410000000 3.520732777531e-04
124.420000000 3.937603720093e-04
124.430000000 4.313400200287e-04
124.440000000 4.798312582796e-04
124.450000000 5.125388058727e-04
124.460000000 5.175692792635e-04
124.470000000 5.386967726102e-04
124.480000000 5.562841750552e-04
124.490000000 5.455944947956e-04
124.500000000 5.300236012789e-04
124.510000000 5.266960492493e-04
124.520000000 5.299205516788e-04
124.530000000 5.322746320220e-04
124.540000000 5.028092114786e-04
124.550000000 4.611717017855e-04
124.560000000 4.294990838778e-04
124.570000000 4.036265709735e-04
124.580000000 3.623849085735e-04
124.590000000 3.462527437394e-04
124.600000000 2.796817096050e-04
124.610000000 2.422961378874e-04
124.620000000 1.828959693348e-04
124.630000000 1.824243833978e-04
124.640000000 1.153040385661e-04
124.650000000 4.471615007556e-05
124.660000000 5.296712529325e-06
124.670000000 -3.924745169604e-05
124.680000000 -8.192430236345e-05
124.690000000 -1.505513332996e-04
124.700000000 -1.994724186658e-04
124.710000000 -2.494460447978e-04
124.720000000 -3.013443541593e-04
124.730000000 -3.404134361575e-04
124.740000000 -4.035004651470e-04
124.750000000 -4.439994483747e-04
124.760000000 -5.011646037967e-04
124.770000000 -5.180845441130e-04
124.780000000 -5.634266503578e-04
124.790000000 -6.207249061567e-04
124.800000000 -6.814617598149e-04
124.810000000 -7.258025684980e-04
124.820000000 -7.463543399516e-04
124.830000000 -7.756514205202e-04
124.840000000 -8.264488940685e-04
124.850000000 -8.563351340049e-04
124.860000000 -8.870544353544e-04
124.870000000 -9.263305875778e-04
124.880000000 -9.304367219801e-04
124.890000000 -9.753243955280e-04
124.900000000 -1.017836243208e-03
124.910000000 -1.010309365247e-03
124.920000000 -1.030821540617e-03
124.930000000 -1.050298897298e-03
124.940000000 -1.094421706673e-03
124.950000000 -1.142022316073e-03
124.960000000 -1.162621810619e-03
124.970000000 -1.175496563816e-03
124.980000000 -1.218272382205e-03
124.990000000 -1.251877931828e-03
125.000000000 -1.295482033173e-03
125.010000000 -1.327511623960e-03
125.020000000 -1.370259050947e-03
125.030000000 -1.414557594067e-03
125.040000000 -1.464819924995e-03
125.050000000 -1.514724124114e-03
125.060000000 -1.540026381374e-03
125.070000000 -1.582630540771e-03
125.080000000 -1.631000932617e-03
125.090000000 -1.698817472161e-03
125.100000000 -1.718283705082e-03
125.110000000 -1.756022435095e-03
125.120000000 -1.795568043767e-03
125.130000000 -1.846661720888e-03
125.140000000 -1.908263740490e-03
125.150000000 -1.941095075282e-03
125.160000000 -1.970723595814e-03
125.170000000 -1.994460737604e-03
125.180000000 -2.035636108174e-03
125.190000000 -2.062974899333e-03
125.200000000 -2.099914287512e-03
125.210000000 -2.141713033871e-03
125.220000000 -2.184663867162e-03
125.230000000 -2.188866151501e-03
125.240000000 -2.225052923340e-03
125.250000000 -2.220232196194e-03
125.260000000 -2.232370891319e-03
125.270000000 -2.238530519500e-03
125.280000000 -2.285579213455e-03
125.290000000 -2.284109620771e-03
125.300000000 -2.272589622771e-03
125.310000000 -2.280994632961e-03
125.320000000 -2.251395769317e-03
125.330000000 -2.247747688857e-03
125.340000000 -2.237594544709e-03
125.350000000 -2.220529623751e-03
125.360000000 -2.190264772313e-03
125.370000000 -2.188124780158e-03
125.380000000 -2.189027923646e-03
125.390000000 -2.171360751657e-03
125.400000000 -2.123291266928e-03
125.410000000 -2.112466987012e-03
125.420000000 -2.077257599882e-03
125.430000000 -2.086754217963e-03
125.440000000 -2.060224220491e-03
125.450000000 -2.016315923099e-03
125.460000000 -1.978955830939e-03
125.470000000 -1.965568685744e-03
125.480000000 -1.954124779371e-03
125.490000000 -1.906041631450e-03
125.500000000 -1.882991495243e-03
125.510000000 -1.840400081051e-03
125.520000000 -1.854849391156e-03
125.530000000 -1.786522593774e-03
125.540000000 -1.794487840835e-03
125.550000000 -1.750478136704e-03
125.560000000 -1.744382020852e-03
125.570000000 -1.723815734343e-03
125.580000000 -1.717345426440e-03
125.590000000 -1.671733183461e-03
125.600000000 -1.631887911123e-03
125.610000000 -1.612861903465e-03
125.620000000 -1.597120812395e-03
125.630000000 -1.580853690058e-03
125.640000000 -1.521891259326e-03
125.650000000 -1.489936227369e-03
125.660000000 -1.469800650992e-03
125.670000000 -1.418064559460e-03
125.680000000 -1.410227773896e-03
125.690000000 -1.355186234439e-03
125.700000000 -1.338385971182e-03
125.710000000 -1.260752784356e-03
125.720000000 -1.252061679095e-03
125.730000000 -1.190224921855e-03
125.740000000 -1.159642472375e-03
125.750000000 -1.115429909228e-03
125.760000000 -1.085246292475e-03
125.770000000 -1.047492853797e-03
125.780000000 -9.756019504322e-04
125.790000000 -8.830401697959e-04
125.800000000 -8.396631420479e-04
125.810000000 -7.825666837208e-04
125.820000000 -7.250445806442e-04
125.830000000 -6.587871855542e-04
125.840000000 -5.929189505995e-04
125.850000000 -5.280344156300e-04
125.860000000 -4.710276768991e-04
125.870000000 -4.220842904892e-04
125.880000000 -3.660877755669e-04
125.890000000 -2.845798108699e-04
125.900000000 -2.374796874851e-04
125.910000000 -1.786431309040e-04
125.920000000 -1.197130444712e-04
125.930000000 -3.973163631267e-05
125.940000000 1.499633235109e-05
125.950000000 7.971454938037e-05
125.960000000 1.208954909294e-04
125.970000000 1.735100158247e-04
125.980000000 2.303318826796e-04
125.990000000 3.108077120161e-04
126.000000000 3.917298674801e-04
126.010000000 4.201001500439e-04
126.020000000 4.867618882606e-04
126.030000000 5.562923437371e-04
126.040000000 6.066401706373e-04
126.050000000 6.372031027989e-04
126.060000000 6.720899044775e-04
126.070000000 7.395082940142e-04
126.080000000 7.714314546728e-04
126.090000000 8.111896113951e-04
126.100000000 8.353839716674e-04
126.110000000 8.937080760023e-04
126.120000000 9.315651081277e-04
126.130000000 1.004274138302e-03
126.140000000 1.051313073773e-03
126.150000000 1.040297757590e-03
126.160000000 1.098732158310e-03
126.170000000 1.093429867147e-03
126.180000000 1.170757007652e-03
126.190000000 1.188470210040e-03
126.200000000 1.226283565950e-03
126.210000000 1.244580608837e-03
126.220000000 1.248379188366e-03
126.230000000 1.309041486443e-03
126.240000000 1.304397608967e-03
126.250000000 1.313980309707e-03
126.260000000 1.337131749838e-03
126.270000000 1.338267936490e-03
126.280000000 1.389854935489e-03
126.290000000 1.350851139095e-03
126.300000000 1.366388089418e-03
126.310000000 1.379656582360e-03
126.320000000 1.371304965521e-03
126.330000000 1.398380810824e-03
126.340000000 1.380614983694e-03
126.350000000 1.365392344099e-03
126.360000000 1.394944030022e-03
126.370000000 1.396775012747e-03
126.380000000 1.394891482725e-03
126.390000000 1.399499373533e-03
126.400000000 1.373667583913e-03
126.410000000 1.394779602547e-03
126.420000000 1.411059882387e-03
126.430000000 1.426634100068e-03
126.440000000 1.423151721843e-03
126.450000000 1.414929000056e-03
126.460000000 1.418737821774e-03
126.470000000 1.455563868509e-03
126.480000000 1.443481769916e-03
126.490000000 1.459268570572e-03
126.500000000 1.458207886063e-03
126.510000000 1.469706780786e-03
126.520000000 1.501781446153e-03
126.530000000 1.511344714246e-03
126.540000000 1.523554099678e-03
126.550000000 1.548806524592e-03
126.560000000 1.549094828445e-03
126.570000000 1.611464536116e-03
126.580000000 1.582275273030e-03
126.590000000 1.609671042464e-03
126.600000000 1.631700860079e-03
126.610000000 1.659221379480e-03
126.620000000 1.676028570897e-03
126.630000000 1.680435191553e-03
126.640000000 1.671730873376e-03
126.650000000 1.701628914948e-03
126.660000000 1.723153583631e-03
126.670000000 1.755420486152e-03
126.680000000 1.766668037747e-03
126.690000000 1.721914426122e-03
126.700000000 1.753757214906e-03
126.710000000 1.736204057476e-03
126.720000000 1.766950365932e-03
126.730000000 1.743223496044e-03
126.740000000 1.735299927131e-03
126.750000000 1.752506330562e-03
126.760000000 1.745228122433e-03
126.770000000 1.745596945999e-03
126.780000000 1.727881120573e-03
126.790000000 1.711518010992e-03
126.800000000 1.734646911148e-03
126.810000000 1.708476941980e-03
126.820000000 1.725804395157e-03
126.830000000 1.691161395636e-03
126.840000000 1.658332449316e-03
126.850000000 1.657299689918e-03
126.860000000 1.653558108467e-03
126.870000000 1.651009869504e-03
126.880000000 1.650804282845e-03
126.890000000 1.652714230372e-03
126.900000000 1.668158779757e-03
126.910000000 1.690417177864e-03
126.920000000 1.677684228210e-03
126.930000000 1.650552036152e-03
126.940000000 1.663616463639e-03
126.950000000 1.672378098939e-03
126.960000000 1.704604536890e-03
126.970000000 1.716633081866e-03
126.980000000 1.748920854830e-03
126.990000000 1.771854284559e-03
127.000000000 1.815890655632e-03
127.010000000 1.844784017196e-03
127.020000000 1.865397233730e-03
127.030000000 1.893891594939e-03
127.040000000 1.922020866833e-03
127.050000000 1.970885295946e-03
127.060000000 2.026674825134e-03
127.070000000 2.090681310540e-03
127.080000000 2.123396585914e-03
127.090000000 2.186865507792e-03
127.100000000 2.239884540347e-03
127.110000000 2.314381640004e-03
127.120000000 2.345858620452e-03
127.130000000 2.409881145728e-03
127.140000000 2.460821738560e-03
127.150000000 2.541979672842e-03
127.160000000 2.589930429658e-03
127.170000000 2.650803168914e-03
127.180000000 2.686105913488e-03
127.190000000 2.779550915166e-03
127.200000000 2.841432537342e-03
127.210000000 2.907878750461e-03
127.220000000 2.926169974550e-03
127.230000000 2.970033948810e-03
127.240000000 3.029159007612e-03
127.250000000 3.097863779220e-03
127.260000000 3.143506787142e-03
127.270000000 3.183442434734e-03
127.280000000 3.222847878704e-03
127.290000000 3.290034415750e-03
127.300000000 3.329617736548e-03
127.310000000 3.353920915616e-03
127.320000000 3.405820393943e-03
127.330000000 3.421694938443e-03
127.340000000 3.474205099385e-03
127.350000000 3.485386642101e-03
127.360000000 3.494090713744e-03
127.370000000 3.464329691446e-03
127.380000000 3.499099987336e-03
127.390000000 3.536998041545e-03
127.400000000 3.541573589920e-03
127.410000000 3.513625588693e-03
127.420000000 3.517350949789e-03
127.430000000 3.495863562925e-03
127.440000000 3.504169161790e-03
127.450000000 3.503543356613e-03
127.460000000 3.485623224132e-03
127.470000000 3.461737297266e-03
127.480000000 3.442959308716e-03
127.490000000 3.412044061824e-03
127.500000000 3.404039713946e-03
127.510000000 3.358154037272e-03
127.520000000 3.315143277748e-03
127.530000000 3.296653680962e-03
127.540000000 3.290102365753e-03
127.550000000 3.249239484266e-03
127.560000000 3.197625461983e-03
127.570000000 3.192133233926e-03
127.580000000 3.151638078792e-03
127.590000000 3.113925929502e-03
127.600000000 3.084244858733e-03
127.610000000 3.028059134221e-03
127.620000000 3.000251125186e-03
127.630000000 2.966640606729e-03
127.640000000 2.941652811116e-03
127.650000000 2.906787293277e-03
127.660000000 2.863305849162e-03
127.670000000 2.819124728714e-03
127.680000000 2.799642905426e-03
127.690000000 2.759383014383e-03
127.700000000 2.709947955630e-03
127.710000000 2.657158748956e-03
127.720000000 2.631644801609e-03
127.730000000 2.633258741048e-03
127.740000000 2.611023801451e-03
127.750000000 2.566267709442e-03
127.760000000 2.527228593892e-03
127.770000000 2.477426935604e-03
127.780000000 2.472579814874e-03
127.790000000 2.450327839784e-03
127.800000000 2.442322210667e-03
127.810000000 2.415598831017e-03
127.820000000 2.418763013764e-03
127.830000000 2.420413390855e-03
127.840000000 2.375411729108e-03
127.850000000 2.359402591801e-03
127.860000000 2.335259644044e-03
127.870000000 2.347571894388e-03
127.880000000 2.341808845223e-03
127.890000000 2.344200009191e-03
127.900000000 2.326708454051e-03
127.910000000 2.316898801122e-03
127.920000000 2.335370650940e-03
127.930000000 2.375751996028e-03
127.940000000 2.347869078152e-03
127.950000000 2.309265897695e-03
127.960000000 2.286678159300e-03
127.970000000 2.297422503140e-03
127.980000000 2.294622863598e-03
127.990000000 2.273540048822e-03
128.000000000 2.290129103714e-03
128.010000000 2.269904822330e-03
128.020000000 2.282897435877e-03
128.030000000 2.289334206544e-03
128.040000000 2.287286610417e-03
128.050000000 2.264668468264e-03
128.060000000 2.259587636488e-03
128.070000000 2.271817634858e-03
128.080000000 2.260617809295e-03
128.090000000 2.234529104361e-03
128.100000000 2.201720819667e-03
128.110000000 2.195643794484e-03
128.120000000 2.193170222161e-03
128.130000000 2.198110379845e-03
128.140000000 2.150888544542e-03
128.150000000 2.127791953061e-03
128.160000000 2.059796244053e-03
128.170000000 2.047841335880e-03
128.180000000 2.006337620813e-03
128.190000000 1.957172965468e-03
128.200000000 1.924638600071e-03
128.210000000 1.908137497539e-03
128.220000000 1.889477071715e-03
128.230000000 1.870590644517e-03
128.240000000 1.792097295229e-03
128.250000000 1.762841377115e-03
128.260000000 1.707592957108e-03
128.270000000 1.701634068979e-03
128.280000000 1.658401108797e-03
128.290000000 1.642323242125e-03
128.300000000 1.597103858408e-03
128.310000000 1.584952895536e-03
128.320000000 1.539819396804e-03
128.330000000 1.499141014449e-03
128.340000000 1.418736599431e-03
128.350000000 1.378870699028e-03
128.360000000 1.351141530742e-03
128.370000000 1.346442359191e-03
128.380000000 1.311859591744e-03
128.390000000 1.281413781721e-03
128.400000000 1.259227729708e-03
128.410000000 1.237609808381e-03
128.420000000 1.238108542870e-03
128.430000000 1.209792761621e-03
128.440000000 1.181556027961e-03
128.450000000 1.158665558908e-03
128.460000000 1.161895863700e-03
128.470000000 1.147281667658e-03
128.480000000 1.108404510309e-03
128.490000000 1.084737040643e-03
128.500000000 1.097820339392e-03
128.510000000 1.087703604388e-03
128.520000000 1.101070649846e-03
128.530000000 1.071370146515e-03
128.540000000 1.064039045530e-03
128.550000000 1.071420611825e-03
128.560000000 1.065854545741e-03
128.570000000 1.068769108282e-03
128.580000000 1.033985245202e-03
128.590000000 1.046232642242e-03
128.600000000 1.026569479931e-03
128.610000000 1.040162750675e-03
128.620000000 1.016558759996e-03
128.630000000 1.013754225516e-03
128.640000000 9.622500057056e-04
128.650000000 9.735520715963e-04
128.660000000 9.593197329639e-04
128.670000000 9.530793709260e-04
128.680000000 9.459862860744e-04
128.690000000 9.450439892574e-04
128.700000000 9.506647903644e-04
128.710000000 9.478631198651e-04
128.720000000 8.853039662726e-04
128.730000000 8.296421729755e-04
128.740000000 7.994261597460e-04
128.750000000 7.671217582760e-04
128.760000000 7.530139994826e-04
128.770000000 7.309101523400e-04
128.780000000 7.001391542577e-04
128.790000000 6.782018983003e-04
128.800000000 6.473337526009e-04
128.810000000 6.347877317074e-04
128.820000000 5.798744786780e-04
128.830000000 5.643356481385e-04
128.840000000 5.197335657599e-04
128.850000000 5.234758872266e-04
128.860000000 4.796301710740e-04
128.870000000 4.387795812227e-04
128.880000000 4.065994752378e-04
128.890000000 3.701143376829e-04
128.900000000 3.482178046018e-04
128.910000000 3.175649550669e-04
128.920000000 2.922701119382e-04
128.930000000 2.535884817521e-04
128.940000000 2.445141782907e-04
128.950000000 2.272812166462e-04
128.960000000 2.194155509185e-04
128.970000000 1.504379539083e-04
128.980000000 1.221606958630e-04
128.990000000 1.120581631261e-04
129.000000000 1.165386371226e-04
129.010000000 1.036708466676e-04
129.020000000 6.248251548685e-05
129.030000000 5.409702001823e-05
129.040000000 5.849735343365e-05
129.050000000 5.738474334349e-05
129.060000000 2.612069364620e-05
129.070000000 1.554342646598e-05
129.080000000 -2.003730426493e-05
129.090000000 -2.768390327576e-05
129.100000000 -3.566993540130e-05
129.110000000 -5.143680857316e-05
129.120000000 -7.543339555380e-05
129.130000000 -9.409212456821e-05
129.140000000 -8.123913060901e-05
129.150000000 -8.477989130561e-05
129.160000000 -1.119142848346e-04
129.170000000 -1.221395431324e-04
129.180000000 -1.208066271441e-04
129.190000000 -1.129860202266e-04
129.200000000 -1.378057878081e-04
129.210000000 -1.598301314135e-04
129.220000000 -1.937955169945e-04
129.230000000 -1.875447610169e-04
129.240000000 -2.142296993721e-04
129.250000000 -1.917186897215e-04
129.260000000 -2.232877338697e-04
129.270000000 -2.354873235999e-04
129.280000000 -2.520753834763e-04
129.290000000 -2.325711383764e-04
129.300000000 -2.426542775030e-04
129.310000000 -2.706543389012e-04
129.320000000 -2.710551423413e-04
129.330000000 -2.611314376684e-04
129.340000000 -2.616010546367e-04
129.350000000 -2.809444391850e-04
129.360000000 -2.858759844028e-04
129.370000000 -2.965447583298e-04
129.380000000 -2.822660957667e-04
129.390000000 -2.840762283043e-04
129.400000000 -2.973240239754e-04
129.410000000 -3.029097576817e-04
129.420000000 -2.887414334774e-04
129.430000000 -2.831984763669e-04
129.440000000 -2.665611333776e-04
129.450000000 -2.695112943627e-04
129.460000000 -2.735545162976e-04
129.470000000 -2.684434865021e-04
129.480000000 -2.251182027525e-04
129.490000000 -2.408973739344e-04
129.500000000 -2.077303880051e-04
129.510000000 -2.304185589768e-04
129.520000000 -1.998834635214e-04
129.530000000 -1.793149283810e-04
129.540000000 -1.611248150233e-04
129.550000000 -2.020760154345e-04
129.560000000 -1.753319736217e-04
129.570000000 -1.585113826170e-04
129.580000000 -1.513720292098e-04
129.590000000 -1.402801728852e-04
129.600000000 -1.278050939716e-04
129.610000000 -1.441242599665e-04
129.620000000 -1.269759238474e-04
129.630000000 -9.693412326845e-05
129.640000000 -1.024890257240e-04
129.650000000 -1.003832391976e-04
129.660000000 -1.135631207034e-04
129.670000000 -8.861396680454e-05
129.680000000 -9.793049588673e-05
129.690000000 -8.783239644411e-05
129.700000000 -1.173002011459e-04
129.710000000 -1.017167242065e-04
129.720000000 -9.886796491579e-05
129.730000000 -8.881426321966e-05
129.740000000 -1.054422381200e-04
129.750000000 -1.114294781047e-04
129.760000000 -1.302043809759e-04
129.770000000 -1.322808235698e-04
129.780000000 -1.350554189704e-04
129.790000000 -1.353216183556e-04
129.800000000 -1.804951160956e-04
129.810000000 -1.917962290743e-04
129.820000000 -2.108203462981e-04
129.830000000 -2.115010765859e-04
129.840000000 -2.549923168479e-04
129.850000000 -2.869197505724e-04
129.860000000 -3.004823982271e-04
129.870000000 -3.261509117093e-04
129.880000000 -3.165431426243e-04
129.890000000 -3.742360600939e-04
129.900000000 -3.986219474569e-04
129.910000000 -4.296800117417e-04
129.920000000 -4.386837543030e-04
129.930000000 -4.680801565506e-04
129.940000000 -5.128170785170e-04
129.950000000 -5.491545025497e-04
129.960000000 -6.202100147044e-04
129.970000000 -6.164243083152e-04
129.980000000 -6.637020221618e-04
129.990000000 -7.081304974999e-04
130.000000000 -7.612046038826e-04
130.010000000 -7.854038765784e-04
130.020000000 -8.469856787950e-04
130.030000000 -8.656685191585e-04
130.040000000 -9.383747080902e-04
130.050000000 -9.810028124557e-04
130.060000000 -1.018132989752e-03
130.070000000 -1.073395226955e-03
130.080000000 -1.115706113213e-03
130.090000000 -1.178083626225e-03
130.100000000 -1.226241064755e-03
130.110000000 -1.268702288025e-03
130.120000000 -1.281763130706e-03
130.130000000 -1.342784044277e-03
130.140000000 -1.404110823737e-03
130.150000000 -1.464298031703e-03
130.160000000 -1.478859946634e-03
130.170000000 -1.519385082668e-03
130.180000000 -1.587144541913e-03
130.190000000 -1.641441225148e-03
130.200000000 -1.712256445764e-03
130.210000000 -1.736178449433e-03
130.220000000 -1.787115170133e-03
130.230000000 -1.802228949352e-03
130.240000000 -1.894753823336e-03
130.250000000 -1.911934619102e-03
130.260000000 -1.965410997868e-03
130.270000000 -2.020800123519e-03
130.280000000 -2.065990448738e-03
130.290000000 -2.111823575238e-03
130.300000000 -2.131544791445e-03
130.310000000 -2.159813176092e-03
130.320000000 -2.192176665128e-03
130.330000000 -2.236278921277e-03
130.340000000 -2.327814752331e-03
130.350000000 -2.353779086358e-03
130.360000000 -2.419352865699e-03
130.370000000 -2.445064756523e-03
130.380000000 -2.521653167386e-03
130.390000000 -2.527953938062e-03
130.400000000 -2.572726539176e-03
130.410000000 -2.568774655954e-03
130.420000000 -2.630702173210e-03
130.430000000 -2.681471955718e-03
130.440000000 -2.739554792245e-03
130.450000000 -2.773101878734e-03
130.460000000 -2.812424485982e-03
130.470000000 -2.856903393821e-03
130.480000000 -2.930681681223e-03
130.490000000 -2.956763157893e-03
130.500000000 -2.960554504866e-03
130.510000000 -2.981078685743e-03
130.520000000 -3.026000343382e-03
130.530000000 -3.075264329015e-03
130.540000000 -3.088156672199e-03
130.550000000 -3.137134823295e-03
130.560000000 -3.170247255863e-03
130.570000000 -3.179397464626e-03
130.580000000 -3.239164402061e-03
130.590000000 -3.273325564263e-03
130.600000000 -3.283036221923e-03
130.610000000 -3.275178436404e-03
130.620000000 -3.298427878107e-03
130.630000000 -3.301107904612e-03
130.640000000 -3.313368388037e-03
130.650000000 -3.287694307998e-03
130.660000000 -3.291612494570e-03
130.670000000 -3.317466359961e-03
130.680000000 -3.354763618333e-03
130.690000000 -3.356920362347e-03
130.700000000 -3.343805882474e-03
130.710000000 -3.360564346995e-03
130.720000000 -3.356049505747e-03
130.730000000 -3.354590528631e-03
130.740000000 -3.306084798101e-03
130.750000000 -3.300053052168e-03
130.760000000 -3.265046612897e-03
130.770000000 -3.289620454239e-03
130.780000000 -3.288250637676e-03
130.790000000 -3.276714921178e-03
130.800000000 -3.257370805745e-03
130.810000000 -3.256430817612e-03
130.820000000 -3.258003970522e-03
130.830000000 -3.236394114729e-03
130.840000000 -3.230847685913e-03
130.850000000 -3.200462182475e-03
130.860000000 -3.209508937017e-03
130.870000000 -3.211526436106e-03
130.880000000 -3.224316136658e-03
130.890000000 -3.226328204583e-03
130.900000000 -3.200783318020e-03
130.910000000 -3.233579774053e-03
130.920000000 -3.221711682214e-03
130.930000000 -3.250681905039e-03
130.940000000 -3.223099845673e-03
130.950000000 -3.241777474139e-03
130.960000000 -3.249424708888e-03
130.970000000 -3.314299317959e-03
130.980000000 -3.307290486708e-03
130.990000000 -3.357223786780e-03
131.000000000 -3.372575042501e-03
131.010000000 -3.401023718701e-03
131.020000000 -3.459459508949e-03
131.030000000 -3.441090515726e-03
131.040000000 -3.483752216986e-03
131.050000000 -3.512292474586e-03
131.060000000 -3.576426659396e-03
131.070000000 -3.649294655632e-03
131.080000000 -3.705304122703e-03
131.090000000 -3.772231342060e-03
131.100000000 -3.784976144116e-03
131.110000000 -3.847003060159e-03
131.120000000 -3.927342472452e-03
131.130000000 -3.941437065639e-03
131.140000000 -3.978957712016e-03
131.150000000 -4.031376578952e-03
131.160000000 -4.092082313483e-03
131.170000000 -4.121194026123e-03
131.180000000 -4.176270710255e-03
131.190000000 -4.182918366869e-03
131.200000000 -4.243341927528e-03
131.210000000 -4.271004872118e-03
131.220000000 -4.299824925798e-03
131.230000000 -4.315813440439e-03
131.240000000 -4.330208262786e-03
131.250000000 -4.352756218901e-03
131.260000000 -4.388857092031e-03
131.270000000 -4.417967943561e-03
131.280000000 -4.426416894575e-03
131.290000000 -4.436943811981e-03
131.300000000 -4.460793176593e-03
131.310000000 -4.503398677816e-03
131.320000000 -4.480961409353e-03
131.330000000 -4.476923154753e-03
131.340000000 -4.454697270187e-03
131.350000000 -4.465451238082e-03
131.360000000 -4.472224021468e-03
131.370000000 -4.492712836879e-03
131.380000000 -4.470798992877e-03
131.390000000 -4.471928499823e-03
131.400000000 -4.493890024733e-03
131.410000000 -4.491234018864e-03
131.420000000 -4.492281190770e-03
131.430000000 -4.435478924890e-03
131.440000000 -4.428266478927e-03
131.450000000 -4.434602307030e-03
131.460000000 -4.441270800066e-03
131.470000000 -4.420158863635e-03
131.480000000 -4.406528123946e-03
131.490000000 -4.392597214544e-03
131.500000000 -4.412936125454e-03
131.510000000 -4.411812615600e-03
131.520000000 -4.404053061816e-03
131.530000000 -4.394250876527e-03
131.540000000 -4.365519385238e-03
131.550000000 -4.381773163885e-03
131.560000000 -4.374336043955e-03
131.570000000 -4.354927722070e-03
131.580000000 -4.336305189344e-03
131.590000000 -4.334803922158e-03
131.600000000 -4.343293342668e-03
131.610000000 -4.334795359149e-03
131.620000000 -4.289653599482e-03
131.630000000 -4.271517830836e-03
131.640000000 -4.246751479349e-03
131.650000000 -4.231984562872e-03
131.660000000 -4.247414227274e-03
131.670000000 -4.188038313209e-03
131.680000000 -4.193471664977e-03
131.690000000 -4.165865688571e-03
131.700000000 -4.154791770902e-03
131.710000000 -4.138642029917e-03
131.720000000 -4.052440894832e-03
131.730000000 -4.043207047992e-03
131.740000000 -3.982982397599e-03
131.750000000 -3.994828844083e-03
131.760000000 -3.947628512464e-03
131.770000000 -3.886822497046e-03
131.780000000 -3.852402574558e-03
131.790000000 -3.832660938942e-03
131.800000000 -3.810693001710e-03
131.810000000 -3.782314289349e-03
131.820000000 -3.707475451218e-03
131.830000000 -3.673846975060e-03
131.840000000 -3.594796738317e-03
131.850000000 -3.575273171606e-03
131.860000000 -3.504481566154e-03
131.870000000 -3.443135853025e-03
131.880000000 -3.412508124416e-03
131.890000000 -3.367031775828e-03
131.900000000 -3.323928020862e-03
131.910000000 -3.270094735501e-03
131.920000000 -3.197507821301e-03
131.930000000 -3.131120479239e-03
131.940000000 -3.110431440551e-03
131.950000000 -3.040885781896e-03
131.960000000 -2.991861817361e-03
131.970000000 -2.915482476320e-03
131.980000000 -2.892174380026e-03
131.990000000 -2.852411981700e-03
132.000000000 -2.810242557118e-03
132.010000000 -2.738227062119e-03
132.020000000 -2.696218150703e-03
132.030000000 -2.647450147084e-03
132.040000000 -2.607214712279e-03
132.050000000 -2.552950338669e-03
132.060000000 -2.502170808323e-03
132.070000000 -2.445318888660e-03
132.080000000 -2.393328640074e-03
132.090000000 -2.371095332380e-03
132.100000000 -2.313497331476e-03
132.110000000 -2.254800880195e-03
132.120000000 -2.210694280329e-03
132.130000000 -2.173293414013e-03
132.140000000 -2.133286240935e-03
132.150000000 -2.076669500727e-03
132.160000000 -2.009376429427e-03
132.170000000 -1.957975117891e-03
132.180000000 -1.934554137792e-03
132.190000000 -1.891394988881e-03
132.200000000 -1.806676720960e-03
132.210000000 -1.777753633702e-03
132.220000000 -1.719644239130e-03
132.230000000 -1.676471627523e-03
132.240000000 -1.661230082360e-03
132.250000000 -1.582967301851e-03
132.260000000 -1.535925789401e-03
132.270000000 -1.493204334831e-03
132.280000000 -1.483041861877e-03
132.290000000 -1.398522951701e-03
132.300000000 -1.372903586477e-03
132.310000000 -1.269903606956e-03
132.320000000 -1.363888185866e-03
132.330000000 -1.094393393325e-03
132.340000000 -1.202775214237e-03
132.350000000 -1.083341406989e-03
132.360000000 -1.046266573772e-03
132.370000000 -1.001256561696e-03
132.380000000 -9.834791064940e-04
132.390000000 -9.485827928819e-04
132.400000000 -9.097977367835e-04
132.410000000 -8.380428357845e-04
132.420000000 -8.384082025112e-04
132.430000000 -7.803082980319e-04
132.440000000 -7.415608096746e-04
132.450000000 -6.771433740255e-04
132.460000000 -6.538303588913e-04
132.470000000 -5.945908143399e-04
132.480000000 -6.024666315311e-04
132.490000000 -5.460339682010e-04
132.500000000 -5.141088783627e-04
132.510000000 -4.701723389242e-04
132.520000000 -4.760165689360e-04
132.530000000 -4.098892394257e-04
132.540000000 -3.999984067115e-04
132.550000000 -3.226516459802e-04
132.560000000 -2.889812586417e-04
132.570000000 -2.550911980408e-04
132.580000000 -2.376316411004e-04
132.590000000 -1.935217401191e-04
132.600000000 -1.427952688816e-04
132.610000000 -9.053213586454e-05
132.620000000 -6.680255162478e-05
132.630000000 -4.053480465941e-05
132.640000000 1.302464704745e-05
132.650000000 6.138937285978e-05
132.660000000 9.689818071991e-05
132.670000000 1.272172980940e-04
132.680000000 1.571570824423e-04
132.690000000 2.061480129509e-04
132.700000000 2.353475342841e-04
132.710000000 2.697126440065e-04
132.720000000 2.753280972284e-04
132.730000000 3.352944872791e-04
132.740000000 3.765092120654e-04
132.750000000 4.531567192863e-04
132.760000000 4.535540214096e-04
132.770000000 5.215486200392e-04
132.780000000 5.379697550665e-04
132.790000000 6.226852402383e-04
132.800000000 6.405625026322e-04
132.810000000 7.072087893762e-04
132.820000000 7.378805618070e-04
132.830000000 8.114680612792e-04
132.840000000 8.616902600096e-04
132.850000000 9.612220309120e-04
132.860000000 9.898918053268e-04
132.870000000 1.049807155564e-03
132.880000000 1.107058388024e-03
132.890000000 1.189546467373e-03
132.900000000 1.263114530130e-03
132.910000000 1.322815508291e-03
132.920000000 1.400180110899e-03
132.930000000 1.507792590148e-03
132.940000000 1.570517932363e-03
132.950000000 1.671770810581e-03
132.960000000 1.710795035075e-03
132.970000000 1.834710235967e-03
132.980000000 1.900701878809e-03
132.990000000 2.051646414296e-03
133.000000000 2.115682973677e-03
133.010000000 2.217718686390e-03
133.020000000 2.315703730621e-03
133.030000000 2.426814910895e-03
133.040000000 2.550860398598e-03
133.050000000 2.613614163223e-03
133.060000000 2.743250186055e-03
133.070000000 2.817543188437e-03
133.080000000 2.944686922696e-03
133.090000000 3.049315626211e-03
133.100000000 3.136262330856e-03
133.110000000 3.238593367583e-03
133.120000000 3.346840992817e-03
133.130000000 3.448036735682e-03
133.140000000 3.525619408055e-03
133.150000000 3.652558946226e-03
133.160000000 3.720132404785e-03
133.170000000 3.842650757926e-03
133.180000000 3.918536643183e-03
133.190000000 4.026765216383e-03
133.200000000 4.094557423083e-03
133.210000000 4.136359524566e-03
133.220000000 4.221444688748e-03
133.230000000 4.314298829122e-03
133.240000000 4.385510468727e-03
133.250000000 4.418198867910e-03
133.260000000 4.485989379332e-03
133.270000000 4.540984149802e-03
133.280000000 4.596860432107e-03
133.290000000 4.660954911789e-03
133.300000000 4.714784847419e-03
133.310000000 4.777710874668e-03
133.320000000 4.819445572196e-03
133.330000000 4.901201394741e-03
133.340000000 4.955194461155e-03
133.350000000 4.972547588188e-03
133.360000000 5.001497771048e-03
133.370000000 5.022036003955e-03
133.380000000 5.072178614189e-03
133.390000000 5.099512050337e-03
133.400000000 5.117364168067e-03
133.410000000 5.127702057634e-03
133.420000000 5.161316398488e-03
133.430000000 5.185842176267e-03
133.440000000 5.186023512790e-03
133.450000000 5.209967450218e-03
133.460000000 5.212824454006e-03
133.470000000 5.242756508337e-03
133.480000000 5.245460865069e-03
133.490000000 5.252431255128e-03
133.500000000 5.225057181029e-03
133.510000000 5.235884722986e-03
133.520000000 5.229090148816e-03
133.530000000 5.240409237947e-03
133.540000000 5.258559148588e-03
133.550000000 5.236317414155e-03
133.560000000 5.256178994062e-03
133.570000000 5.257237260156e-03
133.580000000 5.272438739314e-03
133.590000000 5.236267261255e-03
133.600000000 5.229573115403e-03
133.610000000 5.211812645138e-03
133.620000000 5.203706031731e-03
133.630000000 5.210792956919e-03
133.640000000 5.195420315346e-03
133.650000000 5.186724980885e-03
133.660000000 5.215250420306e-03
133.670000000 5.238448628673e-03
133.680000000 5.231243485282e-03
133.690000000 5.216933416431e-03
133.700000000 5.197952201297e-03
133.710000000 5.211410815498e-03
133.720000000 5.229560418828e-03
133.730000000 5.233510284188e-03
133.740000000 5.226755796821e-03
133.750000000 5.216603180347e-03
133.760000000 5.205292036841e-03
133.770000000 5.190323030794e-03
133.780000000 5.198296290270e-03
133.790000000 5.186365510392e-03
133.800000000 5.201347516323e-03
133.810000000 5.242687520396e-03
133.820000000 5.264648512800e-03
133.830000000 5.249959414927e-03
133.840000000 5.210809072200e-03
133.850000000 5.233725779832e-03
133.860000000 5.234745209577e-03
133.870000000 5.226901625096e-03
133.880000000 5.245687702391e-03
133.890000000 5.223011593410e-03
133.900000000 5.222448530190e-03
133.910000000 5.233221280838e-03
133.920000000 5.209280434199e-03
133.930000000 5.164703003940e-03
133.940000000 5.130294601617e-03
133.950000000 5.121815276215e-03
133.960000000 5.139118701484e-03
133.970000000 5.151296487942e-03
133.980000000 5.144817832044e-03
133.990000000 5.153788625557e-03
134.000000000 5.150464931462e-03
134.010000000 5.107804358553e-03
134.020000000 5.090375772562e-03
134.030000000 5.065399111163e-03
134.040000000 5.047044856265e-03
134.050000000 5.010284269219e-03
134.060000000 5.026630693759e-03
134.070000000 5.008977522030e-03
134.080000000 4.947365046149e-03
134.090000000 4.919986218941e-03
134.100000000 4.907082992360e-03
134.110000000 4.880436375939e-03
134.120000000 4.833447366326e-03
134.130000000 4.802031521087e-03
134.140000000 4.767108331055e-03
134.150000000 4.739676666459e-03
134.160000000 4.700391971067e-03
134.170000000 4.667383360549e-03
134.180000000 4.590508502888e-03
134.190000000 4.571835404427e-03
134.200000000 4.548661131931e-03
134.210000000 4.516429264914e-03
134.220000000 4.463700972084e-03
134.230000000 4.404174719883e-03
134.240000000 4.391844914201e-03
134.250000000 4.358764779840e-03
134.260000000 4.328275829825e-03
134.270000000 4.289221315774e-03
134.280000000 4.241351702351e-03
134.290000000 4.185636885085e-03
134.300000000 4.157714213167e-03
134.310000000 4.120549468388e-03
134.320000000 4.091752059715e-03
134.330000000 4.017119683881e-03
134.340000000 4.013575885756e-03
134.350000000 3.998622430445e-03
134.360000000 3.965412179135e-03
134.370000000 3.902433536031e-03
134.380000000 3.874861241538e-03
134.390000000 3.845790696472e-03
134.400000000 3.807320997116e-03
134.410000000 3.756958161489e-03
134.420000000 3.723539181624e-03
134.430000000 3.697849095799e-03
134.440000000 3.685209701968e-03
134.450000000 3.683822917729e-03
134.460000000 3.671162104711e-03
134.470000000 3.626479783699e-03
134.480000000 3.600476675882e-03
134.490000000 3.590991730082e-03
134.500000000 3.585912723316e-03
134.510000000 3.528982657823e-03
134.520000000 3.503613680858e-03
134.530000000 3.485135177718e-03
134.540000000 3.464920269896e-03
134.550000000 3.432325147099e-03
134.560000000 3.397871931997e-03
134.570000000 3.345626149946e-03
134.580000000 3.308533581858e-03
134.590000000 3.284352302699e-03
134.600000000 3.278282498552e-03
134.610000000 3.238931917055e-03
134.620000000 3.218545639649e-03
134.630000000 3.194201259322e-03
134.640000000 3.160659967795e-03
134.650000000 3.100753882594e-03
134.660000000 3.048195357162e-03
134.670000000 2.993061489899e-03
134.680000000 2.987338600030e-03
134.690000000 2.970643689797e-03
134.700000000 2.933014569351e-03
134.710000000 2.878199955356e-03
134.720000000 2.818240254911e-03
134.730000000 2.777397404577e-03
134.740000000 2.749815986391e-03
134.750000000 2.703269629042e-03
134.760000000 2.653573238197e-03
134.770000000 2.602665281044e-03
134.780000000 2.578617602993e-03
134.790000000 2.539634860037e-03
134.800000000 2.461135109774e-03
134.810000000 2.402018255407e-03
134.820000000 2.340162637686e-03
134.830000000 2.306171547257e-03
134.840000000 2.292230777546e-03
134.850000000 2.238949418589e-03
134.860000000 2.184936866901e-03
134.870000000 2.123537843000e-03
134.880000000 2.073661056699e-03
134.890000000 1.996528971502e-03
134.900000000 1.946874607496e-03
134.910000000 1.891412479031e-03
134.920000000 1.853805269184e-03
134.930000000 1.825605605348e-03
134.940000000 1.770468746978e-03
134.950000000 1.713993449470e-03
134.960000000 1.651654372678e-03
134.970000000 1.634551935697e-03
134.980000000 1.569556279423e-03
134.990000000 1.531894495718e-03
135.000000000 1.474404311623e-03
135.010000000 1.413174019648e-03
135.020000000 1.353318128999e-03
135.030000000 1.312125205716e-03
135.040000000 1.259212872998e-03
135.050000000 1.206866445683e-03
135.060000000 1.144701792685e-03
135.070000000 1.134840058636e-03
135.080000000 1.105290362683e-03
135.090000000 1.052139390787e-03
135.100000000 9.912036472074e-04
135.110000000 9.541577951201e-04
135.120000000 9.371410913045e-04
135.130000000 8.762629775449e-04
135.140000000 8.471649228439e-04
135.150000000 8.272855554436e-04
135.160000000 8.284269513716e-04
135.170000000 7.736512073005e-04
135.180000000 8.052649181708e-04
135.190000000 7.759818894081e-04
135.200000000 7.374170418313e-04
135.210000000 6.723295270284e-04
135.220000000 7.085567056134e-04
135.230000000 6.685247342666e-04
135.240000000 6.091458379334e-04
135.250000000 6.460977298051e-04
135.260000000 6.695856253442e-04
135.270000000 6.662140051209e-04
135.280000000 6.491215312920e-04
135.290000000 6.409538838511e-04
135.300000000 5.506250488628e-04
135.310000000 5.210092853335e-04
135.320000000 5.189164099387e-04
135.330000000 5.600296707172e-04
135.340000000 5.359350576156e-04
135.350000000 5.232726401737e-04
135.360000000 5.324447192379e-04
135.370000000 5.475803630833e-04
135.380000000 5.092591058365e-04
135.390000000 4.984970599560e-04
135.400000000 4.838044615689e-04
135.410000000 4.853025512760e-04
135.420000000 4.706118234289e-04
135.430000000 4.423753211122e-04
135.440000000 4.097763901532e-04
135.450000000 4.113144751769e-04
135.460000000 4.036577917149e-04
135.470000000 4.039738870801e-04
135.480000000 3.772077938122e-04
135.490000000 3.635468516821e-04
135.500000000 3.569726328457e-04
135.510000000 3.648476133019e-04
135.520000000 3.447292122755e-04
135.530000000 3.015309091998e-04
135.540000000 2.506159854559e-04
135.550000000 2.223403001518e-04
135.560000000 1.973209805438e-04
135.570000000 1.948134446862e-04
135.580000000 1.764330214059e-04
135.590000000 1.505589197510e-04
135.600000000 1.609290993705e-04
135.610000000 1.603795735711e-04
135.620000000 1.356582189023e-04
135.630000000 9.898915903394e-05
135.640000000 1.089947024917e-04
135.650000000 7.451044169715e-05
135.660000000 8.088559470854e-05
135.670000000 5.505394885932e-05
135.680000000 2.670047825321e-05
135.690000000 1.476418519576e-05
135.700000000 5.039329852677e-05
135.710000000 5.821229158051e-05
135.720000000 1.393509953563e-05
135.730000000 2.842509820507e-05
135.740000000 -1.811552294512e-05
135.750000000 -1.822613282713e-05
135.760000000 -1.287762556197e-05
135.770000000 9.088696181077e-06
135.780000000 -3.356174855857e-05
135.790000000 -1.562493245544e-05
135.800000000 9.880195184357e-07
135.810000000 7.747913668965e-06
135.820000000 -2.362004409261e-05
135.830000000 -2.596966356665e-05
135.840000000 -4.047250896876e-05
135.850000000 -3.036086005516e-05
135.860000000 -1.888587862733e-05
135.870000000 -3.155823511097e-05
135.880000000 -4.026870712514e-05
135.890000000 -3.539406462067e-05
135.900000000 -6.108206448995e-05
135.910000000 -7.967537144927e-05
135.920000000 -9.086304340512e-05
135.930000000 -1.096717784352e-04
135.940000000 -1.016111508799e-04
135.950000000 -1.120235647309e-04
135.960000000 -1.086319082804e-04
135.970000000 -1.615285828437e-04
135.980000000 -1.629833555340e-04
135.990000000 -1.907669239871e-04
136.000000000 -1.807149585493e-04
136.010000000 -2.171247937549e-04
136.020000000 -2.445740494520e-04
136.030000000 -2.692337088940e-04
136.040000000 -2.851438541008e-04
136.050000000 -2.998911280503e-04
136.060000000 -3.308241756957e-04
136.070000000 -3.634713773669e-04
136.080000000 -3.974475575034e-04
136.090000000 -4.330344974368e-04
136.100000000 -4.482064198089e-04
136.110000000 -4.866663429650e-04
136.120000000 -5.569941952297e-04
136.130000000 -6.009209131459e-04
136.140000000 -6.475203706991e-04
136.150000000 -6.721498351242e-04
136.160000000 -7.505119914683e-04
136.170000000 -7.948749437107e-04
136.180000000 -8.705926660612e-04
136.190000000 -8.961540621065e-04
136.200000000 -9.649450867726e-04
136.210000000 -1.019099417555e-03
136.220000000 -1.096301207672e-03
136.230000000 -1.122554031552e-03
136.240000000 -1.217070500261e-03
136.250000000 -1.275780933820e-03
136.260000000 -1.353142989976e-03
136.270000000 -1.398090341793e-03
136.280000000 -1.474891615048e-03
136.290000000 -1.534999962188e-03
136.300000000 -1.615202578859e-03
136.310000000 -1.727705606791e-03
136.320000000 -1.818546658155e-03
136.330000000 -1.870740577954e-03
136.340000000 -1.924322937674e-03
136.350000000 -2.005293959351e-03
136.360000000 -2.085737143271e-03
136.370000000 -2.187249201785e-03
136.380000000 -2.250407009625e-03
136.390000000 -2.301572062077e-03
136.400000000 -2.401531118250e-03
136.410000000 -2.516889911326e-03
136.420000000 -2.578449950071e-03
136.430000000 -2.653038212648e-03
136.440000000 -2.766297710309e-03
136.450000000 -2.793436581484e-03
136.460000000 -2.904014596608e-03
136.470000000 -3.002036093219e-03
136.480000000 -3.082813509866e-03
136.490000000 -3.147490369174e-03
136.500000000 -3.288294325784e-03
136.510000000 -3.376248799587e-03
136.520000000 -3.428687824838e-03
136.530000000 -3.511459581794e-03
136.540000000 -3.606094492404e-03
136.550000000 -3.697385417708e-03
136.560000000 -3.750476411324e-03
136.570000000 -3.776968362125e-03
136.580000000 -3.816695714055e-03
136.590000000 -3.885662446082e-03
136.600000000 -3.976272381844e-03
136.610000000 -4.075306023497e-03
136.620000000 -4.158146680698e-03
136.630000000 -4.190753013745e-03
136.640000000 -4.228879313878e-03
136.650000000 -4.292890610476e-03
136.660000000 -4.346110275839e-03
136.670000000 -4.393519955894e-03
136.680000000 -4.437568914190e-03
136.690000000 -4.480885570373e-03
136.700000000 -4.540299271679e-03
136.710000000 -4.596193847207e-03
136.720000000 -4.624260027907e-03
136.730000000 -4.632533531599e-03
136.740000000 -4.651168873715e-03
136.750000000 -4.706808961707e-03
136.760000000 -4.735281193555e-03
136.770000000 -4.772364553654e-03
136.780000000 -4.805328415370e-03
136.790000000 -4.831002786690e-03
136.800000000 -4.850318237199e-03
136.810000000 -4.840436069436e-03
136.820000000 -4.848296262775e-03
136.830000000 -4.837600605286e-03
136.840000000 -4.892856050939e-03
136.850000000 -4.925395263556e-03
136.860000000 -4.953462250878e-03
136.870000000 -4.946356765454e-03
136.880000000 -4.939447756783e-03
136.890000000 -4.977484109338e-03
136.900000000 -4.994604267844e-03
136.910000000 -4.970385842002e-03
136.920000000 -4.944975497900e-03
136.930000000 -4.935312632601e-03
136.940000000 -4.948858196665e-03
136.950000000 -4.949336581803e-03
136.960000000 -4.944687887089e-03
136.970000000 -4.923746833970e-03
136.980000000 -4.912199287805e-03
136.990000000 -4.913283532312e-03
137.000000000 -4.942758409043e-03
137.010000000 -4.922898677618e-03
137.020000000 -4.912495134351e-03
137.030000000 -4.898628173529e-03
137.040000000 -4.910587345976e-03
137.050000000 -4.915006839884e-03
137.060000000 -4.900496931442e-03
137.070000000 -4.906807619073e-03
137.080000000 -4.918468273011e-03
137.090000000 -4.937558184463e-03
137.100000000 -4.949441633788e-03
137.110000000 -4.919663345818e-03
137.120000000 -4.906606137393e-03
137.130000000 -4.910883548746e-03
137.140000000 -4.935256026847e-03
137.150000000 -4.931831495296e-03
137.160000000 -4.921124102113e-03
137.170000000 -4.939698568437e-03
137.180000000 -4.981945864928e-03
137.190000000 -5.009507432433e-03
137.200000000 -5.035384626826e-03
137.210000000 -5.033473761881e-03
137.220000000 -5.036444752897e-03
137.230000000 -5.055491204931e-03
137.240000000 -5.096487602888e-03
137.250000000 -5.124587636468e-03
137.260000000 -5.143191515109e-03
137.270000000 -5.161607713188e-03
137.280000000 -5.215771765909e-03
137.290000000 -5.228674245878e-03
137.300000000 -5.238727337334e-03
137.310000000 -5.256867774655e-03
137.320000000 -5.260855668438e-03
137.330000000 -5.296293859353e-03
137.340000000 -5.328588502740e-03
137.350000000 -5.334209100874e-03
137.360000000 -5.333838105616e-03
137.370000000 -5.355844786972e-03
137.380000000 -5.387225427585e-03
137.390000000 -5.390766367328e-03
137.400000000 -5.392362307146e-03
137.410000000 -5.381390166711e-03
137.420000000 -5.382924525799e-03
137.430000000 -5.414837612732e-03
137.440000000 -5.408320420568e-03
137.450000000 -5.396324227988e-03
137.460000000 -5.376592877438e-03
137.470000000 -5.343835295573e-03
137.480000000 -5.319204258968e-03
137.490000000 -5.318231691292e-03
137.500000000 -5.270045702879e-03
137.510000000 -5.219286422735e-03
137.520000000 -5.190791218408e-03
137.530000000 -5.175945662985e-03
137.540000000 -5.122363396613e-03
137.550000000 -5.061039930135e-03
137.560000000 -5.015336198535e-03
137.570000000 -4.957895224400e-03
137.580000000 -4.927638308394e-03
137.590000000 -4.878498015243e-03
137.600000000 -4.815921969625e-03
137.610000000 -4.779811508937e-03
137.620000000 -4.723022278737e-03
137.630000000 -4.670776146383e-03
137.640000000 -4.591425134632e-03
137.650000000 -4.529137547750e-03
137.660000000 -4.455470888619e-03
137.670000000 -4.409509649586e-03
137.680000000 -4.376556107828e-03
137.690000000 -4.285382576441e-03
137.700000000 -4.175873658319e-03
137.710000000 -4.112664701924e-03
137.720000000 -4.072579637324e-03
137.730000000 -3.982510552695e-03
137.740000000 -3.923958261290e-03
137.750000000 -3.839404953380e-03
137.760000000 -3.764334716428e-03
137.770000000 -3.676464459473e-03
137.780000000 -3.604738372202e-03
137.790000000 -3.464813084039e-03
137.800000000 -3.406699645387e-03
137.810000000 -3.341969298758e-03
137.820000000 -3.241071835139e-03
137.830000000 -3.166311547780e-03
137.840000000 -3.084476380996e-03
137.850000000 -2.982101169375e-03
137.860000000 -2.877889958455e-03
137.870000000 -2.838136546607e-03
137.880000000 -2.755969408618e-03
137.890000000 -2.628115439790e-03
137.900000000 -2.552036708341e-03
137.910000000 -2.473782984363e-03
137.920000000 -2.373640387060e-03
137.930000000 -2.287985512321e-03
137.940000000 -2.202883516125e-03
137.950000000 -2.109978993871e-03
137.960000000 -2.066053774688e-03
137.970000000 -2.009423857996e-03
137.980000000 -1.890303872002e-03
137.990000000 -1.798115113410e-03
138.000000000 -1.726816708932e-03
138.010000000 -1.659829805368e-03
138.020000000 -1.582658036965e-03
138.030000000 -1.524820789327e-03
138.040000000 -1.442920451360e-03
138.050000000 -1.366273302600e-03
138.060000000 -1.337719350620e-03
138.070000000 -1.274523258306e-03
138.080000000 -1.172411834231e-03
138.090000000 -1.116263016500e-03
138.100000000 -1.043068115454e-03
138.110000000 -9.697925512072e-04
138.120000000 -9.060322230706e-04
138.130000000 -8.453378091475e-04
138.140000000 -7.551895532399e-04
138.150000000 -7.176895963255e-04
138.160000000 -6.670639297125e-04
138.170000000 -5.902120794965e-04
138.180000000 -5.329582919102e-04
138.190000000 -4.618790100720e-04
138.200000000 -4.240392322631e-04
138.210000000 -3.652490468837e-04
138.220000000 -3.173903386322e-04
138.230000000 -2.058020825380e-04
138.240000000 -1.758271846714e-04
138.250000000 -1.288931311449e-04
138.260000000 -6.938719654265e-05
138.270000000 7.685175960201e-06
138.280000000 3.328352792898e-05
138.290000000 9.982344200496e-05
138.300000000 1.556214004114e-04
138.310000000 1.962570610210e-04
138.320000000 2.465058744072e-04
138.330000000 3.256137859505e-04
138.340000000 3.674177163389e-04
138.350000000 4.099675544602e-04
138.360000000 4.825972320831e-04
138.370000000 5.451814074541e-04
138.380000000 5.972962326532e-04
138.390000000 6.589725280113e-04
138.400000000 7.140719489065e-04
138.410000000 7.483365722228e-04
138.420000000 8.240661618677e-04
138.430000000 8.705268469289e-04
138.440000000 8.944097393958e-04
138.450000000 9.472372662836e-04
138.460000000 9.764113086937e-04
138.470000000 1.002842994008e-03
138.480000000 1.041021830259e-03
138.490000000 1.073434548447e-03
138.500000000 1.099895755393e-03
138.510000000 1.152796928211e-03
138.520000000 1.164091158205e-03
138.530000000 1.250869232794e-03
138.540000000 1.274101936974e-03
138.550000000 1.283658453926e-03
138.560000000 1.297943581993e-03
138.570000000 1.346410140325e-03
138.580000000 1.337546779398e-03
138.590000000 1.333646713919e-03
138.600000000 1.365125285172e-03
138.610000000 1.401193732496e-03
138.620000000 1.359266654150e-03
138.630000000 1.416067932771e-03
138.640000000 1.423081412032e-03
138.650000000 1.377242351004e-03
138.660000000 1.409185070712e-03
138.670000000 1.449825134985e-03
138.680000000 1.445000460883e-03
138.690000000 1.413999768185e-03
138.700000000 1.412591231288e-03
138.710000000 1.432322962757e-03
138.720000000 1.460331436190e-03
138.730000000 1.467143646059e-03
138.740000000 1.474671700431e-03
138.750000000 1.486758985430e-03
138.760000000 1.457370082617e-03
138.770000000 1.478432298990e-03
138.780000000 1.482090922456e-03
138.790000000 1.481017727012e-03
138.800000000 1.436893872763e-03
138.810000000 1.467829530661e-03
138.820000000 1.516317364202e-03
138.830000000 1.484166198025e-03
138.840000000 1.470476181049e-03
138.850000000 1.499315776658e-03
138.860000000 1.564583248067e-03
138.870000000 1.559849424563e-03
138.880000000 1.552868684903e-03
138.890000000 1.594222140127e-03
138.900000000 1.607164488011e-03
138.910000000 1.565046304560e-03
138.920000000 1.623244472200e-03
138.930000000 1.640002728885e-03
138.940000000 1.617719572618e-03
138.950000000 1.660457785705e-03
138.960000000 1.727310192972e-03
138.970000000 1.717262096933e-03
138.980000000 1.705421144304e-03
138.990000000 1.737066973392e-03
139.000000000 1.727700991750e-03
139.010000000 1.745843769010e-03
139.020000000 1.755636696034e-03
139.030000000 1.759957545568e-03
139.040000000 1.745642492413e-03
139.050000000 1.760465936095e-03
139.060000000 1.728802682343e-03
139.070000000 1.710916923099e-03
139.080000000 1.680547647905e-03
139.090000000 1.668870485447e-03
139.100000000 1.681514996473e-03
139.110000000 1.721137076720e-03
139.120000000 1.662801708322e-03
139.130000000 1.656016504671e-03
139.140000000 1.642325653636e-03
139.150000000 1.623873647476e-03
139.160000000 1.631708807604e-03
139.170000000 1.615992471403e-03
139.180000000 1.603738283621e-03
139.190000000 1.587818021347e-03
139.200000000 1.586033843384e-03
139.210000000 1.571109062829e-03
139.220000000 1.539241653584e-03
139.230000000 1.532147700429e-03
139.240000000 1.527166385717e-03
139.250000000 1.535587869911e-03
139.260000000 1.567398931137e-03
139.270000000 1.559555482953e-03
139.280000000 1.562416070656e-03
139.290000000 1.603808418171e-03
139.300000000 1.598308959054e-03
139.310000000 1.577237742702e-03
139.320000000 1.561467064275e-03
139.330000000 1.588591424592e-03
139.340000000 1.587870640439e-03
139.350000000 1.631330147896e-03
139.360000000 1.677116142570e-03
139.370000000 1.709284951477e-03
139.380000000 1.706290769023e-03
139.390000000 1.722039366474e-03
139.400000000 1.771100481671e-03
139.410000000 1.802046609707e-03
139.420000000 1.820412974867e-03
139.430000000 1.873327659610e-03
139.440000000 1.879383573008e-03
139.450000000 1.922355155873e-03
139.460000000 1.963949461035e-03
139.470000000 1.978809315253e-03
139.480000000 2.018808065353e-03
139.490000000 2.074413657345e-03
139.500000000 2.112896338386e-03
139.510000000 2.133934109852e-03
139.520000000 2.148743981350e-03
139.530000000 2.179443649751e-03
139.540000000 2.245792201847e-03
139.550000000 2.289301390387e-03
139.560000000 2.235969379861e-03
139.570000000 2.273717808386e-03
139.580000000 2.312669255202e-03
139.590000000 2.373811058011e-03
139.600000000 2.423813037772e-03
139.610000000 2.510467316634e-03
139.620000000 2.499312075398e-03
139.630000000 2.451109336488e-03
139.640000000 2.501504323643e-03
139.650000000 2.556799342708e-03
139.660000000 2.563249096053e-03
139.670000000 2.550073774418e-03
139.680000000 2.601428994609e-03
139.690000000 2.621999445081e-03
139.700000000 2.613439844688e-03
139.710000000 2.602348189283e-03
139.720000000 2.659239809343e-03
139.730000000 2.643126015738e-03
139.740000000 2.701632011634e-03
139.750000000 2.701563086996e-03
139.760000000 2.657805467444e-03
139.770000000 2.642673205413e-03
139.780000000 2.715978626374e-03
139.790000000 2.749914514046e-03
139.800000000 2.704962521172e-03
139.810000000 2.691087196249e-03
139.820000000 2.704033793778e-03
139.830000000 2.644300439923e-03
139.840000000 2.632892787719e-03
139.850000000 2.669908939924e-03
139.860000000 2.653048238208e-03
139.870000000 2.623265038116e-03
139.880000000 2.611498231294e-03
139.890000000 2.609765069060e-03
139.900000000 2.507044514382e-03
139.910000000 2.473405038228e-03
139.920000000 2.441531115654e-03
139.930000000 2.406853358324e-03
139.940000000 2.359503758154e-03
139.950000000 2.324885525365e-03
139.960000000 2.260838014734e-03
139.970000000 2.246028154673e-03
139.980000000 2.191101497302e-03
139.990000000 2.112779041418e-03
140.000000000 2.039805570578e-03
140.010000000 1.972906791405e-03
140.020000000 1.872566642375e-03
140.030000000 1.800302959562e-03
140.040000000 1.751235698772e-03
140.050000000 1.638002126053e-03
140.060000000 1.570254637977e-03
140.070000000 1.532684960466e-03
140.080000000 1.501887032514e-03
140.090000000 1.436071526739e-03
140.100000000 1.372181392939e-03
140.110000000 1.221987863761e-03
140.120000000 1.118467732936e-03
140.130000000 1.017182663438e-03
140.140000000 9.596928131055e-04
140.150000000 8.720172542491e-04
140.160000000 8.149058122581e-04
140.170000000 7.516673223960e-04
140.180000000 6.711128412727e-04
140.190000000 5.365201552820e-04
140.200000000 3.900609432510e-04
140.210000000 2.939332581849e-04
140.220000000 2.275499587173e-04
140.230000000 1.735135157887e-04
140.240000000 8.077810091687e-05
140.250000000 5.885624904536e-06
140.260000000 -8.462672598636e-05
140.270000000 -1.724382627975e-04
140.280000000 -2.644579449284e-04
140.290000000 -3.576799443956e-04
140.300000000 -4.499286064561e-04
140.310000000 -4.371198355432e-04
140.320000000 -4.835138320053e-04
140.330000000 -5.374341009158e-04
140.340000000 -5.878410066665e-04
140.350000000 -6.340883847037e-04
140.360000000 -7.105292752163e-04
140.370000000 -7.546278681630e-04
140.380000000 -8.068855357703e-04
140.390000000 -8.683337743768e-04
140.400000000 -9.058557085254e-04
140.410000000 -9.385862139604e-04
140.420000000 -9.578243131439e-04
140.430000000 -9.492365465565e-04
140.440000000 -9.830285551063e-04
140.450000000 -1.059268108898e-03
140.460000000 -1.048602841305e-03
140.470000000 -1.055854890321e-03
140.480000000 -1.086502788282e-03
140.490000000 -1.127549429463e-03
140.500000000 -1.106859184392e-03
140.510000000 -1.135737576821e-03
140.520000000 -1.120501585183e-03
140.530000000 -1.093428899880e-03
140.540000000 -1.152842893319e-03
140.550000000 -1.139488867857e-03
140.560000000 -1.114411773334e-03
140.570000000 -1.147912976600e-03
140.580000000 -1.184998886752e-03
140.590000000 -1.199462289586e-03
140.600000000 -1.238385120132e-03
140.610000000 -1.229988441894e-03
140.620000000 -1.215563923376e-03
140.630000000 -1.247126755048e-03
140.640000000 -1.254844386026e-03
140.650000000 -1.260078959660e-03
140.660000000 -1.255576522378e-03
140.670000000 -1.252219306549e-03
140.680000000 -1.267112015200e-03
140.690000000 -1.279794392823e-03
140.700000000 -1.299633958179e-03
140.710000000 -1.291080139331e-03
140.720000000 -1.297425406385e-03
140.730000000 -1.303392068126e-03
140.740000000 -1.327358984661e-03
140.750000000 -1.349414684382e-03
140.760000000 -1.314072130584e-03
140.770000000 -1.316011554395e-03
140.780000000 -1.317904972806e-03
140.790000000 -1.285850048262e-03
140.800000000 -1.277178674550e-03
140.810000000 -1.273008950503e-03
140.820000000 -1.247793324470e-03
140.830000000 -1.276958769082e-03
140.840000000 -1.295590385957e-03
140.850000000 -1.252804406050e-03
140.860000000 -1.268955858528e-03
140.870000000 -1.208782763524e-03
140.880000000 -1.208041867221e-03
140.890000000 -1.165445754186e-03
140.900000000 -1.194432812879e-03
140.910000000 -1.120534509397e-03
140.920000000 -1.115704481549e-03
140.930000000 -1.087367237930e-03
140.940000000 -1.053390192562e-03
140.950000000 -1.070944280969e-03
140.960000000 -1.040889223685e-03
140.970000000 -9.788902805977e-04
140.980000000 -1.007073427980e-03
140.990000000 -8.921999321533e-04
141.000000000 -8.482419632180e-04
141.010000000 -8.187251235548e-04
141.020000000 -7.926578807655e-04
141.030000000 -7.947146872175e-04
141.040000000 -7.543691875803e-04
141.050000000 -6.166042502502e-04
141.060000000 -6.083771213988e-04
141.070000000 -5.759436542311e-04
141.080000000 -4.795259938410e-04
141.090000000 -4.692391987758e-04
141.100000000 -3.599028182892e-04
141.110000000 -3.652607771148e-04
141.120000000 -3.473605743855e-04
141.130000000 -2.357075366939e-04
141.140000000 -1.372750671367e-04
141.150000000 -1.028465985582e-04
141.160000000 -1.229477641223e-05
141.170000000 5.289784158618e-05
141.180000000 8.688126201135e-05
141.190000000 1.962132372385e-04
141.200000000 2.725330297494e-04
141.210000000 2.740209403553e-04
141.220000000 4.022466069211e-04
141.230000000 4.534639217397e-04
141.240000000 5.094715157421e-04
141.250000000 6.128081809608e-04
141.260000000 7.118115904176e-04
141.270000000 7.659729185522e-04
141.280000000 8.863934195049e-04
141.290000000 9.672417269756e-04
141.300000000 9.871136869232e-04
141.310000000 1.121431296292e-03
141.320000000 1.121202713250e-03
141.330000000 1.264104347157e-03
141.340000000 1.369556942055e-03
141.350000000 1.421525431724e-03
141.360000000 1.548735628341e-03
141.370000000 1.595018268757e-03
141.380000000 1.660931872129e-03
141.390000000 1.806554861126e-03
141.400000000 1.929744520660e-03
141.410000000 1.969557608338e-03
141.420000000 2.070694371226e-03
141.430000000 2.133000255044e-03
141.440000000 2.280710993872e-03
141.450000000 2.414264785819e-03
141.460000000 2.463874006055e-03
141.470000000 2.544060500789e-03
141.480000000 2.712007129552e-03
141.490000000 2.797829580887e-03
141.500000000 2.891546296300e-03
141.510000000 2.974565809468e-03
141.520000000 3.014323468638e-03
141.530000000 3.116546114890e-03
141.540000000 3.248932194317e-03
141.550000000 3.358354418467e-03
141.560000000 3.472631413007e-03
141.570000000 3.591173246474e-03
141.580000000 3.636141118174e-03
141.590000000 3.814101987532e-03
141.600000000 3.855834375304e-03
141.610000000 3.876842433827e-03
141.620000000 4.019723935886e-03
141.630000000 4.045750618822e-03
141.640000000 4.116883344558e-03
141.650000000 4.262625901129e-03
141.660000000 4.347806792184e-03
141.670000000 4.421954788851e-03
141.680000000 4.543657346983e-03
141.690000000 4.553256916979e-03
141.700000000 4.652319850313e-03
141.710000000 4.710251640073e-03
141.720000000 4.744522802166e-03
141.730000000 4.864939849256e-03
141.740000000 4.926286528680e-03
141.750000000 4.958682318903e-03
141.760000000 5.048111374934e-03
141.770000000 5.096733936279e-03
141.780000000 5.119319900513e-03
141.790000000 5.236299982675e-03
141.800000000 5.211346981515e-03
141.810000000 5.214733828847e-03
141.820000000 5.325131492077e-03
141.830000000 5.336456430719e-03
141.840000000 5.358755288159e-03
141.850000000 5.373784046383e-03
141.860000000 5.366821426192e-03
141.870000000 5.439566874390e-03
141.880000000 5.500728726184e-03
141.890000000 5.516569048500e-03
141.900000000 5.547788235514e-03
141.910000000 5.548595657052e-03
141.920000000 5.583372419458e-03
141.930000000 5.634911480296e-03
141.940000000 5.651654942216e-03
141.950000000 5.643105113192e-03
141.960000000 5.682043865004e-03
141.970000000 5.688647213420e-03
141.980000000 5.662874790969e-03
141.990000000 5.660290956548e-03
142.000000000 5.649249526972e-03
142.010000000 5.634294191585e-03
142.020000000 5.675809210753e-03
142.030000000 5.721419479303e-03
142.040000000 5.746811854644e-03
142.050000000 5.733642198953e-03
142.060000000 5.729882690074e-03
142.070000000 5.727559485130e-03
142.080000000 5.733296041352e-03
142.090000000 5.735645020960e-03
142.100000000 5.726156307678e-03
142.110000000 5.695412878672e-03
142.120000000 5.667013551325e-03
142.130000000 5.660140530633e-03
142.140000000 5.617080221290e-03
142.150000000 5.607062810996e-03
142.160000000 5.560092082456e-03
142.170000000 5.532854614032e-03
142.180000000 5.516892274147e-03
142.190000000 5.487556171071e-03
142.200000000 5.443059042794e-03
142.210000000 5.421364714150e-03
142.220000000 5.418789203043e-03
142.230000000 5.366527412206e-03
142.240000000 5.297837358443e-03
142.250000000 5.234140428858e-03
142.260000000 5.175245821106e-03
142.270000000 5.151570660905e-03
142.280000000 5.099048812619e-03
142.290000000 5.020823090062e-03
142.300000000 4.957647852564e-03
142.310000000 4.918555058161e-03
142.320000000 4.858253669533e-03
142.330000000 4.755481865099e-03
142.340000000 4.672997647195e-03
142.350000000 4.623330834681e-03
142.360000000 4.548690573624e-03
142.370000000 4.485370725808e-03
142.380000000 4.355713219535e-03
142.390000000 4.274436840632e-03
142.400000000 4.202246498821e-03
142.410000000 4.147579070650e-03
142.420000000 4.051308560000e-03
142.430000000 3.986118127964e-03
142.440000000 3.772348767542e-03
142.450000000 3.625060379932e-03
142.460000000 3.501162035485e-03
142.470000000 3.444199821292e-03
142.480000000 3.329343182832e-03
142.490000000 3.244669569506e-03
142.500000000 3.157872729408e-03
142.510000000 3.064215591107e-03
142.520000000 2.916025852595e-03
142.530000000 2.821967599605e-03
142.540000000 2.714692868479e-03
142.550000000 2.682026207117e-03
142.560000000 2.551852646962e-03
142.570000000 2.511327692767e-03
142.580000000 2.317054263974e-03
142.590000000 2.323351140048e-03
142.600000000 2.222310067521e-03
142.610000000 2.255804916252e-03
142.620000000 2.059464486567e-03
142.630000000 1.934764846883e-03
142.640000000 1.844635053629e-03
142.650000000 1.673803878242e-03
142.660000000 1.613713521505e-03
142.670000000 1.527209037919e-03
142.680000000 1.414569973424e-03
142.690000000 1.331309256346e-03
142.700000000 1.325531758885e-03
142.710000000 1.198231786739e-03
142.720000000 1.127785175890e-03
142.730000000 9.519782157580e-04
142.740000000 8.521937331193e-04
142.750000000 7.755701231671e-04
142.760000000 7.249715802775e-04
142.770000000 6.227774452335e-04
142.780000000 6.204831887517e-04
142.790000000 5.094628832850e-04
142.800000000 4.450179764381e-04
142.810000000 3.443999055751e-04
142.820000000 3.351144726658e-04
142.830000000 2.634378112118e-04
142.840000000 2.251498883311e-04
142.850000000 8.142031128058e-05
142.860000000 -3.512044696972e-05
142.870000000 -1.363066852023e-04
142.880000000 -2.092691339672e-04
142.890000000 -2.641727915269e-04
142.900000000 -3.537981655702e-04
142.910000000 -4.669499193267e-04
142.920000000 -6.014561954414e-04
142.930000000 -6.895405352235e-04
142.940000000 -7.759493817352e-04
142.950000000 -8.420415142585e-04
142.960000000 -8.857734875624e-04
142.970000000 -9.798885026887e-04
142.980000000 -1.072859211882e-03
142.990000000 -1.145726203150e-03
143.000000000 -1.210336306417e-03
143.010000000 -1.293017495773e-03
143.020000000 -1.394275371782e-03
143.030000000 -1.408009599157e-03
143.040000000 -1.442290958654e-03
143.050000000 -1.480060988041e-03
143.060000000 -1.575386939741e-03
143.070000000 -1.623738353990e-03
143.080000000 -1.656878138701e-03
143.090000000 -1.732427474164e-03
143.100000000 -1.762947116423e-03
143.110000000 -1.798072249919e-03
143.120000000 -1.858401431345e-03
143.130000000 -1.882140873424e-03
143.140000000 -1.893842792321e-03
143.150000000 -1.948022797512e-03
143.160000000 -2.023189690647e-03
143.170000000 -2.000210134492e-03
143.180000000 -2.035286382866e-03
143.190000000 -2.096560279493e-03
143.200000000 -2.174869873550e-03
143.210000000 -2.204265765561e-03
143.220000000 -2.170845752016e-03
143.230000000 -2.202602229554e-03
143.240000000 -2.222251725296e-03
143.250000000 -2.305397070547e-03
143.260000000 -2.351144791714e-03
143.270000000 -2.468232570094e-03
143.280000000 -2.479855652387e-03
143.290000000 -2.472036531232e-03
143.300000000 -2.541443004443e-03
143.310000000 -2.543326495500e-03
143.320000000 -2.596424774000e-03
143.330000000 -2.644969528420e-03
143.340000000 -2.657686576746e-03
143.350000000 -2.726713938392e-03
143.360000000 -2.770873400271e-03
143.370000000 -2.868784858276e-03
143.380000000 -2.876659580030e-03
143.390000000 -2.936065568551e-03
143.400000000 -3.019967371972e-03
143.410000000 -3.027464137362e-03
143.420000000 -3.103314961288e-03
143.430000000 -3.089294464267e-03
143.440000000 -3.251526728585e-03
143.450000000 -3.295792938190e-03
143.460000000 -3.323796832303e-03
143.470000000 -3.379614936941e-03
143.480000000 -3.446675939696e-03
143.490000000 -3.586575725626e-03
143.500000000 -3.664048301216e-03
143.510000000 -3.813642914110e-03
143.520000000 -3.887243426703e-03
143.530000000 -3.916053537456e-03
143.540000000 -4.035446929937e-03
143.550000000 -4.049813004837e-03
143.560000000 -4.101969813359e-03
143.570000000 -4.151101223612e-03
143.580000000 -4.193906388263e-03
143.590000000 -4.366176817971e-03
143.600000000 -4.400065616010e-03
143.610000000 -4.544397990934e-03
143.620000000 -4.575223256686e-03
143.630000000 -4.505210967114e-03
143.640000000 -4.528037593009e-03
143.650000000 -4.624199688635e-03
143.660000000 -4.677620088958e-03
143.670000000 -4.883659068175e-03
143.680000000 -4.989500039462e-03
143.690000000 -5.148410850561e-03
143.700000000 -4.992970817062e-03
143.710000000 -4.994718668869e-03
143.720000000 -5.116404941379e-03
143.730000000 -5.134719610361e-03
143.740000000 -5.269143376181e-03
143.750000000 -5.296244219754e-03
143.760000000 -5.273659082510e-03
143.770000000 -5.374876722429e-03
143.780000000 -5.331469687486e-03
143.790000000 -5.466968199901e-03
143.800000000 -5.579071943799e-03
143.810000000 -5.531707791352e-03
143.820000000 -5.558030251758e-03
143.830000000 -5.559749470949e-03
143.840000000 -5.649263077119e-03
143.850000000 -5.747982768932e-03
143.860000000 -5.722360063140e-03
143.870000000 -5.790480431533e-03
143.880000000 -5.831861520074e-03
143.890000000 -5.821341532390e-03
143.900000000 -5.891643993054e-03
143.910000000 -5.890776621557e-03
143.920000000 -5.792570791739e-03
143.930000000 -5.825839002248e-03
143.940000000 -5.985453176026e-03
143.950000000 -6.073718021200e-03
143.960000000 -6.218476082642e-03
143.970000000 -6.302759792347e-03
143.980000000 -6.306239825513e-03
143.990000000 -6.109440832646e-03
144.000000000 -6.018614749719e-03
144.010000000 -6.155961494073e-03
144.020000000 -6.424959534059e-03
144.030000000 -6.637833836520e-03
144.040000000 -6.690377449841e-03
144.050000000 -6.508227717952e-03
144.060000000 -6.302171198420e-03
144.070000000 -6.349258540006e-03
144.080000000 -6.368853550340e-03
144.090000000 -6.575595749902e-03
144.100000000 -6.659728695316e-03
144.110000000 -6.623250044634e-03
144.120000000 -6.593280211221e-03
144.130000000 -6.673347721660e-03
144.140000000 -6.675968444938e-03
144.150000000 -6.712717084694e-03
144.160000000 -6.709356067080e-03
144.170000000 -6.667483792476e-03
144.180000000 -6.721044257539e-03
144.190000000 -6.750876959351e-03
144.200000000 -6.752195847561e-03
144.210000000 -6.817788754791e-03
144.220000000 -6.837466593309e-03
144.230000000 -6.774143926675e-03
144.240000000 -6.898028420583e-03
144.250000000 -6.751547819445e-03
144.260000000 -6.791447818002e-03
144.270000000 -6.806632811227e-03
144.280000000 -6.777813486237e-03
144.290000000 -6.821230980525e-03
144.300000000 -6.742141708738e-03
144.310000000 -6.742066175121e-03
144.320000000 -6.652470151527e-03
144.330000000 -6.761425098619e-03
144.340000000 -6.576149989411e-03
144.350000000 -6.532505503285e-03
144.360000000 -6.547991548597e-03
144.370000000 -6.388571656931e-03
144.380000000 -6.391265678294e-03
144.390000000 -6.284042429824e-03
144.400000000 -6.276610660941e-03
144.410000000 -6.180575905960e-03
144.420000000 -6.172844222864e-03
144.430000000 -6.080742500617e-03
144.440000000 -5.935150743942e-03
144.450000000 -5.913110654739e-03
144.460000000 -5.842010450980e-03
144.470000000 -5.782792234146e-03
144.480000000 -5.716031086580e-03
144.490000000 -5.642628778758e-03
144.500000000 -5.542191625576e-03
144.510000000 -5.454269984229e-03
144.520000000 -5.382848411466e-03
144.530000000 -5.303651133707e-03
144.540000000 -5.168875726452e-03
144.550000000 -5.009934829238e-03
144.560000000 -4.983631201723e-03
144.570000000 -4.870997097795e-03
144.580000000 -4.752664551077e-03
144.590000000 -4.773377958802e-03
144.600000000 -4.529551170801e-03
144.610000000 -4.648883999696e-03
144.620000000 -4.341415391048e-03
144.630000000 -4.287429774273e-03
144.640000000 -4.121817783873e-03
144.650000000 -4.203988122850e-03
144.660000000 -3.960557570927e-03
144.670000000 -3.910174696696e-03
144.680000000 -3.903487678165e-03
144.690000000 -3.703183785142e-03
144.700000000 -3.657441617114e-03
144.710000000 -3.582360630057e-03
144.720000000 -3.532434110933e-03
144.730000000 -3.509463817178e-03
144.740000000 -3.377357961466e-03
144.750000000 -3.320282403007e-03
144.760000000 -3.332959041594e-03
144.770000000 -3.297375859452e-03
144.780000000 -3.140549000371e-03
144.790000000 -3.175166646223e-03
144.800000000 -2.969071509485e-03
144.810000000 -2.952545966886e-03
144.820000000 -2.835092909596e-03
144.830000000 -2.907769211883e-03
144.840000000 -2.686318300029e-03
144.850000000 -2.760750992594e-03
144.860000000 -2.570726146654e-03
144.870000000 -2.174044893716e-03
144.880000000 -2.596964905457e-03
144.890000000 -2.680692818422e-03
144.900000000 -2.119284482102e-03
144.910000000 -2.480365326015e-03
144.920000000 -2.306043075560e-03
144.930000000 -2.034439843254e-03
144.940000000 -1.977785421014e-03
144.950000000 -1.945716288605e-03
144.960000000 -2.083636431525e-03
144.970000000 -1.888658477818e-03
144.980000000 -1.741340473921e-03
144.990000000 -1.610310690363e-03
145.000000000 -1.644416671072e-03
145.010000000 -1.690200954012e-03
145.020000000 -1.508916890683e-03
145.030000000 -1.441134009679e-03
145.040000000 -1.305109828578e-03
145.050000000 -1.137458158821e-03
145.060000000 -1.012595176316e-03
145.070000000 -9.633193003044e-04
145.080000000 -9.254748218813e-04
145.090000000 -9.555737024568e-04
145.100000000 -6.559399353798e-04
145.110000000 -6.330841360356e-04
145.120000000 -3.738053202384e-04
145.130000000 -4.123274806861e-04
145.140000000 -3.130002594767e-04
145.150000000 -5.833438558197e-05
145.160000000 -1.189579255912e-04
145.170000000 1.298553194621e-04
145.180000000 1.729731699578e-04
145.190000000 3.435996929594e-04
145.200000000 4.364905133833e-04
145.210000000 6.963102308749e-04
145.220000000 6.580283572487e-04
145.230000000 8.374377945862e-04
145.240000000 1.063515996533e-03
145.250000000 9.156153181304e-04
145.260000000 9.741043442505e-04
145.270000000 1.354813841414e-03
145.280000000 1.395503768635e-03
145.290000000 1.579604693206e-03
145.300000000 1.923413027742e-03
145.310000000 1.687392539103e-03
145.320000000 1.873658702107e-03
145.330000000 1.730639552604e-03
145.340000000 1.833963913530e-03
145.350000000 2.047519157521e-03
145.360000000 2.296156003330e-03
145.370000000 2.581168663735e-03
145.380000000 2.648042593611e-03
145.390000000 2.674094947094e-03
145.400000000 2.657087450038e-03
145.410000000 2.797213980207e-03
145.420000000 2.819738235727e-03
145.430000000 3.107383211104e-03
145.440000000 3.126182699041e-03
145.450000000 3.386902172067e-03
145.460000000 3.366192303798e-03
145.470000000 3.502330050268e-03
145.480000000 3.561830078834e-03
145.490000000 3.750685907728e-03
145.500000000 3.727315532397e-03
145.510000000 3.837118783646e-03
145.520000000 3.886487341661e-03
145.530000000 3.912377335860e-03
145.540000000 4.023296736853e-03
145.550000000 4.005556574511e-03
145.560000000 4.083158880213e-03
145.570000000 4.169573242020e-03
145.580000000 4.238440906669e-03
145.590000000 4.179219929926e-03
145.600000000 4.366402083033e-03
145.610000000 4.314027220894e-03
145.620000000 4.397762037017e-03
145.630000000 4.220634064747e-03
145.640000000 4.352099080271e-03
145.650000000 4.287592214090e-03
145.660000000 4.377980513863e-03
145.670000000 4.459085177956e-03
145.680000000 4.461598790432e-03
145.690000000 4.492142505057e-03
145.700000000 4.391452929266e-03
145.710000000 4.572105934264e-03
145.720000000 4.406542489474e-03
145.730000000 4.485782488337e-03
145.740000000 4.395802608460e-03
145.750000000 4.465509728926e-03
145.760000000 4.475500267757e-03
145.770000000 4.423973342477e-03
145.780000000 4.582905127779e-03
145.790000000 4.406118802821e-03
145.800000000 4.551301207877e-03
145.810000000 4.432554222091e-03
145.820000000 4.478535813922e-03
145.830000000 4.498506993392e-03
145.840000000 4.467709664353e-03
145.850000000 4.494186128573e-03
145.860000000 4.507831643917e-03
145.870000000 4.502162272237e-03
145.880000000 4.549693717459e-03
145.890000000 4.499858738666e-03
145.900000000 4.592600615045e-03
145.910000000 4.560378414593e-03
145.920000000 4.612006883025e-03
145.930000000 4.692069627934e-03
145.940000000 4.657166089572e-03
145.950000000 4.764320150997e-03
145.960000000 4.709322781058e-03
145.970000000 4.854205447245e-03
145.980000000 4.815428734322e-03
145.990000000 4.882612120253e-03
146.000000000 4.878441952690e-03
146.010000000 4.934413282215e-03
146.020000000 4.967409848508e-03
146.030000000 4.916277276874e-03
146.040000000 4.935895185526e-03
146.050000000 4.960770334438e-03
146.060000000 4.902593996337e-03
146.070000000 4.938071505774e-03
146.080000000 4.952246566495e-03
146.090000000 4.929319980287e-03
146.100000000 4.942992761909e-03
146.110000000 4.862000539933e-03
146.120000000 4.874984860081e-03
146.130000000 4.804590350486e-03
146.140000000 4.839769629137e-03
146.150000000 4.807984789428e-03
146.160000000 4.810308822289e-03
146.170000000 4.811479719543e-03
146.180000000 4.747644527324e-03
146.190000000 4.703654930675e-03
146.200000000 4.691984179920e-03
146.210000000 4.633908764889e-03
146.220000000 4.614984211643e-03
146.230000000 4.449639418377e-03
146.240000000 4.443290105673e-03
146.250000000 4.275272256392e-03
146.260000000 4.304433437140e-03
146.270000000 4.067299043235e-03
146.280000000 4.192065914926e-03
146.290000000 4.091727148805e-03
146.300000000 4.096535884865e-03
146.310000000 3.881192537301e-03
146.320000000 3.869481706520e-03
146.330000000 3.686075802976e-03
146.340000000 3.732817153283e-03
146.350000000 3.522566603285e-03
146.360000000 3.598741375876e-03
146.370000000 3.429279232057e-03
146.380000000 3.394372998496e-03
146.390000000 3.205003349287e-03
146.400000000 3.193893905766e-03
146.410000000 3.054944071943e-03
146.420000000 2.956760245297e-03
146.430000000 2.820423108488e-03
146.440000000 2.726884411934e-03
146.450000000 2.677934522624e-03
146.460000000 2.572116026701e-03
146.470000000 2.516597839724e-03
146.480000000 2.489348602337e-03
146.490000000 2.332657329621e-03
146.500000000 2.245881322524e-03
146.510000000 2.188468181811e-03
146.520000000 2.148169388386e-03
146.530000000 2.031523646103e-03
146.540000000 2.001440646488e-03
146.550000000 1.866635926565e-03
146.560000000 1.756229827674e-03
146.570000000 1.646749722528e-03
146.580000000 1.563308439994e-03
146.590000000 1.556075056928e-03
146.600000000 1.513484673076e-03
146.610000000 1.413617345823e-03
146.620000000 1.379689128517e-03
146.630000000 1.365299243300e-03
146.640000000 1.299878509055e-03
146.650000000 1.187099131360e-03
146.660000000 1.173535449615e-03
146.670000000 1.106185953690e-03
146.680000000 1.072765315577e-03
146.690000000 9.918512418478e-04
146.700000000 1.055358910825e-03
146.710000000 9.782139011609e-04
146.720000000 1.019445480960e-03
146.730000000 9.886284073348e-04
146.740000000 9.848019451553e-04
146.750000000 8.626705087368e-04
146.760000000 8.295419593354e-04
146.770000000 7.247315591442e-04
146.780000000 7.550426172520e-04
146.790000000 6.965542945629e-04
146.800000000 6.921960567716e-04
146.810000000 7.095927117275e-04
146.820000000 6.012416510467e-04
146.830000000 5.510900170062e-04
146.840000000 5.400744741601e-04
146.850000000 4.364897573989e-04
146.860000000 4.094882946328e-04
146.870000000 3.346238830308e-04
146.880000000 3.462221918546e-04
146.890000000 2.926017928264e-04
146.900000000 1.909100797917e-04
146.910000000 2.111136783034e-04
146.920000000 1.188405302603e-04
146.930000000 2.957466491075e-05
146.940000000 3.230638626903e-05
146.950000000 -5.944751317692e-05
146.960000000 -7.391131899205e-05
146.970000000 -1.038882785971e-04
146.980000000 -8.599386688216e-05
146.990000000 -9.565077536601e-05
147.000000000 -2.469098774604e-04
147.010000000 -2.001387424076e-04
147.020000000 -2.499847078633e-04
147.030000000 -2.299981443371e-04
147.040000000 -3.859383752036e-04
147.050000000 -3.122359181035e-04
147.060000000 -3.655361554722e-04
147.070000000 -3.474775437209e-04
147.080000000 -3.438211084171e-04
147.090000000 -3.548552296267e-04
147.100000000 -4.187863344034e-04
147.110000000 -4.408739828983e-04
147.120000000 -3.425307725852e-04
147.130000000 -4.645990674368e-04
147.140000000 -4.339183504587e-04
147.150000000 -4.214081180533e-04
147.160000000 -4.773507227105e-04
147.170000000 -4.799158073720e-04
147.180000000 -4.486413529489e-04
147.190000000 -5.254882358587e-04
147.200000000 -4.894381520527e-04
147.210000000 -3.851346046912e-04
147.220000000 -2.992927639664e-04
147.230000000 -4.047753623192e-04
147.240000000 -4.000906536655e-04
147.250000000 -3.277899724306e-04
147.260000000 -4.007467490774e-04
147.270000000 -2.249709175145e-04
147.280000000 -2.251948106165e-04
147.290000000 -1.490544505765e-04
147.300000000 -2.462986797450e-04
147.310000000 -4.069504502605e-05
147.320000000 -6.476075258075e-05
147.330000000 -5.613503751324e-05
147.340000000 1.121719905036e-04
147.350000000 3.149633260456e-05
147.360000000 1.002235078019e-04
147.370000000 7.064148049090e-05
147.380000000 1.923353700678e-04
147.390000000 2.247963499485e-04
147.400000000 4.098936587388e-04
147.410000000 3.895808585099e-04
147.420000000 4.161146748801e-04
147.430000000 4.305351218685e-04
147.440000000 4.427856638107e-04
147.450000000 5.168771244918e-04
147.460000000 6.192327057196e-04
147.470000000 6.748119769233e-04
147.480000000 6.014124128193e-04
147.490000000 6.020623723768e-04
147.500000000 7.086846763316e-04
147.510000000 6.856234947949e-04
147.520000000 8.355883181641e-04
147.530000000 8.667718521008e-04
147.540000000 8.346620351157e-04
147.550000000 8.779314696457e-04
147.560000000 8.141359342913e-04
147.570000000 8.648960064233e-04
147.580000000 8.163217520462e-04
147.590000000 9.070554925786e-04
147.600000000 8.954394018440e-04
147.610000000 9.045630318675e-04
147.620000000 8.586737674600e-04
147.630000000 8.690546553263e-04
147.640000000 8.716452339873e-04
147.650000000 9.155220895755e-04
147.660000000 8.161674173780e-04
147.670000000 8.535799518040e-04
147.680000000 7.883733806270e-04
147.690000000 8.014707552659e-04
147.700000000 8.559003779878e-04
147.710000000 8.850454323408e-04
147.720000000 8.558714740803e-04
147.730000000 8.840820022658e-04
147.740000000 9.293496264594e-04
147.750000000 9.056958438327e-04
147.760000000 8.828197126072e-04
147.770000000 7.981100137048e-04
147.780000000 7.998013866176e-04
147.790000000 7.606893982863e-04
147.800000000 7.736633707465e-04
147.810000000 7.659820731835e-04
147.820000000 7.532342535013e-04
147.830000000 6.857157672453e-04
147.840000000 7.335896518715e-04
147.850000000 7.083310645405e-04
147.860000000 7.045818945952e-04
147.870000000 5.846729479824e-04
147.880000000 6.288587464652e-04
147.890000000 5.461067065476e-04
147.900000000 6.111787002171e-04
147.910000000 6.157610498806e-04
147.920000000 5.993336052875e-04
147.930000000 6.046770734218e-04
147.940000000 5.430425891980e-04
147.950000000 5.466071127417e-04
147.960000000 4.818335242001e-04
147.970000000 4.162659170782e-04
147.980000000 3.845428879608e-04
147.990000000 4.553256842268e-04
148.000000000 3.767738487204e-04
148.010000000 3.979409992893e-04
148.020000000 3.543780899911e-04
148.030000000 3.726310421132e-04
148.040000000 3.021061505807e-04
148.050000000 3.690562225177e-04
148.060000000 3.273516978769e-04
148.070000000 3.609318793234e-04
148.080000000 2.318856943948e-04
148.090000000 3.277480334377e-04
148.100000000 4.023953298739e-04
148.110000000 1.454567703076e-04
148.120000000 3.453709010336e-04
148.130000000 3.832333129113e-04
148.140000000 2.919781772037e-04
148.150000000 3.504153821856e-04
148.160000000 3.098368295151e-04
148.170000000 2.266066217754e-04
148.180000000 2.637351959087e-04
148.190000000 3.236978012292e-04
148.200000000 3.221433640065e-04
148.210000000 1.934692316081e-04
148.220000000 2.078133661901e-04
148.230000000 2.584333990955e-04
148.240000000 1.440227043488e-04
148.250000000 7.783813410918e-05
148.260000000 1.426967254896e-04
148.270000000 1.504108508292e-05
148.280000000 -8.839976396984e-05
148.290000000 -3.765710911864e-05
148.300000000 -8.304903453940e-05
148.310000000 -2.478392087760e-04
148.320000000 -2.497973078050e-04
148.330000000 -2.394616504343e-04
148.340000000 -3.886091245052e-04
148.350000000 -5.420966620826e-04
148.360000000 -3.850413303533e-04
148.370000000 -6.919722316271e-04
148.380000000 -5.874361849836e-04
148.390000000 -7.232747183416e-04
148.400000000 -7.179510433293e-04
148.410000000 -8.964174201560e-04
148.420000000 -8.658016006882e-04
148.430000000 -9.636586356976e-04
148.440000000 -1.083229812668e-03
148.450000000 -1.227990338174e-03
148.460000000 -1.156626655079e-03
148.470000000 -1.310026676656e-03
148.480000000 -1.321114019434e-03
148.490000000 -1.403989442114e-03
148.500000000 -1.438161692165e-03
148.510000000 -1.609116147581e-03
148.520000000 -1.533191151531e-03
148.530000000 -1.641845722241e-03
148.540000000 -1.711698942108e-03
148.550000000 -1.752875725767e-03
148.560000000 -1.830801608090e-03
148.570000000 -1.936591032562e-03
148.580000000 -1.929496325070e-03
148.590000000 -2.050526820882e-03
148.600000000 -2.154742863529e-03
148.610000000 -2.186853283546e-03
148.620000000 -2.238315573976e-03
148.630000000 -2.377263646701e-03
148.640000000 -2.415217141088e-03
148.650000000 -2.460175831041e-03
148.660000000 -2.557038416028e-03
148.670000000 -2.579232687534e-03
148.680000000 -2.593093369436e-03
148.690000000 -2.738561088616e-03
148.700000000 -2.784532556910e-03
148.710000000 -2.843013219646e-03
148.720000000 -2.903317488566e-03
148.730000000 -2.978580172120e-03
148.740000000 -3.020113835576e-03
148.750000000 -3.105316254133e-03
148.760000000 -3.190750311315e-03
148.770000000 -3.152409363731e-03
148.780000000 -3.277379572455e-03
148.790000000 -3.299153134688e-03
148.800000000 -3.384804285892e-03
148.810000000 -3.453640481860e-03
148.820000000 -3.585349780823e-03
148.830000000 -3.606951573141e-03
148.840000000 -3.710343120698e-03
148.850000000 -3.753782953250e-03
148.860000000 -3.727085613090e-03
148.870000000 -3.767641217139e-03
148.880000000 -3.869555281993e-03
148.890000000 -3.833098158366e-03
148.900000000 -3.936444356634e-03
148.910000000 -3.949694078192e-03
148.920000000 -3.929071376234e-03
148.930000000 -3.964247000283e-03
148.940000000 -4.067087126055e-03
148.950000000 -4.057233460417e-03
148.960000000 -4.087168643095e-03
148.970000000 -4.193243541173e-03
148.980000000 -4.107078383182e-03
148.990000000 -4.182910580635e-03
149.000000000 -4.188109137619e-03
149.010000000 -4.137986570188e-03
149.020000000 -4.153777697305e-03
149.030000000 -4.210532056488e-03
149.040000000 -4.189487891821e-03
149.050000000 -4.133908474596e-03
149.060000000 -4.193872083646e-03
149.070000000 -4.133603714904e-03
149.080000000 -4.147360124483e-03
149.090000000 -4.170118675874e-03
149.100000000 -4.039578891642e-03
149.110000000 -4.090788173537e-03
149.120000000 -4.065632052978e-03
149.130000000 -4.000304328101e-03
149.140000000 -4.062483364759e-03
149.150000000 -3.980792651791e-03
149.160000000 -3.913331325177e-03
149.170000000 -3.958880256596e-03
149.180000000 -3.914556461654e-03
149.190000000 -3.845493474221e-03
149.200000000 -3.898956581820e-03
149.210000000 -3.790798546181e-03
149.220000000 -3.804281862854e-03
149.230000000 -3.801796004770e-03
149.240000000 -3.729140970023e-03
149.250000000 -3.689440270178e-03
149.260000000 -3.721918604855e-03
149.270000000 -3.611245930999e-03
149.280000000 -3.638900094653e-03
149.290000000 -3.599959073204e-03
149.300000000 -3.487491607228e-03
149.310000000 -3.518530901451e-03
149.320000000 -3.458148792899e-03
149.330000000 -3.395960215518e-03
149.340000000 -3.387952229346e-03
149.350000000 -3.296678838660e-03
149.360000000 -3.226782507242e-03
149.370000000 -3.238122177790e-03
149.380000000 -3.097771149930e-03
149.390000000 -3.059885628203e-03
149.400000000 -3.024410855033e-03
149.410000000 -2.851408893127e-03
149.420000000 -2.870343391192e-03
149.430000000 -2.794234733267e-03
149.440000000 -2.615208734429e-03
149.450000000 -2.606193914887e-03
149.460000000 -2.478497684269e-03
149.470000000 -2.362314563393e-03
149.480000000 -2.413947143162e-03
149.490000000 -2.164341115471e-03
149.500000000 -2.138485786224e-03
149.510000000 -2.079107956804e-03
149.520000000 -1.921141004746e-03
149.530000000 -1.934278818677e-03
149.540000000 -1.834383247434e-03
149.550000000 -1.693083420940e-03
149.560000000 -1.695402538472e-03
149.570000000 -1.543589091233e-03
149.580000000 -1.448632285391e-03
149.590000000 -1.437518229006e-03
149.600000000 -1.251097707425e-03
149.610000000 -1.267899228089e-03
149.620000000 -1.199540686063e-03
149.630000000 -1.039786954043e-03
149.640000000 -1.034604189433e-03
149.650000000 -8.744466699816e-04
149.660000000 -8.017540225677e-04
149.670000000 -8.363979908071e-04
149.680000000 -6.660547361952e-04
149.690000000 -6.207485936240e-04
149.700000000 -6.233048344123e-04
149.710000000 -4.208058647790e-04
149.720000000 -4.705719217217e-04
149.730000000 -3.287776782081e-04
149.740000000 -1.613058873347e-04
149.750000000 -1.961473631441e-04
149.760000000 -1.829671055971e-05
149.770000000 1.632822532014e-05
149.780000000 4.133978817599e-05
149.790000000 2.464565624096e-04
149.800000000 2.143870056917e-04
149.810000000 3.047765039165e-04
149.820000000 4.734806214493e-04
149.830000000 4.519534163680e-04
149.840000000 5.990397611962e-04
149.850000000 6.677625058438e-04
149.860000000 6.217978335502e-04
149.870000000 7.862441560906e-04
149.880000000 7.805099910738e-04
149.890000000 8.642742333002e-04
149.900000000 1.011557237102e-03
149.910000000 9.707416811452e-04
149.920000000 1.099740643421e-03
149.930000000 1.145502842730e-03
149.940000000 1.177758811255e-03
149.950000000 1.289853076919e-03
149.960000000 1.321751722604e-03
149.970000000 1.407753651770e-03
149.980000000 1.516262558317e-03
149.990000000 1.548467333048e-03
150.000000000 1.642739443691e-03
150.010000000 1.653995945852e-03
150.020000000 1.702296651825e-03
150.030000000 1.843645186601e-03
150.040000000 1.851277297513e-03
150.050000000 1.955157271513e-03
150.060000000 2.010868194281e-03
150.070000000 2.055853605386e-03
150.080000000 2.195524255912e-03
150.090000000 2.197925839986e-03
150.100000000 2.263292249525e-03
150.110000000 2.336913188391e-03
150.120000000 2.395033486242e-03
150.130000000 2.475943611041e-03
150.140000000 2.529201072781e-03
150.150000000 2.551374619430e-03
150.160000000 2.632638379710e-03
150.170000000 2.666255561421e-03
150.180000000 2.765139089258e-03
150.190000000 2.827766928979e-03
150.200000000 2.853410685401e-03
150.210000000 2.955548682901e-03
150.220000000 2.947724983993e-03
150.230000000 3.032645871062e-03
150.240000000 3.058375024484e-03
150.250000000 3.087158052240e-03
150.260000000 3.232670303852e-03
150.270000000 3.270469229041e-03
150.280000000 3.320845144346e-03
150.290000000 3.347764150613e-03
150.300000000 3.343763497762e-03
150.310000000 3.445892730167e-03
150.320000000 3.518517433545e-03
150.330000000 3.598323293904e-03
150.340000000 3.660910668539e-03
150.350000000 3.665610101800e-03
150.360000000 3.737861624892e-03
150.370000000 3.778846229450e-03
150.380000000 3.789766921504e-03
150.390000000 3.839675295367e-03
150.400000000 3.847726739118e-03
150.410000000 3.910819188046e-03
150.420000000 3.943539834256e-03
150.430000000 3.924014413227e-03
150.440000000 3.920779733998e-03
150.450000000 3.925921802598e-03
150.460000000 3.959883211386e-03
150.470000000 4.013738654409e-03
150.480000000 4.003421994191e-03
150.490000000 4.026085622061e-03
150.500000000 3.969835031378e-03
150.510000000 4.008330072904e-03
150.520000000 4.057258147425e-03
150.530000000 4.060454289680e-03
150.540000000 4.091369920216e-03
150.550000000 4.082044273840e-03
150.560000000 4.076654827614e-03
150.570000000 4.095210567970e-03
150.580000000 4.042104559710e-03
150.590000000 4.081065623883e-03
150.600000000 4.084177434738e-03
150.610000000 4.122753674139e-03
150.620000000 4.146705319063e-03
150.630000000 4.077474608856e-03
150.640000000 4.057971174698e-03
150.650000000 4.027880651782e-03
150.660000000 4.027451244997e-03
150.670000000 4.046465142518e-03
150.680000000 4.021565171616e-03
150.690000000 4.003402701042e-03
150.700000000 4.007909254882e-03
150.710000000 3.956815771805e-03
150.720000000 3.946244626928e-03
150.730000000 3.877049245109e-03
150.740000000 3.845908291311e-03
150.750000000 3.810718574336e-03
150.760000000 3.797006228492e-03
150.770000000 3.800404709475e-03
150.780000000 3.754544362223e-03
150.790000000 3.738222900959e-03
150.800000000 3.738936296520e-03
150.810000000 3.701306456469e-03
150.820000000 3.658384144571e-03
150.830000000 3.579485965158e-03
150.840000000 3.540859470313e-03
150.850000000 3.523310786766e-03
150.860000000 3.481832303758e-03
150.870000000 3.460802280042e-03
150.880000000 3.380340194951e-03
150.890000000 3.356377969309e-03
150.900000000 3.288057145757e-03
150.910000000 3.208090867693e-03
150.920000000 3.146966123106e-03
150.930000000 3.118426584596e-03
150.940000000 3.069296791190e-03
150.950000000 3.076727770741e-03
150.960000000 3.005101153120e-03
150.970000000 2.940494061676e-03
150.980000000 2.804768631195e-03
150.990000000 2.740521746552e-03
151.000000000 2.690341023105e-03
151.010000000 2.629617762907e-03
151.020000000 2.579298912807e-03
151.030000000 2.523797624849e-03
151.040000000 2.424219477190e-03
151.050000000 2.345392066049e-03
151.060000000 2.272687191108e-03
151.070000000 2.150034505239e-03
151.080000000 2.057729806550e-03
151.090000000 1.973291147069e-03
151.100000000 1.923645145093e-03
151.110000000 1.796931758394e-03
151.120000000 1.741076403515e-03
151.130000000 1.643368353238e-03
151.140000000 1.570111131916e-03
151.150000000 1.480818464118e-03
151.160000000 1.362828022643e-03
151.170000000 1.244103376994e-03
151.180000000 1.142548834406e-03
151.190000000 1.072684664135e-03
151.200000000 1.032231878714e-03
151.210000000 9.187469138070e-04
151.220000000 8.227116136375e-04
151.230000000 7.330859582836e-04
151.240000000 6.063360201109e-04
151.250000000 5.533327374676e-04
151.260000000 4.518154221117e-04
151.270000000 3.370370874977e-04
151.280000000 2.410024518680e-04
151.290000000 1.437256819383e-04
151.300000000 1.396586187294e-04
151.310000000 3.799109003326e-05
151.320000000 -1.608442986279e-05
151.330000000 -5.536798487046e-05
151.340000000 -1.327170575794e-04
151.350000000 -2.080528479450e-04
151.360000000 -3.243883824346e-04
151.370000000 -3.852834388173e-04
151.380000000 -4.145847677533e-04
151.390000000 -4.728048063403e-04
151.400000000 -4.926881899403e-04
151.410000000 -5.929850017466e-04
151.420000000 -6.476836435534e-04
151.430000000 -6.719681773280e-04
151.440000000 -6.893184187097e-04
151.450000000 -6.729307336154e-04
151.460000000 -7.322638155145e-04
151.470000000 -7.387735766919e-04
151.480000000 -7.462307314382e-04
151.490000000 -7.801438104865e-04
151.500000000 -7.905698582433e-04
151.510000000 -8.491105620554e-04
151.520000000 -8.536787321251e-04
151.530000000 -8.352782568771e-04
151.540000000 -8.928723628225e-04
151.550000000 -8.452953322233e-04
151.560000000 -9.175799486013e-04
151.570000000 -9.476625931601e-04
151.580000000 -9.387030352117e-04
151.590000000 -1.002010889839e-03
151.600000000 -9.790727728071e-04
151.610000000 -1.070233473298e-03
151.620000000 -1.079491176210e-03
151.630000000 -1.097295284036e-03
151.640000000 -1.168220614449e-03
151.650000000 -1.166280131091e-03
151.660000000 -1.266841333483e-03
151.670000000 -1.296495128523e-03
151.680000000 -1.348976439928e-03
151.690000000 -1.426554123221e-03
151.700000000 -1.453828091328e-03
151.710000000 -1.541140448521e-03
151.720000000 -1.561882465115e-03
151.730000000 -1.590628443165e-03
151.740000000 -1.686798578612e-03
151.750000000 -1.751778274316e-03
151.760000000 -1.827467549240e-03
151.770000000 -1.927677012862e-03
151.780000000 -1.925216463281e-03
151.790000000 -2.040279339414e-03
151.800000000 -2.099311955909e-03
151.810000000 -2.161899280939e-03
151.820000000 -2.235127195631e-03
151.830000000 -2.243826141518e-03
151.840000000 -2.351553663215e-03
151.850000000 -2.379702405223e-03
151.860000000 -2.416742215743e-03
151.870000000 -2.443433990685e-03
151.880000000 -2.446738799049e-03
151.890000000 -2.510493693922e-03
151.900000000 -2.509690584006e-03
151.910000000 -2.552290364800e-03
151.920000000 -2.583961702183e-03
151.930000000 -2.616857538327e-03
151.940000000 -2.650571793436e-03
151.950000000 -2.679164616512e-03
151.960000000 -2.621556854888e-03
151.970000000 -2.625883649557e-03
151.980000000 -2.594918982513e-03
151.990000000 -2.649702739370e-03
152.000000000 -2.691351673247e-03
152.010000000 -2.653523086972e-03
152.020000000 -2.677010469037e-03
152.030000000 -2.607630581658e-03
152.040000000 -2.620127865705e-03
152.050000000 -2.634333698527e-03
152.060000000 -2.601281991773e-03
152.070000000 -2.620174049332e-03
152.080000000 -2.589214044203e-03
152.090000000 -2.629240414498e-03
152.100000000 -2.655339081037e-03
152.110000000 -2.597933522029e-03
152.120000000 -2.604462420433e-03
152.130000000 -2.562789317666e-03
152.140000000 -2.571030421818e-03
152.150000000 -2.555772970039e-03
152.160000000 -2.565303728886e-03
152.170000000 -2.574389293759e-03
152.180000000 -2.616808662616e-03
152.190000000 -2.558525634168e-03
152.200000000 -2.544764605895e-03
152.210000000 -2.522834312287e-03
152.220000000 -2.526302558679e-03
152.230000000 -2.569456393218e-03
152.240000000 -2.572356025439e-03
152.250000000 -2.641938019986e-03
152.260000000 -2.572916415116e-03
152.270000000 -2.586809558341e-03
152.280000000 -2.574365249504e-03
152.290000000 -2.589591273922e-03
152.300000000 -2.604090412399e-03
152.310000000 -2.572359792543e-03
152.320000000 -2.588568198788e-03
152.330000000 -2.632281628880e-03
152.340000000 -2.630237985099e-03
152.350000000 -2.601028324205e-03
152.360000000 -2.544018064001e-03
152.370000000 -2.578851005563e-03
152.380000000 -2.562184948719e-03
152.390000000 -2.539147982401e-03
152.400000000 -2.508884694448e-03
152.410000000 -2.497565083745e-03
152.420000000 -2.433419707692e-03
152.430000000 -2.440517758387e-03
152.440000000 -2.378551190612e-03
152.450000000 -2.311492694712e-03
152.460000000 -2.242589268177e-03
152.470000000 -2.202937323005e-03
152.480000000 -2.170407119245e-03
152.490000000 -2.116787386550e-03
152.500000000 -2.025346107798e-03
152.510000000 -1.955681159448e-03
152.520000000 -1.840578130547e-03
152.530000000 -1.820811477132e-03
152.540000000 -1.734561168457e-03
152.550000000 -1.701147223255e-03
152.560000000 -1.589406643450e-03
152.570000000 -1.542095082730e-03
152.580000000 -1.468136803684e-03
152.590000000 -1.357894015944e-03
152.600000000 -1.300684386682e-03
152.610000000 -1.183411773392e-03
152.620000000 -1.151825366995e-03
152.630000000 -1.135718956739e-03
152.640000000 -1.035130442340e-03
152.650000000 -1.023917224267e-03
152.660000000 -9.358762370144e-04
152.670000000 -8.538598964212e-04
152.680000000 -8.226960435275e-04
152.690000000 -7.299970131972e-04
152.700000000 -5.966917149130e-04
152.710000000 -5.816084475961e-04
152.720000000 -5.297930168865e-04
152.730000000 -5.344547120274e-04
152.740000000 -4.544611968513e-04
152.750000000 -4.084933674585e-04
152.760000000 -2.966689102678e-04
152.770000000 -3.315637952576e-04
152.780000000 -2.493566871179e-04
152.790000000 -2.413053153157e-04
152.800000000 -1.297294836388e-04
152.810000000 -1.366965461295e-04
152.820000000 -8.425880839574e-05
152.830000000 -4.531179317366e-05
152.840000000 3.026031600997e-05
152.850000000 8.565957261114e-05
152.860000000 1.066223437028e-04
152.870000000 1.311064775961e-04
152.880000000 1.220212655672e-04
152.890000000 2.061799066891e-04
152.900000000 2.252463983645e-04
152.910000000 2.693260663837e-04
152.920000000 2.643171603069e-04
152.930000000 3.349121635938e-04
152.940000000 3.584348850636e-04
152.950000000 3.573459514919e-04
152.960000000 3.845251115008e-04
152.970000000 3.623283124084e-04
152.980000000 4.540340681640e-04
152.990000000 4.777680516001e-04
153.000000000 5.632555921120e-04
153.010000000 5.444958202480e-04
153.020000000 5.329016101952e-04
153.030000000 5.773585920479e-04
153.040000000 5.658812078464e-04
153.050000000 6.422883939539e-04
153.060000000 6.846046177399e-04
153.070000000 7.208713426271e-04
153.080000000 7.632900279012e-04
153.090000000 7.830076727616e-04
153.100000000 8.139461672095e-04
153.110000000 8.020963733259e-04
153.120000000 8.214703004125e-04
153.130000000 8.874041705275e-04
153.140000000 9.279101693241e-04
153.150000000 9.640869620536e-04
153.160000000 9.999902292580e-04
153.170000000 1.018716046747e-03
153.180000000 1.076450283523e-03
153.190000000 1.084305912845e-03
153.200000000 1.134323159037e-03
153.210000000 1.134523795136e-03
153.220000000 1.190168419026e-03
153.230000000 1.285412894822e-03
153.240000000 1.325724948095e-03
153.250000000 1.353650062910e-03
153.260000000 1.302375705110e-03
153.270000000 1.342099777743e-03
153.280000000 1.372546490749e-03
153.290000000 1.442928163389e-03
153.300000000 1.495397287672e-03
153.310000000 1.488479375854e-03
153.320000000 1.502097336781e-03
153.330000000 1.483838926070e-03
153.340000000 1.517855120951e-03
153.350000000 1.527434157416e-03
153.360000000 1.538647120850e-03
153.370000000 1.595997842172e-03
153.380000000 1.604157350203e-03
153.390000000 1.598916527903e-03
153.400000000 1.603316780467e-03
153.410000000 1.613770108005e-03
153.420000000 1.667186204848e-03
153.430000000 1.664532235621e-03
153.440000000 1.682305375183e-03
153.450000000 1.647636118291e-03
153.460000000 1.654259347924e-03
153.470000000 1.664447823907e-03
153.480000000 1.662254857728e-03
153.490000000 1.639147438330e-03
153.500000000 1.630134469057e-03
153.510000000 1.615457578813e-03
153.520000000 1.636421807730e-03
153.530000000 1.648514091817e-03
153.540000000 1.600940230875e-03
153.550000000 1.549055959619e-03
153.560000000 1.544212411730e-03
153.570000000 1.533228540905e-03
153.580000000 1.514992802837e-03
153.590000000 1.524905136196e-03
153.600000000 1.456896679832e-03
153.610000000 1.472336000374e-03
153.620000000 1.467792304628e-03
153.630000000 1.418665574255e-03
153.640000000 1.407463724755e-03
153.650000000 1.395180577541e-03
153.660000000 1.384760709362e-03
153.670000000 1.382466461028e-03
153.680000000 1.330216976110e-03
153.690000000 1.285892962899e-03
153.700000000 1.262952094845e-03
153.710000000 1.224624348996e-03
153.720000000 1.239449281350e-03
153.730000000 1.207631388475e-03
153.740000000 1.154286801031e-03
153.750000000 1.155806485501e-03
153.760000000 1.123755600911e-03
153.770000000 1.108340222072e-03
153.780000000 1.055212823224e-03
153.790000000 1.012348823017e-03
153.800000000 9.903366746068e-04
153.810000000 9.844952013205e-04
153.820000000 9.547526020293e-04
153.830000000 9.400299502771e-04
153.840000000 8.829969142739e-04
153.850000000 8.323203983668e-04
153.860000000 8.185045265787e-04
153.870000000 7.752411689680e-04
153.880000000 7.344827424838e-04
153.890000000 6.845541798494e-04
153.900000000 6.331716361722e-04
153.910000000 6.007985127713e-04
153.920000000 5.368252233910e-04
153.930000000 4.848247840165e-04
153.940000000 4.282433421717e-04
153.950000000 3.978176275440e-04
153.960000000 3.694303948684e-04
153.970000000 3.357853506180e-04
153.980000000 2.887823824140e-04
153.990000000 2.538465246274e-04
154.000000000 2.216681157355e-04
154.010000000 2.076771722206e-04
154.020000000 1.427259681762e-04
154.030000000 7.737968249414e-05
154.040000000 1.281478678491e-05
154.050000000 -9.994729144181e-06
154.060000000 -2.727511767775e-05
154.070000000 -9.122822620837e-05
154.080000000 -1.342646205756e-04
154.090000000 -1.867615875608e-04
154.100000000 -2.038256549790e-04
154.110000000 -2.331173646532e-04
154.120000000 -2.586690611516e-04
154.130000000 -3.017498749232e-04
154.140000000 -3.401843031340e-04
154.150000000 -3.469815002910e-04
154.160000000 -3.779982337565e-04
154.170000000 -3.953238640302e-04
154.180000000 -4.250516250101e-04
154.190000000 -4.336415351951e-04
154.200000000 -4.461939447427e-04
154.210000000 -4.767899208538e-04
154.220000000 -5.183706212370e-04
154.230000000 -5.427098016325e-04
154.240000000 -5.653137255259e-04
154.250000000 -5.755173715636e-04
154.260000000 -5.853421923570e-04
154.270000000 -6.061259132356e-04
154.280000000 -6.246456681969e-04
154.290000000 -6.279154807070e-04
154.300000000 -6.193515374372e-04
154.310000000 -6.564222607375e-04
154.320000000 -6.857755573141e-04
154.330000000 -6.911538771510e-04
154.340000000 -7.255451670506e-04
154.350000000 -7.141586681173e-04
154.360000000 -7.362147550962e-04
154.370000000 -7.737646849426e-04
154.380000000 -7.791627026094e-04
154.390000000 -7.620648056899e-04
154.400000000 -7.643616304254e-04
154.410000000 -7.815791211200e-04
154.420000000 -8.016784541394e-04
154.430000000 -7.833098115875e-04
154.440000000 -8.095269926032e-04
154.450000000 -8.038426244611e-04
154.460000000 -8.190859716984e-04
154.470000000 -8.407092244712e-04
154.480000000 -8.237775585426e-04
154.490000000 -8.271429166359e-04
154.500000000 -8.212252636553e-04
154.510000000 -8.341009610133e-04
154.520000000 -8.344850290869e-04
154.530000000 -8.398840057235e-04
154.540000000 -8.042588736900e-04
154.550000000 -8.302270360626e-04
154.560000000 -8.317124183297e-04
154.570000000 -8.347064056739e-04
154.580000000 -8.196083408552e-04
154.590000000 -8.072679487639e-04
154.600000000 -7.715222560693e-04
154.610000000 -8.084502029441e-04
154.620000000 -7.941729276403e-04
154.630000000 -7.686107621319e-04
154.640000000 -7.163455590057e-04
154.650000000 -7.286422268037e-04
154.660000000 -7.301378959879e-04
154.670000000 -7.146823818715e-04
154.680000000 -6.963527673028e-04
154.690000000 -6.511336783249e-04
154.700000000 -6.708234402486e-04
154.710000000 -6.386911971498e-04
154.720000000 -6.321738788257e-04
154.730000000 -5.992592324200e-04
154.740000000 -6.061152356949e-04
154.750000000 -5.650547899953e-04
154.760000000 -5.712931901328e-04
154.770000000 -5.367217313847e-04
154.780000000 -5.102655021716e-04
154.790000000 -4.511479874872e-04
154.800000000 -4.759854364050e-04
154.810000000 -4.329047040447e-04
154.820000000 -4.189405249155e-04
154.830000000 -4.022794629812e-04
154.840000000 -3.932513314144e-04
154.850000000 -3.695284864023e-04
154.860000000 -3.626696404279e-04
154.870000000 -3.113718203427e-04
154.880000000 -2.923783935501e-04
154.890000000 -2.775322434502e-04
154.900000000 -2.904385891036e-04
154.910000000 -3.004971712180e-04
154.920000000 -2.802542915965e-04
154.930000000 -2.535407253405e-04
154.940000000 -2.557913425498e-04
154.950000000 -2.904846386210e-04
154.960000000 -2.606206599459e-04
154.970000000 -2.643473522586e-04
154.980000000 -2.702751575886e-04
154.990000000 -2.771103198577e-04
155.000000000 -2.928000040472e-04
155.010000000 -3.183226947681e-04
155.020000000 -3.383141060321e-04
155.030000000 -3.241769517688e-04
155.040000000 -3.699567967970e-04
155.050000000 -3.695111605226e-04
155.060000000 -4.060979761111e-04
155.070000000 -4.069205686195e-04
155.080000000 -4.387814429980e-04
155.090000000 -4.475676308078e-04
155.100000000 -4.936112808550e-04
155.110000000 -4.915991860984e-04
155.120000000 -4.841455120226e-04
155.130000000 -5.344687704681e-04
155.140000000 -5.353657876509e-04
155.150000000 -5.588694920723e-04
155.160000000 -5.501427712248e-04
155.170000000 -5.825332131102e-04
155.180000000 -5.678795809440e-04
155.190000000 -5.781523052970e-04
155.200000000 -6.211508045823e-04
155.210000000 -6.057696734781e-04
155.220000000 -5.936490847280e-04
155.230000000 -6.046222515620e-04
155.240000000 -6.550883697703e-04
155.250000000 -6.120573565161e-04
155.260000000 -6.127849397114e-04
155.270000000 -6.064296789395e-04
155.280000000 -6.293906597843e-04
155.290000000 -5.984416293444e-04
155.300000000 -6.151696858794e-04
155.310000000 -5.896185237988e-04
155.320000000 -5.587894017899e-04
155.330000000 -5.657123765142e-04
155.340000000 -5.592478017394e-04
155.350000000 -5.694793885137e-04
155.360000000 -5.672353873700e-04
155.370000000 -5.430346240203e-04
155.380000000 -5.015905158472e-04
155.390000000 -5.258699852230e-04
155.400000000 -4.764071066044e-04
155.410000000 -4.581414648384e-04
155.420000000 -4.320746057967e-04
155.430000000 -4.507207738287e-04
155.440000000 -4.005800341488e-04
155.450000000 -3.693534129111e-04
155.460000000 -3.385732479568e-04
155.470000000 -3.084099084153e-04
155.480000000 -3.095624784434e-04
155.490000000 -3.217068555249e-04
155.500000000 -2.811044881271e-04
155.510000000 -2.234807854124e-04
155.520000000 -1.979542145198e-04
155.530000000 -1.630310159242e-04
155.540000000 -1.554012667656e-04
155.550000000 -1.227042320542e-04
155.560000000 -9.079894972267e-05
155.570000000 -8.873050505942e-05
155.580000000 -4.955365666056e-05
155.590000000 -3.476943487711e-05
155.600000000 4.984576385678e-05
155.610000000 9.900590405716e-05
155.620000000 1.449883751751e-04
155.630000000 1.631325750340e-04
155.640000000 1.749736620884e-04
155.650000000 2.080525577764e-04
155.660000000 2.621970582033e-04
155.670000000 2.975498077539e-04
155.680000000 2.986011617993e-04
155.690000000 3.535513278646e-04
155.700000000 3.977294688164e-04
155.710000000 4.350516933525e-04
155.720000000 4.572854322563e-04
155.730000000 4.939655539313e-04
155.740000000 5.374882658710e-04
155.750000000 5.632235398707e-04
155.760000000 6.113910126620e-04
155.770000000 6.107053776212e-04
155.780000000 6.283606718996e-04
155.790000000 6.547934964107e-04
155.800000000 6.792252495511e-04
155.810000000 7.176578222322e-04
155.820000000 7.430884636469e-04
155.830000000 7.738496746331e-04
155.840000000 8.104827554321e-04
155.850000000 8.262207751465e-04
155.860000000 8.485625883547e-04
155.870000000 8.489684914242e-04
155.880000000 8.435312744058e-04
155.890000000 8.844041379169e-04
155.900000000 9.101525396694e-04
155.910000000 9.305914790494e-04
155.920000000 8.941227664845e-04
155.930000000 8.649915595474e-04
155.940000000 8.833480491303e-04
155.950000000 8.793532152263e-04
155.960000000 8.964240728072e-04
155.970000000 8.525815155650e-04
155.980000000 8.859746990937e-04
155.990000000 8.787086118839e-04
156.000000000 8.560333249299e-04
156.010000000 8.156721077483e-04
156.020000000 7.974124821944e-04
156.030000000 7.594181840991e-04
156.040000000 7.346917724592e-04
156.050000000 7.317205234186e-04
156.060000000 7.148083758993e-04
156.070000000 6.812749922446e-04
156.080000000 6.636561179210e-04
156.090000000 6.555092581445e-04
156.100000000 6.304604026568e-04
156.110000000 5.850694056054e-04
156.120000000 5.213935717737e-04
156.130000000 5.452525084191e-04
156.140000000 5.249445191661e-04
156.150000000 5.416789198216e-04
156.160000000 4.829477836089e-04
156.170000000 4.455872797027e-04
156.180000000 4.116226257984e-04
156.190000000 3.955138398901e-04
156.200000000 3.712640128761e-04
156.210000000 3.256038432587e-04
156.220000000 2.909615672602e-04
156.230000000 2.748915955027e-04
156.240000000 2.553710894593e-04
156.250000000 2.401043217060e-04
156.260000000 2.055117290401e-04
156.270000000 1.904759196578e-04
156.280000000 1.765917635067e-04
156.290000000 1.559040928857e-04
156.300000000 1.359413051558e-04
156.310000000 9.965934033627e-05
156.320000000 8.538912119995e-05
156.330000000 9.921695215268e-05
156.340000000 9.572875583514e-05
156.350000000 8.592240669069e-05
156.360000000 4.783357833583e-05
156.370000000 2.873231250389e-05
156.380000000 1.124916974421e-05
156.390000000 2.176924944249e-05
156.400000000 1.305348270568e-05
156.410000000 -2.542345081851e-05
156.420000000 -8.359705508359e-06
156.430000000 -1.475194187266e-05
156.440000000 -1.993698944956e-05
156.450000000 -6.368804398708e-05
156.460000000 -6.923067274228e-05
156.470000000 -9.429299148829e-05
156.480000000 -9.509487982014e-05
156.490000000 -1.018740545322e-04
156.500000000 -1.207366798133e-04
156.510000000 -1.400869295243e-04
156.520000000 -1.452854404496e-04
156.530000000 -1.450414644181e-04
156.540000000 -1.427391993418e-04
156.550000000 -1.607226352868e-04
156.560000000 -1.736871200063e-04
156.570000000 -1.758453649479e-04
156.580000000 -1.773114602240e-04
156.590000000 -1.701595400001e-04
156.600000000 -2.210625189037e-04
156.610000000 -2.045350540772e-04
156.620000000 -2.113721279696e-04
156.630000000 -2.035083802114e-04
156.640000000 -2.163682528255e-04
156.650000000 -2.591963203395e-04
156.660000000 -2.687221993850e-04
156.670000000 -2.717979407428e-04
156.680000000 -2.636507342192e-04
156.690000000 -2.885967282954e-04
156.700000000 -2.959629254704e-04
156.710000000 -2.939807241783e-04
156.720000000 -2.752401858626e-04
156.730000000 -2.538315411266e-04
156.740000000 -2.693444581972e-04
156.750000000 -3.044083560616e-04
156.760000000 -3.074817367845e-04
156.770000000 -2.850831214876e-04
156.780000000 -2.664761066178e-04
156.790000000 -2.551625405279e-04
156.800000000 -2.557912259228e-04
156.810000000 -2.641638949175e-04
156.820000000 -2.217777260144e-04
156.830000000 -1.879412915674e-04
156.840000000 -1.943617376626e-04
156.850000000 -1.941881886568e-04
156.860000000 -1.618774305243e-04
156.870000000 -1.392856006876e-04
156.880000000 -1.466493232999e-04
156.890000000 -1.336220096433e-04
156.900000000 -1.417359454208e-04
156.910000000 -9.526257632969e-05
156.920000000 -6.106865452171e-05
156.930000000 -5.042479044072e-05
156.940000000 -5.577481992566e-05
156.950000000 -5.000531543269e-05
156.960000000 1.109370957139e-06
156.970000000 3.944703293555e-05
156.980000000 8.024907224985e-05
156.990000000 6.791562668607e-05
157.000000000 1.177063351679e-04
157.010000000 1.243262304183e-04
157.020000000 1.797794437024e-04
157.030000000 1.722526693765e-04
157.040000000 1.748191511548e-04
157.050000000 2.235371528921e-04
157.060000000 2.328464998443e-04
157.070000000 2.887287268972e-04
157.080000000 2.732637722380e-04
157.090000000 3.236720352108e-04
157.100000000 3.389797044216e-04
157.110000000 4.012437044949e-04
157.120000000 4.097663843093e-04
157.130000000 4.364813634780e-04
157.140000000 4.222163482526e-04
157.150000000 4.579548939694e-04
157.160000000 4.677151227782e-04
157.170000000 4.972794214241e-04
157.180000000 5.156783887675e-04
157.190000000 5.428390902456e-04
157.200000000 5.936649901641e-04
157.210000000 6.153155324965e-04
157.220000000 6.563132272587e-04
157.230000000 6.767471842286e-04
157.240000000 6.806391967355e-04
157.250000000 6.904717349891e-04
157.260000000 7.430489764815e-04
157.270000000 7.598158264501e-04
157.280000000 7.999580055664e-04
157.290000000 7.986411627441e-04
157.300000000 8.362862896342e-04
157.310000000 8.961444185451e-04
157.320000000 8.714871248880e-04
157.330000000 9.063306205027e-04
157.340000000 8.917507273026e-04
157.350000000 9.389074796326e-04
157.360000000 9.404292637208e-04
157.370000000 9.403419551415e-04
157.380000000 9.410184511405e-04
157.390000000 9.513213492728e-04
157.400000000 9.713940331678e-04
157.410000000 1.002050990452e-03
157.420000000 1.023051234097e-03
157.430000000 9.986266006127e-04
157.440000000 1.010298713539e-03
157.450000000 1.022415513300e-03
157.460000000 1.037056553065e-03
157.470000000 1.010216833891e-03
157.480000000 9.954264287479e-04
157.490000000 1.009834646170e-03
157.500000000 1.008474802157e-03
157.510000000 1.017160089183e-03
157.520000000 1.003925179179e-03
157.530000000 9.853737162016e-04
157.540000000 1.006775383049e-03
157.550000000 1.022994356161e-03
157.560000000 1.003134709891e-03
157.570000000 9.928680406916e-04
157.580000000 9.785464699216e-04
157.590000000 9.917758784650e-04
157.600000000 1.005239270087e-03
157.610000000 9.823790974983e-04
157.620000000 9.898996720178e-04
157.630000000 9.755981620641e-04
157.640000000 1.004244080457e-03
157.650000000 1.026025861886e-03
157.660000000 9.914613206034e-04
157.670000000 9.719878257487e-04
157.680000000 9.537444395423e-04
157.690000000 9.759010749722e-04
157.700000000 9.733103655960e-04
157.710000000 1.007070605782e-03
157.720000000 9.701239401136e-04
157.730000000 9.888378024427e-04
157.740000000 9.571824838772e-04
157.750000000 9.739745583594e-04
157.760000000 9.796033418123e-04
157.770000000 9.768100455602e-04
157.780000000 9.680953932277e-04
157.790000000 9.626664975053e-04
157.800000000 9.614576467796e-04
157.810000000 9.236403924341e-04
157.820000000 9.132891525572e-04
157.830000000 8.862420670773e-04
157.840000000 9.520774130295e-04
157.850000000 9.197535913849e-04
157.860000000 9.148075163213e-04
157.870000000 8.662709136423e-04
157.880000000 8.633622118913e-04
157.890000000 8.543916400320e-04
157.900000000 8.165298771915e-04
157.910000000 7.795458581228e-04
157.920000000 7.318861754591e-04
157.930000000 7.131415141468e-04
157.940000000 6.835559286421e-04
157.950000000 6.729940831194e-04
157.960000000 6.075173360002e-04
157.970000000 5.819745337906e-04
157.980000000 5.428740997608e-04
157.990000000 5.313438650548e-04
158.000000000 4.666564384194e-04
158.010000000 4.123027772225e-04
158.020000000 3.443096322477e-04
158.030000000 3.273597480847e-04
158.040000000 2.860971323080e-04
158.050000000 2.381882028684e-04
158.060000000 1.887691732884e-04
158.070000000 1.116856257485e-04
158.080000000 8.041514510784e-05
158.090000000 3.267668149131e-05
158.100000000 -2.572213413660e-05
158.110000000 -1.100224512472e-04
158.120000000 -1.585225543910e-04
158.130000000 -2.041395046069e-04
158.140000000 -2.684051484614e-04
158.150000000 -3.104591088984e-04
158.160000000 -3.575019100188e-04
158.170000000 -3.861831087447e-04
158.180000000 -4.398779118460e-04
158.190000000 -4.932193892901e-04
158.200000000 -5.703751808236e-04
158.210000000 -6.223846261412e-04
158.220000000 -6.663755151024e-04
158.230000000 -6.891232360944e-04
158.240000000 -7.391099419381e-04
158.250000000 -7.757209345128e-04
158.260000000 -8.599754180935e-04
158.270000000 -8.881844138308e-04
158.280000000 -9.152697420887e-04
158.290000000 -9.735276203618e-04
158.300000000 -1.026286518962e-03
158.310000000 -1.086499854619e-03
158.320000000 -1.107813740970e-03
158.330000000 -1.124321146527e-03
158.340000000 -1.161675809325e-03
158.350000000 -1.172076360533e-03
158.360000000 -1.230000933620e-03
158.370000000 -1.265446296445e-03
158.380000000 -1.282805098090e-03
158.390000000 -1.335286004973e-03
158.400000000 -1.392703441017e-03
158.410000000 -1.405292740107e-03
158.420000000 -1.403892669089e-03
158.430000000 -1.431701557228e-03
158.440000000 -1.480821493511e-03
158.450000000 -1.518064891102e-03
158.460000000 -1.525968647274e-03
158.470000000 -1.547981427396e-03
158.480000000 -1.559365307673e-03
158.490000000 -1.578308125684e-03
158.500000000 -1.629632314537e-03
158.510000000 -1.648442479908e-03
158.520000000 -1.628023109644e-03
158.530000000 -1.648458275179e-03
158.540000000 -1.648809505370e-03
158.550000000 -1.693729291800e-03
158.560000000 -1.697606180183e-03
158.570000000 -1.685146691410e-03
158.580000000 -1.727199020136e-03
158.590000000 -1.730242215552e-03
158.600000000 -1.755314488911e-03
158.610000000 -1.763243401513e-03
158.620000000 -1.752619029790e-03
158.630000000 -1.755534719820e-03
158.640000000 -1.767192975619e-03
158.650000000 -1.772419939568e-03
158.660000000 -1.771127770236e-03
158.670000000 -1.751097763551e-03
158.680000000 -1.761337992619e-03
158.690000000 -1.760842853107e-03
158.700000000 -1.771174776715e-03
158.710000000 -1.724523117498e-03
158.720000000 -1.741479550562e-03
158.730000000 -1.742964109259e-03
158.740000000 -1.741154421633e-03
158.750000000 -1.727060019806e-03
158.760000000 -1.712914131822e-03
158.770000000 -1.665579114018e-03
158.780000000 -1.685789765935e-03
158.790000000 -1.663338120674e-03
158.800000000 -1.685020189698e-03
158.810000000 -1.648009773175e-03
158.820000000 -1.605005234899e-03
158.830000000 -1.589761123655e-03
158.840000000 -1.575248243703e-03
158.850000000 -1.529460054316e-03
158.860000000 -1.450944082721e-03
158.870000000 -1.424500494265e-03
158.880000000 -1.396570345073e-03
158.890000000 -1.410832044354e-03
158.900000000 -1.364641275732e-03
158.910000000 -1.324128742606e-03
158.920000000 -1.266176952894e-03
158.930000000 -1.251056003568e-03
158.940000000 -1.204557510241e-03
158.950000000 -1.178010578498e-03
158.960000000 -1.125794378218e-03
158.970000000 -1.102334024535e-03
158.980000000 -1.071527253565e-03
158.990000000 -1.019831170446e-03
159.000000000 -9.809174097179e-04
159.010000000 -9.150274580512e-04
159.020000000 -8.981606180067e-04
159.030000000 -8.815065287523e-04
159.040000000 -8.425278254092e-04
159.050000000 -7.802956133449e-04
159.060000000 -7.183448074161e-04
159.070000000 -6.734547777615e-04
159.080000000 -6.747677443195e-04
159.090000000 -6.331488319511e-04
159.100000000 -5.940137699052e-04
159.110000000 -5.329602800668e-04
159.120000000 -4.931878759876e-04
159.130000000 -4.358346196921e-04
159.140000000 -3.927185106547e-04
159.150000000 -3.392231901084e-04
159.160000000 -3.022961555332e-04
159.170000000 -2.775218742723e-04
159.180000000 -2.084111391032e-04
159.190000000 -1.621564685152e-04
159.200000000 -7.773334718346e-05
159.210000000 -3.695667739372e-05
159.220000000 6.700904858094e-06
159.230000000 4.740874895389e-05
159.240000000 9.186224337235e-05
159.250000000 1.598278995387e-04
159.260000000 2.314933233037e-04
159.270000000 2.555564198845e-04
159.280000000 3.108381486639e-04
159.290000000 3.855599538808e-04
159.300000000 4.241353819162e-04
159.310000000 5.148658050208e-04
159.320000000 5.235356976418e-04
159.330000000 5.771879568623e-04
159.340000000 6.212845624329e-04
159.350000000 6.997346964992e-04
159.360000000 7.423115625040e-04
159.370000000 7.432388035663e-04
159.380000000 7.986692692484e-04
159.390000000 8.456674732968e-04
159.400000000 8.814410632061e-04
159.410000000 9.116271569691e-04
159.420000000 9.372604799120e-04
159.430000000 9.479058403491e-04
159.440000000 9.991013162897e-04
159.450000000 1.043805609029e-03
159.460000000 1.094931387985e-03
159.470000000 1.090447702948e-03
159.480000000 1.103769895045e-03
159.490000000 1.140341840039e-03
159.500000000 1.149358688050e-03
159.510000000 1.167155267678e-03
159.520000000 1.173470103390e-03
159.530000000 1.185866538812e-03
159.540000000 1.226567868049e-03
159.550000000 1.240086169266e-03
159.560000000 1.201982260702e-03
159.570000000 1.193576850608e-03
159.580000000 1.191358241409e-03
159.590000000 1.199358050297e-03
159.600000000 1.234112374217e-03
159.610000000 1.190186267123e-03
159.620000000 1.205045949097e-03
159.630000000 1.185700254714e-03
159.640000000 1.201572869262e-03
159.650000000 1.178890254252e-03
159.660000000 1.144659495153e-03
159.670000000 1.133214620474e-03
159.680000000 1.125142020159e-03
159.690000000 1.120091466724e-03
159.700000000 1.109203354370e-03
159.710000000 1.048028979480e-03
159.720000000 1.015986358743e-03
159.730000000 1.030249831230e-03
159.740000000 1.006820367443e-03
159.750000000 1.005882150494e-03
159.760000000 9.548283394245e-04
159.770000000 9.352601348706e-04
159.780000000 9.392794227892e-04
159.790000000 9.210712117837e-04
159.800000000 9.028006104536e-04
159.810000000 8.336666250304e-04
159.820000000 8.248659363868e-04
159.830000000 7.793317207736e-04
159.840000000 7.740043082252e-04
159.850000000 7.404436194737e-04
159.860000000 7.110945458802e-04
159.870000000 6.787580509280e-04
159.880000000 6.396168374516e-04
159.890000000 6.441036877537e-04
159.900000000 5.798636754697e-04
159.910000000 5.366492652046e-04
159.920000000 4.948287598310e-04
159.930000000 4.880099128881e-04
159.940000000 4.664374628494e-04
159.950000000 4.433434653662e-04
159.960000000 3.601524382814e-04
159.970000000 3.699551044699e-04
159.980000000 3.144874590147e-04
159.990000000 2.699601243981e-04
160.000000000 2.088514057529e-04
160.010000000 1.703028916159e-04
160.020000000 1.314631847396e-04
160.030000000 1.124493046818e-04
160.040000000 3.875608554258e-05
160.050000000 1.543576148484e-06
160.060000000 -7.041171818741e-05
160.070000000 -9.007825209636e-05
160.080000000 -9.342864392586e-05
160.090000000 -1.366557627028e-04
160.100000000 -1.760385388762e-04
160.110000000 -2.366019671554e-04
160.120000000 -2.719513049739e-04
160.130000000 -2.771114998116e-04
160.140000000 -3.263401084785e-04
160.150000000 -3.803569644299e-04
160.160000000 -4.285773530145e-04
160.170000000 -4.735029988209e-04
160.180000000 -4.817831690077e-04
160.190000000 -5.134306057224e-04
160.200000000 -5.493648091552e-04
160.210000000 -5.671075255981e-04
160.220000000 -5.832965211990e-04
160.230000000 -5.804204869591e-04
160.240000000 -6.672562256069e-04
160.250000000 -6.859818628123e-04
160.260000000 -7.002034721383e-04
160.270000000 -7.070301398976e-04
160.280000000 -7.242134096758e-04
160.290000000 -7.407256014465e-04
160.300000000 -7.775608076437e-04
160.310000000 -7.910596993589e-04
160.320000000 -8.018346107683e-04
160.330000000 -7.982196024450e-04
160.340000000 -8.466578721726e-04
160.350000000 -8.215826799893e-04
160.360000000 -8.395320428915e-04
160.370000000 -8.202427217421e-04
160.380000000 -8.100366354527e-04
160.390000000 -8.397125172443e-04
160.400000000 -8.321768432942e-04
160.410000000 -8.399303398715e-04
160.420000000 -7.931663288105e-04
160.430000000 -8.368955641272e-04
160.440000000 -8.195025271830e-04
160.450000000 -8.281767906331e-04
160.460000000 -8.168354107041e-04
160.470000000 -7.934550136833e-04
160.480000000 -8.014725793194e-04
160.490000000 -7.977776468818e-04
160.500000000 -7.896044790160e-04
160.510000000 -7.483373094204e-04
160.520000000 -7.352957342561e-04
160.530000000 -7.106246323792e-04
160.540000000 -7.072606568841e-04
160.550000000 -6.893226317157e-04
160.560000000 -6.648207833624e-04
160.570000000 -6.285973550706e-04
160.580000000 -6.276940291855e-04
160.590000000 -5.949101838001e-04
160.600000000 -5.852624844176e-04
160.610000000 -5.499300510753e-04
160.620000000 -5.063341718724e-04
160.630000000 -5.437139109934e-04
160.640000000 -5.089725484171e-04
160.650000000 -5.175070182902e-04
160.660000000 -4.622062812129e-04
160.670000000 -4.503556824373e-04
160.680000000 -4.514980066081e-04
160.690000000 -4.370581496386e-04
160.700000000 -4.218328473724e-04
160.710000000 -4.101376579151e-04
160.720000000 -3.943655071643e-04
160.730000000 -3.776210004190e-04
160.740000000 -3.993755928884e-04
160.750000000 -3.323427137649e-04
160.760000000 -3.215115851763e-04
160.770000000 -3.111498868597e-04
160.780000000 -3.116858207779e-04
160.790000000 -3.191016491359e-04
160.800000000 -2.852222574540e-04
160.810000000 -2.711946020823e-04
160.820000000 -2.413998769574e-04
160.830000000 -2.094960581363e-04
160.840000000 -2.030576043499e-04
160.850000000 -1.834156928270e-04
160.860000000 -1.786711045913e-04
160.870000000 -1.776347183675e-04
160.880000000 -1.801349988069e-04
160.890000000 -1.416535156329e-04
160.900000000 -1.130529687008e-04
160.910000000 -8.375426404690e-05
160.920000000 -8.661236715996e-05
160.930000000 -1.143678503233e-04
160.940000000 -8.565590987348e-05
160.950000000 -6.243134782073e-05
160.960000000 -3.468513060130e-05
160.970000000 -2.914097025812e-05
160.980000000 -2.281734614440e-05
160.990000000 -9.673916505665e-06
161.000000000 1.042967389735e-05
161.010000000 2.483467686000e-05
161.020000000 8.064329205610e-06
161.030000000 -7.222044503162e-06
161.040000000 5.824819063343e-06
161.050000000 2.860670249406e-05
161.060000000 3.382728254187e-05
161.070000000 5.204728202988e-05
161.080000000 6.114085347210e-05
161.090000000 8.968696559503e-05
161.100000000 9.140301192648e-05
161.110000000 1.096674467226e-04
161.120000000 1.033055026571e-04
161.130000000 9.261100293889e-05
161.140000000 1.191485247660e-04
161.150000000 1.358377170798e-04
161.160000000 1.385397223404e-04
161.170000000 1.414880608840e-04
161.180000000 1.544524560306e-04
161.190000000 2.272503711274e-04
161.200000000 2.398293881084e-04
161.210000000 2.695285871294e-04
161.220000000 2.666052347944e-04
161.230000000 2.683589516452e-04
161.240000000 3.233206951560e-04
161.250000000 3.518681025373e-04
161.260000000 3.890138829527e-04
161.270000000 3.874492595223e-04
161.280000000 4.071429142042e-04
161.290000000 4.560573526523e-04
161.300000000 5.037157093097e-04
161.310000000 5.404574285116e-04
161.320000000 5.828812212740e-04
161.330000000 6.320145604258e-04
161.340000000 7.006336946740e-04
161.350000000 7.258423271669e-04
161.360000000 7.710939268043e-04
161.370000000 7.954861132228e-04
161.380000000 8.470264180261e-04
161.390000000 9.002049095279e-04
161.400000000 9.585583150155e-04
161.410000000 9.989571271494e-04
161.420000000 1.073390421475e-03
161.430000000 1.123232367073e-03
161.440000000 1.204413149293e-03
161.450000000 1.261597333222e-03
161.460000000 1.305424600615e-03
161.470000000 1.356806762868e-03
161.480000000 1.391430661206e-03
161.490000000 1.505758133819e-03
161.500000000 1.528742237594e-03
161.510000000 1.590412823626e-03
161.520000000 1.631252341704e-03
161.530000000 1.659256081633e-03
161.540000000 1.716683991633e-03
161.550000000 1.772253677652e-03
161.560000000 1.810313119107e-03
161.570000000 1.852775513291e-03
161.580000000 1.880146168029e-03
161.590000000 1.936567961629e-03
161.600000000 1.989982007844e-03
161.610000000 2.008263014071e-03
161.620000000 2.066664114576e-03
161.630000000 2.079017419341e-03
161.640000000 2.101794831382e-03
161.650000000 2.123565325450e-03
161.660000000 2.139427631993e-03
161.670000000 2.174473443281e-03
161.680000000 2.217868889567e-03
161.690000000 2.226884486439e-03
161.700000000 2.250064933750e-03
161.710000000 2.233514172524e-03
161.720000000 2.204887988128e-03
161.730000000 2.181185620259e-03
161.740000000 2.208006272509e-03
161.750000000 2.212460014441e-03
161.760000000 2.198905813101e-03
161.770000000 2.217556194601e-03
161.780000000 2.224972655594e-03
161.790000000 2.216905152978e-03
161.800000000 2.164562380022e-03
161.810000000 2.132975373712e-03
161.820000000 2.121342849193e-03
161.830000000 2.097098337910e-03
161.840000000 2.087270712830e-03
161.850000000 2.055706057685e-03
161.860000000 2.039886512578e-03
161.870000000 2.036623668494e-03
161.880000000 1.992748605829e-03
161.890000000 1.973412126985e-03
161.900000000 1.916423536067e-03
161.910000000 1.890304204084e-03
161.920000000 1.862236827164e-03
161.930000000 1.844610164789e-03
161.940000000 1.796009165207e-03
161.950000000 1.728926479399e-03
161.960000000 1.669165130765e-03
161.970000000 1.665487517186e-03
161.980000000 1.665160421019e-03
161.990000000 1.652299954626e-03
162.000000000 1.598908918019e-03
162.010000000 1.564172773825e-03
162.020000000 1.523157039712e-03
162.030000000 1.456089344651e-03
162.040000000 1.393959910664e-03
162.050000000 1.376855530031e-03
162.060000000 1.369971763242e-03
162.070000000 1.349466837307e-03
162.080000000 1.317405175693e-03
162.090000000 1.283259393073e-03
162.100000000 1.231739060618e-03
162.110000000 1.207420714568e-03
162.120000000 1.162392793356e-03
162.130000000 1.142394957108e-03
162.140000000 1.090560417166e-03
162.150000000 1.079628193649e-03
162.160000000 1.008804344899e-03
162.170000000 9.651727416727e-04
162.180000000 9.229920972089e-04
162.190000000 8.731541579166e-04
162.200000000 8.202117267632e-04
162.210000000 7.869037627717e-04
162.220000000 7.702415953431e-04
162.230000000 7.364764185004e-04
162.240000000 6.446438807760e-04
162.250000000 5.956778505676e-04
162.260000000 5.818413545002e-04
162.270000000 5.113742805592e-04
162.280000000 4.484225296000e-04
162.290000000 3.893097885022e-04
162.300000000 3.319900454422e-04
162.310000000 2.535928446170e-04
162.320000000 2.095258214762e-04
162.330000000 1.608763074527e-04
162.340000000 9.896020152007e-05
162.350000000 5.054617244289e-05
162.360000000 9.222618062291e-06
162.370000000 -8.462160761653e-05
162.380000000 -1.921473668815e-04
162.390000000 -2.890454005737e-04
162.400000000 -3.304788441136e-04
162.410000000 -3.663369007604e-04
162.420000000 -3.644679854003e-04
162.430000000 -4.136484538667e-04
162.440000000 -4.798997274686e-04
162.450000000 -5.649598355595e-04
162.460000000 -6.293734560046e-04
162.470000000 -7.028562836630e-04
162.480000000 -7.513501403588e-04
162.490000000 -8.050935625926e-04
162.500000000 -8.610974036498e-04
162.510000000 -8.958403613045e-04
162.520000000 -9.257314609774e-04
162.530000000 -1.015864800777e-03
162.540000000 -1.075956056888e-03
162.550000000 -1.112883512563e-03
162.560000000 -1.140663739531e-03
162.570000000 -1.160846047768e-03
162.580000000 -1.186777632261e-03
162.590000000 -1.221369491557e-03
162.600000000 -1.290510225412e-03
162.610000000 -1.313362203926e-03
162.620000000 -1.334024558985e-03
162.630000000 -1.403988028750e-03
162.640000000 -1.400656434971e-03
162.650000000 -1.410357257077e-03
162.660000000 -1.413256092370e-03
162.670000000 -1.447600895744e-03
162.680000000 -1.496167393758e-03
162.690000000 -1.520376541752e-03
162.700000000 -1.574854768873e-03
162.710000000 -1.557203405110e-03
162.720000000 -1.597416386094e-03
162.730000000 -1.633159963357e-03
162.740000000 -1.685592192844e-03
162.750000000 -1.688354810447e-03
162.760000000 -1.723070989955e-03
162.770000000 -1.743883220167e-03
162.780000000 -1.751066595668e-03
162.790000000 -1.768931970440e-03
162.800000000 -1.771262352524e-03
162.810000000 -1.798908889827e-03
162.820000000 -1.847076985762e-03
162.830000000 -1.859871700473e-03
162.840000000 -1.904177817704e-03
162.850000000 -1.905695864504e-03
162.860000000 -1.936718416808e-03
162.870000000 -1.943914693653e-03
162.880000000 -2.001943790615e-03
162.890000000 -2.037404145762e-03
162.900000000 -2.037857982721e-03
162.910000000 -2.090993842152e-03
162.920000000 -2.119666566447e-03
162.930000000 -2.153092075098e-03
162.940000000 -2.149192610865e-03
162.950000000 -2.202529058838e-03
162.960000000 -2.217110533564e-03
162.970000000 -2.257121362393e-03
162.980000000 -2.298197780815e-03
162.990000000 -2.298093539430e-03
163.000000000 -2.323400156614e-03
163.010000000 -2.319598624565e-03
163.020000000 -2.368514007942e-03
163.030000000 -2.402333145687e-03
163.040000000 -2.440477994352e-03
163.050000000 -2.463639029696e-03
163.060000000 -2.502967768478e-03
163.070000000 -2.535745956343e-03
163.080000000 -2.529704281899e-03
163.090000000 -2.538420107322e-03
163.100000000 -2.545434048536e-03
163.110000000 -2.556693052840e-03
163.120000000 -2.561294957071e-03
163.130000000 -2.565924461849e-03
163.140000000 -2.562251622343e-03
163.150000000 -2.567586264102e-03
163.160000000 -2.618697341868e-03
163.170000000 -2.649786697725e-03
163.180000000 -2.650641366125e-03
163.190000000 -2.661357153267e-03
163.200000000 -2.681006552092e-03
163.210000000 -2.704723479698e-03
163.220000000 -2.724019051754e-03
163.230000000 -2.734423554159e-03
163.240000000 -2.724362614917e-03
163.250000000 -2.711685147000e-03
163.260000000 -2.728301067686e-03
163.270000000 -2.732627540436e-03
163.280000000 -2.747745051531e-03
163.290000000 -2.723334161802e-03
163.300000000 -2.715113747341e-03
163.310000000 -2.738515228532e-03
163.320000000 -2.756966318203e-03
163.330000000 -2.770078451520e-03
163.340000000 -2.772692625324e-03
163.350000000 -2.794329127590e-03
163.360000000 -2.796666591132e-03
163.370000000 -2.810396542199e-03
163.380000000 -2.798511077254e-03
163.390000000 -2.782012840422e-03
163.400000000 -2.794719931062e-03
163.410000000 -2.829168321604e-03
163.420000000 -2.849613283913e-03
163.430000000 -2.835692056160e-03
163.440000000 -2.834633658009e-03
163.450000000 -2.826778906539e-03
163.460000000 -2.833414071024e-03
163.470000000 -2.842217058909e-03
163.480000000 -2.837094603068e-03
163.490000000 -2.833895638860e-03
163.500000000 -2.859044992497e-03
163.510000000 -2.854871212410e-03
163.520000000 -2.835787842646e-03
163.530000000 -2.838585326301e-03
163.540000000 -2.823383916400e-03
163.550000000 -2.828707143792e-03
163.560000000 -2.855243450099e-03
163.570000000 -2.857001649258e-03
163.580000000 -2.816514056418e-03
163.590000000 -2.816340020561e-03
163.600000000 -2.836303823814e-03
163.610000000 -2.813022574472e-03
163.620000000 -2.786985804983e-03
163.630000000 -2.771700201173e-03
163.640000000 -2.745656759120e-03
163.650000000 -2.755719876665e-03
163.660000000 -2.736371894679e-03
163.670000000 -2.709484573561e-03
163.680000000 -2.669234328622e-03
163.690000000 -2.652433478677e-03
163.700000000 -2.635931586589e-03
163.710000000 -2.607364952194e-03
163.720000000 -2.563337846956e-03
163.730000000 -2.505964432903e-03
163.740000000 -2.475764558542e-03
163.750000000 -2.463762228774e-03
163.760000000 -2.409954387652e-03
163.770000000 -2.350447915175e-03
163.780000000 -2.302874668413e-03
163.790000000 -2.245721726395e-03
163.800000000 -2.203572359258e-03
163.810000000 -2.163549289104e-03
163.820000000 -2.093694271161e-03
163.830000000 -2.026000972629e-03
163.840000000 -1.981272346110e-03
163.850000000 -1.952858446406e-03
163.860000000 -1.910910110024e-03
163.870000000 -1.851318899254e-03
163.880000000 -1.803108168141e-03
163.890000000 -1.730233504754e-03
163.900000000 -1.703577898689e-03
163.910000000 -1.642118476838e-03
163.920000000 -1.574680989908e-03
163.930000000 -1.516300493673e-03
163.940000000 -1.456655796994e-03
163.950000000 -1.391657813304e-03
163.960000000 -1.334795473645e-03
163.970000000 -1.269677407643e-03
163.980000000 -1.186205194808e-03
163.990000000 -1.153822837067e-03
164.000000000 -1.135056862632e-03
164.010000000 -1.051378201194e-03
164.020000000 -9.796252974922e-04
164.030000000 -9.244782582861e-04
164.040000000 -8.679901413713e-04
164.050000000 -8.156833428644e-04
164.060000000 -7.542112356949e-04
164.070000000 -7.060520321819e-04
164.080000000 -6.487143324131e-04
164.090000000 -6.218936308564e-04
164.100000000 -5.634367299465e-04
164.110000000 -4.957800557097e-04
164.120000000 -4.424809342425e-04
164.130000000 -3.616963200181e-04
164.140000000 -3.238894866078e-04
164.150000000 -2.784296925948e-04
164.160000000 -2.332622641595e-04
164.170000000 -1.584458439109e-04
164.180000000 -1.337638100287e-04
164.190000000 -7.481406780271e-05
164.200000000 -2.207054843505e-05
164.210000000 6.158383103461e-05
164.220000000 1.212673747539e-04
164.230000000 1.747466095409e-04
164.240000000 1.997746192963e-04
164.250000000 2.381024277655e-04
164.260000000 3.360993365851e-04
164.270000000 3.817125052761e-04
164.280000000 4.314831546090e-04
164.290000000 4.588457151287e-04
164.300000000 5.281667014873e-04
164.310000000 5.608184278977e-04
164.320000000 6.318830948042e-04
164.330000000 6.590996543474e-04
164.340000000 7.086556533616e-04
164.350000000 7.929887199495e-04
164.360000000 8.652569884569e-04
164.370000000 9.034974081625e-04
164.380000000 9.779297219680e-04
164.390000000 1.013361656675e-03
164.400000000 1.036724225468e-03
164.410000000 1.113166177239e-03
164.420000000 1.169277384061e-03
164.430000000 1.198572271665e-03
164.440000000 1.232130458927e-03
164.450000000 1.316036794019e-03
164.460000000 1.343342267326e-03
164.470000000 1.388624174069e-03
164.480000000 1.435507711062e-03
164.490000000 1.484043006646e-03
164.500000000 1.523290907106e-03
164.510000000 1.589694035682e-03
164.520000000 1.655402227367e-03
164.530000000 1.662660779280e-03
164.540000000 1.719009539098e-03
164.550000000 1.767067271698e-03
164.560000000 1.825730153153e-03
164.570000000 1.856085092584e-03
164.580000000 1.889599695761e-03
164.590000000 1.936973482199e-03
164.600000000 1.989032062125e-03
164.610000000 2.037568286700e-03
164.620000000 2.065604100533e-03
164.630000000 2.110498289803e-03
164.640000000 2.137731380395e-03
164.650000000 2.185687100717e-03
164.660000000 2.195623337966e-03
164.670000000 2.228295827860e-03
164.680000000 2.208418788372e-03
164.690000000 2.249716217028e-03
164.700000000 2.263719580244e-03
164.710000000 2.323454586656e-03
164.720000000 2.333410256295e-03
164.730000000 2.327239294647e-03
164.740000000 2.336751082506e-03
164.750000000 2.357814711235e-03
164.760000000 2.347158766030e-03
164.770000000 2.366378613204e-03
164.780000000 2.353193039504e-03
164.790000000 2.354159426727e-03
164.800000000 2.329723558295e-03
164.810000000 2.334096463514e-03
164.820000000 2.293524043589e-03
164.830000000 2.261794115873e-03
164.840000000 2.251272277986e-03
164.850000000 2.278300876554e-03
164.860000000 2.240658622929e-03
164.870000000 2.194433818238e-03
164.880000000 2.116258354261e-03
164.890000000 2.124501075481e-03
164.900000000 2.099257960577e-03
164.910000000 2.096166730381e-03
164.920000000 2.064305196822e-03
164.930000000 2.044099865204e-03
164.940000000 1.979078518973e-03
164.950000000 1.969810702042e-03
164.960000000 1.922622191760e-03
164.970000000 1.852626308264e-03
164.980000000 1.805710783090e-03
164.990000000 1.796193737449e-03
165.000000000 1.767597666290e-03
165.010000000 1.724804481626e-03
165.020000000 1.676463859629e-03
165.030000000 1.641691283494e-03
165.040000000 1.595513543458e-03
165.050000000 1.581759441907e-03
165.060000000 1.528845685785e-03
165.070000000 1.464001922534e-03
165.080000000 1.436536972576e-03
165.090000000 1.406257146720e-03
165.100000000 1.358643668005e-03
165.110000000 1.311162515567e-03
165.120000000 1.280940217026e-03
165.130000000 1.267957930112e-03
165.140000000 1.235860754297e-03
165.150000000 1.204102143129e-03
165.160000000 1.155052369225e-03
165.170000000 1.117367428669e-03
165.180000000 1.090675306915e-03
165.190000000 1.096797650063e-03
165.200000000 1.079961524416e-03
165.210000000 1.048471296965e-03
165.220000000 9.915904908823e-04
165.230000000 9.739587908908e-04
165.240000000 9.676666481688e-04
165.250000000 9.382667300164e-04
165.260000000 9.375105999832e-04
165.270000000 9.104726629586e-04
165.280000000 8.900265994856e-04
165.290000000 8.647941496404e-04
165.300000000 8.347381017165e-04
165.310000000 7.932475701081e-04
165.320000000 7.659369223250e-04
165.330000000 7.713458332894e-04
165.340000000 7.672155533429e-04
165.350000000 7.618668727763e-04
165.360000000 7.035516873401e-04
165.370000000 6.958645469073e-04
165.380000000 6.680564812329e-04
165.390000000 6.968195271320e-04
165.400000000 6.670647773334e-04
165.410000000 6.387660683116e-04
165.420000000 6.208996012024e-04
165.430000000 6.192649044380e-04
165.440000000 6.061934222786e-04
165.450000000 6.220017394287e-04
165.460000000 6.036044587089e-04
165.470000000 6.087822800006e-04
165.480000000 5.986976111533e-04
165.490000000 5.789255528306e-04
165.500000000 5.423693816041e-04
165.510000000 5.185654315395e-04
165.520000000 5.200427959111e-04
165.530000000 5.148702396683e-04
165.540000000 5.190717564070e-04
165.550000000 5.027236500507e-04
165.560000000 4.957012928692e-04
165.570000000 4.755289614749e-04
165.580000000 5.246440152428e-04
165.590000000 5.208018834710e-04
165.600000000 4.971575725497e-04
165.610000000 4.674175893340e-04
165.620000000 4.816469127984e-04
165.630000000 5.022243689297e-04
165.640000000 5.077675730958e-04
165.650000000 5.237367499756e-04
165.660000000 4.808114987033e-04
165.670000000 4.914027668024e-04
165.680000000 4.836011716611e-04
165.690000000 5.011710323407e-04
165.700000000 4.943195350818e-04
165.710000000 4.917814017551e-04
165.720000000 4.918419922739e-04
165.730000000 5.192175684711e-04
165.740000000 4.974765557466e-04
165.750000000 5.094335085454e-04
165.760000000 5.074931326637e-04
165.770000000 5.430100991312e-04
165.780000000 5.497186725262e-04
165.790000000 5.237006393641e-04
165.800000000 4.959100213334e-04
165.810000000 4.690748169399e-04
165.820000000 5.008669184889e-04
165.830000000 5.289539551335e-04
165.840000000 5.242085144589e-04
165.850000000 4.966394668842e-04
165.860000000 5.011491035441e-04
165.870000000 5.084453037757e-04
165.880000000 5.015644739275e-04
165.890000000 4.831938659023e-04
165.900000000 4.479536364519e-04
165.910000000 4.706947512525e-04
165.920000000 4.640162256299e-04
165.930000000 4.728267139145e-04
165.940000000 4.650369011742e-04
165.950000000 4.494404991345e-04
165.960000000 4.287239934845e-04
165.970000000 4.031151983347e-04
165.980000000 4.077368832591e-04
165.990000000 3.612396390206e-04
166.000000000 3.321284879121e-04
166.010000000 3.385756811065e-04
166.020000000 3.403847145615e-04
166.030000000 2.936660603706e-04
166.040000000 2.845433234808e-04
166.050000000 2.929953675218e-04
166.060000000 2.840891022000e-04
166.070000000 2.918115754186e-04
166.080000000 2.865839319741e-04
166.090000000 2.748440313837e-04
166.100000000 2.532161975225e-04
166.110000000 2.745741008422e-04
166.120000000 3.066681586498e-04
166.130000000 2.813413341463e-04
166.140000000 2.727104612247e-04
166.150000000 2.716712600082e-04
166.160000000 2.923031895628e-04
166.170000000 2.953593040146e-04
166.180000000 3.066912517516e-04
166.190000000 3.066178399529e-04
166.200000000 3.207931088024e-04
166.210000000 3.340104264707e-04
166.220000000 3.816157891477e-04
166.230000000 4.092392330713e-04
166.240000000 4.091683275945e-04
166.250000000 4.343284423366e-04
166.260000000 4.429890449558e-04
166.270000000 4.852503908067e-04
166.280000000 4.981353971076e-04
166.290000000 5.574901447767e-04
166.300000000 5.870260207111e-04
166.310000000 6.232111702087e-04
166.320000000 6.641494969370e-04
166.330000000 7.032027482979e-04
166.340000000 7.215586575546e-04
166.350000000 7.606894735211e-04
166.360000000 8.185499555639e-04
166.370000000 8.779979556497e-04
166.380000000 9.032032864098e-04
166.390000000 9.349233045655e-04
166.400000000 1.002916459925e-03
166.410000000 1.050825841885e-03
166.420000000 1.094404518099e-03
166.430000000 1.131306907268e-03
166.440000000 1.178290192878e-03
166.450000000 1.223439049059e-03
166.460000000 1.279736543451e-03
166.470000000 1.327139690222e-03
166.480000000 1.371296237291e-03
166.490000000 1.398648702724e-03
166.500000000 1.465865006251e-03
166.510000000 1.534358851985e-03
166.520000000 1.575134246341e-03
166.530000000 1.588594515730e-03
166.540000000 1.662549883633e-03
166.550000000 1.725934319401e-03
166.560000000 1.780654439163e-03
166.570000000 1.803395029178e-03
166.580000000 1.857145664246e-03
166.590000000 1.903115504399e-03
166.600000000 1.950528273756e-03
166.610000000 2.011900663796e-03
166.620000000 2.068774643730e-03
166.630000000 2.087741944758e-03
166.640000000 2.157791522215e-03
166.650000000 2.211911202716e-03
166.660000000 2.249664542598e-03
166.670000000 2.288091417088e-03
166.680000000 2.308272270626e-03
166.690000000 2.373223340764e-03
166.700000000 2.441177072943e-03
166.710000000 2.504538767668e-03
166.720000000 2.542763782218e-03
166.730000000 2.566068751370e-03
166.740000000 2.593453617147e-03
166.750000000 2.641756720226e-03
166.760000000 2.663287411623e-03
166.770000000 2.688459333367e-03
166.780000000 2.733888354026e-03
166.790000000 2.773991538460e-03
166.800000000 2.828412058238e-03
166.810000000 2.848706849228e-03
166.820000000 2.875369344349e-03
166.830000000 2.906668157614e-03
166.840000000 2.931362907305e-03
166.850000000 2.960079116784e-03
166.860000000 2.982361792950e-03
166.870000000 2.960498352187e-03
166.880000000 2.972036642902e-03
166.890000000 3.005218926620e-03
166.900000000 3.022656182877e-03
166.910000000 3.039083459266e-03
166.920000000 3.038340728134e-03
166.930000000 3.048586569206e-03
166.940000000 3.038255299641e-03
166.950000000 3.058421823515e-03
166.960000000 3.068710829528e-03
166.970000000 3.073472522590e-03
166.980000000 3.064577430388e-03
166.990000000 3.055760475141e-03
167.000000000 3.043005317495e-03
167.010000000 3.024570228433e-03
167.020000000 3.017628829505e-03
167.030000000 3.050435238141e-03
167.040000000 3.068263053721e-03
167.050000000 3.065296802724e-03
167.060000000 3.000356928393e-03
167.070000000 2.978433673164e-03
167.080000000 2.949817643864e-03
167.090000000 2.960673304886e-03
167.100000000 2.973530832986e-03
167.110000000 2.964392536989e-03
167.120000000 2.927952468469e-03
167.130000000 2.912211833192e-03
167.140000000 2.936418924889e-03
167.150000000 2.940338601291e-03
167.160000000 2.921895447942e-03
167.170000000 2.891558343759e-03
167.180000000 2.894890238008e-03
167.190000000 2.899861564179e-03
167.200000000 2.880438676462e-03
167.210000000 2.878627366013e-03
167.220000000 2.883642685416e-03
167.230000000 2.871222767584e-03
167.240000000 2.846558282809e-03
167.250000000 2.817169532460e-03
167.260000000 2.761364878305e-03
167.270000000 2.737690828158e-03
167.280000000 2.745196274947e-03
167.290000000 2.778058303791e-03
167.300000000 2.782728264694e-03
167.310000000 2.781117970613e-03
167.320000000 2.795437715063e-03
167.330000000 2.777178909397e-03
167.340000000 2.742944224604e-03
167.350000000 2.700115346056e-03
167.360000000 2.691371171095e-03
167.370000000 2.680573380527e-03
167.380000000 2.694038223582e-03
167.390000000 2.676606462256e-03
167.400000000 2.634145458537e-03
167.410000000 2.574005785357e-03
167.420000000 2.512422232219e-03
167.430000000 2.532990530045e-03
167.440000000 2.500791305913e-03
167.450000000 2.481330458924e-03
167.460000000 2.512372480470e-03
167.470000000 2.496468837846e-03
167.480000000 2.467813101602e-03
167.490000000 2.448172919037e-03
167.500000000 2.410711653726e-03
167.510000000 2.326700084343e-03
167.520000000 2.302208180014e-03
167.530000000 2.300210807436e-03
167.540000000 2.240588895940e-03
167.550000000 2.219051937829e-03
167.560000000 2.166293811911e-03
167.570000000 2.159360604626e-03
167.580000000 2.127928585092e-03
167.590000000 2.075528762988e-03
167.600000000 1.977336028356e-03
167.610000000 1.927493566967e-03
167.620000000 1.881828274448e-03
167.630000000 1.872350072807e-03
167.640000000 1.848494809494e-03
167.650000000 1.790365374620e-03
167.660000000 1.741019752981e-03
167.670000000 1.656190722143e-03
167.680000000 1.560642129366e-03
167.690000000 1.484160920437e-03
167.700000000 1.444646304228e-03
167.710000000 1.440000143103e-03
167.720000000 1.415652162432e-03
167.730000000 1.337210890504e-03
167.740000000 1.250369788958e-03
167.750000000 1.125391581181e-03
167.760000000 1.045669868731e-03
167.770000000 1.014083702503e-03
167.780000000 9.572561544875e-04
167.790000000 8.945945718915e-04
167.800000000 7.896185904714e-04
167.810000000 7.103106606198e-04
167.820000000 6.571473682348e-04
167.830000000 6.230588039339e-04
167.840000000 5.268199361927e-04
167.850000000 4.671773070805e-04
167.860000000 3.701427243515e-04
167.870000000 2.963498491051e-04
167.880000000 2.396797221227e-04
167.890000000 1.527036889848e-04
167.900000000 7.150992231125e-05
167.910000000 -5.936393675542e-06
167.920000000 -8.612793119548e-05
167.930000000 -1.795690869434e-04
167.940000000 -2.394205621344e-04
167.950000000 -2.990690742712e-04
167.960000000 -3.559471689218e-04
167.970000000 -4.461689984931e-04
167.980000000 -5.248667759609e-04
167.990000000 -6.537272509573e-04
168.000000000 -7.336620812464e-04
168.010000000 -8.118964678069e-04
168.020000000 -8.265720714366e-04
168.030000000 -8.999474258028e-04
168.040000000 -9.829678598501e-04
168.050000000 -1.067289277476e-03
168.060000000 -1.122409325476e-03
168.070000000 -1.175945832248e-03
168.080000000 -1.255081812966e-03
168.090000000 -1.307008116122e-03
168.100000000 -1.379244783505e-03
168.110000000 -1.436865045233e-03
168.120000000 -1.488392686637e-03
168.130000000 -1.580298429484e-03
168.140000000 -1.687905358133e-03
168.150000000 -1.764256158358e-03
168.160000000 -1.803056953368e-03
168.170000000 -1.815753858635e-03
168.180000000 -1.874683100823e-03
168.190000000 -1.930651320256e-03
168.200000000 -2.015126863105e-03
168.210000000 -2.083240838757e-03
168.220000000 -2.174401839208e-03
168.230000000 -2.227917788085e-03
168.240000000 -2.286769113354e-03
168.250000000 -2.314847292601e-03
168.260000000 -2.355507625065e-03
168.270000000 -2.391893594197e-03
168.280000000 -2.484348017095e-03
168.290000000 -2.571060086449e-03
168.300000000 -2.621557115731e-03
168.310000000 -2.671728782675e-03
168.320000000 -2.685704839003e-03
168.330000000 -2.773992999535e-03
168.340000000 -2.810193502210e-03
168.350000000 -2.858718171734e-03
168.360000000 -2.885860204886e-03
168.370000000 -2.942990526096e-03
168.380000000 -3.011840103774e-03
168.390000000 -3.072836259713e-03
168.400000000 -3.118425315690e-03
168.410000000 -3.137477950133e-03
168.420000000 -3.155824330348e-03
168.430000000 -3.183029110677e-03
168.440000000 -3.221733439016e-03
168.450000000 -3.271877560504e-03
168.460000000 -3.315546594596e-03
168.470000000 -3.375003168174e-03
168.480000000 -3.427907536874e-03
168.490000000 -3.436240958631e-03
168.500000000 -3.445799394971e-03
168.510000000 -3.451948656876e-03
168.520000000 -3.504653750126e-03
168.530000000 -3.557267768724e-03
168.540000000 -3.598016272696e-03
168.550000000 -3.607427432196e-03
168.560000000 -3.623811209005e-03
168.570000000 -3.656208672238e-03
168.580000000 -3.659190538659e-03
168.590000000 -3.684487942743e-03
168.600000000 -3.690889184766e-03
168.610000000 -3.704602574356e-03
168.620000000 -3.706642248906e-03
168.630000000 -3.750576133814e-03
168.640000000 -3.760449818370e-03
168.650000000 -3.772532766735e-03
168.660000000 -3.753425536313e-03
168.670000000 -3.773568198894e-03
168.680000000 -3.761703717443e-03
168.690000000 -3.742960285763e-03
168.700000000 -3.741206956478e-03
168.710000000 -3.714275182502e-03
168.720000000 -3.716057415951e-03
168.730000000 -3.746299439250e-03
168.740000000 -3.738190353275e-03
168.750000000 -3.705463640267e-03
168.760000000 -3.669278993568e-03
168.770000000 -3.662471550024e-03
168.780000000 -3.668401981387e-03
168.790000000 -3.656083653860e-03
168.800000000 -3.619035373352e-03
168.810000000 -3.593973490386e-03
168.820000000 -3.565275659755e-03
168.830000000 -3.524775185065e-03
168.840000000 -3.500061717159e-03
168.850000000 -3.464694017624e-03
168.860000000 -3.441587070061e-03
168.870000000 -3.427085141996e-03
168.880000000 -3.415518567502e-03
168.890000000 -3.372037853972e-03
168.900000000 -3.344572924828e-03
168.910000000 -3.331080865912e-03
168.920000000 -3.302800695087e-03
168.930000000 -3.289025845007e-03
168.940000000 -3.238757152624e-03
168.950000000 -3.229063141559e-03
168.960000000 -3.184341175368e-03
168.970000000 -3.158247391491e-03
168.980000000 -3.142543525401e-03
168.990000000 -3.111452035264e-03
169.000000000 -3.054569505710e-03
169.010000000 -3.035949927811e-03
169.020000000 -3.029624073898e-03
169.030000000 -3.026229381231e-03
169.040000000 -2.987943137720e-03
169.050000000 -2.958116724676e-03
169.060000000 -2.960250116865e-03
169.070000000 -2.970119400313e-03
169.080000000 -2.905059168973e-03
169.090000000 -2.904955991711e-03
169.100000000 -2.852785406922e-03
169.110000000 -2.844005894805e-03
169.120000000 -2.845410596447e-03
169.130000000 -2.828353064924e-03
169.140000000 -2.789539076156e-03
169.150000000 -2.763879882964e-03
169.160000000 -2.749148019630e-03
169.170000000 -2.741906462305e-03
169.180000000 -2.730583215131e-03
169.190000000 -2.715279733523e-03
169.200000000 -2.702549216759e-03
169.210000000 -2.691905094865e-03
169.220000000 -2.674353604629e-03
169.230000000 -2.634662786175e-03
169.240000000 -2.614293426430e-03
169.250000000 -2.593584086323e-03
169.260000000 -2.595013067889e-03
169.270000000 -2.594151255341e-03
169.280000000 -2.539023026610e-03
169.290000000 -2.512908711580e-03
169.300000000 -2.482515174525e-03
169.310000000 -2.523144417758e-03
169.320000000 -2.483094885540e-03
169.330000000 -2.469389152691e-03
169.340000000 -2.434742983115e-03
169.350000000 -2.448072980218e-03
169.360000000 -2.441770686055e-03
169.370000000 -2.427359961946e-03
169.380000000 -2.390131002970e-03
169.390000000 -2.362125037636e-03
169.400000000 -2.374076468000e-03
169.410000000 -2.344086804609e-03
169.420000000 -2.351285092320e-03
169.430000000 -2.326274359208e-03
169.440000000 -2.353789115961e-03
169.450000000 -2.309675183815e-03
169.460000000 -2.309719633817e-03
169.470000000 -2.294926475853e-03
169.480000000 -2.263863331712e-03
169.490000000 -2.239002952424e-03
169.500000000 -2.242720263351e-03
169.510000000 -2.253389183178e-03
169.520000000 -2.241483113172e-03
169.530000000 -2.205129483378e-03
169.540000000 -2.206409007454e-03
169.550000000 -2.216519391121e-03
169.560000000 -2.236405233805e-03
169.570000000 -2.201137555187e-03
169.580000000 -2.189896531883e-03
169.590000000 -2.161558431621e-03
169.600000000 -2.188243509768e-03
169.610000000 -2.165989439120e-03
169.620000000 -2.150370021390e-03
169.630000000 -2.117230439471e-03
169.640000000 -2.142418662159e-03
169.650000000 -2.145931698268e-03
169.660000000 -2.164767605112e-03
169.670000000 -2.172299159456e-03
169.680000000 -2.140858575097e-03
169.690000000 -2.131700607918e-03
169.700000000 -2.125025377493e-03
169.710000000 -2.130220905607e-03
169.720000000 -2.110789107573e-03
169.730000000 -2.130701772752e-03
169.740000000 -2.172615700188e-03
169.750000000 -2.173935326166e-03
169.760000000 -2.170795580558e-03
169.770000000 -2.150979666163e-03
169.780000000 -2.135373043545e-03
169.790000000 -2.132715157130e-03
169.800000000 -2.180488039007e-03
169.810000000 -2.187883768129e-03
169.820000000 -2.169234773302e-03
169.830000000 -2.182081935849e-03
169.840000000 -2.212041850419e-03
169.850000000 -2.206835572447e-03
169.860000000 -2.178532835406e-03
169.870000000 -2.159481648178e-03
169.880000000 -2.156072823504e-03
169.890000000 -2.176898112485e-03
169.900000000 -2.175299609817e-03
169.910000000 -2.184994787238e-03
169.920000000 -2.178291910631e-03
169.930000000 -2.175292658395e-03
169.940000000 -2.183155602997e-03
169.950000000 -2.179211601660e-03
169.960000000 -2.131276628507e-03
169.970000000 -2.111352009639e-03
169.980000000 -2.124123633478e-03
169.990000000 -2.104158877903e-03
170.000000000 -2.125006426747e-03
170.010000000 -2.095525074867e-03
170.020000000 -2.071550430626e-03
170.030000000 -2.051187175137e-03
170.040000000 -2.049998412469e-03
170.050000000 -2.044606265783e-03
170.060000000 -1.996531621881e-03
170.070000000 -1.964707024949e-03
170.080000000 -1.934442259175e-03
170.090000000 -1.937983718280e-03
170.100000000 -1.914294291927e-03
170.110000000 -1.869426292637e-03
170.120000000 -1.849806026799e-03
170.130000000 -1.825741039821e-03
170.140000000 -1.806337590148e-03
170.150000000 -1.777635337540e-03
170.160000000 -1.739355576084e-03
170.170000000 -1.678696690068e-03
170.180000000 -1.670986687326e-03
170.190000000 -1.625481607851e-03
170.200000000 -1.591143602512e-03
170.210000000 -1.568444007270e-03
170.220000000 -1.529949002699e-03
170.230000000 -1.508310510432e-03
170.240000000 -1.476354220457e-03
170.250000000 -1.460960733221e-03
170.260000000 -1.387770843465e-03
170.270000000 -1.361570839518e-03
170.280000000 -1.330293580920e-03
170.290000000 -1.326898796050e-03
170.300000000 -1.259948374079e-03
170.310000000 -1.218825186339e-03
170.320000000 -1.183161415801e-03
170.330000000 -1.159800830243e-03
170.340000000 -1.141818500665e-03
170.350000000 -1.102909348843e-03
170.360000000 -1.048334529229e-03
170.370000000 -9.863976811583e-04
170.380000000 -9.814948145916e-04
170.390000000 -9.397811752291e-04
170.400000000 -9.071414487209e-04
170.410000000 -8.620295376139e-04
170.420000000 -8.350359067425e-04
170.430000000 -7.870695989518e-04
170.440000000 -7.577507376116e-04
170.450000000 -7.100163395222e-04
170.460000000 -6.500913038570e-04
170.470000000 -5.987298449929e-04
170.480000000 -5.755759467977e-04
170.490000000 -5.228300899984e-04
170.500000000 -4.579555689511e-04
170.510000000 -3.999222667861e-04
170.520000000 -3.664372192911e-04
170.530000000 -3.214684651254e-04
170.540000000 -2.586587196379e-04
170.550000000 -1.933858406628e-04
170.560000000 -1.357970189120e-04
170.570000000 -1.101633424684e-04
170.580000000 -5.995772240212e-05
170.590000000 -3.845517183733e-05
170.600000000 5.934093086540e-05
170.610000000 1.245342838960e-04
170.620000000 1.591224837410e-04
170.630000000 1.766824776218e-04
170.640000000 2.502093338884e-04
170.650000000 2.801149318329e-04
170.660000000 3.442779302904e-04
170.670000000 4.016740514612e-04
170.680000000 4.431106928092e-04
170.690000000 4.761570032133e-04
170.700000000 5.482976787142e-04
170.710000000 6.087687146297e-04
170.720000000 6.212944599815e-04
170.730000000 6.442832951198e-04
170.740000000 6.990577754690e-04
170.750000000 7.539070876722e-04
170.760000000 7.773302364234e-04
170.770000000 8.308697394682e-04
170.780000000 8.632965426788e-04
170.790000000 9.103801288383e-04
170.800000000 9.517681749461e-04
170.810000000 9.811551703782e-04
170.820000000 9.936632169436e-04
170.830000000 1.006220281464e-03
170.840000000 1.039987583560e-03
170.850000000 1.099541063028e-03
170.860000000 1.126121047646e-03
170.870000000 1.123634260100e-03
170.880000000 1.150651422191e-03
170.890000000 1.188639370914e-03
170.900000000 1.198391688249e-03
170.910000000 1.232527323613e-03
170.920000000 1.230005710375e-03
170.930000000 1.244210118589e-03
170.940000000 1.262674269441e-03
170.950000000 1.301311722528e-03
170.960000000 1.289987343922e-03
170.970000000 1.301947825362e-03
170.980000000 1.324179873226e-03
170.990000000 1.344288745055e-03
171.000000000 1.371910799377e-03
171.010000000 1.378429494742e-03
171.020000000 1.374763497165e-03
171.030000000 1.375525225352e-03
171.040000000 1.418733699837e-03
171.050000000 1.429751086646e-03
171.060000000 1.424625308522e-03
171.070000000 1.432826511836e-03
171.080000000 1.420773755440e-03
171.090000000 1.422938907005e-03
171.100000000 1.456341253718e-03
171.110000000 1.471108658823e-03
171.120000000 1.469160527997e-03
171.130000000 1.486521707683e-03
171.140000000 1.495124935338e-03
171.150000000 1.489296992399e-03
171.160000000 1.481071875180e-03
171.170000000 1.500729873403e-03
171.180000000 1.550849908470e-03
171.190000000 1.547382027884e-03
171.200000000 1.581375310802e-03
171.210000000 1.576544613125e-03
171.220000000 1.569573376603e-03
171.230000000 1.582174841046e-03
171.240000000 1.632573488781e-03
171.250000000 1.644932144218e-03
171.260000000 1.630411006041e-03
171.270000000 1.652204406970e-03
171.280000000 1.642139137234e-03
171.290000000 1.664567337213e-03
171.300000000 1.681305718302e-03
171.310000000 1.677222393275e-03
171.320000000 1.681498360808e-03
171.330000000 1.708289021387e-03
171.340000000 1.721851614938e-03
171.350000000 1.717047097963e-03
171.360000000 1.738649464940e-03
171.370000000 1.733662124526e-03
171.380000000 1.767761676060e-03
171.390000000 1.777071139369e-03
171.400000000 1.796941959461e-03
171.410000000 1.790983860550e-03
171.420000000 1.823258143615e-03
171.430000000 1.849244896664e-03
171.440000000 1.855021258046e-03
171.450000000 1.853214427860e-03
171.460000000 1.866999015889e-03
171.470000000 1.874305416431e-03
171.480000000 1.917083639183e-03
171.490000000 1.916103908307e-03
171.500000000 1.910188772333e-03
171.510000000 1.910713756957e-03
171.520000000 1.914718229765e-03
171.530000000 1.929055989285e-03
171.540000000 1.969226331423e-03
171.550000000 1.960353394818e-03
171.560000000 1.994563507607e-03
171.570000000 2.004661002649e-03
171.580000000 2.023095313871e-03
171.590000000 2.023998902809e-03
171.600000000 2.020264610348e-03
171.610000000 2.054844706094e-03
171.620000000 2.023243590337e-03
171.630000000 2.089438118433e-03
171.640000000 2.031283983341e-03
171.650000000 2.023362386939e-03
171.660000000 2.012509413120e-03
171.670000000 2.041806467060e-03
171.680000000 2.064121871095e-03
171.690000000 2.034824251697e-03
171.700000000 2.062950339375e-03
171.710000000 2.032633293243e-03
171.720000000 2.061416746999e-03
171.730000000 2.058631124227e-03
171.740000000 2.076364007244e-03
171.750000000 2.034363452944e-03
171.760000000 2.035199130913e-03
171.770000000 2.076221320783e-03
171.780000000 2.069526210224e-03
171.790000000 2.071336331725e-03
171.800000000 2.040652629871e-03
171.810000000 2.036085922407e-03
171.820000000 2.049504457907e-03
171.830000000 2.023056500219e-03
171.840000000 2.017402502069e-03
171.850000000 2.011755746980e-03
171.860000000 2.006148782357e-03
171.870000000 2.007070969232e-03
171.880000000 1.975284387322e-03
171.890000000 1.959798366919e-03
171.900000000 1.916377287308e-03
171.910000000 1.931422016221e-03
171.920000000 1.929923061987e-03
171.930000000 1.915877040255e-03
171.940000000 1.900661536099e-03
171.950000000 1.849587753069e-03
171.960000000 1.822607907640e-03
171.970000000 1.775865912325e-03
171.980000000 1.777571902826e-03
171.990000000 1.747151440860e-03
172.000000000 1.724704205690e-03
172.010000000 1.693777697501e-03
172.020000000 1.697971031213e-03
172.030000000 1.645707608378e-03
172.040000000 1.621209125103e-03
172.050000000 1.603319938095e-03
172.060000000 1.609899228470e-03
172.070000000 1.600716939792e-03
172.080000000 1.570466624146e-03
172.090000000 1.534045867273e-03
172.100000000 1.507508646381e-03
172.110000000 1.482382279081e-03
172.120000000 1.444872601888e-03
172.130000000 1.411380423625e-03
172.140000000 1.391239712035e-03
172.150000000 1.392089116741e-03
172.160000000 1.396416661344e-03
172.170000000 1.409318608825e-03
172.180000000 1.382232429465e-03
172.190000000 1.357723948754e-03
172.200000000 1.344333931866e-03
172.210000000 1.352627413267e-03
172.220000000 1.327781691602e-03
172.230000000 1.325269317785e-03
172.240000000 1.283991348095e-03
172.250000000 1.300150593487e-03
172.260000000 1.298651658128e-03
172.270000000 1.330202774009e-03
172.280000000 1.282545725233e-03
172.290000000 1.279865549056e-03
172.300000000 1.284935713880e-03
172.310000000 1.285753207993e-03
172.320000000 1.297267945397e-03
172.330000000 1.273234675099e-03
172.340000000 1.283474680647e-03
172.350000000 1.322951889818e-03
172.360000000 1.316293462503e-03
172.370000000 1.331249412052e-03
172.380000000 1.346188551760e-03
172.390000000 1.332750146309e-03
172.400000000 1.367759288440e-03
172.410000000 1.392417446578e-03
172.420000000 1.400436830305e-03
172.430000000 1.389834646379e-03
172.440000000 1.393204807433e-03
172.450000000 1.435638682535e-03
172.460000000 1.430278379840e-03
172.470000000 1.416373282078e-03
172.480000000 1.451717965318e-03
172.490000000 1.439105081239e-03
172.500000000 1.453006664204e-03
172.510000000 1.480645488185e-03
172.520000000 1.482293266226e-03
172.530000000 1.460010888708e-03
172.540000000 1.471322029891e-03
172.550000000 1.489445743611e-03
172.560000000 1.512272660067e-03
172.570000000 1.492408881663e-03
172.580000000 1.516276291643e-03
172.590000000 1.517997384303e-03
172.600000000 1.520801098969e-03
172.610000000 1.497865593832e-03
172.620000000 1.507792755936e-03
172.630000000 1.489322398765e-03
172.640000000 1.492623747564e-03
172.650000000 1.507433464400e-03
172.660000000 1.488978768834e-03
172.670000000 1.481314822815e-03
172.680000000 1.456453389647e-03
172.690000000 1.462164835604e-03
172.700000000 1.471365811648e-03
172.710000000 1.455412323920e-03
172.720000000 1.427345961407e-03
172.730000000 1.386226048240e-03
172.740000000 1.406671620247e-03
172.750000000 1.405722875022e-03
172.760000000 1.390579419562e-03
172.770000000 1.384590767309e-03
172.780000000 1.360249478410e-03
172.790000000 1.355050883645e-03
172.800000000 1.341627077389e-03
172.810000000 1.322025594122e-03
172.820000000 1.325785970060e-03
172.830000000 1.323211486729e-03
172.840000000 1.322753550795e-03
172.850000000 1.334041961456e-03
172.860000000 1.252396921689e-03
172.870000000 1.244953436980e-03
172.880000000 1.195757597031e-03
172.890000000 1.210489835935e-03
172.900000000 1.192305806425e-03
172.910000000 1.175167126829e-03
172.920000000 1.169619483984e-03
172.930000000 1.181612665246e-03
172.940000000 1.174265354542e-03
172.950000000 1.163804413108e-03
172.960000000 1.131106731714e-03
172.970000000 1.075923110099e-03
172.980000000 1.079831776868e-03
172.990000000 1.078021354651e-03
173.000000000 1.071065672438e-03
173.010000000 1.028063645209e-03
173.020000000 1.001519671782e-03
173.030000000 9.767458857540e-04
173.040000000 9.923989831752e-04
173.050000000 9.531178410130e-04
173.060000000 9.281667425304e-04
173.070000000 9.071894023022e-04
173.080000000 9.185611606169e-04
173.090000000 9.106774560839e-04
173.100000000 8.753122084270e-04
173.110000000 8.526509686379e-04
173.120000000 8.352357961603e-04
173.130000000 7.983000519709e-04
173.140000000 7.967293202634e-04
173.150000000 7.748320759499e-04
173.160000000 7.274100593998e-04
173.170000000 7.209161071522e-04
173.180000000 7.098836978187e-04
173.190000000 7.087792431124e-04
173.200000000 6.717030111716e-04
173.210000000 6.020484078428e-04
173.220000000 5.907201925646e-04
173.230000000 5.933569483344e-04
173.240000000 5.605716009324e-04
173.250000000 5.309720055215e-04
173.260000000 4.910518783454e-04
173.270000000 5.322560465260e-04
173.280000000 4.975799450781e-04
173.290000000 4.935354509474e-04
173.300000000 4.429156650681e-04
173.310000000 4.150746628055e-04
173.320000000 3.890553323216e-04
173.330000000 4.110386539709e-04
173.340000000 3.953247989306e-04
173.350000000 3.901941994911e-04
173.360000000 3.900385263313e-04
173.370000000 3.729706575212e-04
173.380000000 3.052962430527e-04
173.390000000 3.136775788726e-04
173.400000000 2.821928432623e-04
173.410000000 2.376385456327e-04
173.420000000 2.870461090351e-04
173.430000000 3.153081144670e-04
173.440000000 3.161215832139e-04
173.450000000 2.876211812391e-04
173.460000000 2.539398290041e-04
173.470000000 2.506705159417e-04
173.480000000 2.591885171382e-04
173.490000000 2.282034566507e-04
173.500000000 2.565124569752e-04
173.510000000 2.605612669992e-04
173.520000000 2.856537033245e-04
173.530000000 2.447015108418e-04
173.540000000 2.376922994712e-04
173.550000000 2.313393939384e-04
173.560000000 2.289568684461e-04
173.570000000 2.194593290502e-04
173.580000000 2.226300938904e-04
173.590000000 2.107533798164e-04
173.600000000 2.234223330029e-04
173.610000000 2.116662268318e-04
173.620000000 2.508119761145e-04
173.630000000 2.841970090456e-04
173.640000000 2.611511702597e-04
173.650000000 2.253351014670e-04
173.660000000 1.935083074687e-04
173.670000000 2.142076858008e-04
173.680000000 1.923608732009e-04
173.690000000 2.045485555710e-04
173.700000000 2.068568773657e-04
173.710000000 2.013932053850e-04
173.720000000 2.318228787720e-04
173.730000000 2.124401243306e-04
173.740000000 2.112528760335e-04
173.750000000 1.970138143451e-04
173.760000000 2.080437066633e-04
173.770000000 2.329356312740e-04
173.780000000 2.315093614065e-04
173.790000000 1.988148057934e-04
173.800000000 2.059476473241e-04
173.810000000 1.896239980805e-04
173.820000000 1.775929367455e-04
173.830000000 1.553587398536e-04
173.840000000 1.170905903524e-04
173.850000000 1.412616647852e-04
173.860000000 9.864013698598e-05
173.870000000 1.027779481836e-04
173.880000000 5.591790168688e-05
173.890000000 4.424855045175e-05
173.900000000 1.698513943412e-05
173.910000000 1.277936816426e-05
173.920000000 -1.277239981774e-07
173.930000000 -2.100625344661e-05
173.940000000 -7.112447202699e-05
173.950000000 -9.527553394852e-05
173.960000000 -1.056767008301e-04
173.970000000 -1.105988252987e-04
173.980000000 -1.097251212363e-04
173.990000000 -1.765014544710e-04
174.000000000 -2.087094706090e-04
174.010000000 -2.089958454415e-04
174.020000000 -2.223548016800e-04
174.030000000 -2.540576147062e-04
174.040000000 -2.923522659288e-04
174.050000000 -3.024991022301e-04
174.060000000 -3.085679212657e-04
174.070000000 -3.252113197131e-04
174.080000000 -3.424529934971e-04
174.090000000 -3.586109452466e-04
174.100000000 -3.723441144076e-04
174.110000000 -4.083560115661e-04
174.120000000 -4.155736751926e-04
174.130000000 -4.466060433070e-04
174.140000000 -4.292319126754e-04
174.150000000 -4.301773861059e-04
174.160000000 -4.284540570311e-04
174.170000000 -4.922362359881e-04
174.180000000 -5.404387070765e-04
174.190000000 -5.818625017761e-04
174.200000000 -5.765337643857e-04
174.210000000 -5.786763272517e-04
174.220000000 -5.712557911481e-04
174.230000000 -5.881071124774e-04
174.240000000 -6.038242886953e-04
174.250000000 -5.946693676059e-04
174.260000000 -6.037398241506e-04
174.270000000 -5.994216005237e-04
174.280000000 -6.404610930942e-04
174.290000000 -6.339012844485e-04
174.300000000 -6.485467478107e-04
174.310000000 -6.459602068810e-04
174.320000000 -6.550536928897e-04
174.330000000 -6.952057320328e-04
174.340000000 -6.991330015549e-04
174.350000000 -7.311959198698e-04
174.360000000 -7.386399547420e-04
174.370000000 -7.482818101014e-04
174.380000000 -7.298059806927e-04
174.390000000 -7.265578992637e-04
174.400000000 -7.458937296461e-04
174.410000000 -7.526170875579e-04
174.420000000 -7.847909490821e-04
174.430000000 -7.909447720702e-04
174.440000000 -7.982881224812e-04
174.450000000 -8.055639956520e-04
174.460000000 -8.241973633877e-04
174.470000000 -8.423073890793e-04
174.480000000 -8.688080269966e-04
174.490000000 -8.732362533859e-04
174.500000000 -8.462711778823e-04
174.510000000 -8.606130692413e-04
174.520000000 -8.711279620531e-04
174.530000000 -8.981258549637e-04
174.540000000 -8.959022399384e-04
174.550000000 -9.052228563534e-04
174.560000000 -9.270355866729e-04
174.570000000 -9.626955275156e-04
174.580000000 -9.821780108693e-04
174.590000000 -9.622046924032e-04
174.600000000 -9.495889843002e-04
174.610000000 -9.546919232384e-04
174.620000000 -9.651862893920e-04
174.630000000 -9.712468203265e-04
174.640000000 -1.003648052649e-03
174.650000000 -1.009851093436e-03
174.660000000 -1.030295369525e-03
174.670000000 -1.049230342867e-03
174.680000000 -1.043366509517e-03
174.690000000 -1.034009226544e-03
174.700000000 -1.042250635238e-03
174.710000000 -1.065584548974e-03
174.720000000 -1.080772080030e-03
174.730000000 -1.096990241802e-03
174.740000000 -1.091931180644e-03
174.750000000 -1.094736701170e-03
174.760000000 -1.100570355071e-03
174.770000000 -1.131408327213e-03
174.780000000 -1.131854055606e-03
174.790000000 -1.143144776592e-03
174.800000000 -1.179480434151e-03
174.810000000 -1.212172171016e-03
174.820000000 -1.226135154475e-03
174.830000000 -1.209173820527e-03
174.840000000 -1.197857003618e-03
174.850000000 -1.231749836529e-03
174.860000000 -1.279124095756e-03
174.870000000 -1.316852317680e-03
174.880000000 -1.317185802872e-03
174.890000000 -1.286451385356e-03
174.900000000 -1.267116392070e-03
174.910000000 -1.267875821696e-03
174.920000000 -1.298790701173e-03
174.930000000 -1.335670314246e-03
174.940000000 -1.367441847323e-03
174.950000000 -1.375538729036e-03
174.960000000 -1.396940108719e-03
174.970000000 -1.382870975701e-03
174.980000000 -1.374723036553e-03
174.990000000 -1.354246019332e-03
175.000000000 -1.366657687353e-03
175.010000000 -1.367812046802e-03
175.020000000 -1.377652683672e-03
175.030000000 -1.376603380559e-03
175.040000000 -1.378346331250e-03
175.050000000 -1.370304167932e-03
175.060000000 -1.376566543176e-03
175.070000000 -1.375595426859e-03
175.080000000 -1.372723176436e-03
175.090000000 -1.397701561309e-03
175.100000000 -1.385526215848e-03
175.110000000 -1.384991900958e-03
175.120000000 -1.338556943678e-03
175.130000000 -1.303045237224e-03
175.140000000 -1.277012042749e-03
175.150000000 -1.320065266934e-03
175.160000000 -1.366198403827e-03
175.170000000 -1.374527842217e-03
175.180000000 -1.343300939119e-03
175.190000000 -1.318861848334e-03
175.200000000 -1.318638011133e-03
175.210000000 -1.321857099135e-03
175.220000000 -1.319960020111e-03
175.230000000 -1.313331569031e-03
175.240000000 -1.290705075617e-03
175.250000000 -1.263915040211e-03
175.260000000 -1.292257428766e-03
175.270000000 -1.263962671351e-03
175.280000000 -1.256516241027e-03
175.290000000 -1.250439793278e-03
175.300000000 -1.282677937968e-03
175.310000000 -1.278939188152e-03
175.320000000 -1.250423982445e-03
175.330000000 -1.221940883859e-03
175.340000000 -1.233106696344e-03
175.350000000 -1.238924119785e-03
175.360000000 -1.248615226337e-03
175.370000000 -1.242995563162e-03
175.380000000 -1.234674408126e-03
175.390000000 -1.220123292514e-03
175.400000000 -1.241631401441e-03
175.410000000 -1.229387775851e-03
175.420000000 -1.202495809699e-03
175.430000000 -1.156641279822e-03
175.440000000 -1.144065166265e-03
175.450000000 -1.139555302261e-03
175.460000000 -1.140871329244e-03
175.470000000 -1.135579659381e-03
175.480000000 -1.115581226477e-03
175.490000000 -1.146288726107e-03
175.500000000 -1.136397901316e-03
175.510000000 -1.110591848604e-03
175.520000000 -1.080997900106e-03
175.530000000 -1.036084405252e-03
175.540000000 -1.020885280756e-03
175.550000000 -1.015444339355e-03
175.560000000 -1.023493113525e-03
175.570000000 -1.011292914006e-03
175.580000000 -9.988019758134e-04
175.590000000 -9.637126930037e-04
175.600000000 -9.435687293449e-04
175.610000000 -9.109977460951e-04
175.620000000 -8.677856298187e-04
175.630000000 -8.510868920821e-04
175.640000000 -8.663642112689e-04
175.650000000 -8.869628150398e-04
175.660000000 -8.327955276365e-04
175.670000000 -7.597371526493e-04
175.680000000 -7.342393677360e-04
175.690000000 -7.363323645037e-04
175.700000000 -7.275335396769e-04
175.710000000 -6.690771266404e-04
175.720000000 -6.419893176621e-04
175.730000000 -6.142313554284e-04
175.740000000 -6.051873815676e-04
175.750000000 -5.673223941149e-04
175.760000000 -5.539682111437e-04
175.770000000 -5.219705207372e-04
175.780000000 -5.097125636820e-04
175.790000000 -4.980707590059e-04
175.800000000 -4.919246439947e-04
175.810000000 -4.566784579203e-04
175.820000000 -4.148489299900e-04
175.830000000 -4.030341473276e-04
175.840000000 -3.666035495456e-04
175.850000000 -3.347706166133e-04
175.860000000 -3.081189324436e-04
175.870000000 -2.870599170235e-04
175.880000000 -2.851392071349e-04
175.890000000 -2.856261697803e-04
175.900000000 -2.941623603933e-04
175.910000000 -2.191639982652e-04
175.920000000 -1.678978078606e-04
175.930000000 -1.757931615010e-04
175.940000000 -1.595643692644e-04
175.950000000 -1.334558865580e-04
175.960000000 -1.160238422620e-04
175.970000000 -8.197372460125e-05
175.980000000 -8.186262979997e-05
175.990000000 -3.712236812860e-05
176.000000000 -1.281821348775e-05
176.010000000 4.204157388872e-05
176.020000000 5.065558978124e-05
176.030000000 6.848183235237e-05
176.040000000 1.038020063942e-04
176.050000000 1.160384924058e-04
176.060000000 1.653331478451e-04
176.070000000 1.856227419902e-04
176.080000000 1.978383071477e-04
176.090000000 2.107903016967e-04
176.100000000 2.557756763110e-04
176.110000000 3.279138837422e-04
176.120000000 3.335860791468e-04
176.130000000 3.721177166624e-04
176.140000000 3.752114445723e-04
176.150000000 4.297789780016e-04
176.160000000 4.480112493334e-04
176.170000000 4.786402637939e-04
176.180000000 4.760456852597e-04
176.190000000 4.981960513035e-04
176.200000000 5.328932751380e-04
176.210000000 5.671767503854e-04
176.220000000 6.014018767036e-04
176.230000000 6.067670886793e-04
176.240000000 6.299422467250e-04
176.250000000 6.554401630468e-04
176.260000000 6.944099061205e-04
176.270000000 6.832532667743e-04
176.280000000 7.128053398202e-04
176.290000000 7.468183842400e-04
176.300000000 8.086340380507e-04
176.310000000 7.949349289865e-04
176.320000000 7.890578981049e-04
176.330000000 8.110643821975e-04
176.340000000 8.319360997175e-04
176.350000000 8.718469379391e-04
176.360000000 8.574443418543e-04
176.370000000 8.653142165807e-04
176.380000000 8.656319536102e-04
176.390000000 8.740632167335e-04
176.400000000 8.731930758717e-04
176.410000000 8.824530832984e-04
176.420000000 8.808452901599e-04
176.430000000 8.871722759237e-04
176.440000000 8.862581156187e-04
176.450000000 9.117933326174e-04
176.460000000 9.128591875904e-04
176.470000000 9.220175847680e-04
176.480000000 8.997768155369e-04
176.490000000 8.919921500792e-04
176.500000000 9.135230185173e-04
176.510000000 8.858147078732e-04
176.520000000 8.645264291689e-04
176.530000000 8.645939399178e-04
176.540000000 8.615370719768e-04
176.550000000 8.483495186635e-04
176.560000000 8.197579161171e-04
176.570000000 7.996015488227e-04
176.580000000 8.159270602330e-04
176.590000000 7.947487409882e-04
176.600000000 7.882482954253e-04
176.610000000 7.522332035043e-04
176.620000000 7.304320234214e-04
176.630000000 7.059452553348e-04
176.640000000 6.932146368143e-04
176.650000000 6.766636948306e-04
176.660000000 6.433517638588e-04
176.670000000 6.155402426251e-04
176.680000000 6.062193212328e-04
176.690000000 6.165078991984e-04
176.700000000 5.893515797900e-04
176.710000000 5.561774958202e-04
176.720000000 5.200614805067e-04
176.730000000 4.995801848468e-04
176.740000000 4.796876277881e-04
176.750000000 4.555218683141e-04
176.760000000 4.584058706686e-04
176.770000000 4.423928333274e-04
176.780000000 4.259789010901e-04
176.790000000 4.007076291845e-04
176.800000000 3.926616148107e-04
176.810000000 3.532615688399e-04
176.820000000 3.195585710944e-04
176.830000000 2.992995642149e-04
176.840000000 3.064782088197e-04
176.850000000 3.131252744052e-04
176.860000000 3.150216848772e-04
176.870000000 2.906235970722e-04
176.880000000 2.877358486910e-04
176.890000000 2.579189090418e-04
176.900000000 2.546435868688e-04
176.910000000 2.083120463986e-04
176.920000000 2.269762436633e-04
176.930000000 2.195430076935e-04
176.940000000 2.066458941315e-04
176.950000000 2.055767114818e-04
176.960000000 1.707538623877e-04
176.970000000 1.846807296574e-04
176.980000000 1.822239658459e-04
176.990000000 1.848947913690e-04
177.000000000 1.499719735616e-04
177.010000000 1.329357784461e-04
177.020000000 1.228426459032e-04
177.030000000 1.174673606625e-04
177.040000000 1.600856916970e-04
177.050000000 1.414478985797e-04
177.060000000 1.117131080198e-04
177.070000000 1.324596065963e-04
177.080000000 1.347494526158e-04
177.090000000 1.181158558726e-04
177.100000000 9.995241396137e-05
177.110000000 8.063024736111e-05
177.120000000 8.634720207856e-05
177.130000000 4.788861181477e-05
177.140000000 5.989424435330e-05
177.150000000 5.834857181026e-05
177.160000000 3.351912415250e-05
177.170000000 4.906583977897e-05
177.180000000 3.401395885579e-05
177.190000000 4.457852600851e-05
177.200000000 -1.367386697991e-05
177.210000000 4.135214065264e-06
177.220000000 -2.283999252956e-05
177.230000000 -5.265650626974e-06
177.240000000 -3.482351659885e-05
177.250000000 -5.075504339718e-05
177.260000000 -6.365933016894e-05
177.270000000 -5.395597165174e-05
177.280000000 -7.449885968243e-05
177.290000000 -9.854397276505e-05
177.300000000 -1.289406727860e-04
177.310000000 -1.546370273677e-04
177.320000000 -1.254759148857e-04
177.330000000 -1.642065140591e-04
177.340000000 -1.509120177673e-04
177.350000000 -1.887837616062e-04
177.360000000 -1.693781958607e-04
177.370000000 -2.132808571453e-04
177.380000000 -1.827580032168e-04
177.390000000 -2.242237785611e-04
177.400000000 -2.253195424265e-04
177.410000000 -2.559948588797e-04
177.420000000 -2.385906405055e-04
177.430000000 -2.495307656498e-04
177.440000000 -2.704546604294e-04
177.450000000 -2.618307947059e-04
177.460000000 -2.925523330960e-04
177.470000000 -2.808241620971e-04
177.480000000 -3.038875831729e-04
177.490000000 -3.115502058850e-04
177.500000000 -3.473501159262e-04
177.510000000 -3.414287315046e-04
177.520000000 -3.554346514956e-04
177.530000000 -3.486574948463e-04
177.540000000 -3.611378383126e-04
177.550000000 -3.619302708453e-04
177.560000000 -3.671354241015e-04
177.570000000 -3.670434263750e-04
177.580000000 -3.560836263208e-04
177.590000000 -3.641639850002e-04
177.600000000 -3.889630150178e-04
177.610000000 -3.731829716432e-04
177.620000000 -3.751493503289e-04
177.630000000 -3.829434249538e-04
177.640000000 -4.196406434896e-04
177.650000000 -4.090559974573e-04
177.660000000 -3.954554911118e-04
177.670000000 -3.678435867237e-04
177.680000000 -3.800901499949e-04
177.690000000 -3.689562247012e-04
177.700000000 -3.735258687505e-04
177.710000000 -3.556229371657e-04
177.720000000 -3.482964834243e-04
177.730000000 -3.484117755734e-04
177.740000000 -3.288237608893e-04
177.750000000 -3.278476039503e-04
177.760000000 -2.828161678630e-04
177.770000000 -2.726625484911e-04
177.780000000 -2.639327395130e-04
177.790000000 -2.670797305753e-04
177.800000000 -2.413236829806e-04
177.810000000 -2.196430729609e-04
177.820000000 -2.080150194102e-04
177.830000000 -1.670345387443e-04
177.840000000 -1.657640925384e-04
177.850000000 -1.287455463463e-04
177.860000000 -1.055980651302e-04
177.870000000 -5.613213217231e-05
177.880000000 -5.169983291896e-05
177.890000000 -4.600022776192e-05
177.900000000 -3.353848971934e-05
177.910000000 1.083334537045e-05
177.920000000 5.360246402811e-05
177.930000000 5.405426035841e-05
177.940000000 1.042283337821e-04
177.950000000 1.401015189338e-04
177.960000000 1.924239983154e-04
177.970000000 2.000442208069e-04
177.980000000 2.100407580171e-04
177.990000000 2.223562002552e-04
178.000000000 2.511285523766e-04
178.010000000 3.008628946287e-04
178.020000000 3.138049799216e-04
178.030000000 3.229651563658e-04
178.040000000 3.418527557858e-04
178.050000000 3.903088633015e-04
178.060000000 3.992780096332e-04
178.070000000 3.907360295195e-04
178.080000000 3.872361002552e-04
178.090000000 3.995648875928e-04
178.100000000 4.407520517696e-04
178.110000000 4.640309861443e-04
178.120000000 4.708578067541e-04
178.130000000 4.609070738447e-04
178.140000000 4.581883180044e-04
178.150000000 4.780962907158e-04
178.160000000 4.852118773691e-04
178.170000000 4.890656067921e-04
178.180000000 4.549882128529e-04
178.190000000 4.410411099412e-04
178.200000000 4.386586841880e-04
178.210000000 4.412856736812e-04
178.220000000 4.075666068837e-04
178.230000000 3.751526089392e-04
178.240000000 3.709851509647e-04
178.250000000 3.582010333794e-04
178.260000000 3.506060454853e-04
178.270000000 2.930756922648e-04
178.280000000 2.604464659946e-04
178.290000000 2.060294812781e-04
178.300000000 2.176918936987e-04
178.310000000 1.838851932446e-04
178.320000000 1.746974778568e-04
178.330000000 1.461239531125e-04
178.340000000 1.228328106023e-04
178.350000000 1.021391412031e-04
178.360000000 6.588963629103e-05
178.370000000 3.262202824747e-05
178.380000000 6.437128932095e-06
178.390000000 2.299220871865e-06
178.400000000 -1.551519642978e-05
178.410000000 -4.340967461969e-05
178.420000000 -9.490087252786e-05
178.430000000 -1.035575124788e-04
178.440000000 -9.513937131165e-05
178.450000000 -1.124200102845e-04
178.460000000 -1.110518342453e-04
178.470000000 -1.347105295970e-04
178.480000000 -1.383466776533e-04
178.490000000 -1.498263358639e-04
178.500000000 -1.471831258351e-04
178.510000000 -1.524654570006e-04
178.520000000 -1.533332028076e-04
178.530000000 -1.677428180734e-04
178.540000000 -1.580337041801e-04
178.550000000 -1.503283150006e-04
178.560000000 -1.534093059896e-04
178.570000000 -1.630673817808e-04
178.580000000 -1.680564348922e-04
178.590000000 -1.312157142281e-04
178.600000000 -1.343583786433e-04
178.610000000 -1.233341472052e-04
178.620000000 -1.246741409947e-04
178.630000000 -8.729255321759e-05
178.640000000 -7.919302816719e-05
178.650000000 -6.180758032796e-05
178.660000000 -8.043226165923e-05
178.670000000 -6.612580895129e-05
178.680000000 -7.232580407795e-05
178.690000000 -4.730541254415e-05
178.700000000 -2.293878889630e-05
178.710000000 -3.194629358612e-05
178.720000000 -3.698933427694e-05
178.730000000 -4.635327122785e-05
178.740000000 -1.229159147670e-05
178.750000000 -3.085909596993e-05
178.760000000 -3.018414424236e-05
178.770000000 -1.130881387865e-05
178.780000000 1.679787141437e-05
178.790000000 4.084230921748e-05
178.800000000 3.438854681380e-05
178.810000000 2.132038861683e-05
178.820000000 -1.386081627280e-05
178.830000000 -7.232899557052e-06
178.840000000 1.102948748417e-05
178.850000000 3.020281881294e-05
178.860000000 2.445492735181e-05
178.870000000 2.452231321281e-05
178.880000000 1.212679252798e-05
178.890000000 2.360004564163e-05
178.900000000 -8.943464900987e-06
178.910000000 -4.358337775447e-05
178.920000000 -1.715384801246e-05
178.930000000 -8.368504125810e-06
178.940000000 1.855054631036e-06
178.950000000 -3.228582743994e-05
178.960000000 -6.098460089445e-05
178.970000000 -8.773633231852e-05
178.980000000 -8.369782782157e-05
178.990000000 -8.589268547384e-05
179.000000000 -1.089589601419e-04
179.010000000 -1.123482845001e-04
179.020000000 -1.256216699448e-04
179.030000000 -1.042499191861e-04
179.040000000 -1.370103202339e-04
179.050000000 -1.669394912742e-04
179.060000000 -2.042195221232e-04
179.070000000 -1.790982871948e-04
179.080000000 -1.666063531214e-04
179.090000000 -1.469060704035e-04
179.100000000 -1.743109130504e-04
179.110000000 -1.898376432085e-04
179.120000000 -2.430683248715e-04
179.130000000 -2.275770332630e-04
179.140000000 -2.354736410923e-04
179.150000000 -2.354681279482e-04
179.160000000 -2.390478499408e-04
179.170000000 -2.137055027364e-04
179.180000000 -2.514264618122e-04
179.190000000 -2.689600627283e-04
179.200000000 -3.089233892037e-04
179.210000000 -3.107247001376e-04
179.220000000 -3.021713158845e-04
179.230000000 -2.981207287190e-04
179.240000000 -3.055694051631e-04
179.250000000 -3.173658303032e-04
179.260000000 -3.067044420800e-04
179.270000000 -2.801891738195e-04
179.280000000 -2.829455202331e-04
179.290000000 -3.157162298844e-04
179.300000000 -3.220856811086e-04
179.310000000 -3.091631431111e-04
179.320000000 -3.127344670529e-04
179.330000000 -3.049852482899e-04
179.340000000 -3.235767100114e-04
179.350000000 -3.225659277646e-04
179.360000000 -3.357364073834e-04
179.370000000 -3.255400554614e-04
179.380000000 -3.486911608646e-04
179.390000000 -3.674989382081e-04
179.400000000 -3.947190042378e-04
179.410000000 -3.680805171649e-04
179.420000000 -3.644699047233e-04
179.430000000 -3.555707255059e-04
179.440000000 -3.836475955516e-04
179.450000000 -4.244530885940e-04
179.460000000 -4.292702839667e-04
179.470000000 -4.458280134027e-04
179.480000000 -4.178078663960e-04
179.490000000 -4.055511431516e-04
179.500000000 -4.178511923054e-04
179.510000000 -4.363406552839e-04
179.520000000 -4.460047894735e-04
179.530000000 -4.856042974337e-04
179.540000000 -5.245355327128e-04
179.550000000 -4.884890638334e-04
179.560000000 -4.751150986840e-04
179.570000000 -4.820241766962e-04
179.580000000 -5.172131966225e-04
179.590000000 -5.450045261991e-04
179.600000000 -5.411477767688e-04
179.610000000 -5.249725241697e-04
179.620000000 -4.954713021151e-04
179.630000000 -5.273593547257e-04
179.640000000 -5.764374358061e-04
179.650000000 -5.899640299982e-04
179.660000000 -5.935050248221e-04
179.670000000 -5.722516787016e-04
179.680000000 -5.960082861314e-04
179.690000000 -6.020355903313e-04
179.700000000 -5.995901852005e-04
179.710000000 -6.071031789318e-04
179.720000000 -6.370170992856e-04
179.730000000 -6.602269261068e-04
179.740000000 -6.794031427828e-04
179.750000000 -6.882156329546e-04
179.760000000 -6.785832444379e-04
179.770000000 -7.027444932246e-04
179.780000000 -7.191375423748e-04
179.790000000 -7.190703281695e-04
179.800000000 -7.017531138105e-04
179.810000000 -7.145721372083e-04
179.820000000 -7.377173897366e-04
179.830000000 -7.545461438045e-04
179.840000000 -7.648494836169e-04
179.850000000 -7.755249739256e-04
179.860000000 -7.766562703112e-04
179.870000000 -7.885595195280e-04
179.880000000 -8.037628026624e-04
179.890000000 -8.478979196014e-04
179.900000000 -8.210989433046e-04
179.910000000 -8.085132891850e-04
179.920000000 -8.334619943169e-04
179.930000000 -8.680885365169e-04
179.940000000 -8.773290972851e-04
179.950000000 -8.485461908080e-04
179.960000000 -8.763331393398e-04
179.970000000 -9.062726338981e-04
179.980000000 -9.339542247261e-04
179.990000000 -9.303644756993e-04
180.000000000 -9.284004538394e-04
180.010000000 -9.099714707445e-04
180.020000000 -8.883725747550e-04
180.030000000 -9.257447993650e-04
180.040000000 -9.326531958729e-04
180.050000000 -9.506181024175e-04
180.060000000 -9.462586988018e-04
180.070000000 -9.951587177641e-04
180.080000000 -9.772391207975e-04
180.090000000 -9.670917387986e-04
180.100000000 -9.323589195033e-04
180.110000000 -9.483529214796e-04
180.120000000 -9.208832933457e-04
180.130000000 -8.988311202883e-04
180.140000000 -8.872214356705e-04
180.150000000 -8.877113008327e-04
180.160000000 -9.124987519974e-04
180.170000000 -8.853186489048e-04
180.180000000 -8.599516154828e-04
180.190000000 -8.078846202624e-04
180.200000000 -7.874293011827e-04
180.210000000 -7.738146919750e-04
180.220000000 -7.719395775463e-04
180.230000000 -7.639216076515e-04
180.240000000 -7.084979909618e-04
180.250000000 -7.087340981118e-04
180.260000000 -6.818913409543e-04
180.270000000 -6.524221963795e-04
180.280000000 -6.129508816888e-04
180.290000000 -5.655909198290e-04
180.300000000 -5.059815923635e-04
180.310000000 -4.568656554529e-04
180.320000000 -4.582700843171e-04
180.330000000 -4.248690154587e-04
180.340000000 -3.729402080493e-04
180.350000000 -3.437010849029e-04
180.360000000 -3.433619145575e-04
180.370000000 -3.108277313487e-04
180.380000000 -2.764414085030e-04
180.390000000 -2.358669393096e-04
180.400000000 -2.133719493875e-04
180.410000000 -1.857775188079e-04
180.420000000 -1.260464246506e-04
180.430000000 -6.997511050403e-05
180.440000000 -2.765200711675e-05
180.450000000 4.917394047627e-06
180.460000000 4.004183161388e-05
180.470000000 4.498893262255e-05
180.480000000 9.746009355728e-05
180.490000000 1.514717919970e-04
180.500000000 1.555269135674e-04
180.510000000 1.882191694693e-04
180.520000000 2.152280185519e-04
180.530000000 2.752929454422e-04
180.540000000 2.932142712057e-04
180.550000000 3.506861760059e-04
180.560000000 3.610349165267e-04
180.570000000 4.019911747251e-04
180.580000000 4.588920583142e-04
180.590000000 4.929920231156e-04
180.600000000 5.039659631630e-04
180.610000000 5.291988117167e-04
180.620000000 5.764015506881e-04
180.630000000 6.063157454018e-04
180.640000000 6.557153087419e-04
180.650000000 6.556256394807e-04
180.660000000 6.777690558014e-04
180.670000000 7.201384389466e-04
180.680000000 7.449519273999e-04
180.690000000 7.799928655039e-04
180.700000000 8.197727504921e-04
180.710000000 8.655887375421e-04
180.720000000 8.956539704020e-04
180.730000000 9.176250087490e-04
180.740000000 9.628105886707e-04
180.750000000 9.538117279997e-04
180.760000000 1.003043035534e-03
180.770000000 1.023408009353e-03
180.780000000 1.089931990730e-03
180.790000000 1.097970234741e-03
180.800000000 1.124157735685e-03
180.810000000 1.145602410673e-03
180.820000000 1.184820124547e-03
180.830000000 1.224310621211e-03
180.840000000 1.262206370030e-03
180.850000000 1.267061431098e-03
180.860000000 1.298360528035e-03
180.870000000 1.330785229352e-03
180.880000000 1.378023294498e-03
180.890000000 1.388390824832e-03
180.900000000 1.423353849337e-03
180.910000000 1.445657599613e-03
180.920000000 1.493460017486e-03
180.930000000 1.510679280161e-03
180.940000000 1.529484877654e-03
180.950000000 1.538743925519e-03
180.960000000 1.557357381386e-03
180.970000000 1.599240247671e-03
180.980000000 1.627635544758e-03
180.990000000 1.681226457048e-03
181.000000000 1.673272792997e-03
181.010000000 1.743137160424e-03
181.020000000 1.772935883893e-03
181.030000000 1.824955095357e-03
181.040000000 1.836787682885e-03
181.050000000 1.859438677392e-03
181.060000000 1.897960245577e-03
181.070000000 1.923875900896e-03
181.080000000 1.973546875410e-03
181.090000000 1.985628093789e-03
181.100000000 2.022437100657e-03
181.110000000 2.082201047056e-03
181.120000000 2.123411925281e-03
181.130000000 2.146171061656e-03
181.140000000 2.146843214875e-03
181.150000000 2.194213844031e-03
181.160000000 2.228572711962e-03
181.170000000 2.297180665958e-03
181.180000000 2.346130161912e-03
181.190000000 2.364344647651e-03
181.200000000 2.399450055423e-03
181.210000000 2.442139909458e-03
181.220000000 2.466742272700e-03
181.230000000 2.478231347007e-03
181.240000000 2.513498890499e-03
181.250000000 2.538008097950e-03
181.260000000 2.588120513112e-03
181.270000000 2.617763410661e-03
181.280000000 2.635775180163e-03
181.290000000 2.655824984527e-03
181.300000000 2.701739410452e-03
181.310000000 2.726525279650e-03
181.320000000 2.753033933584e-03
181.330000000 2.765326184846e-03
181.340000000 2.778018332744e-03
181.350000000 2.816306043590e-03
181.360000000 2.825408437191e-03
181.370000000 2.831746532397e-03
181.380000000 2.828581291895e-03
181.390000000 2.836882316286e-03
181.400000000 2.845589858930e-03
181.410000000 2.865865544637e-03
181.420000000 2.883666690845e-03
181.430000000 2.862923284260e-03
181.440000000 2.869591627980e-03
181.450000000 2.864189217596e-03
181.460000000 2.886069051587e-03
181.470000000 2.852336954519e-03
181.480000000 2.858216935614e-03
181.490000000 2.858059230969e-03
181.500000000 2.848811166257e-03
181.510000000 2.845127857995e-03
181.520000000 2.810419172003e-03
181.530000000 2.780985172471e-03
181.540000000 2.767355821440e-03
181.550000000 2.767516172148e-03
181.560000000 2.751759159040e-03
181.570000000 2.729430835087e-03
181.580000000 2.702792004387e-03
181.590000000 2.692333958613e-03
181.600000000 2.682417950844e-03
181.610000000 2.656169797870e-03
181.620000000 2.608738659717e-03
181.630000000 2.546629123483e-03
181.640000000 2.541629787266e-03
181.650000000 2.522606466365e-03
181.660000000 2.502380293613e-03
181.670000000 2.454818577628e-03
181.680000000 2.404538859642e-03
181.690000000 2.355721227697e-03
181.700000000 2.311000977185e-03
181.710000000 2.301848233190e-03
181.720000000 2.242204826375e-03
181.730000000 2.216960424877e-03
181.740000000 2.176140701303e-03
181.750000000 2.170710065209e-03
181.760000000 2.082555831613e-03
181.770000000 2.017710672142e-03
181.780000000 1.949266542029e-03
181.790000000 1.923566371741e-03
181.800000000 1.876733319299e-03
181.810000000 1.817744532297e-03
181.820000000 1.753237276707e-03
181.830000000 1.696556626480e-03
181.840000000 1.652284307376e-03
181.850000000 1.593857858205e-03
181.860000000 1.546934726787e-03
181.870000000 1.443700441087e-03
181.880000000 1.389453877477e-03
181.890000000 1.312550275001e-03
181.900000000 1.250793808730e-03
181.910000000 1.183647119584e-03
181.920000000 1.069146022474e-03
181.930000000 1.018214794537e-03
181.940000000 9.534860217810e-04
181.950000000 8.781050950928e-04
181.960000000 7.889438568798e-04
181.970000000 7.272750535207e-04
181.980000000 6.489491951420e-04
181.990000000 5.665652807210e-04
182.000000000 4.793131154983e-04
182.010000000 3.855966111763e-04
182.020000000 3.010253040156e-04
182.030000000 2.352832831383e-04
182.040000000 1.703040527276e-04
182.050000000 4.484105316252e-05
182.060000000 -2.922892509643e-05
182.070000000 -1.102097073010e-04
182.080000000 -1.592391580831e-04
182.090000000 -2.355056878449e-04
182.100000000 -2.997474055382e-04
182.110000000 -3.971758690193e-04
182.120000000 -4.853562847216e-04
182.130000000 -5.497698230782e-04
182.140000000 -5.928869190637e-04
182.150000000 -6.806739729318e-04
182.160000000 -7.736781422008e-04
182.170000000 -8.434797901317e-04
182.180000000 -9.096637124417e-04
182.190000000 -9.769239444139e-04
182.200000000 -1.041907637310e-03
182.210000000 -1.100793169454e-03
182.220000000 -1.157497419890e-03
182.230000000 -1.204202562392e-03
182.240000000 -1.249078135031e-03
182.250000000 -1.311232282804e-03
182.260000000 -1.398465223172e-03
182.270000000 -1.461781500674e-03
182.280000000 -1.500259209013e-03
182.290000000 -1.551904417822e-03
182.300000000 -1.596357315817e-03
182.310000000 -1.622219324497e-03
182.320000000 -1.671470307549e-03
182.330000000 -1.732796050496e-03
182.340000000 -1.792341326978e-03
182.350000000 -1.839916389356e-03
182.360000000 -1.885003083979e-03
182.370000000 -1.934118261451e-03
182.380000000 -1.945397559919e-03
182.390000000 -1.983234481736e-03
182.400000000 -2.038264463671e-03
182.410000000 -2.099640498528e-03
182.420000000 -2.106634137472e-03
182.430000000 -2.117370847436e-03
182.440000000 -2.154259569923e-03
182.450000000 -2.180573573892e-03
182.460000000 -2.216085441299e-03
182.470000000 -2.262813684996e-03
182.480000000 -2.309378883719e-03
182.490000000 -2.310394761762e-03
182.500000000 -2.349105898709e-03
182.510000000 -2.368184832683e-03
182.520000000 -2.397736440857e-03
182.530000000 -2.407043972617e-03
182.540000000 -2.433652503833e-03
182.550000000 -2.496284775509e-03
182.560000000 -2.504817384755e-03
182.570000000 -2.516778979913e-03
182.580000000 -2.533577972837e-03
182.590000000 -2.586952333563e-03
182.600000000 -2.626610275171e-03
182.610000000 -2.652604801561e-03
182.620000000 -2.656423239352e-03
182.630000000 -2.687468442581e-03
182.640000000 -2.717211210262e-03
182.650000000 -2.764832850089e-03
182.660000000 -2.803746651803e-03
182.670000000 -2.804839324935e-03
182.680000000 -2.787758836674e-03
182.690000000 -2.820710944140e-03
182.700000000 -2.859013819665e-03
182.710000000 -2.851679065668e-03
182.720000000 -2.873231237747e-03
182.730000000 -2.893607598281e-03
182.740000000 -2.944017648640e-03
182.750000000 -2.921528934378e-03
182.760000000 -2.936994089859e-03
182.770000000 -2.920869996141e-03
182.780000000 -2.942491934226e-03
182.790000000 -2.967058658690e-03
182.800000000 -2.999414869633e-03
182.810000000 -2.952358705550e-03
182.820000000 -2.969057234748e-03
182.830000000 -2.967907670377e-03
182.840000000 -2.945450877911e-03
182.850000000 -2.971406655829e-03
182.860000000 -2.926080359117e-03
182.870000000 -2.908073125259e-03
182.880000000 -2.919523658965e-03
182.890000000 -2.924926069727e-03
182.900000000 -2.910002287127e-03
182.910000000 -2.876744771937e-03
182.920000000 -2.856200121255e-03
182.930000000 -2.864857528972e-03
182.940000000 -2.862883559532e-03
182.950000000 -2.829588834220e-03
182.960000000 -2.777288424532e-03
182.970000000 -2.741213748230e-03
182.980000000 -2.739124625386e-03
182.990000000 -2.698932644298e-03
183.000000000 -2.683928213647e-03
183.010000000 -2.642503458046e-03
183.020000000 -2.596556979565e-03
183.030000000 -2.605134745784e-03
183.040000000 -2.579578385930e-03
183.050000000 -2.560141585735e-03
183.060000000 -2.496783835043e-03
183.070000000 -2.478281638121e-03
183.080000000 -2.420300916905e-03
183.090000000 -2.393860275211e-03
183.100000000 -2.352941274514e-03
183.110000000 -2.314628586482e-03
183.120000000 -2.284156782800e-03
183.130000000 -2.240694392584e-03
183.140000000 -2.208921919168e-03
183.150000000 -2.131725852739e-03
183.160000000 -2.112122609599e-03
183.170000000 -2.070441051682e-03
183.180000000 -2.041594694733e-03
183.190000000 -2.018283339179e-03
183.200000000 -1.983537658625e-03
183.210000000 -1.950457158851e-03
183.220000000 -1.888928161375e-03
183.230000000 -1.892904013895e-03
183.240000000 -1.801148934977e-03
183.250000000 -1.771895264290e-03
183.260000000 -1.710858587144e-03
183.270000000 -1.696264423791e-03
183.280000000 -1.675927020837e-03
183.290000000 -1.635403793265e-03
183.300000000 -1.578252681736e-03
183.310000000 -1.531295750349e-03
183.320000000 -1.514675821330e-03
183.330000000 -1.490382092020e-03
183.340000000 -1.446684516990e-03
183.350000000 -1.383389322470e-03
183.360000000 -1.348617341336e-03
183.370000000 -1.307898332079e-03
183.380000000 -1.268763639566e-03
183.390000000 -1.228791808827e-03
183.400000000 -1.164130483728e-03
183.410000000 -1.177012014332e-03
183.420000000 -1.143083854654e-03
183.430000000 -1.100097484702e-03
183.440000000 -1.046100220449e-03
183.450000000 -9.766071180441e-04
183.460000000 -9.472861646135e-04
183.470000000 -9.151842872037e-04
183.480000000 -8.950611155112e-04
183.490000000 -8.167968354212e-04
183.500000000 -7.928338398761e-04
183.510000000 -7.331626429893e-04
183.520000000 -7.192386417374e-04
183.530000000 -6.652144385375e-04
183.540000000 -6.155700404929e-04
183.550000000 -5.793574178213e-04
183.560000000 -5.457267649049e-04
183.570000000 -4.887676345356e-04
183.580000000 -4.322249709400e-04
183.590000000 -3.963745419442e-04
183.600000000 -3.596383115872e-04
183.610000000 -3.394909034612e-04
183.620000000 -2.892670544722e-04
183.630000000 -2.449523625772e-04
183.640000000 -2.040273885793e-04
183.650000000 -1.554543667476e-04
183.660000000 -1.205876535279e-04
183.670000000 -6.320306686665e-05
183.680000000 -2.256923455239e-05
183.690000000 5.226287696046e-05
183.700000000 5.787769133077e-05
183.710000000 8.590612198688e-05
183.720000000 1.103670634045e-04
183.730000000 1.649163618484e-04
183.740000000 2.144463955712e-04
183.750000000 2.555681359479e-04
183.760000000 2.613481997438e-04
183.770000000 2.857453697856e-04
183.780000000 3.359853799997e-04
183.790000000 3.768790814768e-04
183.800000000 3.977029512081e-04
183.810000000 4.351621104952e-04
183.820000000 4.461814734304e-04
183.830000000 4.827468308196e-04
183.840000000 4.899936620141e-04
183.850000000 4.958712611860e-04
183.860000000 5.081729201506e-04
183.870000000 5.633780632161e-04
183.880000000 5.889593538458e-04
183.890000000 5.742969562050e-04
183.900000000 5.795010895406e-04
183.910000000 5.655242121118e-04
183.920000000 5.992676894189e-04
183.930000000 6.196971681882e-04
183.940000000 6.523145462745e-04
183.950000000 6.177679856637e-04
183.960000000 6.491489115266e-04
183.970000000 6.257982708176e-04
183.980000000 6.526018911874e-04
183.990000000 6.522566434391e-04
184.000000000 6.603617035151e-04
184.010000000 6.666080201926e-04
184.020000000 6.752698305516e-04
184.030000000 7.045259990678e-04
184.040000000 6.980504705231e-04
184.050000000 6.974702655104e-04
184.060000000 7.085772696542e-04
184.070000000 7.183469591793e-04
184.080000000 6.864244920178e-04
184.090000000 6.805432300586e-04
184.100000000 6.623468167738e-04
184.110000000 6.975981762731e-04
184.120000000 7.251314426491e-04
184.130000000 7.437807541953e-04
184.140000000 7.095898936140e-04
184.150000000 6.971626465558e-04
184.160000000 6.942118969926e-04
184.170000000 7.010061834803e-04
184.180000000 7.113986313193e-04
184.190000000 7.120391232346e-04
184.200000000 6.933864272697e-04
184.210000000 7.496234568861e-04
184.220000000 7.525532831797e-04
184.230000000 7.515055694069e-04
184.240000000 7.072620827713e-04
184.250000000 7.038624855257e-04
184.260000000 7.308094995540e-04
184.270000000 7.478615679200e-04
184.280000000 7.389108182048e-04
184.290000000 7.620784781118e-04
184.300000000 7.620945791836e-04
184.310000000 7.802837767080e-04
184.320000000 7.889897138767e-04
184.330000000 7.968247484969e-04
184.340000000 7.745223732852e-04
184.350000000 8.092318690417e-04
184.360000000 8.386448771306e-04
184.370000000 8.324105112065e-04
184.380000000 8.294348661872e-04
184.390000000 8.063954857844e-04
184.400000000 8.315009785519e-04
184.410000000 8.208154303546e-04
184.420000000 8.440336745200e-04
184.430000000 8.357743339762e-04
184.440000000 8.503250434103e-04
184.450000000 8.452242586930e-04
184.460000000 8.864073546136e-04
184.470000000 8.754568787184e-04
184.480000000 8.754472131026e-04
184.490000000 8.796796790784e-04
184.500000000 8.756273556166e-04
184.510000000 9.333646582662e-04
184.520000000 9.125591263673e-04
184.530000000 8.833776787976e-04
184.540000000 9.060702124018e-04
184.550000000 9.029016879979e-04
184.560000000 9.222971887480e-04
184.570000000 9.028007134632e-04
184.580000000 8.989277919285e-04
184.590000000 9.007841739961e-04
184.600000000 8.886899752136e-04
184.610000000 8.920540276251e-04
184.620000000 8.898243814338e-04
184.630000000 8.600951445340e-04
184.640000000 8.449622482461e-04
184.650000000 8.520549379886e-04
184.660000000 8.337423038852e-04
184.670000000 8.142523437776e-04
184.680000000 8.073108879326e-04
184.690000000 8.327687457739e-04
184.700000000 8.224525950220e-04
184.710000000 8.155684185308e-04
184.720000000 7.757754685372e-04
184.730000000 7.544516446841e-04
184.740000000 7.237536825354e-04
184.750000000 7.508245751133e-04
184.760000000 7.315497487953e-04
184.770000000 7.161351126751e-04
184.780000000 6.852006733636e-04
184.790000000 7.114122916056e-04
184.800000000 6.970162299480e-04
184.810000000 6.889660338034e-04
184.820000000 6.308579420778e-04
184.830000000 6.017211864344e-04
184.840000000 6.370150273381e-04
184.850000000 6.014368599206e-04
184.860000000 6.022102881647e-04
184.870000000 6.018552009842e-04
184.880000000 5.965278113690e-04
184.890000000 5.638454742088e-04
184.900000000 5.530481834004e-04
184.910000000 4.841216745324e-04
184.920000000 4.480966163805e-04
184.930000000 4.302974842467e-04
184.940000000 4.771969698632e-04
184.950000000 4.734453953969e-04
184.960000000 4.468204802801e-04
184.970000000 3.961300633792e-04
184.980000000 4.048486743342e-04
184.990000000 4.016651621067e-04
185.000000000 4.146744368966e-04
185.010000000 4.148230254065e-04
185.020000000 3.716295401515e-04
185.030000000 3.651926941356e-04
185.040000000 3.663600629032e-04
185.050000000 3.639326164790e-04
185.060000000 3.256288014185e-04
185.070000000 3.439503582194e-04
185.080000000 3.299452404062e-04
185.090000000 3.635374746704e-04
185.100000000 3.378109479143e-04
185.110000000 3.213774995353e-04
185.120000000 3.063461128781e-04
185.130000000 3.047559082793e-04
185.140000000 3.007453710051e-04
185.150000000 2.676347135045e-04
185.160000000 2.596574569204e-04
185.170000000 2.473750209598e-04
185.180000000 2.821351025643e-04
185.190000000 2.704182001777e-04
185.200000000 2.997917111082e-04
185.210000000 2.640748548456e-04
185.220000000 2.960512301013e-04
185.230000000 2.767083868269e-04
185.240000000 2.685607591059e-04
185.250000000 2.348699919616e-04
185.260000000 2.187457084516e-04
185.270000000 2.456636804959e-04
185.280000000 2.643247106384e-04
185.290000000 3.020629857074e-04
185.300000000 2.816107514320e-04
185.310000000 2.935412763130e-04
185.320000000 2.634436200161e-04
185.330000000 2.489635630486e-04
185.340000000 2.489015511914e-04
185.350000000 2.079065673627e-04
185.360000000 2.276800995578e-04
185.370000000 2.632330676400e-04
185.380000000 2.920594631101e-04
185.390000000 2.665073415056e-04
185.400000000 2.769221292795e-04
185.410000000 2.479573668006e-04
185.420000000 2.697477640058e-04
185.430000000 2.520461663448e-04
185.440000000 2.462136766278e-04
185.450000000 2.475575590816e-04
185.460000000 2.513391699128e-04
185.470000000 2.478405369822e-04
185.480000000 2.574887161541e-04
185.490000000 2.298813155526e-04
185.500000000 2.009484557845e-04
185.510000000 1.869646681936e-04
185.520000000 1.781404252030e-04
185.530000000 1.766837974972e-04
185.540000000 1.444256789631e-04
185.550000000 1.597267877400e-04
185.560000000 1.532051573237e-04
185.570000000 1.412412761182e-04
185.580000000 1.157908850755e-04
185.590000000 9.240403620449e-05
185.600000000 7.235375148919e-05
185.610000000 1.041912022783e-04
185.620000000 9.651925510866e-05
185.630000000 6.643672984767e-05
185.640000000 2.057647522293e-05
185.650000000 -2.124725842538e-05
185.660000000 -4.195185764307e-05
185.670000000 -2.343034585114e-05
185.680000000 -1.241769708021e-05
185.690000000 -3.022947446813e-05
185.700000000 -2.691980478346e-05
185.710000000 -6.895115502341e-05
185.720000000 -7.725005198845e-05
185.730000000 -1.277060826006e-04
185.740000000 -1.820208223867e-04
185.750000000 -1.781812780420e-04
185.760000000 -2.011398565237e-04
185.770000000 -2.105831161257e-04
185.780000000 -2.167657820526e-04
185.790000000 -2.442414684214e-04
185.800000000 -2.383708424400e-04
185.810000000 -2.515619532189e-04
185.820000000 -2.745058327305e-04
185.830000000 -3.113436355152e-04
185.840000000 -3.443250735846e-04
185.850000000 -3.822837409865e-04
185.860000000 -3.645812576055e-04
185.870000000 -4.037412653653e-04
185.880000000 -4.278102869708e-04
185.890000000 -4.393334964003e-04
185.900000000 -4.741029513550e-04
185.910000000 -5.027948002477e-04
185.920000000 -5.505315788613e-04
185.930000000 -5.935615374989e-04
185.940000000 -6.072562485560e-04
185.950000000 -6.130198002386e-04
185.960000000 -6.366575652895e-04
185.970000000 -6.215702243272e-04
185.980000000 -6.900888279383e-04
185.990000000 -6.942214762977e-04
186.000000000 -7.155652191953e-04
186.010000000 -7.278265511923e-04
186.020000000 -7.703208623623e-04
186.030000000 -8.155312228278e-04
186.040000000 -8.346130169972e-04
186.050000000 -8.491283332609e-04
186.060000000 -8.597430823435e-04
186.070000000 -9.001045152251e-04
186.080000000 -8.984618833778e-04
186.090000000 -9.192957899662e-04
186.100000000 -9.218073412248e-04
186.110000000 -9.459519981278e-04
186.120000000 -9.891770812328e-04
186.130000000 -1.006630270854e-03
186.140000000 -1.035421735973e-03
186.150000000 -1.038947099436e-03
186.160000000 -1.043908867874e-03
186.170000000 -1.081899192682e-03
186.180000000 -1.076465852690e-03
186.190000000 -1.076142997807e-03
186.200000000 -1.093562370353e-03
186.210000000 -1.119104832640e-03
186.220000000 -1.147121693667e-03
186.230000000 -1.154095460789e-03
186.240000000 -1.157654283268e-03
186.250000000 -1.165659716593e-03
186.260000000 -1.187591869869e-03
186.270000000 -1.193152899631e-03
186.280000000 -1.219785472427e-03
186.290000000 -1.202921940377e-03
186.300000000 -1.199724941142e-03
186.310000000 -1.210158262788e-03
186.320000000 -1.226115875091e-03
186.330000000 -1.215702874880e-03
186.340000000 -1.221716950370e-03
186.350000000 -1.217504182287e-03
186.360000000 -1.244564487612e-03
186.370000000 -1.260281899372e-03
186.380000000 -1.254046609309e-03
186.390000000 -1.246328546996e-03
186.400000000 -1.264422331386e-03
186.410000000 -1.246043172623e-03
186.420000000 -1.278867490275e-03
186.430000000 -1.252418370652e-03
186.440000000 -1.240271213990e-03
186.450000000 -1.247754367664e-03
186.460000000 -1.262855501809e-03
186.470000000 -1.263077947907e-03
186.480000000 -1.265674422403e-03
186.490000000 -1.248768104058e-03
186.500000000 -1.255552937190e-03
186.510000000 -1.266076512998e-03
186.520000000 -1.262709172732e-03
186.530000000 -1.269422526069e-03
186.540000000 -1.238410898222e-03
186.550000000 -1.246561759679e-03
186.560000000 -1.240449645394e-03
186.570000000 -1.251521797198e-03
186.580000000 -1.251573145196e-03
186.590000000 -1.256786221628e-03
186.600000000 -1.250291707423e-03
186.610000000 -1.237980574724e-03
186.620000000 -1.232134722400e-03
186.630000000 -1.225119525285e-03
186.640000000 -1.229279426926e-03
186.650000000 -1.218346059046e-03
186.660000000 -1.248319368289e-03
186.670000000 -1.238246824744e-03
186.680000000 -1.205697431741e-03
186.690000000 -1.210935383356e-03
186.700000000 -1.231658095468e-03
186.710000000 -1.210304223305e-03
186.720000000 -1.218654614465e-03
186.730000000 -1.184732926938e-03
186.740000000 -1.197197238172e-03
186.750000000 -1.200632066199e-03
186.760000000 -1.195530675719e-03
186.770000000 -1.188189110887e-03
186.780000000 -1.159835466578e-03
186.790000000 -1.157662288979e-03
186.800000000 -1.153662228081e-03
186.810000000 -1.150609680760e-03
186.820000000 -1.123799044052e-03
186.830000000 -1.123740333997e-03
186.840000000 -1.116691662828e-03
186.850000000 -1.108453842976e-03
186.860000000 -1.094226579114e-03
186.870000000 -1.056856816721e-03
186.880000000 -1.055581291363e-03
186.890000000 -1.052699901241e-03
186.900000000 -1.047450972876e-03
186.910000000 -1.025942032141e-03
186.920000000 -1.013805394870e-03
186.930000000 -9.679825057021e-04
186.940000000 -9.712160295132e-04
186.950000000 -9.689797665164e-04
186.960000000 -9.044051440461e-04
186.970000000 -8.709428676576e-04
186.980000000 -8.320128457635e-04
186.990000000 -8.274479624944e-04
187.000000000 -8.338839168733e-04
187.010000000 -7.577974509287e-04
187.020000000 -7.488092704010e-04
187.030000000 -6.900715072242e-04
187.040000000 -6.771617892192e-04
187.050000000 -6.429377393672e-04
187.060000000 -5.984425803639e-04
187.070000000 -5.631834883031e-04
187.080000000 -5.453519679219e-04
187.090000000 -5.174523659308e-04
187.100000000 -4.779263509329e-04
187.110000000 -4.573630026893e-04
187.120000000 -3.787269413009e-04
187.130000000 -3.685843932024e-04
187.140000000 -2.887334272226e-04
187.150000000 -2.637136219602e-04
187.160000000 -2.076838322017e-04
187.170000000 -1.652262827907e-04
187.180000000 -1.405419044213e-04
187.190000000 -1.112928029288e-04
187.200000000 -6.670204494169e-05
187.210000000 1.605026233335e-06
187.220000000 2.389494209803e-05
187.230000000 7.136283043043e-05
187.240000000 7.438558484922e-05
187.250000000 1.382326588140e-04
187.260000000 1.597025857877e-04
187.270000000 2.253032977205e-04
187.280000000 2.640747584646e-04
187.290000000 2.758224401200e-04
187.300000000 3.397539432311e-04
187.310000000 3.979259387424e-04
187.320000000 4.149979105506e-04
187.330000000 4.312742657527e-04
187.340000000 4.858008429852e-04
187.350000000 5.402801507769e-04
187.360000000 5.708479062902e-04
187.370000000 5.773632356593e-04
187.380000000 5.697304878168e-04
187.390000000 6.070672921990e-04
187.400000000 6.435265229126e-04
187.410000000 6.989456458657e-04
187.420000000 7.410634663439e-04
187.430000000 7.714036983879e-04
187.440000000 7.999907108440e-04
187.450000000 7.948482254362e-04
187.460000000 8.590817056951e-04
187.470000000 8.780244554441e-04
187.480000000 9.026422862071e-04
187.490000000 9.390734674484e-04
187.500000000 9.846567697783e-04
187.510000000 9.772368321402e-04
187.520000000 9.857572865424e-04
187.530000000 1.001262153660e-03
187.540000000 1.009816276053e-03
187.550000000 1.061294023152e-03
187.560000000 1.090808560618e-03
187.570000000 1.113983418822e-03
187.580000000 1.104295170359e-03
187.590000000 1.144166922410e-03
187.600000000 1.199775459825e-03
187.610000000 1.229437671476e-03
187.620000000 1.221285243924e-03
187.630000000 1.232337867600e-03
187.640000000 1.252957271780e-03
187.650000000 1.284454996047e-03
187.660000000 1.302023922649e-03
187.670000000 1.271332875471e-03
187.680000000 1.309036776631e-03
187.690000000 1.311110692994e-03
187.700000000 1.333898416965e-03
187.710000000 1.358237038432e-03
187.720000000 1.377204954728e-03
187.730000000 1.380080585512e-03
187.740000000 1.397716313879e-03
187.750000000 1.408008028811e-03
187.760000000 1.378589888300e-03
187.770000000 1.390684043428e-03
187.780000000 1.413831773855e-03
187.790000000 1.447601395929e-03
187.800000000 1.435216829680e-03
187.810000000 1.449133658462e-03
187.820000000 1.432283814609e-03
187.830000000 1.417363812624e-03
187.840000000 1.422775081863e-03
187.850000000 1.436296969557e-03
187.860000000 1.432393409240e-03
187.870000000 1.406374272069e-03
187.880000000 1.424908796659e-03
187.890000000 1.440523219684e-03
187.900000000 1.452783380233e-03
187.910000000 1.444423425637e-03
187.920000000 1.433793335705e-03
187.930000000 1.421146622881e-03
187.940000000 1.426142700412e-03
187.950000000 1.389829663258e-03
187.960000000 1.377577256399e-03
187.970000000 1.370059264166e-03
187.980000000 1.355972694926e-03
187.990000000 1.385974397722e-03
188.000000000 1.392932277783e-03
188.010000000 1.377582282461e-03
188.020000000 1.356464540642e-03
188.030000000 1.348118613077e-03
188.040000000 1.373377552594e-03
188.050000000 1.321479484605e-03
188.060000000 1.283744948067e-03
188.070000000 1.284030030656e-03
188.080000000 1.293583804778e-03
188.090000000 1.276063491548e-03
188.100000000 1.292381659679e-03
188.110000000 1.267524344694e-03
188.120000000 1.244648777075e-03
188.130000000 1.245465587088e-03
188.140000000 1.232608463618e-03
188.150000000 1.185898057768e-03
188.160000000 1.154550126627e-03
188.170000000 1.167647285373e-03
188.180000000 1.185042087433e-03
188.190000000 1.190244311733e-03
188.200000000 1.156354353812e-03
188.210000000 1.123855956183e-03
188.220000000 1.076495904279e-03
188.230000000 1.079044884500e-03
188.240000000 1.062795485654e-03
188.250000000 1.064653043528e-03
188.260000000 1.021537481732e-03
188.270000000 1.010518540629e-03
188.280000000 1.011277017351e-03
188.290000000 1.014978511870e-03
188.300000000 9.597254495135e-04
188.310000000 9.404594868886e-04
188.320000000 9.651975635104e-04
188.330000000 9.213434987806e-04
188.340000000 9.256081356259e-04
188.350000000 8.842941007426e-04
188.360000000 8.407268552406e-04
188.370000000 8.268807890820e-04
188.380000000 8.193789623533e-04
188.390000000 8.075673724569e-04
188.400000000 7.650435446894e-04
188.410000000 7.688977557129e-04
188.420000000 7.642649959008e-04
188.430000000 7.777153948598e-04
188.440000000 7.390118421982e-04
188.450000000 6.929847051009e-04
188.460000000 6.607331682203e-04
188.470000000 6.371813383345e-04
188.480000000 6.044568659090e-04
188.490000000 5.813862386911e-04
188.500000000 5.927257064860e-04
188.510000000 5.857472626852e-04
188.520000000 6.296953634808e-04
188.530000000 6.008415468890e-04
188.540000000 5.371928233742e-04
188.550000000 4.818067223018e-04
188.560000000 4.561977075973e-04
188.570000000 4.462184763022e-04
188.580000000 4.362620976001e-04
188.590000000 4.206322371473e-04
188.600000000 3.902007369873e-04
188.610000000 3.802120389091e-04
188.620000000 3.217900456615e-04
188.630000000 2.902091947751e-04
188.640000000 2.433114624895e-04
188.650000000 2.249023031686e-04
188.660000000 2.175335333081e-04
188.670000000 1.945248859255e-04
188.680000000 1.750461553714e-04
188.690000000 1.132681420429e-04
188.700000000 8.593050724806e-05
188.710000000 8.002793530089e-05
188.720000000 6.428756409393e-05
188.730000000 3.498519999069e-05
188.740000000 -3.304964169620e-05
188.750000000 -6.225152341705e-05
188.760000000 -8.149038471311e-05
188.770000000 -8.806940137169e-05
188.780000000 -1.343734013752e-04
188.790000000 -1.441674010751e-04
188.800000000 -1.952807542393e-04
188.810000000 -2.085415902532e-04
188.820000000 -2.041261273541e-04
188.830000000 -2.107345107409e-04
188.840000000 -2.548052648140e-04
188.850000000 -2.946376166595e-04
188.860000000 -3.236147734175e-04
188.870000000 -3.522213558366e-04
188.880000000 -3.848231823291e-04
188.890000000 -4.182365786037e-04
188.900000000 -4.122179092411e-04
188.910000000 -3.906048998192e-04
188.920000000 -4.409803895071e-04
188.930000000 -4.766461776296e-04
188.940000000 -5.302604635779e-04
188.950000000 -5.648254749053e-04
188.960000000 -5.487949451569e-04
188.970000000 -5.469364439341e-04
188.980000000 -5.415719341242e-04
188.990000000 -5.772801060200e-04
189.000000000 -5.987993712155e-04
189.010000000 -6.093293419514e-04
189.020000000 -6.326328770991e-04
189.030000000 -6.668107319628e-04
189.040000000 -6.672279321875e-04
189.050000000 -6.473565570251e-04
189.060000000 -6.409495882742e-04
189.070000000 -6.536569984000e-04
189.080000000 -6.701591255599e-04
189.090000000 -6.840846818984e-04
189.100000000 -6.488733518565e-04
189.110000000 -6.221290689289e-04
189.120000000 -6.445585113296e-04
189.130000000 -6.504676669052e-04
189.140000000 -6.321960135081e-04
189.150000000 -6.301518225098e-04
189.160000000 -5.878011004426e-04
189.170000000 -5.776127523803e-04
189.180000000 -5.833895240260e-04
189.190000000 -5.442842964636e-04
189.200000000 -5.360640442644e-04
189.210000000 -5.030002883396e-04
189.220000000 -5.056628143991e-04
189.230000000 -4.822602656009e-04
189.240000000 -4.464886337557e-04
189.250000000 -3.918391299837e-04
189.260000000 -3.405157289846e-04
189.270000000 -3.114556402411e-04
189.280000000 -3.019099956960e-04
189.290000000 -2.544690021636e-04
189.300000000 -2.416940082899e-04
189.310000000 -1.589381016701e-04
189.320000000 -1.446936100636e-04
189.330000000 -9.919634750209e-05
189.340000000 -5.107800647773e-05
189.350000000 1.450366612348e-05
189.360000000 5.764631402008e-05
189.370000000 6.398879015493e-05
189.380000000 1.028073215482e-04
189.390000000 1.434317890150e-04
189.400000000 1.900524579211e-04
189.410000000 2.143131069923e-04
189.420000000 2.614943927390e-04
189.430000000 2.820982453409e-04
189.440000000 3.576546486284e-04
189.450000000 4.254773469960e-04
189.460000000 4.644240920288e-04
189.470000000 5.073797053764e-04
189.480000000 5.584166496880e-04
189.490000000 5.988091847499e-04
189.500000000 6.612297727107e-04
189.510000000 6.935128566776e-04
189.520000000 7.200877851204e-04
189.530000000 7.868998071958e-04
189.540000000 8.305579928790e-04
189.550000000 8.946762189495e-04
189.560000000 9.188586146075e-04
189.570000000 9.652097139298e-04
189.580000000 9.827602246009e-04
189.590000000 1.054421696616e-03
189.600000000 1.092533377168e-03
189.610000000 1.138242394512e-03
189.620000000 1.162686567358e-03
189.630000000 1.210841243878e-03
189.640000000 1.282743684048e-03
189.650000000 1.305146287503e-03
189.660000000 1.308322352321e-03
189.670000000 1.365275414322e-03
189.680000000 1.411172704406e-03
189.690000000 1.438622824704e-03
189.700000000 1.468359352629e-03
189.710000000 1.470788695490e-03
189.720000000 1.523888859558e-03
189.730000000 1.572772229223e-03
189.740000000 1.628887630099e-03
189.750000000 1.650224567383e-03
189.760000000 1.660802457452e-03
189.770000000 1.655655679697e-03
189.780000000 1.658021965794e-03
189.790000000 1.712497902840e-03
189.800000000 1.728379408542e-03
189.810000000 1.758616691873e-03
189.820000000 1.788479755565e-03
189.830000000 1.842933595035e-03
189.840000000 1.867429747822e-03
189.850000000 1.861367453923e-03
189.860000000 1.841055137827e-03
189.870000000 1.848046272836e-03
189.880000000 1.878953690013e-03
189.890000000 1.877481715247e-03
189.900000000 1.883187876561e-03
189.910000000 1.878501946576e-03
189.920000000 1.899415301498e-03
189.930000000 1.909850377535e-03
189.940000000 1.937131219619e-03
189.950000000 1.925585518834e-03
189.960000000 1.889914464000e-03
189.970000000 1.892054498643e-03
189.980000000 1.884131665108e-03
189.990000000 1.876994669262e-03
190.000000000 1.847271972865e-03
190.010000000 1.871796823760e-03
190.020000000 1.894702485487e-03
190.030000000 1.919545986630e-03
190.040000000 1.915464295843e-03
190.050000000 1.863686309718e-03
190.060000000 1.816811880375e-03
190.070000000 1.767916009962e-03
190.080000000 1.742003409039e-03
190.090000000 1.707718948525e-03
190.100000000 1.668494186670e-03
190.110000000 1.659564450011e-03
190.120000000 1.667651766468e-03
190.130000000 1.664983330836e-03
190.140000000 1.612834168913e-03
190.150000000 1.578239144620e-03
190.160000000 1.547880759861e-03
190.170000000 1.541060960746e-03
190.180000000 1.516575596358e-03
190.190000000 1.486080226660e-03
190.200000000 1.440647573422e-03
190.210000000 1.423405310803e-03
190.220000000 1.395982707475e-03
190.230000000 1.361609512909e-03
190.240000000 1.326791722069e-03
190.250000000 1.255187853213e-03
190.260000000 1.238233862209e-03
190.270000000 1.210175940383e-03
190.280000000 1.194001223170e-03
190.290000000 1.162223881051e-03
190.300000000 1.151692762366e-03
190.310000000 1.146554714722e-03
190.320000000 1.132059708509e-03
190.330000000 1.109764022036e-03
190.340000000 1.052933750403e-03
190.350000000 1.070500001159e-03
190.360000000 1.047623594591e-03
190.370000000 1.063330213203e-03
190.380000000 1.016181714558e-03
190.390000000 1.008437339674e-03
190.400000000 9.562749797430e-04
190.410000000 9.678348153306e-04
190.420000000 9.734495260376e-04
190.430000000 9.612969687156e-04
190.440000000 9.390416397109e-04
190.450000000 9.379359422173e-04
190.460000000 9.280046451146e-04
190.470000000 9.258835628665e-04
190.480000000 9.146752291445e-04
190.490000000 9.216836670529e-04
190.500000000 9.361057260920e-04
190.510000000 9.432192411487e-04
190.520000000 9.336700656507e-04
190.530000000 9.371998186424e-04
190.540000000 9.457458136821e-04
190.550000000 9.463729180172e-04
190.560000000 9.587166938081e-04
190.570000000 9.873583939911e-04
190.580000000 9.747269759031e-04
190.590000000 9.700240391137e-04
190.600000000 9.984473683947e-04
190.610000000 1.005785279426e-03
190.620000000 1.002684603761e-03
190.630000000 9.751967561874e-04
190.640000000 9.802266864740e-04
190.650000000 9.669608418686e-04
190.660000000 9.856730292774e-04
190.670000000 9.672701433238e-04
190.680000000 9.403653989106e-04
190.690000000 9.302690557567e-04
190.700000000 9.470304462658e-04
190.710000000 9.419865832026e-04
190.720000000 9.144953336231e-04
190.730000000 8.900948503795e-04
190.740000000 8.968678643269e-04
190.750000000 8.902161981816e-04
190.760000000 8.876313015828e-04
190.770000000 8.694633372384e-04
190.780000000 8.274579583803e-04
190.790000000 8.198556415663e-04
190.800000000 7.879561602142e-04
190.810000000 8.034353074405e-04
190.820000000 7.660560449284e-04
190.830000000 7.332737645082e-04
190.840000000 7.198569833105e-04
190.850000000 6.977997504660e-04
190.860000000 6.761054693182e-04
190.870000000 6.490506366502e-04
190.880000000 6.310073244354e-04
190.890000000 6.212093734370e-04
190.900000000 5.892136557697e-04
190.910000000 5.845126922825e-04
190.920000000 5.176022896954e-04
190.930000000 4.867083360495e-04
190.940000000 4.616444672140e-04
190.950000000 4.560764902844e-04
190.960000000 3.983545972723e-04
190.970000000 3.647207155032e-04
190.980000000 3.277504683596e-04
190.990000000 3.164553655472e-04
191.000000000 3.091163819641e-04
191.010000000 2.855148948656e-04
191.020000000 2.514706558149e-04
191.030000000 1.880932099969e-04
191.040000000 1.833991248890e-04
191.050000000 1.437023953327e-04
191.060000000 1.082785722633e-04
191.070000000 8.525419964225e-05
191.080000000 6.896606937247e-05
191.090000000 2.464649747849e-05
191.100000000 -7.423007463282e-06
191.110000000 -8.065797981940e-05
191.120000000 -8.790557027013e-05
191.130000000 -1.232303703568e-04
191.140000000 -1.194529834346e-04
191.150000000 -1.515212814293e-04
191.160000000 -1.772594586674e-04
191.170000000 -2.407568946812e-04
191.180000000 -2.607415786061e-04
191.190000000 -2.528844962439e-04
191.200000000 -2.676532863573e-04
191.210000000 -2.896300299647e-04
191.220000000 -3.728381357525e-04
191.230000000 -3.775121855692e-04
191.240000000 -4.406171771624e-04
191.250000000 -4.707383447396e-04
191.260000000 -5.115569757034e-04
191.270000000 -5.174417702581e-04
191.280000000 -5.484101232375e-04
191.290000000 -5.534835219742e-04
191.300000000 -5.886087716051e-04
191.310000000 -6.280252820226e-04
191.320000000 -6.617475741539e-04
191.330000000 -6.938132367027e-04
191.340000000 -7.313938863146e-04
191.350000000 -7.756243747291e-04
191.360000000 -8.021930606637e-04
191.370000000 -8.293685521066e-04
191.380000000 -8.305017876470e-04
191.390000000 -8.809347455063e-04
191.400000000 -9.147372548863e-04
191.410000000 -9.688772358238e-04
191.420000000 -1.014577362849e-03
191.430000000 -1.035599560690e-03
191.440000000 -1.040487106362e-03
191.450000000 -1.093600959532e-03
191.460000000 -1.146617776888e-03
191.470000000 -1.132294613979e-03
191.480000000 -1.166568608280e-03
191.490000000 -1.202923000340e-03
191.500000000 -1.247622549744e-03
191.510000000 -1.290991217255e-03
191.520000000 -1.325033942372e-03
191.530000000 -1.363884923681e-03
191.540000000 -1.407428207660e-03
191.550000000 -1.450426820893e-03
191.560000000 -1.490813543703e-03
191.570000000 -1.487128751243e-03
191.580000000 -1.497085144108e-03
191.590000000 -1.513249253872e-03
191.600000000 -1.543246458125e-03
191.610000000 -1.607296764183e-03
191.620000000 -1.635467418014e-03
191.630000000 -1.657425027359e-03
191.640000000 -1.696023185244e-03
191.650000000 -1.734373260550e-03
191.660000000 -1.769729529924e-03
191.670000000 -1.768595638615e-03
191.680000000 -1.800390755371e-03
191.690000000 -1.785379821225e-03
191.700000000 -1.855359590739e-03
191.710000000 -1.844772421578e-03
191.720000000 -1.877558507820e-03
191.730000000 -1.890629606235e-03
191.740000000 -1.948842039588e-03
191.750000000 -1.985376562386e-03
191.760000000 -1.997548617746e-03
191.770000000 -1.998037288535e-03
191.780000000 -1.964872735655e-03
191.790000000 -2.003561576382e-03
191.800000000 -1.988250404212e-03
191.810000000 -2.012656054797e-03
191.820000000 -2.012097884335e-03
191.830000000 -2.021553974484e-03
191.840000000 -2.034520682433e-03
191.850000000 -2.051844594075e-03
191.860000000 -2.049529491121e-03
191.870000000 -2.044221143350e-03
191.880000000 -2.046712310046e-03
191.890000000 -2.082283465754e-03
191.900000000 -2.126112719728e-03
191.910000000 -2.116245610515e-03
191.920000000 -2.086605138004e-03
191.930000000 -2.081590435066e-03
191.940000000 -2.076322343033e-03
191.950000000 -2.058187793408e-03
191.960000000 -2.053055980463e-03
191.970000000 -2.009031231190e-03
191.980000000 -2.026872591599e-03
191.990000000 -2.012593416997e-03
192.000000000 -2.032247807013e-03
192.010000000 -2.004111866692e-03
192.020000000 -1.983441103485e-03
192.030000000 -1.994010123748e-03
192.040000000 -2.002268416796e-03
192.050000000 -2.003273576469e-03
192.060000000 -1.980400662417e-03
192.070000000 -1.932861474213e-03
192.080000000 -1.930472243883e-03
192.090000000 -1.935130407274e-03
192.100000000 -1.915498527693e-03
192.110000000 -1.892340782203e-03
192.120000000 -1.877752915366e-03
192.130000000 -1.863275291639e-03
192.140000000 -1.870560887852e-03
192.150000000 -1.864838923983e-03
192.160000000 -1.843984894069e-03
192.170000000 -1.853317589381e-03
192.180000000 -1.848258525701e-03
192.190000000 -1.878039218857e-03
192.200000000 -1.845931072269e-03
192.210000000 -1.843010059424e-03
192.220000000 -1.812644616681e-03
192.230000000 -1.814010129949e-03
192.240000000 -1.799481132582e-03
192.250000000 -1.797560144119e-03
192.260000000 -1.783982213672e-03
192.270000000 -1.790252194594e-03
192.280000000 -1.768208523832e-03
192.290000000 -1.755989696219e-03
192.300000000 -1.721582129309e-03
192.310000000 -1.722007020612e-03
192.320000000 -1.713500138444e-03
192.330000000 -1.764294748689e-03
192.340000000 -1.768351392269e-03
192.350000000 -1.759470683477e-03
192.360000000 -1.748358824681e-03
192.370000000 -1.736968747702e-03
192.380000000 -1.741692794444e-03
192.390000000 -1.758214934596e-03
192.400000000 -1.749042134294e-03
192.410000000 -1.738877644748e-03
192.420000000 -1.743773147908e-03
192.430000000 -1.745818411085e-03
192.440000000 -1.741407559331e-03
192.450000000 -1.706708190850e-03
192.460000000 -1.702599855969e-03
192.470000000 -1.694033595077e-03
192.480000000 -1.714018133875e-03
192.490000000 -1.709561497876e-03
192.500000000 -1.720503183628e-03
192.510000000 -1.681085823036e-03
192.520000000 -1.710647170045e-03
192.530000000 -1.687656734538e-03
192.540000000 -1.669757644294e-03
192.550000000 -1.629143017356e-03
192.560000000 -1.649055456126e-03
192.570000000 -1.680983439988e-03
192.580000000 -1.712077978583e-03
192.590000000 -1.692342427890e-03
192.600000000 -1.664499353219e-03
192.610000000 -1.661283974556e-03
192.620000000 -1.667496440861e-03
192.630000000 -1.667714240395e-03
192.640000000 -1.678922016154e-03
192.650000000 -1.664378724859e-03
192.660000000 -1.653677909583e-03
192.670000000 -1.680341506454e-03
192.680000000 -1.660308379364e-03
192.690000000 -1.635324506133e-03
192.700000000 -1.617592111274e-03
192.710000000 -1.620154312558e-03
192.720000000 -1.642745293832e-03
192.730000000 -1.617478571410e-03
192.740000000 -1.641064410994e-03
192.750000000 -1.604841769912e-03
192.760000000 -1.600428733951e-03
192.770000000 -1.639906767145e-03
192.780000000 -1.622646897522e-03
192.790000000 -1.629366160599e-03
192.800000000 -1.623098337276e-03
192.810000000 -1.632792063872e-03
192.820000000 -1.655534201639e-03
192.830000000 -1.619536690399e-03
192.840000000 -1.615842423309e-03
192.850000000 -1.589434757733e-03
192.860000000 -1.622439916920e-03
192.870000000 -1.596831603098e-03
192.880000000 -1.603752943964e-03
192.890000000 -1.577948062430e-03
192.900000000 -1.581236522911e-03
192.910000000 -1.580552737254e-03
192.920000000 -1.607927414147e-03
192.930000000 -1.620990516663e-03
192.940000000 -1.588371472484e-03
192.950000000 -1.579262781955e-03
192.960000000 -1.577917379700e-03
192.970000000 -1.601060063875e-03
192.980000000 -1.596851202650e-03
192.990000000 -1.578294065846e-03
193.000000000 -1.588522245141e-03
193.010000000 -1.595605080542e-03
193.020000000 -1.609959529496e-03
193.030000000 -1.602283690242e-03
193.040000000 -1.586947383391e-03
193.050000000 -1.596652690014e-03
193.060000000 -1.568304003462e-03
193.070000000 -1.574403820380e-03
193.080000000 -1.569261431767e-03
193.090000000 -1.567887085769e-03
193.100000000 -1.591204767915e-03
193.110000000 -1.599117361396e-03
193.120000000 -1.622341271023e-03
193.130000000 -1.635487885323e-03
193.140000000 -1.611363223040e-03
193.150000000 -1.615149414087e-03
193.160000000 -1.624889930589e-03
193.170000000 -1.623983956556e-03
193.180000000 -1.589286011559e-03
193.190000000 -1.632910654720e-03
193.200000000 -1.606527651079e-03
193.210000000 -1.657032173593e-03
193.220000000 -1.648150796750e-03
193.230000000 -1.637008370430e-03
193.240000000 -1.611392002770e-03
193.250000000 -1.623699677459e-03
193.260000000 -1.661530868675e-03
193.270000000 -1.676717328914e-03
193.280000000 -1.628144305147e-03
193.290000000 -1.661544386047e-03
193.300000000 -1.647494374244e-03
193.310000000 -1.680584504308e-03
193.320000000 -1.671785193737e-03
193.330000000 -1.687536869623e-03
193.340000000 -1.668262527479e-03
193.350000000 -1.676266222306e-03
193.360000000 -1.669084660608e-03
193.370000000 -1.639937261807e-03
193.380000000 -1.626223962936e-03
193.390000000 -1.614084295230e-03
193.400000000 -1.677081053943e-03
193.410000000 -1.667183678976e-03
193.420000000 -1.697954629568e-03
193.430000000 -1.680711223928e-03
193.440000000 -1.675673983709e-03
193.450000000 -1.652185228666e-03
193.460000000 -1.626886464078e-03
193.470000000 -1.558249422969e-03
193.480000000 -1.561031185625e-03
193.490000000 -1.555963951023e-03
193.500000000 -1.568459843041e-03
193.510000000 -1.559359385949e-03
193.520000000 -1.550536776187e-03
193.530000000 -1.518735744907e-03
193.540000000 -1.514851738756e-03
193.550000000 -1.527883276877e-03
193.560000000 -1.507701826887e-03
193.570000000 -1.465026008392e-03
193.580000000 -1.452213075666e-03
193.590000000 -1.418596007790e-03
193.600000000 -1.412588018466e-03
193.610000000 -1.348149381852e-03
193.620000000 -1.340465095754e-03
193.630000000 -1.345482374692e-03
193.640000000 -1.346179919927e-03
193.650000000 -1.351699066964e-03
193.660000000 -1.293800073356e-03
193.670000000 -1.285454138676e-03
193.680000000 -1.222929120169e-03
193.690000000 -1.210228042417e-03
193.700000000 -1.185843099393e-03
193.710000000 -1.143027574486e-03
193.720000000 -1.107026342176e-03
193.730000000 -1.086310912912e-03
193.740000000 -1.087227529623e-03
193.750000000 -1.067386249894e-03
193.760000000 -1.048629989448e-03
193.770000000 -9.759599333325e-04
193.780000000 -9.532884964669e-04
193.790000000 -9.178885562395e-04
193.800000000 -9.192299563874e-04
193.810000000 -9.196709770536e-04
193.820000000 -9.053129888921e-04
193.830000000 -9.185103303924e-04
193.840000000 -8.773004373597e-04
193.850000000 -8.444997077575e-04
193.860000000 -7.873050533924e-04
193.870000000 -7.654386084068e-04
193.880000000 -7.559779110656e-04
193.890000000 -7.608904258132e-04
193.900000000 -7.272664184104e-04
193.910000000 -7.025392701156e-04
193.920000000 -6.765961910354e-04
193.930000000 -6.402014243470e-04
193.940000000 -6.380141102706e-04
193.950000000 -6.012718568304e-04
193.960000000 -5.642061927888e-04
193.970000000 -5.377856114144e-04
193.980000000 -5.122578615858e-04
193.990000000 -5.126836024473e-04
194.000000000 -4.635429267696e-04
194.010000000 -4.296602196331e-04
194.020000000 -4.143543274221e-04
194.030000000 -3.493591330597e-04
194.040000000 -3.269746657649e-04
194.050000000 -2.990279057739e-04
194.060000000 -2.602407732327e-04
194.070000000 -2.233457093000e-04
194.080000000 -1.954721652186e-04
194.090000000 -1.557125648200e-04
194.100000000 -1.126780540436e-04
194.110000000 -4.825806081932e-05
194.120000000 -1.842855687556e-05
194.130000000 -9.976537645058e-06
194.140000000 1.353047195333e-05
194.150000000 5.218260979834e-05
194.160000000 1.058913753214e-04
194.170000000 1.386823129742e-04
194.180000000 1.748850130447e-04
194.190000000 2.223419742216e-04
194.200000000 3.137041194930e-04
194.210000000 3.631667893927e-04
194.220000000 4.232796848254e-04
194.230000000 3.897626076330e-04
194.240000000 4.352856969907e-04
194.250000000 5.041837626560e-04
194.260000000 5.690419483847e-04
194.270000000 6.300591496149e-04
194.280000000 6.720576223142e-04
194.290000000 7.420185020407e-04
194.300000000 7.948260856114e-04
194.310000000 8.197258454391e-04
194.320000000 8.657995846911e-04
194.330000000 8.981083771911e-04
194.340000000 9.867115019458e-04
194.350000000 1.046738322815e-03
194.360000000 1.083087915810e-03
194.370000000 1.141474150237e-03
194.380000000 1.157747649497e-03
194.390000000 1.210906020920e-03
194.400000000 1.264458529554e-03
194.410000000 1.337650195042e-03
194.420000000 1.374185947551e-03
194.430000000 1.419704133506e-03
194.440000000 1.460039344319e-03
194.450000000 1.527603357805e-03
194.460000000 1.577444692264e-03
194.470000000 1.637152482680e-03
194.480000000 1.670430714657e-03
194.490000000 1.728815239160e-03
194.500000000 1.775793479591e-03
194.510000000 1.785862940489e-03
194.520000000 1.789761611425e-03
194.530000000 1.876572409534e-03
194.540000000 1.978862329973e-03
194.550000000 2.044713416603e-03
194.560000000 2.091491563111e-03
194.570000000 2.084397120644e-03
194.580000000 2.096999698456e-03
194.590000000 2.143332267908e-03
194.600000000 2.201079875322e-03
194.610000000 2.282280017636e-03
194.620000000 2.307307087906e-03
194.630000000 2.367731464092e-03
194.640000000 2.409883743684e-03
194.650000000 2.450967325961e-03
194.660000000 2.461981356539e-03
194.670000000 2.480270181839e-03
194.680000000 2.528727609373e-03
194.690000000 2.546637451557e-03
194.700000000 2.580304095003e-03
194.710000000 2.615970849499e-03
194.720000000 2.675820628365e-03
194.730000000 2.725363542409e-03
194.740000000 2.780201534563e-03
194.750000000 2.824864280360e-03
194.760000000 2.836981414287e-03
194.770000000 2.880967331589e-03
194.780000000 2.884847744662e-03
194.790000000 2.925961917495e-03
194.800000000 2.926068178646e-03
194.810000000 2.968737577465e-03
194.820000000 2.963915212612e-03
194.830000000 3.005879876804e-03
194.840000000 3.004783854517e-03
194.850000000 3.032619362326e-03
194.860000000 3.038494970040e-03
194.870000000 3.061717656600e-03
194.880000000 3.112380834727e-03
194.890000000 3.138877263521e-03
194.900000000 3.158362849380e-03
194.910000000 3.149692445004e-03
194.920000000 3.146893204468e-03
194.930000000 3.185623913157e-03
194.940000000 3.190867800746e-03
194.950000000 3.197562598698e-03
194.960000000 3.171537108644e-03
194.970000000 3.197621133622e-03
194.980000000 3.202660164545e-03
194.990000000 3.206706743687e-03
195.000000000 3.191400616382e-03
195.010000000 3.179674026584e-03
195.020000000 3.164518746749e-03
195.030000000 3.198756824799e-03
195.040000000 3.218834569301e-03
195.050000000 3.201805332450e-03
195.060000000 3.181244077228e-03
195.070000000 3.164498936788e-03
195.080000000 3.161549084941e-03
195.090000000 3.131953844311e-03
195.100000000 3.086207732625e-03
195.110000000 3.083245601331e-03
195.120000000 3.077045057300e-03
195.130000000 3.077250732143e-03
195.140000000 3.111935059306e-03
195.150000000 3.025215161473e-03
195.160000000 3.017168200569e-03
195.170000000 2.944524948154e-03
195.180000000 2.970898806872e-03
195.190000000 2.928580420150e-03
195.200000000 2.926869665898e-03
195.210000000 2.918925127279e-03
195.220000000 2.935426620231e-03
195.230000000 2.912505974131e-03
195.240000000 2.891819806952e-03
195.250000000 2.822179786680e-03
195.260000000 2.780365014460e-03
195.270000000 2.772529944377e-03
195.280000000 2.766395328128e-03
195.290000000 2.751253126853e-03
195.300000000 2.699664044228e-03
195.310000000 2.704022197661e-03
195.320000000 2.702825048271e-03
195.330000000 2.701590879849e-03
195.340000000 2.658881395540e-03
195.350000000 2.617232723088e-03
195.360000000 2.589212377537e-03
195.370000000 2.570373333001e-03
195.380000000 2.577565971708e-03
195.390000000 2.515331927055e-03
195.400000000 2.494273699735e-03
195.410000000 2.484440471592e-03
195.420000000 2.485783637807e-03
195.430000000 2.476840320893e-03
195.440000000 2.439250442224e-03
195.450000000 2.430243225058e-03
195.460000000 2.427394866143e-03
195.470000000 2.440322258619e-03
195.480000000 2.418889329989e-03
195.490000000 2.395201200442e-03
195.500000000 2.348358658231e-03
195.510000000 2.348281320484e-03
195.520000000 2.328207546187e-03
195.530000000 2.334767575559e-03
195.540000000 2.297554470450e-03
195.550000000 2.304848400524e-03
195.560000000 2.288374303901e-03
195.570000000 2.297227163578e-03
195.580000000 2.267068669845e-03
195.590000000 2.248924820716e-03
195.600000000 2.231376342313e-03
195.610000000 2.222846310688e-03
195.620000000 2.223231152284e-03
195.630000000 2.191299639937e-03
195.640000000 2.149986180340e-03
195.650000000 2.152974534573e-03
195.660000000 2.149767414075e-03
195.670000000 2.121160766466e-03
195.680000000 2.092889595934e-03
195.690000000 2.074852057200e-03
195.700000000 2.071932486390e-03
195.710000000 2.066372845742e-03
195.720000000 2.036321207724e-03
195.730000000 2.009616455155e-03
195.740000000 1.974113098832e-03
195.750000000 1.950220854506e-03
195.760000000 1.933132379788e-03
195.770000000 1.904743099384e-03
195.780000000 1.865191119359e-03
195.790000000 1.810274826932e-03
195.800000000 1.797097221784e-03
195.810000000 1.788996218116e-03
195.820000000 1.739664928722e-03
195.830000000 1.688340482348e-03
195.840000000 1.653304413730e-03
195.850000000 1.650254073216e-03
195.860000000 1.632544952859e-03
195.870000000 1.601771979566e-03
195.880000000 1.550096818685e-03
195.890000000 1.497114770174e-03
195.900000000 1.453515263851e-03
195.910000000 1.434070414174e-03
195.920000000 1.382443410101e-03
195.930000000 1.334334390115e-03
195.940000000 1.300798520216e-03
195.950000000 1.261391328538e-03
195.960000000 1.214938117504e-03
195.970000000 1.168645209449e-03
195.980000000 1.123549487638e-03
195.990000000 1.063863271474e-03
196.000000000 1.038519931729e-03
196.010000000 1.020875148404e-03
196.020000000 9.464582959040e-04
196.030000000 8.932177567315e-04
196.040000000 8.641980127215e-04
196.050000000 8.121922671711e-04
196.060000000 7.932392536420e-04
196.070000000 7.512905051251e-04
196.080000000 6.863676454389e-04
196.090000000 6.633552148638e-04
196.100000000 6.223821097904e-04
196.110000000 6.051747071260e-04
196.120000000 5.258942092066e-04
196.130000000 4.692012700987e-04
196.140000000 4.378345690353e-04
196.150000000 4.440502139655e-04
196.160000000 3.903945342653e-04
196.170000000 3.596397880089e-04
196.180000000 2.955067333513e-04
196.190000000 2.511931547563e-04
196.200000000 2.208065530758e-04
196.210000000 1.798221639571e-04
196.220000000 1.257420030328e-04
196.230000000 9.911446543456e-05
196.240000000 7.956437738632e-05
196.250000000 7.111564816632e-05
196.260000000 2.863637607975e-05
196.270000000 -8.925563665642e-06
196.280000000 -5.175300273895e-05
196.290000000 -7.837059840488e-05
196.300000000 -9.013710157788e-05
196.310000000 -1.467978781011e-04
196.320000000 -1.936553675586e-04
196.330000000 -2.209287326763e-04
196.340000000 -2.190367300595e-04
196.350000000 -2.465821568470e-04
196.360000000 -2.618819737961e-04
196.370000000 -2.889009887511e-04
196.380000000 -3.101475425637e-04
196.390000000 -3.195047695884e-04
196.400000000 -3.662566355906e-04
196.410000000 -3.687627003682e-04
196.420000000 -4.298308244111e-04
196.430000000 -4.150883194421e-04
196.440000000 -4.030973228095e-04
196.450000000 -3.849356666110e-04
196.460000000 -4.268786291858e-04
196.470000000 -4.595556271775e-04
196.480000000 -4.991016909256e-04
196.490000000 -5.074336775778e-04
196.500000000 -5.140550115325e-04
196.510000000 -5.196212112495e-04
196.520000000 -5.271406305581e-04
196.530000000 -5.192086470562e-04
196.540000000 -5.481597860154e-04
196.550000000 -5.630681045302e-04
196.560000000 -6.111457329030e-04
196.570000000 -5.741765084026e-04
196.580000000 -5.824474313410e-04
196.590000000 -5.870991001579e-04
196.600000000 -5.746580158336e-04
196.610000000 -6.184753779687e-04
196.620000000 -6.054260225139e-04
196.630000000 -6.159837332644e-04
196.640000000 -5.939544234329e-04
196.650000000 -6.004037320403e-04
196.660000000 -6.281457932895e-04
196.670000000 -6.322581214856e-04
196.680000000 -6.358139823126e-04
196.690000000 -6.518920945103e-04
196.700000000 -6.352612938766e-04
196.710000000 -6.520507898958e-04
196.720000000 -6.263723587482e-04
196.730000000 -6.192686963225e-04
196.740000000 -6.270369833623e-04
196.750000000 -6.363307012887e-04
196.760000000 -6.902742729454e-04
196.770000000 -6.726999542115e-04
196.780000000 -6.692671194405e-04
196.790000000 -6.373375630865e-04
196.800000000 -6.413748308600e-04
196.810000000 -6.319837691088e-04
196.820000000 -6.330006489793e-04
196.830000000 -6.393919944602e-04
196.840000000 -6.442552207584e-04
196.850000000 -6.700239106100e-04
196.860000000 -6.634372618772e-04
196.870000000 -6.470381406464e-04
196.880000000 -6.490931733287e-04
196.890000000 -6.427235490188e-04
196.900000000 -6.844772288569e-04
196.910000000 -6.776784290961e-04
196.920000000 -6.982645256938e-04
196.930000000 -6.827585555595e-04
196.940000000 -6.829723443588e-04
196.950000000 -7.137222073318e-04
196.960000000 -7.130070611221e-04
196.970000000 -6.963024035643e-04
196.980000000 -7.014589073121e-04
196.990000000 -7.071116047903e-04
197.000000000 -7.364780265068e-04
197.010000000 -7.382535897410e-04
197.020000000 -7.521774253845e-04
197.030000000 -7.294187690324e-04
197.040000000 -7.477916640397e-04
197.050000000 -7.796851191717e-04
197.060000000 -7.742546495487e-04
197.070000000 -7.838053193066e-04
197.080000000 -7.937012026133e-04
197.090000000 -7.993147505682e-04
197.100000000 -8.050390295714e-04
197.110000000 -7.918213860603e-04
197.120000000 -7.921936171093e-04
197.130000000 -7.984445146199e-04
197.140000000 -8.325122558609e-04
197.150000000 -8.313781621712e-04
197.160000000 -8.380563629380e-04
197.170000000 -8.186986244554e-04
197.180000000 -8.302048586980e-04
197.190000000 -8.485947500968e-04
197.200000000 -8.688780705841e-04
197.210000000 -8.661668077896e-04
197.220000000 -8.656093447907e-04
197.230000000 -8.602421929214e-04
197.240000000 -8.533359745492e-04
197.250000000 -8.466909297422e-04
197.260000000 -8.547869693399e-04
197.270000000 -8.547316680105e-04
197.280000000 -8.554657790419e-04
197.290000000 -8.751925403043e-04
197.300000000 -8.644826576580e-04
197.310000000 -8.436274404709e-04
197.320000000 -8.529166276095e-04
197.330000000 -8.577275719159e-04
197.340000000 -8.813063019782e-04
197.350000000 -8.708726980971e-04
197.360000000 -8.645049452527e-04
197.370000000 -8.586971959581e-04
197.380000000 -8.495599940771e-04
197.390000000 -8.599463905607e-04
197.400000000 -8.289039769304e-04
197.410000000 -8.109232423798e-04
197.420000000 -7.941239058450e-04
197.430000000 -8.093556774347e-04
197.440000000 -8.005356970539e-04
197.450000000 -7.977077936716e-04
197.460000000 -7.897617149385e-04
197.470000000 -7.798708369841e-04
197.480000000 -7.955463069501e-04
197.490000000 -7.782708083310e-04
197.500000000 -7.711502812956e-04
197.510000000 -7.555961501654e-04
197.520000000 -7.655752296246e-04
197.530000000 -7.673171113047e-04
197.540000000 -7.606128813328e-04
197.550000000 -7.320054926990e-04
197.560000000 -7.108833552944e-04
197.570000000 -7.116522672890e-04
197.580000000 -7.114393453663e-04
197.590000000 -6.998811383554e-04
197.600000000 -6.979176228867e-04
197.610000000 -6.774549926885e-04
197.620000000 -6.800429120707e-04
197.630000000 -6.865309894559e-04
197.640000000 -6.837771238839e-04
197.650000000 -6.710961358298e-04
197.660000000 -6.502028467889e-04
197.670000000 -6.574252710267e-04
197.680000000 -6.457028900936e-04
197.690000000 -6.309105771774e-04
197.700000000 -6.151089810744e-04
197.710000000 -6.038167836432e-04
197.720000000 -5.956648775106e-04
197.730000000 -5.983385371301e-04
197.740000000 -5.861866821940e-04
197.750000000 -5.666176748302e-04
197.760000000 -5.699258951555e-04
197.770000000 -5.595174582311e-04
197.780000000 -5.580337436493e-04
197.790000000 -5.459064054764e-04
197.800000000 -5.383036720608e-04
197.810000000 -5.331032333589e-04
197.820000000 -5.242643344915e-04
197.830000000 -5.279384691104e-04
197.840000000 -4.896532006587e-04
197.850000000 -4.776708870813e-04
197.860000000 -4.595283890758e-04
197.870000000 -4.766826144184e-04
197.880000000 -4.728153328379e-04
197.890000000 -4.597623936245e-04
197.900000000 -4.460831962014e-04
197.910000000 -4.499172762119e-04
197.920000000 -4.467271504574e-04
197.930000000 -4.400314723116e-04
197.940000000 -4.244270662780e-04
197.950000000 -4.077653724530e-04
197.960000000 -4.124832836395e-04
197.970000000 -4.079453637508e-04
197.980000000 -4.019373169635e-04
197.990000000 -3.811868887269e-04
198.000000000 -3.718046877241e-04
198.010000000 -3.771466941032e-04
198.020000000 -3.741805414359e-04
198.030000000 -3.688457106521e-04
198.040000000 -3.587534021966e-04
198.050000000 -3.549159248312e-04
198.060000000 -3.541095766642e-04
198.070000000 -3.473402846927e-04
198.080000000 -3.536018054056e-04
198.090000000 -3.470758451574e-04
198.100000000 -3.359876246946e-04
198.110000000 -3.396303655705e-04
198.120000000 -3.338836864626e-04
198.130000000 -3.144935862768e-04
198.140000000 -3.134697709614e-04
198.150000000 -3.179916422691e-04
198.160000000 -3.265323011117e-04
198.170000000 -3.122983031556e-04
198.180000000 -3.075257849599e-04
198.190000000 -2.885296991169e-04
198.200000000 -2.897276285440e-04
198.210000000 -2.856957279251e-04
198.220000000 -2.872178065174e-04
198.230000000 -2.824090507181e-04
198.240000000 -2.831008373919e-04
198.250000000 -2.845747135721e-04
198.260000000 -2.879247871362e-04
198.270000000 -2.822893024710e-04
198.280000000 -2.681861746657e-04
198.290000000 -2.656528554802e-04
198.300000000 -2.599825983845e-04
198.310000000 -2.529949665038e-04
198.320000000 -2.498392353491e-04
198.330000000 -2.449871868862e-04
198.340000000 -2.407045372191e-04
198.350000000 -2.412766432150e-04
198.360000000 -2.315075921738e-04
198.370000000 -2.279648059767e-04
198.380000000 -2.163424285513e-04
198.390000000 -2.162104014151e-04
198.400000000 -2.179434076243e-04
198.410000000 -2.126116588980e-04
198.420000000 -2.131698446805e-04
198.430000000 -1.998418774971e-04
198.440000000 -2.047770307930e-04
198.450000000 -2.004145172594e-04
198.460000000 -1.966832186760e-04
198.470000000 -1.850973437652e-04
198.480000000 -1.857291461366e-04
198.490000000 -1.798560681052e-04
198.500000000 -1.785559760680e-04
198.510000000 -1.749832132444e-04
198.520000000 -1.662719223099e-04
198.530000000 -1.640505057528e-04
198.540000000 -1.607909799126e-04
198.550000000 -1.614045345023e-04
198.560000000 -1.586961117620e-04
198.570000000 -1.583864360126e-04
198.580000000 -1.545133609214e-04
198.590000000 -1.580934340485e-04
198.600000000 -1.536749193709e-04
198.610000000 -1.526960587042e-04
198.620000000 -1.413070419805e-04
198.630000000 -1.422334338230e-04
198.640000000 -1.409523279141e-04
198.650000000 -1.448472951193e-04
198.660000000 -1.435226548042e-04
198.670000000 -1.408170337573e-04
198.680000000 -1.398710094353e-04
198.690000000 -1.415754168235e-04
198.700000000 -1.434586060981e-04
198.710000000 -1.388445932081e-04
198.720000000 -1.374907002172e-04
198.730000000 -1.371277400625e-04
198.740000000 -1.392590958928e-04
198.750000000 -1.390685161855e-04
198.760000000 -1.387682949228e-04
198.770000000 -1.373090380315e-04
198.780000000 -1.416668558239e-04
198.790000000 -1.460205661768e-04
198.800000000 -1.493787830741e-04
198.810000000 -1.462717869659e-04
198.820000000 -1.382967346554e-04
198.830000000 -1.403881218937e-04
198.840000000 -1.403335537069e-04
198.850000000 -1.467697876621e-04
198.860000000 -1.453679785901e-04
198.870000000 -1.443297822755e-04
198.880000000 -1.467456617838e-04
198.890000000 -1.464814050662e-04
198.900000000 -1.435687588299e-04
198.910000000 -1.387603527977e-04
198.920000000 -1.387929155504e-04
198.930000000 -1.398833060249e-04
198.940000000 -1.449873262137e-04
198.950000000 -1.434932855173e-04
198.960000000 -1.426200184597e-04
198.970000000 -1.383545807863e-04
198.980000000 -1.372444362029e-04
198.990000000 -1.346161603627e-04
199.000000000 -1.337910969414e-04
199.010000000 -1.316511820537e-04
199.020000000 -1.300972731332e-04
199.030000000 -1.326828236695e-04
199.040000000 -1.328889356672e-04
199.050000000 -1.284096008896e-04
199.060000000 -1.273570900588e-04
199.070000000 -1.236363980544e-04
199.080000000 -1.255700607280e-04
199.090000000 -1.230618341428e-04
199.100000000 -1.196751385342e-04
199.110000000 -1.146610797340e-04
199.120000000 -1.153297280644e-04
199.130000000 -1.149748273756e-04
199.140000000 -1.133968591817e-04
199.150000000 -1.110696634986e-04
199.160000000 -1.082812271814e-04
199.170000000 -1.055192439007e-04
199.180000000 -1.043306138534e-04
199.190000000 -1.045553912592e-04
199.200000000 -1.016543434608e-04
199.210000000 -9.953407811387e-05
199.220000000 -9.700906061816e-05
199.230000000 -9.665324323223e-05
199.240000000 -9.395601107502e-05
199.250000000 -9.193952643970e-05
199.260000000 -9.071942495836e-05
199.270000000 -8.945033097689e-05
199.280000000 -8.751756353378e-05
199.290000000 -8.503999526441e-05
199.300000000 -8.219963217815e-05
199.310000000 -8.117126317171e-05
199.320000000 -8.000700196522e-05
199.330000000 -8.047614458293e-05
199.340000000 -7.828155918332e-05
199.350000000 -7.499137183921e-05
199.360000000 -7.321253386105e-05
199.370000000 -7.334300688397e-05
199.380000000 -7.232185271073e-05
199.390000000 -7.236228608629e-05
199.400000000 -7.070675148668e-05
199.410000000 -7.052296618770e-05
199.420000000 -6.899422121056e-05
199.430000000 -6.839946940947e-05
199.440000000 -6.707318603002e-05
199.450000000 -6.620323253600e-05
199.460000000 -6.560312964832e-05
199.470000000 -6.536608386838e-05
199.480000000 -6.387862144376e-05
199.490000000 -6.290560481714e-05
199.500000000 -6.190094406903e-05
199.510000000 -6.116506961318e-05
199.520000000 -6.148088910543e-05
199.530000000 -6.091351348632e-05
199.540000000 -6.026052189811e-05
199.550000000 -5.949383150679e-05
199.560000000 -5.850345966015e-05
199.570000000 -5.839243682139e-05
199.580000000 -5.771353673037e-05
199.590000000 -5.682784990923e-05
199.600000000 -5.696938685572e-05
199.610000000 -5.695351509697e-05
199.620000000 -5.679164702825e-05
199.630000000 -5.630568251108e-05
199.640000000 -5.533220959731e-05
199.650000000 -5.511199046862e-05
199.660000000 -5.478825004559e-05
199.670000000 -5.460050991807e-05
199.680000000 -5.412787920267e-05
199.690000000 -5.375738892471e-05
199.700000000 -5.327989752046e-05
199.710000000 -5.286376136247e-05
199.720000000 -5.280104985816e-05
199.730000000 -5.218618194790e-05
199.740000000 -5.177105105508e-05
199.750000000 -5.165738643243e-05
199.760000000 -5.145852718109e-05
199.770000000 -5.115314086537e-05
199.780000000 -5.089204569437e-05
199.790000000 -5.051252243447e-05
199.800000000 -5.028491642130e-05
199.810000000 -4.995053346005e-05
199.820000000 -4.983322883973e-05
199.830000000 -4.943776129659e-05
199.840000000 -4.916005350532e-05
199.850000000 -4.900725097093e-05
199.860000000 -4.883251076753e-05
199.870000000 -4.862233085319e-05
199.880000000 -4.841008409563e-05
199.890000000 -4.821652183237e-05
199.900000000 -4.811449620966e-05
199.910000000 -4.797611768095e-05
199.920000000 -4.787002114468e-05
199.930000000 -4.775579355890e-05
199.940000000 -4.767962328646e-05
199.950000000 -4.761183446105e-05
199.960000000 -4.756570614839e-05
199.970000000 -4.752302338654e-05
199.980000000 -4.749653674310e-05
199.990000000 -4.748220803279e-05
200.000000000 -4.747981047802e-05
